ISO-10303-21;
HEADER;
FILE_DESCRIPTION((''),'2;1');
FILE_NAME('HDR-TH_12P-P','2022-06-24T13:37:34',('win10'),(''),
'CREO PARAMETRIC BY PTC INC, 2020033','CREO PARAMETRIC BY PTC INC, 2020033','');
FILE_SCHEMA(('CONFIG_CONTROL_DESIGN','GEOMETRIC_VALIDATION_PROPERTIES_MIM'));
ENDSEC;
DATA;
#16=DIRECTION('',(5.144957554275E-1,8.574929257125E-1,0.E0));
#17=VECTOR('',#16,2.915475947423E-1);
#18=CARTESIAN_POINT('',(-7.62E0,8.E-1,0.E0));
#19=LINE('',#18,#17);
#20=DIRECTION('',(0.E0,-1.E0,0.E0));
#21=VECTOR('',#20,1.6E0);
#22=CARTESIAN_POINT('',(-7.62E0,8.E-1,0.E0));
#23=LINE('',#22,#21);
#24=DIRECTION('',(-5.144957554275E-1,8.574929257125E-1,0.E0));
#25=VECTOR('',#24,2.915475947423E-1);
#26=CARTESIAN_POINT('',(-7.47E0,-1.05E0,0.E0));
#27=LINE('',#26,#25);
#28=DIRECTION('',(1.E0,0.E0,0.E0));
#29=VECTOR('',#28,9.7E-1);
#30=CARTESIAN_POINT('',(-7.47E0,-1.05E0,0.E0));
#31=LINE('',#30,#29);
#32=DIRECTION('',(-5.144957554275E-1,-8.574929257125E-1,0.E0));
#33=VECTOR('',#32,2.915475947423E-1);
#34=CARTESIAN_POINT('',(-6.35E0,-8.E-1,0.E0));
#35=LINE('',#34,#33);
#36=DIRECTION('',(-5.144957554275E-1,8.574929257125E-1,0.E0));
#37=VECTOR('',#36,2.915475947423E-1);
#38=CARTESIAN_POINT('',(-6.2E0,-1.05E0,0.E0));
#39=LINE('',#38,#37);
#40=DIRECTION('',(1.E0,0.E0,0.E0));
#41=VECTOR('',#40,9.7E-1);
#42=CARTESIAN_POINT('',(-6.2E0,-1.05E0,0.E0));
#43=LINE('',#42,#41);
#44=DIRECTION('',(-5.144957554275E-1,-8.574929257125E-1,0.E0));
#45=VECTOR('',#44,2.915475947423E-1);
#46=CARTESIAN_POINT('',(-5.08E0,-8.E-1,0.E0));
#47=LINE('',#46,#45);
#48=DIRECTION('',(-5.144957554275E-1,8.574929257125E-1,0.E0));
#49=VECTOR('',#48,2.915475947423E-1);
#50=CARTESIAN_POINT('',(-4.93E0,-1.05E0,0.E0));
#51=LINE('',#50,#49);
#52=DIRECTION('',(1.E0,0.E0,0.E0));
#53=VECTOR('',#52,9.7E-1);
#54=CARTESIAN_POINT('',(-4.93E0,-1.05E0,0.E0));
#55=LINE('',#54,#53);
#56=DIRECTION('',(-5.144957554275E-1,-8.574929257125E-1,0.E0));
#57=VECTOR('',#56,2.915475947423E-1);
#58=CARTESIAN_POINT('',(-3.81E0,-8.E-1,0.E0));
#59=LINE('',#58,#57);
#60=DIRECTION('',(-5.144957554275E-1,8.574929257125E-1,0.E0));
#61=VECTOR('',#60,2.915475947423E-1);
#62=CARTESIAN_POINT('',(-3.66E0,-1.05E0,0.E0));
#63=LINE('',#62,#61);
#64=DIRECTION('',(1.E0,0.E0,0.E0));
#65=VECTOR('',#64,9.7E-1);
#66=CARTESIAN_POINT('',(-3.66E0,-1.05E0,0.E0));
#67=LINE('',#66,#65);
#68=DIRECTION('',(-5.144957554275E-1,-8.574929257125E-1,0.E0));
#69=VECTOR('',#68,2.915475947423E-1);
#70=CARTESIAN_POINT('',(-2.54E0,-8.E-1,0.E0));
#71=LINE('',#70,#69);
#72=DIRECTION('',(-5.144957554275E-1,8.574929257125E-1,0.E0));
#73=VECTOR('',#72,2.915475947423E-1);
#74=CARTESIAN_POINT('',(-2.39E0,-1.05E0,0.E0));
#75=LINE('',#74,#73);
#76=DIRECTION('',(1.E0,0.E0,0.E0));
#77=VECTOR('',#76,9.7E-1);
#78=CARTESIAN_POINT('',(-2.39E0,-1.05E0,0.E0));
#79=LINE('',#78,#77);
#80=DIRECTION('',(-5.144957554275E-1,-8.574929257125E-1,0.E0));
#81=VECTOR('',#80,2.915475947423E-1);
#82=CARTESIAN_POINT('',(-1.27E0,-8.E-1,0.E0));
#83=LINE('',#82,#81);
#84=DIRECTION('',(-5.144957554275E-1,8.574929257125E-1,0.E0));
#85=VECTOR('',#84,2.915475947423E-1);
#86=CARTESIAN_POINT('',(-1.12E0,-1.05E0,0.E0));
#87=LINE('',#86,#85);
#88=DIRECTION('',(1.E0,0.E0,0.E0));
#89=VECTOR('',#88,9.7E-1);
#90=CARTESIAN_POINT('',(-1.12E0,-1.05E0,0.E0));
#91=LINE('',#90,#89);
#92=DIRECTION('',(-5.144957554275E-1,-8.574929257125E-1,0.E0));
#93=VECTOR('',#92,2.915475947423E-1);
#94=CARTESIAN_POINT('',(0.E0,-8.E-1,0.E0));
#95=LINE('',#94,#93);
#96=DIRECTION('',(-5.144957554275E-1,8.574929257125E-1,0.E0));
#97=VECTOR('',#96,2.915475947423E-1);
#98=CARTESIAN_POINT('',(1.5E-1,-1.05E0,0.E0));
#99=LINE('',#98,#97);
#100=DIRECTION('',(1.E0,0.E0,0.E0));
#101=VECTOR('',#100,9.7E-1);
#102=CARTESIAN_POINT('',(1.5E-1,-1.05E0,0.E0));
#103=LINE('',#102,#101);
#104=DIRECTION('',(-5.144957554275E-1,-8.574929257125E-1,0.E0));
#105=VECTOR('',#104,2.915475947423E-1);
#106=CARTESIAN_POINT('',(1.27E0,-8.E-1,0.E0));
#107=LINE('',#106,#105);
#108=DIRECTION('',(-5.144957554275E-1,8.574929257125E-1,0.E0));
#109=VECTOR('',#108,2.915475947423E-1);
#110=CARTESIAN_POINT('',(1.42E0,-1.05E0,0.E0));
#111=LINE('',#110,#109);
#112=DIRECTION('',(1.E0,0.E0,0.E0));
#113=VECTOR('',#112,9.7E-1);
#114=CARTESIAN_POINT('',(1.42E0,-1.05E0,0.E0));
#115=LINE('',#114,#113);
#116=DIRECTION('',(-5.144957554275E-1,-8.574929257125E-1,0.E0));
#117=VECTOR('',#116,2.915475947423E-1);
#118=CARTESIAN_POINT('',(2.54E0,-8.E-1,0.E0));
#119=LINE('',#118,#117);
#120=DIRECTION('',(-5.144957554275E-1,8.574929257125E-1,0.E0));
#121=VECTOR('',#120,2.915475947423E-1);
#122=CARTESIAN_POINT('',(2.69E0,-1.05E0,0.E0));
#123=LINE('',#122,#121);
#124=DIRECTION('',(1.E0,0.E0,0.E0));
#125=VECTOR('',#124,9.7E-1);
#126=CARTESIAN_POINT('',(2.69E0,-1.05E0,0.E0));
#127=LINE('',#126,#125);
#128=DIRECTION('',(-5.144957554275E-1,-8.574929257125E-1,0.E0));
#129=VECTOR('',#128,2.915475947423E-1);
#130=CARTESIAN_POINT('',(3.81E0,-8.E-1,0.E0));
#131=LINE('',#130,#129);
#132=DIRECTION('',(-5.144957554275E-1,8.574929257125E-1,0.E0));
#133=VECTOR('',#132,2.915475947423E-1);
#134=CARTESIAN_POINT('',(3.96E0,-1.05E0,0.E0));
#135=LINE('',#134,#133);
#136=DIRECTION('',(1.E0,0.E0,0.E0));
#137=VECTOR('',#136,9.7E-1);
#138=CARTESIAN_POINT('',(3.96E0,-1.05E0,0.E0));
#139=LINE('',#138,#137);
#140=DIRECTION('',(-5.144957554275E-1,-8.574929257125E-1,0.E0));
#141=VECTOR('',#140,2.915475947423E-1);
#142=CARTESIAN_POINT('',(5.08E0,-8.E-1,0.E0));
#143=LINE('',#142,#141);
#144=DIRECTION('',(-5.144957554275E-1,8.574929257125E-1,0.E0));
#145=VECTOR('',#144,2.915475947423E-1);
#146=CARTESIAN_POINT('',(5.23E0,-1.05E0,0.E0));
#147=LINE('',#146,#145);
#148=DIRECTION('',(1.E0,0.E0,0.E0));
#149=VECTOR('',#148,9.7E-1);
#150=CARTESIAN_POINT('',(5.23E0,-1.05E0,0.E0));
#151=LINE('',#150,#149);
#152=DIRECTION('',(-5.144957554275E-1,-8.574929257125E-1,0.E0));
#153=VECTOR('',#152,2.915475947423E-1);
#154=CARTESIAN_POINT('',(6.35E0,-8.E-1,0.E0));
#155=LINE('',#154,#153);
#156=DIRECTION('',(-5.144957554275E-1,8.574929257125E-1,0.E0));
#157=VECTOR('',#156,2.915475947423E-1);
#158=CARTESIAN_POINT('',(6.5E0,-1.05E0,0.E0));
#159=LINE('',#158,#157);
#160=DIRECTION('',(1.E0,0.E0,0.E0));
#161=VECTOR('',#160,9.7E-1);
#162=CARTESIAN_POINT('',(6.5E0,-1.05E0,0.E0));
#163=LINE('',#162,#161);
#164=DIRECTION('',(-5.144957554275E-1,-8.574929257125E-1,0.E0));
#165=VECTOR('',#164,2.915475947423E-1);
#166=CARTESIAN_POINT('',(7.62E0,-8.E-1,0.E0));
#167=LINE('',#166,#165);
#168=DIRECTION('',(0.E0,1.E0,0.E0));
#169=VECTOR('',#168,1.6E0);
#170=CARTESIAN_POINT('',(7.62E0,-8.E-1,0.E0));
#171=LINE('',#170,#169);
#172=DIRECTION('',(5.144957554275E-1,-8.574929257125E-1,0.E0));
#173=VECTOR('',#172,2.915475947423E-1);
#174=CARTESIAN_POINT('',(7.47E0,1.05E0,0.E0));
#175=LINE('',#174,#173);
#176=DIRECTION('',(-1.E0,0.E0,0.E0));
#177=VECTOR('',#176,9.7E-1);
#178=CARTESIAN_POINT('',(7.47E0,1.05E0,0.E0));
#179=LINE('',#178,#177);
#180=DIRECTION('',(5.144957554275E-1,8.574929257125E-1,0.E0));
#181=VECTOR('',#180,2.915475947423E-1);
#182=CARTESIAN_POINT('',(6.35E0,8.E-1,0.E0));
#183=LINE('',#182,#181);
#184=DIRECTION('',(5.144957554275E-1,-8.574929257125E-1,0.E0));
#185=VECTOR('',#184,2.915475947423E-1);
#186=CARTESIAN_POINT('',(6.2E0,1.05E0,0.E0));
#187=LINE('',#186,#185);
#188=DIRECTION('',(-1.E0,0.E0,0.E0));
#189=VECTOR('',#188,9.7E-1);
#190=CARTESIAN_POINT('',(6.2E0,1.05E0,0.E0));
#191=LINE('',#190,#189);
#192=DIRECTION('',(5.144957554275E-1,8.574929257125E-1,0.E0));
#193=VECTOR('',#192,2.915475947423E-1);
#194=CARTESIAN_POINT('',(5.08E0,8.E-1,0.E0));
#195=LINE('',#194,#193);
#196=DIRECTION('',(5.144957554275E-1,-8.574929257125E-1,0.E0));
#197=VECTOR('',#196,2.915475947423E-1);
#198=CARTESIAN_POINT('',(4.93E0,1.05E0,0.E0));
#199=LINE('',#198,#197);
#200=DIRECTION('',(-1.E0,0.E0,0.E0));
#201=VECTOR('',#200,9.7E-1);
#202=CARTESIAN_POINT('',(4.93E0,1.05E0,0.E0));
#203=LINE('',#202,#201);
#204=DIRECTION('',(5.144957554275E-1,8.574929257125E-1,0.E0));
#205=VECTOR('',#204,2.915475947423E-1);
#206=CARTESIAN_POINT('',(3.81E0,8.E-1,0.E0));
#207=LINE('',#206,#205);
#208=DIRECTION('',(5.144957554275E-1,-8.574929257125E-1,0.E0));
#209=VECTOR('',#208,2.915475947423E-1);
#210=CARTESIAN_POINT('',(3.66E0,1.05E0,0.E0));
#211=LINE('',#210,#209);
#212=DIRECTION('',(-1.E0,0.E0,0.E0));
#213=VECTOR('',#212,9.7E-1);
#214=CARTESIAN_POINT('',(3.66E0,1.05E0,0.E0));
#215=LINE('',#214,#213);
#216=DIRECTION('',(5.144957554275E-1,8.574929257125E-1,0.E0));
#217=VECTOR('',#216,2.915475947423E-1);
#218=CARTESIAN_POINT('',(2.54E0,8.E-1,0.E0));
#219=LINE('',#218,#217);
#220=DIRECTION('',(5.144957554275E-1,-8.574929257125E-1,0.E0));
#221=VECTOR('',#220,2.915475947423E-1);
#222=CARTESIAN_POINT('',(2.39E0,1.05E0,0.E0));
#223=LINE('',#222,#221);
#224=DIRECTION('',(-1.E0,0.E0,0.E0));
#225=VECTOR('',#224,9.7E-1);
#226=CARTESIAN_POINT('',(2.39E0,1.05E0,0.E0));
#227=LINE('',#226,#225);
#228=DIRECTION('',(5.144957554275E-1,8.574929257125E-1,0.E0));
#229=VECTOR('',#228,2.915475947423E-1);
#230=CARTESIAN_POINT('',(1.27E0,8.E-1,0.E0));
#231=LINE('',#230,#229);
#232=DIRECTION('',(5.144957554275E-1,-8.574929257125E-1,0.E0));
#233=VECTOR('',#232,2.915475947423E-1);
#234=CARTESIAN_POINT('',(1.12E0,1.05E0,0.E0));
#235=LINE('',#234,#233);
#236=DIRECTION('',(-1.E0,0.E0,0.E0));
#237=VECTOR('',#236,9.7E-1);
#238=CARTESIAN_POINT('',(1.12E0,1.05E0,0.E0));
#239=LINE('',#238,#237);
#240=DIRECTION('',(5.144957554275E-1,8.574929257125E-1,0.E0));
#241=VECTOR('',#240,2.915475947423E-1);
#242=CARTESIAN_POINT('',(0.E0,8.E-1,0.E0));
#243=LINE('',#242,#241);
#244=DIRECTION('',(5.144957554275E-1,-8.574929257125E-1,0.E0));
#245=VECTOR('',#244,2.915475947423E-1);
#246=CARTESIAN_POINT('',(-1.5E-1,1.05E0,0.E0));
#247=LINE('',#246,#245);
#248=DIRECTION('',(-1.E0,0.E0,0.E0));
#249=VECTOR('',#248,9.7E-1);
#250=CARTESIAN_POINT('',(-1.5E-1,1.05E0,0.E0));
#251=LINE('',#250,#249);
#252=DIRECTION('',(5.144957554275E-1,8.574929257125E-1,0.E0));
#253=VECTOR('',#252,2.915475947423E-1);
#254=CARTESIAN_POINT('',(-1.27E0,8.E-1,0.E0));
#255=LINE('',#254,#253);
#256=DIRECTION('',(5.144957554275E-1,-8.574929257125E-1,0.E0));
#257=VECTOR('',#256,2.915475947423E-1);
#258=CARTESIAN_POINT('',(-1.42E0,1.05E0,0.E0));
#259=LINE('',#258,#257);
#260=DIRECTION('',(-1.E0,0.E0,0.E0));
#261=VECTOR('',#260,9.7E-1);
#262=CARTESIAN_POINT('',(-1.42E0,1.05E0,0.E0));
#263=LINE('',#262,#261);
#264=DIRECTION('',(5.144957554275E-1,8.574929257125E-1,0.E0));
#265=VECTOR('',#264,2.915475947423E-1);
#266=CARTESIAN_POINT('',(-2.54E0,8.E-1,0.E0));
#267=LINE('',#266,#265);
#268=DIRECTION('',(5.144957554275E-1,-8.574929257125E-1,0.E0));
#269=VECTOR('',#268,2.915475947423E-1);
#270=CARTESIAN_POINT('',(-2.69E0,1.05E0,0.E0));
#271=LINE('',#270,#269);
#272=DIRECTION('',(-1.E0,0.E0,0.E0));
#273=VECTOR('',#272,9.7E-1);
#274=CARTESIAN_POINT('',(-2.69E0,1.05E0,0.E0));
#275=LINE('',#274,#273);
#276=DIRECTION('',(5.144957554275E-1,8.574929257125E-1,0.E0));
#277=VECTOR('',#276,2.915475947423E-1);
#278=CARTESIAN_POINT('',(-3.81E0,8.E-1,0.E0));
#279=LINE('',#278,#277);
#280=DIRECTION('',(5.144957554275E-1,-8.574929257125E-1,0.E0));
#281=VECTOR('',#280,2.915475947423E-1);
#282=CARTESIAN_POINT('',(-3.96E0,1.05E0,0.E0));
#283=LINE('',#282,#281);
#284=DIRECTION('',(-1.E0,0.E0,0.E0));
#285=VECTOR('',#284,9.7E-1);
#286=CARTESIAN_POINT('',(-3.96E0,1.05E0,0.E0));
#287=LINE('',#286,#285);
#288=DIRECTION('',(5.144957554275E-1,8.574929257125E-1,0.E0));
#289=VECTOR('',#288,2.915475947423E-1);
#290=CARTESIAN_POINT('',(-5.08E0,8.E-1,0.E0));
#291=LINE('',#290,#289);
#292=DIRECTION('',(5.144957554275E-1,-8.574929257125E-1,0.E0));
#293=VECTOR('',#292,2.915475947423E-1);
#294=CARTESIAN_POINT('',(-5.23E0,1.05E0,0.E0));
#295=LINE('',#294,#293);
#296=DIRECTION('',(-1.E0,0.E0,0.E0));
#297=VECTOR('',#296,9.7E-1);
#298=CARTESIAN_POINT('',(-5.23E0,1.05E0,0.E0));
#299=LINE('',#298,#297);
#300=DIRECTION('',(5.144957554275E-1,8.574929257125E-1,0.E0));
#301=VECTOR('',#300,2.915475947423E-1);
#302=CARTESIAN_POINT('',(-6.35E0,8.E-1,0.E0));
#303=LINE('',#302,#301);
#304=DIRECTION('',(5.144957554275E-1,-8.574929257125E-1,0.E0));
#305=VECTOR('',#304,2.915475947423E-1);
#306=CARTESIAN_POINT('',(-6.5E0,1.05E0,0.E0));
#307=LINE('',#306,#305);
#308=DIRECTION('',(-1.E0,0.E0,0.E0));
#309=VECTOR('',#308,9.7E-1);
#310=CARTESIAN_POINT('',(-6.5E0,1.05E0,0.E0));
#311=LINE('',#310,#309);
#312=DIRECTION('',(-1.E0,0.E0,0.E0));
#313=VECTOR('',#312,4.E-1);
#314=CARTESIAN_POINT('',(7.185E0,-2.E-1,0.E0));
#315=LINE('',#314,#313);
#316=DIRECTION('',(0.E0,1.E0,0.E0));
#317=VECTOR('',#316,4.E-1);
#318=CARTESIAN_POINT('',(6.785E0,-2.E-1,0.E0));
#319=LINE('',#318,#317);
#320=DIRECTION('',(1.E0,0.E0,0.E0));
#321=VECTOR('',#320,4.E-1);
#322=CARTESIAN_POINT('',(6.785E0,2.E-1,0.E0));
#323=LINE('',#322,#321);
#324=DIRECTION('',(0.E0,-1.E0,0.E0));
#325=VECTOR('',#324,4.E-1);
#326=CARTESIAN_POINT('',(7.185E0,2.E-1,0.E0));
#327=LINE('',#326,#325);
#328=DIRECTION('',(-1.E0,0.E0,0.E0));
#329=VECTOR('',#328,4.E-1);
#330=CARTESIAN_POINT('',(5.915E0,-2.E-1,0.E0));
#331=LINE('',#330,#329);
#332=DIRECTION('',(0.E0,1.E0,0.E0));
#333=VECTOR('',#332,4.E-1);
#334=CARTESIAN_POINT('',(5.515E0,-2.E-1,0.E0));
#335=LINE('',#334,#333);
#336=DIRECTION('',(1.E0,0.E0,0.E0));
#337=VECTOR('',#336,4.E-1);
#338=CARTESIAN_POINT('',(5.515E0,2.E-1,0.E0));
#339=LINE('',#338,#337);
#340=DIRECTION('',(0.E0,-1.E0,0.E0));
#341=VECTOR('',#340,4.E-1);
#342=CARTESIAN_POINT('',(5.915E0,2.E-1,0.E0));
#343=LINE('',#342,#341);
#344=DIRECTION('',(-1.E0,0.E0,0.E0));
#345=VECTOR('',#344,4.E-1);
#346=CARTESIAN_POINT('',(4.645E0,-2.E-1,0.E0));
#347=LINE('',#346,#345);
#348=DIRECTION('',(0.E0,1.E0,0.E0));
#349=VECTOR('',#348,4.E-1);
#350=CARTESIAN_POINT('',(4.245E0,-2.E-1,0.E0));
#351=LINE('',#350,#349);
#352=DIRECTION('',(1.E0,0.E0,0.E0));
#353=VECTOR('',#352,4.E-1);
#354=CARTESIAN_POINT('',(4.245E0,2.E-1,0.E0));
#355=LINE('',#354,#353);
#356=DIRECTION('',(0.E0,-1.E0,0.E0));
#357=VECTOR('',#356,4.E-1);
#358=CARTESIAN_POINT('',(4.645E0,2.E-1,0.E0));
#359=LINE('',#358,#357);
#360=DIRECTION('',(-1.E0,0.E0,0.E0));
#361=VECTOR('',#360,4.E-1);
#362=CARTESIAN_POINT('',(3.375E0,-2.E-1,0.E0));
#363=LINE('',#362,#361);
#364=DIRECTION('',(0.E0,1.E0,0.E0));
#365=VECTOR('',#364,4.E-1);
#366=CARTESIAN_POINT('',(2.975E0,-2.E-1,0.E0));
#367=LINE('',#366,#365);
#368=DIRECTION('',(1.E0,0.E0,0.E0));
#369=VECTOR('',#368,4.E-1);
#370=CARTESIAN_POINT('',(2.975E0,2.E-1,0.E0));
#371=LINE('',#370,#369);
#372=DIRECTION('',(0.E0,-1.E0,0.E0));
#373=VECTOR('',#372,4.E-1);
#374=CARTESIAN_POINT('',(3.375E0,2.E-1,0.E0));
#375=LINE('',#374,#373);
#376=DIRECTION('',(-1.E0,0.E0,0.E0));
#377=VECTOR('',#376,4.E-1);
#378=CARTESIAN_POINT('',(2.105E0,-2.E-1,0.E0));
#379=LINE('',#378,#377);
#380=DIRECTION('',(0.E0,1.E0,0.E0));
#381=VECTOR('',#380,4.E-1);
#382=CARTESIAN_POINT('',(1.705E0,-2.E-1,0.E0));
#383=LINE('',#382,#381);
#384=DIRECTION('',(1.E0,0.E0,0.E0));
#385=VECTOR('',#384,4.E-1);
#386=CARTESIAN_POINT('',(1.705E0,2.E-1,0.E0));
#387=LINE('',#386,#385);
#388=DIRECTION('',(0.E0,-1.E0,0.E0));
#389=VECTOR('',#388,4.E-1);
#390=CARTESIAN_POINT('',(2.105E0,2.E-1,0.E0));
#391=LINE('',#390,#389);
#392=DIRECTION('',(-1.E0,0.E0,0.E0));
#393=VECTOR('',#392,4.E-1);
#394=CARTESIAN_POINT('',(8.35E-1,-2.E-1,0.E0));
#395=LINE('',#394,#393);
#396=DIRECTION('',(0.E0,1.E0,0.E0));
#397=VECTOR('',#396,4.E-1);
#398=CARTESIAN_POINT('',(4.35E-1,-2.E-1,0.E0));
#399=LINE('',#398,#397);
#400=DIRECTION('',(1.E0,0.E0,0.E0));
#401=VECTOR('',#400,4.E-1);
#402=CARTESIAN_POINT('',(4.35E-1,2.E-1,0.E0));
#403=LINE('',#402,#401);
#404=DIRECTION('',(0.E0,-1.E0,0.E0));
#405=VECTOR('',#404,4.E-1);
#406=CARTESIAN_POINT('',(8.35E-1,2.E-1,0.E0));
#407=LINE('',#406,#405);
#408=DIRECTION('',(-1.E0,0.E0,0.E0));
#409=VECTOR('',#408,4.E-1);
#410=CARTESIAN_POINT('',(-4.35E-1,-2.E-1,0.E0));
#411=LINE('',#410,#409);
#412=DIRECTION('',(0.E0,1.E0,0.E0));
#413=VECTOR('',#412,4.E-1);
#414=CARTESIAN_POINT('',(-8.35E-1,-2.E-1,0.E0));
#415=LINE('',#414,#413);
#416=DIRECTION('',(1.E0,0.E0,0.E0));
#417=VECTOR('',#416,4.E-1);
#418=CARTESIAN_POINT('',(-8.35E-1,2.E-1,0.E0));
#419=LINE('',#418,#417);
#420=DIRECTION('',(0.E0,-1.E0,0.E0));
#421=VECTOR('',#420,4.E-1);
#422=CARTESIAN_POINT('',(-4.35E-1,2.E-1,0.E0));
#423=LINE('',#422,#421);
#424=DIRECTION('',(-1.E0,0.E0,0.E0));
#425=VECTOR('',#424,4.E-1);
#426=CARTESIAN_POINT('',(-1.705E0,-2.E-1,0.E0));
#427=LINE('',#426,#425);
#428=DIRECTION('',(0.E0,1.E0,0.E0));
#429=VECTOR('',#428,4.E-1);
#430=CARTESIAN_POINT('',(-2.105E0,-2.E-1,0.E0));
#431=LINE('',#430,#429);
#432=DIRECTION('',(1.E0,0.E0,0.E0));
#433=VECTOR('',#432,4.E-1);
#434=CARTESIAN_POINT('',(-2.105E0,2.E-1,0.E0));
#435=LINE('',#434,#433);
#436=DIRECTION('',(0.E0,-1.E0,0.E0));
#437=VECTOR('',#436,4.E-1);
#438=CARTESIAN_POINT('',(-1.705E0,2.E-1,0.E0));
#439=LINE('',#438,#437);
#440=DIRECTION('',(-1.E0,0.E0,0.E0));
#441=VECTOR('',#440,4.E-1);
#442=CARTESIAN_POINT('',(-2.975E0,-2.E-1,0.E0));
#443=LINE('',#442,#441);
#444=DIRECTION('',(0.E0,1.E0,0.E0));
#445=VECTOR('',#444,4.E-1);
#446=CARTESIAN_POINT('',(-3.375E0,-2.E-1,0.E0));
#447=LINE('',#446,#445);
#448=DIRECTION('',(1.E0,0.E0,0.E0));
#449=VECTOR('',#448,4.E-1);
#450=CARTESIAN_POINT('',(-3.375E0,2.E-1,0.E0));
#451=LINE('',#450,#449);
#452=DIRECTION('',(0.E0,-1.E0,0.E0));
#453=VECTOR('',#452,4.E-1);
#454=CARTESIAN_POINT('',(-2.975E0,2.E-1,0.E0));
#455=LINE('',#454,#453);
#456=DIRECTION('',(-1.E0,0.E0,0.E0));
#457=VECTOR('',#456,4.E-1);
#458=CARTESIAN_POINT('',(-4.245E0,-2.E-1,0.E0));
#459=LINE('',#458,#457);
#460=DIRECTION('',(0.E0,1.E0,0.E0));
#461=VECTOR('',#460,4.E-1);
#462=CARTESIAN_POINT('',(-4.645E0,-2.E-1,0.E0));
#463=LINE('',#462,#461);
#464=DIRECTION('',(1.E0,0.E0,0.E0));
#465=VECTOR('',#464,4.E-1);
#466=CARTESIAN_POINT('',(-4.645E0,2.E-1,0.E0));
#467=LINE('',#466,#465);
#468=DIRECTION('',(0.E0,-1.E0,0.E0));
#469=VECTOR('',#468,4.E-1);
#470=CARTESIAN_POINT('',(-4.245E0,2.E-1,0.E0));
#471=LINE('',#470,#469);
#472=DIRECTION('',(-1.E0,0.E0,0.E0));
#473=VECTOR('',#472,4.E-1);
#474=CARTESIAN_POINT('',(-5.515E0,-2.E-1,0.E0));
#475=LINE('',#474,#473);
#476=DIRECTION('',(0.E0,1.E0,0.E0));
#477=VECTOR('',#476,4.E-1);
#478=CARTESIAN_POINT('',(-5.915E0,-2.E-1,0.E0));
#479=LINE('',#478,#477);
#480=DIRECTION('',(1.E0,0.E0,0.E0));
#481=VECTOR('',#480,4.E-1);
#482=CARTESIAN_POINT('',(-5.915E0,2.E-1,0.E0));
#483=LINE('',#482,#481);
#484=DIRECTION('',(0.E0,-1.E0,0.E0));
#485=VECTOR('',#484,4.E-1);
#486=CARTESIAN_POINT('',(-5.515E0,2.E-1,0.E0));
#487=LINE('',#486,#485);
#488=DIRECTION('',(-1.E0,0.E0,0.E0));
#489=VECTOR('',#488,4.E-1);
#490=CARTESIAN_POINT('',(-6.785E0,-2.E-1,0.E0));
#491=LINE('',#490,#489);
#492=DIRECTION('',(0.E0,1.E0,0.E0));
#493=VECTOR('',#492,4.E-1);
#494=CARTESIAN_POINT('',(-7.185E0,-2.E-1,0.E0));
#495=LINE('',#494,#493);
#496=DIRECTION('',(1.E0,0.E0,0.E0));
#497=VECTOR('',#496,4.E-1);
#498=CARTESIAN_POINT('',(-7.185E0,2.E-1,0.E0));
#499=LINE('',#498,#497);
#500=DIRECTION('',(0.E0,-1.E0,0.E0));
#501=VECTOR('',#500,4.E-1);
#502=CARTESIAN_POINT('',(-6.785E0,2.E-1,0.E0));
#503=LINE('',#502,#501);
#504=DIRECTION('',(0.E0,0.E0,1.E0));
#505=VECTOR('',#504,1.E0);
#506=CARTESIAN_POINT('',(6.5E0,1.05E0,0.E0));
#507=LINE('',#506,#505);
#508=DIRECTION('',(0.E0,0.E0,1.E0));
#509=VECTOR('',#508,1.E0);
#510=CARTESIAN_POINT('',(7.47E0,1.05E0,0.E0));
#511=LINE('',#510,#509);
#512=DIRECTION('',(0.E0,0.E0,1.E0));
#513=VECTOR('',#512,1.E0);
#514=CARTESIAN_POINT('',(5.23E0,1.05E0,0.E0));
#515=LINE('',#514,#513);
#516=DIRECTION('',(0.E0,0.E0,1.E0));
#517=VECTOR('',#516,1.E0);
#518=CARTESIAN_POINT('',(6.2E0,1.05E0,0.E0));
#519=LINE('',#518,#517);
#520=DIRECTION('',(0.E0,0.E0,1.E0));
#521=VECTOR('',#520,1.E0);
#522=CARTESIAN_POINT('',(3.96E0,1.05E0,0.E0));
#523=LINE('',#522,#521);
#524=DIRECTION('',(0.E0,0.E0,1.E0));
#525=VECTOR('',#524,1.E0);
#526=CARTESIAN_POINT('',(4.93E0,1.05E0,0.E0));
#527=LINE('',#526,#525);
#528=DIRECTION('',(0.E0,0.E0,1.E0));
#529=VECTOR('',#528,1.E0);
#530=CARTESIAN_POINT('',(2.69E0,1.05E0,0.E0));
#531=LINE('',#530,#529);
#532=DIRECTION('',(0.E0,0.E0,1.E0));
#533=VECTOR('',#532,1.E0);
#534=CARTESIAN_POINT('',(3.66E0,1.05E0,0.E0));
#535=LINE('',#534,#533);
#536=DIRECTION('',(0.E0,0.E0,1.E0));
#537=VECTOR('',#536,1.E0);
#538=CARTESIAN_POINT('',(1.42E0,1.05E0,0.E0));
#539=LINE('',#538,#537);
#540=DIRECTION('',(0.E0,0.E0,1.E0));
#541=VECTOR('',#540,1.E0);
#542=CARTESIAN_POINT('',(2.39E0,1.05E0,0.E0));
#543=LINE('',#542,#541);
#544=DIRECTION('',(0.E0,0.E0,1.E0));
#545=VECTOR('',#544,1.E0);
#546=CARTESIAN_POINT('',(1.5E-1,1.05E0,0.E0));
#547=LINE('',#546,#545);
#548=DIRECTION('',(0.E0,0.E0,1.E0));
#549=VECTOR('',#548,1.E0);
#550=CARTESIAN_POINT('',(1.12E0,1.05E0,0.E0));
#551=LINE('',#550,#549);
#552=DIRECTION('',(0.E0,0.E0,1.E0));
#553=VECTOR('',#552,1.E0);
#554=CARTESIAN_POINT('',(-1.12E0,1.05E0,0.E0));
#555=LINE('',#554,#553);
#556=DIRECTION('',(0.E0,0.E0,1.E0));
#557=VECTOR('',#556,1.E0);
#558=CARTESIAN_POINT('',(-1.5E-1,1.05E0,0.E0));
#559=LINE('',#558,#557);
#560=DIRECTION('',(0.E0,0.E0,1.E0));
#561=VECTOR('',#560,1.E0);
#562=CARTESIAN_POINT('',(-2.39E0,1.05E0,0.E0));
#563=LINE('',#562,#561);
#564=DIRECTION('',(0.E0,0.E0,1.E0));
#565=VECTOR('',#564,1.E0);
#566=CARTESIAN_POINT('',(-1.42E0,1.05E0,0.E0));
#567=LINE('',#566,#565);
#568=DIRECTION('',(0.E0,0.E0,1.E0));
#569=VECTOR('',#568,1.E0);
#570=CARTESIAN_POINT('',(-3.66E0,1.05E0,0.E0));
#571=LINE('',#570,#569);
#572=DIRECTION('',(0.E0,0.E0,1.E0));
#573=VECTOR('',#572,1.E0);
#574=CARTESIAN_POINT('',(-2.69E0,1.05E0,0.E0));
#575=LINE('',#574,#573);
#576=DIRECTION('',(0.E0,0.E0,1.E0));
#577=VECTOR('',#576,1.E0);
#578=CARTESIAN_POINT('',(-4.93E0,1.05E0,0.E0));
#579=LINE('',#578,#577);
#580=DIRECTION('',(0.E0,0.E0,1.E0));
#581=VECTOR('',#580,1.E0);
#582=CARTESIAN_POINT('',(-3.96E0,1.05E0,0.E0));
#583=LINE('',#582,#581);
#584=DIRECTION('',(0.E0,0.E0,1.E0));
#585=VECTOR('',#584,1.E0);
#586=CARTESIAN_POINT('',(-6.2E0,1.05E0,0.E0));
#587=LINE('',#586,#585);
#588=DIRECTION('',(0.E0,0.E0,1.E0));
#589=VECTOR('',#588,1.E0);
#590=CARTESIAN_POINT('',(-5.23E0,1.05E0,0.E0));
#591=LINE('',#590,#589);
#592=DIRECTION('',(0.E0,0.E0,1.E0));
#593=VECTOR('',#592,1.E0);
#594=CARTESIAN_POINT('',(-7.47E0,1.05E0,0.E0));
#595=LINE('',#594,#593);
#596=DIRECTION('',(0.E0,0.E0,1.E0));
#597=VECTOR('',#596,1.E0);
#598=CARTESIAN_POINT('',(-6.5E0,1.05E0,0.E0));
#599=LINE('',#598,#597);
#600=DIRECTION('',(0.E0,0.E0,-1.E0));
#601=VECTOR('',#600,1.E0);
#602=CARTESIAN_POINT('',(6.35E0,8.E-1,1.E0));
#603=LINE('',#602,#601);
#604=DIRECTION('',(5.144957554275E-1,8.574929257125E-1,0.E0));
#605=VECTOR('',#604,2.915475947423E-1);
#606=CARTESIAN_POINT('',(-7.62E0,8.E-1,1.E0));
#607=LINE('',#606,#605);
#608=DIRECTION('',(-1.E0,0.E0,0.E0));
#609=VECTOR('',#608,9.7E-1);
#610=CARTESIAN_POINT('',(-6.5E0,1.05E0,1.E0));
#611=LINE('',#610,#609);
#612=DIRECTION('',(5.144957554275E-1,-8.574929257125E-1,0.E0));
#613=VECTOR('',#612,2.915475947423E-1);
#614=CARTESIAN_POINT('',(-6.5E0,1.05E0,1.E0));
#615=LINE('',#614,#613);
#616=DIRECTION('',(5.144957554275E-1,8.574929257125E-1,0.E0));
#617=VECTOR('',#616,2.915475947423E-1);
#618=CARTESIAN_POINT('',(-6.35E0,8.E-1,1.E0));
#619=LINE('',#618,#617);
#620=DIRECTION('',(-1.E0,0.E0,0.E0));
#621=VECTOR('',#620,9.7E-1);
#622=CARTESIAN_POINT('',(-5.23E0,1.05E0,1.E0));
#623=LINE('',#622,#621);
#624=DIRECTION('',(5.144957554275E-1,-8.574929257125E-1,0.E0));
#625=VECTOR('',#624,2.915475947423E-1);
#626=CARTESIAN_POINT('',(-5.23E0,1.05E0,1.E0));
#627=LINE('',#626,#625);
#628=DIRECTION('',(5.144957554275E-1,8.574929257125E-1,0.E0));
#629=VECTOR('',#628,2.915475947423E-1);
#630=CARTESIAN_POINT('',(-5.08E0,8.E-1,1.E0));
#631=LINE('',#630,#629);
#632=DIRECTION('',(-1.E0,0.E0,0.E0));
#633=VECTOR('',#632,9.7E-1);
#634=CARTESIAN_POINT('',(-3.96E0,1.05E0,1.E0));
#635=LINE('',#634,#633);
#636=DIRECTION('',(5.144957554275E-1,-8.574929257125E-1,0.E0));
#637=VECTOR('',#636,2.915475947423E-1);
#638=CARTESIAN_POINT('',(-3.96E0,1.05E0,1.E0));
#639=LINE('',#638,#637);
#640=DIRECTION('',(5.144957554275E-1,8.574929257125E-1,0.E0));
#641=VECTOR('',#640,2.915475947423E-1);
#642=CARTESIAN_POINT('',(-3.81E0,8.E-1,1.E0));
#643=LINE('',#642,#641);
#644=DIRECTION('',(-1.E0,0.E0,0.E0));
#645=VECTOR('',#644,9.7E-1);
#646=CARTESIAN_POINT('',(-2.69E0,1.05E0,1.E0));
#647=LINE('',#646,#645);
#648=DIRECTION('',(5.144957554275E-1,-8.574929257125E-1,0.E0));
#649=VECTOR('',#648,2.915475947423E-1);
#650=CARTESIAN_POINT('',(-2.69E0,1.05E0,1.E0));
#651=LINE('',#650,#649);
#652=DIRECTION('',(5.144957554275E-1,8.574929257125E-1,0.E0));
#653=VECTOR('',#652,2.915475947423E-1);
#654=CARTESIAN_POINT('',(-2.54E0,8.E-1,1.E0));
#655=LINE('',#654,#653);
#656=DIRECTION('',(-1.E0,0.E0,0.E0));
#657=VECTOR('',#656,9.7E-1);
#658=CARTESIAN_POINT('',(-1.42E0,1.05E0,1.E0));
#659=LINE('',#658,#657);
#660=DIRECTION('',(5.144957554275E-1,-8.574929257125E-1,0.E0));
#661=VECTOR('',#660,2.915475947423E-1);
#662=CARTESIAN_POINT('',(-1.42E0,1.05E0,1.E0));
#663=LINE('',#662,#661);
#664=DIRECTION('',(5.144957554275E-1,8.574929257125E-1,0.E0));
#665=VECTOR('',#664,2.915475947423E-1);
#666=CARTESIAN_POINT('',(-1.27E0,8.E-1,1.E0));
#667=LINE('',#666,#665);
#668=DIRECTION('',(-1.E0,0.E0,0.E0));
#669=VECTOR('',#668,9.7E-1);
#670=CARTESIAN_POINT('',(-1.5E-1,1.05E0,1.E0));
#671=LINE('',#670,#669);
#672=DIRECTION('',(5.144957554275E-1,-8.574929257125E-1,0.E0));
#673=VECTOR('',#672,2.915475947423E-1);
#674=CARTESIAN_POINT('',(-1.5E-1,1.05E0,1.E0));
#675=LINE('',#674,#673);
#676=DIRECTION('',(5.144957554275E-1,8.574929257125E-1,0.E0));
#677=VECTOR('',#676,2.915475947423E-1);
#678=CARTESIAN_POINT('',(0.E0,8.E-1,1.E0));
#679=LINE('',#678,#677);
#680=DIRECTION('',(-1.E0,0.E0,0.E0));
#681=VECTOR('',#680,9.7E-1);
#682=CARTESIAN_POINT('',(1.12E0,1.05E0,1.E0));
#683=LINE('',#682,#681);
#684=DIRECTION('',(5.144957554275E-1,-8.574929257125E-1,0.E0));
#685=VECTOR('',#684,2.915475947423E-1);
#686=CARTESIAN_POINT('',(1.12E0,1.05E0,1.E0));
#687=LINE('',#686,#685);
#688=DIRECTION('',(5.144957554275E-1,8.574929257125E-1,0.E0));
#689=VECTOR('',#688,2.915475947423E-1);
#690=CARTESIAN_POINT('',(1.27E0,8.E-1,1.E0));
#691=LINE('',#690,#689);
#692=DIRECTION('',(-1.E0,0.E0,0.E0));
#693=VECTOR('',#692,9.7E-1);
#694=CARTESIAN_POINT('',(2.39E0,1.05E0,1.E0));
#695=LINE('',#694,#693);
#696=DIRECTION('',(5.144957554275E-1,-8.574929257125E-1,0.E0));
#697=VECTOR('',#696,2.915475947423E-1);
#698=CARTESIAN_POINT('',(2.39E0,1.05E0,1.E0));
#699=LINE('',#698,#697);
#700=DIRECTION('',(5.144957554275E-1,8.574929257125E-1,0.E0));
#701=VECTOR('',#700,2.915475947423E-1);
#702=CARTESIAN_POINT('',(2.54E0,8.E-1,1.E0));
#703=LINE('',#702,#701);
#704=DIRECTION('',(-1.E0,0.E0,0.E0));
#705=VECTOR('',#704,9.7E-1);
#706=CARTESIAN_POINT('',(3.66E0,1.05E0,1.E0));
#707=LINE('',#706,#705);
#708=DIRECTION('',(5.144957554275E-1,-8.574929257125E-1,0.E0));
#709=VECTOR('',#708,2.915475947423E-1);
#710=CARTESIAN_POINT('',(3.66E0,1.05E0,1.E0));
#711=LINE('',#710,#709);
#712=DIRECTION('',(5.144957554275E-1,8.574929257125E-1,0.E0));
#713=VECTOR('',#712,2.915475947423E-1);
#714=CARTESIAN_POINT('',(3.81E0,8.E-1,1.E0));
#715=LINE('',#714,#713);
#716=DIRECTION('',(-1.E0,0.E0,0.E0));
#717=VECTOR('',#716,9.7E-1);
#718=CARTESIAN_POINT('',(4.93E0,1.05E0,1.E0));
#719=LINE('',#718,#717);
#720=DIRECTION('',(5.144957554275E-1,-8.574929257125E-1,0.E0));
#721=VECTOR('',#720,2.915475947423E-1);
#722=CARTESIAN_POINT('',(4.93E0,1.05E0,1.E0));
#723=LINE('',#722,#721);
#724=DIRECTION('',(5.144957554275E-1,8.574929257125E-1,0.E0));
#725=VECTOR('',#724,2.915475947423E-1);
#726=CARTESIAN_POINT('',(5.08E0,8.E-1,1.E0));
#727=LINE('',#726,#725);
#728=DIRECTION('',(-1.E0,0.E0,0.E0));
#729=VECTOR('',#728,9.7E-1);
#730=CARTESIAN_POINT('',(6.2E0,1.05E0,1.E0));
#731=LINE('',#730,#729);
#732=DIRECTION('',(5.144957554275E-1,-8.574929257125E-1,0.E0));
#733=VECTOR('',#732,2.915475947423E-1);
#734=CARTESIAN_POINT('',(6.2E0,1.05E0,1.E0));
#735=LINE('',#734,#733);
#736=DIRECTION('',(5.144957554275E-1,8.574929257125E-1,0.E0));
#737=VECTOR('',#736,2.915475947423E-1);
#738=CARTESIAN_POINT('',(6.35E0,8.E-1,1.E0));
#739=LINE('',#738,#737);
#740=DIRECTION('',(-1.E0,0.E0,0.E0));
#741=VECTOR('',#740,9.7E-1);
#742=CARTESIAN_POINT('',(7.47E0,1.05E0,1.E0));
#743=LINE('',#742,#741);
#744=DIRECTION('',(5.144957554275E-1,-8.574929257125E-1,0.E0));
#745=VECTOR('',#744,2.915475947423E-1);
#746=CARTESIAN_POINT('',(7.47E0,1.05E0,1.E0));
#747=LINE('',#746,#745);
#748=DIRECTION('',(0.E0,1.E0,0.E0));
#749=VECTOR('',#748,1.6E0);
#750=CARTESIAN_POINT('',(7.62E0,-8.E-1,1.E0));
#751=LINE('',#750,#749);
#752=DIRECTION('',(-5.144957554275E-1,-8.574929257125E-1,0.E0));
#753=VECTOR('',#752,2.915475947423E-1);
#754=CARTESIAN_POINT('',(7.62E0,-8.E-1,1.E0));
#755=LINE('',#754,#753);
#756=DIRECTION('',(1.E0,0.E0,0.E0));
#757=VECTOR('',#756,9.7E-1);
#758=CARTESIAN_POINT('',(6.5E0,-1.05E0,1.E0));
#759=LINE('',#758,#757);
#760=DIRECTION('',(-5.144957554275E-1,8.574929257125E-1,0.E0));
#761=VECTOR('',#760,2.915475947423E-1);
#762=CARTESIAN_POINT('',(6.5E0,-1.05E0,1.E0));
#763=LINE('',#762,#761);
#764=DIRECTION('',(-5.144957554275E-1,-8.574929257125E-1,0.E0));
#765=VECTOR('',#764,2.915475947423E-1);
#766=CARTESIAN_POINT('',(6.35E0,-8.E-1,1.E0));
#767=LINE('',#766,#765);
#768=DIRECTION('',(1.E0,0.E0,0.E0));
#769=VECTOR('',#768,9.7E-1);
#770=CARTESIAN_POINT('',(5.23E0,-1.05E0,1.E0));
#771=LINE('',#770,#769);
#772=DIRECTION('',(-5.144957554275E-1,8.574929257125E-1,0.E0));
#773=VECTOR('',#772,2.915475947423E-1);
#774=CARTESIAN_POINT('',(5.23E0,-1.05E0,1.E0));
#775=LINE('',#774,#773);
#776=DIRECTION('',(-5.144957554275E-1,-8.574929257125E-1,0.E0));
#777=VECTOR('',#776,2.915475947423E-1);
#778=CARTESIAN_POINT('',(5.08E0,-8.E-1,1.E0));
#779=LINE('',#778,#777);
#780=DIRECTION('',(1.E0,0.E0,0.E0));
#781=VECTOR('',#780,9.7E-1);
#782=CARTESIAN_POINT('',(3.96E0,-1.05E0,1.E0));
#783=LINE('',#782,#781);
#784=DIRECTION('',(-5.144957554275E-1,8.574929257125E-1,0.E0));
#785=VECTOR('',#784,2.915475947423E-1);
#786=CARTESIAN_POINT('',(3.96E0,-1.05E0,1.E0));
#787=LINE('',#786,#785);
#788=DIRECTION('',(-5.144957554275E-1,-8.574929257125E-1,0.E0));
#789=VECTOR('',#788,2.915475947423E-1);
#790=CARTESIAN_POINT('',(3.81E0,-8.E-1,1.E0));
#791=LINE('',#790,#789);
#792=DIRECTION('',(1.E0,0.E0,0.E0));
#793=VECTOR('',#792,9.7E-1);
#794=CARTESIAN_POINT('',(2.69E0,-1.05E0,1.E0));
#795=LINE('',#794,#793);
#796=DIRECTION('',(-5.144957554275E-1,8.574929257125E-1,0.E0));
#797=VECTOR('',#796,2.915475947423E-1);
#798=CARTESIAN_POINT('',(2.69E0,-1.05E0,1.E0));
#799=LINE('',#798,#797);
#800=DIRECTION('',(-5.144957554275E-1,-8.574929257125E-1,0.E0));
#801=VECTOR('',#800,2.915475947423E-1);
#802=CARTESIAN_POINT('',(2.54E0,-8.E-1,1.E0));
#803=LINE('',#802,#801);
#804=DIRECTION('',(1.E0,0.E0,0.E0));
#805=VECTOR('',#804,9.7E-1);
#806=CARTESIAN_POINT('',(1.42E0,-1.05E0,1.E0));
#807=LINE('',#806,#805);
#808=DIRECTION('',(-5.144957554275E-1,8.574929257125E-1,0.E0));
#809=VECTOR('',#808,2.915475947423E-1);
#810=CARTESIAN_POINT('',(1.42E0,-1.05E0,1.E0));
#811=LINE('',#810,#809);
#812=DIRECTION('',(-5.144957554275E-1,-8.574929257125E-1,0.E0));
#813=VECTOR('',#812,2.915475947423E-1);
#814=CARTESIAN_POINT('',(1.27E0,-8.E-1,1.E0));
#815=LINE('',#814,#813);
#816=DIRECTION('',(1.E0,0.E0,0.E0));
#817=VECTOR('',#816,9.7E-1);
#818=CARTESIAN_POINT('',(1.5E-1,-1.05E0,1.E0));
#819=LINE('',#818,#817);
#820=DIRECTION('',(-5.144957554275E-1,8.574929257125E-1,0.E0));
#821=VECTOR('',#820,2.915475947423E-1);
#822=CARTESIAN_POINT('',(1.5E-1,-1.05E0,1.E0));
#823=LINE('',#822,#821);
#824=DIRECTION('',(-5.144957554275E-1,-8.574929257125E-1,0.E0));
#825=VECTOR('',#824,2.915475947423E-1);
#826=CARTESIAN_POINT('',(0.E0,-8.E-1,1.E0));
#827=LINE('',#826,#825);
#828=DIRECTION('',(1.E0,0.E0,0.E0));
#829=VECTOR('',#828,9.7E-1);
#830=CARTESIAN_POINT('',(-1.12E0,-1.05E0,1.E0));
#831=LINE('',#830,#829);
#832=DIRECTION('',(-5.144957554275E-1,8.574929257125E-1,0.E0));
#833=VECTOR('',#832,2.915475947423E-1);
#834=CARTESIAN_POINT('',(-1.12E0,-1.05E0,1.E0));
#835=LINE('',#834,#833);
#836=DIRECTION('',(-5.144957554275E-1,-8.574929257125E-1,0.E0));
#837=VECTOR('',#836,2.915475947423E-1);
#838=CARTESIAN_POINT('',(-1.27E0,-8.E-1,1.E0));
#839=LINE('',#838,#837);
#840=DIRECTION('',(1.E0,0.E0,0.E0));
#841=VECTOR('',#840,9.7E-1);
#842=CARTESIAN_POINT('',(-2.39E0,-1.05E0,1.E0));
#843=LINE('',#842,#841);
#844=DIRECTION('',(-5.144957554275E-1,8.574929257125E-1,0.E0));
#845=VECTOR('',#844,2.915475947423E-1);
#846=CARTESIAN_POINT('',(-2.39E0,-1.05E0,1.E0));
#847=LINE('',#846,#845);
#848=DIRECTION('',(-5.144957554275E-1,-8.574929257125E-1,0.E0));
#849=VECTOR('',#848,2.915475947423E-1);
#850=CARTESIAN_POINT('',(-2.54E0,-8.E-1,1.E0));
#851=LINE('',#850,#849);
#852=DIRECTION('',(1.E0,0.E0,0.E0));
#853=VECTOR('',#852,9.7E-1);
#854=CARTESIAN_POINT('',(-3.66E0,-1.05E0,1.E0));
#855=LINE('',#854,#853);
#856=DIRECTION('',(-5.144957554275E-1,8.574929257125E-1,0.E0));
#857=VECTOR('',#856,2.915475947423E-1);
#858=CARTESIAN_POINT('',(-3.66E0,-1.05E0,1.E0));
#859=LINE('',#858,#857);
#860=DIRECTION('',(-5.144957554275E-1,-8.574929257125E-1,0.E0));
#861=VECTOR('',#860,2.915475947423E-1);
#862=CARTESIAN_POINT('',(-3.81E0,-8.E-1,1.E0));
#863=LINE('',#862,#861);
#864=DIRECTION('',(1.E0,0.E0,0.E0));
#865=VECTOR('',#864,9.7E-1);
#866=CARTESIAN_POINT('',(-4.93E0,-1.05E0,1.E0));
#867=LINE('',#866,#865);
#868=DIRECTION('',(-5.144957554275E-1,8.574929257125E-1,0.E0));
#869=VECTOR('',#868,2.915475947423E-1);
#870=CARTESIAN_POINT('',(-4.93E0,-1.05E0,1.E0));
#871=LINE('',#870,#869);
#872=DIRECTION('',(-5.144957554275E-1,-8.574929257125E-1,0.E0));
#873=VECTOR('',#872,2.915475947423E-1);
#874=CARTESIAN_POINT('',(-5.08E0,-8.E-1,1.E0));
#875=LINE('',#874,#873);
#876=DIRECTION('',(1.E0,0.E0,0.E0));
#877=VECTOR('',#876,9.7E-1);
#878=CARTESIAN_POINT('',(-6.2E0,-1.05E0,1.E0));
#879=LINE('',#878,#877);
#880=DIRECTION('',(-5.144957554275E-1,8.574929257125E-1,0.E0));
#881=VECTOR('',#880,2.915475947423E-1);
#882=CARTESIAN_POINT('',(-6.2E0,-1.05E0,1.E0));
#883=LINE('',#882,#881);
#884=DIRECTION('',(-5.144957554275E-1,-8.574929257125E-1,0.E0));
#885=VECTOR('',#884,2.915475947423E-1);
#886=CARTESIAN_POINT('',(-6.35E0,-8.E-1,1.E0));
#887=LINE('',#886,#885);
#888=DIRECTION('',(1.E0,0.E0,0.E0));
#889=VECTOR('',#888,9.7E-1);
#890=CARTESIAN_POINT('',(-7.47E0,-1.05E0,1.E0));
#891=LINE('',#890,#889);
#892=DIRECTION('',(-5.144957554275E-1,8.574929257125E-1,0.E0));
#893=VECTOR('',#892,2.915475947423E-1);
#894=CARTESIAN_POINT('',(-7.47E0,-1.05E0,1.E0));
#895=LINE('',#894,#893);
#896=DIRECTION('',(0.E0,-1.E0,0.E0));
#897=VECTOR('',#896,1.6E0);
#898=CARTESIAN_POINT('',(-7.62E0,8.E-1,1.E0));
#899=LINE('',#898,#897);
#900=DIRECTION('',(-1.E0,0.E0,0.E0));
#901=VECTOR('',#900,4.E-1);
#902=CARTESIAN_POINT('',(7.185E0,-2.E-1,1.E0));
#903=LINE('',#902,#901);
#904=DIRECTION('',(0.E0,-1.E0,0.E0));
#905=VECTOR('',#904,4.E-1);
#906=CARTESIAN_POINT('',(7.185E0,2.E-1,1.E0));
#907=LINE('',#906,#905);
#908=DIRECTION('',(1.E0,0.E0,0.E0));
#909=VECTOR('',#908,4.E-1);
#910=CARTESIAN_POINT('',(6.785E0,2.E-1,1.E0));
#911=LINE('',#910,#909);
#912=DIRECTION('',(0.E0,1.E0,0.E0));
#913=VECTOR('',#912,4.E-1);
#914=CARTESIAN_POINT('',(6.785E0,-2.E-1,1.E0));
#915=LINE('',#914,#913);
#916=DIRECTION('',(-1.E0,0.E0,0.E0));
#917=VECTOR('',#916,4.E-1);
#918=CARTESIAN_POINT('',(5.915E0,-2.E-1,1.E0));
#919=LINE('',#918,#917);
#920=DIRECTION('',(0.E0,-1.E0,0.E0));
#921=VECTOR('',#920,4.E-1);
#922=CARTESIAN_POINT('',(5.915E0,2.E-1,1.E0));
#923=LINE('',#922,#921);
#924=DIRECTION('',(1.E0,0.E0,0.E0));
#925=VECTOR('',#924,4.E-1);
#926=CARTESIAN_POINT('',(5.515E0,2.E-1,1.E0));
#927=LINE('',#926,#925);
#928=DIRECTION('',(0.E0,1.E0,0.E0));
#929=VECTOR('',#928,4.E-1);
#930=CARTESIAN_POINT('',(5.515E0,-2.E-1,1.E0));
#931=LINE('',#930,#929);
#932=DIRECTION('',(-1.E0,0.E0,0.E0));
#933=VECTOR('',#932,4.E-1);
#934=CARTESIAN_POINT('',(4.645E0,-2.E-1,1.E0));
#935=LINE('',#934,#933);
#936=DIRECTION('',(0.E0,-1.E0,0.E0));
#937=VECTOR('',#936,4.E-1);
#938=CARTESIAN_POINT('',(4.645E0,2.E-1,1.E0));
#939=LINE('',#938,#937);
#940=DIRECTION('',(1.E0,0.E0,0.E0));
#941=VECTOR('',#940,4.E-1);
#942=CARTESIAN_POINT('',(4.245E0,2.E-1,1.E0));
#943=LINE('',#942,#941);
#944=DIRECTION('',(0.E0,1.E0,0.E0));
#945=VECTOR('',#944,4.E-1);
#946=CARTESIAN_POINT('',(4.245E0,-2.E-1,1.E0));
#947=LINE('',#946,#945);
#948=DIRECTION('',(-1.E0,0.E0,0.E0));
#949=VECTOR('',#948,4.E-1);
#950=CARTESIAN_POINT('',(3.375E0,-2.E-1,1.E0));
#951=LINE('',#950,#949);
#952=DIRECTION('',(0.E0,-1.E0,0.E0));
#953=VECTOR('',#952,4.E-1);
#954=CARTESIAN_POINT('',(3.375E0,2.E-1,1.E0));
#955=LINE('',#954,#953);
#956=DIRECTION('',(1.E0,0.E0,0.E0));
#957=VECTOR('',#956,4.E-1);
#958=CARTESIAN_POINT('',(2.975E0,2.E-1,1.E0));
#959=LINE('',#958,#957);
#960=DIRECTION('',(0.E0,1.E0,0.E0));
#961=VECTOR('',#960,4.E-1);
#962=CARTESIAN_POINT('',(2.975E0,-2.E-1,1.E0));
#963=LINE('',#962,#961);
#964=DIRECTION('',(-1.E0,0.E0,0.E0));
#965=VECTOR('',#964,4.E-1);
#966=CARTESIAN_POINT('',(2.105E0,-2.E-1,1.E0));
#967=LINE('',#966,#965);
#968=DIRECTION('',(0.E0,-1.E0,0.E0));
#969=VECTOR('',#968,4.E-1);
#970=CARTESIAN_POINT('',(2.105E0,2.E-1,1.E0));
#971=LINE('',#970,#969);
#972=DIRECTION('',(1.E0,0.E0,0.E0));
#973=VECTOR('',#972,4.E-1);
#974=CARTESIAN_POINT('',(1.705E0,2.E-1,1.E0));
#975=LINE('',#974,#973);
#976=DIRECTION('',(0.E0,1.E0,0.E0));
#977=VECTOR('',#976,4.E-1);
#978=CARTESIAN_POINT('',(1.705E0,-2.E-1,1.E0));
#979=LINE('',#978,#977);
#980=DIRECTION('',(-1.E0,0.E0,0.E0));
#981=VECTOR('',#980,4.E-1);
#982=CARTESIAN_POINT('',(8.35E-1,-2.E-1,1.E0));
#983=LINE('',#982,#981);
#984=DIRECTION('',(0.E0,-1.E0,0.E0));
#985=VECTOR('',#984,4.E-1);
#986=CARTESIAN_POINT('',(8.35E-1,2.E-1,1.E0));
#987=LINE('',#986,#985);
#988=DIRECTION('',(1.E0,0.E0,0.E0));
#989=VECTOR('',#988,4.E-1);
#990=CARTESIAN_POINT('',(4.35E-1,2.E-1,1.E0));
#991=LINE('',#990,#989);
#992=DIRECTION('',(0.E0,1.E0,0.E0));
#993=VECTOR('',#992,4.E-1);
#994=CARTESIAN_POINT('',(4.35E-1,-2.E-1,1.E0));
#995=LINE('',#994,#993);
#996=DIRECTION('',(-1.E0,0.E0,0.E0));
#997=VECTOR('',#996,4.E-1);
#998=CARTESIAN_POINT('',(-4.35E-1,-2.E-1,1.E0));
#999=LINE('',#998,#997);
#1000=DIRECTION('',(0.E0,-1.E0,0.E0));
#1001=VECTOR('',#1000,4.E-1);
#1002=CARTESIAN_POINT('',(-4.35E-1,2.E-1,1.E0));
#1003=LINE('',#1002,#1001);
#1004=DIRECTION('',(1.E0,0.E0,0.E0));
#1005=VECTOR('',#1004,4.E-1);
#1006=CARTESIAN_POINT('',(-8.35E-1,2.E-1,1.E0));
#1007=LINE('',#1006,#1005);
#1008=DIRECTION('',(0.E0,1.E0,0.E0));
#1009=VECTOR('',#1008,4.E-1);
#1010=CARTESIAN_POINT('',(-8.35E-1,-2.E-1,1.E0));
#1011=LINE('',#1010,#1009);
#1012=DIRECTION('',(-1.E0,0.E0,0.E0));
#1013=VECTOR('',#1012,4.E-1);
#1014=CARTESIAN_POINT('',(-1.705E0,-2.E-1,1.E0));
#1015=LINE('',#1014,#1013);
#1016=DIRECTION('',(0.E0,-1.E0,0.E0));
#1017=VECTOR('',#1016,4.E-1);
#1018=CARTESIAN_POINT('',(-1.705E0,2.E-1,1.E0));
#1019=LINE('',#1018,#1017);
#1020=DIRECTION('',(1.E0,0.E0,0.E0));
#1021=VECTOR('',#1020,4.E-1);
#1022=CARTESIAN_POINT('',(-2.105E0,2.E-1,1.E0));
#1023=LINE('',#1022,#1021);
#1024=DIRECTION('',(0.E0,1.E0,0.E0));
#1025=VECTOR('',#1024,4.E-1);
#1026=CARTESIAN_POINT('',(-2.105E0,-2.E-1,1.E0));
#1027=LINE('',#1026,#1025);
#1028=DIRECTION('',(-1.E0,0.E0,0.E0));
#1029=VECTOR('',#1028,4.E-1);
#1030=CARTESIAN_POINT('',(-2.975E0,-2.E-1,1.E0));
#1031=LINE('',#1030,#1029);
#1032=DIRECTION('',(0.E0,-1.E0,0.E0));
#1033=VECTOR('',#1032,4.E-1);
#1034=CARTESIAN_POINT('',(-2.975E0,2.E-1,1.E0));
#1035=LINE('',#1034,#1033);
#1036=DIRECTION('',(1.E0,0.E0,0.E0));
#1037=VECTOR('',#1036,4.E-1);
#1038=CARTESIAN_POINT('',(-3.375E0,2.E-1,1.E0));
#1039=LINE('',#1038,#1037);
#1040=DIRECTION('',(0.E0,1.E0,0.E0));
#1041=VECTOR('',#1040,4.E-1);
#1042=CARTESIAN_POINT('',(-3.375E0,-2.E-1,1.E0));
#1043=LINE('',#1042,#1041);
#1044=DIRECTION('',(-1.E0,0.E0,0.E0));
#1045=VECTOR('',#1044,4.E-1);
#1046=CARTESIAN_POINT('',(-4.245E0,-2.E-1,1.E0));
#1047=LINE('',#1046,#1045);
#1048=DIRECTION('',(0.E0,-1.E0,0.E0));
#1049=VECTOR('',#1048,4.E-1);
#1050=CARTESIAN_POINT('',(-4.245E0,2.E-1,1.E0));
#1051=LINE('',#1050,#1049);
#1052=DIRECTION('',(1.E0,0.E0,0.E0));
#1053=VECTOR('',#1052,4.E-1);
#1054=CARTESIAN_POINT('',(-4.645E0,2.E-1,1.E0));
#1055=LINE('',#1054,#1053);
#1056=DIRECTION('',(0.E0,1.E0,0.E0));
#1057=VECTOR('',#1056,4.E-1);
#1058=CARTESIAN_POINT('',(-4.645E0,-2.E-1,1.E0));
#1059=LINE('',#1058,#1057);
#1060=DIRECTION('',(-1.E0,0.E0,0.E0));
#1061=VECTOR('',#1060,4.E-1);
#1062=CARTESIAN_POINT('',(-5.515E0,-2.E-1,1.E0));
#1063=LINE('',#1062,#1061);
#1064=DIRECTION('',(0.E0,-1.E0,0.E0));
#1065=VECTOR('',#1064,4.E-1);
#1066=CARTESIAN_POINT('',(-5.515E0,2.E-1,1.E0));
#1067=LINE('',#1066,#1065);
#1068=DIRECTION('',(1.E0,0.E0,0.E0));
#1069=VECTOR('',#1068,4.E-1);
#1070=CARTESIAN_POINT('',(-5.915E0,2.E-1,1.E0));
#1071=LINE('',#1070,#1069);
#1072=DIRECTION('',(0.E0,1.E0,0.E0));
#1073=VECTOR('',#1072,4.E-1);
#1074=CARTESIAN_POINT('',(-5.915E0,-2.E-1,1.E0));
#1075=LINE('',#1074,#1073);
#1076=DIRECTION('',(-1.E0,0.E0,0.E0));
#1077=VECTOR('',#1076,4.E-1);
#1078=CARTESIAN_POINT('',(-6.785E0,-2.E-1,1.E0));
#1079=LINE('',#1078,#1077);
#1080=DIRECTION('',(0.E0,-1.E0,0.E0));
#1081=VECTOR('',#1080,4.E-1);
#1082=CARTESIAN_POINT('',(-6.785E0,2.E-1,1.E0));
#1083=LINE('',#1082,#1081);
#1084=DIRECTION('',(1.E0,0.E0,0.E0));
#1085=VECTOR('',#1084,4.E-1);
#1086=CARTESIAN_POINT('',(-7.185E0,2.E-1,1.E0));
#1087=LINE('',#1086,#1085);
#1088=DIRECTION('',(0.E0,1.E0,0.E0));
#1089=VECTOR('',#1088,4.E-1);
#1090=CARTESIAN_POINT('',(-7.185E0,-2.E-1,1.E0));
#1091=LINE('',#1090,#1089);
#1092=DIRECTION('',(0.E0,0.E0,-1.E0));
#1093=VECTOR('',#1092,1.E0);
#1094=CARTESIAN_POINT('',(-6.35E0,8.E-1,1.E0));
#1095=LINE('',#1094,#1093);
#1096=DIRECTION('',(0.E0,0.E0,-1.E0));
#1097=VECTOR('',#1096,1.E0);
#1098=CARTESIAN_POINT('',(-5.08E0,8.E-1,1.E0));
#1099=LINE('',#1098,#1097);
#1100=DIRECTION('',(0.E0,0.E0,-1.E0));
#1101=VECTOR('',#1100,1.E0);
#1102=CARTESIAN_POINT('',(-3.81E0,8.E-1,1.E0));
#1103=LINE('',#1102,#1101);
#1104=DIRECTION('',(0.E0,0.E0,-1.E0));
#1105=VECTOR('',#1104,1.E0);
#1106=CARTESIAN_POINT('',(-2.54E0,8.E-1,1.E0));
#1107=LINE('',#1106,#1105);
#1108=DIRECTION('',(0.E0,0.E0,-1.E0));
#1109=VECTOR('',#1108,1.E0);
#1110=CARTESIAN_POINT('',(-1.27E0,8.E-1,1.E0));
#1111=LINE('',#1110,#1109);
#1112=DIRECTION('',(0.E0,0.E0,-1.E0));
#1113=VECTOR('',#1112,1.E0);
#1114=CARTESIAN_POINT('',(0.E0,8.E-1,1.E0));
#1115=LINE('',#1114,#1113);
#1116=DIRECTION('',(0.E0,0.E0,-1.E0));
#1117=VECTOR('',#1116,1.E0);
#1118=CARTESIAN_POINT('',(1.27E0,8.E-1,1.E0));
#1119=LINE('',#1118,#1117);
#1120=DIRECTION('',(0.E0,0.E0,-1.E0));
#1121=VECTOR('',#1120,1.E0);
#1122=CARTESIAN_POINT('',(2.54E0,8.E-1,1.E0));
#1123=LINE('',#1122,#1121);
#1124=DIRECTION('',(0.E0,0.E0,-1.E0));
#1125=VECTOR('',#1124,1.E0);
#1126=CARTESIAN_POINT('',(3.81E0,8.E-1,1.E0));
#1127=LINE('',#1126,#1125);
#1128=DIRECTION('',(0.E0,0.E0,-1.E0));
#1129=VECTOR('',#1128,1.E0);
#1130=CARTESIAN_POINT('',(5.08E0,8.E-1,1.E0));
#1131=LINE('',#1130,#1129);
#1132=DIRECTION('',(0.E0,0.E0,1.E0));
#1133=VECTOR('',#1132,1.E0);
#1134=CARTESIAN_POINT('',(7.62E0,8.E-1,0.E0));
#1135=LINE('',#1134,#1133);
#1136=DIRECTION('',(0.E0,0.E0,1.E0));
#1137=VECTOR('',#1136,1.E0);
#1138=CARTESIAN_POINT('',(7.62E0,-8.E-1,0.E0));
#1139=LINE('',#1138,#1137);
#1140=DIRECTION('',(0.E0,0.E0,1.E0));
#1141=VECTOR('',#1140,1.E0);
#1142=CARTESIAN_POINT('',(6.5E0,-1.05E0,0.E0));
#1143=LINE('',#1142,#1141);
#1144=DIRECTION('',(0.E0,0.E0,1.E0));
#1145=VECTOR('',#1144,1.E0);
#1146=CARTESIAN_POINT('',(7.47E0,-1.05E0,0.E0));
#1147=LINE('',#1146,#1145);
#1148=DIRECTION('',(0.E0,0.E0,1.E0));
#1149=VECTOR('',#1148,1.E0);
#1150=CARTESIAN_POINT('',(5.23E0,-1.05E0,0.E0));
#1151=LINE('',#1150,#1149);
#1152=DIRECTION('',(0.E0,0.E0,1.E0));
#1153=VECTOR('',#1152,1.E0);
#1154=CARTESIAN_POINT('',(6.2E0,-1.05E0,0.E0));
#1155=LINE('',#1154,#1153);
#1156=DIRECTION('',(0.E0,0.E0,1.E0));
#1157=VECTOR('',#1156,1.E0);
#1158=CARTESIAN_POINT('',(3.96E0,-1.05E0,0.E0));
#1159=LINE('',#1158,#1157);
#1160=DIRECTION('',(0.E0,0.E0,1.E0));
#1161=VECTOR('',#1160,1.E0);
#1162=CARTESIAN_POINT('',(4.93E0,-1.05E0,0.E0));
#1163=LINE('',#1162,#1161);
#1164=DIRECTION('',(0.E0,0.E0,1.E0));
#1165=VECTOR('',#1164,1.E0);
#1166=CARTESIAN_POINT('',(2.69E0,-1.05E0,0.E0));
#1167=LINE('',#1166,#1165);
#1168=DIRECTION('',(0.E0,0.E0,1.E0));
#1169=VECTOR('',#1168,1.E0);
#1170=CARTESIAN_POINT('',(3.66E0,-1.05E0,0.E0));
#1171=LINE('',#1170,#1169);
#1172=DIRECTION('',(0.E0,0.E0,1.E0));
#1173=VECTOR('',#1172,1.E0);
#1174=CARTESIAN_POINT('',(1.42E0,-1.05E0,0.E0));
#1175=LINE('',#1174,#1173);
#1176=DIRECTION('',(0.E0,0.E0,1.E0));
#1177=VECTOR('',#1176,1.E0);
#1178=CARTESIAN_POINT('',(2.39E0,-1.05E0,0.E0));
#1179=LINE('',#1178,#1177);
#1180=DIRECTION('',(0.E0,0.E0,1.E0));
#1181=VECTOR('',#1180,1.E0);
#1182=CARTESIAN_POINT('',(1.5E-1,-1.05E0,0.E0));
#1183=LINE('',#1182,#1181);
#1184=DIRECTION('',(0.E0,0.E0,1.E0));
#1185=VECTOR('',#1184,1.E0);
#1186=CARTESIAN_POINT('',(1.12E0,-1.05E0,0.E0));
#1187=LINE('',#1186,#1185);
#1188=DIRECTION('',(0.E0,0.E0,1.E0));
#1189=VECTOR('',#1188,1.E0);
#1190=CARTESIAN_POINT('',(-1.12E0,-1.05E0,0.E0));
#1191=LINE('',#1190,#1189);
#1192=DIRECTION('',(0.E0,0.E0,1.E0));
#1193=VECTOR('',#1192,1.E0);
#1194=CARTESIAN_POINT('',(-1.5E-1,-1.05E0,0.E0));
#1195=LINE('',#1194,#1193);
#1196=DIRECTION('',(0.E0,0.E0,1.E0));
#1197=VECTOR('',#1196,1.E0);
#1198=CARTESIAN_POINT('',(-2.39E0,-1.05E0,0.E0));
#1199=LINE('',#1198,#1197);
#1200=DIRECTION('',(0.E0,0.E0,1.E0));
#1201=VECTOR('',#1200,1.E0);
#1202=CARTESIAN_POINT('',(-1.42E0,-1.05E0,0.E0));
#1203=LINE('',#1202,#1201);
#1204=DIRECTION('',(0.E0,0.E0,1.E0));
#1205=VECTOR('',#1204,1.E0);
#1206=CARTESIAN_POINT('',(-3.66E0,-1.05E0,0.E0));
#1207=LINE('',#1206,#1205);
#1208=DIRECTION('',(0.E0,0.E0,1.E0));
#1209=VECTOR('',#1208,1.E0);
#1210=CARTESIAN_POINT('',(-2.69E0,-1.05E0,0.E0));
#1211=LINE('',#1210,#1209);
#1212=DIRECTION('',(0.E0,0.E0,1.E0));
#1213=VECTOR('',#1212,1.E0);
#1214=CARTESIAN_POINT('',(-4.93E0,-1.05E0,0.E0));
#1215=LINE('',#1214,#1213);
#1216=DIRECTION('',(0.E0,0.E0,1.E0));
#1217=VECTOR('',#1216,1.E0);
#1218=CARTESIAN_POINT('',(-3.96E0,-1.05E0,0.E0));
#1219=LINE('',#1218,#1217);
#1220=DIRECTION('',(0.E0,0.E0,1.E0));
#1221=VECTOR('',#1220,1.E0);
#1222=CARTESIAN_POINT('',(-6.2E0,-1.05E0,0.E0));
#1223=LINE('',#1222,#1221);
#1224=DIRECTION('',(0.E0,0.E0,1.E0));
#1225=VECTOR('',#1224,1.E0);
#1226=CARTESIAN_POINT('',(-5.23E0,-1.05E0,0.E0));
#1227=LINE('',#1226,#1225);
#1228=DIRECTION('',(0.E0,0.E0,1.E0));
#1229=VECTOR('',#1228,1.E0);
#1230=CARTESIAN_POINT('',(-7.47E0,-1.05E0,0.E0));
#1231=LINE('',#1230,#1229);
#1232=DIRECTION('',(0.E0,0.E0,1.E0));
#1233=VECTOR('',#1232,1.E0);
#1234=CARTESIAN_POINT('',(-6.5E0,-1.05E0,0.E0));
#1235=LINE('',#1234,#1233);
#1236=DIRECTION('',(0.E0,0.E0,-1.E0));
#1237=VECTOR('',#1236,1.E0);
#1238=CARTESIAN_POINT('',(6.35E0,-8.E-1,1.E0));
#1239=LINE('',#1238,#1237);
#1240=DIRECTION('',(0.E0,0.E0,-1.E0));
#1241=VECTOR('',#1240,1.E0);
#1242=CARTESIAN_POINT('',(5.08E0,-8.E-1,1.E0));
#1243=LINE('',#1242,#1241);
#1244=DIRECTION('',(0.E0,0.E0,-1.E0));
#1245=VECTOR('',#1244,1.E0);
#1246=CARTESIAN_POINT('',(3.81E0,-8.E-1,1.E0));
#1247=LINE('',#1246,#1245);
#1248=DIRECTION('',(0.E0,0.E0,-1.E0));
#1249=VECTOR('',#1248,1.E0);
#1250=CARTESIAN_POINT('',(2.54E0,-8.E-1,1.E0));
#1251=LINE('',#1250,#1249);
#1252=DIRECTION('',(0.E0,0.E0,-1.E0));
#1253=VECTOR('',#1252,1.E0);
#1254=CARTESIAN_POINT('',(1.27E0,-8.E-1,1.E0));
#1255=LINE('',#1254,#1253);
#1256=DIRECTION('',(0.E0,0.E0,-1.E0));
#1257=VECTOR('',#1256,1.E0);
#1258=CARTESIAN_POINT('',(0.E0,-8.E-1,1.E0));
#1259=LINE('',#1258,#1257);
#1260=DIRECTION('',(0.E0,0.E0,-1.E0));
#1261=VECTOR('',#1260,1.E0);
#1262=CARTESIAN_POINT('',(-1.27E0,-8.E-1,1.E0));
#1263=LINE('',#1262,#1261);
#1264=DIRECTION('',(0.E0,0.E0,-1.E0));
#1265=VECTOR('',#1264,1.E0);
#1266=CARTESIAN_POINT('',(-2.54E0,-8.E-1,1.E0));
#1267=LINE('',#1266,#1265);
#1268=DIRECTION('',(0.E0,0.E0,-1.E0));
#1269=VECTOR('',#1268,1.E0);
#1270=CARTESIAN_POINT('',(-3.81E0,-8.E-1,1.E0));
#1271=LINE('',#1270,#1269);
#1272=DIRECTION('',(0.E0,0.E0,-1.E0));
#1273=VECTOR('',#1272,1.E0);
#1274=CARTESIAN_POINT('',(-5.08E0,-8.E-1,1.E0));
#1275=LINE('',#1274,#1273);
#1276=DIRECTION('',(0.E0,0.E0,-1.E0));
#1277=VECTOR('',#1276,1.E0);
#1278=CARTESIAN_POINT('',(-6.35E0,-8.E-1,1.E0));
#1279=LINE('',#1278,#1277);
#1280=DIRECTION('',(0.E0,0.E0,1.E0));
#1281=VECTOR('',#1280,1.E0);
#1282=CARTESIAN_POINT('',(-7.62E0,8.E-1,0.E0));
#1283=LINE('',#1282,#1281);
#1284=DIRECTION('',(0.E0,0.E0,1.E0));
#1285=VECTOR('',#1284,1.E0);
#1286=CARTESIAN_POINT('',(-7.62E0,-8.E-1,0.E0));
#1287=LINE('',#1286,#1285);
#1288=DIRECTION('',(-1.E0,0.E0,0.E0));
#1289=VECTOR('',#1288,4.E-1);
#1290=CARTESIAN_POINT('',(7.185E0,-2.E-1,-1.5E0));
#1291=LINE('',#1290,#1289);
#1292=DIRECTION('',(0.E0,0.E0,-1.E0));
#1293=VECTOR('',#1292,1.5E0);
#1294=CARTESIAN_POINT('',(7.185E0,-2.E-1,0.E0));
#1295=LINE('',#1294,#1293);
#1296=DIRECTION('',(1.E0,0.E0,0.E0));
#1297=VECTOR('',#1296,4.E-1);
#1298=CARTESIAN_POINT('',(6.785E0,-2.E-1,3.7E0));
#1299=LINE('',#1298,#1297);
#1300=DIRECTION('',(0.E0,0.E0,-1.E0));
#1301=VECTOR('',#1300,2.7E0);
#1302=CARTESIAN_POINT('',(7.185E0,-2.E-1,3.7E0));
#1303=LINE('',#1302,#1301);
#1304=DIRECTION('',(1.924500897299E-1,1.924500897299E-1,-9.622504486494E-1));
#1305=VECTOR('',#1304,3.117691453624E-1);
#1306=CARTESIAN_POINT('',(6.785E0,-2.E-1,-1.5E0));
#1307=LINE('',#1306,#1305);
#1308=DIRECTION('',(-1.924500897299E-1,1.924500897299E-1,-9.622504486494E-1));
#1309=VECTOR('',#1308,3.117691453624E-1);
#1310=CARTESIAN_POINT('',(7.185E0,-2.E-1,-1.5E0));
#1311=LINE('',#1310,#1309);
#1312=DIRECTION('',(1.E0,0.E0,0.E0));
#1313=VECTOR('',#1312,2.8E-1);
#1314=CARTESIAN_POINT('',(6.845E0,1.4E-1,-1.8E0));
#1315=LINE('',#1314,#1313);
#1316=DIRECTION('',(0.E0,1.E0,0.E0));
#1317=VECTOR('',#1316,2.8E-1);
#1318=CARTESIAN_POINT('',(6.845E0,-1.4E-1,-1.8E0));
#1319=LINE('',#1318,#1317);
#1320=DIRECTION('',(-1.E0,0.E0,0.E0));
#1321=VECTOR('',#1320,2.8E-1);
#1322=CARTESIAN_POINT('',(7.125E0,-1.4E-1,-1.8E0));
#1323=LINE('',#1322,#1321);
#1324=DIRECTION('',(0.E0,-1.E0,0.E0));
#1325=VECTOR('',#1324,2.8E-1);
#1326=CARTESIAN_POINT('',(7.125E0,1.4E-1,-1.8E0));
#1327=LINE('',#1326,#1325);
#1328=DIRECTION('',(-1.924500897299E-1,-1.924500897299E-1,-9.622504486494E-1));
#1329=VECTOR('',#1328,3.117691453624E-1);
#1330=CARTESIAN_POINT('',(7.185E0,2.E-1,-1.5E0));
#1331=LINE('',#1330,#1329);
#1332=DIRECTION('',(1.E0,0.E0,0.E0));
#1333=VECTOR('',#1332,4.E-1);
#1334=CARTESIAN_POINT('',(6.785E0,2.E-1,-1.5E0));
#1335=LINE('',#1334,#1333);
#1336=DIRECTION('',(0.E0,0.E0,-1.E0));
#1337=VECTOR('',#1336,1.5E0);
#1338=CARTESIAN_POINT('',(6.785E0,2.E-1,0.E0));
#1339=LINE('',#1338,#1337);
#1340=DIRECTION('',(-1.E0,0.E0,0.E0));
#1341=VECTOR('',#1340,4.E-1);
#1342=CARTESIAN_POINT('',(7.185E0,2.E-1,3.7E0));
#1343=LINE('',#1342,#1341);
#1344=DIRECTION('',(0.E0,0.E0,-1.E0));
#1345=VECTOR('',#1344,2.7E0);
#1346=CARTESIAN_POINT('',(6.785E0,2.E-1,3.7E0));
#1347=LINE('',#1346,#1345);
#1348=DIRECTION('',(0.E0,-1.E0,0.E0));
#1349=VECTOR('',#1348,4.E-1);
#1350=CARTESIAN_POINT('',(7.185E0,2.E-1,-1.5E0));
#1351=LINE('',#1350,#1349);
#1352=DIRECTION('',(0.E0,0.E0,-1.E0));
#1353=VECTOR('',#1352,1.5E0);
#1354=CARTESIAN_POINT('',(7.185E0,2.E-1,0.E0));
#1355=LINE('',#1354,#1353);
#1356=DIRECTION('',(0.E0,1.E0,0.E0));
#1357=VECTOR('',#1356,4.E-1);
#1358=CARTESIAN_POINT('',(7.185E0,-2.E-1,3.7E0));
#1359=LINE('',#1358,#1357);
#1360=DIRECTION('',(0.E0,0.E0,-1.E0));
#1361=VECTOR('',#1360,2.7E0);
#1362=CARTESIAN_POINT('',(7.185E0,2.E-1,3.7E0));
#1363=LINE('',#1362,#1361);
#1364=DIRECTION('',(-1.924500897299E-1,-1.924500897299E-1,9.622504486494E-1));
#1365=VECTOR('',#1364,3.117691453624E-1);
#1366=CARTESIAN_POINT('',(7.185E0,2.E-1,3.7E0));
#1367=LINE('',#1366,#1365);
#1368=DIRECTION('',(-1.924500897299E-1,1.924500897299E-1,9.622504486494E-1));
#1369=VECTOR('',#1368,3.117691453624E-1);
#1370=CARTESIAN_POINT('',(7.185E0,-2.E-1,3.7E0));
#1371=LINE('',#1370,#1369);
#1372=DIRECTION('',(1.924500897299E-1,1.924500897299E-1,9.622504486494E-1));
#1373=VECTOR('',#1372,3.117691453624E-1);
#1374=CARTESIAN_POINT('',(6.785E0,-2.E-1,3.7E0));
#1375=LINE('',#1374,#1373);
#1376=DIRECTION('',(-1.E0,0.E0,0.E0));
#1377=VECTOR('',#1376,2.8E-1);
#1378=CARTESIAN_POINT('',(7.125E0,1.4E-1,4.E0));
#1379=LINE('',#1378,#1377);
#1380=DIRECTION('',(0.E0,1.E0,0.E0));
#1381=VECTOR('',#1380,2.8E-1);
#1382=CARTESIAN_POINT('',(7.125E0,-1.4E-1,4.E0));
#1383=LINE('',#1382,#1381);
#1384=DIRECTION('',(1.E0,0.E0,0.E0));
#1385=VECTOR('',#1384,2.8E-1);
#1386=CARTESIAN_POINT('',(6.845E0,-1.4E-1,4.E0));
#1387=LINE('',#1386,#1385);
#1388=DIRECTION('',(0.E0,-1.E0,0.E0));
#1389=VECTOR('',#1388,2.8E-1);
#1390=CARTESIAN_POINT('',(6.845E0,1.4E-1,4.E0));
#1391=LINE('',#1390,#1389);
#1392=DIRECTION('',(1.924500897299E-1,-1.924500897299E-1,9.622504486494E-1));
#1393=VECTOR('',#1392,3.117691453624E-1);
#1394=CARTESIAN_POINT('',(6.785E0,2.E-1,3.7E0));
#1395=LINE('',#1394,#1393);
#1396=DIRECTION('',(0.E0,1.E0,0.E0));
#1397=VECTOR('',#1396,4.E-1);
#1398=CARTESIAN_POINT('',(6.785E0,-2.E-1,-1.5E0));
#1399=LINE('',#1398,#1397);
#1400=DIRECTION('',(0.E0,0.E0,-1.E0));
#1401=VECTOR('',#1400,1.5E0);
#1402=CARTESIAN_POINT('',(6.785E0,-2.E-1,0.E0));
#1403=LINE('',#1402,#1401);
#1404=DIRECTION('',(0.E0,-1.E0,0.E0));
#1405=VECTOR('',#1404,4.E-1);
#1406=CARTESIAN_POINT('',(6.785E0,2.E-1,3.7E0));
#1407=LINE('',#1406,#1405);
#1408=DIRECTION('',(0.E0,0.E0,-1.E0));
#1409=VECTOR('',#1408,2.7E0);
#1410=CARTESIAN_POINT('',(6.785E0,-2.E-1,3.7E0));
#1411=LINE('',#1410,#1409);
#1412=DIRECTION('',(1.924500897299E-1,-1.924500897299E-1,-9.622504486494E-1));
#1413=VECTOR('',#1412,3.117691453624E-1);
#1414=CARTESIAN_POINT('',(6.785E0,2.E-1,-1.5E0));
#1415=LINE('',#1414,#1413);
#1416=DIRECTION('',(-1.E0,0.E0,0.E0));
#1417=VECTOR('',#1416,4.E-1);
#1418=CARTESIAN_POINT('',(5.915E0,-2.E-1,-1.5E0));
#1419=LINE('',#1418,#1417);
#1420=DIRECTION('',(0.E0,0.E0,-1.E0));
#1421=VECTOR('',#1420,1.5E0);
#1422=CARTESIAN_POINT('',(5.915E0,-2.E-1,0.E0));
#1423=LINE('',#1422,#1421);
#1424=DIRECTION('',(1.E0,0.E0,0.E0));
#1425=VECTOR('',#1424,4.E-1);
#1426=CARTESIAN_POINT('',(5.515E0,-2.E-1,3.7E0));
#1427=LINE('',#1426,#1425);
#1428=DIRECTION('',(0.E0,0.E0,-1.E0));
#1429=VECTOR('',#1428,2.7E0);
#1430=CARTESIAN_POINT('',(5.915E0,-2.E-1,3.7E0));
#1431=LINE('',#1430,#1429);
#1432=DIRECTION('',(1.924500897299E-1,1.924500897299E-1,-9.622504486494E-1));
#1433=VECTOR('',#1432,3.117691453624E-1);
#1434=CARTESIAN_POINT('',(5.515E0,-2.E-1,-1.5E0));
#1435=LINE('',#1434,#1433);
#1436=DIRECTION('',(-1.924500897299E-1,1.924500897299E-1,-9.622504486494E-1));
#1437=VECTOR('',#1436,3.117691453624E-1);
#1438=CARTESIAN_POINT('',(5.915E0,-2.E-1,-1.5E0));
#1439=LINE('',#1438,#1437);
#1440=DIRECTION('',(1.E0,0.E0,0.E0));
#1441=VECTOR('',#1440,2.8E-1);
#1442=CARTESIAN_POINT('',(5.575E0,1.4E-1,-1.8E0));
#1443=LINE('',#1442,#1441);
#1444=DIRECTION('',(0.E0,1.E0,0.E0));
#1445=VECTOR('',#1444,2.8E-1);
#1446=CARTESIAN_POINT('',(5.575E0,-1.4E-1,-1.8E0));
#1447=LINE('',#1446,#1445);
#1448=DIRECTION('',(-1.E0,0.E0,0.E0));
#1449=VECTOR('',#1448,2.8E-1);
#1450=CARTESIAN_POINT('',(5.855E0,-1.4E-1,-1.8E0));
#1451=LINE('',#1450,#1449);
#1452=DIRECTION('',(0.E0,-1.E0,0.E0));
#1453=VECTOR('',#1452,2.8E-1);
#1454=CARTESIAN_POINT('',(5.855E0,1.4E-1,-1.8E0));
#1455=LINE('',#1454,#1453);
#1456=DIRECTION('',(-1.924500897299E-1,-1.924500897299E-1,-9.622504486494E-1));
#1457=VECTOR('',#1456,3.117691453624E-1);
#1458=CARTESIAN_POINT('',(5.915E0,2.E-1,-1.5E0));
#1459=LINE('',#1458,#1457);
#1460=DIRECTION('',(1.E0,0.E0,0.E0));
#1461=VECTOR('',#1460,4.E-1);
#1462=CARTESIAN_POINT('',(5.515E0,2.E-1,-1.5E0));
#1463=LINE('',#1462,#1461);
#1464=DIRECTION('',(0.E0,0.E0,-1.E0));
#1465=VECTOR('',#1464,1.5E0);
#1466=CARTESIAN_POINT('',(5.515E0,2.E-1,0.E0));
#1467=LINE('',#1466,#1465);
#1468=DIRECTION('',(-1.E0,0.E0,0.E0));
#1469=VECTOR('',#1468,4.E-1);
#1470=CARTESIAN_POINT('',(5.915E0,2.E-1,3.7E0));
#1471=LINE('',#1470,#1469);
#1472=DIRECTION('',(0.E0,0.E0,-1.E0));
#1473=VECTOR('',#1472,2.7E0);
#1474=CARTESIAN_POINT('',(5.515E0,2.E-1,3.7E0));
#1475=LINE('',#1474,#1473);
#1476=DIRECTION('',(0.E0,-1.E0,0.E0));
#1477=VECTOR('',#1476,4.E-1);
#1478=CARTESIAN_POINT('',(5.915E0,2.E-1,-1.5E0));
#1479=LINE('',#1478,#1477);
#1480=DIRECTION('',(0.E0,0.E0,-1.E0));
#1481=VECTOR('',#1480,1.5E0);
#1482=CARTESIAN_POINT('',(5.915E0,2.E-1,0.E0));
#1483=LINE('',#1482,#1481);
#1484=DIRECTION('',(0.E0,1.E0,0.E0));
#1485=VECTOR('',#1484,4.E-1);
#1486=CARTESIAN_POINT('',(5.915E0,-2.E-1,3.7E0));
#1487=LINE('',#1486,#1485);
#1488=DIRECTION('',(0.E0,0.E0,-1.E0));
#1489=VECTOR('',#1488,2.7E0);
#1490=CARTESIAN_POINT('',(5.915E0,2.E-1,3.7E0));
#1491=LINE('',#1490,#1489);
#1492=DIRECTION('',(-1.924500897299E-1,-1.924500897299E-1,9.622504486494E-1));
#1493=VECTOR('',#1492,3.117691453624E-1);
#1494=CARTESIAN_POINT('',(5.915E0,2.E-1,3.7E0));
#1495=LINE('',#1494,#1493);
#1496=DIRECTION('',(-1.924500897299E-1,1.924500897299E-1,9.622504486494E-1));
#1497=VECTOR('',#1496,3.117691453624E-1);
#1498=CARTESIAN_POINT('',(5.915E0,-2.E-1,3.7E0));
#1499=LINE('',#1498,#1497);
#1500=DIRECTION('',(1.924500897299E-1,1.924500897299E-1,9.622504486494E-1));
#1501=VECTOR('',#1500,3.117691453624E-1);
#1502=CARTESIAN_POINT('',(5.515E0,-2.E-1,3.7E0));
#1503=LINE('',#1502,#1501);
#1504=DIRECTION('',(-1.E0,0.E0,0.E0));
#1505=VECTOR('',#1504,2.8E-1);
#1506=CARTESIAN_POINT('',(5.855E0,1.4E-1,4.E0));
#1507=LINE('',#1506,#1505);
#1508=DIRECTION('',(0.E0,1.E0,0.E0));
#1509=VECTOR('',#1508,2.8E-1);
#1510=CARTESIAN_POINT('',(5.855E0,-1.4E-1,4.E0));
#1511=LINE('',#1510,#1509);
#1512=DIRECTION('',(1.E0,0.E0,0.E0));
#1513=VECTOR('',#1512,2.8E-1);
#1514=CARTESIAN_POINT('',(5.575E0,-1.4E-1,4.E0));
#1515=LINE('',#1514,#1513);
#1516=DIRECTION('',(0.E0,-1.E0,0.E0));
#1517=VECTOR('',#1516,2.8E-1);
#1518=CARTESIAN_POINT('',(5.575E0,1.4E-1,4.E0));
#1519=LINE('',#1518,#1517);
#1520=DIRECTION('',(1.924500897299E-1,-1.924500897299E-1,9.622504486494E-1));
#1521=VECTOR('',#1520,3.117691453624E-1);
#1522=CARTESIAN_POINT('',(5.515E0,2.E-1,3.7E0));
#1523=LINE('',#1522,#1521);
#1524=DIRECTION('',(0.E0,1.E0,0.E0));
#1525=VECTOR('',#1524,4.E-1);
#1526=CARTESIAN_POINT('',(5.515E0,-2.E-1,-1.5E0));
#1527=LINE('',#1526,#1525);
#1528=DIRECTION('',(0.E0,0.E0,-1.E0));
#1529=VECTOR('',#1528,1.5E0);
#1530=CARTESIAN_POINT('',(5.515E0,-2.E-1,0.E0));
#1531=LINE('',#1530,#1529);
#1532=DIRECTION('',(0.E0,-1.E0,0.E0));
#1533=VECTOR('',#1532,4.E-1);
#1534=CARTESIAN_POINT('',(5.515E0,2.E-1,3.7E0));
#1535=LINE('',#1534,#1533);
#1536=DIRECTION('',(0.E0,0.E0,-1.E0));
#1537=VECTOR('',#1536,2.7E0);
#1538=CARTESIAN_POINT('',(5.515E0,-2.E-1,3.7E0));
#1539=LINE('',#1538,#1537);
#1540=DIRECTION('',(1.924500897299E-1,-1.924500897299E-1,-9.622504486494E-1));
#1541=VECTOR('',#1540,3.117691453624E-1);
#1542=CARTESIAN_POINT('',(5.515E0,2.E-1,-1.5E0));
#1543=LINE('',#1542,#1541);
#1544=DIRECTION('',(-1.E0,0.E0,0.E0));
#1545=VECTOR('',#1544,4.E-1);
#1546=CARTESIAN_POINT('',(4.645E0,-2.E-1,-1.5E0));
#1547=LINE('',#1546,#1545);
#1548=DIRECTION('',(0.E0,0.E0,-1.E0));
#1549=VECTOR('',#1548,1.5E0);
#1550=CARTESIAN_POINT('',(4.645E0,-2.E-1,0.E0));
#1551=LINE('',#1550,#1549);
#1552=DIRECTION('',(1.E0,0.E0,0.E0));
#1553=VECTOR('',#1552,4.E-1);
#1554=CARTESIAN_POINT('',(4.245E0,-2.E-1,3.7E0));
#1555=LINE('',#1554,#1553);
#1556=DIRECTION('',(0.E0,0.E0,-1.E0));
#1557=VECTOR('',#1556,2.7E0);
#1558=CARTESIAN_POINT('',(4.645E0,-2.E-1,3.7E0));
#1559=LINE('',#1558,#1557);
#1560=DIRECTION('',(1.924500897299E-1,1.924500897299E-1,-9.622504486494E-1));
#1561=VECTOR('',#1560,3.117691453624E-1);
#1562=CARTESIAN_POINT('',(4.245E0,-2.E-1,-1.5E0));
#1563=LINE('',#1562,#1561);
#1564=DIRECTION('',(-1.924500897299E-1,1.924500897299E-1,-9.622504486494E-1));
#1565=VECTOR('',#1564,3.117691453624E-1);
#1566=CARTESIAN_POINT('',(4.645E0,-2.E-1,-1.5E0));
#1567=LINE('',#1566,#1565);
#1568=DIRECTION('',(1.E0,0.E0,0.E0));
#1569=VECTOR('',#1568,2.8E-1);
#1570=CARTESIAN_POINT('',(4.305E0,1.4E-1,-1.8E0));
#1571=LINE('',#1570,#1569);
#1572=DIRECTION('',(0.E0,1.E0,0.E0));
#1573=VECTOR('',#1572,2.8E-1);
#1574=CARTESIAN_POINT('',(4.305E0,-1.4E-1,-1.8E0));
#1575=LINE('',#1574,#1573);
#1576=DIRECTION('',(-1.E0,0.E0,0.E0));
#1577=VECTOR('',#1576,2.8E-1);
#1578=CARTESIAN_POINT('',(4.585E0,-1.4E-1,-1.8E0));
#1579=LINE('',#1578,#1577);
#1580=DIRECTION('',(0.E0,-1.E0,0.E0));
#1581=VECTOR('',#1580,2.8E-1);
#1582=CARTESIAN_POINT('',(4.585E0,1.4E-1,-1.8E0));
#1583=LINE('',#1582,#1581);
#1584=DIRECTION('',(-1.924500897299E-1,-1.924500897299E-1,-9.622504486494E-1));
#1585=VECTOR('',#1584,3.117691453624E-1);
#1586=CARTESIAN_POINT('',(4.645E0,2.E-1,-1.5E0));
#1587=LINE('',#1586,#1585);
#1588=DIRECTION('',(1.E0,0.E0,0.E0));
#1589=VECTOR('',#1588,4.E-1);
#1590=CARTESIAN_POINT('',(4.245E0,2.E-1,-1.5E0));
#1591=LINE('',#1590,#1589);
#1592=DIRECTION('',(0.E0,0.E0,-1.E0));
#1593=VECTOR('',#1592,1.5E0);
#1594=CARTESIAN_POINT('',(4.245E0,2.E-1,0.E0));
#1595=LINE('',#1594,#1593);
#1596=DIRECTION('',(-1.E0,0.E0,0.E0));
#1597=VECTOR('',#1596,4.E-1);
#1598=CARTESIAN_POINT('',(4.645E0,2.E-1,3.7E0));
#1599=LINE('',#1598,#1597);
#1600=DIRECTION('',(0.E0,0.E0,-1.E0));
#1601=VECTOR('',#1600,2.7E0);
#1602=CARTESIAN_POINT('',(4.245E0,2.E-1,3.7E0));
#1603=LINE('',#1602,#1601);
#1604=DIRECTION('',(0.E0,-1.E0,0.E0));
#1605=VECTOR('',#1604,4.E-1);
#1606=CARTESIAN_POINT('',(4.645E0,2.E-1,-1.5E0));
#1607=LINE('',#1606,#1605);
#1608=DIRECTION('',(0.E0,0.E0,-1.E0));
#1609=VECTOR('',#1608,1.5E0);
#1610=CARTESIAN_POINT('',(4.645E0,2.E-1,0.E0));
#1611=LINE('',#1610,#1609);
#1612=DIRECTION('',(0.E0,1.E0,0.E0));
#1613=VECTOR('',#1612,4.E-1);
#1614=CARTESIAN_POINT('',(4.645E0,-2.E-1,3.7E0));
#1615=LINE('',#1614,#1613);
#1616=DIRECTION('',(0.E0,0.E0,-1.E0));
#1617=VECTOR('',#1616,2.7E0);
#1618=CARTESIAN_POINT('',(4.645E0,2.E-1,3.7E0));
#1619=LINE('',#1618,#1617);
#1620=DIRECTION('',(-1.924500897299E-1,-1.924500897299E-1,9.622504486494E-1));
#1621=VECTOR('',#1620,3.117691453624E-1);
#1622=CARTESIAN_POINT('',(4.645E0,2.E-1,3.7E0));
#1623=LINE('',#1622,#1621);
#1624=DIRECTION('',(-1.924500897299E-1,1.924500897299E-1,9.622504486494E-1));
#1625=VECTOR('',#1624,3.117691453624E-1);
#1626=CARTESIAN_POINT('',(4.645E0,-2.E-1,3.7E0));
#1627=LINE('',#1626,#1625);
#1628=DIRECTION('',(1.924500897299E-1,1.924500897299E-1,9.622504486494E-1));
#1629=VECTOR('',#1628,3.117691453624E-1);
#1630=CARTESIAN_POINT('',(4.245E0,-2.E-1,3.7E0));
#1631=LINE('',#1630,#1629);
#1632=DIRECTION('',(-1.E0,0.E0,0.E0));
#1633=VECTOR('',#1632,2.8E-1);
#1634=CARTESIAN_POINT('',(4.585E0,1.4E-1,4.E0));
#1635=LINE('',#1634,#1633);
#1636=DIRECTION('',(0.E0,1.E0,0.E0));
#1637=VECTOR('',#1636,2.8E-1);
#1638=CARTESIAN_POINT('',(4.585E0,-1.4E-1,4.E0));
#1639=LINE('',#1638,#1637);
#1640=DIRECTION('',(1.E0,0.E0,0.E0));
#1641=VECTOR('',#1640,2.8E-1);
#1642=CARTESIAN_POINT('',(4.305E0,-1.4E-1,4.E0));
#1643=LINE('',#1642,#1641);
#1644=DIRECTION('',(0.E0,-1.E0,0.E0));
#1645=VECTOR('',#1644,2.8E-1);
#1646=CARTESIAN_POINT('',(4.305E0,1.4E-1,4.E0));
#1647=LINE('',#1646,#1645);
#1648=DIRECTION('',(1.924500897299E-1,-1.924500897299E-1,9.622504486494E-1));
#1649=VECTOR('',#1648,3.117691453624E-1);
#1650=CARTESIAN_POINT('',(4.245E0,2.E-1,3.7E0));
#1651=LINE('',#1650,#1649);
#1652=DIRECTION('',(0.E0,1.E0,0.E0));
#1653=VECTOR('',#1652,4.E-1);
#1654=CARTESIAN_POINT('',(4.245E0,-2.E-1,-1.5E0));
#1655=LINE('',#1654,#1653);
#1656=DIRECTION('',(0.E0,0.E0,-1.E0));
#1657=VECTOR('',#1656,1.5E0);
#1658=CARTESIAN_POINT('',(4.245E0,-2.E-1,0.E0));
#1659=LINE('',#1658,#1657);
#1660=DIRECTION('',(0.E0,-1.E0,0.E0));
#1661=VECTOR('',#1660,4.E-1);
#1662=CARTESIAN_POINT('',(4.245E0,2.E-1,3.7E0));
#1663=LINE('',#1662,#1661);
#1664=DIRECTION('',(0.E0,0.E0,-1.E0));
#1665=VECTOR('',#1664,2.7E0);
#1666=CARTESIAN_POINT('',(4.245E0,-2.E-1,3.7E0));
#1667=LINE('',#1666,#1665);
#1668=DIRECTION('',(1.924500897299E-1,-1.924500897299E-1,-9.622504486494E-1));
#1669=VECTOR('',#1668,3.117691453624E-1);
#1670=CARTESIAN_POINT('',(4.245E0,2.E-1,-1.5E0));
#1671=LINE('',#1670,#1669);
#1672=DIRECTION('',(-1.E0,0.E0,0.E0));
#1673=VECTOR('',#1672,4.E-1);
#1674=CARTESIAN_POINT('',(3.375E0,-2.E-1,-1.5E0));
#1675=LINE('',#1674,#1673);
#1676=DIRECTION('',(0.E0,0.E0,-1.E0));
#1677=VECTOR('',#1676,1.5E0);
#1678=CARTESIAN_POINT('',(3.375E0,-2.E-1,0.E0));
#1679=LINE('',#1678,#1677);
#1680=DIRECTION('',(1.E0,0.E0,0.E0));
#1681=VECTOR('',#1680,4.E-1);
#1682=CARTESIAN_POINT('',(2.975E0,-2.E-1,3.7E0));
#1683=LINE('',#1682,#1681);
#1684=DIRECTION('',(0.E0,0.E0,-1.E0));
#1685=VECTOR('',#1684,2.7E0);
#1686=CARTESIAN_POINT('',(3.375E0,-2.E-1,3.7E0));
#1687=LINE('',#1686,#1685);
#1688=DIRECTION('',(1.924500897299E-1,1.924500897299E-1,-9.622504486494E-1));
#1689=VECTOR('',#1688,3.117691453624E-1);
#1690=CARTESIAN_POINT('',(2.975E0,-2.E-1,-1.5E0));
#1691=LINE('',#1690,#1689);
#1692=DIRECTION('',(-1.924500897299E-1,1.924500897299E-1,-9.622504486494E-1));
#1693=VECTOR('',#1692,3.117691453624E-1);
#1694=CARTESIAN_POINT('',(3.375E0,-2.E-1,-1.5E0));
#1695=LINE('',#1694,#1693);
#1696=DIRECTION('',(1.E0,0.E0,0.E0));
#1697=VECTOR('',#1696,2.8E-1);
#1698=CARTESIAN_POINT('',(3.035E0,1.4E-1,-1.8E0));
#1699=LINE('',#1698,#1697);
#1700=DIRECTION('',(0.E0,1.E0,0.E0));
#1701=VECTOR('',#1700,2.8E-1);
#1702=CARTESIAN_POINT('',(3.035E0,-1.4E-1,-1.8E0));
#1703=LINE('',#1702,#1701);
#1704=DIRECTION('',(-1.E0,0.E0,0.E0));
#1705=VECTOR('',#1704,2.8E-1);
#1706=CARTESIAN_POINT('',(3.315E0,-1.4E-1,-1.8E0));
#1707=LINE('',#1706,#1705);
#1708=DIRECTION('',(0.E0,-1.E0,0.E0));
#1709=VECTOR('',#1708,2.8E-1);
#1710=CARTESIAN_POINT('',(3.315E0,1.4E-1,-1.8E0));
#1711=LINE('',#1710,#1709);
#1712=DIRECTION('',(-1.924500897299E-1,-1.924500897299E-1,-9.622504486494E-1));
#1713=VECTOR('',#1712,3.117691453624E-1);
#1714=CARTESIAN_POINT('',(3.375E0,2.E-1,-1.5E0));
#1715=LINE('',#1714,#1713);
#1716=DIRECTION('',(1.E0,0.E0,0.E0));
#1717=VECTOR('',#1716,4.E-1);
#1718=CARTESIAN_POINT('',(2.975E0,2.E-1,-1.5E0));
#1719=LINE('',#1718,#1717);
#1720=DIRECTION('',(0.E0,0.E0,-1.E0));
#1721=VECTOR('',#1720,1.5E0);
#1722=CARTESIAN_POINT('',(2.975E0,2.E-1,0.E0));
#1723=LINE('',#1722,#1721);
#1724=DIRECTION('',(-1.E0,0.E0,0.E0));
#1725=VECTOR('',#1724,4.E-1);
#1726=CARTESIAN_POINT('',(3.375E0,2.E-1,3.7E0));
#1727=LINE('',#1726,#1725);
#1728=DIRECTION('',(0.E0,0.E0,-1.E0));
#1729=VECTOR('',#1728,2.7E0);
#1730=CARTESIAN_POINT('',(2.975E0,2.E-1,3.7E0));
#1731=LINE('',#1730,#1729);
#1732=DIRECTION('',(0.E0,-1.E0,0.E0));
#1733=VECTOR('',#1732,4.E-1);
#1734=CARTESIAN_POINT('',(3.375E0,2.E-1,-1.5E0));
#1735=LINE('',#1734,#1733);
#1736=DIRECTION('',(0.E0,0.E0,-1.E0));
#1737=VECTOR('',#1736,1.5E0);
#1738=CARTESIAN_POINT('',(3.375E0,2.E-1,0.E0));
#1739=LINE('',#1738,#1737);
#1740=DIRECTION('',(0.E0,1.E0,0.E0));
#1741=VECTOR('',#1740,4.E-1);
#1742=CARTESIAN_POINT('',(3.375E0,-2.E-1,3.7E0));
#1743=LINE('',#1742,#1741);
#1744=DIRECTION('',(0.E0,0.E0,-1.E0));
#1745=VECTOR('',#1744,2.7E0);
#1746=CARTESIAN_POINT('',(3.375E0,2.E-1,3.7E0));
#1747=LINE('',#1746,#1745);
#1748=DIRECTION('',(-1.924500897299E-1,-1.924500897299E-1,9.622504486494E-1));
#1749=VECTOR('',#1748,3.117691453624E-1);
#1750=CARTESIAN_POINT('',(3.375E0,2.E-1,3.7E0));
#1751=LINE('',#1750,#1749);
#1752=DIRECTION('',(-1.924500897299E-1,1.924500897299E-1,9.622504486494E-1));
#1753=VECTOR('',#1752,3.117691453624E-1);
#1754=CARTESIAN_POINT('',(3.375E0,-2.E-1,3.7E0));
#1755=LINE('',#1754,#1753);
#1756=DIRECTION('',(1.924500897299E-1,1.924500897299E-1,9.622504486494E-1));
#1757=VECTOR('',#1756,3.117691453624E-1);
#1758=CARTESIAN_POINT('',(2.975E0,-2.E-1,3.7E0));
#1759=LINE('',#1758,#1757);
#1760=DIRECTION('',(-1.E0,0.E0,0.E0));
#1761=VECTOR('',#1760,2.8E-1);
#1762=CARTESIAN_POINT('',(3.315E0,1.4E-1,4.E0));
#1763=LINE('',#1762,#1761);
#1764=DIRECTION('',(0.E0,1.E0,0.E0));
#1765=VECTOR('',#1764,2.8E-1);
#1766=CARTESIAN_POINT('',(3.315E0,-1.4E-1,4.E0));
#1767=LINE('',#1766,#1765);
#1768=DIRECTION('',(1.E0,0.E0,0.E0));
#1769=VECTOR('',#1768,2.8E-1);
#1770=CARTESIAN_POINT('',(3.035E0,-1.4E-1,4.E0));
#1771=LINE('',#1770,#1769);
#1772=DIRECTION('',(0.E0,-1.E0,0.E0));
#1773=VECTOR('',#1772,2.8E-1);
#1774=CARTESIAN_POINT('',(3.035E0,1.4E-1,4.E0));
#1775=LINE('',#1774,#1773);
#1776=DIRECTION('',(1.924500897299E-1,-1.924500897299E-1,9.622504486494E-1));
#1777=VECTOR('',#1776,3.117691453624E-1);
#1778=CARTESIAN_POINT('',(2.975E0,2.E-1,3.7E0));
#1779=LINE('',#1778,#1777);
#1780=DIRECTION('',(0.E0,1.E0,0.E0));
#1781=VECTOR('',#1780,4.E-1);
#1782=CARTESIAN_POINT('',(2.975E0,-2.E-1,-1.5E0));
#1783=LINE('',#1782,#1781);
#1784=DIRECTION('',(0.E0,0.E0,-1.E0));
#1785=VECTOR('',#1784,1.5E0);
#1786=CARTESIAN_POINT('',(2.975E0,-2.E-1,0.E0));
#1787=LINE('',#1786,#1785);
#1788=DIRECTION('',(0.E0,-1.E0,0.E0));
#1789=VECTOR('',#1788,4.E-1);
#1790=CARTESIAN_POINT('',(2.975E0,2.E-1,3.7E0));
#1791=LINE('',#1790,#1789);
#1792=DIRECTION('',(0.E0,0.E0,-1.E0));
#1793=VECTOR('',#1792,2.7E0);
#1794=CARTESIAN_POINT('',(2.975E0,-2.E-1,3.7E0));
#1795=LINE('',#1794,#1793);
#1796=DIRECTION('',(1.924500897299E-1,-1.924500897299E-1,-9.622504486494E-1));
#1797=VECTOR('',#1796,3.117691453624E-1);
#1798=CARTESIAN_POINT('',(2.975E0,2.E-1,-1.5E0));
#1799=LINE('',#1798,#1797);
#1800=DIRECTION('',(-1.E0,0.E0,0.E0));
#1801=VECTOR('',#1800,4.E-1);
#1802=CARTESIAN_POINT('',(2.105E0,-2.E-1,-1.5E0));
#1803=LINE('',#1802,#1801);
#1804=DIRECTION('',(0.E0,0.E0,-1.E0));
#1805=VECTOR('',#1804,1.5E0);
#1806=CARTESIAN_POINT('',(2.105E0,-2.E-1,0.E0));
#1807=LINE('',#1806,#1805);
#1808=DIRECTION('',(1.E0,0.E0,0.E0));
#1809=VECTOR('',#1808,4.E-1);
#1810=CARTESIAN_POINT('',(1.705E0,-2.E-1,3.7E0));
#1811=LINE('',#1810,#1809);
#1812=DIRECTION('',(0.E0,0.E0,-1.E0));
#1813=VECTOR('',#1812,2.7E0);
#1814=CARTESIAN_POINT('',(2.105E0,-2.E-1,3.7E0));
#1815=LINE('',#1814,#1813);
#1816=DIRECTION('',(1.924500897299E-1,1.924500897299E-1,-9.622504486494E-1));
#1817=VECTOR('',#1816,3.117691453624E-1);
#1818=CARTESIAN_POINT('',(1.705E0,-2.E-1,-1.5E0));
#1819=LINE('',#1818,#1817);
#1820=DIRECTION('',(-1.924500897299E-1,1.924500897299E-1,-9.622504486494E-1));
#1821=VECTOR('',#1820,3.117691453624E-1);
#1822=CARTESIAN_POINT('',(2.105E0,-2.E-1,-1.5E0));
#1823=LINE('',#1822,#1821);
#1824=DIRECTION('',(1.E0,0.E0,0.E0));
#1825=VECTOR('',#1824,2.8E-1);
#1826=CARTESIAN_POINT('',(1.765E0,1.4E-1,-1.8E0));
#1827=LINE('',#1826,#1825);
#1828=DIRECTION('',(0.E0,1.E0,0.E0));
#1829=VECTOR('',#1828,2.8E-1);
#1830=CARTESIAN_POINT('',(1.765E0,-1.4E-1,-1.8E0));
#1831=LINE('',#1830,#1829);
#1832=DIRECTION('',(-1.E0,0.E0,0.E0));
#1833=VECTOR('',#1832,2.8E-1);
#1834=CARTESIAN_POINT('',(2.045E0,-1.4E-1,-1.8E0));
#1835=LINE('',#1834,#1833);
#1836=DIRECTION('',(0.E0,-1.E0,0.E0));
#1837=VECTOR('',#1836,2.8E-1);
#1838=CARTESIAN_POINT('',(2.045E0,1.4E-1,-1.8E0));
#1839=LINE('',#1838,#1837);
#1840=DIRECTION('',(-1.924500897299E-1,-1.924500897299E-1,-9.622504486494E-1));
#1841=VECTOR('',#1840,3.117691453624E-1);
#1842=CARTESIAN_POINT('',(2.105E0,2.E-1,-1.5E0));
#1843=LINE('',#1842,#1841);
#1844=DIRECTION('',(1.E0,0.E0,0.E0));
#1845=VECTOR('',#1844,4.E-1);
#1846=CARTESIAN_POINT('',(1.705E0,2.E-1,-1.5E0));
#1847=LINE('',#1846,#1845);
#1848=DIRECTION('',(0.E0,0.E0,-1.E0));
#1849=VECTOR('',#1848,1.5E0);
#1850=CARTESIAN_POINT('',(1.705E0,2.E-1,0.E0));
#1851=LINE('',#1850,#1849);
#1852=DIRECTION('',(-1.E0,0.E0,0.E0));
#1853=VECTOR('',#1852,4.E-1);
#1854=CARTESIAN_POINT('',(2.105E0,2.E-1,3.7E0));
#1855=LINE('',#1854,#1853);
#1856=DIRECTION('',(0.E0,0.E0,-1.E0));
#1857=VECTOR('',#1856,2.7E0);
#1858=CARTESIAN_POINT('',(1.705E0,2.E-1,3.7E0));
#1859=LINE('',#1858,#1857);
#1860=DIRECTION('',(0.E0,-1.E0,0.E0));
#1861=VECTOR('',#1860,4.E-1);
#1862=CARTESIAN_POINT('',(2.105E0,2.E-1,-1.5E0));
#1863=LINE('',#1862,#1861);
#1864=DIRECTION('',(0.E0,0.E0,-1.E0));
#1865=VECTOR('',#1864,1.5E0);
#1866=CARTESIAN_POINT('',(2.105E0,2.E-1,0.E0));
#1867=LINE('',#1866,#1865);
#1868=DIRECTION('',(0.E0,1.E0,0.E0));
#1869=VECTOR('',#1868,4.E-1);
#1870=CARTESIAN_POINT('',(2.105E0,-2.E-1,3.7E0));
#1871=LINE('',#1870,#1869);
#1872=DIRECTION('',(0.E0,0.E0,-1.E0));
#1873=VECTOR('',#1872,2.7E0);
#1874=CARTESIAN_POINT('',(2.105E0,2.E-1,3.7E0));
#1875=LINE('',#1874,#1873);
#1876=DIRECTION('',(-1.924500897299E-1,-1.924500897299E-1,9.622504486494E-1));
#1877=VECTOR('',#1876,3.117691453624E-1);
#1878=CARTESIAN_POINT('',(2.105E0,2.E-1,3.7E0));
#1879=LINE('',#1878,#1877);
#1880=DIRECTION('',(-1.924500897299E-1,1.924500897299E-1,9.622504486494E-1));
#1881=VECTOR('',#1880,3.117691453624E-1);
#1882=CARTESIAN_POINT('',(2.105E0,-2.E-1,3.7E0));
#1883=LINE('',#1882,#1881);
#1884=DIRECTION('',(1.924500897299E-1,1.924500897299E-1,9.622504486494E-1));
#1885=VECTOR('',#1884,3.117691453624E-1);
#1886=CARTESIAN_POINT('',(1.705E0,-2.E-1,3.7E0));
#1887=LINE('',#1886,#1885);
#1888=DIRECTION('',(-1.E0,0.E0,0.E0));
#1889=VECTOR('',#1888,2.8E-1);
#1890=CARTESIAN_POINT('',(2.045E0,1.4E-1,4.E0));
#1891=LINE('',#1890,#1889);
#1892=DIRECTION('',(0.E0,1.E0,0.E0));
#1893=VECTOR('',#1892,2.8E-1);
#1894=CARTESIAN_POINT('',(2.045E0,-1.4E-1,4.E0));
#1895=LINE('',#1894,#1893);
#1896=DIRECTION('',(1.E0,0.E0,0.E0));
#1897=VECTOR('',#1896,2.8E-1);
#1898=CARTESIAN_POINT('',(1.765E0,-1.4E-1,4.E0));
#1899=LINE('',#1898,#1897);
#1900=DIRECTION('',(0.E0,-1.E0,0.E0));
#1901=VECTOR('',#1900,2.8E-1);
#1902=CARTESIAN_POINT('',(1.765E0,1.4E-1,4.E0));
#1903=LINE('',#1902,#1901);
#1904=DIRECTION('',(1.924500897299E-1,-1.924500897299E-1,9.622504486494E-1));
#1905=VECTOR('',#1904,3.117691453624E-1);
#1906=CARTESIAN_POINT('',(1.705E0,2.E-1,3.7E0));
#1907=LINE('',#1906,#1905);
#1908=DIRECTION('',(0.E0,1.E0,0.E0));
#1909=VECTOR('',#1908,4.E-1);
#1910=CARTESIAN_POINT('',(1.705E0,-2.E-1,-1.5E0));
#1911=LINE('',#1910,#1909);
#1912=DIRECTION('',(0.E0,0.E0,-1.E0));
#1913=VECTOR('',#1912,1.5E0);
#1914=CARTESIAN_POINT('',(1.705E0,-2.E-1,0.E0));
#1915=LINE('',#1914,#1913);
#1916=DIRECTION('',(0.E0,-1.E0,0.E0));
#1917=VECTOR('',#1916,4.E-1);
#1918=CARTESIAN_POINT('',(1.705E0,2.E-1,3.7E0));
#1919=LINE('',#1918,#1917);
#1920=DIRECTION('',(0.E0,0.E0,-1.E0));
#1921=VECTOR('',#1920,2.7E0);
#1922=CARTESIAN_POINT('',(1.705E0,-2.E-1,3.7E0));
#1923=LINE('',#1922,#1921);
#1924=DIRECTION('',(1.924500897299E-1,-1.924500897299E-1,-9.622504486494E-1));
#1925=VECTOR('',#1924,3.117691453624E-1);
#1926=CARTESIAN_POINT('',(1.705E0,2.E-1,-1.5E0));
#1927=LINE('',#1926,#1925);
#1928=DIRECTION('',(-1.E0,0.E0,0.E0));
#1929=VECTOR('',#1928,4.E-1);
#1930=CARTESIAN_POINT('',(8.35E-1,-2.E-1,-1.5E0));
#1931=LINE('',#1930,#1929);
#1932=DIRECTION('',(0.E0,0.E0,-1.E0));
#1933=VECTOR('',#1932,1.5E0);
#1934=CARTESIAN_POINT('',(8.35E-1,-2.E-1,0.E0));
#1935=LINE('',#1934,#1933);
#1936=DIRECTION('',(1.E0,0.E0,0.E0));
#1937=VECTOR('',#1936,4.E-1);
#1938=CARTESIAN_POINT('',(4.35E-1,-2.E-1,3.7E0));
#1939=LINE('',#1938,#1937);
#1940=DIRECTION('',(0.E0,0.E0,-1.E0));
#1941=VECTOR('',#1940,2.7E0);
#1942=CARTESIAN_POINT('',(8.35E-1,-2.E-1,3.7E0));
#1943=LINE('',#1942,#1941);
#1944=DIRECTION('',(1.924500897299E-1,1.924500897299E-1,-9.622504486494E-1));
#1945=VECTOR('',#1944,3.117691453624E-1);
#1946=CARTESIAN_POINT('',(4.35E-1,-2.E-1,-1.5E0));
#1947=LINE('',#1946,#1945);
#1948=DIRECTION('',(-1.924500897299E-1,1.924500897299E-1,-9.622504486494E-1));
#1949=VECTOR('',#1948,3.117691453624E-1);
#1950=CARTESIAN_POINT('',(8.35E-1,-2.E-1,-1.5E0));
#1951=LINE('',#1950,#1949);
#1952=DIRECTION('',(1.E0,0.E0,0.E0));
#1953=VECTOR('',#1952,2.8E-1);
#1954=CARTESIAN_POINT('',(4.95E-1,1.4E-1,-1.8E0));
#1955=LINE('',#1954,#1953);
#1956=DIRECTION('',(0.E0,1.E0,0.E0));
#1957=VECTOR('',#1956,2.8E-1);
#1958=CARTESIAN_POINT('',(4.95E-1,-1.4E-1,-1.8E0));
#1959=LINE('',#1958,#1957);
#1960=DIRECTION('',(-1.E0,0.E0,0.E0));
#1961=VECTOR('',#1960,2.8E-1);
#1962=CARTESIAN_POINT('',(7.75E-1,-1.4E-1,-1.8E0));
#1963=LINE('',#1962,#1961);
#1964=DIRECTION('',(0.E0,-1.E0,0.E0));
#1965=VECTOR('',#1964,2.8E-1);
#1966=CARTESIAN_POINT('',(7.75E-1,1.4E-1,-1.8E0));
#1967=LINE('',#1966,#1965);
#1968=DIRECTION('',(-1.924500897299E-1,-1.924500897299E-1,-9.622504486494E-1));
#1969=VECTOR('',#1968,3.117691453624E-1);
#1970=CARTESIAN_POINT('',(8.35E-1,2.E-1,-1.5E0));
#1971=LINE('',#1970,#1969);
#1972=DIRECTION('',(1.E0,0.E0,0.E0));
#1973=VECTOR('',#1972,4.E-1);
#1974=CARTESIAN_POINT('',(4.35E-1,2.E-1,-1.5E0));
#1975=LINE('',#1974,#1973);
#1976=DIRECTION('',(0.E0,0.E0,-1.E0));
#1977=VECTOR('',#1976,1.5E0);
#1978=CARTESIAN_POINT('',(4.35E-1,2.E-1,0.E0));
#1979=LINE('',#1978,#1977);
#1980=DIRECTION('',(-1.E0,0.E0,0.E0));
#1981=VECTOR('',#1980,4.E-1);
#1982=CARTESIAN_POINT('',(8.35E-1,2.E-1,3.7E0));
#1983=LINE('',#1982,#1981);
#1984=DIRECTION('',(0.E0,0.E0,-1.E0));
#1985=VECTOR('',#1984,2.7E0);
#1986=CARTESIAN_POINT('',(4.35E-1,2.E-1,3.7E0));
#1987=LINE('',#1986,#1985);
#1988=DIRECTION('',(0.E0,-1.E0,0.E0));
#1989=VECTOR('',#1988,4.E-1);
#1990=CARTESIAN_POINT('',(8.35E-1,2.E-1,-1.5E0));
#1991=LINE('',#1990,#1989);
#1992=DIRECTION('',(0.E0,0.E0,-1.E0));
#1993=VECTOR('',#1992,1.5E0);
#1994=CARTESIAN_POINT('',(8.35E-1,2.E-1,0.E0));
#1995=LINE('',#1994,#1993);
#1996=DIRECTION('',(0.E0,1.E0,0.E0));
#1997=VECTOR('',#1996,4.E-1);
#1998=CARTESIAN_POINT('',(8.35E-1,-2.E-1,3.7E0));
#1999=LINE('',#1998,#1997);
#2000=DIRECTION('',(0.E0,0.E0,-1.E0));
#2001=VECTOR('',#2000,2.7E0);
#2002=CARTESIAN_POINT('',(8.35E-1,2.E-1,3.7E0));
#2003=LINE('',#2002,#2001);
#2004=DIRECTION('',(-1.924500897299E-1,-1.924500897299E-1,9.622504486494E-1));
#2005=VECTOR('',#2004,3.117691453624E-1);
#2006=CARTESIAN_POINT('',(8.35E-1,2.E-1,3.7E0));
#2007=LINE('',#2006,#2005);
#2008=DIRECTION('',(-1.924500897299E-1,1.924500897299E-1,9.622504486494E-1));
#2009=VECTOR('',#2008,3.117691453624E-1);
#2010=CARTESIAN_POINT('',(8.35E-1,-2.E-1,3.7E0));
#2011=LINE('',#2010,#2009);
#2012=DIRECTION('',(1.924500897299E-1,1.924500897299E-1,9.622504486494E-1));
#2013=VECTOR('',#2012,3.117691453624E-1);
#2014=CARTESIAN_POINT('',(4.35E-1,-2.E-1,3.7E0));
#2015=LINE('',#2014,#2013);
#2016=DIRECTION('',(-1.E0,0.E0,0.E0));
#2017=VECTOR('',#2016,2.8E-1);
#2018=CARTESIAN_POINT('',(7.75E-1,1.4E-1,4.E0));
#2019=LINE('',#2018,#2017);
#2020=DIRECTION('',(0.E0,1.E0,0.E0));
#2021=VECTOR('',#2020,2.8E-1);
#2022=CARTESIAN_POINT('',(7.75E-1,-1.4E-1,4.E0));
#2023=LINE('',#2022,#2021);
#2024=DIRECTION('',(1.E0,0.E0,0.E0));
#2025=VECTOR('',#2024,2.8E-1);
#2026=CARTESIAN_POINT('',(4.95E-1,-1.4E-1,4.E0));
#2027=LINE('',#2026,#2025);
#2028=DIRECTION('',(0.E0,-1.E0,0.E0));
#2029=VECTOR('',#2028,2.8E-1);
#2030=CARTESIAN_POINT('',(4.95E-1,1.4E-1,4.E0));
#2031=LINE('',#2030,#2029);
#2032=DIRECTION('',(1.924500897299E-1,-1.924500897299E-1,9.622504486494E-1));
#2033=VECTOR('',#2032,3.117691453624E-1);
#2034=CARTESIAN_POINT('',(4.35E-1,2.E-1,3.7E0));
#2035=LINE('',#2034,#2033);
#2036=DIRECTION('',(0.E0,1.E0,0.E0));
#2037=VECTOR('',#2036,4.E-1);
#2038=CARTESIAN_POINT('',(4.35E-1,-2.E-1,-1.5E0));
#2039=LINE('',#2038,#2037);
#2040=DIRECTION('',(0.E0,0.E0,-1.E0));
#2041=VECTOR('',#2040,1.5E0);
#2042=CARTESIAN_POINT('',(4.35E-1,-2.E-1,0.E0));
#2043=LINE('',#2042,#2041);
#2044=DIRECTION('',(0.E0,-1.E0,0.E0));
#2045=VECTOR('',#2044,4.E-1);
#2046=CARTESIAN_POINT('',(4.35E-1,2.E-1,3.7E0));
#2047=LINE('',#2046,#2045);
#2048=DIRECTION('',(0.E0,0.E0,-1.E0));
#2049=VECTOR('',#2048,2.7E0);
#2050=CARTESIAN_POINT('',(4.35E-1,-2.E-1,3.7E0));
#2051=LINE('',#2050,#2049);
#2052=DIRECTION('',(1.924500897299E-1,-1.924500897299E-1,-9.622504486494E-1));
#2053=VECTOR('',#2052,3.117691453624E-1);
#2054=CARTESIAN_POINT('',(4.35E-1,2.E-1,-1.5E0));
#2055=LINE('',#2054,#2053);
#2056=DIRECTION('',(-1.E0,0.E0,0.E0));
#2057=VECTOR('',#2056,4.E-1);
#2058=CARTESIAN_POINT('',(-4.35E-1,-2.E-1,-1.5E0));
#2059=LINE('',#2058,#2057);
#2060=DIRECTION('',(0.E0,0.E0,-1.E0));
#2061=VECTOR('',#2060,1.5E0);
#2062=CARTESIAN_POINT('',(-4.35E-1,-2.E-1,0.E0));
#2063=LINE('',#2062,#2061);
#2064=DIRECTION('',(1.E0,0.E0,0.E0));
#2065=VECTOR('',#2064,4.E-1);
#2066=CARTESIAN_POINT('',(-8.35E-1,-2.E-1,3.7E0));
#2067=LINE('',#2066,#2065);
#2068=DIRECTION('',(0.E0,0.E0,-1.E0));
#2069=VECTOR('',#2068,2.7E0);
#2070=CARTESIAN_POINT('',(-4.35E-1,-2.E-1,3.7E0));
#2071=LINE('',#2070,#2069);
#2072=DIRECTION('',(1.924500897299E-1,1.924500897299E-1,-9.622504486494E-1));
#2073=VECTOR('',#2072,3.117691453624E-1);
#2074=CARTESIAN_POINT('',(-8.35E-1,-2.E-1,-1.5E0));
#2075=LINE('',#2074,#2073);
#2076=DIRECTION('',(-1.924500897299E-1,1.924500897299E-1,-9.622504486494E-1));
#2077=VECTOR('',#2076,3.117691453624E-1);
#2078=CARTESIAN_POINT('',(-4.35E-1,-2.E-1,-1.5E0));
#2079=LINE('',#2078,#2077);
#2080=DIRECTION('',(1.E0,0.E0,0.E0));
#2081=VECTOR('',#2080,2.8E-1);
#2082=CARTESIAN_POINT('',(-7.75E-1,1.4E-1,-1.8E0));
#2083=LINE('',#2082,#2081);
#2084=DIRECTION('',(0.E0,1.E0,0.E0));
#2085=VECTOR('',#2084,2.8E-1);
#2086=CARTESIAN_POINT('',(-7.75E-1,-1.4E-1,-1.8E0));
#2087=LINE('',#2086,#2085);
#2088=DIRECTION('',(-1.E0,0.E0,0.E0));
#2089=VECTOR('',#2088,2.8E-1);
#2090=CARTESIAN_POINT('',(-4.95E-1,-1.4E-1,-1.8E0));
#2091=LINE('',#2090,#2089);
#2092=DIRECTION('',(0.E0,-1.E0,0.E0));
#2093=VECTOR('',#2092,2.8E-1);
#2094=CARTESIAN_POINT('',(-4.95E-1,1.4E-1,-1.8E0));
#2095=LINE('',#2094,#2093);
#2096=DIRECTION('',(-1.924500897299E-1,-1.924500897299E-1,-9.622504486494E-1));
#2097=VECTOR('',#2096,3.117691453624E-1);
#2098=CARTESIAN_POINT('',(-4.35E-1,2.E-1,-1.5E0));
#2099=LINE('',#2098,#2097);
#2100=DIRECTION('',(1.E0,0.E0,0.E0));
#2101=VECTOR('',#2100,4.E-1);
#2102=CARTESIAN_POINT('',(-8.35E-1,2.E-1,-1.5E0));
#2103=LINE('',#2102,#2101);
#2104=DIRECTION('',(0.E0,0.E0,-1.E0));
#2105=VECTOR('',#2104,1.5E0);
#2106=CARTESIAN_POINT('',(-8.35E-1,2.E-1,0.E0));
#2107=LINE('',#2106,#2105);
#2108=DIRECTION('',(-1.E0,0.E0,0.E0));
#2109=VECTOR('',#2108,4.E-1);
#2110=CARTESIAN_POINT('',(-4.35E-1,2.E-1,3.7E0));
#2111=LINE('',#2110,#2109);
#2112=DIRECTION('',(0.E0,0.E0,-1.E0));
#2113=VECTOR('',#2112,2.7E0);
#2114=CARTESIAN_POINT('',(-8.35E-1,2.E-1,3.7E0));
#2115=LINE('',#2114,#2113);
#2116=DIRECTION('',(0.E0,-1.E0,0.E0));
#2117=VECTOR('',#2116,4.E-1);
#2118=CARTESIAN_POINT('',(-4.35E-1,2.E-1,-1.5E0));
#2119=LINE('',#2118,#2117);
#2120=DIRECTION('',(0.E0,0.E0,-1.E0));
#2121=VECTOR('',#2120,1.5E0);
#2122=CARTESIAN_POINT('',(-4.35E-1,2.E-1,0.E0));
#2123=LINE('',#2122,#2121);
#2124=DIRECTION('',(0.E0,1.E0,0.E0));
#2125=VECTOR('',#2124,4.E-1);
#2126=CARTESIAN_POINT('',(-4.35E-1,-2.E-1,3.7E0));
#2127=LINE('',#2126,#2125);
#2128=DIRECTION('',(0.E0,0.E0,-1.E0));
#2129=VECTOR('',#2128,2.7E0);
#2130=CARTESIAN_POINT('',(-4.35E-1,2.E-1,3.7E0));
#2131=LINE('',#2130,#2129);
#2132=DIRECTION('',(-1.924500897299E-1,-1.924500897299E-1,9.622504486494E-1));
#2133=VECTOR('',#2132,3.117691453624E-1);
#2134=CARTESIAN_POINT('',(-4.35E-1,2.E-1,3.7E0));
#2135=LINE('',#2134,#2133);
#2136=DIRECTION('',(-1.924500897299E-1,1.924500897299E-1,9.622504486494E-1));
#2137=VECTOR('',#2136,3.117691453624E-1);
#2138=CARTESIAN_POINT('',(-4.35E-1,-2.E-1,3.7E0));
#2139=LINE('',#2138,#2137);
#2140=DIRECTION('',(1.924500897299E-1,1.924500897299E-1,9.622504486494E-1));
#2141=VECTOR('',#2140,3.117691453624E-1);
#2142=CARTESIAN_POINT('',(-8.35E-1,-2.E-1,3.7E0));
#2143=LINE('',#2142,#2141);
#2144=DIRECTION('',(-1.E0,0.E0,0.E0));
#2145=VECTOR('',#2144,2.8E-1);
#2146=CARTESIAN_POINT('',(-4.95E-1,1.4E-1,4.E0));
#2147=LINE('',#2146,#2145);
#2148=DIRECTION('',(0.E0,1.E0,0.E0));
#2149=VECTOR('',#2148,2.8E-1);
#2150=CARTESIAN_POINT('',(-4.95E-1,-1.4E-1,4.E0));
#2151=LINE('',#2150,#2149);
#2152=DIRECTION('',(1.E0,0.E0,0.E0));
#2153=VECTOR('',#2152,2.8E-1);
#2154=CARTESIAN_POINT('',(-7.75E-1,-1.4E-1,4.E0));
#2155=LINE('',#2154,#2153);
#2156=DIRECTION('',(0.E0,-1.E0,0.E0));
#2157=VECTOR('',#2156,2.8E-1);
#2158=CARTESIAN_POINT('',(-7.75E-1,1.4E-1,4.E0));
#2159=LINE('',#2158,#2157);
#2160=DIRECTION('',(1.924500897299E-1,-1.924500897299E-1,9.622504486494E-1));
#2161=VECTOR('',#2160,3.117691453624E-1);
#2162=CARTESIAN_POINT('',(-8.35E-1,2.E-1,3.7E0));
#2163=LINE('',#2162,#2161);
#2164=DIRECTION('',(0.E0,1.E0,0.E0));
#2165=VECTOR('',#2164,4.E-1);
#2166=CARTESIAN_POINT('',(-8.35E-1,-2.E-1,-1.5E0));
#2167=LINE('',#2166,#2165);
#2168=DIRECTION('',(0.E0,0.E0,-1.E0));
#2169=VECTOR('',#2168,1.5E0);
#2170=CARTESIAN_POINT('',(-8.35E-1,-2.E-1,0.E0));
#2171=LINE('',#2170,#2169);
#2172=DIRECTION('',(0.E0,-1.E0,0.E0));
#2173=VECTOR('',#2172,4.E-1);
#2174=CARTESIAN_POINT('',(-8.35E-1,2.E-1,3.7E0));
#2175=LINE('',#2174,#2173);
#2176=DIRECTION('',(0.E0,0.E0,-1.E0));
#2177=VECTOR('',#2176,2.7E0);
#2178=CARTESIAN_POINT('',(-8.35E-1,-2.E-1,3.7E0));
#2179=LINE('',#2178,#2177);
#2180=DIRECTION('',(1.924500897299E-1,-1.924500897299E-1,-9.622504486494E-1));
#2181=VECTOR('',#2180,3.117691453624E-1);
#2182=CARTESIAN_POINT('',(-8.35E-1,2.E-1,-1.5E0));
#2183=LINE('',#2182,#2181);
#2184=DIRECTION('',(-1.E0,0.E0,0.E0));
#2185=VECTOR('',#2184,4.E-1);
#2186=CARTESIAN_POINT('',(-1.705E0,-2.E-1,-1.5E0));
#2187=LINE('',#2186,#2185);
#2188=DIRECTION('',(0.E0,0.E0,-1.E0));
#2189=VECTOR('',#2188,1.5E0);
#2190=CARTESIAN_POINT('',(-1.705E0,-2.E-1,0.E0));
#2191=LINE('',#2190,#2189);
#2192=DIRECTION('',(1.E0,0.E0,0.E0));
#2193=VECTOR('',#2192,4.E-1);
#2194=CARTESIAN_POINT('',(-2.105E0,-2.E-1,3.7E0));
#2195=LINE('',#2194,#2193);
#2196=DIRECTION('',(0.E0,0.E0,-1.E0));
#2197=VECTOR('',#2196,2.7E0);
#2198=CARTESIAN_POINT('',(-1.705E0,-2.E-1,3.7E0));
#2199=LINE('',#2198,#2197);
#2200=DIRECTION('',(1.924500897299E-1,1.924500897299E-1,-9.622504486494E-1));
#2201=VECTOR('',#2200,3.117691453624E-1);
#2202=CARTESIAN_POINT('',(-2.105E0,-2.E-1,-1.5E0));
#2203=LINE('',#2202,#2201);
#2204=DIRECTION('',(-1.924500897299E-1,1.924500897299E-1,-9.622504486494E-1));
#2205=VECTOR('',#2204,3.117691453624E-1);
#2206=CARTESIAN_POINT('',(-1.705E0,-2.E-1,-1.5E0));
#2207=LINE('',#2206,#2205);
#2208=DIRECTION('',(1.E0,0.E0,0.E0));
#2209=VECTOR('',#2208,2.8E-1);
#2210=CARTESIAN_POINT('',(-2.045E0,1.4E-1,-1.8E0));
#2211=LINE('',#2210,#2209);
#2212=DIRECTION('',(0.E0,1.E0,0.E0));
#2213=VECTOR('',#2212,2.8E-1);
#2214=CARTESIAN_POINT('',(-2.045E0,-1.4E-1,-1.8E0));
#2215=LINE('',#2214,#2213);
#2216=DIRECTION('',(-1.E0,0.E0,0.E0));
#2217=VECTOR('',#2216,2.8E-1);
#2218=CARTESIAN_POINT('',(-1.765E0,-1.4E-1,-1.8E0));
#2219=LINE('',#2218,#2217);
#2220=DIRECTION('',(0.E0,-1.E0,0.E0));
#2221=VECTOR('',#2220,2.8E-1);
#2222=CARTESIAN_POINT('',(-1.765E0,1.4E-1,-1.8E0));
#2223=LINE('',#2222,#2221);
#2224=DIRECTION('',(-1.924500897299E-1,-1.924500897299E-1,-9.622504486494E-1));
#2225=VECTOR('',#2224,3.117691453624E-1);
#2226=CARTESIAN_POINT('',(-1.705E0,2.E-1,-1.5E0));
#2227=LINE('',#2226,#2225);
#2228=DIRECTION('',(1.E0,0.E0,0.E0));
#2229=VECTOR('',#2228,4.E-1);
#2230=CARTESIAN_POINT('',(-2.105E0,2.E-1,-1.5E0));
#2231=LINE('',#2230,#2229);
#2232=DIRECTION('',(0.E0,0.E0,-1.E0));
#2233=VECTOR('',#2232,1.5E0);
#2234=CARTESIAN_POINT('',(-2.105E0,2.E-1,0.E0));
#2235=LINE('',#2234,#2233);
#2236=DIRECTION('',(-1.E0,0.E0,0.E0));
#2237=VECTOR('',#2236,4.E-1);
#2238=CARTESIAN_POINT('',(-1.705E0,2.E-1,3.7E0));
#2239=LINE('',#2238,#2237);
#2240=DIRECTION('',(0.E0,0.E0,-1.E0));
#2241=VECTOR('',#2240,2.7E0);
#2242=CARTESIAN_POINT('',(-2.105E0,2.E-1,3.7E0));
#2243=LINE('',#2242,#2241);
#2244=DIRECTION('',(0.E0,-1.E0,0.E0));
#2245=VECTOR('',#2244,4.E-1);
#2246=CARTESIAN_POINT('',(-1.705E0,2.E-1,-1.5E0));
#2247=LINE('',#2246,#2245);
#2248=DIRECTION('',(0.E0,0.E0,-1.E0));
#2249=VECTOR('',#2248,1.5E0);
#2250=CARTESIAN_POINT('',(-1.705E0,2.E-1,0.E0));
#2251=LINE('',#2250,#2249);
#2252=DIRECTION('',(0.E0,1.E0,0.E0));
#2253=VECTOR('',#2252,4.E-1);
#2254=CARTESIAN_POINT('',(-1.705E0,-2.E-1,3.7E0));
#2255=LINE('',#2254,#2253);
#2256=DIRECTION('',(0.E0,0.E0,-1.E0));
#2257=VECTOR('',#2256,2.7E0);
#2258=CARTESIAN_POINT('',(-1.705E0,2.E-1,3.7E0));
#2259=LINE('',#2258,#2257);
#2260=DIRECTION('',(-1.924500897299E-1,-1.924500897299E-1,9.622504486494E-1));
#2261=VECTOR('',#2260,3.117691453624E-1);
#2262=CARTESIAN_POINT('',(-1.705E0,2.E-1,3.7E0));
#2263=LINE('',#2262,#2261);
#2264=DIRECTION('',(-1.924500897299E-1,1.924500897299E-1,9.622504486494E-1));
#2265=VECTOR('',#2264,3.117691453624E-1);
#2266=CARTESIAN_POINT('',(-1.705E0,-2.E-1,3.7E0));
#2267=LINE('',#2266,#2265);
#2268=DIRECTION('',(1.924500897299E-1,1.924500897299E-1,9.622504486494E-1));
#2269=VECTOR('',#2268,3.117691453624E-1);
#2270=CARTESIAN_POINT('',(-2.105E0,-2.E-1,3.7E0));
#2271=LINE('',#2270,#2269);
#2272=DIRECTION('',(-1.E0,0.E0,0.E0));
#2273=VECTOR('',#2272,2.8E-1);
#2274=CARTESIAN_POINT('',(-1.765E0,1.4E-1,4.E0));
#2275=LINE('',#2274,#2273);
#2276=DIRECTION('',(0.E0,1.E0,0.E0));
#2277=VECTOR('',#2276,2.8E-1);
#2278=CARTESIAN_POINT('',(-1.765E0,-1.4E-1,4.E0));
#2279=LINE('',#2278,#2277);
#2280=DIRECTION('',(1.E0,0.E0,0.E0));
#2281=VECTOR('',#2280,2.8E-1);
#2282=CARTESIAN_POINT('',(-2.045E0,-1.4E-1,4.E0));
#2283=LINE('',#2282,#2281);
#2284=DIRECTION('',(0.E0,-1.E0,0.E0));
#2285=VECTOR('',#2284,2.8E-1);
#2286=CARTESIAN_POINT('',(-2.045E0,1.4E-1,4.E0));
#2287=LINE('',#2286,#2285);
#2288=DIRECTION('',(1.924500897299E-1,-1.924500897299E-1,9.622504486494E-1));
#2289=VECTOR('',#2288,3.117691453624E-1);
#2290=CARTESIAN_POINT('',(-2.105E0,2.E-1,3.7E0));
#2291=LINE('',#2290,#2289);
#2292=DIRECTION('',(0.E0,1.E0,0.E0));
#2293=VECTOR('',#2292,4.E-1);
#2294=CARTESIAN_POINT('',(-2.105E0,-2.E-1,-1.5E0));
#2295=LINE('',#2294,#2293);
#2296=DIRECTION('',(0.E0,0.E0,-1.E0));
#2297=VECTOR('',#2296,1.5E0);
#2298=CARTESIAN_POINT('',(-2.105E0,-2.E-1,0.E0));
#2299=LINE('',#2298,#2297);
#2300=DIRECTION('',(0.E0,-1.E0,0.E0));
#2301=VECTOR('',#2300,4.E-1);
#2302=CARTESIAN_POINT('',(-2.105E0,2.E-1,3.7E0));
#2303=LINE('',#2302,#2301);
#2304=DIRECTION('',(0.E0,0.E0,-1.E0));
#2305=VECTOR('',#2304,2.7E0);
#2306=CARTESIAN_POINT('',(-2.105E0,-2.E-1,3.7E0));
#2307=LINE('',#2306,#2305);
#2308=DIRECTION('',(1.924500897299E-1,-1.924500897299E-1,-9.622504486494E-1));
#2309=VECTOR('',#2308,3.117691453624E-1);
#2310=CARTESIAN_POINT('',(-2.105E0,2.E-1,-1.5E0));
#2311=LINE('',#2310,#2309);
#2312=DIRECTION('',(-1.E0,0.E0,0.E0));
#2313=VECTOR('',#2312,4.E-1);
#2314=CARTESIAN_POINT('',(-2.975E0,-2.E-1,-1.5E0));
#2315=LINE('',#2314,#2313);
#2316=DIRECTION('',(0.E0,0.E0,-1.E0));
#2317=VECTOR('',#2316,1.5E0);
#2318=CARTESIAN_POINT('',(-2.975E0,-2.E-1,0.E0));
#2319=LINE('',#2318,#2317);
#2320=DIRECTION('',(1.E0,0.E0,0.E0));
#2321=VECTOR('',#2320,4.E-1);
#2322=CARTESIAN_POINT('',(-3.375E0,-2.E-1,3.7E0));
#2323=LINE('',#2322,#2321);
#2324=DIRECTION('',(0.E0,0.E0,-1.E0));
#2325=VECTOR('',#2324,2.7E0);
#2326=CARTESIAN_POINT('',(-2.975E0,-2.E-1,3.7E0));
#2327=LINE('',#2326,#2325);
#2328=DIRECTION('',(1.924500897299E-1,1.924500897299E-1,-9.622504486494E-1));
#2329=VECTOR('',#2328,3.117691453624E-1);
#2330=CARTESIAN_POINT('',(-3.375E0,-2.E-1,-1.5E0));
#2331=LINE('',#2330,#2329);
#2332=DIRECTION('',(-1.924500897299E-1,1.924500897299E-1,-9.622504486494E-1));
#2333=VECTOR('',#2332,3.117691453624E-1);
#2334=CARTESIAN_POINT('',(-2.975E0,-2.E-1,-1.5E0));
#2335=LINE('',#2334,#2333);
#2336=DIRECTION('',(1.E0,0.E0,0.E0));
#2337=VECTOR('',#2336,2.8E-1);
#2338=CARTESIAN_POINT('',(-3.315E0,1.4E-1,-1.8E0));
#2339=LINE('',#2338,#2337);
#2340=DIRECTION('',(0.E0,1.E0,0.E0));
#2341=VECTOR('',#2340,2.8E-1);
#2342=CARTESIAN_POINT('',(-3.315E0,-1.4E-1,-1.8E0));
#2343=LINE('',#2342,#2341);
#2344=DIRECTION('',(-1.E0,0.E0,0.E0));
#2345=VECTOR('',#2344,2.8E-1);
#2346=CARTESIAN_POINT('',(-3.035E0,-1.4E-1,-1.8E0));
#2347=LINE('',#2346,#2345);
#2348=DIRECTION('',(0.E0,-1.E0,0.E0));
#2349=VECTOR('',#2348,2.8E-1);
#2350=CARTESIAN_POINT('',(-3.035E0,1.4E-1,-1.8E0));
#2351=LINE('',#2350,#2349);
#2352=DIRECTION('',(-1.924500897299E-1,-1.924500897299E-1,-9.622504486494E-1));
#2353=VECTOR('',#2352,3.117691453624E-1);
#2354=CARTESIAN_POINT('',(-2.975E0,2.E-1,-1.5E0));
#2355=LINE('',#2354,#2353);
#2356=DIRECTION('',(1.E0,0.E0,0.E0));
#2357=VECTOR('',#2356,4.E-1);
#2358=CARTESIAN_POINT('',(-3.375E0,2.E-1,-1.5E0));
#2359=LINE('',#2358,#2357);
#2360=DIRECTION('',(0.E0,0.E0,-1.E0));
#2361=VECTOR('',#2360,1.5E0);
#2362=CARTESIAN_POINT('',(-3.375E0,2.E-1,0.E0));
#2363=LINE('',#2362,#2361);
#2364=DIRECTION('',(-1.E0,0.E0,0.E0));
#2365=VECTOR('',#2364,4.E-1);
#2366=CARTESIAN_POINT('',(-2.975E0,2.E-1,3.7E0));
#2367=LINE('',#2366,#2365);
#2368=DIRECTION('',(0.E0,0.E0,-1.E0));
#2369=VECTOR('',#2368,2.7E0);
#2370=CARTESIAN_POINT('',(-3.375E0,2.E-1,3.7E0));
#2371=LINE('',#2370,#2369);
#2372=DIRECTION('',(0.E0,-1.E0,0.E0));
#2373=VECTOR('',#2372,4.E-1);
#2374=CARTESIAN_POINT('',(-2.975E0,2.E-1,-1.5E0));
#2375=LINE('',#2374,#2373);
#2376=DIRECTION('',(0.E0,0.E0,-1.E0));
#2377=VECTOR('',#2376,1.5E0);
#2378=CARTESIAN_POINT('',(-2.975E0,2.E-1,0.E0));
#2379=LINE('',#2378,#2377);
#2380=DIRECTION('',(0.E0,1.E0,0.E0));
#2381=VECTOR('',#2380,4.E-1);
#2382=CARTESIAN_POINT('',(-2.975E0,-2.E-1,3.7E0));
#2383=LINE('',#2382,#2381);
#2384=DIRECTION('',(0.E0,0.E0,-1.E0));
#2385=VECTOR('',#2384,2.7E0);
#2386=CARTESIAN_POINT('',(-2.975E0,2.E-1,3.7E0));
#2387=LINE('',#2386,#2385);
#2388=DIRECTION('',(-1.924500897299E-1,-1.924500897299E-1,9.622504486494E-1));
#2389=VECTOR('',#2388,3.117691453624E-1);
#2390=CARTESIAN_POINT('',(-2.975E0,2.E-1,3.7E0));
#2391=LINE('',#2390,#2389);
#2392=DIRECTION('',(-1.924500897299E-1,1.924500897299E-1,9.622504486494E-1));
#2393=VECTOR('',#2392,3.117691453624E-1);
#2394=CARTESIAN_POINT('',(-2.975E0,-2.E-1,3.7E0));
#2395=LINE('',#2394,#2393);
#2396=DIRECTION('',(1.924500897299E-1,1.924500897299E-1,9.622504486494E-1));
#2397=VECTOR('',#2396,3.117691453624E-1);
#2398=CARTESIAN_POINT('',(-3.375E0,-2.E-1,3.7E0));
#2399=LINE('',#2398,#2397);
#2400=DIRECTION('',(-1.E0,0.E0,0.E0));
#2401=VECTOR('',#2400,2.8E-1);
#2402=CARTESIAN_POINT('',(-3.035E0,1.4E-1,4.E0));
#2403=LINE('',#2402,#2401);
#2404=DIRECTION('',(0.E0,1.E0,0.E0));
#2405=VECTOR('',#2404,2.8E-1);
#2406=CARTESIAN_POINT('',(-3.035E0,-1.4E-1,4.E0));
#2407=LINE('',#2406,#2405);
#2408=DIRECTION('',(1.E0,0.E0,0.E0));
#2409=VECTOR('',#2408,2.8E-1);
#2410=CARTESIAN_POINT('',(-3.315E0,-1.4E-1,4.E0));
#2411=LINE('',#2410,#2409);
#2412=DIRECTION('',(0.E0,-1.E0,0.E0));
#2413=VECTOR('',#2412,2.8E-1);
#2414=CARTESIAN_POINT('',(-3.315E0,1.4E-1,4.E0));
#2415=LINE('',#2414,#2413);
#2416=DIRECTION('',(1.924500897299E-1,-1.924500897299E-1,9.622504486494E-1));
#2417=VECTOR('',#2416,3.117691453624E-1);
#2418=CARTESIAN_POINT('',(-3.375E0,2.E-1,3.7E0));
#2419=LINE('',#2418,#2417);
#2420=DIRECTION('',(0.E0,1.E0,0.E0));
#2421=VECTOR('',#2420,4.E-1);
#2422=CARTESIAN_POINT('',(-3.375E0,-2.E-1,-1.5E0));
#2423=LINE('',#2422,#2421);
#2424=DIRECTION('',(0.E0,0.E0,-1.E0));
#2425=VECTOR('',#2424,1.5E0);
#2426=CARTESIAN_POINT('',(-3.375E0,-2.E-1,0.E0));
#2427=LINE('',#2426,#2425);
#2428=DIRECTION('',(0.E0,-1.E0,0.E0));
#2429=VECTOR('',#2428,4.E-1);
#2430=CARTESIAN_POINT('',(-3.375E0,2.E-1,3.7E0));
#2431=LINE('',#2430,#2429);
#2432=DIRECTION('',(0.E0,0.E0,-1.E0));
#2433=VECTOR('',#2432,2.7E0);
#2434=CARTESIAN_POINT('',(-3.375E0,-2.E-1,3.7E0));
#2435=LINE('',#2434,#2433);
#2436=DIRECTION('',(1.924500897299E-1,-1.924500897299E-1,-9.622504486494E-1));
#2437=VECTOR('',#2436,3.117691453624E-1);
#2438=CARTESIAN_POINT('',(-3.375E0,2.E-1,-1.5E0));
#2439=LINE('',#2438,#2437);
#2440=DIRECTION('',(-1.E0,0.E0,0.E0));
#2441=VECTOR('',#2440,4.E-1);
#2442=CARTESIAN_POINT('',(-4.245E0,-2.E-1,-1.5E0));
#2443=LINE('',#2442,#2441);
#2444=DIRECTION('',(0.E0,0.E0,-1.E0));
#2445=VECTOR('',#2444,1.5E0);
#2446=CARTESIAN_POINT('',(-4.245E0,-2.E-1,0.E0));
#2447=LINE('',#2446,#2445);
#2448=DIRECTION('',(1.E0,0.E0,0.E0));
#2449=VECTOR('',#2448,4.E-1);
#2450=CARTESIAN_POINT('',(-4.645E0,-2.E-1,3.7E0));
#2451=LINE('',#2450,#2449);
#2452=DIRECTION('',(0.E0,0.E0,-1.E0));
#2453=VECTOR('',#2452,2.7E0);
#2454=CARTESIAN_POINT('',(-4.245E0,-2.E-1,3.7E0));
#2455=LINE('',#2454,#2453);
#2456=DIRECTION('',(1.924500897299E-1,1.924500897299E-1,-9.622504486494E-1));
#2457=VECTOR('',#2456,3.117691453624E-1);
#2458=CARTESIAN_POINT('',(-4.645E0,-2.E-1,-1.5E0));
#2459=LINE('',#2458,#2457);
#2460=DIRECTION('',(-1.924500897299E-1,1.924500897299E-1,-9.622504486494E-1));
#2461=VECTOR('',#2460,3.117691453624E-1);
#2462=CARTESIAN_POINT('',(-4.245E0,-2.E-1,-1.5E0));
#2463=LINE('',#2462,#2461);
#2464=DIRECTION('',(1.E0,0.E0,0.E0));
#2465=VECTOR('',#2464,2.8E-1);
#2466=CARTESIAN_POINT('',(-4.585E0,1.4E-1,-1.8E0));
#2467=LINE('',#2466,#2465);
#2468=DIRECTION('',(0.E0,1.E0,0.E0));
#2469=VECTOR('',#2468,2.8E-1);
#2470=CARTESIAN_POINT('',(-4.585E0,-1.4E-1,-1.8E0));
#2471=LINE('',#2470,#2469);
#2472=DIRECTION('',(-1.E0,0.E0,0.E0));
#2473=VECTOR('',#2472,2.8E-1);
#2474=CARTESIAN_POINT('',(-4.305E0,-1.4E-1,-1.8E0));
#2475=LINE('',#2474,#2473);
#2476=DIRECTION('',(0.E0,-1.E0,0.E0));
#2477=VECTOR('',#2476,2.8E-1);
#2478=CARTESIAN_POINT('',(-4.305E0,1.4E-1,-1.8E0));
#2479=LINE('',#2478,#2477);
#2480=DIRECTION('',(-1.924500897299E-1,-1.924500897299E-1,-9.622504486494E-1));
#2481=VECTOR('',#2480,3.117691453624E-1);
#2482=CARTESIAN_POINT('',(-4.245E0,2.E-1,-1.5E0));
#2483=LINE('',#2482,#2481);
#2484=DIRECTION('',(1.E0,0.E0,0.E0));
#2485=VECTOR('',#2484,4.E-1);
#2486=CARTESIAN_POINT('',(-4.645E0,2.E-1,-1.5E0));
#2487=LINE('',#2486,#2485);
#2488=DIRECTION('',(0.E0,0.E0,-1.E0));
#2489=VECTOR('',#2488,1.5E0);
#2490=CARTESIAN_POINT('',(-4.645E0,2.E-1,0.E0));
#2491=LINE('',#2490,#2489);
#2492=DIRECTION('',(-1.E0,0.E0,0.E0));
#2493=VECTOR('',#2492,4.E-1);
#2494=CARTESIAN_POINT('',(-4.245E0,2.E-1,3.7E0));
#2495=LINE('',#2494,#2493);
#2496=DIRECTION('',(0.E0,0.E0,-1.E0));
#2497=VECTOR('',#2496,2.7E0);
#2498=CARTESIAN_POINT('',(-4.645E0,2.E-1,3.7E0));
#2499=LINE('',#2498,#2497);
#2500=DIRECTION('',(0.E0,-1.E0,0.E0));
#2501=VECTOR('',#2500,4.E-1);
#2502=CARTESIAN_POINT('',(-4.245E0,2.E-1,-1.5E0));
#2503=LINE('',#2502,#2501);
#2504=DIRECTION('',(0.E0,0.E0,-1.E0));
#2505=VECTOR('',#2504,1.5E0);
#2506=CARTESIAN_POINT('',(-4.245E0,2.E-1,0.E0));
#2507=LINE('',#2506,#2505);
#2508=DIRECTION('',(0.E0,1.E0,0.E0));
#2509=VECTOR('',#2508,4.E-1);
#2510=CARTESIAN_POINT('',(-4.245E0,-2.E-1,3.7E0));
#2511=LINE('',#2510,#2509);
#2512=DIRECTION('',(0.E0,0.E0,-1.E0));
#2513=VECTOR('',#2512,2.7E0);
#2514=CARTESIAN_POINT('',(-4.245E0,2.E-1,3.7E0));
#2515=LINE('',#2514,#2513);
#2516=DIRECTION('',(-1.924500897299E-1,-1.924500897299E-1,9.622504486494E-1));
#2517=VECTOR('',#2516,3.117691453624E-1);
#2518=CARTESIAN_POINT('',(-4.245E0,2.E-1,3.7E0));
#2519=LINE('',#2518,#2517);
#2520=DIRECTION('',(-1.924500897299E-1,1.924500897299E-1,9.622504486494E-1));
#2521=VECTOR('',#2520,3.117691453624E-1);
#2522=CARTESIAN_POINT('',(-4.245E0,-2.E-1,3.7E0));
#2523=LINE('',#2522,#2521);
#2524=DIRECTION('',(1.924500897299E-1,1.924500897299E-1,9.622504486494E-1));
#2525=VECTOR('',#2524,3.117691453624E-1);
#2526=CARTESIAN_POINT('',(-4.645E0,-2.E-1,3.7E0));
#2527=LINE('',#2526,#2525);
#2528=DIRECTION('',(-1.E0,0.E0,0.E0));
#2529=VECTOR('',#2528,2.8E-1);
#2530=CARTESIAN_POINT('',(-4.305E0,1.4E-1,4.E0));
#2531=LINE('',#2530,#2529);
#2532=DIRECTION('',(0.E0,1.E0,0.E0));
#2533=VECTOR('',#2532,2.8E-1);
#2534=CARTESIAN_POINT('',(-4.305E0,-1.4E-1,4.E0));
#2535=LINE('',#2534,#2533);
#2536=DIRECTION('',(1.E0,0.E0,0.E0));
#2537=VECTOR('',#2536,2.8E-1);
#2538=CARTESIAN_POINT('',(-4.585E0,-1.4E-1,4.E0));
#2539=LINE('',#2538,#2537);
#2540=DIRECTION('',(0.E0,-1.E0,0.E0));
#2541=VECTOR('',#2540,2.8E-1);
#2542=CARTESIAN_POINT('',(-4.585E0,1.4E-1,4.E0));
#2543=LINE('',#2542,#2541);
#2544=DIRECTION('',(1.924500897299E-1,-1.924500897299E-1,9.622504486494E-1));
#2545=VECTOR('',#2544,3.117691453624E-1);
#2546=CARTESIAN_POINT('',(-4.645E0,2.E-1,3.7E0));
#2547=LINE('',#2546,#2545);
#2548=DIRECTION('',(0.E0,1.E0,0.E0));
#2549=VECTOR('',#2548,4.E-1);
#2550=CARTESIAN_POINT('',(-4.645E0,-2.E-1,-1.5E0));
#2551=LINE('',#2550,#2549);
#2552=DIRECTION('',(0.E0,0.E0,-1.E0));
#2553=VECTOR('',#2552,1.5E0);
#2554=CARTESIAN_POINT('',(-4.645E0,-2.E-1,0.E0));
#2555=LINE('',#2554,#2553);
#2556=DIRECTION('',(0.E0,-1.E0,0.E0));
#2557=VECTOR('',#2556,4.E-1);
#2558=CARTESIAN_POINT('',(-4.645E0,2.E-1,3.7E0));
#2559=LINE('',#2558,#2557);
#2560=DIRECTION('',(0.E0,0.E0,-1.E0));
#2561=VECTOR('',#2560,2.7E0);
#2562=CARTESIAN_POINT('',(-4.645E0,-2.E-1,3.7E0));
#2563=LINE('',#2562,#2561);
#2564=DIRECTION('',(1.924500897299E-1,-1.924500897299E-1,-9.622504486494E-1));
#2565=VECTOR('',#2564,3.117691453624E-1);
#2566=CARTESIAN_POINT('',(-4.645E0,2.E-1,-1.5E0));
#2567=LINE('',#2566,#2565);
#2568=DIRECTION('',(-1.E0,0.E0,0.E0));
#2569=VECTOR('',#2568,4.E-1);
#2570=CARTESIAN_POINT('',(-5.515E0,-2.E-1,-1.5E0));
#2571=LINE('',#2570,#2569);
#2572=DIRECTION('',(0.E0,0.E0,-1.E0));
#2573=VECTOR('',#2572,1.5E0);
#2574=CARTESIAN_POINT('',(-5.515E0,-2.E-1,0.E0));
#2575=LINE('',#2574,#2573);
#2576=DIRECTION('',(1.E0,0.E0,0.E0));
#2577=VECTOR('',#2576,4.E-1);
#2578=CARTESIAN_POINT('',(-5.915E0,-2.E-1,3.7E0));
#2579=LINE('',#2578,#2577);
#2580=DIRECTION('',(0.E0,0.E0,-1.E0));
#2581=VECTOR('',#2580,2.7E0);
#2582=CARTESIAN_POINT('',(-5.515E0,-2.E-1,3.7E0));
#2583=LINE('',#2582,#2581);
#2584=DIRECTION('',(1.924500897299E-1,1.924500897299E-1,-9.622504486494E-1));
#2585=VECTOR('',#2584,3.117691453624E-1);
#2586=CARTESIAN_POINT('',(-5.915E0,-2.E-1,-1.5E0));
#2587=LINE('',#2586,#2585);
#2588=DIRECTION('',(-1.924500897299E-1,1.924500897299E-1,-9.622504486494E-1));
#2589=VECTOR('',#2588,3.117691453624E-1);
#2590=CARTESIAN_POINT('',(-5.515E0,-2.E-1,-1.5E0));
#2591=LINE('',#2590,#2589);
#2592=DIRECTION('',(1.E0,0.E0,0.E0));
#2593=VECTOR('',#2592,2.8E-1);
#2594=CARTESIAN_POINT('',(-5.855E0,1.4E-1,-1.8E0));
#2595=LINE('',#2594,#2593);
#2596=DIRECTION('',(0.E0,1.E0,0.E0));
#2597=VECTOR('',#2596,2.8E-1);
#2598=CARTESIAN_POINT('',(-5.855E0,-1.4E-1,-1.8E0));
#2599=LINE('',#2598,#2597);
#2600=DIRECTION('',(-1.E0,0.E0,0.E0));
#2601=VECTOR('',#2600,2.8E-1);
#2602=CARTESIAN_POINT('',(-5.575E0,-1.4E-1,-1.8E0));
#2603=LINE('',#2602,#2601);
#2604=DIRECTION('',(0.E0,-1.E0,0.E0));
#2605=VECTOR('',#2604,2.8E-1);
#2606=CARTESIAN_POINT('',(-5.575E0,1.4E-1,-1.8E0));
#2607=LINE('',#2606,#2605);
#2608=DIRECTION('',(-1.924500897299E-1,-1.924500897299E-1,-9.622504486494E-1));
#2609=VECTOR('',#2608,3.117691453624E-1);
#2610=CARTESIAN_POINT('',(-5.515E0,2.E-1,-1.5E0));
#2611=LINE('',#2610,#2609);
#2612=DIRECTION('',(1.E0,0.E0,0.E0));
#2613=VECTOR('',#2612,4.E-1);
#2614=CARTESIAN_POINT('',(-5.915E0,2.E-1,-1.5E0));
#2615=LINE('',#2614,#2613);
#2616=DIRECTION('',(0.E0,0.E0,-1.E0));
#2617=VECTOR('',#2616,1.5E0);
#2618=CARTESIAN_POINT('',(-5.915E0,2.E-1,0.E0));
#2619=LINE('',#2618,#2617);
#2620=DIRECTION('',(-1.E0,0.E0,0.E0));
#2621=VECTOR('',#2620,4.E-1);
#2622=CARTESIAN_POINT('',(-5.515E0,2.E-1,3.7E0));
#2623=LINE('',#2622,#2621);
#2624=DIRECTION('',(0.E0,0.E0,-1.E0));
#2625=VECTOR('',#2624,2.7E0);
#2626=CARTESIAN_POINT('',(-5.915E0,2.E-1,3.7E0));
#2627=LINE('',#2626,#2625);
#2628=DIRECTION('',(0.E0,-1.E0,0.E0));
#2629=VECTOR('',#2628,4.E-1);
#2630=CARTESIAN_POINT('',(-5.515E0,2.E-1,-1.5E0));
#2631=LINE('',#2630,#2629);
#2632=DIRECTION('',(0.E0,0.E0,-1.E0));
#2633=VECTOR('',#2632,1.5E0);
#2634=CARTESIAN_POINT('',(-5.515E0,2.E-1,0.E0));
#2635=LINE('',#2634,#2633);
#2636=DIRECTION('',(0.E0,1.E0,0.E0));
#2637=VECTOR('',#2636,4.E-1);
#2638=CARTESIAN_POINT('',(-5.515E0,-2.E-1,3.7E0));
#2639=LINE('',#2638,#2637);
#2640=DIRECTION('',(0.E0,0.E0,-1.E0));
#2641=VECTOR('',#2640,2.7E0);
#2642=CARTESIAN_POINT('',(-5.515E0,2.E-1,3.7E0));
#2643=LINE('',#2642,#2641);
#2644=DIRECTION('',(-1.924500897299E-1,-1.924500897299E-1,9.622504486494E-1));
#2645=VECTOR('',#2644,3.117691453624E-1);
#2646=CARTESIAN_POINT('',(-5.515E0,2.E-1,3.7E0));
#2647=LINE('',#2646,#2645);
#2648=DIRECTION('',(-1.924500897299E-1,1.924500897299E-1,9.622504486494E-1));
#2649=VECTOR('',#2648,3.117691453624E-1);
#2650=CARTESIAN_POINT('',(-5.515E0,-2.E-1,3.7E0));
#2651=LINE('',#2650,#2649);
#2652=DIRECTION('',(1.924500897299E-1,1.924500897299E-1,9.622504486494E-1));
#2653=VECTOR('',#2652,3.117691453624E-1);
#2654=CARTESIAN_POINT('',(-5.915E0,-2.E-1,3.7E0));
#2655=LINE('',#2654,#2653);
#2656=DIRECTION('',(-1.E0,0.E0,0.E0));
#2657=VECTOR('',#2656,2.8E-1);
#2658=CARTESIAN_POINT('',(-5.575E0,1.4E-1,4.E0));
#2659=LINE('',#2658,#2657);
#2660=DIRECTION('',(0.E0,1.E0,0.E0));
#2661=VECTOR('',#2660,2.8E-1);
#2662=CARTESIAN_POINT('',(-5.575E0,-1.4E-1,4.E0));
#2663=LINE('',#2662,#2661);
#2664=DIRECTION('',(1.E0,0.E0,0.E0));
#2665=VECTOR('',#2664,2.8E-1);
#2666=CARTESIAN_POINT('',(-5.855E0,-1.4E-1,4.E0));
#2667=LINE('',#2666,#2665);
#2668=DIRECTION('',(0.E0,-1.E0,0.E0));
#2669=VECTOR('',#2668,2.8E-1);
#2670=CARTESIAN_POINT('',(-5.855E0,1.4E-1,4.E0));
#2671=LINE('',#2670,#2669);
#2672=DIRECTION('',(1.924500897299E-1,-1.924500897299E-1,9.622504486494E-1));
#2673=VECTOR('',#2672,3.117691453624E-1);
#2674=CARTESIAN_POINT('',(-5.915E0,2.E-1,3.7E0));
#2675=LINE('',#2674,#2673);
#2676=DIRECTION('',(0.E0,1.E0,0.E0));
#2677=VECTOR('',#2676,4.E-1);
#2678=CARTESIAN_POINT('',(-5.915E0,-2.E-1,-1.5E0));
#2679=LINE('',#2678,#2677);
#2680=DIRECTION('',(0.E0,0.E0,-1.E0));
#2681=VECTOR('',#2680,1.5E0);
#2682=CARTESIAN_POINT('',(-5.915E0,-2.E-1,0.E0));
#2683=LINE('',#2682,#2681);
#2684=DIRECTION('',(0.E0,-1.E0,0.E0));
#2685=VECTOR('',#2684,4.E-1);
#2686=CARTESIAN_POINT('',(-5.915E0,2.E-1,3.7E0));
#2687=LINE('',#2686,#2685);
#2688=DIRECTION('',(0.E0,0.E0,-1.E0));
#2689=VECTOR('',#2688,2.7E0);
#2690=CARTESIAN_POINT('',(-5.915E0,-2.E-1,3.7E0));
#2691=LINE('',#2690,#2689);
#2692=DIRECTION('',(1.924500897299E-1,-1.924500897299E-1,-9.622504486494E-1));
#2693=VECTOR('',#2692,3.117691453624E-1);
#2694=CARTESIAN_POINT('',(-5.915E0,2.E-1,-1.5E0));
#2695=LINE('',#2694,#2693);
#2696=DIRECTION('',(-1.E0,0.E0,0.E0));
#2697=VECTOR('',#2696,4.E-1);
#2698=CARTESIAN_POINT('',(-6.785E0,-2.E-1,-1.5E0));
#2699=LINE('',#2698,#2697);
#2700=DIRECTION('',(0.E0,0.E0,-1.E0));
#2701=VECTOR('',#2700,1.5E0);
#2702=CARTESIAN_POINT('',(-6.785E0,-2.E-1,0.E0));
#2703=LINE('',#2702,#2701);
#2704=DIRECTION('',(1.E0,0.E0,0.E0));
#2705=VECTOR('',#2704,4.E-1);
#2706=CARTESIAN_POINT('',(-7.185E0,-2.E-1,3.7E0));
#2707=LINE('',#2706,#2705);
#2708=DIRECTION('',(0.E0,0.E0,-1.E0));
#2709=VECTOR('',#2708,2.7E0);
#2710=CARTESIAN_POINT('',(-6.785E0,-2.E-1,3.7E0));
#2711=LINE('',#2710,#2709);
#2712=DIRECTION('',(1.924500897299E-1,1.924500897299E-1,-9.622504486494E-1));
#2713=VECTOR('',#2712,3.117691453624E-1);
#2714=CARTESIAN_POINT('',(-7.185E0,-2.E-1,-1.5E0));
#2715=LINE('',#2714,#2713);
#2716=DIRECTION('',(-1.924500897299E-1,1.924500897299E-1,-9.622504486494E-1));
#2717=VECTOR('',#2716,3.117691453624E-1);
#2718=CARTESIAN_POINT('',(-6.785E0,-2.E-1,-1.5E0));
#2719=LINE('',#2718,#2717);
#2720=DIRECTION('',(1.E0,0.E0,0.E0));
#2721=VECTOR('',#2720,2.8E-1);
#2722=CARTESIAN_POINT('',(-7.125E0,1.4E-1,-1.8E0));
#2723=LINE('',#2722,#2721);
#2724=DIRECTION('',(0.E0,1.E0,0.E0));
#2725=VECTOR('',#2724,2.8E-1);
#2726=CARTESIAN_POINT('',(-7.125E0,-1.4E-1,-1.8E0));
#2727=LINE('',#2726,#2725);
#2728=DIRECTION('',(-1.E0,0.E0,0.E0));
#2729=VECTOR('',#2728,2.8E-1);
#2730=CARTESIAN_POINT('',(-6.845E0,-1.4E-1,-1.8E0));
#2731=LINE('',#2730,#2729);
#2732=DIRECTION('',(0.E0,-1.E0,0.E0));
#2733=VECTOR('',#2732,2.8E-1);
#2734=CARTESIAN_POINT('',(-6.845E0,1.4E-1,-1.8E0));
#2735=LINE('',#2734,#2733);
#2736=DIRECTION('',(-1.924500897299E-1,-1.924500897299E-1,-9.622504486494E-1));
#2737=VECTOR('',#2736,3.117691453624E-1);
#2738=CARTESIAN_POINT('',(-6.785E0,2.E-1,-1.5E0));
#2739=LINE('',#2738,#2737);
#2740=DIRECTION('',(1.E0,0.E0,0.E0));
#2741=VECTOR('',#2740,4.E-1);
#2742=CARTESIAN_POINT('',(-7.185E0,2.E-1,-1.5E0));
#2743=LINE('',#2742,#2741);
#2744=DIRECTION('',(0.E0,0.E0,-1.E0));
#2745=VECTOR('',#2744,1.5E0);
#2746=CARTESIAN_POINT('',(-7.185E0,2.E-1,0.E0));
#2747=LINE('',#2746,#2745);
#2748=DIRECTION('',(-1.E0,0.E0,0.E0));
#2749=VECTOR('',#2748,4.E-1);
#2750=CARTESIAN_POINT('',(-6.785E0,2.E-1,3.7E0));
#2751=LINE('',#2750,#2749);
#2752=DIRECTION('',(0.E0,0.E0,-1.E0));
#2753=VECTOR('',#2752,2.7E0);
#2754=CARTESIAN_POINT('',(-7.185E0,2.E-1,3.7E0));
#2755=LINE('',#2754,#2753);
#2756=DIRECTION('',(0.E0,-1.E0,0.E0));
#2757=VECTOR('',#2756,4.E-1);
#2758=CARTESIAN_POINT('',(-6.785E0,2.E-1,-1.5E0));
#2759=LINE('',#2758,#2757);
#2760=DIRECTION('',(0.E0,0.E0,-1.E0));
#2761=VECTOR('',#2760,1.5E0);
#2762=CARTESIAN_POINT('',(-6.785E0,2.E-1,0.E0));
#2763=LINE('',#2762,#2761);
#2764=DIRECTION('',(0.E0,1.E0,0.E0));
#2765=VECTOR('',#2764,4.E-1);
#2766=CARTESIAN_POINT('',(-6.785E0,-2.E-1,3.7E0));
#2767=LINE('',#2766,#2765);
#2768=DIRECTION('',(0.E0,0.E0,-1.E0));
#2769=VECTOR('',#2768,2.7E0);
#2770=CARTESIAN_POINT('',(-6.785E0,2.E-1,3.7E0));
#2771=LINE('',#2770,#2769);
#2772=DIRECTION('',(-1.924500897299E-1,-1.924500897299E-1,9.622504486494E-1));
#2773=VECTOR('',#2772,3.117691453624E-1);
#2774=CARTESIAN_POINT('',(-6.785E0,2.E-1,3.7E0));
#2775=LINE('',#2774,#2773);
#2776=DIRECTION('',(-1.924500897299E-1,1.924500897299E-1,9.622504486494E-1));
#2777=VECTOR('',#2776,3.117691453624E-1);
#2778=CARTESIAN_POINT('',(-6.785E0,-2.E-1,3.7E0));
#2779=LINE('',#2778,#2777);
#2780=DIRECTION('',(1.924500897299E-1,1.924500897299E-1,9.622504486494E-1));
#2781=VECTOR('',#2780,3.117691453624E-1);
#2782=CARTESIAN_POINT('',(-7.185E0,-2.E-1,3.7E0));
#2783=LINE('',#2782,#2781);
#2784=DIRECTION('',(-1.E0,0.E0,0.E0));
#2785=VECTOR('',#2784,2.8E-1);
#2786=CARTESIAN_POINT('',(-6.845E0,1.4E-1,4.E0));
#2787=LINE('',#2786,#2785);
#2788=DIRECTION('',(0.E0,1.E0,0.E0));
#2789=VECTOR('',#2788,2.8E-1);
#2790=CARTESIAN_POINT('',(-6.845E0,-1.4E-1,4.E0));
#2791=LINE('',#2790,#2789);
#2792=DIRECTION('',(1.E0,0.E0,0.E0));
#2793=VECTOR('',#2792,2.8E-1);
#2794=CARTESIAN_POINT('',(-7.125E0,-1.4E-1,4.E0));
#2795=LINE('',#2794,#2793);
#2796=DIRECTION('',(0.E0,-1.E0,0.E0));
#2797=VECTOR('',#2796,2.8E-1);
#2798=CARTESIAN_POINT('',(-7.125E0,1.4E-1,4.E0));
#2799=LINE('',#2798,#2797);
#2800=DIRECTION('',(1.924500897299E-1,-1.924500897299E-1,9.622504486494E-1));
#2801=VECTOR('',#2800,3.117691453624E-1);
#2802=CARTESIAN_POINT('',(-7.185E0,2.E-1,3.7E0));
#2803=LINE('',#2802,#2801);
#2804=DIRECTION('',(0.E0,1.E0,0.E0));
#2805=VECTOR('',#2804,4.E-1);
#2806=CARTESIAN_POINT('',(-7.185E0,-2.E-1,-1.5E0));
#2807=LINE('',#2806,#2805);
#2808=DIRECTION('',(0.E0,0.E0,-1.E0));
#2809=VECTOR('',#2808,1.5E0);
#2810=CARTESIAN_POINT('',(-7.185E0,-2.E-1,0.E0));
#2811=LINE('',#2810,#2809);
#2812=DIRECTION('',(0.E0,-1.E0,0.E0));
#2813=VECTOR('',#2812,4.E-1);
#2814=CARTESIAN_POINT('',(-7.185E0,2.E-1,3.7E0));
#2815=LINE('',#2814,#2813);
#2816=DIRECTION('',(0.E0,0.E0,-1.E0));
#2817=VECTOR('',#2816,2.7E0);
#2818=CARTESIAN_POINT('',(-7.185E0,-2.E-1,3.7E0));
#2819=LINE('',#2818,#2817);
#2820=DIRECTION('',(1.924500897299E-1,-1.924500897299E-1,-9.622504486494E-1));
#2821=VECTOR('',#2820,3.117691453624E-1);
#2822=CARTESIAN_POINT('',(-7.185E0,2.E-1,-1.5E0));
#2823=LINE('',#2822,#2821);
#2824=CARTESIAN_POINT('',(7.47E0,1.05E0,0.E0));
#2825=CARTESIAN_POINT('',(7.62E0,8.E-1,0.E0));
#2826=VERTEX_POINT('',#2824);
#2827=VERTEX_POINT('',#2825);
#2828=CARTESIAN_POINT('',(7.62E0,-8.E-1,0.E0));
#2829=CARTESIAN_POINT('',(7.47E0,-1.05E0,0.E0));
#2830=VERTEX_POINT('',#2828);
#2831=VERTEX_POINT('',#2829);
#2832=CARTESIAN_POINT('',(7.47E0,1.05E0,1.E0));
#2833=CARTESIAN_POINT('',(7.62E0,8.E-1,1.E0));
#2834=VERTEX_POINT('',#2832);
#2835=VERTEX_POINT('',#2833);
#2836=CARTESIAN_POINT('',(7.62E0,-8.E-1,1.E0));
#2837=CARTESIAN_POINT('',(7.47E0,-1.05E0,1.E0));
#2838=VERTEX_POINT('',#2836);
#2839=VERTEX_POINT('',#2837);
#2840=CARTESIAN_POINT('',(6.35E0,8.E-1,0.E0));
#2841=CARTESIAN_POINT('',(6.5E0,1.05E0,0.E0));
#2842=VERTEX_POINT('',#2840);
#2843=VERTEX_POINT('',#2841);
#2844=CARTESIAN_POINT('',(6.2E0,1.05E0,0.E0));
#2845=VERTEX_POINT('',#2844);
#2846=CARTESIAN_POINT('',(6.35E0,-8.E-1,0.E0));
#2847=CARTESIAN_POINT('',(6.2E0,-1.05E0,0.E0));
#2848=VERTEX_POINT('',#2846);
#2849=VERTEX_POINT('',#2847);
#2850=CARTESIAN_POINT('',(6.5E0,-1.05E0,0.E0));
#2851=VERTEX_POINT('',#2850);
#2852=CARTESIAN_POINT('',(6.35E0,8.E-1,1.E0));
#2853=CARTESIAN_POINT('',(6.5E0,1.05E0,1.E0));
#2854=VERTEX_POINT('',#2852);
#2855=VERTEX_POINT('',#2853);
#2856=CARTESIAN_POINT('',(6.2E0,1.05E0,1.E0));
#2857=VERTEX_POINT('',#2856);
#2858=CARTESIAN_POINT('',(6.35E0,-8.E-1,1.E0));
#2859=CARTESIAN_POINT('',(6.2E0,-1.05E0,1.E0));
#2860=VERTEX_POINT('',#2858);
#2861=VERTEX_POINT('',#2859);
#2862=CARTESIAN_POINT('',(6.5E0,-1.05E0,1.E0));
#2863=VERTEX_POINT('',#2862);
#2864=CARTESIAN_POINT('',(5.08E0,8.E-1,0.E0));
#2865=CARTESIAN_POINT('',(5.23E0,1.05E0,0.E0));
#2866=VERTEX_POINT('',#2864);
#2867=VERTEX_POINT('',#2865);
#2868=CARTESIAN_POINT('',(4.93E0,1.05E0,0.E0));
#2869=VERTEX_POINT('',#2868);
#2870=CARTESIAN_POINT('',(5.08E0,-8.E-1,0.E0));
#2871=CARTESIAN_POINT('',(4.93E0,-1.05E0,0.E0));
#2872=VERTEX_POINT('',#2870);
#2873=VERTEX_POINT('',#2871);
#2874=CARTESIAN_POINT('',(5.23E0,-1.05E0,0.E0));
#2875=VERTEX_POINT('',#2874);
#2876=CARTESIAN_POINT('',(5.08E0,8.E-1,1.E0));
#2877=CARTESIAN_POINT('',(5.23E0,1.05E0,1.E0));
#2878=VERTEX_POINT('',#2876);
#2879=VERTEX_POINT('',#2877);
#2880=CARTESIAN_POINT('',(4.93E0,1.05E0,1.E0));
#2881=VERTEX_POINT('',#2880);
#2882=CARTESIAN_POINT('',(5.08E0,-8.E-1,1.E0));
#2883=CARTESIAN_POINT('',(4.93E0,-1.05E0,1.E0));
#2884=VERTEX_POINT('',#2882);
#2885=VERTEX_POINT('',#2883);
#2886=CARTESIAN_POINT('',(5.23E0,-1.05E0,1.E0));
#2887=VERTEX_POINT('',#2886);
#2888=CARTESIAN_POINT('',(3.81E0,8.E-1,0.E0));
#2889=CARTESIAN_POINT('',(3.96E0,1.05E0,0.E0));
#2890=VERTEX_POINT('',#2888);
#2891=VERTEX_POINT('',#2889);
#2892=CARTESIAN_POINT('',(3.66E0,1.05E0,0.E0));
#2893=VERTEX_POINT('',#2892);
#2894=CARTESIAN_POINT('',(3.81E0,-8.E-1,0.E0));
#2895=CARTESIAN_POINT('',(3.66E0,-1.05E0,0.E0));
#2896=VERTEX_POINT('',#2894);
#2897=VERTEX_POINT('',#2895);
#2898=CARTESIAN_POINT('',(3.96E0,-1.05E0,0.E0));
#2899=VERTEX_POINT('',#2898);
#2900=CARTESIAN_POINT('',(3.81E0,8.E-1,1.E0));
#2901=CARTESIAN_POINT('',(3.96E0,1.05E0,1.E0));
#2902=VERTEX_POINT('',#2900);
#2903=VERTEX_POINT('',#2901);
#2904=CARTESIAN_POINT('',(3.66E0,1.05E0,1.E0));
#2905=VERTEX_POINT('',#2904);
#2906=CARTESIAN_POINT('',(3.81E0,-8.E-1,1.E0));
#2907=CARTESIAN_POINT('',(3.66E0,-1.05E0,1.E0));
#2908=VERTEX_POINT('',#2906);
#2909=VERTEX_POINT('',#2907);
#2910=CARTESIAN_POINT('',(3.96E0,-1.05E0,1.E0));
#2911=VERTEX_POINT('',#2910);
#2912=CARTESIAN_POINT('',(2.54E0,8.E-1,0.E0));
#2913=CARTESIAN_POINT('',(2.69E0,1.05E0,0.E0));
#2914=VERTEX_POINT('',#2912);
#2915=VERTEX_POINT('',#2913);
#2916=CARTESIAN_POINT('',(2.39E0,1.05E0,0.E0));
#2917=VERTEX_POINT('',#2916);
#2918=CARTESIAN_POINT('',(2.54E0,-8.E-1,0.E0));
#2919=CARTESIAN_POINT('',(2.39E0,-1.05E0,0.E0));
#2920=VERTEX_POINT('',#2918);
#2921=VERTEX_POINT('',#2919);
#2922=CARTESIAN_POINT('',(2.69E0,-1.05E0,0.E0));
#2923=VERTEX_POINT('',#2922);
#2924=CARTESIAN_POINT('',(2.54E0,8.E-1,1.E0));
#2925=CARTESIAN_POINT('',(2.69E0,1.05E0,1.E0));
#2926=VERTEX_POINT('',#2924);
#2927=VERTEX_POINT('',#2925);
#2928=CARTESIAN_POINT('',(2.39E0,1.05E0,1.E0));
#2929=VERTEX_POINT('',#2928);
#2930=CARTESIAN_POINT('',(2.54E0,-8.E-1,1.E0));
#2931=CARTESIAN_POINT('',(2.39E0,-1.05E0,1.E0));
#2932=VERTEX_POINT('',#2930);
#2933=VERTEX_POINT('',#2931);
#2934=CARTESIAN_POINT('',(2.69E0,-1.05E0,1.E0));
#2935=VERTEX_POINT('',#2934);
#2936=CARTESIAN_POINT('',(1.27E0,8.E-1,0.E0));
#2937=CARTESIAN_POINT('',(1.42E0,1.05E0,0.E0));
#2938=VERTEX_POINT('',#2936);
#2939=VERTEX_POINT('',#2937);
#2940=CARTESIAN_POINT('',(1.12E0,1.05E0,0.E0));
#2941=VERTEX_POINT('',#2940);
#2942=CARTESIAN_POINT('',(1.27E0,-8.E-1,0.E0));
#2943=CARTESIAN_POINT('',(1.12E0,-1.05E0,0.E0));
#2944=VERTEX_POINT('',#2942);
#2945=VERTEX_POINT('',#2943);
#2946=CARTESIAN_POINT('',(1.42E0,-1.05E0,0.E0));
#2947=VERTEX_POINT('',#2946);
#2948=CARTESIAN_POINT('',(1.27E0,8.E-1,1.E0));
#2949=CARTESIAN_POINT('',(1.42E0,1.05E0,1.E0));
#2950=VERTEX_POINT('',#2948);
#2951=VERTEX_POINT('',#2949);
#2952=CARTESIAN_POINT('',(1.12E0,1.05E0,1.E0));
#2953=VERTEX_POINT('',#2952);
#2954=CARTESIAN_POINT('',(1.27E0,-8.E-1,1.E0));
#2955=CARTESIAN_POINT('',(1.12E0,-1.05E0,1.E0));
#2956=VERTEX_POINT('',#2954);
#2957=VERTEX_POINT('',#2955);
#2958=CARTESIAN_POINT('',(1.42E0,-1.05E0,1.E0));
#2959=VERTEX_POINT('',#2958);
#2960=CARTESIAN_POINT('',(0.E0,8.E-1,0.E0));
#2961=CARTESIAN_POINT('',(1.5E-1,1.05E0,0.E0));
#2962=VERTEX_POINT('',#2960);
#2963=VERTEX_POINT('',#2961);
#2964=CARTESIAN_POINT('',(-1.5E-1,1.05E0,0.E0));
#2965=VERTEX_POINT('',#2964);
#2966=CARTESIAN_POINT('',(0.E0,-8.E-1,0.E0));
#2967=CARTESIAN_POINT('',(-1.5E-1,-1.05E0,0.E0));
#2968=VERTEX_POINT('',#2966);
#2969=VERTEX_POINT('',#2967);
#2970=CARTESIAN_POINT('',(1.5E-1,-1.05E0,0.E0));
#2971=VERTEX_POINT('',#2970);
#2972=CARTESIAN_POINT('',(0.E0,8.E-1,1.E0));
#2973=CARTESIAN_POINT('',(1.5E-1,1.05E0,1.E0));
#2974=VERTEX_POINT('',#2972);
#2975=VERTEX_POINT('',#2973);
#2976=CARTESIAN_POINT('',(-1.5E-1,1.05E0,1.E0));
#2977=VERTEX_POINT('',#2976);
#2978=CARTESIAN_POINT('',(0.E0,-8.E-1,1.E0));
#2979=CARTESIAN_POINT('',(-1.5E-1,-1.05E0,1.E0));
#2980=VERTEX_POINT('',#2978);
#2981=VERTEX_POINT('',#2979);
#2982=CARTESIAN_POINT('',(1.5E-1,-1.05E0,1.E0));
#2983=VERTEX_POINT('',#2982);
#2984=CARTESIAN_POINT('',(-1.27E0,8.E-1,0.E0));
#2985=CARTESIAN_POINT('',(-1.12E0,1.05E0,0.E0));
#2986=VERTEX_POINT('',#2984);
#2987=VERTEX_POINT('',#2985);
#2988=CARTESIAN_POINT('',(-1.42E0,1.05E0,0.E0));
#2989=VERTEX_POINT('',#2988);
#2990=CARTESIAN_POINT('',(-1.27E0,-8.E-1,0.E0));
#2991=CARTESIAN_POINT('',(-1.42E0,-1.05E0,0.E0));
#2992=VERTEX_POINT('',#2990);
#2993=VERTEX_POINT('',#2991);
#2994=CARTESIAN_POINT('',(-1.12E0,-1.05E0,0.E0));
#2995=VERTEX_POINT('',#2994);
#2996=CARTESIAN_POINT('',(-1.27E0,8.E-1,1.E0));
#2997=CARTESIAN_POINT('',(-1.12E0,1.05E0,1.E0));
#2998=VERTEX_POINT('',#2996);
#2999=VERTEX_POINT('',#2997);
#3000=CARTESIAN_POINT('',(-1.42E0,1.05E0,1.E0));
#3001=VERTEX_POINT('',#3000);
#3002=CARTESIAN_POINT('',(-1.27E0,-8.E-1,1.E0));
#3003=CARTESIAN_POINT('',(-1.42E0,-1.05E0,1.E0));
#3004=VERTEX_POINT('',#3002);
#3005=VERTEX_POINT('',#3003);
#3006=CARTESIAN_POINT('',(-1.12E0,-1.05E0,1.E0));
#3007=VERTEX_POINT('',#3006);
#3008=CARTESIAN_POINT('',(-2.54E0,8.E-1,0.E0));
#3009=CARTESIAN_POINT('',(-2.39E0,1.05E0,0.E0));
#3010=VERTEX_POINT('',#3008);
#3011=VERTEX_POINT('',#3009);
#3012=CARTESIAN_POINT('',(-2.69E0,1.05E0,0.E0));
#3013=VERTEX_POINT('',#3012);
#3014=CARTESIAN_POINT('',(-2.54E0,-8.E-1,0.E0));
#3015=CARTESIAN_POINT('',(-2.69E0,-1.05E0,0.E0));
#3016=VERTEX_POINT('',#3014);
#3017=VERTEX_POINT('',#3015);
#3018=CARTESIAN_POINT('',(-2.39E0,-1.05E0,0.E0));
#3019=VERTEX_POINT('',#3018);
#3020=CARTESIAN_POINT('',(-2.54E0,8.E-1,1.E0));
#3021=CARTESIAN_POINT('',(-2.39E0,1.05E0,1.E0));
#3022=VERTEX_POINT('',#3020);
#3023=VERTEX_POINT('',#3021);
#3024=CARTESIAN_POINT('',(-2.69E0,1.05E0,1.E0));
#3025=VERTEX_POINT('',#3024);
#3026=CARTESIAN_POINT('',(-2.54E0,-8.E-1,1.E0));
#3027=CARTESIAN_POINT('',(-2.69E0,-1.05E0,1.E0));
#3028=VERTEX_POINT('',#3026);
#3029=VERTEX_POINT('',#3027);
#3030=CARTESIAN_POINT('',(-2.39E0,-1.05E0,1.E0));
#3031=VERTEX_POINT('',#3030);
#3032=CARTESIAN_POINT('',(-3.81E0,8.E-1,0.E0));
#3033=CARTESIAN_POINT('',(-3.66E0,1.05E0,0.E0));
#3034=VERTEX_POINT('',#3032);
#3035=VERTEX_POINT('',#3033);
#3036=CARTESIAN_POINT('',(-3.96E0,1.05E0,0.E0));
#3037=VERTEX_POINT('',#3036);
#3038=CARTESIAN_POINT('',(-3.81E0,-8.E-1,0.E0));
#3039=CARTESIAN_POINT('',(-3.96E0,-1.05E0,0.E0));
#3040=VERTEX_POINT('',#3038);
#3041=VERTEX_POINT('',#3039);
#3042=CARTESIAN_POINT('',(-3.66E0,-1.05E0,0.E0));
#3043=VERTEX_POINT('',#3042);
#3044=CARTESIAN_POINT('',(-3.81E0,8.E-1,1.E0));
#3045=CARTESIAN_POINT('',(-3.66E0,1.05E0,1.E0));
#3046=VERTEX_POINT('',#3044);
#3047=VERTEX_POINT('',#3045);
#3048=CARTESIAN_POINT('',(-3.96E0,1.05E0,1.E0));
#3049=VERTEX_POINT('',#3048);
#3050=CARTESIAN_POINT('',(-3.81E0,-8.E-1,1.E0));
#3051=CARTESIAN_POINT('',(-3.96E0,-1.05E0,1.E0));
#3052=VERTEX_POINT('',#3050);
#3053=VERTEX_POINT('',#3051);
#3054=CARTESIAN_POINT('',(-3.66E0,-1.05E0,1.E0));
#3055=VERTEX_POINT('',#3054);
#3056=CARTESIAN_POINT('',(-5.08E0,8.E-1,0.E0));
#3057=CARTESIAN_POINT('',(-4.93E0,1.05E0,0.E0));
#3058=VERTEX_POINT('',#3056);
#3059=VERTEX_POINT('',#3057);
#3060=CARTESIAN_POINT('',(-5.23E0,1.05E0,0.E0));
#3061=VERTEX_POINT('',#3060);
#3062=CARTESIAN_POINT('',(-5.08E0,-8.E-1,0.E0));
#3063=CARTESIAN_POINT('',(-5.23E0,-1.05E0,0.E0));
#3064=VERTEX_POINT('',#3062);
#3065=VERTEX_POINT('',#3063);
#3066=CARTESIAN_POINT('',(-4.93E0,-1.05E0,0.E0));
#3067=VERTEX_POINT('',#3066);
#3068=CARTESIAN_POINT('',(-5.08E0,8.E-1,1.E0));
#3069=CARTESIAN_POINT('',(-4.93E0,1.05E0,1.E0));
#3070=VERTEX_POINT('',#3068);
#3071=VERTEX_POINT('',#3069);
#3072=CARTESIAN_POINT('',(-5.23E0,1.05E0,1.E0));
#3073=VERTEX_POINT('',#3072);
#3074=CARTESIAN_POINT('',(-5.08E0,-8.E-1,1.E0));
#3075=CARTESIAN_POINT('',(-5.23E0,-1.05E0,1.E0));
#3076=VERTEX_POINT('',#3074);
#3077=VERTEX_POINT('',#3075);
#3078=CARTESIAN_POINT('',(-4.93E0,-1.05E0,1.E0));
#3079=VERTEX_POINT('',#3078);
#3080=CARTESIAN_POINT('',(-6.35E0,8.E-1,0.E0));
#3081=CARTESIAN_POINT('',(-6.2E0,1.05E0,0.E0));
#3082=VERTEX_POINT('',#3080);
#3083=VERTEX_POINT('',#3081);
#3084=CARTESIAN_POINT('',(-6.5E0,1.05E0,0.E0));
#3085=VERTEX_POINT('',#3084);
#3086=CARTESIAN_POINT('',(-6.35E0,-8.E-1,0.E0));
#3087=CARTESIAN_POINT('',(-6.5E0,-1.05E0,0.E0));
#3088=VERTEX_POINT('',#3086);
#3089=VERTEX_POINT('',#3087);
#3090=CARTESIAN_POINT('',(-6.2E0,-1.05E0,0.E0));
#3091=VERTEX_POINT('',#3090);
#3092=CARTESIAN_POINT('',(-6.35E0,8.E-1,1.E0));
#3093=CARTESIAN_POINT('',(-6.2E0,1.05E0,1.E0));
#3094=VERTEX_POINT('',#3092);
#3095=VERTEX_POINT('',#3093);
#3096=CARTESIAN_POINT('',(-6.5E0,1.05E0,1.E0));
#3097=VERTEX_POINT('',#3096);
#3098=CARTESIAN_POINT('',(-6.35E0,-8.E-1,1.E0));
#3099=CARTESIAN_POINT('',(-6.5E0,-1.05E0,1.E0));
#3100=VERTEX_POINT('',#3098);
#3101=VERTEX_POINT('',#3099);
#3102=CARTESIAN_POINT('',(-6.2E0,-1.05E0,1.E0));
#3103=VERTEX_POINT('',#3102);
#3104=CARTESIAN_POINT('',(-7.62E0,8.E-1,0.E0));
#3105=CARTESIAN_POINT('',(-7.47E0,1.05E0,0.E0));
#3106=VERTEX_POINT('',#3104);
#3107=VERTEX_POINT('',#3105);
#3108=CARTESIAN_POINT('',(-7.47E0,-1.05E0,0.E0));
#3109=CARTESIAN_POINT('',(-7.62E0,-8.E-1,0.E0));
#3110=VERTEX_POINT('',#3108);
#3111=VERTEX_POINT('',#3109);
#3112=CARTESIAN_POINT('',(-7.62E0,8.E-1,1.E0));
#3113=CARTESIAN_POINT('',(-7.47E0,1.05E0,1.E0));
#3114=VERTEX_POINT('',#3112);
#3115=VERTEX_POINT('',#3113);
#3116=CARTESIAN_POINT('',(-7.47E0,-1.05E0,1.E0));
#3117=CARTESIAN_POINT('',(-7.62E0,-8.E-1,1.E0));
#3118=VERTEX_POINT('',#3116);
#3119=VERTEX_POINT('',#3117);
#3120=CARTESIAN_POINT('',(7.185E0,-2.E-1,0.E0));
#3121=CARTESIAN_POINT('',(6.785E0,-2.E-1,0.E0));
#3122=VERTEX_POINT('',#3120);
#3123=VERTEX_POINT('',#3121);
#3124=CARTESIAN_POINT('',(6.785E0,2.E-1,0.E0));
#3125=VERTEX_POINT('',#3124);
#3126=CARTESIAN_POINT('',(7.185E0,2.E-1,0.E0));
#3127=VERTEX_POINT('',#3126);
#3128=CARTESIAN_POINT('',(7.185E0,-2.E-1,1.E0));
#3129=CARTESIAN_POINT('',(6.785E0,-2.E-1,1.E0));
#3130=VERTEX_POINT('',#3128);
#3131=VERTEX_POINT('',#3129);
#3132=CARTESIAN_POINT('',(6.785E0,2.E-1,1.E0));
#3133=VERTEX_POINT('',#3132);
#3134=CARTESIAN_POINT('',(7.185E0,2.E-1,1.E0));
#3135=VERTEX_POINT('',#3134);
#3136=CARTESIAN_POINT('',(6.785E0,2.E-1,-1.5E0));
#3137=CARTESIAN_POINT('',(7.185E0,2.E-1,-1.5E0));
#3138=VERTEX_POINT('',#3136);
#3139=VERTEX_POINT('',#3137);
#3140=CARTESIAN_POINT('',(6.845E0,1.4E-1,-1.8E0));
#3141=CARTESIAN_POINT('',(7.125E0,1.4E-1,-1.8E0));
#3142=VERTEX_POINT('',#3140);
#3143=VERTEX_POINT('',#3141);
#3144=CARTESIAN_POINT('',(6.785E0,-2.E-1,-1.5E0));
#3145=VERTEX_POINT('',#3144);
#3146=CARTESIAN_POINT('',(6.845E0,-1.4E-1,-1.8E0));
#3147=VERTEX_POINT('',#3146);
#3148=CARTESIAN_POINT('',(7.185E0,-2.E-1,-1.5E0));
#3149=VERTEX_POINT('',#3148);
#3150=CARTESIAN_POINT('',(7.125E0,-1.4E-1,-1.8E0));
#3151=VERTEX_POINT('',#3150);
#3152=CARTESIAN_POINT('',(7.125E0,1.4E-1,4.E0));
#3153=CARTESIAN_POINT('',(6.845E0,1.4E-1,4.E0));
#3154=VERTEX_POINT('',#3152);
#3155=VERTEX_POINT('',#3153);
#3156=CARTESIAN_POINT('',(7.185E0,2.E-1,3.7E0));
#3157=CARTESIAN_POINT('',(6.785E0,2.E-1,3.7E0));
#3158=VERTEX_POINT('',#3156);
#3159=VERTEX_POINT('',#3157);
#3160=CARTESIAN_POINT('',(7.185E0,-2.E-1,3.7E0));
#3161=VERTEX_POINT('',#3160);
#3162=CARTESIAN_POINT('',(7.125E0,-1.4E-1,4.E0));
#3163=VERTEX_POINT('',#3162);
#3164=CARTESIAN_POINT('',(6.785E0,-2.E-1,3.7E0));
#3165=VERTEX_POINT('',#3164);
#3166=CARTESIAN_POINT('',(6.845E0,-1.4E-1,4.E0));
#3167=VERTEX_POINT('',#3166);
#3168=CARTESIAN_POINT('',(5.915E0,-2.E-1,0.E0));
#3169=CARTESIAN_POINT('',(5.515E0,-2.E-1,0.E0));
#3170=VERTEX_POINT('',#3168);
#3171=VERTEX_POINT('',#3169);
#3172=CARTESIAN_POINT('',(5.515E0,2.E-1,0.E0));
#3173=VERTEX_POINT('',#3172);
#3174=CARTESIAN_POINT('',(5.915E0,2.E-1,0.E0));
#3175=VERTEX_POINT('',#3174);
#3176=CARTESIAN_POINT('',(5.915E0,-2.E-1,1.E0));
#3177=CARTESIAN_POINT('',(5.515E0,-2.E-1,1.E0));
#3178=VERTEX_POINT('',#3176);
#3179=VERTEX_POINT('',#3177);
#3180=CARTESIAN_POINT('',(5.515E0,2.E-1,1.E0));
#3181=VERTEX_POINT('',#3180);
#3182=CARTESIAN_POINT('',(5.915E0,2.E-1,1.E0));
#3183=VERTEX_POINT('',#3182);
#3184=CARTESIAN_POINT('',(5.515E0,2.E-1,-1.5E0));
#3185=CARTESIAN_POINT('',(5.915E0,2.E-1,-1.5E0));
#3186=VERTEX_POINT('',#3184);
#3187=VERTEX_POINT('',#3185);
#3188=CARTESIAN_POINT('',(5.575E0,1.4E-1,-1.8E0));
#3189=CARTESIAN_POINT('',(5.855E0,1.4E-1,-1.8E0));
#3190=VERTEX_POINT('',#3188);
#3191=VERTEX_POINT('',#3189);
#3192=CARTESIAN_POINT('',(5.515E0,-2.E-1,-1.5E0));
#3193=VERTEX_POINT('',#3192);
#3194=CARTESIAN_POINT('',(5.575E0,-1.4E-1,-1.8E0));
#3195=VERTEX_POINT('',#3194);
#3196=CARTESIAN_POINT('',(5.915E0,-2.E-1,-1.5E0));
#3197=VERTEX_POINT('',#3196);
#3198=CARTESIAN_POINT('',(5.855E0,-1.4E-1,-1.8E0));
#3199=VERTEX_POINT('',#3198);
#3200=CARTESIAN_POINT('',(5.855E0,1.4E-1,4.E0));
#3201=CARTESIAN_POINT('',(5.575E0,1.4E-1,4.E0));
#3202=VERTEX_POINT('',#3200);
#3203=VERTEX_POINT('',#3201);
#3204=CARTESIAN_POINT('',(5.915E0,2.E-1,3.7E0));
#3205=CARTESIAN_POINT('',(5.515E0,2.E-1,3.7E0));
#3206=VERTEX_POINT('',#3204);
#3207=VERTEX_POINT('',#3205);
#3208=CARTESIAN_POINT('',(5.915E0,-2.E-1,3.7E0));
#3209=VERTEX_POINT('',#3208);
#3210=CARTESIAN_POINT('',(5.855E0,-1.4E-1,4.E0));
#3211=VERTEX_POINT('',#3210);
#3212=CARTESIAN_POINT('',(5.515E0,-2.E-1,3.7E0));
#3213=VERTEX_POINT('',#3212);
#3214=CARTESIAN_POINT('',(5.575E0,-1.4E-1,4.E0));
#3215=VERTEX_POINT('',#3214);
#3216=CARTESIAN_POINT('',(4.645E0,-2.E-1,0.E0));
#3217=CARTESIAN_POINT('',(4.245E0,-2.E-1,0.E0));
#3218=VERTEX_POINT('',#3216);
#3219=VERTEX_POINT('',#3217);
#3220=CARTESIAN_POINT('',(4.245E0,2.E-1,0.E0));
#3221=VERTEX_POINT('',#3220);
#3222=CARTESIAN_POINT('',(4.645E0,2.E-1,0.E0));
#3223=VERTEX_POINT('',#3222);
#3224=CARTESIAN_POINT('',(4.645E0,-2.E-1,1.E0));
#3225=CARTESIAN_POINT('',(4.245E0,-2.E-1,1.E0));
#3226=VERTEX_POINT('',#3224);
#3227=VERTEX_POINT('',#3225);
#3228=CARTESIAN_POINT('',(4.245E0,2.E-1,1.E0));
#3229=VERTEX_POINT('',#3228);
#3230=CARTESIAN_POINT('',(4.645E0,2.E-1,1.E0));
#3231=VERTEX_POINT('',#3230);
#3232=CARTESIAN_POINT('',(4.245E0,2.E-1,-1.5E0));
#3233=CARTESIAN_POINT('',(4.645E0,2.E-1,-1.5E0));
#3234=VERTEX_POINT('',#3232);
#3235=VERTEX_POINT('',#3233);
#3236=CARTESIAN_POINT('',(4.305E0,1.4E-1,-1.8E0));
#3237=CARTESIAN_POINT('',(4.585E0,1.4E-1,-1.8E0));
#3238=VERTEX_POINT('',#3236);
#3239=VERTEX_POINT('',#3237);
#3240=CARTESIAN_POINT('',(4.245E0,-2.E-1,-1.5E0));
#3241=VERTEX_POINT('',#3240);
#3242=CARTESIAN_POINT('',(4.305E0,-1.4E-1,-1.8E0));
#3243=VERTEX_POINT('',#3242);
#3244=CARTESIAN_POINT('',(4.645E0,-2.E-1,-1.5E0));
#3245=VERTEX_POINT('',#3244);
#3246=CARTESIAN_POINT('',(4.585E0,-1.4E-1,-1.8E0));
#3247=VERTEX_POINT('',#3246);
#3248=CARTESIAN_POINT('',(4.585E0,1.4E-1,4.E0));
#3249=CARTESIAN_POINT('',(4.305E0,1.4E-1,4.E0));
#3250=VERTEX_POINT('',#3248);
#3251=VERTEX_POINT('',#3249);
#3252=CARTESIAN_POINT('',(4.645E0,2.E-1,3.7E0));
#3253=CARTESIAN_POINT('',(4.245E0,2.E-1,3.7E0));
#3254=VERTEX_POINT('',#3252);
#3255=VERTEX_POINT('',#3253);
#3256=CARTESIAN_POINT('',(4.645E0,-2.E-1,3.7E0));
#3257=VERTEX_POINT('',#3256);
#3258=CARTESIAN_POINT('',(4.585E0,-1.4E-1,4.E0));
#3259=VERTEX_POINT('',#3258);
#3260=CARTESIAN_POINT('',(4.245E0,-2.E-1,3.7E0));
#3261=VERTEX_POINT('',#3260);
#3262=CARTESIAN_POINT('',(4.305E0,-1.4E-1,4.E0));
#3263=VERTEX_POINT('',#3262);
#3264=CARTESIAN_POINT('',(3.375E0,-2.E-1,0.E0));
#3265=CARTESIAN_POINT('',(2.975E0,-2.E-1,0.E0));
#3266=VERTEX_POINT('',#3264);
#3267=VERTEX_POINT('',#3265);
#3268=CARTESIAN_POINT('',(2.975E0,2.E-1,0.E0));
#3269=VERTEX_POINT('',#3268);
#3270=CARTESIAN_POINT('',(3.375E0,2.E-1,0.E0));
#3271=VERTEX_POINT('',#3270);
#3272=CARTESIAN_POINT('',(3.375E0,-2.E-1,1.E0));
#3273=CARTESIAN_POINT('',(2.975E0,-2.E-1,1.E0));
#3274=VERTEX_POINT('',#3272);
#3275=VERTEX_POINT('',#3273);
#3276=CARTESIAN_POINT('',(2.975E0,2.E-1,1.E0));
#3277=VERTEX_POINT('',#3276);
#3278=CARTESIAN_POINT('',(3.375E0,2.E-1,1.E0));
#3279=VERTEX_POINT('',#3278);
#3280=CARTESIAN_POINT('',(2.975E0,2.E-1,-1.5E0));
#3281=CARTESIAN_POINT('',(3.375E0,2.E-1,-1.5E0));
#3282=VERTEX_POINT('',#3280);
#3283=VERTEX_POINT('',#3281);
#3284=CARTESIAN_POINT('',(3.035E0,1.4E-1,-1.8E0));
#3285=CARTESIAN_POINT('',(3.315E0,1.4E-1,-1.8E0));
#3286=VERTEX_POINT('',#3284);
#3287=VERTEX_POINT('',#3285);
#3288=CARTESIAN_POINT('',(2.975E0,-2.E-1,-1.5E0));
#3289=VERTEX_POINT('',#3288);
#3290=CARTESIAN_POINT('',(3.035E0,-1.4E-1,-1.8E0));
#3291=VERTEX_POINT('',#3290);
#3292=CARTESIAN_POINT('',(3.375E0,-2.E-1,-1.5E0));
#3293=VERTEX_POINT('',#3292);
#3294=CARTESIAN_POINT('',(3.315E0,-1.4E-1,-1.8E0));
#3295=VERTEX_POINT('',#3294);
#3296=CARTESIAN_POINT('',(3.315E0,1.4E-1,4.E0));
#3297=CARTESIAN_POINT('',(3.035E0,1.4E-1,4.E0));
#3298=VERTEX_POINT('',#3296);
#3299=VERTEX_POINT('',#3297);
#3300=CARTESIAN_POINT('',(3.375E0,2.E-1,3.7E0));
#3301=CARTESIAN_POINT('',(2.975E0,2.E-1,3.7E0));
#3302=VERTEX_POINT('',#3300);
#3303=VERTEX_POINT('',#3301);
#3304=CARTESIAN_POINT('',(3.375E0,-2.E-1,3.7E0));
#3305=VERTEX_POINT('',#3304);
#3306=CARTESIAN_POINT('',(3.315E0,-1.4E-1,4.E0));
#3307=VERTEX_POINT('',#3306);
#3308=CARTESIAN_POINT('',(2.975E0,-2.E-1,3.7E0));
#3309=VERTEX_POINT('',#3308);
#3310=CARTESIAN_POINT('',(3.035E0,-1.4E-1,4.E0));
#3311=VERTEX_POINT('',#3310);
#3312=CARTESIAN_POINT('',(2.105E0,-2.E-1,0.E0));
#3313=CARTESIAN_POINT('',(1.705E0,-2.E-1,0.E0));
#3314=VERTEX_POINT('',#3312);
#3315=VERTEX_POINT('',#3313);
#3316=CARTESIAN_POINT('',(1.705E0,2.E-1,0.E0));
#3317=VERTEX_POINT('',#3316);
#3318=CARTESIAN_POINT('',(2.105E0,2.E-1,0.E0));
#3319=VERTEX_POINT('',#3318);
#3320=CARTESIAN_POINT('',(2.105E0,-2.E-1,1.E0));
#3321=CARTESIAN_POINT('',(1.705E0,-2.E-1,1.E0));
#3322=VERTEX_POINT('',#3320);
#3323=VERTEX_POINT('',#3321);
#3324=CARTESIAN_POINT('',(1.705E0,2.E-1,1.E0));
#3325=VERTEX_POINT('',#3324);
#3326=CARTESIAN_POINT('',(2.105E0,2.E-1,1.E0));
#3327=VERTEX_POINT('',#3326);
#3328=CARTESIAN_POINT('',(1.705E0,2.E-1,-1.5E0));
#3329=CARTESIAN_POINT('',(2.105E0,2.E-1,-1.5E0));
#3330=VERTEX_POINT('',#3328);
#3331=VERTEX_POINT('',#3329);
#3332=CARTESIAN_POINT('',(1.765E0,1.4E-1,-1.8E0));
#3333=CARTESIAN_POINT('',(2.045E0,1.4E-1,-1.8E0));
#3334=VERTEX_POINT('',#3332);
#3335=VERTEX_POINT('',#3333);
#3336=CARTESIAN_POINT('',(1.705E0,-2.E-1,-1.5E0));
#3337=VERTEX_POINT('',#3336);
#3338=CARTESIAN_POINT('',(1.765E0,-1.4E-1,-1.8E0));
#3339=VERTEX_POINT('',#3338);
#3340=CARTESIAN_POINT('',(2.105E0,-2.E-1,-1.5E0));
#3341=VERTEX_POINT('',#3340);
#3342=CARTESIAN_POINT('',(2.045E0,-1.4E-1,-1.8E0));
#3343=VERTEX_POINT('',#3342);
#3344=CARTESIAN_POINT('',(2.045E0,1.4E-1,4.E0));
#3345=CARTESIAN_POINT('',(1.765E0,1.4E-1,4.E0));
#3346=VERTEX_POINT('',#3344);
#3347=VERTEX_POINT('',#3345);
#3348=CARTESIAN_POINT('',(2.105E0,2.E-1,3.7E0));
#3349=CARTESIAN_POINT('',(1.705E0,2.E-1,3.7E0));
#3350=VERTEX_POINT('',#3348);
#3351=VERTEX_POINT('',#3349);
#3352=CARTESIAN_POINT('',(2.105E0,-2.E-1,3.7E0));
#3353=VERTEX_POINT('',#3352);
#3354=CARTESIAN_POINT('',(2.045E0,-1.4E-1,4.E0));
#3355=VERTEX_POINT('',#3354);
#3356=CARTESIAN_POINT('',(1.705E0,-2.E-1,3.7E0));
#3357=VERTEX_POINT('',#3356);
#3358=CARTESIAN_POINT('',(1.765E0,-1.4E-1,4.E0));
#3359=VERTEX_POINT('',#3358);
#3360=CARTESIAN_POINT('',(8.35E-1,-2.E-1,0.E0));
#3361=CARTESIAN_POINT('',(4.35E-1,-2.E-1,0.E0));
#3362=VERTEX_POINT('',#3360);
#3363=VERTEX_POINT('',#3361);
#3364=CARTESIAN_POINT('',(4.35E-1,2.E-1,0.E0));
#3365=VERTEX_POINT('',#3364);
#3366=CARTESIAN_POINT('',(8.35E-1,2.E-1,0.E0));
#3367=VERTEX_POINT('',#3366);
#3368=CARTESIAN_POINT('',(8.35E-1,-2.E-1,1.E0));
#3369=CARTESIAN_POINT('',(4.35E-1,-2.E-1,1.E0));
#3370=VERTEX_POINT('',#3368);
#3371=VERTEX_POINT('',#3369);
#3372=CARTESIAN_POINT('',(4.35E-1,2.E-1,1.E0));
#3373=VERTEX_POINT('',#3372);
#3374=CARTESIAN_POINT('',(8.35E-1,2.E-1,1.E0));
#3375=VERTEX_POINT('',#3374);
#3376=CARTESIAN_POINT('',(4.35E-1,2.E-1,-1.5E0));
#3377=CARTESIAN_POINT('',(8.35E-1,2.E-1,-1.5E0));
#3378=VERTEX_POINT('',#3376);
#3379=VERTEX_POINT('',#3377);
#3380=CARTESIAN_POINT('',(4.95E-1,1.4E-1,-1.8E0));
#3381=CARTESIAN_POINT('',(7.75E-1,1.4E-1,-1.8E0));
#3382=VERTEX_POINT('',#3380);
#3383=VERTEX_POINT('',#3381);
#3384=CARTESIAN_POINT('',(4.35E-1,-2.E-1,-1.5E0));
#3385=VERTEX_POINT('',#3384);
#3386=CARTESIAN_POINT('',(4.95E-1,-1.4E-1,-1.8E0));
#3387=VERTEX_POINT('',#3386);
#3388=CARTESIAN_POINT('',(8.35E-1,-2.E-1,-1.5E0));
#3389=VERTEX_POINT('',#3388);
#3390=CARTESIAN_POINT('',(7.75E-1,-1.4E-1,-1.8E0));
#3391=VERTEX_POINT('',#3390);
#3392=CARTESIAN_POINT('',(7.75E-1,1.4E-1,4.E0));
#3393=CARTESIAN_POINT('',(4.95E-1,1.4E-1,4.E0));
#3394=VERTEX_POINT('',#3392);
#3395=VERTEX_POINT('',#3393);
#3396=CARTESIAN_POINT('',(8.35E-1,2.E-1,3.7E0));
#3397=CARTESIAN_POINT('',(4.35E-1,2.E-1,3.7E0));
#3398=VERTEX_POINT('',#3396);
#3399=VERTEX_POINT('',#3397);
#3400=CARTESIAN_POINT('',(8.35E-1,-2.E-1,3.7E0));
#3401=VERTEX_POINT('',#3400);
#3402=CARTESIAN_POINT('',(7.75E-1,-1.4E-1,4.E0));
#3403=VERTEX_POINT('',#3402);
#3404=CARTESIAN_POINT('',(4.35E-1,-2.E-1,3.7E0));
#3405=VERTEX_POINT('',#3404);
#3406=CARTESIAN_POINT('',(4.95E-1,-1.4E-1,4.E0));
#3407=VERTEX_POINT('',#3406);
#3408=CARTESIAN_POINT('',(-4.35E-1,-2.E-1,0.E0));
#3409=CARTESIAN_POINT('',(-8.35E-1,-2.E-1,0.E0));
#3410=VERTEX_POINT('',#3408);
#3411=VERTEX_POINT('',#3409);
#3412=CARTESIAN_POINT('',(-8.35E-1,2.E-1,0.E0));
#3413=VERTEX_POINT('',#3412);
#3414=CARTESIAN_POINT('',(-4.35E-1,2.E-1,0.E0));
#3415=VERTEX_POINT('',#3414);
#3416=CARTESIAN_POINT('',(-4.35E-1,-2.E-1,1.E0));
#3417=CARTESIAN_POINT('',(-8.35E-1,-2.E-1,1.E0));
#3418=VERTEX_POINT('',#3416);
#3419=VERTEX_POINT('',#3417);
#3420=CARTESIAN_POINT('',(-8.35E-1,2.E-1,1.E0));
#3421=VERTEX_POINT('',#3420);
#3422=CARTESIAN_POINT('',(-4.35E-1,2.E-1,1.E0));
#3423=VERTEX_POINT('',#3422);
#3424=CARTESIAN_POINT('',(-8.35E-1,2.E-1,-1.5E0));
#3425=CARTESIAN_POINT('',(-4.35E-1,2.E-1,-1.5E0));
#3426=VERTEX_POINT('',#3424);
#3427=VERTEX_POINT('',#3425);
#3428=CARTESIAN_POINT('',(-7.75E-1,1.4E-1,-1.8E0));
#3429=CARTESIAN_POINT('',(-4.95E-1,1.4E-1,-1.8E0));
#3430=VERTEX_POINT('',#3428);
#3431=VERTEX_POINT('',#3429);
#3432=CARTESIAN_POINT('',(-8.35E-1,-2.E-1,-1.5E0));
#3433=VERTEX_POINT('',#3432);
#3434=CARTESIAN_POINT('',(-7.75E-1,-1.4E-1,-1.8E0));
#3435=VERTEX_POINT('',#3434);
#3436=CARTESIAN_POINT('',(-4.35E-1,-2.E-1,-1.5E0));
#3437=VERTEX_POINT('',#3436);
#3438=CARTESIAN_POINT('',(-4.95E-1,-1.4E-1,-1.8E0));
#3439=VERTEX_POINT('',#3438);
#3440=CARTESIAN_POINT('',(-4.95E-1,1.4E-1,4.E0));
#3441=CARTESIAN_POINT('',(-7.75E-1,1.4E-1,4.E0));
#3442=VERTEX_POINT('',#3440);
#3443=VERTEX_POINT('',#3441);
#3444=CARTESIAN_POINT('',(-4.35E-1,2.E-1,3.7E0));
#3445=CARTESIAN_POINT('',(-8.35E-1,2.E-1,3.7E0));
#3446=VERTEX_POINT('',#3444);
#3447=VERTEX_POINT('',#3445);
#3448=CARTESIAN_POINT('',(-4.35E-1,-2.E-1,3.7E0));
#3449=VERTEX_POINT('',#3448);
#3450=CARTESIAN_POINT('',(-4.95E-1,-1.4E-1,4.E0));
#3451=VERTEX_POINT('',#3450);
#3452=CARTESIAN_POINT('',(-8.35E-1,-2.E-1,3.7E0));
#3453=VERTEX_POINT('',#3452);
#3454=CARTESIAN_POINT('',(-7.75E-1,-1.4E-1,4.E0));
#3455=VERTEX_POINT('',#3454);
#3456=CARTESIAN_POINT('',(-1.705E0,-2.E-1,0.E0));
#3457=CARTESIAN_POINT('',(-2.105E0,-2.E-1,0.E0));
#3458=VERTEX_POINT('',#3456);
#3459=VERTEX_POINT('',#3457);
#3460=CARTESIAN_POINT('',(-2.105E0,2.E-1,0.E0));
#3461=VERTEX_POINT('',#3460);
#3462=CARTESIAN_POINT('',(-1.705E0,2.E-1,0.E0));
#3463=VERTEX_POINT('',#3462);
#3464=CARTESIAN_POINT('',(-1.705E0,-2.E-1,1.E0));
#3465=CARTESIAN_POINT('',(-2.105E0,-2.E-1,1.E0));
#3466=VERTEX_POINT('',#3464);
#3467=VERTEX_POINT('',#3465);
#3468=CARTESIAN_POINT('',(-2.105E0,2.E-1,1.E0));
#3469=VERTEX_POINT('',#3468);
#3470=CARTESIAN_POINT('',(-1.705E0,2.E-1,1.E0));
#3471=VERTEX_POINT('',#3470);
#3472=CARTESIAN_POINT('',(-2.105E0,2.E-1,-1.5E0));
#3473=CARTESIAN_POINT('',(-1.705E0,2.E-1,-1.5E0));
#3474=VERTEX_POINT('',#3472);
#3475=VERTEX_POINT('',#3473);
#3476=CARTESIAN_POINT('',(-2.045E0,1.4E-1,-1.8E0));
#3477=CARTESIAN_POINT('',(-1.765E0,1.4E-1,-1.8E0));
#3478=VERTEX_POINT('',#3476);
#3479=VERTEX_POINT('',#3477);
#3480=CARTESIAN_POINT('',(-2.105E0,-2.E-1,-1.5E0));
#3481=VERTEX_POINT('',#3480);
#3482=CARTESIAN_POINT('',(-2.045E0,-1.4E-1,-1.8E0));
#3483=VERTEX_POINT('',#3482);
#3484=CARTESIAN_POINT('',(-1.705E0,-2.E-1,-1.5E0));
#3485=VERTEX_POINT('',#3484);
#3486=CARTESIAN_POINT('',(-1.765E0,-1.4E-1,-1.8E0));
#3487=VERTEX_POINT('',#3486);
#3488=CARTESIAN_POINT('',(-1.765E0,1.4E-1,4.E0));
#3489=CARTESIAN_POINT('',(-2.045E0,1.4E-1,4.E0));
#3490=VERTEX_POINT('',#3488);
#3491=VERTEX_POINT('',#3489);
#3492=CARTESIAN_POINT('',(-1.705E0,2.E-1,3.7E0));
#3493=CARTESIAN_POINT('',(-2.105E0,2.E-1,3.7E0));
#3494=VERTEX_POINT('',#3492);
#3495=VERTEX_POINT('',#3493);
#3496=CARTESIAN_POINT('',(-1.705E0,-2.E-1,3.7E0));
#3497=VERTEX_POINT('',#3496);
#3498=CARTESIAN_POINT('',(-1.765E0,-1.4E-1,4.E0));
#3499=VERTEX_POINT('',#3498);
#3500=CARTESIAN_POINT('',(-2.105E0,-2.E-1,3.7E0));
#3501=VERTEX_POINT('',#3500);
#3502=CARTESIAN_POINT('',(-2.045E0,-1.4E-1,4.E0));
#3503=VERTEX_POINT('',#3502);
#3504=CARTESIAN_POINT('',(-2.975E0,-2.E-1,0.E0));
#3505=CARTESIAN_POINT('',(-3.375E0,-2.E-1,0.E0));
#3506=VERTEX_POINT('',#3504);
#3507=VERTEX_POINT('',#3505);
#3508=CARTESIAN_POINT('',(-3.375E0,2.E-1,0.E0));
#3509=VERTEX_POINT('',#3508);
#3510=CARTESIAN_POINT('',(-2.975E0,2.E-1,0.E0));
#3511=VERTEX_POINT('',#3510);
#3512=CARTESIAN_POINT('',(-2.975E0,-2.E-1,1.E0));
#3513=CARTESIAN_POINT('',(-3.375E0,-2.E-1,1.E0));
#3514=VERTEX_POINT('',#3512);
#3515=VERTEX_POINT('',#3513);
#3516=CARTESIAN_POINT('',(-3.375E0,2.E-1,1.E0));
#3517=VERTEX_POINT('',#3516);
#3518=CARTESIAN_POINT('',(-2.975E0,2.E-1,1.E0));
#3519=VERTEX_POINT('',#3518);
#3520=CARTESIAN_POINT('',(-3.375E0,2.E-1,-1.5E0));
#3521=CARTESIAN_POINT('',(-2.975E0,2.E-1,-1.5E0));
#3522=VERTEX_POINT('',#3520);
#3523=VERTEX_POINT('',#3521);
#3524=CARTESIAN_POINT('',(-3.315E0,1.4E-1,-1.8E0));
#3525=CARTESIAN_POINT('',(-3.035E0,1.4E-1,-1.8E0));
#3526=VERTEX_POINT('',#3524);
#3527=VERTEX_POINT('',#3525);
#3528=CARTESIAN_POINT('',(-3.375E0,-2.E-1,-1.5E0));
#3529=VERTEX_POINT('',#3528);
#3530=CARTESIAN_POINT('',(-3.315E0,-1.4E-1,-1.8E0));
#3531=VERTEX_POINT('',#3530);
#3532=CARTESIAN_POINT('',(-2.975E0,-2.E-1,-1.5E0));
#3533=VERTEX_POINT('',#3532);
#3534=CARTESIAN_POINT('',(-3.035E0,-1.4E-1,-1.8E0));
#3535=VERTEX_POINT('',#3534);
#3536=CARTESIAN_POINT('',(-3.035E0,1.4E-1,4.E0));
#3537=CARTESIAN_POINT('',(-3.315E0,1.4E-1,4.E0));
#3538=VERTEX_POINT('',#3536);
#3539=VERTEX_POINT('',#3537);
#3540=CARTESIAN_POINT('',(-2.975E0,2.E-1,3.7E0));
#3541=CARTESIAN_POINT('',(-3.375E0,2.E-1,3.7E0));
#3542=VERTEX_POINT('',#3540);
#3543=VERTEX_POINT('',#3541);
#3544=CARTESIAN_POINT('',(-2.975E0,-2.E-1,3.7E0));
#3545=VERTEX_POINT('',#3544);
#3546=CARTESIAN_POINT('',(-3.035E0,-1.4E-1,4.E0));
#3547=VERTEX_POINT('',#3546);
#3548=CARTESIAN_POINT('',(-3.375E0,-2.E-1,3.7E0));
#3549=VERTEX_POINT('',#3548);
#3550=CARTESIAN_POINT('',(-3.315E0,-1.4E-1,4.E0));
#3551=VERTEX_POINT('',#3550);
#3552=CARTESIAN_POINT('',(-4.245E0,-2.E-1,0.E0));
#3553=CARTESIAN_POINT('',(-4.645E0,-2.E-1,0.E0));
#3554=VERTEX_POINT('',#3552);
#3555=VERTEX_POINT('',#3553);
#3556=CARTESIAN_POINT('',(-4.645E0,2.E-1,0.E0));
#3557=VERTEX_POINT('',#3556);
#3558=CARTESIAN_POINT('',(-4.245E0,2.E-1,0.E0));
#3559=VERTEX_POINT('',#3558);
#3560=CARTESIAN_POINT('',(-4.245E0,-2.E-1,1.E0));
#3561=CARTESIAN_POINT('',(-4.645E0,-2.E-1,1.E0));
#3562=VERTEX_POINT('',#3560);
#3563=VERTEX_POINT('',#3561);
#3564=CARTESIAN_POINT('',(-4.645E0,2.E-1,1.E0));
#3565=VERTEX_POINT('',#3564);
#3566=CARTESIAN_POINT('',(-4.245E0,2.E-1,1.E0));
#3567=VERTEX_POINT('',#3566);
#3568=CARTESIAN_POINT('',(-4.645E0,2.E-1,-1.5E0));
#3569=CARTESIAN_POINT('',(-4.245E0,2.E-1,-1.5E0));
#3570=VERTEX_POINT('',#3568);
#3571=VERTEX_POINT('',#3569);
#3572=CARTESIAN_POINT('',(-4.585E0,1.4E-1,-1.8E0));
#3573=CARTESIAN_POINT('',(-4.305E0,1.4E-1,-1.8E0));
#3574=VERTEX_POINT('',#3572);
#3575=VERTEX_POINT('',#3573);
#3576=CARTESIAN_POINT('',(-4.645E0,-2.E-1,-1.5E0));
#3577=VERTEX_POINT('',#3576);
#3578=CARTESIAN_POINT('',(-4.585E0,-1.4E-1,-1.8E0));
#3579=VERTEX_POINT('',#3578);
#3580=CARTESIAN_POINT('',(-4.245E0,-2.E-1,-1.5E0));
#3581=VERTEX_POINT('',#3580);
#3582=CARTESIAN_POINT('',(-4.305E0,-1.4E-1,-1.8E0));
#3583=VERTEX_POINT('',#3582);
#3584=CARTESIAN_POINT('',(-4.305E0,1.4E-1,4.E0));
#3585=CARTESIAN_POINT('',(-4.585E0,1.4E-1,4.E0));
#3586=VERTEX_POINT('',#3584);
#3587=VERTEX_POINT('',#3585);
#3588=CARTESIAN_POINT('',(-4.245E0,2.E-1,3.7E0));
#3589=CARTESIAN_POINT('',(-4.645E0,2.E-1,3.7E0));
#3590=VERTEX_POINT('',#3588);
#3591=VERTEX_POINT('',#3589);
#3592=CARTESIAN_POINT('',(-4.245E0,-2.E-1,3.7E0));
#3593=VERTEX_POINT('',#3592);
#3594=CARTESIAN_POINT('',(-4.305E0,-1.4E-1,4.E0));
#3595=VERTEX_POINT('',#3594);
#3596=CARTESIAN_POINT('',(-4.645E0,-2.E-1,3.7E0));
#3597=VERTEX_POINT('',#3596);
#3598=CARTESIAN_POINT('',(-4.585E0,-1.4E-1,4.E0));
#3599=VERTEX_POINT('',#3598);
#3600=CARTESIAN_POINT('',(-5.515E0,-2.E-1,0.E0));
#3601=CARTESIAN_POINT('',(-5.915E0,-2.E-1,0.E0));
#3602=VERTEX_POINT('',#3600);
#3603=VERTEX_POINT('',#3601);
#3604=CARTESIAN_POINT('',(-5.915E0,2.E-1,0.E0));
#3605=VERTEX_POINT('',#3604);
#3606=CARTESIAN_POINT('',(-5.515E0,2.E-1,0.E0));
#3607=VERTEX_POINT('',#3606);
#3608=CARTESIAN_POINT('',(-5.515E0,-2.E-1,1.E0));
#3609=CARTESIAN_POINT('',(-5.915E0,-2.E-1,1.E0));
#3610=VERTEX_POINT('',#3608);
#3611=VERTEX_POINT('',#3609);
#3612=CARTESIAN_POINT('',(-5.915E0,2.E-1,1.E0));
#3613=VERTEX_POINT('',#3612);
#3614=CARTESIAN_POINT('',(-5.515E0,2.E-1,1.E0));
#3615=VERTEX_POINT('',#3614);
#3616=CARTESIAN_POINT('',(-5.915E0,2.E-1,-1.5E0));
#3617=CARTESIAN_POINT('',(-5.515E0,2.E-1,-1.5E0));
#3618=VERTEX_POINT('',#3616);
#3619=VERTEX_POINT('',#3617);
#3620=CARTESIAN_POINT('',(-5.855E0,1.4E-1,-1.8E0));
#3621=CARTESIAN_POINT('',(-5.575E0,1.4E-1,-1.8E0));
#3622=VERTEX_POINT('',#3620);
#3623=VERTEX_POINT('',#3621);
#3624=CARTESIAN_POINT('',(-5.915E0,-2.E-1,-1.5E0));
#3625=VERTEX_POINT('',#3624);
#3626=CARTESIAN_POINT('',(-5.855E0,-1.4E-1,-1.8E0));
#3627=VERTEX_POINT('',#3626);
#3628=CARTESIAN_POINT('',(-5.515E0,-2.E-1,-1.5E0));
#3629=VERTEX_POINT('',#3628);
#3630=CARTESIAN_POINT('',(-5.575E0,-1.4E-1,-1.8E0));
#3631=VERTEX_POINT('',#3630);
#3632=CARTESIAN_POINT('',(-5.575E0,1.4E-1,4.E0));
#3633=CARTESIAN_POINT('',(-5.855E0,1.4E-1,4.E0));
#3634=VERTEX_POINT('',#3632);
#3635=VERTEX_POINT('',#3633);
#3636=CARTESIAN_POINT('',(-5.515E0,2.E-1,3.7E0));
#3637=CARTESIAN_POINT('',(-5.915E0,2.E-1,3.7E0));
#3638=VERTEX_POINT('',#3636);
#3639=VERTEX_POINT('',#3637);
#3640=CARTESIAN_POINT('',(-5.515E0,-2.E-1,3.7E0));
#3641=VERTEX_POINT('',#3640);
#3642=CARTESIAN_POINT('',(-5.575E0,-1.4E-1,4.E0));
#3643=VERTEX_POINT('',#3642);
#3644=CARTESIAN_POINT('',(-5.915E0,-2.E-1,3.7E0));
#3645=VERTEX_POINT('',#3644);
#3646=CARTESIAN_POINT('',(-5.855E0,-1.4E-1,4.E0));
#3647=VERTEX_POINT('',#3646);
#3648=CARTESIAN_POINT('',(-6.785E0,-2.E-1,0.E0));
#3649=CARTESIAN_POINT('',(-7.185E0,-2.E-1,0.E0));
#3650=VERTEX_POINT('',#3648);
#3651=VERTEX_POINT('',#3649);
#3652=CARTESIAN_POINT('',(-7.185E0,2.E-1,0.E0));
#3653=VERTEX_POINT('',#3652);
#3654=CARTESIAN_POINT('',(-6.785E0,2.E-1,0.E0));
#3655=VERTEX_POINT('',#3654);
#3656=CARTESIAN_POINT('',(-6.785E0,-2.E-1,1.E0));
#3657=CARTESIAN_POINT('',(-7.185E0,-2.E-1,1.E0));
#3658=VERTEX_POINT('',#3656);
#3659=VERTEX_POINT('',#3657);
#3660=CARTESIAN_POINT('',(-7.185E0,2.E-1,1.E0));
#3661=VERTEX_POINT('',#3660);
#3662=CARTESIAN_POINT('',(-6.785E0,2.E-1,1.E0));
#3663=VERTEX_POINT('',#3662);
#3664=CARTESIAN_POINT('',(-7.185E0,2.E-1,-1.5E0));
#3665=CARTESIAN_POINT('',(-6.785E0,2.E-1,-1.5E0));
#3666=VERTEX_POINT('',#3664);
#3667=VERTEX_POINT('',#3665);
#3668=CARTESIAN_POINT('',(-7.125E0,1.4E-1,-1.8E0));
#3669=CARTESIAN_POINT('',(-6.845E0,1.4E-1,-1.8E0));
#3670=VERTEX_POINT('',#3668);
#3671=VERTEX_POINT('',#3669);
#3672=CARTESIAN_POINT('',(-7.185E0,-2.E-1,-1.5E0));
#3673=VERTEX_POINT('',#3672);
#3674=CARTESIAN_POINT('',(-7.125E0,-1.4E-1,-1.8E0));
#3675=VERTEX_POINT('',#3674);
#3676=CARTESIAN_POINT('',(-6.785E0,-2.E-1,-1.5E0));
#3677=VERTEX_POINT('',#3676);
#3678=CARTESIAN_POINT('',(-6.845E0,-1.4E-1,-1.8E0));
#3679=VERTEX_POINT('',#3678);
#3680=CARTESIAN_POINT('',(-6.845E0,1.4E-1,4.E0));
#3681=CARTESIAN_POINT('',(-7.125E0,1.4E-1,4.E0));
#3682=VERTEX_POINT('',#3680);
#3683=VERTEX_POINT('',#3681);
#3684=CARTESIAN_POINT('',(-6.785E0,2.E-1,3.7E0));
#3685=CARTESIAN_POINT('',(-7.185E0,2.E-1,3.7E0));
#3686=VERTEX_POINT('',#3684);
#3687=VERTEX_POINT('',#3685);
#3688=CARTESIAN_POINT('',(-6.785E0,-2.E-1,3.7E0));
#3689=VERTEX_POINT('',#3688);
#3690=CARTESIAN_POINT('',(-6.845E0,-1.4E-1,4.E0));
#3691=VERTEX_POINT('',#3690);
#3692=CARTESIAN_POINT('',(-7.185E0,-2.E-1,3.7E0));
#3693=VERTEX_POINT('',#3692);
#3694=CARTESIAN_POINT('',(-7.125E0,-1.4E-1,4.E0));
#3695=VERTEX_POINT('',#3694);
#3696=CARTESIAN_POINT('',(0.E0,0.E0,0.E0));
#3697=DIRECTION('',(0.E0,0.E0,1.E0));
#3698=DIRECTION('',(1.E0,0.E0,0.E0));
#3699=AXIS2_PLACEMENT_3D('',#3696,#3697,#3698);
#3700=PLANE('',#3699);
#3702=ORIENTED_EDGE('',*,*,#3701,.F.);
#3704=ORIENTED_EDGE('',*,*,#3703,.T.);
#3706=ORIENTED_EDGE('',*,*,#3705,.F.);
#3708=ORIENTED_EDGE('',*,*,#3707,.T.);
#3710=ORIENTED_EDGE('',*,*,#3709,.F.);
#3712=ORIENTED_EDGE('',*,*,#3711,.F.);
#3714=ORIENTED_EDGE('',*,*,#3713,.T.);
#3716=ORIENTED_EDGE('',*,*,#3715,.F.);
#3718=ORIENTED_EDGE('',*,*,#3717,.F.);
#3720=ORIENTED_EDGE('',*,*,#3719,.T.);
#3722=ORIENTED_EDGE('',*,*,#3721,.F.);
#3724=ORIENTED_EDGE('',*,*,#3723,.F.);
#3726=ORIENTED_EDGE('',*,*,#3725,.T.);
#3728=ORIENTED_EDGE('',*,*,#3727,.F.);
#3730=ORIENTED_EDGE('',*,*,#3729,.F.);
#3732=ORIENTED_EDGE('',*,*,#3731,.T.);
#3734=ORIENTED_EDGE('',*,*,#3733,.F.);
#3736=ORIENTED_EDGE('',*,*,#3735,.F.);
#3738=ORIENTED_EDGE('',*,*,#3737,.T.);
#3740=ORIENTED_EDGE('',*,*,#3739,.F.);
#3742=ORIENTED_EDGE('',*,*,#3741,.F.);
#3744=ORIENTED_EDGE('',*,*,#3743,.T.);
#3746=ORIENTED_EDGE('',*,*,#3745,.F.);
#3748=ORIENTED_EDGE('',*,*,#3747,.F.);
#3750=ORIENTED_EDGE('',*,*,#3749,.T.);
#3752=ORIENTED_EDGE('',*,*,#3751,.F.);
#3754=ORIENTED_EDGE('',*,*,#3753,.F.);
#3756=ORIENTED_EDGE('',*,*,#3755,.T.);
#3758=ORIENTED_EDGE('',*,*,#3757,.F.);
#3760=ORIENTED_EDGE('',*,*,#3759,.F.);
#3762=ORIENTED_EDGE('',*,*,#3761,.T.);
#3764=ORIENTED_EDGE('',*,*,#3763,.F.);
#3766=ORIENTED_EDGE('',*,*,#3765,.F.);
#3768=ORIENTED_EDGE('',*,*,#3767,.T.);
#3770=ORIENTED_EDGE('',*,*,#3769,.F.);
#3772=ORIENTED_EDGE('',*,*,#3771,.F.);
#3774=ORIENTED_EDGE('',*,*,#3773,.T.);
#3776=ORIENTED_EDGE('',*,*,#3775,.F.);
#3778=ORIENTED_EDGE('',*,*,#3777,.T.);
#3780=ORIENTED_EDGE('',*,*,#3779,.F.);
#3782=ORIENTED_EDGE('',*,*,#3781,.T.);
#3784=ORIENTED_EDGE('',*,*,#3783,.F.);
#3786=ORIENTED_EDGE('',*,*,#3785,.F.);
#3788=ORIENTED_EDGE('',*,*,#3787,.T.);
#3790=ORIENTED_EDGE('',*,*,#3789,.F.);
#3792=ORIENTED_EDGE('',*,*,#3791,.F.);
#3794=ORIENTED_EDGE('',*,*,#3793,.T.);
#3796=ORIENTED_EDGE('',*,*,#3795,.F.);
#3798=ORIENTED_EDGE('',*,*,#3797,.F.);
#3800=ORIENTED_EDGE('',*,*,#3799,.T.);
#3802=ORIENTED_EDGE('',*,*,#3801,.F.);
#3804=ORIENTED_EDGE('',*,*,#3803,.F.);
#3806=ORIENTED_EDGE('',*,*,#3805,.T.);
#3808=ORIENTED_EDGE('',*,*,#3807,.F.);
#3810=ORIENTED_EDGE('',*,*,#3809,.F.);
#3812=ORIENTED_EDGE('',*,*,#3811,.T.);
#3814=ORIENTED_EDGE('',*,*,#3813,.F.);
#3816=ORIENTED_EDGE('',*,*,#3815,.F.);
#3818=ORIENTED_EDGE('',*,*,#3817,.T.);
#3820=ORIENTED_EDGE('',*,*,#3819,.F.);
#3822=ORIENTED_EDGE('',*,*,#3821,.F.);
#3824=ORIENTED_EDGE('',*,*,#3823,.T.);
#3826=ORIENTED_EDGE('',*,*,#3825,.F.);
#3828=ORIENTED_EDGE('',*,*,#3827,.F.);
#3830=ORIENTED_EDGE('',*,*,#3829,.T.);
#3832=ORIENTED_EDGE('',*,*,#3831,.F.);
#3834=ORIENTED_EDGE('',*,*,#3833,.F.);
#3836=ORIENTED_EDGE('',*,*,#3835,.T.);
#3838=ORIENTED_EDGE('',*,*,#3837,.F.);
#3840=ORIENTED_EDGE('',*,*,#3839,.F.);
#3842=ORIENTED_EDGE('',*,*,#3841,.T.);
#3844=ORIENTED_EDGE('',*,*,#3843,.F.);
#3846=ORIENTED_EDGE('',*,*,#3845,.F.);
#3848=ORIENTED_EDGE('',*,*,#3847,.T.);
#3849=EDGE_LOOP('',(#3702,#3704,#3706,#3708,#3710,#3712,#3714,#3716,#3718,#3720,
#3722,#3724,#3726,#3728,#3730,#3732,#3734,#3736,#3738,#3740,#3742,#3744,#3746,
#3748,#3750,#3752,#3754,#3756,#3758,#3760,#3762,#3764,#3766,#3768,#3770,#3772,
#3774,#3776,#3778,#3780,#3782,#3784,#3786,#3788,#3790,#3792,#3794,#3796,#3798,
#3800,#3802,#3804,#3806,#3808,#3810,#3812,#3814,#3816,#3818,#3820,#3822,#3824,
#3826,#3828,#3830,#3832,#3834,#3836,#3838,#3840,#3842,#3844,#3846,#3848));
#3850=FACE_OUTER_BOUND('',#3849,.F.);
#3852=ORIENTED_EDGE('',*,*,#3851,.T.);
#3854=ORIENTED_EDGE('',*,*,#3853,.T.);
#3856=ORIENTED_EDGE('',*,*,#3855,.T.);
#3858=ORIENTED_EDGE('',*,*,#3857,.T.);
#3859=EDGE_LOOP('',(#3852,#3854,#3856,#3858));
#3860=FACE_BOUND('',#3859,.F.);
#3862=ORIENTED_EDGE('',*,*,#3861,.T.);
#3864=ORIENTED_EDGE('',*,*,#3863,.T.);
#3866=ORIENTED_EDGE('',*,*,#3865,.T.);
#3868=ORIENTED_EDGE('',*,*,#3867,.T.);
#3869=EDGE_LOOP('',(#3862,#3864,#3866,#3868));
#3870=FACE_BOUND('',#3869,.F.);
#3872=ORIENTED_EDGE('',*,*,#3871,.T.);
#3874=ORIENTED_EDGE('',*,*,#3873,.T.);
#3876=ORIENTED_EDGE('',*,*,#3875,.T.);
#3878=ORIENTED_EDGE('',*,*,#3877,.T.);
#3879=EDGE_LOOP('',(#3872,#3874,#3876,#3878));
#3880=FACE_BOUND('',#3879,.F.);
#3882=ORIENTED_EDGE('',*,*,#3881,.T.);
#3884=ORIENTED_EDGE('',*,*,#3883,.T.);
#3886=ORIENTED_EDGE('',*,*,#3885,.T.);
#3888=ORIENTED_EDGE('',*,*,#3887,.T.);
#3889=EDGE_LOOP('',(#3882,#3884,#3886,#3888));
#3890=FACE_BOUND('',#3889,.F.);
#3892=ORIENTED_EDGE('',*,*,#3891,.T.);
#3894=ORIENTED_EDGE('',*,*,#3893,.T.);
#3896=ORIENTED_EDGE('',*,*,#3895,.T.);
#3898=ORIENTED_EDGE('',*,*,#3897,.T.);
#3899=EDGE_LOOP('',(#3892,#3894,#3896,#3898));
#3900=FACE_BOUND('',#3899,.F.);
#3902=ORIENTED_EDGE('',*,*,#3901,.T.);
#3904=ORIENTED_EDGE('',*,*,#3903,.T.);
#3906=ORIENTED_EDGE('',*,*,#3905,.T.);
#3908=ORIENTED_EDGE('',*,*,#3907,.T.);
#3909=EDGE_LOOP('',(#3902,#3904,#3906,#3908));
#3910=FACE_BOUND('',#3909,.F.);
#3912=ORIENTED_EDGE('',*,*,#3911,.T.);
#3914=ORIENTED_EDGE('',*,*,#3913,.T.);
#3916=ORIENTED_EDGE('',*,*,#3915,.T.);
#3918=ORIENTED_EDGE('',*,*,#3917,.T.);
#3919=EDGE_LOOP('',(#3912,#3914,#3916,#3918));
#3920=FACE_BOUND('',#3919,.F.);
#3922=ORIENTED_EDGE('',*,*,#3921,.T.);
#3924=ORIENTED_EDGE('',*,*,#3923,.T.);
#3926=ORIENTED_EDGE('',*,*,#3925,.T.);
#3928=ORIENTED_EDGE('',*,*,#3927,.T.);
#3929=EDGE_LOOP('',(#3922,#3924,#3926,#3928));
#3930=FACE_BOUND('',#3929,.F.);
#3932=ORIENTED_EDGE('',*,*,#3931,.T.);
#3934=ORIENTED_EDGE('',*,*,#3933,.T.);
#3936=ORIENTED_EDGE('',*,*,#3935,.T.);
#3938=ORIENTED_EDGE('',*,*,#3937,.T.);
#3939=EDGE_LOOP('',(#3932,#3934,#3936,#3938));
#3940=FACE_BOUND('',#3939,.F.);
#3942=ORIENTED_EDGE('',*,*,#3941,.T.);
#3944=ORIENTED_EDGE('',*,*,#3943,.T.);
#3946=ORIENTED_EDGE('',*,*,#3945,.T.);
#3948=ORIENTED_EDGE('',*,*,#3947,.T.);
#3949=EDGE_LOOP('',(#3942,#3944,#3946,#3948));
#3950=FACE_BOUND('',#3949,.F.);
#3952=ORIENTED_EDGE('',*,*,#3951,.T.);
#3954=ORIENTED_EDGE('',*,*,#3953,.T.);
#3956=ORIENTED_EDGE('',*,*,#3955,.T.);
#3958=ORIENTED_EDGE('',*,*,#3957,.T.);
#3959=EDGE_LOOP('',(#3952,#3954,#3956,#3958));
#3960=FACE_BOUND('',#3959,.F.);
#3962=ORIENTED_EDGE('',*,*,#3961,.T.);
#3964=ORIENTED_EDGE('',*,*,#3963,.T.);
#3966=ORIENTED_EDGE('',*,*,#3965,.T.);
#3968=ORIENTED_EDGE('',*,*,#3967,.T.);
#3969=EDGE_LOOP('',(#3962,#3964,#3966,#3968));
#3970=FACE_BOUND('',#3969,.F.);
#3971=ADVANCED_FACE('',(#3850,#3860,#3870,#3880,#3890,#3900,#3910,#3920,#3930,
#3940,#3950,#3960,#3970),#3700,.F.);
#3972=FILL_AREA_STYLE_COLOUR('',#3);
#3973=FILL_AREA_STYLE('',(#3972));
#3974=SURFACE_STYLE_FILL_AREA(#3973);
#3975=SURFACE_SIDE_STYLE('',(#3974));
#3976=SURFACE_STYLE_USAGE(.POSITIVE.,#3975);
#3977=PRESENTATION_STYLE_ASSIGNMENT((#3976));
#3978=STYLED_ITEM('',(#3977),#3971);
#3979=CARTESIAN_POINT('',(-7.62E0,8.E-1,1.E0));
#3980=DIRECTION('',(8.574929257125E-1,-5.144957554275E-1,0.E0));
#3981=DIRECTION('',(5.144957554275E-1,8.574929257125E-1,0.E0));
#3982=AXIS2_PLACEMENT_3D('',#3979,#3980,#3981);
#3983=PLANE('',#3982);
#3984=ORIENTED_EDGE('',*,*,#3701,.T.);
#3986=ORIENTED_EDGE('',*,*,#3985,.T.);
#3988=ORIENTED_EDGE('',*,*,#3987,.F.);
#3990=ORIENTED_EDGE('',*,*,#3989,.F.);
#3991=EDGE_LOOP('',(#3984,#3986,#3988,#3990));
#3992=FACE_OUTER_BOUND('',#3991,.F.);
#3993=ADVANCED_FACE('',(#3992),#3983,.F.);
#3994=FILL_AREA_STYLE_COLOUR('',#3);
#3995=FILL_AREA_STYLE('',(#3994));
#3996=SURFACE_STYLE_FILL_AREA(#3995);
#3997=SURFACE_SIDE_STYLE('',(#3996));
#3998=SURFACE_STYLE_USAGE(.POSITIVE.,#3997);
#3999=PRESENTATION_STYLE_ASSIGNMENT((#3998));
#4000=STYLED_ITEM('',(#3999),#3993);
#4001=CARTESIAN_POINT('',(7.62E0,1.05E0,0.E0));
#4002=DIRECTION('',(0.E0,1.E0,0.E0));
#4003=DIRECTION('',(-1.E0,0.E0,0.E0));
#4004=AXIS2_PLACEMENT_3D('',#4001,#4002,#4003);
#4005=PLANE('',#4004);
#4007=ORIENTED_EDGE('',*,*,#4006,.F.);
#4008=ORIENTED_EDGE('',*,*,#3781,.F.);
#4010=ORIENTED_EDGE('',*,*,#4009,.T.);
#4012=ORIENTED_EDGE('',*,*,#4011,.T.);
#4013=EDGE_LOOP('',(#4007,#4008,#4010,#4012));
#4014=FACE_OUTER_BOUND('',#4013,.F.);
#4015=ADVANCED_FACE('',(#4014),#4005,.T.);
#4016=FILL_AREA_STYLE_COLOUR('',#3);
#4017=FILL_AREA_STYLE('',(#4016));
#4018=SURFACE_STYLE_FILL_AREA(#4017);
#4019=SURFACE_SIDE_STYLE('',(#4018));
#4020=SURFACE_STYLE_USAGE(.POSITIVE.,#4019);
#4021=PRESENTATION_STYLE_ASSIGNMENT((#4020));
#4022=STYLED_ITEM('',(#4021),#4015);
#4023=CARTESIAN_POINT('',(7.62E0,1.05E0,0.E0));
#4024=DIRECTION('',(0.E0,1.E0,0.E0));
#4025=DIRECTION('',(-1.E0,0.E0,0.E0));
#4026=AXIS2_PLACEMENT_3D('',#4023,#4024,#4025);
#4027=PLANE('',#4026);
#4029=ORIENTED_EDGE('',*,*,#4028,.F.);
#4030=ORIENTED_EDGE('',*,*,#3787,.F.);
#4032=ORIENTED_EDGE('',*,*,#4031,.T.);
#4034=ORIENTED_EDGE('',*,*,#4033,.T.);
#4035=EDGE_LOOP('',(#4029,#4030,#4032,#4034));
#4036=FACE_OUTER_BOUND('',#4035,.F.);
#4037=ADVANCED_FACE('',(#4036),#4027,.T.);
#4038=FILL_AREA_STYLE_COLOUR('',#3);
#4039=FILL_AREA_STYLE('',(#4038));
#4040=SURFACE_STYLE_FILL_AREA(#4039);
#4041=SURFACE_SIDE_STYLE('',(#4040));
#4042=SURFACE_STYLE_USAGE(.POSITIVE.,#4041);
#4043=PRESENTATION_STYLE_ASSIGNMENT((#4042));
#4044=STYLED_ITEM('',(#4043),#4037);
#4045=CARTESIAN_POINT('',(7.62E0,1.05E0,0.E0));
#4046=DIRECTION('',(0.E0,1.E0,0.E0));
#4047=DIRECTION('',(-1.E0,0.E0,0.E0));
#4048=AXIS2_PLACEMENT_3D('',#4045,#4046,#4047);
#4049=PLANE('',#4048);
#4051=ORIENTED_EDGE('',*,*,#4050,.F.);
#4052=ORIENTED_EDGE('',*,*,#3793,.F.);
#4054=ORIENTED_EDGE('',*,*,#4053,.T.);
#4056=ORIENTED_EDGE('',*,*,#4055,.T.);
#4057=EDGE_LOOP('',(#4051,#4052,#4054,#4056));
#4058=FACE_OUTER_BOUND('',#4057,.F.);
#4059=ADVANCED_FACE('',(#4058),#4049,.T.);
#4060=FILL_AREA_STYLE_COLOUR('',#3);
#4061=FILL_AREA_STYLE('',(#4060));
#4062=SURFACE_STYLE_FILL_AREA(#4061);
#4063=SURFACE_SIDE_STYLE('',(#4062));
#4064=SURFACE_STYLE_USAGE(.POSITIVE.,#4063);
#4065=PRESENTATION_STYLE_ASSIGNMENT((#4064));
#4066=STYLED_ITEM('',(#4065),#4059);
#4067=CARTESIAN_POINT('',(7.62E0,1.05E0,0.E0));
#4068=DIRECTION('',(0.E0,1.E0,0.E0));
#4069=DIRECTION('',(-1.E0,0.E0,0.E0));
#4070=AXIS2_PLACEMENT_3D('',#4067,#4068,#4069);
#4071=PLANE('',#4070);
#4073=ORIENTED_EDGE('',*,*,#4072,.F.);
#4074=ORIENTED_EDGE('',*,*,#3799,.F.);
#4076=ORIENTED_EDGE('',*,*,#4075,.T.);
#4078=ORIENTED_EDGE('',*,*,#4077,.T.);
#4079=EDGE_LOOP('',(#4073,#4074,#4076,#4078));
#4080=FACE_OUTER_BOUND('',#4079,.F.);
#4081=ADVANCED_FACE('',(#4080),#4071,.T.);
#4082=FILL_AREA_STYLE_COLOUR('',#3);
#4083=FILL_AREA_STYLE('',(#4082));
#4084=SURFACE_STYLE_FILL_AREA(#4083);
#4085=SURFACE_SIDE_STYLE('',(#4084));
#4086=SURFACE_STYLE_USAGE(.POSITIVE.,#4085);
#4087=PRESENTATION_STYLE_ASSIGNMENT((#4086));
#4088=STYLED_ITEM('',(#4087),#4081);
#4089=CARTESIAN_POINT('',(7.62E0,1.05E0,0.E0));
#4090=DIRECTION('',(0.E0,1.E0,0.E0));
#4091=DIRECTION('',(-1.E0,0.E0,0.E0));
#4092=AXIS2_PLACEMENT_3D('',#4089,#4090,#4091);
#4093=PLANE('',#4092);
#4095=ORIENTED_EDGE('',*,*,#4094,.F.);
#4096=ORIENTED_EDGE('',*,*,#3805,.F.);
#4098=ORIENTED_EDGE('',*,*,#4097,.T.);
#4100=ORIENTED_EDGE('',*,*,#4099,.T.);
#4101=EDGE_LOOP('',(#4095,#4096,#4098,#4100));
#4102=FACE_OUTER_BOUND('',#4101,.F.);
#4103=ADVANCED_FACE('',(#4102),#4093,.T.);
#4104=FILL_AREA_STYLE_COLOUR('',#3);
#4105=FILL_AREA_STYLE('',(#4104));
#4106=SURFACE_STYLE_FILL_AREA(#4105);
#4107=SURFACE_SIDE_STYLE('',(#4106));
#4108=SURFACE_STYLE_USAGE(.POSITIVE.,#4107);
#4109=PRESENTATION_STYLE_ASSIGNMENT((#4108));
#4110=STYLED_ITEM('',(#4109),#4103);
#4111=CARTESIAN_POINT('',(7.62E0,1.05E0,0.E0));
#4112=DIRECTION('',(0.E0,1.E0,0.E0));
#4113=DIRECTION('',(-1.E0,0.E0,0.E0));
#4114=AXIS2_PLACEMENT_3D('',#4111,#4112,#4113);
#4115=PLANE('',#4114);
#4117=ORIENTED_EDGE('',*,*,#4116,.F.);
#4118=ORIENTED_EDGE('',*,*,#3811,.F.);
#4120=ORIENTED_EDGE('',*,*,#4119,.T.);
#4122=ORIENTED_EDGE('',*,*,#4121,.T.);
#4123=EDGE_LOOP('',(#4117,#4118,#4120,#4122));
#4124=FACE_OUTER_BOUND('',#4123,.F.);
#4125=ADVANCED_FACE('',(#4124),#4115,.T.);
#4126=FILL_AREA_STYLE_COLOUR('',#3);
#4127=FILL_AREA_STYLE('',(#4126));
#4128=SURFACE_STYLE_FILL_AREA(#4127);
#4129=SURFACE_SIDE_STYLE('',(#4128));
#4130=SURFACE_STYLE_USAGE(.POSITIVE.,#4129);
#4131=PRESENTATION_STYLE_ASSIGNMENT((#4130));
#4132=STYLED_ITEM('',(#4131),#4125);
#4133=CARTESIAN_POINT('',(7.62E0,1.05E0,0.E0));
#4134=DIRECTION('',(0.E0,1.E0,0.E0));
#4135=DIRECTION('',(-1.E0,0.E0,0.E0));
#4136=AXIS2_PLACEMENT_3D('',#4133,#4134,#4135);
#4137=PLANE('',#4136);
#4139=ORIENTED_EDGE('',*,*,#4138,.F.);
#4140=ORIENTED_EDGE('',*,*,#3817,.F.);
#4142=ORIENTED_EDGE('',*,*,#4141,.T.);
#4144=ORIENTED_EDGE('',*,*,#4143,.T.);
#4145=EDGE_LOOP('',(#4139,#4140,#4142,#4144));
#4146=FACE_OUTER_BOUND('',#4145,.F.);
#4147=ADVANCED_FACE('',(#4146),#4137,.T.);
#4148=FILL_AREA_STYLE_COLOUR('',#3);
#4149=FILL_AREA_STYLE('',(#4148));
#4150=SURFACE_STYLE_FILL_AREA(#4149);
#4151=SURFACE_SIDE_STYLE('',(#4150));
#4152=SURFACE_STYLE_USAGE(.POSITIVE.,#4151);
#4153=PRESENTATION_STYLE_ASSIGNMENT((#4152));
#4154=STYLED_ITEM('',(#4153),#4147);
#4155=CARTESIAN_POINT('',(7.62E0,1.05E0,0.E0));
#4156=DIRECTION('',(0.E0,1.E0,0.E0));
#4157=DIRECTION('',(-1.E0,0.E0,0.E0));
#4158=AXIS2_PLACEMENT_3D('',#4155,#4156,#4157);
#4159=PLANE('',#4158);
#4161=ORIENTED_EDGE('',*,*,#4160,.F.);
#4162=ORIENTED_EDGE('',*,*,#3823,.F.);
#4164=ORIENTED_EDGE('',*,*,#4163,.T.);
#4166=ORIENTED_EDGE('',*,*,#4165,.T.);
#4167=EDGE_LOOP('',(#4161,#4162,#4164,#4166));
#4168=FACE_OUTER_BOUND('',#4167,.F.);
#4169=ADVANCED_FACE('',(#4168),#4159,.T.);
#4170=FILL_AREA_STYLE_COLOUR('',#3);
#4171=FILL_AREA_STYLE('',(#4170));
#4172=SURFACE_STYLE_FILL_AREA(#4171);
#4173=SURFACE_SIDE_STYLE('',(#4172));
#4174=SURFACE_STYLE_USAGE(.POSITIVE.,#4173);
#4175=PRESENTATION_STYLE_ASSIGNMENT((#4174));
#4176=STYLED_ITEM('',(#4175),#4169);
#4177=CARTESIAN_POINT('',(7.62E0,1.05E0,0.E0));
#4178=DIRECTION('',(0.E0,1.E0,0.E0));
#4179=DIRECTION('',(-1.E0,0.E0,0.E0));
#4180=AXIS2_PLACEMENT_3D('',#4177,#4178,#4179);
#4181=PLANE('',#4180);
#4183=ORIENTED_EDGE('',*,*,#4182,.F.);
#4184=ORIENTED_EDGE('',*,*,#3829,.F.);
#4186=ORIENTED_EDGE('',*,*,#4185,.T.);
#4188=ORIENTED_EDGE('',*,*,#4187,.T.);
#4189=EDGE_LOOP('',(#4183,#4184,#4186,#4188));
#4190=FACE_OUTER_BOUND('',#4189,.F.);
#4191=ADVANCED_FACE('',(#4190),#4181,.T.);
#4192=FILL_AREA_STYLE_COLOUR('',#3);
#4193=FILL_AREA_STYLE('',(#4192));
#4194=SURFACE_STYLE_FILL_AREA(#4193);
#4195=SURFACE_SIDE_STYLE('',(#4194));
#4196=SURFACE_STYLE_USAGE(.POSITIVE.,#4195);
#4197=PRESENTATION_STYLE_ASSIGNMENT((#4196));
#4198=STYLED_ITEM('',(#4197),#4191);
#4199=CARTESIAN_POINT('',(7.62E0,1.05E0,0.E0));
#4200=DIRECTION('',(0.E0,1.E0,0.E0));
#4201=DIRECTION('',(-1.E0,0.E0,0.E0));
#4202=AXIS2_PLACEMENT_3D('',#4199,#4200,#4201);
#4203=PLANE('',#4202);
#4205=ORIENTED_EDGE('',*,*,#4204,.F.);
#4206=ORIENTED_EDGE('',*,*,#3835,.F.);
#4208=ORIENTED_EDGE('',*,*,#4207,.T.);
#4210=ORIENTED_EDGE('',*,*,#4209,.T.);
#4211=EDGE_LOOP('',(#4205,#4206,#4208,#4210));
#4212=FACE_OUTER_BOUND('',#4211,.F.);
#4213=ADVANCED_FACE('',(#4212),#4203,.T.);
#4214=FILL_AREA_STYLE_COLOUR('',#3);
#4215=FILL_AREA_STYLE('',(#4214));
#4216=SURFACE_STYLE_FILL_AREA(#4215);
#4217=SURFACE_SIDE_STYLE('',(#4216));
#4218=SURFACE_STYLE_USAGE(.POSITIVE.,#4217);
#4219=PRESENTATION_STYLE_ASSIGNMENT((#4218));
#4220=STYLED_ITEM('',(#4219),#4213);
#4221=CARTESIAN_POINT('',(7.62E0,1.05E0,0.E0));
#4222=DIRECTION('',(0.E0,1.E0,0.E0));
#4223=DIRECTION('',(-1.E0,0.E0,0.E0));
#4224=AXIS2_PLACEMENT_3D('',#4221,#4222,#4223);
#4225=PLANE('',#4224);
#4227=ORIENTED_EDGE('',*,*,#4226,.F.);
#4228=ORIENTED_EDGE('',*,*,#3841,.F.);
#4230=ORIENTED_EDGE('',*,*,#4229,.T.);
#4232=ORIENTED_EDGE('',*,*,#4231,.T.);
#4233=EDGE_LOOP('',(#4227,#4228,#4230,#4232));
#4234=FACE_OUTER_BOUND('',#4233,.F.);
#4235=ADVANCED_FACE('',(#4234),#4225,.T.);
#4236=FILL_AREA_STYLE_COLOUR('',#3);
#4237=FILL_AREA_STYLE('',(#4236));
#4238=SURFACE_STYLE_FILL_AREA(#4237);
#4239=SURFACE_SIDE_STYLE('',(#4238));
#4240=SURFACE_STYLE_USAGE(.POSITIVE.,#4239);
#4241=PRESENTATION_STYLE_ASSIGNMENT((#4240));
#4242=STYLED_ITEM('',(#4241),#4235);
#4243=CARTESIAN_POINT('',(7.62E0,1.05E0,0.E0));
#4244=DIRECTION('',(0.E0,1.E0,0.E0));
#4245=DIRECTION('',(-1.E0,0.E0,0.E0));
#4246=AXIS2_PLACEMENT_3D('',#4243,#4244,#4245);
#4247=PLANE('',#4246);
#4248=ORIENTED_EDGE('',*,*,#3985,.F.);
#4249=ORIENTED_EDGE('',*,*,#3847,.F.);
#4251=ORIENTED_EDGE('',*,*,#4250,.T.);
#4253=ORIENTED_EDGE('',*,*,#4252,.T.);
#4254=EDGE_LOOP('',(#4248,#4249,#4251,#4253));
#4255=FACE_OUTER_BOUND('',#4254,.F.);
#4256=ADVANCED_FACE('',(#4255),#4247,.T.);
#4257=FILL_AREA_STYLE_COLOUR('',#3);
#4258=FILL_AREA_STYLE('',(#4257));
#4259=SURFACE_STYLE_FILL_AREA(#4258);
#4260=SURFACE_SIDE_STYLE('',(#4259));
#4261=SURFACE_STYLE_USAGE(.POSITIVE.,#4260);
#4262=PRESENTATION_STYLE_ASSIGNMENT((#4261));
#4263=STYLED_ITEM('',(#4262),#4256);
#4264=CARTESIAN_POINT('',(6.35E0,8.E-1,1.E0));
#4265=DIRECTION('',(8.574929257125E-1,-5.144957554275E-1,0.E0));
#4266=DIRECTION('',(5.144957554275E-1,8.574929257125E-1,0.E0));
#4267=AXIS2_PLACEMENT_3D('',#4264,#4265,#4266);
#4268=PLANE('',#4267);
#4269=ORIENTED_EDGE('',*,*,#3783,.T.);
#4270=ORIENTED_EDGE('',*,*,#4006,.T.);
#4272=ORIENTED_EDGE('',*,*,#4271,.F.);
#4274=ORIENTED_EDGE('',*,*,#4273,.T.);
#4275=EDGE_LOOP('',(#4269,#4270,#4272,#4274));
#4276=FACE_OUTER_BOUND('',#4275,.F.);
#4277=ADVANCED_FACE('',(#4276),#4268,.F.);
#4278=FILL_AREA_STYLE_COLOUR('',#3);
#4279=FILL_AREA_STYLE('',(#4278));
#4280=SURFACE_STYLE_FILL_AREA(#4279);
#4281=SURFACE_SIDE_STYLE('',(#4280));
#4282=SURFACE_STYLE_USAGE(.POSITIVE.,#4281);
#4283=PRESENTATION_STYLE_ASSIGNMENT((#4282));
#4284=STYLED_ITEM('',(#4283),#4277);
#4285=CARTESIAN_POINT('',(0.E0,0.E0,1.E0));
#4286=DIRECTION('',(0.E0,0.E0,1.E0));
#4287=DIRECTION('',(1.E0,0.E0,0.E0));
#4288=AXIS2_PLACEMENT_3D('',#4285,#4286,#4287);
#4289=PLANE('',#4288);
#4290=ORIENTED_EDGE('',*,*,#3987,.T.);
#4291=ORIENTED_EDGE('',*,*,#4252,.F.);
#4293=ORIENTED_EDGE('',*,*,#4292,.T.);
#4295=ORIENTED_EDGE('',*,*,#4294,.T.);
#4296=ORIENTED_EDGE('',*,*,#4231,.F.);
#4298=ORIENTED_EDGE('',*,*,#4297,.T.);
#4300=ORIENTED_EDGE('',*,*,#4299,.T.);
#4301=ORIENTED_EDGE('',*,*,#4209,.F.);
#4303=ORIENTED_EDGE('',*,*,#4302,.T.);
#4305=ORIENTED_EDGE('',*,*,#4304,.T.);
#4306=ORIENTED_EDGE('',*,*,#4187,.F.);
#4308=ORIENTED_EDGE('',*,*,#4307,.T.);
#4310=ORIENTED_EDGE('',*,*,#4309,.T.);
#4311=ORIENTED_EDGE('',*,*,#4165,.F.);
#4313=ORIENTED_EDGE('',*,*,#4312,.T.);
#4315=ORIENTED_EDGE('',*,*,#4314,.T.);
#4316=ORIENTED_EDGE('',*,*,#4143,.F.);
#4318=ORIENTED_EDGE('',*,*,#4317,.T.);
#4320=ORIENTED_EDGE('',*,*,#4319,.T.);
#4321=ORIENTED_EDGE('',*,*,#4121,.F.);
#4323=ORIENTED_EDGE('',*,*,#4322,.T.);
#4325=ORIENTED_EDGE('',*,*,#4324,.T.);
#4326=ORIENTED_EDGE('',*,*,#4099,.F.);
#4328=ORIENTED_EDGE('',*,*,#4327,.T.);
#4330=ORIENTED_EDGE('',*,*,#4329,.T.);
#4331=ORIENTED_EDGE('',*,*,#4077,.F.);
#4333=ORIENTED_EDGE('',*,*,#4332,.T.);
#4335=ORIENTED_EDGE('',*,*,#4334,.T.);
#4336=ORIENTED_EDGE('',*,*,#4055,.F.);
#4338=ORIENTED_EDGE('',*,*,#4337,.T.);
#4340=ORIENTED_EDGE('',*,*,#4339,.T.);
#4341=ORIENTED_EDGE('',*,*,#4033,.F.);
#4343=ORIENTED_EDGE('',*,*,#4342,.T.);
#4344=ORIENTED_EDGE('',*,*,#4271,.T.);
#4345=ORIENTED_EDGE('',*,*,#4011,.F.);
#4347=ORIENTED_EDGE('',*,*,#4346,.T.);
#4349=ORIENTED_EDGE('',*,*,#4348,.F.);
#4351=ORIENTED_EDGE('',*,*,#4350,.T.);
#4353=ORIENTED_EDGE('',*,*,#4352,.F.);
#4355=ORIENTED_EDGE('',*,*,#4354,.T.);
#4357=ORIENTED_EDGE('',*,*,#4356,.T.);
#4359=ORIENTED_EDGE('',*,*,#4358,.F.);
#4361=ORIENTED_EDGE('',*,*,#4360,.T.);
#4363=ORIENTED_EDGE('',*,*,#4362,.T.);
#4365=ORIENTED_EDGE('',*,*,#4364,.F.);
#4367=ORIENTED_EDGE('',*,*,#4366,.T.);
#4369=ORIENTED_EDGE('',*,*,#4368,.T.);
#4371=ORIENTED_EDGE('',*,*,#4370,.F.);
#4373=ORIENTED_EDGE('',*,*,#4372,.T.);
#4375=ORIENTED_EDGE('',*,*,#4374,.T.);
#4377=ORIENTED_EDGE('',*,*,#4376,.F.);
#4379=ORIENTED_EDGE('',*,*,#4378,.T.);
#4381=ORIENTED_EDGE('',*,*,#4380,.T.);
#4383=ORIENTED_EDGE('',*,*,#4382,.F.);
#4385=ORIENTED_EDGE('',*,*,#4384,.T.);
#4387=ORIENTED_EDGE('',*,*,#4386,.T.);
#4389=ORIENTED_EDGE('',*,*,#4388,.F.);
#4391=ORIENTED_EDGE('',*,*,#4390,.T.);
#4393=ORIENTED_EDGE('',*,*,#4392,.T.);
#4395=ORIENTED_EDGE('',*,*,#4394,.F.);
#4397=ORIENTED_EDGE('',*,*,#4396,.T.);
#4399=ORIENTED_EDGE('',*,*,#4398,.T.);
#4401=ORIENTED_EDGE('',*,*,#4400,.F.);
#4403=ORIENTED_EDGE('',*,*,#4402,.T.);
#4405=ORIENTED_EDGE('',*,*,#4404,.T.);
#4407=ORIENTED_EDGE('',*,*,#4406,.F.);
#4409=ORIENTED_EDGE('',*,*,#4408,.T.);
#4411=ORIENTED_EDGE('',*,*,#4410,.T.);
#4413=ORIENTED_EDGE('',*,*,#4412,.F.);
#4415=ORIENTED_EDGE('',*,*,#4414,.T.);
#4417=ORIENTED_EDGE('',*,*,#4416,.T.);
#4419=ORIENTED_EDGE('',*,*,#4418,.F.);
#4421=ORIENTED_EDGE('',*,*,#4420,.T.);
#4423=ORIENTED_EDGE('',*,*,#4422,.F.);
#4424=EDGE_LOOP('',(#4290,#4291,#4293,#4295,#4296,#4298,#4300,#4301,#4303,#4305,
#4306,#4308,#4310,#4311,#4313,#4315,#4316,#4318,#4320,#4321,#4323,#4325,#4326,
#4328,#4330,#4331,#4333,#4335,#4336,#4338,#4340,#4341,#4343,#4344,#4345,#4347,
#4349,#4351,#4353,#4355,#4357,#4359,#4361,#4363,#4365,#4367,#4369,#4371,#4373,
#4375,#4377,#4379,#4381,#4383,#4385,#4387,#4389,#4391,#4393,#4395,#4397,#4399,
#4401,#4403,#4405,#4407,#4409,#4411,#4413,#4415,#4417,#4419,#4421,#4423));
#4425=FACE_OUTER_BOUND('',#4424,.F.);
#4427=ORIENTED_EDGE('',*,*,#4426,.F.);
#4429=ORIENTED_EDGE('',*,*,#4428,.F.);
#4431=ORIENTED_EDGE('',*,*,#4430,.F.);
#4433=ORIENTED_EDGE('',*,*,#4432,.F.);
#4434=EDGE_LOOP('',(#4427,#4429,#4431,#4433));
#4435=FACE_BOUND('',#4434,.F.);
#4437=ORIENTED_EDGE('',*,*,#4436,.F.);
#4439=ORIENTED_EDGE('',*,*,#4438,.F.);
#4441=ORIENTED_EDGE('',*,*,#4440,.F.);
#4443=ORIENTED_EDGE('',*,*,#4442,.F.);
#4444=EDGE_LOOP('',(#4437,#4439,#4441,#4443));
#4445=FACE_BOUND('',#4444,.F.);
#4447=ORIENTED_EDGE('',*,*,#4446,.F.);
#4449=ORIENTED_EDGE('',*,*,#4448,.F.);
#4451=ORIENTED_EDGE('',*,*,#4450,.F.);
#4453=ORIENTED_EDGE('',*,*,#4452,.F.);
#4454=EDGE_LOOP('',(#4447,#4449,#4451,#4453));
#4455=FACE_BOUND('',#4454,.F.);
#4457=ORIENTED_EDGE('',*,*,#4456,.F.);
#4459=ORIENTED_EDGE('',*,*,#4458,.F.);
#4461=ORIENTED_EDGE('',*,*,#4460,.F.);
#4463=ORIENTED_EDGE('',*,*,#4462,.F.);
#4464=EDGE_LOOP('',(#4457,#4459,#4461,#4463));
#4465=FACE_BOUND('',#4464,.F.);
#4467=ORIENTED_EDGE('',*,*,#4466,.F.);
#4469=ORIENTED_EDGE('',*,*,#4468,.F.);
#4471=ORIENTED_EDGE('',*,*,#4470,.F.);
#4473=ORIENTED_EDGE('',*,*,#4472,.F.);
#4474=EDGE_LOOP('',(#4467,#4469,#4471,#4473));
#4475=FACE_BOUND('',#4474,.F.);
#4477=ORIENTED_EDGE('',*,*,#4476,.F.);
#4479=ORIENTED_EDGE('',*,*,#4478,.F.);
#4481=ORIENTED_EDGE('',*,*,#4480,.F.);
#4483=ORIENTED_EDGE('',*,*,#4482,.F.);
#4484=EDGE_LOOP('',(#4477,#4479,#4481,#4483));
#4485=FACE_BOUND('',#4484,.F.);
#4487=ORIENTED_EDGE('',*,*,#4486,.F.);
#4489=ORIENTED_EDGE('',*,*,#4488,.F.);
#4491=ORIENTED_EDGE('',*,*,#4490,.F.);
#4493=ORIENTED_EDGE('',*,*,#4492,.F.);
#4494=EDGE_LOOP('',(#4487,#4489,#4491,#4493));
#4495=FACE_BOUND('',#4494,.F.);
#4497=ORIENTED_EDGE('',*,*,#4496,.F.);
#4499=ORIENTED_EDGE('',*,*,#4498,.F.);
#4501=ORIENTED_EDGE('',*,*,#4500,.F.);
#4503=ORIENTED_EDGE('',*,*,#4502,.F.);
#4504=EDGE_LOOP('',(#4497,#4499,#4501,#4503));
#4505=FACE_BOUND('',#4504,.F.);
#4507=ORIENTED_EDGE('',*,*,#4506,.F.);
#4509=ORIENTED_EDGE('',*,*,#4508,.F.);
#4511=ORIENTED_EDGE('',*,*,#4510,.F.);
#4513=ORIENTED_EDGE('',*,*,#4512,.F.);
#4514=EDGE_LOOP('',(#4507,#4509,#4511,#4513));
#4515=FACE_BOUND('',#4514,.F.);
#4517=ORIENTED_EDGE('',*,*,#4516,.F.);
#4519=ORIENTED_EDGE('',*,*,#4518,.F.);
#4521=ORIENTED_EDGE('',*,*,#4520,.F.);
#4523=ORIENTED_EDGE('',*,*,#4522,.F.);
#4524=EDGE_LOOP('',(#4517,#4519,#4521,#4523));
#4525=FACE_BOUND('',#4524,.F.);
#4527=ORIENTED_EDGE('',*,*,#4526,.F.);
#4529=ORIENTED_EDGE('',*,*,#4528,.F.);
#4531=ORIENTED_EDGE('',*,*,#4530,.F.);
#4533=ORIENTED_EDGE('',*,*,#4532,.F.);
#4534=EDGE_LOOP('',(#4527,#4529,#4531,#4533));
#4535=FACE_BOUND('',#4534,.F.);
#4537=ORIENTED_EDGE('',*,*,#4536,.F.);
#4539=ORIENTED_EDGE('',*,*,#4538,.F.);
#4541=ORIENTED_EDGE('',*,*,#4540,.F.);
#4543=ORIENTED_EDGE('',*,*,#4542,.F.);
#4544=EDGE_LOOP('',(#4537,#4539,#4541,#4543));
#4545=FACE_BOUND('',#4544,.F.);
#4546=ADVANCED_FACE('',(#4425,#4435,#4445,#4455,#4465,#4475,#4485,#4495,#4505,
#4515,#4525,#4535,#4545),#4289,.T.);
#4547=FILL_AREA_STYLE_COLOUR('',#3);
#4548=FILL_AREA_STYLE('',(#4547));
#4549=SURFACE_STYLE_FILL_AREA(#4548);
#4550=SURFACE_SIDE_STYLE('',(#4549));
#4551=SURFACE_STYLE_USAGE(.POSITIVE.,#4550);
#4552=PRESENTATION_STYLE_ASSIGNMENT((#4551));
#4553=STYLED_ITEM('',(#4552),#4546);
#4554=CARTESIAN_POINT('',(-6.5E0,1.05E0,1.E0));
#4555=DIRECTION('',(-8.574929257125E-1,-5.144957554275E-1,0.E0));
#4556=DIRECTION('',(5.144957554275E-1,-8.574929257125E-1,0.E0));
#4557=AXIS2_PLACEMENT_3D('',#4554,#4555,#4556);
#4558=PLANE('',#4557);
#4559=ORIENTED_EDGE('',*,*,#3845,.T.);
#4561=ORIENTED_EDGE('',*,*,#4560,.F.);
#4562=ORIENTED_EDGE('',*,*,#4292,.F.);
#4563=ORIENTED_EDGE('',*,*,#4250,.F.);
#4564=EDGE_LOOP('',(#4559,#4561,#4562,#4563));
#4565=FACE_OUTER_BOUND('',#4564,.F.);
#4566=ADVANCED_FACE('',(#4565),#4558,.F.);
#4567=FILL_AREA_STYLE_COLOUR('',#3);
#4568=FILL_AREA_STYLE('',(#4567));
#4569=SURFACE_STYLE_FILL_AREA(#4568);
#4570=SURFACE_SIDE_STYLE('',(#4569));
#4571=SURFACE_STYLE_USAGE(.POSITIVE.,#4570);
#4572=PRESENTATION_STYLE_ASSIGNMENT((#4571));
#4573=STYLED_ITEM('',(#4572),#4566);
#4574=CARTESIAN_POINT('',(-6.35E0,8.E-1,1.E0));
#4575=DIRECTION('',(8.574929257125E-1,-5.144957554275E-1,0.E0));
#4576=DIRECTION('',(5.144957554275E-1,8.574929257125E-1,0.E0));
#4577=AXIS2_PLACEMENT_3D('',#4574,#4575,#4576);
#4578=PLANE('',#4577);
#4579=ORIENTED_EDGE('',*,*,#3843,.T.);
#4580=ORIENTED_EDGE('',*,*,#4226,.T.);
#4581=ORIENTED_EDGE('',*,*,#4294,.F.);
#4582=ORIENTED_EDGE('',*,*,#4560,.T.);
#4583=EDGE_LOOP('',(#4579,#4580,#4581,#4582));
#4584=FACE_OUTER_BOUND('',#4583,.F.);
#4585=ADVANCED_FACE('',(#4584),#4578,.F.);
#4586=FILL_AREA_STYLE_COLOUR('',#3);
#4587=FILL_AREA_STYLE('',(#4586));
#4588=SURFACE_STYLE_FILL_AREA(#4587);
#4589=SURFACE_SIDE_STYLE('',(#4588));
#4590=SURFACE_STYLE_USAGE(.POSITIVE.,#4589);
#4591=PRESENTATION_STYLE_ASSIGNMENT((#4590));
#4592=STYLED_ITEM('',(#4591),#4585);
#4593=CARTESIAN_POINT('',(-5.23E0,1.05E0,1.E0));
#4594=DIRECTION('',(-8.574929257125E-1,-5.144957554275E-1,0.E0));
#4595=DIRECTION('',(5.144957554275E-1,-8.574929257125E-1,0.E0));
#4596=AXIS2_PLACEMENT_3D('',#4593,#4594,#4595);
#4597=PLANE('',#4596);
#4598=ORIENTED_EDGE('',*,*,#3839,.T.);
#4600=ORIENTED_EDGE('',*,*,#4599,.F.);
#4601=ORIENTED_EDGE('',*,*,#4297,.F.);
#4602=ORIENTED_EDGE('',*,*,#4229,.F.);
#4603=EDGE_LOOP('',(#4598,#4600,#4601,#4602));
#4604=FACE_OUTER_BOUND('',#4603,.F.);
#4605=ADVANCED_FACE('',(#4604),#4597,.F.);
#4606=FILL_AREA_STYLE_COLOUR('',#3);
#4607=FILL_AREA_STYLE('',(#4606));
#4608=SURFACE_STYLE_FILL_AREA(#4607);
#4609=SURFACE_SIDE_STYLE('',(#4608));
#4610=SURFACE_STYLE_USAGE(.POSITIVE.,#4609);
#4611=PRESENTATION_STYLE_ASSIGNMENT((#4610));
#4612=STYLED_ITEM('',(#4611),#4605);
#4613=CARTESIAN_POINT('',(-5.08E0,8.E-1,1.E0));
#4614=DIRECTION('',(8.574929257125E-1,-5.144957554275E-1,0.E0));
#4615=DIRECTION('',(5.144957554275E-1,8.574929257125E-1,0.E0));
#4616=AXIS2_PLACEMENT_3D('',#4613,#4614,#4615);
#4617=PLANE('',#4616);
#4618=ORIENTED_EDGE('',*,*,#3837,.T.);
#4619=ORIENTED_EDGE('',*,*,#4204,.T.);
#4620=ORIENTED_EDGE('',*,*,#4299,.F.);
#4621=ORIENTED_EDGE('',*,*,#4599,.T.);
#4622=EDGE_LOOP('',(#4618,#4619,#4620,#4621));
#4623=FACE_OUTER_BOUND('',#4622,.F.);
#4624=ADVANCED_FACE('',(#4623),#4617,.F.);
#4625=FILL_AREA_STYLE_COLOUR('',#3);
#4626=FILL_AREA_STYLE('',(#4625));
#4627=SURFACE_STYLE_FILL_AREA(#4626);
#4628=SURFACE_SIDE_STYLE('',(#4627));
#4629=SURFACE_STYLE_USAGE(.POSITIVE.,#4628);
#4630=PRESENTATION_STYLE_ASSIGNMENT((#4629));
#4631=STYLED_ITEM('',(#4630),#4624);
#4632=CARTESIAN_POINT('',(-3.96E0,1.05E0,1.E0));
#4633=DIRECTION('',(-8.574929257125E-1,-5.144957554275E-1,0.E0));
#4634=DIRECTION('',(5.144957554275E-1,-8.574929257125E-1,0.E0));
#4635=AXIS2_PLACEMENT_3D('',#4632,#4633,#4634);
#4636=PLANE('',#4635);
#4637=ORIENTED_EDGE('',*,*,#3833,.T.);
#4639=ORIENTED_EDGE('',*,*,#4638,.F.);
#4640=ORIENTED_EDGE('',*,*,#4302,.F.);
#4641=ORIENTED_EDGE('',*,*,#4207,.F.);
#4642=EDGE_LOOP('',(#4637,#4639,#4640,#4641));
#4643=FACE_OUTER_BOUND('',#4642,.F.);
#4644=ADVANCED_FACE('',(#4643),#4636,.F.);
#4645=FILL_AREA_STYLE_COLOUR('',#3);
#4646=FILL_AREA_STYLE('',(#4645));
#4647=SURFACE_STYLE_FILL_AREA(#4646);
#4648=SURFACE_SIDE_STYLE('',(#4647));
#4649=SURFACE_STYLE_USAGE(.POSITIVE.,#4648);
#4650=PRESENTATION_STYLE_ASSIGNMENT((#4649));
#4651=STYLED_ITEM('',(#4650),#4644);
#4652=CARTESIAN_POINT('',(-3.81E0,8.E-1,1.E0));
#4653=DIRECTION('',(8.574929257125E-1,-5.144957554275E-1,0.E0));
#4654=DIRECTION('',(5.144957554275E-1,8.574929257125E-1,0.E0));
#4655=AXIS2_PLACEMENT_3D('',#4652,#4653,#4654);
#4656=PLANE('',#4655);
#4657=ORIENTED_EDGE('',*,*,#3831,.T.);
#4658=ORIENTED_EDGE('',*,*,#4182,.T.);
#4659=ORIENTED_EDGE('',*,*,#4304,.F.);
#4660=ORIENTED_EDGE('',*,*,#4638,.T.);
#4661=EDGE_LOOP('',(#4657,#4658,#4659,#4660));
#4662=FACE_OUTER_BOUND('',#4661,.F.);
#4663=ADVANCED_FACE('',(#4662),#4656,.F.);
#4664=FILL_AREA_STYLE_COLOUR('',#3);
#4665=FILL_AREA_STYLE('',(#4664));
#4666=SURFACE_STYLE_FILL_AREA(#4665);
#4667=SURFACE_SIDE_STYLE('',(#4666));
#4668=SURFACE_STYLE_USAGE(.POSITIVE.,#4667);
#4669=PRESENTATION_STYLE_ASSIGNMENT((#4668));
#4670=STYLED_ITEM('',(#4669),#4663);
#4671=CARTESIAN_POINT('',(-2.69E0,1.05E0,1.E0));
#4672=DIRECTION('',(-8.574929257125E-1,-5.144957554275E-1,0.E0));
#4673=DIRECTION('',(5.144957554275E-1,-8.574929257125E-1,0.E0));
#4674=AXIS2_PLACEMENT_3D('',#4671,#4672,#4673);
#4675=PLANE('',#4674);
#4676=ORIENTED_EDGE('',*,*,#3827,.T.);
#4678=ORIENTED_EDGE('',*,*,#4677,.F.);
#4679=ORIENTED_EDGE('',*,*,#4307,.F.);
#4680=ORIENTED_EDGE('',*,*,#4185,.F.);
#4681=EDGE_LOOP('',(#4676,#4678,#4679,#4680));
#4682=FACE_OUTER_BOUND('',#4681,.F.);
#4683=ADVANCED_FACE('',(#4682),#4675,.F.);
#4684=FILL_AREA_STYLE_COLOUR('',#3);
#4685=FILL_AREA_STYLE('',(#4684));
#4686=SURFACE_STYLE_FILL_AREA(#4685);
#4687=SURFACE_SIDE_STYLE('',(#4686));
#4688=SURFACE_STYLE_USAGE(.POSITIVE.,#4687);
#4689=PRESENTATION_STYLE_ASSIGNMENT((#4688));
#4690=STYLED_ITEM('',(#4689),#4683);
#4691=CARTESIAN_POINT('',(-2.54E0,8.E-1,1.E0));
#4692=DIRECTION('',(8.574929257125E-1,-5.144957554275E-1,0.E0));
#4693=DIRECTION('',(5.144957554275E-1,8.574929257125E-1,0.E0));
#4694=AXIS2_PLACEMENT_3D('',#4691,#4692,#4693);
#4695=PLANE('',#4694);
#4696=ORIENTED_EDGE('',*,*,#3825,.T.);
#4697=ORIENTED_EDGE('',*,*,#4160,.T.);
#4698=ORIENTED_EDGE('',*,*,#4309,.F.);
#4699=ORIENTED_EDGE('',*,*,#4677,.T.);
#4700=EDGE_LOOP('',(#4696,#4697,#4698,#4699));
#4701=FACE_OUTER_BOUND('',#4700,.F.);
#4702=ADVANCED_FACE('',(#4701),#4695,.F.);
#4703=FILL_AREA_STYLE_COLOUR('',#3);
#4704=FILL_AREA_STYLE('',(#4703));
#4705=SURFACE_STYLE_FILL_AREA(#4704);
#4706=SURFACE_SIDE_STYLE('',(#4705));
#4707=SURFACE_STYLE_USAGE(.POSITIVE.,#4706);
#4708=PRESENTATION_STYLE_ASSIGNMENT((#4707));
#4709=STYLED_ITEM('',(#4708),#4702);
#4710=CARTESIAN_POINT('',(-1.42E0,1.05E0,1.E0));
#4711=DIRECTION('',(-8.574929257125E-1,-5.144957554275E-1,0.E0));
#4712=DIRECTION('',(5.144957554275E-1,-8.574929257125E-1,0.E0));
#4713=AXIS2_PLACEMENT_3D('',#4710,#4711,#4712);
#4714=PLANE('',#4713);
#4715=ORIENTED_EDGE('',*,*,#3821,.T.);
#4717=ORIENTED_EDGE('',*,*,#4716,.F.);
#4718=ORIENTED_EDGE('',*,*,#4312,.F.);
#4719=ORIENTED_EDGE('',*,*,#4163,.F.);
#4720=EDGE_LOOP('',(#4715,#4717,#4718,#4719));
#4721=FACE_OUTER_BOUND('',#4720,.F.);
#4722=ADVANCED_FACE('',(#4721),#4714,.F.);
#4723=FILL_AREA_STYLE_COLOUR('',#3);
#4724=FILL_AREA_STYLE('',(#4723));
#4725=SURFACE_STYLE_FILL_AREA(#4724);
#4726=SURFACE_SIDE_STYLE('',(#4725));
#4727=SURFACE_STYLE_USAGE(.POSITIVE.,#4726);
#4728=PRESENTATION_STYLE_ASSIGNMENT((#4727));
#4729=STYLED_ITEM('',(#4728),#4722);
#4730=CARTESIAN_POINT('',(-1.27E0,8.E-1,1.E0));
#4731=DIRECTION('',(8.574929257125E-1,-5.144957554275E-1,0.E0));
#4732=DIRECTION('',(5.144957554275E-1,8.574929257125E-1,0.E0));
#4733=AXIS2_PLACEMENT_3D('',#4730,#4731,#4732);
#4734=PLANE('',#4733);
#4735=ORIENTED_EDGE('',*,*,#3819,.T.);
#4736=ORIENTED_EDGE('',*,*,#4138,.T.);
#4737=ORIENTED_EDGE('',*,*,#4314,.F.);
#4738=ORIENTED_EDGE('',*,*,#4716,.T.);
#4739=EDGE_LOOP('',(#4735,#4736,#4737,#4738));
#4740=FACE_OUTER_BOUND('',#4739,.F.);
#4741=ADVANCED_FACE('',(#4740),#4734,.F.);
#4742=FILL_AREA_STYLE_COLOUR('',#3);
#4743=FILL_AREA_STYLE('',(#4742));
#4744=SURFACE_STYLE_FILL_AREA(#4743);
#4745=SURFACE_SIDE_STYLE('',(#4744));
#4746=SURFACE_STYLE_USAGE(.POSITIVE.,#4745);
#4747=PRESENTATION_STYLE_ASSIGNMENT((#4746));
#4748=STYLED_ITEM('',(#4747),#4741);
#4749=CARTESIAN_POINT('',(-1.5E-1,1.05E0,1.E0));
#4750=DIRECTION('',(-8.574929257125E-1,-5.144957554275E-1,0.E0));
#4751=DIRECTION('',(5.144957554275E-1,-8.574929257125E-1,0.E0));
#4752=AXIS2_PLACEMENT_3D('',#4749,#4750,#4751);
#4753=PLANE('',#4752);
#4754=ORIENTED_EDGE('',*,*,#3815,.T.);
#4756=ORIENTED_EDGE('',*,*,#4755,.F.);
#4757=ORIENTED_EDGE('',*,*,#4317,.F.);
#4758=ORIENTED_EDGE('',*,*,#4141,.F.);
#4759=EDGE_LOOP('',(#4754,#4756,#4757,#4758));
#4760=FACE_OUTER_BOUND('',#4759,.F.);
#4761=ADVANCED_FACE('',(#4760),#4753,.F.);
#4762=FILL_AREA_STYLE_COLOUR('',#3);
#4763=FILL_AREA_STYLE('',(#4762));
#4764=SURFACE_STYLE_FILL_AREA(#4763);
#4765=SURFACE_SIDE_STYLE('',(#4764));
#4766=SURFACE_STYLE_USAGE(.POSITIVE.,#4765);
#4767=PRESENTATION_STYLE_ASSIGNMENT((#4766));
#4768=STYLED_ITEM('',(#4767),#4761);
#4769=CARTESIAN_POINT('',(0.E0,8.E-1,1.E0));
#4770=DIRECTION('',(8.574929257125E-1,-5.144957554275E-1,0.E0));
#4771=DIRECTION('',(5.144957554275E-1,8.574929257125E-1,0.E0));
#4772=AXIS2_PLACEMENT_3D('',#4769,#4770,#4771);
#4773=PLANE('',#4772);
#4774=ORIENTED_EDGE('',*,*,#3813,.T.);
#4775=ORIENTED_EDGE('',*,*,#4116,.T.);
#4776=ORIENTED_EDGE('',*,*,#4319,.F.);
#4777=ORIENTED_EDGE('',*,*,#4755,.T.);
#4778=EDGE_LOOP('',(#4774,#4775,#4776,#4777));
#4779=FACE_OUTER_BOUND('',#4778,.F.);
#4780=ADVANCED_FACE('',(#4779),#4773,.F.);
#4781=FILL_AREA_STYLE_COLOUR('',#3);
#4782=FILL_AREA_STYLE('',(#4781));
#4783=SURFACE_STYLE_FILL_AREA(#4782);
#4784=SURFACE_SIDE_STYLE('',(#4783));
#4785=SURFACE_STYLE_USAGE(.POSITIVE.,#4784);
#4786=PRESENTATION_STYLE_ASSIGNMENT((#4785));
#4787=STYLED_ITEM('',(#4786),#4780);
#4788=CARTESIAN_POINT('',(1.12E0,1.05E0,1.E0));
#4789=DIRECTION('',(-8.574929257125E-1,-5.144957554275E-1,0.E0));
#4790=DIRECTION('',(5.144957554275E-1,-8.574929257125E-1,0.E0));
#4791=AXIS2_PLACEMENT_3D('',#4788,#4789,#4790);
#4792=PLANE('',#4791);
#4793=ORIENTED_EDGE('',*,*,#3809,.T.);
#4795=ORIENTED_EDGE('',*,*,#4794,.F.);
#4796=ORIENTED_EDGE('',*,*,#4322,.F.);
#4797=ORIENTED_EDGE('',*,*,#4119,.F.);
#4798=EDGE_LOOP('',(#4793,#4795,#4796,#4797));
#4799=FACE_OUTER_BOUND('',#4798,.F.);
#4800=ADVANCED_FACE('',(#4799),#4792,.F.);
#4801=FILL_AREA_STYLE_COLOUR('',#3);
#4802=FILL_AREA_STYLE('',(#4801));
#4803=SURFACE_STYLE_FILL_AREA(#4802);
#4804=SURFACE_SIDE_STYLE('',(#4803));
#4805=SURFACE_STYLE_USAGE(.POSITIVE.,#4804);
#4806=PRESENTATION_STYLE_ASSIGNMENT((#4805));
#4807=STYLED_ITEM('',(#4806),#4800);
#4808=CARTESIAN_POINT('',(1.27E0,8.E-1,1.E0));
#4809=DIRECTION('',(8.574929257125E-1,-5.144957554275E-1,0.E0));
#4810=DIRECTION('',(5.144957554275E-1,8.574929257125E-1,0.E0));
#4811=AXIS2_PLACEMENT_3D('',#4808,#4809,#4810);
#4812=PLANE('',#4811);
#4813=ORIENTED_EDGE('',*,*,#3807,.T.);
#4814=ORIENTED_EDGE('',*,*,#4094,.T.);
#4815=ORIENTED_EDGE('',*,*,#4324,.F.);
#4816=ORIENTED_EDGE('',*,*,#4794,.T.);
#4817=EDGE_LOOP('',(#4813,#4814,#4815,#4816));
#4818=FACE_OUTER_BOUND('',#4817,.F.);
#4819=ADVANCED_FACE('',(#4818),#4812,.F.);
#4820=FILL_AREA_STYLE_COLOUR('',#3);
#4821=FILL_AREA_STYLE('',(#4820));
#4822=SURFACE_STYLE_FILL_AREA(#4821);
#4823=SURFACE_SIDE_STYLE('',(#4822));
#4824=SURFACE_STYLE_USAGE(.POSITIVE.,#4823);
#4825=PRESENTATION_STYLE_ASSIGNMENT((#4824));
#4826=STYLED_ITEM('',(#4825),#4819);
#4827=CARTESIAN_POINT('',(2.39E0,1.05E0,1.E0));
#4828=DIRECTION('',(-8.574929257125E-1,-5.144957554275E-1,0.E0));
#4829=DIRECTION('',(5.144957554275E-1,-8.574929257125E-1,0.E0));
#4830=AXIS2_PLACEMENT_3D('',#4827,#4828,#4829);
#4831=PLANE('',#4830);
#4832=ORIENTED_EDGE('',*,*,#3803,.T.);
#4834=ORIENTED_EDGE('',*,*,#4833,.F.);
#4835=ORIENTED_EDGE('',*,*,#4327,.F.);
#4836=ORIENTED_EDGE('',*,*,#4097,.F.);
#4837=EDGE_LOOP('',(#4832,#4834,#4835,#4836));
#4838=FACE_OUTER_BOUND('',#4837,.F.);
#4839=ADVANCED_FACE('',(#4838),#4831,.F.);
#4840=FILL_AREA_STYLE_COLOUR('',#3);
#4841=FILL_AREA_STYLE('',(#4840));
#4842=SURFACE_STYLE_FILL_AREA(#4841);
#4843=SURFACE_SIDE_STYLE('',(#4842));
#4844=SURFACE_STYLE_USAGE(.POSITIVE.,#4843);
#4845=PRESENTATION_STYLE_ASSIGNMENT((#4844));
#4846=STYLED_ITEM('',(#4845),#4839);
#4847=CARTESIAN_POINT('',(2.54E0,8.E-1,1.E0));
#4848=DIRECTION('',(8.574929257125E-1,-5.144957554275E-1,0.E0));
#4849=DIRECTION('',(5.144957554275E-1,8.574929257125E-1,0.E0));
#4850=AXIS2_PLACEMENT_3D('',#4847,#4848,#4849);
#4851=PLANE('',#4850);
#4852=ORIENTED_EDGE('',*,*,#3801,.T.);
#4853=ORIENTED_EDGE('',*,*,#4072,.T.);
#4854=ORIENTED_EDGE('',*,*,#4329,.F.);
#4855=ORIENTED_EDGE('',*,*,#4833,.T.);
#4856=EDGE_LOOP('',(#4852,#4853,#4854,#4855));
#4857=FACE_OUTER_BOUND('',#4856,.F.);
#4858=ADVANCED_FACE('',(#4857),#4851,.F.);
#4859=FILL_AREA_STYLE_COLOUR('',#3);
#4860=FILL_AREA_STYLE('',(#4859));
#4861=SURFACE_STYLE_FILL_AREA(#4860);
#4862=SURFACE_SIDE_STYLE('',(#4861));
#4863=SURFACE_STYLE_USAGE(.POSITIVE.,#4862);
#4864=PRESENTATION_STYLE_ASSIGNMENT((#4863));
#4865=STYLED_ITEM('',(#4864),#4858);
#4866=CARTESIAN_POINT('',(3.66E0,1.05E0,1.E0));
#4867=DIRECTION('',(-8.574929257125E-1,-5.144957554275E-1,0.E0));
#4868=DIRECTION('',(5.144957554275E-1,-8.574929257125E-1,0.E0));
#4869=AXIS2_PLACEMENT_3D('',#4866,#4867,#4868);
#4870=PLANE('',#4869);
#4871=ORIENTED_EDGE('',*,*,#3797,.T.);
#4873=ORIENTED_EDGE('',*,*,#4872,.F.);
#4874=ORIENTED_EDGE('',*,*,#4332,.F.);
#4875=ORIENTED_EDGE('',*,*,#4075,.F.);
#4876=EDGE_LOOP('',(#4871,#4873,#4874,#4875));
#4877=FACE_OUTER_BOUND('',#4876,.F.);
#4878=ADVANCED_FACE('',(#4877),#4870,.F.);
#4879=FILL_AREA_STYLE_COLOUR('',#3);
#4880=FILL_AREA_STYLE('',(#4879));
#4881=SURFACE_STYLE_FILL_AREA(#4880);
#4882=SURFACE_SIDE_STYLE('',(#4881));
#4883=SURFACE_STYLE_USAGE(.POSITIVE.,#4882);
#4884=PRESENTATION_STYLE_ASSIGNMENT((#4883));
#4885=STYLED_ITEM('',(#4884),#4878);
#4886=CARTESIAN_POINT('',(3.81E0,8.E-1,1.E0));
#4887=DIRECTION('',(8.574929257125E-1,-5.144957554275E-1,0.E0));
#4888=DIRECTION('',(5.144957554275E-1,8.574929257125E-1,0.E0));
#4889=AXIS2_PLACEMENT_3D('',#4886,#4887,#4888);
#4890=PLANE('',#4889);
#4891=ORIENTED_EDGE('',*,*,#3795,.T.);
#4892=ORIENTED_EDGE('',*,*,#4050,.T.);
#4893=ORIENTED_EDGE('',*,*,#4334,.F.);
#4894=ORIENTED_EDGE('',*,*,#4872,.T.);
#4895=EDGE_LOOP('',(#4891,#4892,#4893,#4894));
#4896=FACE_OUTER_BOUND('',#4895,.F.);
#4897=ADVANCED_FACE('',(#4896),#4890,.F.);
#4898=FILL_AREA_STYLE_COLOUR('',#3);
#4899=FILL_AREA_STYLE('',(#4898));
#4900=SURFACE_STYLE_FILL_AREA(#4899);
#4901=SURFACE_SIDE_STYLE('',(#4900));
#4902=SURFACE_STYLE_USAGE(.POSITIVE.,#4901);
#4903=PRESENTATION_STYLE_ASSIGNMENT((#4902));
#4904=STYLED_ITEM('',(#4903),#4897);
#4905=CARTESIAN_POINT('',(4.93E0,1.05E0,1.E0));
#4906=DIRECTION('',(-8.574929257125E-1,-5.144957554275E-1,0.E0));
#4907=DIRECTION('',(5.144957554275E-1,-8.574929257125E-1,0.E0));
#4908=AXIS2_PLACEMENT_3D('',#4905,#4906,#4907);
#4909=PLANE('',#4908);
#4910=ORIENTED_EDGE('',*,*,#3791,.T.);
#4912=ORIENTED_EDGE('',*,*,#4911,.F.);
#4913=ORIENTED_EDGE('',*,*,#4337,.F.);
#4914=ORIENTED_EDGE('',*,*,#4053,.F.);
#4915=EDGE_LOOP('',(#4910,#4912,#4913,#4914));
#4916=FACE_OUTER_BOUND('',#4915,.F.);
#4917=ADVANCED_FACE('',(#4916),#4909,.F.);
#4918=FILL_AREA_STYLE_COLOUR('',#3);
#4919=FILL_AREA_STYLE('',(#4918));
#4920=SURFACE_STYLE_FILL_AREA(#4919);
#4921=SURFACE_SIDE_STYLE('',(#4920));
#4922=SURFACE_STYLE_USAGE(.POSITIVE.,#4921);
#4923=PRESENTATION_STYLE_ASSIGNMENT((#4922));
#4924=STYLED_ITEM('',(#4923),#4917);
#4925=CARTESIAN_POINT('',(5.08E0,8.E-1,1.E0));
#4926=DIRECTION('',(8.574929257125E-1,-5.144957554275E-1,0.E0));
#4927=DIRECTION('',(5.144957554275E-1,8.574929257125E-1,0.E0));
#4928=AXIS2_PLACEMENT_3D('',#4925,#4926,#4927);
#4929=PLANE('',#4928);
#4930=ORIENTED_EDGE('',*,*,#3789,.T.);
#4931=ORIENTED_EDGE('',*,*,#4028,.T.);
#4932=ORIENTED_EDGE('',*,*,#4339,.F.);
#4933=ORIENTED_EDGE('',*,*,#4911,.T.);
#4934=EDGE_LOOP('',(#4930,#4931,#4932,#4933));
#4935=FACE_OUTER_BOUND('',#4934,.F.);
#4936=ADVANCED_FACE('',(#4935),#4929,.F.);
#4937=FILL_AREA_STYLE_COLOUR('',#3);
#4938=FILL_AREA_STYLE('',(#4937));
#4939=SURFACE_STYLE_FILL_AREA(#4938);
#4940=SURFACE_SIDE_STYLE('',(#4939));
#4941=SURFACE_STYLE_USAGE(.POSITIVE.,#4940);
#4942=PRESENTATION_STYLE_ASSIGNMENT((#4941));
#4943=STYLED_ITEM('',(#4942),#4936);
#4944=CARTESIAN_POINT('',(6.2E0,1.05E0,1.E0));
#4945=DIRECTION('',(-8.574929257125E-1,-5.144957554275E-1,0.E0));
#4946=DIRECTION('',(5.144957554275E-1,-8.574929257125E-1,0.E0));
#4947=AXIS2_PLACEMENT_3D('',#4944,#4945,#4946);
#4948=PLANE('',#4947);
#4949=ORIENTED_EDGE('',*,*,#3785,.T.);
#4950=ORIENTED_EDGE('',*,*,#4273,.F.);
#4951=ORIENTED_EDGE('',*,*,#4342,.F.);
#4952=ORIENTED_EDGE('',*,*,#4031,.F.);
#4953=EDGE_LOOP('',(#4949,#4950,#4951,#4952));
#4954=FACE_OUTER_BOUND('',#4953,.F.);
#4955=ADVANCED_FACE('',(#4954),#4948,.F.);
#4956=FILL_AREA_STYLE_COLOUR('',#3);
#4957=FILL_AREA_STYLE('',(#4956));
#4958=SURFACE_STYLE_FILL_AREA(#4957);
#4959=SURFACE_SIDE_STYLE('',(#4958));
#4960=SURFACE_STYLE_USAGE(.POSITIVE.,#4959);
#4961=PRESENTATION_STYLE_ASSIGNMENT((#4960));
#4962=STYLED_ITEM('',(#4961),#4955);
#4963=CARTESIAN_POINT('',(7.47E0,1.05E0,1.E0));
#4964=DIRECTION('',(-8.574929257125E-1,-5.144957554275E-1,0.E0));
#4965=DIRECTION('',(5.144957554275E-1,-8.574929257125E-1,0.E0));
#4966=AXIS2_PLACEMENT_3D('',#4963,#4964,#4965);
#4967=PLANE('',#4966);
#4968=ORIENTED_EDGE('',*,*,#3779,.T.);
#4970=ORIENTED_EDGE('',*,*,#4969,.T.);
#4971=ORIENTED_EDGE('',*,*,#4346,.F.);
#4972=ORIENTED_EDGE('',*,*,#4009,.F.);
#4973=EDGE_LOOP('',(#4968,#4970,#4971,#4972));
#4974=FACE_OUTER_BOUND('',#4973,.F.);
#4975=ADVANCED_FACE('',(#4974),#4967,.F.);
#4976=FILL_AREA_STYLE_COLOUR('',#3);
#4977=FILL_AREA_STYLE('',(#4976));
#4978=SURFACE_STYLE_FILL_AREA(#4977);
#4979=SURFACE_SIDE_STYLE('',(#4978));
#4980=SURFACE_STYLE_USAGE(.POSITIVE.,#4979);
#4981=PRESENTATION_STYLE_ASSIGNMENT((#4980));
#4982=STYLED_ITEM('',(#4981),#4975);
#4983=CARTESIAN_POINT('',(7.62E0,-1.05E0,0.E0));
#4984=DIRECTION('',(1.E0,0.E0,0.E0));
#4985=DIRECTION('',(0.E0,1.E0,0.E0));
#4986=AXIS2_PLACEMENT_3D('',#4983,#4984,#4985);
#4987=PLANE('',#4986);
#4988=ORIENTED_EDGE('',*,*,#4969,.F.);
#4989=ORIENTED_EDGE('',*,*,#3777,.F.);
#4991=ORIENTED_EDGE('',*,*,#4990,.T.);
#4992=ORIENTED_EDGE('',*,*,#4348,.T.);
#4993=EDGE_LOOP('',(#4988,#4989,#4991,#4992));
#4994=FACE_OUTER_BOUND('',#4993,.F.);
#4995=ADVANCED_FACE('',(#4994),#4987,.T.);
#4996=FILL_AREA_STYLE_COLOUR('',#3);
#4997=FILL_AREA_STYLE('',(#4996));
#4998=SURFACE_STYLE_FILL_AREA(#4997);
#4999=SURFACE_SIDE_STYLE('',(#4998));
#5000=SURFACE_STYLE_USAGE(.POSITIVE.,#4999);
#5001=PRESENTATION_STYLE_ASSIGNMENT((#5000));
#5002=STYLED_ITEM('',(#5001),#4995);
#5003=CARTESIAN_POINT('',(7.62E0,-8.E-1,1.E0));
#5004=DIRECTION('',(-8.574929257125E-1,5.144957554275E-1,0.E0));
#5005=DIRECTION('',(-5.144957554275E-1,-8.574929257125E-1,0.E0));
#5006=AXIS2_PLACEMENT_3D('',#5003,#5004,#5005);
#5007=PLANE('',#5006);
#5008=ORIENTED_EDGE('',*,*,#3775,.T.);
#5010=ORIENTED_EDGE('',*,*,#5009,.T.);
#5011=ORIENTED_EDGE('',*,*,#4350,.F.);
#5012=ORIENTED_EDGE('',*,*,#4990,.F.);
#5013=EDGE_LOOP('',(#5008,#5010,#5011,#5012));
#5014=FACE_OUTER_BOUND('',#5013,.F.);
#5015=ADVANCED_FACE('',(#5014),#5007,.F.);
#5016=FILL_AREA_STYLE_COLOUR('',#3);
#5017=FILL_AREA_STYLE('',(#5016));
#5018=SURFACE_STYLE_FILL_AREA(#5017);
#5019=SURFACE_SIDE_STYLE('',(#5018));
#5020=SURFACE_STYLE_USAGE(.POSITIVE.,#5019);
#5021=PRESENTATION_STYLE_ASSIGNMENT((#5020));
#5022=STYLED_ITEM('',(#5021),#5015);
#5023=CARTESIAN_POINT('',(-7.62E0,-1.05E0,0.E0));
#5024=DIRECTION('',(0.E0,-1.E0,0.E0));
#5025=DIRECTION('',(1.E0,0.E0,0.E0));
#5026=AXIS2_PLACEMENT_3D('',#5023,#5024,#5025);
#5027=PLANE('',#5026);
#5029=ORIENTED_EDGE('',*,*,#5028,.T.);
#5030=ORIENTED_EDGE('',*,*,#4352,.T.);
#5031=ORIENTED_EDGE('',*,*,#5009,.F.);
#5032=ORIENTED_EDGE('',*,*,#3773,.F.);
#5033=EDGE_LOOP('',(#5029,#5030,#5031,#5032));
#5034=FACE_OUTER_BOUND('',#5033,.F.);
#5035=ADVANCED_FACE('',(#5034),#5027,.T.);
#5036=FILL_AREA_STYLE_COLOUR('',#3);
#5037=FILL_AREA_STYLE('',(#5036));
#5038=SURFACE_STYLE_FILL_AREA(#5037);
#5039=SURFACE_SIDE_STYLE('',(#5038));
#5040=SURFACE_STYLE_USAGE(.POSITIVE.,#5039);
#5041=PRESENTATION_STYLE_ASSIGNMENT((#5040));
#5042=STYLED_ITEM('',(#5041),#5035);
#5043=CARTESIAN_POINT('',(-7.62E0,-1.05E0,0.E0));
#5044=DIRECTION('',(0.E0,-1.E0,0.E0));
#5045=DIRECTION('',(1.E0,0.E0,0.E0));
#5046=AXIS2_PLACEMENT_3D('',#5043,#5044,#5045);
#5047=PLANE('',#5046);
#5049=ORIENTED_EDGE('',*,*,#5048,.T.);
#5050=ORIENTED_EDGE('',*,*,#4358,.T.);
#5052=ORIENTED_EDGE('',*,*,#5051,.F.);
#5053=ORIENTED_EDGE('',*,*,#3767,.F.);
#5054=EDGE_LOOP('',(#5049,#5050,#5052,#5053));
#5055=FACE_OUTER_BOUND('',#5054,.F.);
#5056=ADVANCED_FACE('',(#5055),#5047,.T.);
#5057=FILL_AREA_STYLE_COLOUR('',#3);
#5058=FILL_AREA_STYLE('',(#5057));
#5059=SURFACE_STYLE_FILL_AREA(#5058);
#5060=SURFACE_SIDE_STYLE('',(#5059));
#5061=SURFACE_STYLE_USAGE(.POSITIVE.,#5060);
#5062=PRESENTATION_STYLE_ASSIGNMENT((#5061));
#5063=STYLED_ITEM('',(#5062),#5056);
#5064=CARTESIAN_POINT('',(-7.62E0,-1.05E0,0.E0));
#5065=DIRECTION('',(0.E0,-1.E0,0.E0));
#5066=DIRECTION('',(1.E0,0.E0,0.E0));
#5067=AXIS2_PLACEMENT_3D('',#5064,#5065,#5066);
#5068=PLANE('',#5067);
#5070=ORIENTED_EDGE('',*,*,#5069,.T.);
#5071=ORIENTED_EDGE('',*,*,#4364,.T.);
#5073=ORIENTED_EDGE('',*,*,#5072,.F.);
#5074=ORIENTED_EDGE('',*,*,#3761,.F.);
#5075=EDGE_LOOP('',(#5070,#5071,#5073,#5074));
#5076=FACE_OUTER_BOUND('',#5075,.F.);
#5077=ADVANCED_FACE('',(#5076),#5068,.T.);
#5078=FILL_AREA_STYLE_COLOUR('',#3);
#5079=FILL_AREA_STYLE('',(#5078));
#5080=SURFACE_STYLE_FILL_AREA(#5079);
#5081=SURFACE_SIDE_STYLE('',(#5080));
#5082=SURFACE_STYLE_USAGE(.POSITIVE.,#5081);
#5083=PRESENTATION_STYLE_ASSIGNMENT((#5082));
#5084=STYLED_ITEM('',(#5083),#5077);
#5085=CARTESIAN_POINT('',(-7.62E0,-1.05E0,0.E0));
#5086=DIRECTION('',(0.E0,-1.E0,0.E0));
#5087=DIRECTION('',(1.E0,0.E0,0.E0));
#5088=AXIS2_PLACEMENT_3D('',#5085,#5086,#5087);
#5089=PLANE('',#5088);
#5091=ORIENTED_EDGE('',*,*,#5090,.T.);
#5092=ORIENTED_EDGE('',*,*,#4370,.T.);
#5094=ORIENTED_EDGE('',*,*,#5093,.F.);
#5095=ORIENTED_EDGE('',*,*,#3755,.F.);
#5096=EDGE_LOOP('',(#5091,#5092,#5094,#5095));
#5097=FACE_OUTER_BOUND('',#5096,.F.);
#5098=ADVANCED_FACE('',(#5097),#5089,.T.);
#5099=FILL_AREA_STYLE_COLOUR('',#3);
#5100=FILL_AREA_STYLE('',(#5099));
#5101=SURFACE_STYLE_FILL_AREA(#5100);
#5102=SURFACE_SIDE_STYLE('',(#5101));
#5103=SURFACE_STYLE_USAGE(.POSITIVE.,#5102);
#5104=PRESENTATION_STYLE_ASSIGNMENT((#5103));
#5105=STYLED_ITEM('',(#5104),#5098);
#5106=CARTESIAN_POINT('',(-7.62E0,-1.05E0,0.E0));
#5107=DIRECTION('',(0.E0,-1.E0,0.E0));
#5108=DIRECTION('',(1.E0,0.E0,0.E0));
#5109=AXIS2_PLACEMENT_3D('',#5106,#5107,#5108);
#5110=PLANE('',#5109);
#5112=ORIENTED_EDGE('',*,*,#5111,.T.);
#5113=ORIENTED_EDGE('',*,*,#4376,.T.);
#5115=ORIENTED_EDGE('',*,*,#5114,.F.);
#5116=ORIENTED_EDGE('',*,*,#3749,.F.);
#5117=EDGE_LOOP('',(#5112,#5113,#5115,#5116));
#5118=FACE_OUTER_BOUND('',#5117,.F.);
#5119=ADVANCED_FACE('',(#5118),#5110,.T.);
#5120=FILL_AREA_STYLE_COLOUR('',#3);
#5121=FILL_AREA_STYLE('',(#5120));
#5122=SURFACE_STYLE_FILL_AREA(#5121);
#5123=SURFACE_SIDE_STYLE('',(#5122));
#5124=SURFACE_STYLE_USAGE(.POSITIVE.,#5123);
#5125=PRESENTATION_STYLE_ASSIGNMENT((#5124));
#5126=STYLED_ITEM('',(#5125),#5119);
#5127=CARTESIAN_POINT('',(-7.62E0,-1.05E0,0.E0));
#5128=DIRECTION('',(0.E0,-1.E0,0.E0));
#5129=DIRECTION('',(1.E0,0.E0,0.E0));
#5130=AXIS2_PLACEMENT_3D('',#5127,#5128,#5129);
#5131=PLANE('',#5130);
#5133=ORIENTED_EDGE('',*,*,#5132,.T.);
#5134=ORIENTED_EDGE('',*,*,#4382,.T.);
#5136=ORIENTED_EDGE('',*,*,#5135,.F.);
#5137=ORIENTED_EDGE('',*,*,#3743,.F.);
#5138=EDGE_LOOP('',(#5133,#5134,#5136,#5137));
#5139=FACE_OUTER_BOUND('',#5138,.F.);
#5140=ADVANCED_FACE('',(#5139),#5131,.T.);
#5141=FILL_AREA_STYLE_COLOUR('',#3);
#5142=FILL_AREA_STYLE('',(#5141));
#5143=SURFACE_STYLE_FILL_AREA(#5142);
#5144=SURFACE_SIDE_STYLE('',(#5143));
#5145=SURFACE_STYLE_USAGE(.POSITIVE.,#5144);
#5146=PRESENTATION_STYLE_ASSIGNMENT((#5145));
#5147=STYLED_ITEM('',(#5146),#5140);
#5148=CARTESIAN_POINT('',(-7.62E0,-1.05E0,0.E0));
#5149=DIRECTION('',(0.E0,-1.E0,0.E0));
#5150=DIRECTION('',(1.E0,0.E0,0.E0));
#5151=AXIS2_PLACEMENT_3D('',#5148,#5149,#5150);
#5152=PLANE('',#5151);
#5154=ORIENTED_EDGE('',*,*,#5153,.T.);
#5155=ORIENTED_EDGE('',*,*,#4388,.T.);
#5157=ORIENTED_EDGE('',*,*,#5156,.F.);
#5158=ORIENTED_EDGE('',*,*,#3737,.F.);
#5159=EDGE_LOOP('',(#5154,#5155,#5157,#5158));
#5160=FACE_OUTER_BOUND('',#5159,.F.);
#5161=ADVANCED_FACE('',(#5160),#5152,.T.);
#5162=FILL_AREA_STYLE_COLOUR('',#3);
#5163=FILL_AREA_STYLE('',(#5162));
#5164=SURFACE_STYLE_FILL_AREA(#5163);
#5165=SURFACE_SIDE_STYLE('',(#5164));
#5166=SURFACE_STYLE_USAGE(.POSITIVE.,#5165);
#5167=PRESENTATION_STYLE_ASSIGNMENT((#5166));
#5168=STYLED_ITEM('',(#5167),#5161);
#5169=CARTESIAN_POINT('',(-7.62E0,-1.05E0,0.E0));
#5170=DIRECTION('',(0.E0,-1.E0,0.E0));
#5171=DIRECTION('',(1.E0,0.E0,0.E0));
#5172=AXIS2_PLACEMENT_3D('',#5169,#5170,#5171);
#5173=PLANE('',#5172);
#5175=ORIENTED_EDGE('',*,*,#5174,.T.);
#5176=ORIENTED_EDGE('',*,*,#4394,.T.);
#5178=ORIENTED_EDGE('',*,*,#5177,.F.);
#5179=ORIENTED_EDGE('',*,*,#3731,.F.);
#5180=EDGE_LOOP('',(#5175,#5176,#5178,#5179));
#5181=FACE_OUTER_BOUND('',#5180,.F.);
#5182=ADVANCED_FACE('',(#5181),#5173,.T.);
#5183=FILL_AREA_STYLE_COLOUR('',#3);
#5184=FILL_AREA_STYLE('',(#5183));
#5185=SURFACE_STYLE_FILL_AREA(#5184);
#5186=SURFACE_SIDE_STYLE('',(#5185));
#5187=SURFACE_STYLE_USAGE(.POSITIVE.,#5186);
#5188=PRESENTATION_STYLE_ASSIGNMENT((#5187));
#5189=STYLED_ITEM('',(#5188),#5182);
#5190=CARTESIAN_POINT('',(-7.62E0,-1.05E0,0.E0));
#5191=DIRECTION('',(0.E0,-1.E0,0.E0));
#5192=DIRECTION('',(1.E0,0.E0,0.E0));
#5193=AXIS2_PLACEMENT_3D('',#5190,#5191,#5192);
#5194=PLANE('',#5193);
#5196=ORIENTED_EDGE('',*,*,#5195,.T.);
#5197=ORIENTED_EDGE('',*,*,#4400,.T.);
#5199=ORIENTED_EDGE('',*,*,#5198,.F.);
#5200=ORIENTED_EDGE('',*,*,#3725,.F.);
#5201=EDGE_LOOP('',(#5196,#5197,#5199,#5200));
#5202=FACE_OUTER_BOUND('',#5201,.F.);
#5203=ADVANCED_FACE('',(#5202),#5194,.T.);
#5204=FILL_AREA_STYLE_COLOUR('',#3);
#5205=FILL_AREA_STYLE('',(#5204));
#5206=SURFACE_STYLE_FILL_AREA(#5205);
#5207=SURFACE_SIDE_STYLE('',(#5206));
#5208=SURFACE_STYLE_USAGE(.POSITIVE.,#5207);
#5209=PRESENTATION_STYLE_ASSIGNMENT((#5208));
#5210=STYLED_ITEM('',(#5209),#5203);
#5211=CARTESIAN_POINT('',(-7.62E0,-1.05E0,0.E0));
#5212=DIRECTION('',(0.E0,-1.E0,0.E0));
#5213=DIRECTION('',(1.E0,0.E0,0.E0));
#5214=AXIS2_PLACEMENT_3D('',#5211,#5212,#5213);
#5215=PLANE('',#5214);
#5217=ORIENTED_EDGE('',*,*,#5216,.T.);
#5218=ORIENTED_EDGE('',*,*,#4406,.T.);
#5220=ORIENTED_EDGE('',*,*,#5219,.F.);
#5221=ORIENTED_EDGE('',*,*,#3719,.F.);
#5222=EDGE_LOOP('',(#5217,#5218,#5220,#5221));
#5223=FACE_OUTER_BOUND('',#5222,.F.);
#5224=ADVANCED_FACE('',(#5223),#5215,.T.);
#5225=FILL_AREA_STYLE_COLOUR('',#3);
#5226=FILL_AREA_STYLE('',(#5225));
#5227=SURFACE_STYLE_FILL_AREA(#5226);
#5228=SURFACE_SIDE_STYLE('',(#5227));
#5229=SURFACE_STYLE_USAGE(.POSITIVE.,#5228);
#5230=PRESENTATION_STYLE_ASSIGNMENT((#5229));
#5231=STYLED_ITEM('',(#5230),#5224);
#5232=CARTESIAN_POINT('',(-7.62E0,-1.05E0,0.E0));
#5233=DIRECTION('',(0.E0,-1.E0,0.E0));
#5234=DIRECTION('',(1.E0,0.E0,0.E0));
#5235=AXIS2_PLACEMENT_3D('',#5232,#5233,#5234);
#5236=PLANE('',#5235);
#5238=ORIENTED_EDGE('',*,*,#5237,.T.);
#5239=ORIENTED_EDGE('',*,*,#4412,.T.);
#5241=ORIENTED_EDGE('',*,*,#5240,.F.);
#5242=ORIENTED_EDGE('',*,*,#3713,.F.);
#5243=EDGE_LOOP('',(#5238,#5239,#5241,#5242));
#5244=FACE_OUTER_BOUND('',#5243,.F.);
#5245=ADVANCED_FACE('',(#5244),#5236,.T.);
#5246=FILL_AREA_STYLE_COLOUR('',#3);
#5247=FILL_AREA_STYLE('',(#5246));
#5248=SURFACE_STYLE_FILL_AREA(#5247);
#5249=SURFACE_SIDE_STYLE('',(#5248));
#5250=SURFACE_STYLE_USAGE(.POSITIVE.,#5249);
#5251=PRESENTATION_STYLE_ASSIGNMENT((#5250));
#5252=STYLED_ITEM('',(#5251),#5245);
#5253=CARTESIAN_POINT('',(-7.62E0,-1.05E0,0.E0));
#5254=DIRECTION('',(0.E0,-1.E0,0.E0));
#5255=DIRECTION('',(1.E0,0.E0,0.E0));
#5256=AXIS2_PLACEMENT_3D('',#5253,#5254,#5255);
#5257=PLANE('',#5256);
#5259=ORIENTED_EDGE('',*,*,#5258,.T.);
#5260=ORIENTED_EDGE('',*,*,#4418,.T.);
#5262=ORIENTED_EDGE('',*,*,#5261,.F.);
#5263=ORIENTED_EDGE('',*,*,#3707,.F.);
#5264=EDGE_LOOP('',(#5259,#5260,#5262,#5263));
#5265=FACE_OUTER_BOUND('',#5264,.F.);
#5266=ADVANCED_FACE('',(#5265),#5257,.T.);
#5267=FILL_AREA_STYLE_COLOUR('',#3);
#5268=FILL_AREA_STYLE('',(#5267));
#5269=SURFACE_STYLE_FILL_AREA(#5268);
#5270=SURFACE_SIDE_STYLE('',(#5269));
#5271=SURFACE_STYLE_USAGE(.POSITIVE.,#5270);
#5272=PRESENTATION_STYLE_ASSIGNMENT((#5271));
#5273=STYLED_ITEM('',(#5272),#5266);
#5274=CARTESIAN_POINT('',(6.5E0,-1.05E0,1.E0));
#5275=DIRECTION('',(8.574929257125E-1,5.144957554275E-1,0.E0));
#5276=DIRECTION('',(-5.144957554275E-1,8.574929257125E-1,0.E0));
#5277=AXIS2_PLACEMENT_3D('',#5274,#5275,#5276);
#5278=PLANE('',#5277);
#5279=ORIENTED_EDGE('',*,*,#3771,.T.);
#5281=ORIENTED_EDGE('',*,*,#5280,.F.);
#5282=ORIENTED_EDGE('',*,*,#4354,.F.);
#5283=ORIENTED_EDGE('',*,*,#5028,.F.);
#5284=EDGE_LOOP('',(#5279,#5281,#5282,#5283));
#5285=FACE_OUTER_BOUND('',#5284,.F.);
#5286=ADVANCED_FACE('',(#5285),#5278,.F.);
#5287=FILL_AREA_STYLE_COLOUR('',#3);
#5288=FILL_AREA_STYLE('',(#5287));
#5289=SURFACE_STYLE_FILL_AREA(#5288);
#5290=SURFACE_SIDE_STYLE('',(#5289));
#5291=SURFACE_STYLE_USAGE(.POSITIVE.,#5290);
#5292=PRESENTATION_STYLE_ASSIGNMENT((#5291));
#5293=STYLED_ITEM('',(#5292),#5286);
#5294=CARTESIAN_POINT('',(6.35E0,-8.E-1,1.E0));
#5295=DIRECTION('',(-8.574929257125E-1,5.144957554275E-1,0.E0));
#5296=DIRECTION('',(-5.144957554275E-1,-8.574929257125E-1,0.E0));
#5297=AXIS2_PLACEMENT_3D('',#5294,#5295,#5296);
#5298=PLANE('',#5297);
#5299=ORIENTED_EDGE('',*,*,#3769,.T.);
#5300=ORIENTED_EDGE('',*,*,#5051,.T.);
#5301=ORIENTED_EDGE('',*,*,#4356,.F.);
#5302=ORIENTED_EDGE('',*,*,#5280,.T.);
#5303=EDGE_LOOP('',(#5299,#5300,#5301,#5302));
#5304=FACE_OUTER_BOUND('',#5303,.F.);
#5305=ADVANCED_FACE('',(#5304),#5298,.F.);
#5306=FILL_AREA_STYLE_COLOUR('',#3);
#5307=FILL_AREA_STYLE('',(#5306));
#5308=SURFACE_STYLE_FILL_AREA(#5307);
#5309=SURFACE_SIDE_STYLE('',(#5308));
#5310=SURFACE_STYLE_USAGE(.POSITIVE.,#5309);
#5311=PRESENTATION_STYLE_ASSIGNMENT((#5310));
#5312=STYLED_ITEM('',(#5311),#5305);
#5313=CARTESIAN_POINT('',(5.23E0,-1.05E0,1.E0));
#5314=DIRECTION('',(8.574929257125E-1,5.144957554275E-1,0.E0));
#5315=DIRECTION('',(-5.144957554275E-1,8.574929257125E-1,0.E0));
#5316=AXIS2_PLACEMENT_3D('',#5313,#5314,#5315);
#5317=PLANE('',#5316);
#5318=ORIENTED_EDGE('',*,*,#3765,.T.);
#5320=ORIENTED_EDGE('',*,*,#5319,.F.);
#5321=ORIENTED_EDGE('',*,*,#4360,.F.);
#5322=ORIENTED_EDGE('',*,*,#5048,.F.);
#5323=EDGE_LOOP('',(#5318,#5320,#5321,#5322));
#5324=FACE_OUTER_BOUND('',#5323,.F.);
#5325=ADVANCED_FACE('',(#5324),#5317,.F.);
#5326=FILL_AREA_STYLE_COLOUR('',#3);
#5327=FILL_AREA_STYLE('',(#5326));
#5328=SURFACE_STYLE_FILL_AREA(#5327);
#5329=SURFACE_SIDE_STYLE('',(#5328));
#5330=SURFACE_STYLE_USAGE(.POSITIVE.,#5329);
#5331=PRESENTATION_STYLE_ASSIGNMENT((#5330));
#5332=STYLED_ITEM('',(#5331),#5325);
#5333=CARTESIAN_POINT('',(5.08E0,-8.E-1,1.E0));
#5334=DIRECTION('',(-8.574929257125E-1,5.144957554275E-1,0.E0));
#5335=DIRECTION('',(-5.144957554275E-1,-8.574929257125E-1,0.E0));
#5336=AXIS2_PLACEMENT_3D('',#5333,#5334,#5335);
#5337=PLANE('',#5336);
#5338=ORIENTED_EDGE('',*,*,#3763,.T.);
#5339=ORIENTED_EDGE('',*,*,#5072,.T.);
#5340=ORIENTED_EDGE('',*,*,#4362,.F.);
#5341=ORIENTED_EDGE('',*,*,#5319,.T.);
#5342=EDGE_LOOP('',(#5338,#5339,#5340,#5341));
#5343=FACE_OUTER_BOUND('',#5342,.F.);
#5344=ADVANCED_FACE('',(#5343),#5337,.F.);
#5345=FILL_AREA_STYLE_COLOUR('',#3);
#5346=FILL_AREA_STYLE('',(#5345));
#5347=SURFACE_STYLE_FILL_AREA(#5346);
#5348=SURFACE_SIDE_STYLE('',(#5347));
#5349=SURFACE_STYLE_USAGE(.POSITIVE.,#5348);
#5350=PRESENTATION_STYLE_ASSIGNMENT((#5349));
#5351=STYLED_ITEM('',(#5350),#5344);
#5352=CARTESIAN_POINT('',(3.96E0,-1.05E0,1.E0));
#5353=DIRECTION('',(8.574929257125E-1,5.144957554275E-1,0.E0));
#5354=DIRECTION('',(-5.144957554275E-1,8.574929257125E-1,0.E0));
#5355=AXIS2_PLACEMENT_3D('',#5352,#5353,#5354);
#5356=PLANE('',#5355);
#5357=ORIENTED_EDGE('',*,*,#3759,.T.);
#5359=ORIENTED_EDGE('',*,*,#5358,.F.);
#5360=ORIENTED_EDGE('',*,*,#4366,.F.);
#5361=ORIENTED_EDGE('',*,*,#5069,.F.);
#5362=EDGE_LOOP('',(#5357,#5359,#5360,#5361));
#5363=FACE_OUTER_BOUND('',#5362,.F.);
#5364=ADVANCED_FACE('',(#5363),#5356,.F.);
#5365=FILL_AREA_STYLE_COLOUR('',#3);
#5366=FILL_AREA_STYLE('',(#5365));
#5367=SURFACE_STYLE_FILL_AREA(#5366);
#5368=SURFACE_SIDE_STYLE('',(#5367));
#5369=SURFACE_STYLE_USAGE(.POSITIVE.,#5368);
#5370=PRESENTATION_STYLE_ASSIGNMENT((#5369));
#5371=STYLED_ITEM('',(#5370),#5364);
#5372=CARTESIAN_POINT('',(3.81E0,-8.E-1,1.E0));
#5373=DIRECTION('',(-8.574929257125E-1,5.144957554275E-1,0.E0));
#5374=DIRECTION('',(-5.144957554275E-1,-8.574929257125E-1,0.E0));
#5375=AXIS2_PLACEMENT_3D('',#5372,#5373,#5374);
#5376=PLANE('',#5375);
#5377=ORIENTED_EDGE('',*,*,#3757,.T.);
#5378=ORIENTED_EDGE('',*,*,#5093,.T.);
#5379=ORIENTED_EDGE('',*,*,#4368,.F.);
#5380=ORIENTED_EDGE('',*,*,#5358,.T.);
#5381=EDGE_LOOP('',(#5377,#5378,#5379,#5380));
#5382=FACE_OUTER_BOUND('',#5381,.F.);
#5383=ADVANCED_FACE('',(#5382),#5376,.F.);
#5384=FILL_AREA_STYLE_COLOUR('',#3);
#5385=FILL_AREA_STYLE('',(#5384));
#5386=SURFACE_STYLE_FILL_AREA(#5385);
#5387=SURFACE_SIDE_STYLE('',(#5386));
#5388=SURFACE_STYLE_USAGE(.POSITIVE.,#5387);
#5389=PRESENTATION_STYLE_ASSIGNMENT((#5388));
#5390=STYLED_ITEM('',(#5389),#5383);
#5391=CARTESIAN_POINT('',(2.69E0,-1.05E0,1.E0));
#5392=DIRECTION('',(8.574929257125E-1,5.144957554275E-1,0.E0));
#5393=DIRECTION('',(-5.144957554275E-1,8.574929257125E-1,0.E0));
#5394=AXIS2_PLACEMENT_3D('',#5391,#5392,#5393);
#5395=PLANE('',#5394);
#5396=ORIENTED_EDGE('',*,*,#3753,.T.);
#5398=ORIENTED_EDGE('',*,*,#5397,.F.);
#5399=ORIENTED_EDGE('',*,*,#4372,.F.);
#5400=ORIENTED_EDGE('',*,*,#5090,.F.);
#5401=EDGE_LOOP('',(#5396,#5398,#5399,#5400));
#5402=FACE_OUTER_BOUND('',#5401,.F.);
#5403=ADVANCED_FACE('',(#5402),#5395,.F.);
#5404=FILL_AREA_STYLE_COLOUR('',#3);
#5405=FILL_AREA_STYLE('',(#5404));
#5406=SURFACE_STYLE_FILL_AREA(#5405);
#5407=SURFACE_SIDE_STYLE('',(#5406));
#5408=SURFACE_STYLE_USAGE(.POSITIVE.,#5407);
#5409=PRESENTATION_STYLE_ASSIGNMENT((#5408));
#5410=STYLED_ITEM('',(#5409),#5403);
#5411=CARTESIAN_POINT('',(2.54E0,-8.E-1,1.E0));
#5412=DIRECTION('',(-8.574929257125E-1,5.144957554275E-1,0.E0));
#5413=DIRECTION('',(-5.144957554275E-1,-8.574929257125E-1,0.E0));
#5414=AXIS2_PLACEMENT_3D('',#5411,#5412,#5413);
#5415=PLANE('',#5414);
#5416=ORIENTED_EDGE('',*,*,#3751,.T.);
#5417=ORIENTED_EDGE('',*,*,#5114,.T.);
#5418=ORIENTED_EDGE('',*,*,#4374,.F.);
#5419=ORIENTED_EDGE('',*,*,#5397,.T.);
#5420=EDGE_LOOP('',(#5416,#5417,#5418,#5419));
#5421=FACE_OUTER_BOUND('',#5420,.F.);
#5422=ADVANCED_FACE('',(#5421),#5415,.F.);
#5423=FILL_AREA_STYLE_COLOUR('',#3);
#5424=FILL_AREA_STYLE('',(#5423));
#5425=SURFACE_STYLE_FILL_AREA(#5424);
#5426=SURFACE_SIDE_STYLE('',(#5425));
#5427=SURFACE_STYLE_USAGE(.POSITIVE.,#5426);
#5428=PRESENTATION_STYLE_ASSIGNMENT((#5427));
#5429=STYLED_ITEM('',(#5428),#5422);
#5430=CARTESIAN_POINT('',(1.42E0,-1.05E0,1.E0));
#5431=DIRECTION('',(8.574929257125E-1,5.144957554275E-1,0.E0));
#5432=DIRECTION('',(-5.144957554275E-1,8.574929257125E-1,0.E0));
#5433=AXIS2_PLACEMENT_3D('',#5430,#5431,#5432);
#5434=PLANE('',#5433);
#5435=ORIENTED_EDGE('',*,*,#3747,.T.);
#5437=ORIENTED_EDGE('',*,*,#5436,.F.);
#5438=ORIENTED_EDGE('',*,*,#4378,.F.);
#5439=ORIENTED_EDGE('',*,*,#5111,.F.);
#5440=EDGE_LOOP('',(#5435,#5437,#5438,#5439));
#5441=FACE_OUTER_BOUND('',#5440,.F.);
#5442=ADVANCED_FACE('',(#5441),#5434,.F.);
#5443=FILL_AREA_STYLE_COLOUR('',#3);
#5444=FILL_AREA_STYLE('',(#5443));
#5445=SURFACE_STYLE_FILL_AREA(#5444);
#5446=SURFACE_SIDE_STYLE('',(#5445));
#5447=SURFACE_STYLE_USAGE(.POSITIVE.,#5446);
#5448=PRESENTATION_STYLE_ASSIGNMENT((#5447));
#5449=STYLED_ITEM('',(#5448),#5442);
#5450=CARTESIAN_POINT('',(1.27E0,-8.E-1,1.E0));
#5451=DIRECTION('',(-8.574929257125E-1,5.144957554275E-1,0.E0));
#5452=DIRECTION('',(-5.144957554275E-1,-8.574929257125E-1,0.E0));
#5453=AXIS2_PLACEMENT_3D('',#5450,#5451,#5452);
#5454=PLANE('',#5453);
#5455=ORIENTED_EDGE('',*,*,#3745,.T.);
#5456=ORIENTED_EDGE('',*,*,#5135,.T.);
#5457=ORIENTED_EDGE('',*,*,#4380,.F.);
#5458=ORIENTED_EDGE('',*,*,#5436,.T.);
#5459=EDGE_LOOP('',(#5455,#5456,#5457,#5458));
#5460=FACE_OUTER_BOUND('',#5459,.F.);
#5461=ADVANCED_FACE('',(#5460),#5454,.F.);
#5462=FILL_AREA_STYLE_COLOUR('',#3);
#5463=FILL_AREA_STYLE('',(#5462));
#5464=SURFACE_STYLE_FILL_AREA(#5463);
#5465=SURFACE_SIDE_STYLE('',(#5464));
#5466=SURFACE_STYLE_USAGE(.POSITIVE.,#5465);
#5467=PRESENTATION_STYLE_ASSIGNMENT((#5466));
#5468=STYLED_ITEM('',(#5467),#5461);
#5469=CARTESIAN_POINT('',(1.5E-1,-1.05E0,1.E0));
#5470=DIRECTION('',(8.574929257125E-1,5.144957554275E-1,0.E0));
#5471=DIRECTION('',(-5.144957554275E-1,8.574929257125E-1,0.E0));
#5472=AXIS2_PLACEMENT_3D('',#5469,#5470,#5471);
#5473=PLANE('',#5472);
#5474=ORIENTED_EDGE('',*,*,#3741,.T.);
#5476=ORIENTED_EDGE('',*,*,#5475,.F.);
#5477=ORIENTED_EDGE('',*,*,#4384,.F.);
#5478=ORIENTED_EDGE('',*,*,#5132,.F.);
#5479=EDGE_LOOP('',(#5474,#5476,#5477,#5478));
#5480=FACE_OUTER_BOUND('',#5479,.F.);
#5481=ADVANCED_FACE('',(#5480),#5473,.F.);
#5482=FILL_AREA_STYLE_COLOUR('',#3);
#5483=FILL_AREA_STYLE('',(#5482));
#5484=SURFACE_STYLE_FILL_AREA(#5483);
#5485=SURFACE_SIDE_STYLE('',(#5484));
#5486=SURFACE_STYLE_USAGE(.POSITIVE.,#5485);
#5487=PRESENTATION_STYLE_ASSIGNMENT((#5486));
#5488=STYLED_ITEM('',(#5487),#5481);
#5489=CARTESIAN_POINT('',(0.E0,-8.E-1,1.E0));
#5490=DIRECTION('',(-8.574929257125E-1,5.144957554275E-1,0.E0));
#5491=DIRECTION('',(-5.144957554275E-1,-8.574929257125E-1,0.E0));
#5492=AXIS2_PLACEMENT_3D('',#5489,#5490,#5491);
#5493=PLANE('',#5492);
#5494=ORIENTED_EDGE('',*,*,#3739,.T.);
#5495=ORIENTED_EDGE('',*,*,#5156,.T.);
#5496=ORIENTED_EDGE('',*,*,#4386,.F.);
#5497=ORIENTED_EDGE('',*,*,#5475,.T.);
#5498=EDGE_LOOP('',(#5494,#5495,#5496,#5497));
#5499=FACE_OUTER_BOUND('',#5498,.F.);
#5500=ADVANCED_FACE('',(#5499),#5493,.F.);
#5501=FILL_AREA_STYLE_COLOUR('',#3);
#5502=FILL_AREA_STYLE('',(#5501));
#5503=SURFACE_STYLE_FILL_AREA(#5502);
#5504=SURFACE_SIDE_STYLE('',(#5503));
#5505=SURFACE_STYLE_USAGE(.POSITIVE.,#5504);
#5506=PRESENTATION_STYLE_ASSIGNMENT((#5505));
#5507=STYLED_ITEM('',(#5506),#5500);
#5508=CARTESIAN_POINT('',(-1.12E0,-1.05E0,1.E0));
#5509=DIRECTION('',(8.574929257125E-1,5.144957554275E-1,0.E0));
#5510=DIRECTION('',(-5.144957554275E-1,8.574929257125E-1,0.E0));
#5511=AXIS2_PLACEMENT_3D('',#5508,#5509,#5510);
#5512=PLANE('',#5511);
#5513=ORIENTED_EDGE('',*,*,#3735,.T.);
#5515=ORIENTED_EDGE('',*,*,#5514,.F.);
#5516=ORIENTED_EDGE('',*,*,#4390,.F.);
#5517=ORIENTED_EDGE('',*,*,#5153,.F.);
#5518=EDGE_LOOP('',(#5513,#5515,#5516,#5517));
#5519=FACE_OUTER_BOUND('',#5518,.F.);
#5520=ADVANCED_FACE('',(#5519),#5512,.F.);
#5521=FILL_AREA_STYLE_COLOUR('',#3);
#5522=FILL_AREA_STYLE('',(#5521));
#5523=SURFACE_STYLE_FILL_AREA(#5522);
#5524=SURFACE_SIDE_STYLE('',(#5523));
#5525=SURFACE_STYLE_USAGE(.POSITIVE.,#5524);
#5526=PRESENTATION_STYLE_ASSIGNMENT((#5525));
#5527=STYLED_ITEM('',(#5526),#5520);
#5528=CARTESIAN_POINT('',(-1.27E0,-8.E-1,1.E0));
#5529=DIRECTION('',(-8.574929257125E-1,5.144957554275E-1,0.E0));
#5530=DIRECTION('',(-5.144957554275E-1,-8.574929257125E-1,0.E0));
#5531=AXIS2_PLACEMENT_3D('',#5528,#5529,#5530);
#5532=PLANE('',#5531);
#5533=ORIENTED_EDGE('',*,*,#3733,.T.);
#5534=ORIENTED_EDGE('',*,*,#5177,.T.);
#5535=ORIENTED_EDGE('',*,*,#4392,.F.);
#5536=ORIENTED_EDGE('',*,*,#5514,.T.);
#5537=EDGE_LOOP('',(#5533,#5534,#5535,#5536));
#5538=FACE_OUTER_BOUND('',#5537,.F.);
#5539=ADVANCED_FACE('',(#5538),#5532,.F.);
#5540=FILL_AREA_STYLE_COLOUR('',#3);
#5541=FILL_AREA_STYLE('',(#5540));
#5542=SURFACE_STYLE_FILL_AREA(#5541);
#5543=SURFACE_SIDE_STYLE('',(#5542));
#5544=SURFACE_STYLE_USAGE(.POSITIVE.,#5543);
#5545=PRESENTATION_STYLE_ASSIGNMENT((#5544));
#5546=STYLED_ITEM('',(#5545),#5539);
#5547=CARTESIAN_POINT('',(-2.39E0,-1.05E0,1.E0));
#5548=DIRECTION('',(8.574929257125E-1,5.144957554275E-1,0.E0));
#5549=DIRECTION('',(-5.144957554275E-1,8.574929257125E-1,0.E0));
#5550=AXIS2_PLACEMENT_3D('',#5547,#5548,#5549);
#5551=PLANE('',#5550);
#5552=ORIENTED_EDGE('',*,*,#3729,.T.);
#5554=ORIENTED_EDGE('',*,*,#5553,.F.);
#5555=ORIENTED_EDGE('',*,*,#4396,.F.);
#5556=ORIENTED_EDGE('',*,*,#5174,.F.);
#5557=EDGE_LOOP('',(#5552,#5554,#5555,#5556));
#5558=FACE_OUTER_BOUND('',#5557,.F.);
#5559=ADVANCED_FACE('',(#5558),#5551,.F.);
#5560=FILL_AREA_STYLE_COLOUR('',#3);
#5561=FILL_AREA_STYLE('',(#5560));
#5562=SURFACE_STYLE_FILL_AREA(#5561);
#5563=SURFACE_SIDE_STYLE('',(#5562));
#5564=SURFACE_STYLE_USAGE(.POSITIVE.,#5563);
#5565=PRESENTATION_STYLE_ASSIGNMENT((#5564));
#5566=STYLED_ITEM('',(#5565),#5559);
#5567=CARTESIAN_POINT('',(-2.54E0,-8.E-1,1.E0));
#5568=DIRECTION('',(-8.574929257125E-1,5.144957554275E-1,0.E0));
#5569=DIRECTION('',(-5.144957554275E-1,-8.574929257125E-1,0.E0));
#5570=AXIS2_PLACEMENT_3D('',#5567,#5568,#5569);
#5571=PLANE('',#5570);
#5572=ORIENTED_EDGE('',*,*,#3727,.T.);
#5573=ORIENTED_EDGE('',*,*,#5198,.T.);
#5574=ORIENTED_EDGE('',*,*,#4398,.F.);
#5575=ORIENTED_EDGE('',*,*,#5553,.T.);
#5576=EDGE_LOOP('',(#5572,#5573,#5574,#5575));
#5577=FACE_OUTER_BOUND('',#5576,.F.);
#5578=ADVANCED_FACE('',(#5577),#5571,.F.);
#5579=FILL_AREA_STYLE_COLOUR('',#3);
#5580=FILL_AREA_STYLE('',(#5579));
#5581=SURFACE_STYLE_FILL_AREA(#5580);
#5582=SURFACE_SIDE_STYLE('',(#5581));
#5583=SURFACE_STYLE_USAGE(.POSITIVE.,#5582);
#5584=PRESENTATION_STYLE_ASSIGNMENT((#5583));
#5585=STYLED_ITEM('',(#5584),#5578);
#5586=CARTESIAN_POINT('',(-3.66E0,-1.05E0,1.E0));
#5587=DIRECTION('',(8.574929257125E-1,5.144957554275E-1,0.E0));
#5588=DIRECTION('',(-5.144957554275E-1,8.574929257125E-1,0.E0));
#5589=AXIS2_PLACEMENT_3D('',#5586,#5587,#5588);
#5590=PLANE('',#5589);
#5591=ORIENTED_EDGE('',*,*,#3723,.T.);
#5593=ORIENTED_EDGE('',*,*,#5592,.F.);
#5594=ORIENTED_EDGE('',*,*,#4402,.F.);
#5595=ORIENTED_EDGE('',*,*,#5195,.F.);
#5596=EDGE_LOOP('',(#5591,#5593,#5594,#5595));
#5597=FACE_OUTER_BOUND('',#5596,.F.);
#5598=ADVANCED_FACE('',(#5597),#5590,.F.);
#5599=FILL_AREA_STYLE_COLOUR('',#3);
#5600=FILL_AREA_STYLE('',(#5599));
#5601=SURFACE_STYLE_FILL_AREA(#5600);
#5602=SURFACE_SIDE_STYLE('',(#5601));
#5603=SURFACE_STYLE_USAGE(.POSITIVE.,#5602);
#5604=PRESENTATION_STYLE_ASSIGNMENT((#5603));
#5605=STYLED_ITEM('',(#5604),#5598);
#5606=CARTESIAN_POINT('',(-3.81E0,-8.E-1,1.E0));
#5607=DIRECTION('',(-8.574929257125E-1,5.144957554275E-1,0.E0));
#5608=DIRECTION('',(-5.144957554275E-1,-8.574929257125E-1,0.E0));
#5609=AXIS2_PLACEMENT_3D('',#5606,#5607,#5608);
#5610=PLANE('',#5609);
#5611=ORIENTED_EDGE('',*,*,#3721,.T.);
#5612=ORIENTED_EDGE('',*,*,#5219,.T.);
#5613=ORIENTED_EDGE('',*,*,#4404,.F.);
#5614=ORIENTED_EDGE('',*,*,#5592,.T.);
#5615=EDGE_LOOP('',(#5611,#5612,#5613,#5614));
#5616=FACE_OUTER_BOUND('',#5615,.F.);
#5617=ADVANCED_FACE('',(#5616),#5610,.F.);
#5618=FILL_AREA_STYLE_COLOUR('',#3);
#5619=FILL_AREA_STYLE('',(#5618));
#5620=SURFACE_STYLE_FILL_AREA(#5619);
#5621=SURFACE_SIDE_STYLE('',(#5620));
#5622=SURFACE_STYLE_USAGE(.POSITIVE.,#5621);
#5623=PRESENTATION_STYLE_ASSIGNMENT((#5622));
#5624=STYLED_ITEM('',(#5623),#5617);
#5625=CARTESIAN_POINT('',(-4.93E0,-1.05E0,1.E0));
#5626=DIRECTION('',(8.574929257125E-1,5.144957554275E-1,0.E0));
#5627=DIRECTION('',(-5.144957554275E-1,8.574929257125E-1,0.E0));
#5628=AXIS2_PLACEMENT_3D('',#5625,#5626,#5627);
#5629=PLANE('',#5628);
#5630=ORIENTED_EDGE('',*,*,#3717,.T.);
#5632=ORIENTED_EDGE('',*,*,#5631,.F.);
#5633=ORIENTED_EDGE('',*,*,#4408,.F.);
#5634=ORIENTED_EDGE('',*,*,#5216,.F.);
#5635=EDGE_LOOP('',(#5630,#5632,#5633,#5634));
#5636=FACE_OUTER_BOUND('',#5635,.F.);
#5637=ADVANCED_FACE('',(#5636),#5629,.F.);
#5638=FILL_AREA_STYLE_COLOUR('',#3);
#5639=FILL_AREA_STYLE('',(#5638));
#5640=SURFACE_STYLE_FILL_AREA(#5639);
#5641=SURFACE_SIDE_STYLE('',(#5640));
#5642=SURFACE_STYLE_USAGE(.POSITIVE.,#5641);
#5643=PRESENTATION_STYLE_ASSIGNMENT((#5642));
#5644=STYLED_ITEM('',(#5643),#5637);
#5645=CARTESIAN_POINT('',(-5.08E0,-8.E-1,1.E0));
#5646=DIRECTION('',(-8.574929257125E-1,5.144957554275E-1,0.E0));
#5647=DIRECTION('',(-5.144957554275E-1,-8.574929257125E-1,0.E0));
#5648=AXIS2_PLACEMENT_3D('',#5645,#5646,#5647);
#5649=PLANE('',#5648);
#5650=ORIENTED_EDGE('',*,*,#3715,.T.);
#5651=ORIENTED_EDGE('',*,*,#5240,.T.);
#5652=ORIENTED_EDGE('',*,*,#4410,.F.);
#5653=ORIENTED_EDGE('',*,*,#5631,.T.);
#5654=EDGE_LOOP('',(#5650,#5651,#5652,#5653));
#5655=FACE_OUTER_BOUND('',#5654,.F.);
#5656=ADVANCED_FACE('',(#5655),#5649,.F.);
#5657=FILL_AREA_STYLE_COLOUR('',#3);
#5658=FILL_AREA_STYLE('',(#5657));
#5659=SURFACE_STYLE_FILL_AREA(#5658);
#5660=SURFACE_SIDE_STYLE('',(#5659));
#5661=SURFACE_STYLE_USAGE(.POSITIVE.,#5660);
#5662=PRESENTATION_STYLE_ASSIGNMENT((#5661));
#5663=STYLED_ITEM('',(#5662),#5656);
#5664=CARTESIAN_POINT('',(-6.2E0,-1.05E0,1.E0));
#5665=DIRECTION('',(8.574929257125E-1,5.144957554275E-1,0.E0));
#5666=DIRECTION('',(-5.144957554275E-1,8.574929257125E-1,0.E0));
#5667=AXIS2_PLACEMENT_3D('',#5664,#5665,#5666);
#5668=PLANE('',#5667);
#5669=ORIENTED_EDGE('',*,*,#3711,.T.);
#5671=ORIENTED_EDGE('',*,*,#5670,.F.);
#5672=ORIENTED_EDGE('',*,*,#4414,.F.);
#5673=ORIENTED_EDGE('',*,*,#5237,.F.);
#5674=EDGE_LOOP('',(#5669,#5671,#5672,#5673));
#5675=FACE_OUTER_BOUND('',#5674,.F.);
#5676=ADVANCED_FACE('',(#5675),#5668,.F.);
#5677=FILL_AREA_STYLE_COLOUR('',#3);
#5678=FILL_AREA_STYLE('',(#5677));
#5679=SURFACE_STYLE_FILL_AREA(#5678);
#5680=SURFACE_SIDE_STYLE('',(#5679));
#5681=SURFACE_STYLE_USAGE(.POSITIVE.,#5680);
#5682=PRESENTATION_STYLE_ASSIGNMENT((#5681));
#5683=STYLED_ITEM('',(#5682),#5676);
#5684=CARTESIAN_POINT('',(-6.35E0,-8.E-1,1.E0));
#5685=DIRECTION('',(-8.574929257125E-1,5.144957554275E-1,0.E0));
#5686=DIRECTION('',(-5.144957554275E-1,-8.574929257125E-1,0.E0));
#5687=AXIS2_PLACEMENT_3D('',#5684,#5685,#5686);
#5688=PLANE('',#5687);
#5689=ORIENTED_EDGE('',*,*,#3709,.T.);
#5690=ORIENTED_EDGE('',*,*,#5261,.T.);
#5691=ORIENTED_EDGE('',*,*,#4416,.F.);
#5692=ORIENTED_EDGE('',*,*,#5670,.T.);
#5693=EDGE_LOOP('',(#5689,#5690,#5691,#5692));
#5694=FACE_OUTER_BOUND('',#5693,.F.);
#5695=ADVANCED_FACE('',(#5694),#5688,.F.);
#5696=FILL_AREA_STYLE_COLOUR('',#3);
#5697=FILL_AREA_STYLE('',(#5696));
#5698=SURFACE_STYLE_FILL_AREA(#5697);
#5699=SURFACE_SIDE_STYLE('',(#5698));
#5700=SURFACE_STYLE_USAGE(.POSITIVE.,#5699);
#5701=PRESENTATION_STYLE_ASSIGNMENT((#5700));
#5702=STYLED_ITEM('',(#5701),#5695);
#5703=CARTESIAN_POINT('',(-7.47E0,-1.05E0,1.E0));
#5704=DIRECTION('',(8.574929257125E-1,5.144957554275E-1,0.E0));
#5705=DIRECTION('',(-5.144957554275E-1,8.574929257125E-1,0.E0));
#5706=AXIS2_PLACEMENT_3D('',#5703,#5704,#5705);
#5707=PLANE('',#5706);
#5708=ORIENTED_EDGE('',*,*,#3705,.T.);
#5710=ORIENTED_EDGE('',*,*,#5709,.T.);
#5711=ORIENTED_EDGE('',*,*,#4420,.F.);
#5712=ORIENTED_EDGE('',*,*,#5258,.F.);
#5713=EDGE_LOOP('',(#5708,#5710,#5711,#5712));
#5714=FACE_OUTER_BOUND('',#5713,.F.);
#5715=ADVANCED_FACE('',(#5714),#5707,.F.);
#5716=FILL_AREA_STYLE_COLOUR('',#3);
#5717=FILL_AREA_STYLE('',(#5716));
#5718=SURFACE_STYLE_FILL_AREA(#5717);
#5719=SURFACE_SIDE_STYLE('',(#5718));
#5720=SURFACE_STYLE_USAGE(.POSITIVE.,#5719);
#5721=PRESENTATION_STYLE_ASSIGNMENT((#5720));
#5722=STYLED_ITEM('',(#5721),#5715);
#5723=CARTESIAN_POINT('',(-7.62E0,1.05E0,0.E0));
#5724=DIRECTION('',(-1.E0,0.E0,0.E0));
#5725=DIRECTION('',(0.E0,-1.E0,0.E0));
#5726=AXIS2_PLACEMENT_3D('',#5723,#5724,#5725);
#5727=PLANE('',#5726);
#5728=ORIENTED_EDGE('',*,*,#3989,.T.);
#5729=ORIENTED_EDGE('',*,*,#4422,.T.);
#5730=ORIENTED_EDGE('',*,*,#5709,.F.);
#5731=ORIENTED_EDGE('',*,*,#3703,.F.);
#5732=EDGE_LOOP('',(#5728,#5729,#5730,#5731));
#5733=FACE_OUTER_BOUND('',#5732,.F.);
#5734=ADVANCED_FACE('',(#5733),#5727,.T.);
#5735=FILL_AREA_STYLE_COLOUR('',#3);
#5736=FILL_AREA_STYLE('',(#5735));
#5737=SURFACE_STYLE_FILL_AREA(#5736);
#5738=SURFACE_SIDE_STYLE('',(#5737));
#5739=SURFACE_STYLE_USAGE(.POSITIVE.,#5738);
#5740=PRESENTATION_STYLE_ASSIGNMENT((#5739));
#5741=STYLED_ITEM('',(#5740),#5734);
#5742=CARTESIAN_POINT('',(7.185E0,-2.E-1,4.E0));
#5743=DIRECTION('',(0.E0,-1.E0,0.E0));
#5744=DIRECTION('',(-1.E0,0.E0,0.E0));
#5745=AXIS2_PLACEMENT_3D('',#5742,#5743,#5744);
#5746=PLANE('',#5745);
#5748=ORIENTED_EDGE('',*,*,#5747,.T.);
#5750=ORIENTED_EDGE('',*,*,#5749,.F.);
#5751=ORIENTED_EDGE('',*,*,#3851,.F.);
#5753=ORIENTED_EDGE('',*,*,#5752,.T.);
#5754=EDGE_LOOP('',(#5748,#5750,#5751,#5753));
#5755=FACE_OUTER_BOUND('',#5754,.F.);
#5756=ADVANCED_FACE('',(#5755),#5746,.T.);
#5757=FILL_AREA_STYLE_COLOUR('',#9);
#5758=FILL_AREA_STYLE('',(#5757));
#5759=SURFACE_STYLE_FILL_AREA(#5758);
#5760=SURFACE_SIDE_STYLE('',(#5759));
#5761=SURFACE_STYLE_USAGE(.POSITIVE.,#5760);
#5762=PRESENTATION_STYLE_ASSIGNMENT((#5761));
#5763=STYLED_ITEM('',(#5762),#5756);
#5764=CARTESIAN_POINT('',(7.185E0,-2.E-1,4.E0));
#5765=DIRECTION('',(0.E0,-1.E0,0.E0));
#5766=DIRECTION('',(-1.E0,0.E0,0.E0));
#5767=AXIS2_PLACEMENT_3D('',#5764,#5765,#5766);
#5768=PLANE('',#5767);
#5770=ORIENTED_EDGE('',*,*,#5769,.T.);
#5772=ORIENTED_EDGE('',*,*,#5771,.T.);
#5773=ORIENTED_EDGE('',*,*,#4426,.T.);
#5775=ORIENTED_EDGE('',*,*,#5774,.F.);
#5776=EDGE_LOOP('',(#5770,#5772,#5773,#5775));
#5777=FACE_OUTER_BOUND('',#5776,.F.);
#5778=ADVANCED_FACE('',(#5777),#5768,.T.);
#5779=FILL_AREA_STYLE_COLOUR('',#9);
#5780=FILL_AREA_STYLE('',(#5779));
#5781=SURFACE_STYLE_FILL_AREA(#5780);
#5782=SURFACE_SIDE_STYLE('',(#5781));
#5783=SURFACE_STYLE_USAGE(.POSITIVE.,#5782);
#5784=PRESENTATION_STYLE_ASSIGNMENT((#5783));
#5785=STYLED_ITEM('',(#5784),#5778);
#5786=CARTESIAN_POINT('',(6.985E0,-1.7E-1,-1.65E0));
#5787=DIRECTION('',(0.E0,-9.805806756909E-1,-1.961161351382E-1));
#5788=DIRECTION('',(0.E0,-1.961161351382E-1,9.805806756909E-1));
#5789=AXIS2_PLACEMENT_3D('',#5786,#5787,#5788);
#5790=PLANE('',#5789);
#5791=ORIENTED_EDGE('',*,*,#5747,.F.);
#5793=ORIENTED_EDGE('',*,*,#5792,.T.);
#5795=ORIENTED_EDGE('',*,*,#5794,.T.);
#5797=ORIENTED_EDGE('',*,*,#5796,.F.);
#5798=EDGE_LOOP('',(#5791,#5793,#5795,#5797));
#5799=FACE_OUTER_BOUND('',#5798,.F.);
#5800=ADVANCED_FACE('',(#5799),#5790,.T.);
#5801=FILL_AREA_STYLE_COLOUR('',#9);
#5802=FILL_AREA_STYLE('',(#5801));
#5803=SURFACE_STYLE_FILL_AREA(#5802);
#5804=SURFACE_SIDE_STYLE('',(#5803));
#5805=SURFACE_STYLE_USAGE(.POSITIVE.,#5804);
#5806=PRESENTATION_STYLE_ASSIGNMENT((#5805));
#5807=STYLED_ITEM('',(#5806),#5800);
#5808=CARTESIAN_POINT('',(7.155E0,0.E0,-1.65E0));
#5809=DIRECTION('',(9.805806756909E-1,0.E0,-1.961161351382E-1));
#5810=DIRECTION('',(1.961161351382E-1,0.E0,9.805806756909E-1));
#5811=AXIS2_PLACEMENT_3D('',#5808,#5809,#5810);
#5812=PLANE('',#5811);
#5814=ORIENTED_EDGE('',*,*,#5813,.T.);
#5815=ORIENTED_EDGE('',*,*,#5792,.F.);
#5817=ORIENTED_EDGE('',*,*,#5816,.F.);
#5819=ORIENTED_EDGE('',*,*,#5818,.T.);
#5820=EDGE_LOOP('',(#5814,#5815,#5817,#5819));
#5821=FACE_OUTER_BOUND('',#5820,.F.);
#5822=ADVANCED_FACE('',(#5821),#5812,.T.);
#5823=FILL_AREA_STYLE_COLOUR('',#9);
#5824=FILL_AREA_STYLE('',(#5823));
#5825=SURFACE_STYLE_FILL_AREA(#5824);
#5826=SURFACE_SIDE_STYLE('',(#5825));
#5827=SURFACE_STYLE_USAGE(.POSITIVE.,#5826);
#5828=PRESENTATION_STYLE_ASSIGNMENT((#5827));
#5829=STYLED_ITEM('',(#5828),#5822);
#5830=CARTESIAN_POINT('',(6.985E0,0.E0,-1.8E0));
#5831=DIRECTION('',(0.E0,0.E0,-1.E0));
#5832=DIRECTION('',(0.E0,1.E0,0.E0));
#5833=AXIS2_PLACEMENT_3D('',#5830,#5831,#5832);
#5834=PLANE('',#5833);
#5836=ORIENTED_EDGE('',*,*,#5835,.F.);
#5838=ORIENTED_EDGE('',*,*,#5837,.F.);
#5839=ORIENTED_EDGE('',*,*,#5794,.F.);
#5840=ORIENTED_EDGE('',*,*,#5813,.F.);
#5841=EDGE_LOOP('',(#5836,#5838,#5839,#5840));
#5842=FACE_OUTER_BOUND('',#5841,.F.);
#5843=ADVANCED_FACE('',(#5842),#5834,.T.);
#5844=FILL_AREA_STYLE_COLOUR('',#9);
#5845=FILL_AREA_STYLE('',(#5844));
#5846=SURFACE_STYLE_FILL_AREA(#5845);
#5847=SURFACE_SIDE_STYLE('',(#5846));
#5848=SURFACE_STYLE_USAGE(.POSITIVE.,#5847);
#5849=PRESENTATION_STYLE_ASSIGNMENT((#5848));
#5850=STYLED_ITEM('',(#5849),#5843);
#5851=CARTESIAN_POINT('',(6.985E0,1.7E-1,-1.65E0));
#5852=DIRECTION('',(0.E0,9.805806756909E-1,-1.961161351382E-1));
#5853=DIRECTION('',(0.E0,1.961161351382E-1,9.805806756909E-1));
#5854=AXIS2_PLACEMENT_3D('',#5851,#5852,#5853);
#5855=PLANE('',#5854);
#5857=ORIENTED_EDGE('',*,*,#5856,.F.);
#5859=ORIENTED_EDGE('',*,*,#5858,.T.);
#5860=ORIENTED_EDGE('',*,*,#5835,.T.);
#5861=ORIENTED_EDGE('',*,*,#5818,.F.);
#5862=EDGE_LOOP('',(#5857,#5859,#5860,#5861));
#5863=FACE_OUTER_BOUND('',#5862,.F.);
#5864=ADVANCED_FACE('',(#5863),#5855,.T.);
#5865=FILL_AREA_STYLE_COLOUR('',#9);
#5866=FILL_AREA_STYLE('',(#5865));
#5867=SURFACE_STYLE_FILL_AREA(#5866);
#5868=SURFACE_SIDE_STYLE('',(#5867));
#5869=SURFACE_STYLE_USAGE(.POSITIVE.,#5868);
#5870=PRESENTATION_STYLE_ASSIGNMENT((#5869));
#5871=STYLED_ITEM('',(#5870),#5864);
#5872=CARTESIAN_POINT('',(6.785E0,2.E-1,4.E0));
#5873=DIRECTION('',(0.E0,1.E0,0.E0));
#5874=DIRECTION('',(1.E0,0.E0,0.E0));
#5875=AXIS2_PLACEMENT_3D('',#5872,#5873,#5874);
#5876=PLANE('',#5875);
#5877=ORIENTED_EDGE('',*,*,#5856,.T.);
#5879=ORIENTED_EDGE('',*,*,#5878,.F.);
#5880=ORIENTED_EDGE('',*,*,#3855,.F.);
#5882=ORIENTED_EDGE('',*,*,#5881,.T.);
#5883=EDGE_LOOP('',(#5877,#5879,#5880,#5882));
#5884=FACE_OUTER_BOUND('',#5883,.F.);
#5885=ADVANCED_FACE('',(#5884),#5876,.T.);
#5886=FILL_AREA_STYLE_COLOUR('',#9);
#5887=FILL_AREA_STYLE('',(#5886));
#5888=SURFACE_STYLE_FILL_AREA(#5887);
#5889=SURFACE_SIDE_STYLE('',(#5888));
#5890=SURFACE_STYLE_USAGE(.POSITIVE.,#5889);
#5891=PRESENTATION_STYLE_ASSIGNMENT((#5890));
#5892=STYLED_ITEM('',(#5891),#5885);
#5893=CARTESIAN_POINT('',(6.785E0,2.E-1,4.E0));
#5894=DIRECTION('',(0.E0,1.E0,0.E0));
#5895=DIRECTION('',(1.E0,0.E0,0.E0));
#5896=AXIS2_PLACEMENT_3D('',#5893,#5894,#5895);
#5897=PLANE('',#5896);
#5899=ORIENTED_EDGE('',*,*,#5898,.T.);
#5901=ORIENTED_EDGE('',*,*,#5900,.T.);
#5902=ORIENTED_EDGE('',*,*,#4430,.T.);
#5904=ORIENTED_EDGE('',*,*,#5903,.F.);
#5905=EDGE_LOOP('',(#5899,#5901,#5902,#5904));
#5906=FACE_OUTER_BOUND('',#5905,.F.);
#5907=ADVANCED_FACE('',(#5906),#5897,.T.);
#5908=FILL_AREA_STYLE_COLOUR('',#9);
#5909=FILL_AREA_STYLE('',(#5908));
#5910=SURFACE_STYLE_FILL_AREA(#5909);
#5911=SURFACE_SIDE_STYLE('',(#5910));
#5912=SURFACE_STYLE_USAGE(.POSITIVE.,#5911);
#5913=PRESENTATION_STYLE_ASSIGNMENT((#5912));
#5914=STYLED_ITEM('',(#5913),#5907);
#5915=CARTESIAN_POINT('',(7.185E0,2.E-1,4.E0));
#5916=DIRECTION('',(1.E0,0.E0,0.E0));
#5917=DIRECTION('',(0.E0,-1.E0,0.E0));
#5918=AXIS2_PLACEMENT_3D('',#5915,#5916,#5917);
#5919=PLANE('',#5918);
#5920=ORIENTED_EDGE('',*,*,#5816,.T.);
#5921=ORIENTED_EDGE('',*,*,#5752,.F.);
#5922=ORIENTED_EDGE('',*,*,#3857,.F.);
#5923=ORIENTED_EDGE('',*,*,#5878,.T.);
#5924=EDGE_LOOP('',(#5920,#5921,#5922,#5923));
#5925=FACE_OUTER_BOUND('',#5924,.F.);
#5926=ADVANCED_FACE('',(#5925),#5919,.T.);
#5927=FILL_AREA_STYLE_COLOUR('',#9);
#5928=FILL_AREA_STYLE('',(#5927));
#5929=SURFACE_STYLE_FILL_AREA(#5928);
#5930=SURFACE_SIDE_STYLE('',(#5929));
#5931=SURFACE_STYLE_USAGE(.POSITIVE.,#5930);
#5932=PRESENTATION_STYLE_ASSIGNMENT((#5931));
#5933=STYLED_ITEM('',(#5932),#5926);
#5934=CARTESIAN_POINT('',(7.185E0,2.E-1,4.E0));
#5935=DIRECTION('',(1.E0,0.E0,0.E0));
#5936=DIRECTION('',(0.E0,-1.E0,0.E0));
#5937=AXIS2_PLACEMENT_3D('',#5934,#5935,#5936);
#5938=PLANE('',#5937);
#5940=ORIENTED_EDGE('',*,*,#5939,.T.);
#5941=ORIENTED_EDGE('',*,*,#5903,.T.);
#5942=ORIENTED_EDGE('',*,*,#4428,.T.);
#5943=ORIENTED_EDGE('',*,*,#5771,.F.);
#5944=EDGE_LOOP('',(#5940,#5941,#5942,#5943));
#5945=FACE_OUTER_BOUND('',#5944,.F.);
#5946=ADVANCED_FACE('',(#5945),#5938,.T.);
#5947=FILL_AREA_STYLE_COLOUR('',#9);
#5948=FILL_AREA_STYLE('',(#5947));
#5949=SURFACE_STYLE_FILL_AREA(#5948);
#5950=SURFACE_SIDE_STYLE('',(#5949));
#5951=SURFACE_STYLE_USAGE(.POSITIVE.,#5950);
#5952=PRESENTATION_STYLE_ASSIGNMENT((#5951));
#5953=STYLED_ITEM('',(#5952),#5946);
#5954=CARTESIAN_POINT('',(7.155E0,0.E0,3.85E0));
#5955=DIRECTION('',(9.805806756909E-1,0.E0,1.961161351382E-1));
#5956=DIRECTION('',(1.961161351382E-1,0.E0,-9.805806756909E-1));
#5957=AXIS2_PLACEMENT_3D('',#5954,#5955,#5956);
#5958=PLANE('',#5957);
#5959=ORIENTED_EDGE('',*,*,#5939,.F.);
#5961=ORIENTED_EDGE('',*,*,#5960,.T.);
#5963=ORIENTED_EDGE('',*,*,#5962,.T.);
#5965=ORIENTED_EDGE('',*,*,#5964,.F.);
#5966=EDGE_LOOP('',(#5959,#5961,#5963,#5965));
#5967=FACE_OUTER_BOUND('',#5966,.F.);
#5968=ADVANCED_FACE('',(#5967),#5958,.T.);
#5969=FILL_AREA_STYLE_COLOUR('',#9);
#5970=FILL_AREA_STYLE('',(#5969));
#5971=SURFACE_STYLE_FILL_AREA(#5970);
#5972=SURFACE_SIDE_STYLE('',(#5971));
#5973=SURFACE_STYLE_USAGE(.POSITIVE.,#5972);
#5974=PRESENTATION_STYLE_ASSIGNMENT((#5973));
#5975=STYLED_ITEM('',(#5974),#5968);
#5976=CARTESIAN_POINT('',(6.985E0,-1.7E-1,3.85E0));
#5977=DIRECTION('',(0.E0,-9.805806756909E-1,1.961161351382E-1));
#5978=DIRECTION('',(0.E0,-1.961161351382E-1,-9.805806756909E-1));
#5979=AXIS2_PLACEMENT_3D('',#5976,#5977,#5978);
#5980=PLANE('',#5979);
#5981=ORIENTED_EDGE('',*,*,#5769,.F.);
#5983=ORIENTED_EDGE('',*,*,#5982,.T.);
#5985=ORIENTED_EDGE('',*,*,#5984,.T.);
#5986=ORIENTED_EDGE('',*,*,#5960,.F.);
#5987=EDGE_LOOP('',(#5981,#5983,#5985,#5986));
#5988=FACE_OUTER_BOUND('',#5987,.F.);
#5989=ADVANCED_FACE('',(#5988),#5980,.T.);
#5990=FILL_AREA_STYLE_COLOUR('',#9);
#5991=FILL_AREA_STYLE('',(#5990));
#5992=SURFACE_STYLE_FILL_AREA(#5991);
#5993=SURFACE_SIDE_STYLE('',(#5992));
#5994=SURFACE_STYLE_USAGE(.POSITIVE.,#5993);
#5995=PRESENTATION_STYLE_ASSIGNMENT((#5994));
#5996=STYLED_ITEM('',(#5995),#5989);
#5997=CARTESIAN_POINT('',(6.815E0,0.E0,3.85E0));
#5998=DIRECTION('',(-9.805806756909E-1,0.E0,1.961161351382E-1));
#5999=DIRECTION('',(-1.961161351382E-1,0.E0,-9.805806756909E-1));
#6000=AXIS2_PLACEMENT_3D('',#5997,#5998,#5999);
#6001=PLANE('',#6000);
#6003=ORIENTED_EDGE('',*,*,#6002,.T.);
#6004=ORIENTED_EDGE('',*,*,#5982,.F.);
#6006=ORIENTED_EDGE('',*,*,#6005,.F.);
#6008=ORIENTED_EDGE('',*,*,#6007,.T.);
#6009=EDGE_LOOP('',(#6003,#6004,#6006,#6008));
#6010=FACE_OUTER_BOUND('',#6009,.F.);
#6011=ADVANCED_FACE('',(#6010),#6001,.T.);
#6012=FILL_AREA_STYLE_COLOUR('',#9);
#6013=FILL_AREA_STYLE('',(#6012));
#6014=SURFACE_STYLE_FILL_AREA(#6013);
#6015=SURFACE_SIDE_STYLE('',(#6014));
#6016=SURFACE_STYLE_USAGE(.POSITIVE.,#6015);
#6017=PRESENTATION_STYLE_ASSIGNMENT((#6016));
#6018=STYLED_ITEM('',(#6017),#6011);
#6019=CARTESIAN_POINT('',(6.985E0,0.E0,4.E0));
#6020=DIRECTION('',(0.E0,0.E0,-1.E0));
#6021=DIRECTION('',(0.E0,1.E0,0.E0));
#6022=AXIS2_PLACEMENT_3D('',#6019,#6020,#6021);
#6023=PLANE('',#6022);
#6025=ORIENTED_EDGE('',*,*,#6024,.F.);
#6026=ORIENTED_EDGE('',*,*,#5962,.F.);
#6027=ORIENTED_EDGE('',*,*,#5984,.F.);
#6028=ORIENTED_EDGE('',*,*,#6002,.F.);
#6029=EDGE_LOOP('',(#6025,#6026,#6027,#6028));
#6030=FACE_OUTER_BOUND('',#6029,.F.);
#6031=ADVANCED_FACE('',(#6030),#6023,.F.);
#6032=FILL_AREA_STYLE_COLOUR('',#9);
#6033=FILL_AREA_STYLE('',(#6032));
#6034=SURFACE_STYLE_FILL_AREA(#6033);
#6035=SURFACE_SIDE_STYLE('',(#6034));
#6036=SURFACE_STYLE_USAGE(.POSITIVE.,#6035);
#6037=PRESENTATION_STYLE_ASSIGNMENT((#6036));
#6038=STYLED_ITEM('',(#6037),#6031);
#6039=CARTESIAN_POINT('',(6.985E0,1.7E-1,3.85E0));
#6040=DIRECTION('',(0.E0,9.805806756909E-1,1.961161351382E-1));
#6041=DIRECTION('',(0.E0,1.961161351382E-1,-9.805806756909E-1));
#6042=AXIS2_PLACEMENT_3D('',#6039,#6040,#6041);
#6043=PLANE('',#6042);
#6044=ORIENTED_EDGE('',*,*,#6024,.T.);
#6045=ORIENTED_EDGE('',*,*,#6007,.F.);
#6046=ORIENTED_EDGE('',*,*,#5898,.F.);
#6047=ORIENTED_EDGE('',*,*,#5964,.T.);
#6048=EDGE_LOOP('',(#6044,#6045,#6046,#6047));
#6049=FACE_OUTER_BOUND('',#6048,.F.);
#6050=ADVANCED_FACE('',(#6049),#6043,.T.);
#6051=FILL_AREA_STYLE_COLOUR('',#9);
#6052=FILL_AREA_STYLE('',(#6051));
#6053=SURFACE_STYLE_FILL_AREA(#6052);
#6054=SURFACE_SIDE_STYLE('',(#6053));
#6055=SURFACE_STYLE_USAGE(.POSITIVE.,#6054);
#6056=PRESENTATION_STYLE_ASSIGNMENT((#6055));
#6057=STYLED_ITEM('',(#6056),#6050);
#6058=CARTESIAN_POINT('',(6.785E0,-2.E-1,4.E0));
#6059=DIRECTION('',(-1.E0,0.E0,0.E0));
#6060=DIRECTION('',(0.E0,1.E0,0.E0));
#6061=AXIS2_PLACEMENT_3D('',#6058,#6059,#6060);
#6062=PLANE('',#6061);
#6064=ORIENTED_EDGE('',*,*,#6063,.T.);
#6065=ORIENTED_EDGE('',*,*,#5881,.F.);
#6066=ORIENTED_EDGE('',*,*,#3853,.F.);
#6067=ORIENTED_EDGE('',*,*,#5749,.T.);
#6068=EDGE_LOOP('',(#6064,#6065,#6066,#6067));
#6069=FACE_OUTER_BOUND('',#6068,.F.);
#6070=ADVANCED_FACE('',(#6069),#6062,.T.);
#6071=FILL_AREA_STYLE_COLOUR('',#9);
#6072=FILL_AREA_STYLE('',(#6071));
#6073=SURFACE_STYLE_FILL_AREA(#6072);
#6074=SURFACE_SIDE_STYLE('',(#6073));
#6075=SURFACE_STYLE_USAGE(.POSITIVE.,#6074);
#6076=PRESENTATION_STYLE_ASSIGNMENT((#6075));
#6077=STYLED_ITEM('',(#6076),#6070);
#6078=CARTESIAN_POINT('',(6.785E0,-2.E-1,4.E0));
#6079=DIRECTION('',(-1.E0,0.E0,0.E0));
#6080=DIRECTION('',(0.E0,1.E0,0.E0));
#6081=AXIS2_PLACEMENT_3D('',#6078,#6079,#6080);
#6082=PLANE('',#6081);
#6083=ORIENTED_EDGE('',*,*,#6005,.T.);
#6084=ORIENTED_EDGE('',*,*,#5774,.T.);
#6085=ORIENTED_EDGE('',*,*,#4432,.T.);
#6086=ORIENTED_EDGE('',*,*,#5900,.F.);
#6087=EDGE_LOOP('',(#6083,#6084,#6085,#6086));
#6088=FACE_OUTER_BOUND('',#6087,.F.);
#6089=ADVANCED_FACE('',(#6088),#6082,.T.);
#6090=FILL_AREA_STYLE_COLOUR('',#9);
#6091=FILL_AREA_STYLE('',(#6090));
#6092=SURFACE_STYLE_FILL_AREA(#6091);
#6093=SURFACE_SIDE_STYLE('',(#6092));
#6094=SURFACE_STYLE_USAGE(.POSITIVE.,#6093);
#6095=PRESENTATION_STYLE_ASSIGNMENT((#6094));
#6096=STYLED_ITEM('',(#6095),#6089);
#6097=CARTESIAN_POINT('',(6.815E0,0.E0,-1.65E0));
#6098=DIRECTION('',(-9.805806756909E-1,0.E0,-1.961161351382E-1));
#6099=DIRECTION('',(-1.961161351382E-1,0.E0,9.805806756909E-1));
#6100=AXIS2_PLACEMENT_3D('',#6097,#6098,#6099);
#6101=PLANE('',#6100);
#6102=ORIENTED_EDGE('',*,*,#6063,.F.);
#6103=ORIENTED_EDGE('',*,*,#5796,.T.);
#6104=ORIENTED_EDGE('',*,*,#5837,.T.);
#6105=ORIENTED_EDGE('',*,*,#5858,.F.);
#6106=EDGE_LOOP('',(#6102,#6103,#6104,#6105));
#6107=FACE_OUTER_BOUND('',#6106,.F.);
#6108=ADVANCED_FACE('',(#6107),#6101,.T.);
#6109=FILL_AREA_STYLE_COLOUR('',#9);
#6110=FILL_AREA_STYLE('',(#6109));
#6111=SURFACE_STYLE_FILL_AREA(#6110);
#6112=SURFACE_SIDE_STYLE('',(#6111));
#6113=SURFACE_STYLE_USAGE(.POSITIVE.,#6112);
#6114=PRESENTATION_STYLE_ASSIGNMENT((#6113));
#6115=STYLED_ITEM('',(#6114),#6108);
#6116=CARTESIAN_POINT('',(5.915E0,-2.E-1,4.E0));
#6117=DIRECTION('',(0.E0,-1.E0,0.E0));
#6118=DIRECTION('',(-1.E0,0.E0,0.E0));
#6119=AXIS2_PLACEMENT_3D('',#6116,#6117,#6118);
#6120=PLANE('',#6119);
#6122=ORIENTED_EDGE('',*,*,#6121,.T.);
#6124=ORIENTED_EDGE('',*,*,#6123,.F.);
#6125=ORIENTED_EDGE('',*,*,#3861,.F.);
#6127=ORIENTED_EDGE('',*,*,#6126,.T.);
#6128=EDGE_LOOP('',(#6122,#6124,#6125,#6127));
#6129=FACE_OUTER_BOUND('',#6128,.F.);
#6130=ADVANCED_FACE('',(#6129),#6120,.T.);
#6131=FILL_AREA_STYLE_COLOUR('',#9);
#6132=FILL_AREA_STYLE('',(#6131));
#6133=SURFACE_STYLE_FILL_AREA(#6132);
#6134=SURFACE_SIDE_STYLE('',(#6133));
#6135=SURFACE_STYLE_USAGE(.POSITIVE.,#6134);
#6136=PRESENTATION_STYLE_ASSIGNMENT((#6135));
#6137=STYLED_ITEM('',(#6136),#6130);
#6138=CARTESIAN_POINT('',(5.915E0,-2.E-1,4.E0));
#6139=DIRECTION('',(0.E0,-1.E0,0.E0));
#6140=DIRECTION('',(-1.E0,0.E0,0.E0));
#6141=AXIS2_PLACEMENT_3D('',#6138,#6139,#6140);
#6142=PLANE('',#6141);
#6144=ORIENTED_EDGE('',*,*,#6143,.T.);
#6146=ORIENTED_EDGE('',*,*,#6145,.T.);
#6147=ORIENTED_EDGE('',*,*,#4436,.T.);
#6149=ORIENTED_EDGE('',*,*,#6148,.F.);
#6150=EDGE_LOOP('',(#6144,#6146,#6147,#6149));
#6151=FACE_OUTER_BOUND('',#6150,.F.);
#6152=ADVANCED_FACE('',(#6151),#6142,.T.);
#6153=FILL_AREA_STYLE_COLOUR('',#9);
#6154=FILL_AREA_STYLE('',(#6153));
#6155=SURFACE_STYLE_FILL_AREA(#6154);
#6156=SURFACE_SIDE_STYLE('',(#6155));
#6157=SURFACE_STYLE_USAGE(.POSITIVE.,#6156);
#6158=PRESENTATION_STYLE_ASSIGNMENT((#6157));
#6159=STYLED_ITEM('',(#6158),#6152);
#6160=CARTESIAN_POINT('',(5.715E0,-1.7E-1,-1.65E0));
#6161=DIRECTION('',(0.E0,-9.805806756909E-1,-1.961161351382E-1));
#6162=DIRECTION('',(0.E0,-1.961161351382E-1,9.805806756909E-1));
#6163=AXIS2_PLACEMENT_3D('',#6160,#6161,#6162);
#6164=PLANE('',#6163);
#6165=ORIENTED_EDGE('',*,*,#6121,.F.);
#6167=ORIENTED_EDGE('',*,*,#6166,.T.);
#6169=ORIENTED_EDGE('',*,*,#6168,.T.);
#6171=ORIENTED_EDGE('',*,*,#6170,.F.);
#6172=EDGE_LOOP('',(#6165,#6167,#6169,#6171));
#6173=FACE_OUTER_BOUND('',#6172,.F.);
#6174=ADVANCED_FACE('',(#6173),#6164,.T.);
#6175=FILL_AREA_STYLE_COLOUR('',#9);
#6176=FILL_AREA_STYLE('',(#6175));
#6177=SURFACE_STYLE_FILL_AREA(#6176);
#6178=SURFACE_SIDE_STYLE('',(#6177));
#6179=SURFACE_STYLE_USAGE(.POSITIVE.,#6178);
#6180=PRESENTATION_STYLE_ASSIGNMENT((#6179));
#6181=STYLED_ITEM('',(#6180),#6174);
#6182=CARTESIAN_POINT('',(5.885E0,0.E0,-1.65E0));
#6183=DIRECTION('',(9.805806756909E-1,0.E0,-1.961161351382E-1));
#6184=DIRECTION('',(1.961161351382E-1,0.E0,9.805806756909E-1));
#6185=AXIS2_PLACEMENT_3D('',#6182,#6183,#6184);
#6186=PLANE('',#6185);
#6188=ORIENTED_EDGE('',*,*,#6187,.T.);
#6189=ORIENTED_EDGE('',*,*,#6166,.F.);
#6191=ORIENTED_EDGE('',*,*,#6190,.F.);
#6193=ORIENTED_EDGE('',*,*,#6192,.T.);
#6194=EDGE_LOOP('',(#6188,#6189,#6191,#6193));
#6195=FACE_OUTER_BOUND('',#6194,.F.);
#6196=ADVANCED_FACE('',(#6195),#6186,.T.);
#6197=FILL_AREA_STYLE_COLOUR('',#9);
#6198=FILL_AREA_STYLE('',(#6197));
#6199=SURFACE_STYLE_FILL_AREA(#6198);
#6200=SURFACE_SIDE_STYLE('',(#6199));
#6201=SURFACE_STYLE_USAGE(.POSITIVE.,#6200);
#6202=PRESENTATION_STYLE_ASSIGNMENT((#6201));
#6203=STYLED_ITEM('',(#6202),#6196);
#6204=CARTESIAN_POINT('',(5.715E0,0.E0,-1.8E0));
#6205=DIRECTION('',(0.E0,0.E0,-1.E0));
#6206=DIRECTION('',(0.E0,1.E0,0.E0));
#6207=AXIS2_PLACEMENT_3D('',#6204,#6205,#6206);
#6208=PLANE('',#6207);
#6210=ORIENTED_EDGE('',*,*,#6209,.F.);
#6212=ORIENTED_EDGE('',*,*,#6211,.F.);
#6213=ORIENTED_EDGE('',*,*,#6168,.F.);
#6214=ORIENTED_EDGE('',*,*,#6187,.F.);
#6215=EDGE_LOOP('',(#6210,#6212,#6213,#6214));
#6216=FACE_OUTER_BOUND('',#6215,.F.);
#6217=ADVANCED_FACE('',(#6216),#6208,.T.);
#6218=FILL_AREA_STYLE_COLOUR('',#9);
#6219=FILL_AREA_STYLE('',(#6218));
#6220=SURFACE_STYLE_FILL_AREA(#6219);
#6221=SURFACE_SIDE_STYLE('',(#6220));
#6222=SURFACE_STYLE_USAGE(.POSITIVE.,#6221);
#6223=PRESENTATION_STYLE_ASSIGNMENT((#6222));
#6224=STYLED_ITEM('',(#6223),#6217);
#6225=CARTESIAN_POINT('',(5.715E0,1.7E-1,-1.65E0));
#6226=DIRECTION('',(0.E0,9.805806756909E-1,-1.961161351382E-1));
#6227=DIRECTION('',(0.E0,1.961161351382E-1,9.805806756909E-1));
#6228=AXIS2_PLACEMENT_3D('',#6225,#6226,#6227);
#6229=PLANE('',#6228);
#6231=ORIENTED_EDGE('',*,*,#6230,.F.);
#6233=ORIENTED_EDGE('',*,*,#6232,.T.);
#6234=ORIENTED_EDGE('',*,*,#6209,.T.);
#6235=ORIENTED_EDGE('',*,*,#6192,.F.);
#6236=EDGE_LOOP('',(#6231,#6233,#6234,#6235));
#6237=FACE_OUTER_BOUND('',#6236,.F.);
#6238=ADVANCED_FACE('',(#6237),#6229,.T.);
#6239=FILL_AREA_STYLE_COLOUR('',#9);
#6240=FILL_AREA_STYLE('',(#6239));
#6241=SURFACE_STYLE_FILL_AREA(#6240);
#6242=SURFACE_SIDE_STYLE('',(#6241));
#6243=SURFACE_STYLE_USAGE(.POSITIVE.,#6242);
#6244=PRESENTATION_STYLE_ASSIGNMENT((#6243));
#6245=STYLED_ITEM('',(#6244),#6238);
#6246=CARTESIAN_POINT('',(5.515E0,2.E-1,4.E0));
#6247=DIRECTION('',(0.E0,1.E0,0.E0));
#6248=DIRECTION('',(1.E0,0.E0,0.E0));
#6249=AXIS2_PLACEMENT_3D('',#6246,#6247,#6248);
#6250=PLANE('',#6249);
#6251=ORIENTED_EDGE('',*,*,#6230,.T.);
#6253=ORIENTED_EDGE('',*,*,#6252,.F.);
#6254=ORIENTED_EDGE('',*,*,#3865,.F.);
#6256=ORIENTED_EDGE('',*,*,#6255,.T.);
#6257=EDGE_LOOP('',(#6251,#6253,#6254,#6256));
#6258=FACE_OUTER_BOUND('',#6257,.F.);
#6259=ADVANCED_FACE('',(#6258),#6250,.T.);
#6260=FILL_AREA_STYLE_COLOUR('',#9);
#6261=FILL_AREA_STYLE('',(#6260));
#6262=SURFACE_STYLE_FILL_AREA(#6261);
#6263=SURFACE_SIDE_STYLE('',(#6262));
#6264=SURFACE_STYLE_USAGE(.POSITIVE.,#6263);
#6265=PRESENTATION_STYLE_ASSIGNMENT((#6264));
#6266=STYLED_ITEM('',(#6265),#6259);
#6267=CARTESIAN_POINT('',(5.515E0,2.E-1,4.E0));
#6268=DIRECTION('',(0.E0,1.E0,0.E0));
#6269=DIRECTION('',(1.E0,0.E0,0.E0));
#6270=AXIS2_PLACEMENT_3D('',#6267,#6268,#6269);
#6271=PLANE('',#6270);
#6273=ORIENTED_EDGE('',*,*,#6272,.T.);
#6275=ORIENTED_EDGE('',*,*,#6274,.T.);
#6276=ORIENTED_EDGE('',*,*,#4440,.T.);
#6278=ORIENTED_EDGE('',*,*,#6277,.F.);
#6279=EDGE_LOOP('',(#6273,#6275,#6276,#6278));
#6280=FACE_OUTER_BOUND('',#6279,.F.);
#6281=ADVANCED_FACE('',(#6280),#6271,.T.);
#6282=FILL_AREA_STYLE_COLOUR('',#9);
#6283=FILL_AREA_STYLE('',(#6282));
#6284=SURFACE_STYLE_FILL_AREA(#6283);
#6285=SURFACE_SIDE_STYLE('',(#6284));
#6286=SURFACE_STYLE_USAGE(.POSITIVE.,#6285);
#6287=PRESENTATION_STYLE_ASSIGNMENT((#6286));
#6288=STYLED_ITEM('',(#6287),#6281);
#6289=CARTESIAN_POINT('',(5.915E0,2.E-1,4.E0));
#6290=DIRECTION('',(1.E0,0.E0,0.E0));
#6291=DIRECTION('',(0.E0,-1.E0,0.E0));
#6292=AXIS2_PLACEMENT_3D('',#6289,#6290,#6291);
#6293=PLANE('',#6292);
#6294=ORIENTED_EDGE('',*,*,#6190,.T.);
#6295=ORIENTED_EDGE('',*,*,#6126,.F.);
#6296=ORIENTED_EDGE('',*,*,#3867,.F.);
#6297=ORIENTED_EDGE('',*,*,#6252,.T.);
#6298=EDGE_LOOP('',(#6294,#6295,#6296,#6297));
#6299=FACE_OUTER_BOUND('',#6298,.F.);
#6300=ADVANCED_FACE('',(#6299),#6293,.T.);
#6301=FILL_AREA_STYLE_COLOUR('',#9);
#6302=FILL_AREA_STYLE('',(#6301));
#6303=SURFACE_STYLE_FILL_AREA(#6302);
#6304=SURFACE_SIDE_STYLE('',(#6303));
#6305=SURFACE_STYLE_USAGE(.POSITIVE.,#6304);
#6306=PRESENTATION_STYLE_ASSIGNMENT((#6305));
#6307=STYLED_ITEM('',(#6306),#6300);
#6308=CARTESIAN_POINT('',(5.915E0,2.E-1,4.E0));
#6309=DIRECTION('',(1.E0,0.E0,0.E0));
#6310=DIRECTION('',(0.E0,-1.E0,0.E0));
#6311=AXIS2_PLACEMENT_3D('',#6308,#6309,#6310);
#6312=PLANE('',#6311);
#6314=ORIENTED_EDGE('',*,*,#6313,.T.);
#6315=ORIENTED_EDGE('',*,*,#6277,.T.);
#6316=ORIENTED_EDGE('',*,*,#4438,.T.);
#6317=ORIENTED_EDGE('',*,*,#6145,.F.);
#6318=EDGE_LOOP('',(#6314,#6315,#6316,#6317));
#6319=FACE_OUTER_BOUND('',#6318,.F.);
#6320=ADVANCED_FACE('',(#6319),#6312,.T.);
#6321=FILL_AREA_STYLE_COLOUR('',#9);
#6322=FILL_AREA_STYLE('',(#6321));
#6323=SURFACE_STYLE_FILL_AREA(#6322);
#6324=SURFACE_SIDE_STYLE('',(#6323));
#6325=SURFACE_STYLE_USAGE(.POSITIVE.,#6324);
#6326=PRESENTATION_STYLE_ASSIGNMENT((#6325));
#6327=STYLED_ITEM('',(#6326),#6320);
#6328=CARTESIAN_POINT('',(5.885E0,0.E0,3.85E0));
#6329=DIRECTION('',(9.805806756909E-1,0.E0,1.961161351382E-1));
#6330=DIRECTION('',(1.961161351382E-1,0.E0,-9.805806756909E-1));
#6331=AXIS2_PLACEMENT_3D('',#6328,#6329,#6330);
#6332=PLANE('',#6331);
#6333=ORIENTED_EDGE('',*,*,#6313,.F.);
#6335=ORIENTED_EDGE('',*,*,#6334,.T.);
#6337=ORIENTED_EDGE('',*,*,#6336,.T.);
#6339=ORIENTED_EDGE('',*,*,#6338,.F.);
#6340=EDGE_LOOP('',(#6333,#6335,#6337,#6339));
#6341=FACE_OUTER_BOUND('',#6340,.F.);
#6342=ADVANCED_FACE('',(#6341),#6332,.T.);
#6343=FILL_AREA_STYLE_COLOUR('',#9);
#6344=FILL_AREA_STYLE('',(#6343));
#6345=SURFACE_STYLE_FILL_AREA(#6344);
#6346=SURFACE_SIDE_STYLE('',(#6345));
#6347=SURFACE_STYLE_USAGE(.POSITIVE.,#6346);
#6348=PRESENTATION_STYLE_ASSIGNMENT((#6347));
#6349=STYLED_ITEM('',(#6348),#6342);
#6350=CARTESIAN_POINT('',(5.715E0,-1.7E-1,3.85E0));
#6351=DIRECTION('',(0.E0,-9.805806756909E-1,1.961161351382E-1));
#6352=DIRECTION('',(0.E0,-1.961161351382E-1,-9.805806756909E-1));
#6353=AXIS2_PLACEMENT_3D('',#6350,#6351,#6352);
#6354=PLANE('',#6353);
#6355=ORIENTED_EDGE('',*,*,#6143,.F.);
#6357=ORIENTED_EDGE('',*,*,#6356,.T.);
#6359=ORIENTED_EDGE('',*,*,#6358,.T.);
#6360=ORIENTED_EDGE('',*,*,#6334,.F.);
#6361=EDGE_LOOP('',(#6355,#6357,#6359,#6360));
#6362=FACE_OUTER_BOUND('',#6361,.F.);
#6363=ADVANCED_FACE('',(#6362),#6354,.T.);
#6364=FILL_AREA_STYLE_COLOUR('',#9);
#6365=FILL_AREA_STYLE('',(#6364));
#6366=SURFACE_STYLE_FILL_AREA(#6365);
#6367=SURFACE_SIDE_STYLE('',(#6366));
#6368=SURFACE_STYLE_USAGE(.POSITIVE.,#6367);
#6369=PRESENTATION_STYLE_ASSIGNMENT((#6368));
#6370=STYLED_ITEM('',(#6369),#6363);
#6371=CARTESIAN_POINT('',(5.545E0,0.E0,3.85E0));
#6372=DIRECTION('',(-9.805806756909E-1,0.E0,1.961161351382E-1));
#6373=DIRECTION('',(-1.961161351382E-1,0.E0,-9.805806756909E-1));
#6374=AXIS2_PLACEMENT_3D('',#6371,#6372,#6373);
#6375=PLANE('',#6374);
#6377=ORIENTED_EDGE('',*,*,#6376,.T.);
#6378=ORIENTED_EDGE('',*,*,#6356,.F.);
#6380=ORIENTED_EDGE('',*,*,#6379,.F.);
#6382=ORIENTED_EDGE('',*,*,#6381,.T.);
#6383=EDGE_LOOP('',(#6377,#6378,#6380,#6382));
#6384=FACE_OUTER_BOUND('',#6383,.F.);
#6385=ADVANCED_FACE('',(#6384),#6375,.T.);
#6386=FILL_AREA_STYLE_COLOUR('',#9);
#6387=FILL_AREA_STYLE('',(#6386));
#6388=SURFACE_STYLE_FILL_AREA(#6387);
#6389=SURFACE_SIDE_STYLE('',(#6388));
#6390=SURFACE_STYLE_USAGE(.POSITIVE.,#6389);
#6391=PRESENTATION_STYLE_ASSIGNMENT((#6390));
#6392=STYLED_ITEM('',(#6391),#6385);
#6393=CARTESIAN_POINT('',(5.715E0,0.E0,4.E0));
#6394=DIRECTION('',(0.E0,0.E0,-1.E0));
#6395=DIRECTION('',(0.E0,1.E0,0.E0));
#6396=AXIS2_PLACEMENT_3D('',#6393,#6394,#6395);
#6397=PLANE('',#6396);
#6399=ORIENTED_EDGE('',*,*,#6398,.F.);
#6400=ORIENTED_EDGE('',*,*,#6336,.F.);
#6401=ORIENTED_EDGE('',*,*,#6358,.F.);
#6402=ORIENTED_EDGE('',*,*,#6376,.F.);
#6403=EDGE_LOOP('',(#6399,#6400,#6401,#6402));
#6404=FACE_OUTER_BOUND('',#6403,.F.);
#6405=ADVANCED_FACE('',(#6404),#6397,.F.);
#6406=FILL_AREA_STYLE_COLOUR('',#9);
#6407=FILL_AREA_STYLE('',(#6406));
#6408=SURFACE_STYLE_FILL_AREA(#6407);
#6409=SURFACE_SIDE_STYLE('',(#6408));
#6410=SURFACE_STYLE_USAGE(.POSITIVE.,#6409);
#6411=PRESENTATION_STYLE_ASSIGNMENT((#6410));
#6412=STYLED_ITEM('',(#6411),#6405);
#6413=CARTESIAN_POINT('',(5.715E0,1.7E-1,3.85E0));
#6414=DIRECTION('',(0.E0,9.805806756909E-1,1.961161351382E-1));
#6415=DIRECTION('',(0.E0,1.961161351382E-1,-9.805806756909E-1));
#6416=AXIS2_PLACEMENT_3D('',#6413,#6414,#6415);
#6417=PLANE('',#6416);
#6418=ORIENTED_EDGE('',*,*,#6398,.T.);
#6419=ORIENTED_EDGE('',*,*,#6381,.F.);
#6420=ORIENTED_EDGE('',*,*,#6272,.F.);
#6421=ORIENTED_EDGE('',*,*,#6338,.T.);
#6422=EDGE_LOOP('',(#6418,#6419,#6420,#6421));
#6423=FACE_OUTER_BOUND('',#6422,.F.);
#6424=ADVANCED_FACE('',(#6423),#6417,.T.);
#6425=FILL_AREA_STYLE_COLOUR('',#9);
#6426=FILL_AREA_STYLE('',(#6425));
#6427=SURFACE_STYLE_FILL_AREA(#6426);
#6428=SURFACE_SIDE_STYLE('',(#6427));
#6429=SURFACE_STYLE_USAGE(.POSITIVE.,#6428);
#6430=PRESENTATION_STYLE_ASSIGNMENT((#6429));
#6431=STYLED_ITEM('',(#6430),#6424);
#6432=CARTESIAN_POINT('',(5.515E0,-2.E-1,4.E0));
#6433=DIRECTION('',(-1.E0,0.E0,0.E0));
#6434=DIRECTION('',(0.E0,1.E0,0.E0));
#6435=AXIS2_PLACEMENT_3D('',#6432,#6433,#6434);
#6436=PLANE('',#6435);
#6438=ORIENTED_EDGE('',*,*,#6437,.T.);
#6439=ORIENTED_EDGE('',*,*,#6255,.F.);
#6440=ORIENTED_EDGE('',*,*,#3863,.F.);
#6441=ORIENTED_EDGE('',*,*,#6123,.T.);
#6442=EDGE_LOOP('',(#6438,#6439,#6440,#6441));
#6443=FACE_OUTER_BOUND('',#6442,.F.);
#6444=ADVANCED_FACE('',(#6443),#6436,.T.);
#6445=FILL_AREA_STYLE_COLOUR('',#9);
#6446=FILL_AREA_STYLE('',(#6445));
#6447=SURFACE_STYLE_FILL_AREA(#6446);
#6448=SURFACE_SIDE_STYLE('',(#6447));
#6449=SURFACE_STYLE_USAGE(.POSITIVE.,#6448);
#6450=PRESENTATION_STYLE_ASSIGNMENT((#6449));
#6451=STYLED_ITEM('',(#6450),#6444);
#6452=CARTESIAN_POINT('',(5.515E0,-2.E-1,4.E0));
#6453=DIRECTION('',(-1.E0,0.E0,0.E0));
#6454=DIRECTION('',(0.E0,1.E0,0.E0));
#6455=AXIS2_PLACEMENT_3D('',#6452,#6453,#6454);
#6456=PLANE('',#6455);
#6457=ORIENTED_EDGE('',*,*,#6379,.T.);
#6458=ORIENTED_EDGE('',*,*,#6148,.T.);
#6459=ORIENTED_EDGE('',*,*,#4442,.T.);
#6460=ORIENTED_EDGE('',*,*,#6274,.F.);
#6461=EDGE_LOOP('',(#6457,#6458,#6459,#6460));
#6462=FACE_OUTER_BOUND('',#6461,.F.);
#6463=ADVANCED_FACE('',(#6462),#6456,.T.);
#6464=FILL_AREA_STYLE_COLOUR('',#9);
#6465=FILL_AREA_STYLE('',(#6464));
#6466=SURFACE_STYLE_FILL_AREA(#6465);
#6467=SURFACE_SIDE_STYLE('',(#6466));
#6468=SURFACE_STYLE_USAGE(.POSITIVE.,#6467);
#6469=PRESENTATION_STYLE_ASSIGNMENT((#6468));
#6470=STYLED_ITEM('',(#6469),#6463);
#6471=CARTESIAN_POINT('',(5.545E0,0.E0,-1.65E0));
#6472=DIRECTION('',(-9.805806756909E-1,0.E0,-1.961161351382E-1));
#6473=DIRECTION('',(-1.961161351382E-1,0.E0,9.805806756909E-1));
#6474=AXIS2_PLACEMENT_3D('',#6471,#6472,#6473);
#6475=PLANE('',#6474);
#6476=ORIENTED_EDGE('',*,*,#6437,.F.);
#6477=ORIENTED_EDGE('',*,*,#6170,.T.);
#6478=ORIENTED_EDGE('',*,*,#6211,.T.);
#6479=ORIENTED_EDGE('',*,*,#6232,.F.);
#6480=EDGE_LOOP('',(#6476,#6477,#6478,#6479));
#6481=FACE_OUTER_BOUND('',#6480,.F.);
#6482=ADVANCED_FACE('',(#6481),#6475,.T.);
#6483=FILL_AREA_STYLE_COLOUR('',#9);
#6484=FILL_AREA_STYLE('',(#6483));
#6485=SURFACE_STYLE_FILL_AREA(#6484);
#6486=SURFACE_SIDE_STYLE('',(#6485));
#6487=SURFACE_STYLE_USAGE(.POSITIVE.,#6486);
#6488=PRESENTATION_STYLE_ASSIGNMENT((#6487));
#6489=STYLED_ITEM('',(#6488),#6482);
#6490=CARTESIAN_POINT('',(4.645E0,-2.E-1,4.E0));
#6491=DIRECTION('',(0.E0,-1.E0,0.E0));
#6492=DIRECTION('',(-1.E0,0.E0,0.E0));
#6493=AXIS2_PLACEMENT_3D('',#6490,#6491,#6492);
#6494=PLANE('',#6493);
#6496=ORIENTED_EDGE('',*,*,#6495,.T.);
#6498=ORIENTED_EDGE('',*,*,#6497,.F.);
#6499=ORIENTED_EDGE('',*,*,#3871,.F.);
#6501=ORIENTED_EDGE('',*,*,#6500,.T.);
#6502=EDGE_LOOP('',(#6496,#6498,#6499,#6501));
#6503=FACE_OUTER_BOUND('',#6502,.F.);
#6504=ADVANCED_FACE('',(#6503),#6494,.T.);
#6505=FILL_AREA_STYLE_COLOUR('',#9);
#6506=FILL_AREA_STYLE('',(#6505));
#6507=SURFACE_STYLE_FILL_AREA(#6506);
#6508=SURFACE_SIDE_STYLE('',(#6507));
#6509=SURFACE_STYLE_USAGE(.POSITIVE.,#6508);
#6510=PRESENTATION_STYLE_ASSIGNMENT((#6509));
#6511=STYLED_ITEM('',(#6510),#6504);
#6512=CARTESIAN_POINT('',(4.645E0,-2.E-1,4.E0));
#6513=DIRECTION('',(0.E0,-1.E0,0.E0));
#6514=DIRECTION('',(-1.E0,0.E0,0.E0));
#6515=AXIS2_PLACEMENT_3D('',#6512,#6513,#6514);
#6516=PLANE('',#6515);
#6518=ORIENTED_EDGE('',*,*,#6517,.T.);
#6520=ORIENTED_EDGE('',*,*,#6519,.T.);
#6521=ORIENTED_EDGE('',*,*,#4446,.T.);
#6523=ORIENTED_EDGE('',*,*,#6522,.F.);
#6524=EDGE_LOOP('',(#6518,#6520,#6521,#6523));
#6525=FACE_OUTER_BOUND('',#6524,.F.);
#6526=ADVANCED_FACE('',(#6525),#6516,.T.);
#6527=FILL_AREA_STYLE_COLOUR('',#9);
#6528=FILL_AREA_STYLE('',(#6527));
#6529=SURFACE_STYLE_FILL_AREA(#6528);
#6530=SURFACE_SIDE_STYLE('',(#6529));
#6531=SURFACE_STYLE_USAGE(.POSITIVE.,#6530);
#6532=PRESENTATION_STYLE_ASSIGNMENT((#6531));
#6533=STYLED_ITEM('',(#6532),#6526);
#6534=CARTESIAN_POINT('',(4.445E0,-1.7E-1,-1.65E0));
#6535=DIRECTION('',(0.E0,-9.805806756909E-1,-1.961161351382E-1));
#6536=DIRECTION('',(0.E0,-1.961161351382E-1,9.805806756909E-1));
#6537=AXIS2_PLACEMENT_3D('',#6534,#6535,#6536);
#6538=PLANE('',#6537);
#6539=ORIENTED_EDGE('',*,*,#6495,.F.);
#6541=ORIENTED_EDGE('',*,*,#6540,.T.);
#6543=ORIENTED_EDGE('',*,*,#6542,.T.);
#6545=ORIENTED_EDGE('',*,*,#6544,.F.);
#6546=EDGE_LOOP('',(#6539,#6541,#6543,#6545));
#6547=FACE_OUTER_BOUND('',#6546,.F.);
#6548=ADVANCED_FACE('',(#6547),#6538,.T.);
#6549=FILL_AREA_STYLE_COLOUR('',#9);
#6550=FILL_AREA_STYLE('',(#6549));
#6551=SURFACE_STYLE_FILL_AREA(#6550);
#6552=SURFACE_SIDE_STYLE('',(#6551));
#6553=SURFACE_STYLE_USAGE(.POSITIVE.,#6552);
#6554=PRESENTATION_STYLE_ASSIGNMENT((#6553));
#6555=STYLED_ITEM('',(#6554),#6548);
#6556=CARTESIAN_POINT('',(4.615E0,0.E0,-1.65E0));
#6557=DIRECTION('',(9.805806756909E-1,0.E0,-1.961161351382E-1));
#6558=DIRECTION('',(1.961161351382E-1,0.E0,9.805806756909E-1));
#6559=AXIS2_PLACEMENT_3D('',#6556,#6557,#6558);
#6560=PLANE('',#6559);
#6562=ORIENTED_EDGE('',*,*,#6561,.T.);
#6563=ORIENTED_EDGE('',*,*,#6540,.F.);
#6565=ORIENTED_EDGE('',*,*,#6564,.F.);
#6567=ORIENTED_EDGE('',*,*,#6566,.T.);
#6568=EDGE_LOOP('',(#6562,#6563,#6565,#6567));
#6569=FACE_OUTER_BOUND('',#6568,.F.);
#6570=ADVANCED_FACE('',(#6569),#6560,.T.);
#6571=FILL_AREA_STYLE_COLOUR('',#9);
#6572=FILL_AREA_STYLE('',(#6571));
#6573=SURFACE_STYLE_FILL_AREA(#6572);
#6574=SURFACE_SIDE_STYLE('',(#6573));
#6575=SURFACE_STYLE_USAGE(.POSITIVE.,#6574);
#6576=PRESENTATION_STYLE_ASSIGNMENT((#6575));
#6577=STYLED_ITEM('',(#6576),#6570);
#6578=CARTESIAN_POINT('',(4.445E0,0.E0,-1.8E0));
#6579=DIRECTION('',(0.E0,0.E0,-1.E0));
#6580=DIRECTION('',(0.E0,1.E0,0.E0));
#6581=AXIS2_PLACEMENT_3D('',#6578,#6579,#6580);
#6582=PLANE('',#6581);
#6584=ORIENTED_EDGE('',*,*,#6583,.F.);
#6586=ORIENTED_EDGE('',*,*,#6585,.F.);
#6587=ORIENTED_EDGE('',*,*,#6542,.F.);
#6588=ORIENTED_EDGE('',*,*,#6561,.F.);
#6589=EDGE_LOOP('',(#6584,#6586,#6587,#6588));
#6590=FACE_OUTER_BOUND('',#6589,.F.);
#6591=ADVANCED_FACE('',(#6590),#6582,.T.);
#6592=FILL_AREA_STYLE_COLOUR('',#9);
#6593=FILL_AREA_STYLE('',(#6592));
#6594=SURFACE_STYLE_FILL_AREA(#6593);
#6595=SURFACE_SIDE_STYLE('',(#6594));
#6596=SURFACE_STYLE_USAGE(.POSITIVE.,#6595);
#6597=PRESENTATION_STYLE_ASSIGNMENT((#6596));
#6598=STYLED_ITEM('',(#6597),#6591);
#6599=CARTESIAN_POINT('',(4.445E0,1.7E-1,-1.65E0));
#6600=DIRECTION('',(0.E0,9.805806756909E-1,-1.961161351382E-1));
#6601=DIRECTION('',(0.E0,1.961161351382E-1,9.805806756909E-1));
#6602=AXIS2_PLACEMENT_3D('',#6599,#6600,#6601);
#6603=PLANE('',#6602);
#6605=ORIENTED_EDGE('',*,*,#6604,.F.);
#6607=ORIENTED_EDGE('',*,*,#6606,.T.);
#6608=ORIENTED_EDGE('',*,*,#6583,.T.);
#6609=ORIENTED_EDGE('',*,*,#6566,.F.);
#6610=EDGE_LOOP('',(#6605,#6607,#6608,#6609));
#6611=FACE_OUTER_BOUND('',#6610,.F.);
#6612=ADVANCED_FACE('',(#6611),#6603,.T.);
#6613=FILL_AREA_STYLE_COLOUR('',#9);
#6614=FILL_AREA_STYLE('',(#6613));
#6615=SURFACE_STYLE_FILL_AREA(#6614);
#6616=SURFACE_SIDE_STYLE('',(#6615));
#6617=SURFACE_STYLE_USAGE(.POSITIVE.,#6616);
#6618=PRESENTATION_STYLE_ASSIGNMENT((#6617));
#6619=STYLED_ITEM('',(#6618),#6612);
#6620=CARTESIAN_POINT('',(4.245E0,2.E-1,4.E0));
#6621=DIRECTION('',(0.E0,1.E0,0.E0));
#6622=DIRECTION('',(1.E0,0.E0,0.E0));
#6623=AXIS2_PLACEMENT_3D('',#6620,#6621,#6622);
#6624=PLANE('',#6623);
#6625=ORIENTED_EDGE('',*,*,#6604,.T.);
#6627=ORIENTED_EDGE('',*,*,#6626,.F.);
#6628=ORIENTED_EDGE('',*,*,#3875,.F.);
#6630=ORIENTED_EDGE('',*,*,#6629,.T.);
#6631=EDGE_LOOP('',(#6625,#6627,#6628,#6630));
#6632=FACE_OUTER_BOUND('',#6631,.F.);
#6633=ADVANCED_FACE('',(#6632),#6624,.T.);
#6634=FILL_AREA_STYLE_COLOUR('',#9);
#6635=FILL_AREA_STYLE('',(#6634));
#6636=SURFACE_STYLE_FILL_AREA(#6635);
#6637=SURFACE_SIDE_STYLE('',(#6636));
#6638=SURFACE_STYLE_USAGE(.POSITIVE.,#6637);
#6639=PRESENTATION_STYLE_ASSIGNMENT((#6638));
#6640=STYLED_ITEM('',(#6639),#6633);
#6641=CARTESIAN_POINT('',(4.245E0,2.E-1,4.E0));
#6642=DIRECTION('',(0.E0,1.E0,0.E0));
#6643=DIRECTION('',(1.E0,0.E0,0.E0));
#6644=AXIS2_PLACEMENT_3D('',#6641,#6642,#6643);
#6645=PLANE('',#6644);
#6647=ORIENTED_EDGE('',*,*,#6646,.T.);
#6649=ORIENTED_EDGE('',*,*,#6648,.T.);
#6650=ORIENTED_EDGE('',*,*,#4450,.T.);
#6652=ORIENTED_EDGE('',*,*,#6651,.F.);
#6653=EDGE_LOOP('',(#6647,#6649,#6650,#6652));
#6654=FACE_OUTER_BOUND('',#6653,.F.);
#6655=ADVANCED_FACE('',(#6654),#6645,.T.);
#6656=FILL_AREA_STYLE_COLOUR('',#9);
#6657=FILL_AREA_STYLE('',(#6656));
#6658=SURFACE_STYLE_FILL_AREA(#6657);
#6659=SURFACE_SIDE_STYLE('',(#6658));
#6660=SURFACE_STYLE_USAGE(.POSITIVE.,#6659);
#6661=PRESENTATION_STYLE_ASSIGNMENT((#6660));
#6662=STYLED_ITEM('',(#6661),#6655);
#6663=CARTESIAN_POINT('',(4.645E0,2.E-1,4.E0));
#6664=DIRECTION('',(1.E0,0.E0,0.E0));
#6665=DIRECTION('',(0.E0,-1.E0,0.E0));
#6666=AXIS2_PLACEMENT_3D('',#6663,#6664,#6665);
#6667=PLANE('',#6666);
#6668=ORIENTED_EDGE('',*,*,#6564,.T.);
#6669=ORIENTED_EDGE('',*,*,#6500,.F.);
#6670=ORIENTED_EDGE('',*,*,#3877,.F.);
#6671=ORIENTED_EDGE('',*,*,#6626,.T.);
#6672=EDGE_LOOP('',(#6668,#6669,#6670,#6671));
#6673=FACE_OUTER_BOUND('',#6672,.F.);
#6674=ADVANCED_FACE('',(#6673),#6667,.T.);
#6675=FILL_AREA_STYLE_COLOUR('',#9);
#6676=FILL_AREA_STYLE('',(#6675));
#6677=SURFACE_STYLE_FILL_AREA(#6676);
#6678=SURFACE_SIDE_STYLE('',(#6677));
#6679=SURFACE_STYLE_USAGE(.POSITIVE.,#6678);
#6680=PRESENTATION_STYLE_ASSIGNMENT((#6679));
#6681=STYLED_ITEM('',(#6680),#6674);
#6682=CARTESIAN_POINT('',(4.645E0,2.E-1,4.E0));
#6683=DIRECTION('',(1.E0,0.E0,0.E0));
#6684=DIRECTION('',(0.E0,-1.E0,0.E0));
#6685=AXIS2_PLACEMENT_3D('',#6682,#6683,#6684);
#6686=PLANE('',#6685);
#6688=ORIENTED_EDGE('',*,*,#6687,.T.);
#6689=ORIENTED_EDGE('',*,*,#6651,.T.);
#6690=ORIENTED_EDGE('',*,*,#4448,.T.);
#6691=ORIENTED_EDGE('',*,*,#6519,.F.);
#6692=EDGE_LOOP('',(#6688,#6689,#6690,#6691));
#6693=FACE_OUTER_BOUND('',#6692,.F.);
#6694=ADVANCED_FACE('',(#6693),#6686,.T.);
#6695=FILL_AREA_STYLE_COLOUR('',#9);
#6696=FILL_AREA_STYLE('',(#6695));
#6697=SURFACE_STYLE_FILL_AREA(#6696);
#6698=SURFACE_SIDE_STYLE('',(#6697));
#6699=SURFACE_STYLE_USAGE(.POSITIVE.,#6698);
#6700=PRESENTATION_STYLE_ASSIGNMENT((#6699));
#6701=STYLED_ITEM('',(#6700),#6694);
#6702=CARTESIAN_POINT('',(4.615E0,0.E0,3.85E0));
#6703=DIRECTION('',(9.805806756909E-1,0.E0,1.961161351382E-1));
#6704=DIRECTION('',(1.961161351382E-1,0.E0,-9.805806756909E-1));
#6705=AXIS2_PLACEMENT_3D('',#6702,#6703,#6704);
#6706=PLANE('',#6705);
#6707=ORIENTED_EDGE('',*,*,#6687,.F.);
#6709=ORIENTED_EDGE('',*,*,#6708,.T.);
#6711=ORIENTED_EDGE('',*,*,#6710,.T.);
#6713=ORIENTED_EDGE('',*,*,#6712,.F.);
#6714=EDGE_LOOP('',(#6707,#6709,#6711,#6713));
#6715=FACE_OUTER_BOUND('',#6714,.F.);
#6716=ADVANCED_FACE('',(#6715),#6706,.T.);
#6717=FILL_AREA_STYLE_COLOUR('',#9);
#6718=FILL_AREA_STYLE('',(#6717));
#6719=SURFACE_STYLE_FILL_AREA(#6718);
#6720=SURFACE_SIDE_STYLE('',(#6719));
#6721=SURFACE_STYLE_USAGE(.POSITIVE.,#6720);
#6722=PRESENTATION_STYLE_ASSIGNMENT((#6721));
#6723=STYLED_ITEM('',(#6722),#6716);
#6724=CARTESIAN_POINT('',(4.445E0,-1.7E-1,3.85E0));
#6725=DIRECTION('',(0.E0,-9.805806756909E-1,1.961161351382E-1));
#6726=DIRECTION('',(0.E0,-1.961161351382E-1,-9.805806756909E-1));
#6727=AXIS2_PLACEMENT_3D('',#6724,#6725,#6726);
#6728=PLANE('',#6727);
#6729=ORIENTED_EDGE('',*,*,#6517,.F.);
#6731=ORIENTED_EDGE('',*,*,#6730,.T.);
#6733=ORIENTED_EDGE('',*,*,#6732,.T.);
#6734=ORIENTED_EDGE('',*,*,#6708,.F.);
#6735=EDGE_LOOP('',(#6729,#6731,#6733,#6734));
#6736=FACE_OUTER_BOUND('',#6735,.F.);
#6737=ADVANCED_FACE('',(#6736),#6728,.T.);
#6738=FILL_AREA_STYLE_COLOUR('',#9);
#6739=FILL_AREA_STYLE('',(#6738));
#6740=SURFACE_STYLE_FILL_AREA(#6739);
#6741=SURFACE_SIDE_STYLE('',(#6740));
#6742=SURFACE_STYLE_USAGE(.POSITIVE.,#6741);
#6743=PRESENTATION_STYLE_ASSIGNMENT((#6742));
#6744=STYLED_ITEM('',(#6743),#6737);
#6745=CARTESIAN_POINT('',(4.275E0,0.E0,3.85E0));
#6746=DIRECTION('',(-9.805806756909E-1,0.E0,1.961161351382E-1));
#6747=DIRECTION('',(-1.961161351382E-1,0.E0,-9.805806756909E-1));
#6748=AXIS2_PLACEMENT_3D('',#6745,#6746,#6747);
#6749=PLANE('',#6748);
#6751=ORIENTED_EDGE('',*,*,#6750,.T.);
#6752=ORIENTED_EDGE('',*,*,#6730,.F.);
#6754=ORIENTED_EDGE('',*,*,#6753,.F.);
#6756=ORIENTED_EDGE('',*,*,#6755,.T.);
#6757=EDGE_LOOP('',(#6751,#6752,#6754,#6756));
#6758=FACE_OUTER_BOUND('',#6757,.F.);
#6759=ADVANCED_FACE('',(#6758),#6749,.T.);
#6760=FILL_AREA_STYLE_COLOUR('',#9);
#6761=FILL_AREA_STYLE('',(#6760));
#6762=SURFACE_STYLE_FILL_AREA(#6761);
#6763=SURFACE_SIDE_STYLE('',(#6762));
#6764=SURFACE_STYLE_USAGE(.POSITIVE.,#6763);
#6765=PRESENTATION_STYLE_ASSIGNMENT((#6764));
#6766=STYLED_ITEM('',(#6765),#6759);
#6767=CARTESIAN_POINT('',(4.445E0,0.E0,4.E0));
#6768=DIRECTION('',(0.E0,0.E0,-1.E0));
#6769=DIRECTION('',(0.E0,1.E0,0.E0));
#6770=AXIS2_PLACEMENT_3D('',#6767,#6768,#6769);
#6771=PLANE('',#6770);
#6773=ORIENTED_EDGE('',*,*,#6772,.F.);
#6774=ORIENTED_EDGE('',*,*,#6710,.F.);
#6775=ORIENTED_EDGE('',*,*,#6732,.F.);
#6776=ORIENTED_EDGE('',*,*,#6750,.F.);
#6777=EDGE_LOOP('',(#6773,#6774,#6775,#6776));
#6778=FACE_OUTER_BOUND('',#6777,.F.);
#6779=ADVANCED_FACE('',(#6778),#6771,.F.);
#6780=FILL_AREA_STYLE_COLOUR('',#9);
#6781=FILL_AREA_STYLE('',(#6780));
#6782=SURFACE_STYLE_FILL_AREA(#6781);
#6783=SURFACE_SIDE_STYLE('',(#6782));
#6784=SURFACE_STYLE_USAGE(.POSITIVE.,#6783);
#6785=PRESENTATION_STYLE_ASSIGNMENT((#6784));
#6786=STYLED_ITEM('',(#6785),#6779);
#6787=CARTESIAN_POINT('',(4.445E0,1.7E-1,3.85E0));
#6788=DIRECTION('',(0.E0,9.805806756909E-1,1.961161351382E-1));
#6789=DIRECTION('',(0.E0,1.961161351382E-1,-9.805806756909E-1));
#6790=AXIS2_PLACEMENT_3D('',#6787,#6788,#6789);
#6791=PLANE('',#6790);
#6792=ORIENTED_EDGE('',*,*,#6772,.T.);
#6793=ORIENTED_EDGE('',*,*,#6755,.F.);
#6794=ORIENTED_EDGE('',*,*,#6646,.F.);
#6795=ORIENTED_EDGE('',*,*,#6712,.T.);
#6796=EDGE_LOOP('',(#6792,#6793,#6794,#6795));
#6797=FACE_OUTER_BOUND('',#6796,.F.);
#6798=ADVANCED_FACE('',(#6797),#6791,.T.);
#6799=FILL_AREA_STYLE_COLOUR('',#9);
#6800=FILL_AREA_STYLE('',(#6799));
#6801=SURFACE_STYLE_FILL_AREA(#6800);
#6802=SURFACE_SIDE_STYLE('',(#6801));
#6803=SURFACE_STYLE_USAGE(.POSITIVE.,#6802);
#6804=PRESENTATION_STYLE_ASSIGNMENT((#6803));
#6805=STYLED_ITEM('',(#6804),#6798);
#6806=CARTESIAN_POINT('',(4.245E0,-2.E-1,4.E0));
#6807=DIRECTION('',(-1.E0,0.E0,0.E0));
#6808=DIRECTION('',(0.E0,1.E0,0.E0));
#6809=AXIS2_PLACEMENT_3D('',#6806,#6807,#6808);
#6810=PLANE('',#6809);
#6812=ORIENTED_EDGE('',*,*,#6811,.T.);
#6813=ORIENTED_EDGE('',*,*,#6629,.F.);
#6814=ORIENTED_EDGE('',*,*,#3873,.F.);
#6815=ORIENTED_EDGE('',*,*,#6497,.T.);
#6816=EDGE_LOOP('',(#6812,#6813,#6814,#6815));
#6817=FACE_OUTER_BOUND('',#6816,.F.);
#6818=ADVANCED_FACE('',(#6817),#6810,.T.);
#6819=FILL_AREA_STYLE_COLOUR('',#9);
#6820=FILL_AREA_STYLE('',(#6819));
#6821=SURFACE_STYLE_FILL_AREA(#6820);
#6822=SURFACE_SIDE_STYLE('',(#6821));
#6823=SURFACE_STYLE_USAGE(.POSITIVE.,#6822);
#6824=PRESENTATION_STYLE_ASSIGNMENT((#6823));
#6825=STYLED_ITEM('',(#6824),#6818);
#6826=CARTESIAN_POINT('',(4.245E0,-2.E-1,4.E0));
#6827=DIRECTION('',(-1.E0,0.E0,0.E0));
#6828=DIRECTION('',(0.E0,1.E0,0.E0));
#6829=AXIS2_PLACEMENT_3D('',#6826,#6827,#6828);
#6830=PLANE('',#6829);
#6831=ORIENTED_EDGE('',*,*,#6753,.T.);
#6832=ORIENTED_EDGE('',*,*,#6522,.T.);
#6833=ORIENTED_EDGE('',*,*,#4452,.T.);
#6834=ORIENTED_EDGE('',*,*,#6648,.F.);
#6835=EDGE_LOOP('',(#6831,#6832,#6833,#6834));
#6836=FACE_OUTER_BOUND('',#6835,.F.);
#6837=ADVANCED_FACE('',(#6836),#6830,.T.);
#6838=FILL_AREA_STYLE_COLOUR('',#9);
#6839=FILL_AREA_STYLE('',(#6838));
#6840=SURFACE_STYLE_FILL_AREA(#6839);
#6841=SURFACE_SIDE_STYLE('',(#6840));
#6842=SURFACE_STYLE_USAGE(.POSITIVE.,#6841);
#6843=PRESENTATION_STYLE_ASSIGNMENT((#6842));
#6844=STYLED_ITEM('',(#6843),#6837);
#6845=CARTESIAN_POINT('',(4.275E0,0.E0,-1.65E0));
#6846=DIRECTION('',(-9.805806756909E-1,0.E0,-1.961161351382E-1));
#6847=DIRECTION('',(-1.961161351382E-1,0.E0,9.805806756909E-1));
#6848=AXIS2_PLACEMENT_3D('',#6845,#6846,#6847);
#6849=PLANE('',#6848);
#6850=ORIENTED_EDGE('',*,*,#6811,.F.);
#6851=ORIENTED_EDGE('',*,*,#6544,.T.);
#6852=ORIENTED_EDGE('',*,*,#6585,.T.);
#6853=ORIENTED_EDGE('',*,*,#6606,.F.);
#6854=EDGE_LOOP('',(#6850,#6851,#6852,#6853));
#6855=FACE_OUTER_BOUND('',#6854,.F.);
#6856=ADVANCED_FACE('',(#6855),#6849,.T.);
#6857=FILL_AREA_STYLE_COLOUR('',#9);
#6858=FILL_AREA_STYLE('',(#6857));
#6859=SURFACE_STYLE_FILL_AREA(#6858);
#6860=SURFACE_SIDE_STYLE('',(#6859));
#6861=SURFACE_STYLE_USAGE(.POSITIVE.,#6860);
#6862=PRESENTATION_STYLE_ASSIGNMENT((#6861));
#6863=STYLED_ITEM('',(#6862),#6856);
#6864=CARTESIAN_POINT('',(3.375E0,-2.E-1,4.E0));
#6865=DIRECTION('',(0.E0,-1.E0,0.E0));
#6866=DIRECTION('',(-1.E0,0.E0,0.E0));
#6867=AXIS2_PLACEMENT_3D('',#6864,#6865,#6866);
#6868=PLANE('',#6867);
#6870=ORIENTED_EDGE('',*,*,#6869,.T.);
#6872=ORIENTED_EDGE('',*,*,#6871,.F.);
#6873=ORIENTED_EDGE('',*,*,#3881,.F.);
#6875=ORIENTED_EDGE('',*,*,#6874,.T.);
#6876=EDGE_LOOP('',(#6870,#6872,#6873,#6875));
#6877=FACE_OUTER_BOUND('',#6876,.F.);
#6878=ADVANCED_FACE('',(#6877),#6868,.T.);
#6879=FILL_AREA_STYLE_COLOUR('',#9);
#6880=FILL_AREA_STYLE('',(#6879));
#6881=SURFACE_STYLE_FILL_AREA(#6880);
#6882=SURFACE_SIDE_STYLE('',(#6881));
#6883=SURFACE_STYLE_USAGE(.POSITIVE.,#6882);
#6884=PRESENTATION_STYLE_ASSIGNMENT((#6883));
#6885=STYLED_ITEM('',(#6884),#6878);
#6886=CARTESIAN_POINT('',(3.375E0,-2.E-1,4.E0));
#6887=DIRECTION('',(0.E0,-1.E0,0.E0));
#6888=DIRECTION('',(-1.E0,0.E0,0.E0));
#6889=AXIS2_PLACEMENT_3D('',#6886,#6887,#6888);
#6890=PLANE('',#6889);
#6892=ORIENTED_EDGE('',*,*,#6891,.T.);
#6894=ORIENTED_EDGE('',*,*,#6893,.T.);
#6895=ORIENTED_EDGE('',*,*,#4456,.T.);
#6897=ORIENTED_EDGE('',*,*,#6896,.F.);
#6898=EDGE_LOOP('',(#6892,#6894,#6895,#6897));
#6899=FACE_OUTER_BOUND('',#6898,.F.);
#6900=ADVANCED_FACE('',(#6899),#6890,.T.);
#6901=FILL_AREA_STYLE_COLOUR('',#9);
#6902=FILL_AREA_STYLE('',(#6901));
#6903=SURFACE_STYLE_FILL_AREA(#6902);
#6904=SURFACE_SIDE_STYLE('',(#6903));
#6905=SURFACE_STYLE_USAGE(.POSITIVE.,#6904);
#6906=PRESENTATION_STYLE_ASSIGNMENT((#6905));
#6907=STYLED_ITEM('',(#6906),#6900);
#6908=CARTESIAN_POINT('',(3.175E0,-1.7E-1,-1.65E0));
#6909=DIRECTION('',(0.E0,-9.805806756909E-1,-1.961161351382E-1));
#6910=DIRECTION('',(0.E0,-1.961161351382E-1,9.805806756909E-1));
#6911=AXIS2_PLACEMENT_3D('',#6908,#6909,#6910);
#6912=PLANE('',#6911);
#6913=ORIENTED_EDGE('',*,*,#6869,.F.);
#6915=ORIENTED_EDGE('',*,*,#6914,.T.);
#6917=ORIENTED_EDGE('',*,*,#6916,.T.);
#6919=ORIENTED_EDGE('',*,*,#6918,.F.);
#6920=EDGE_LOOP('',(#6913,#6915,#6917,#6919));
#6921=FACE_OUTER_BOUND('',#6920,.F.);
#6922=ADVANCED_FACE('',(#6921),#6912,.T.);
#6923=FILL_AREA_STYLE_COLOUR('',#9);
#6924=FILL_AREA_STYLE('',(#6923));
#6925=SURFACE_STYLE_FILL_AREA(#6924);
#6926=SURFACE_SIDE_STYLE('',(#6925));
#6927=SURFACE_STYLE_USAGE(.POSITIVE.,#6926);
#6928=PRESENTATION_STYLE_ASSIGNMENT((#6927));
#6929=STYLED_ITEM('',(#6928),#6922);
#6930=CARTESIAN_POINT('',(3.345E0,0.E0,-1.65E0));
#6931=DIRECTION('',(9.805806756909E-1,0.E0,-1.961161351382E-1));
#6932=DIRECTION('',(1.961161351382E-1,0.E0,9.805806756909E-1));
#6933=AXIS2_PLACEMENT_3D('',#6930,#6931,#6932);
#6934=PLANE('',#6933);
#6936=ORIENTED_EDGE('',*,*,#6935,.T.);
#6937=ORIENTED_EDGE('',*,*,#6914,.F.);
#6939=ORIENTED_EDGE('',*,*,#6938,.F.);
#6941=ORIENTED_EDGE('',*,*,#6940,.T.);
#6942=EDGE_LOOP('',(#6936,#6937,#6939,#6941));
#6943=FACE_OUTER_BOUND('',#6942,.F.);
#6944=ADVANCED_FACE('',(#6943),#6934,.T.);
#6945=FILL_AREA_STYLE_COLOUR('',#9);
#6946=FILL_AREA_STYLE('',(#6945));
#6947=SURFACE_STYLE_FILL_AREA(#6946);
#6948=SURFACE_SIDE_STYLE('',(#6947));
#6949=SURFACE_STYLE_USAGE(.POSITIVE.,#6948);
#6950=PRESENTATION_STYLE_ASSIGNMENT((#6949));
#6951=STYLED_ITEM('',(#6950),#6944);
#6952=CARTESIAN_POINT('',(3.175E0,0.E0,-1.8E0));
#6953=DIRECTION('',(0.E0,0.E0,-1.E0));
#6954=DIRECTION('',(0.E0,1.E0,0.E0));
#6955=AXIS2_PLACEMENT_3D('',#6952,#6953,#6954);
#6956=PLANE('',#6955);
#6958=ORIENTED_EDGE('',*,*,#6957,.F.);
#6960=ORIENTED_EDGE('',*,*,#6959,.F.);
#6961=ORIENTED_EDGE('',*,*,#6916,.F.);
#6962=ORIENTED_EDGE('',*,*,#6935,.F.);
#6963=EDGE_LOOP('',(#6958,#6960,#6961,#6962));
#6964=FACE_OUTER_BOUND('',#6963,.F.);
#6965=ADVANCED_FACE('',(#6964),#6956,.T.);
#6966=FILL_AREA_STYLE_COLOUR('',#9);
#6967=FILL_AREA_STYLE('',(#6966));
#6968=SURFACE_STYLE_FILL_AREA(#6967);
#6969=SURFACE_SIDE_STYLE('',(#6968));
#6970=SURFACE_STYLE_USAGE(.POSITIVE.,#6969);
#6971=PRESENTATION_STYLE_ASSIGNMENT((#6970));
#6972=STYLED_ITEM('',(#6971),#6965);
#6973=CARTESIAN_POINT('',(3.175E0,1.7E-1,-1.65E0));
#6974=DIRECTION('',(0.E0,9.805806756909E-1,-1.961161351382E-1));
#6975=DIRECTION('',(0.E0,1.961161351382E-1,9.805806756909E-1));
#6976=AXIS2_PLACEMENT_3D('',#6973,#6974,#6975);
#6977=PLANE('',#6976);
#6979=ORIENTED_EDGE('',*,*,#6978,.F.);
#6981=ORIENTED_EDGE('',*,*,#6980,.T.);
#6982=ORIENTED_EDGE('',*,*,#6957,.T.);
#6983=ORIENTED_EDGE('',*,*,#6940,.F.);
#6984=EDGE_LOOP('',(#6979,#6981,#6982,#6983));
#6985=FACE_OUTER_BOUND('',#6984,.F.);
#6986=ADVANCED_FACE('',(#6985),#6977,.T.);
#6987=FILL_AREA_STYLE_COLOUR('',#9);
#6988=FILL_AREA_STYLE('',(#6987));
#6989=SURFACE_STYLE_FILL_AREA(#6988);
#6990=SURFACE_SIDE_STYLE('',(#6989));
#6991=SURFACE_STYLE_USAGE(.POSITIVE.,#6990);
#6992=PRESENTATION_STYLE_ASSIGNMENT((#6991));
#6993=STYLED_ITEM('',(#6992),#6986);
#6994=CARTESIAN_POINT('',(2.975E0,2.E-1,4.E0));
#6995=DIRECTION('',(0.E0,1.E0,0.E0));
#6996=DIRECTION('',(1.E0,0.E0,0.E0));
#6997=AXIS2_PLACEMENT_3D('',#6994,#6995,#6996);
#6998=PLANE('',#6997);
#6999=ORIENTED_EDGE('',*,*,#6978,.T.);
#7001=ORIENTED_EDGE('',*,*,#7000,.F.);
#7002=ORIENTED_EDGE('',*,*,#3885,.F.);
#7004=ORIENTED_EDGE('',*,*,#7003,.T.);
#7005=EDGE_LOOP('',(#6999,#7001,#7002,#7004));
#7006=FACE_OUTER_BOUND('',#7005,.F.);
#7007=ADVANCED_FACE('',(#7006),#6998,.T.);
#7008=FILL_AREA_STYLE_COLOUR('',#9);
#7009=FILL_AREA_STYLE('',(#7008));
#7010=SURFACE_STYLE_FILL_AREA(#7009);
#7011=SURFACE_SIDE_STYLE('',(#7010));
#7012=SURFACE_STYLE_USAGE(.POSITIVE.,#7011);
#7013=PRESENTATION_STYLE_ASSIGNMENT((#7012));
#7014=STYLED_ITEM('',(#7013),#7007);
#7015=CARTESIAN_POINT('',(2.975E0,2.E-1,4.E0));
#7016=DIRECTION('',(0.E0,1.E0,0.E0));
#7017=DIRECTION('',(1.E0,0.E0,0.E0));
#7018=AXIS2_PLACEMENT_3D('',#7015,#7016,#7017);
#7019=PLANE('',#7018);
#7021=ORIENTED_EDGE('',*,*,#7020,.T.);
#7023=ORIENTED_EDGE('',*,*,#7022,.T.);
#7024=ORIENTED_EDGE('',*,*,#4460,.T.);
#7026=ORIENTED_EDGE('',*,*,#7025,.F.);
#7027=EDGE_LOOP('',(#7021,#7023,#7024,#7026));
#7028=FACE_OUTER_BOUND('',#7027,.F.);
#7029=ADVANCED_FACE('',(#7028),#7019,.T.);
#7030=FILL_AREA_STYLE_COLOUR('',#9);
#7031=FILL_AREA_STYLE('',(#7030));
#7032=SURFACE_STYLE_FILL_AREA(#7031);
#7033=SURFACE_SIDE_STYLE('',(#7032));
#7034=SURFACE_STYLE_USAGE(.POSITIVE.,#7033);
#7035=PRESENTATION_STYLE_ASSIGNMENT((#7034));
#7036=STYLED_ITEM('',(#7035),#7029);
#7037=CARTESIAN_POINT('',(3.375E0,2.E-1,4.E0));
#7038=DIRECTION('',(1.E0,0.E0,0.E0));
#7039=DIRECTION('',(0.E0,-1.E0,0.E0));
#7040=AXIS2_PLACEMENT_3D('',#7037,#7038,#7039);
#7041=PLANE('',#7040);
#7042=ORIENTED_EDGE('',*,*,#6938,.T.);
#7043=ORIENTED_EDGE('',*,*,#6874,.F.);
#7044=ORIENTED_EDGE('',*,*,#3887,.F.);
#7045=ORIENTED_EDGE('',*,*,#7000,.T.);
#7046=EDGE_LOOP('',(#7042,#7043,#7044,#7045));
#7047=FACE_OUTER_BOUND('',#7046,.F.);
#7048=ADVANCED_FACE('',(#7047),#7041,.T.);
#7049=FILL_AREA_STYLE_COLOUR('',#9);
#7050=FILL_AREA_STYLE('',(#7049));
#7051=SURFACE_STYLE_FILL_AREA(#7050);
#7052=SURFACE_SIDE_STYLE('',(#7051));
#7053=SURFACE_STYLE_USAGE(.POSITIVE.,#7052);
#7054=PRESENTATION_STYLE_ASSIGNMENT((#7053));
#7055=STYLED_ITEM('',(#7054),#7048);
#7056=CARTESIAN_POINT('',(3.375E0,2.E-1,4.E0));
#7057=DIRECTION('',(1.E0,0.E0,0.E0));
#7058=DIRECTION('',(0.E0,-1.E0,0.E0));
#7059=AXIS2_PLACEMENT_3D('',#7056,#7057,#7058);
#7060=PLANE('',#7059);
#7062=ORIENTED_EDGE('',*,*,#7061,.T.);
#7063=ORIENTED_EDGE('',*,*,#7025,.T.);
#7064=ORIENTED_EDGE('',*,*,#4458,.T.);
#7065=ORIENTED_EDGE('',*,*,#6893,.F.);
#7066=EDGE_LOOP('',(#7062,#7063,#7064,#7065));
#7067=FACE_OUTER_BOUND('',#7066,.F.);
#7068=ADVANCED_FACE('',(#7067),#7060,.T.);
#7069=FILL_AREA_STYLE_COLOUR('',#9);
#7070=FILL_AREA_STYLE('',(#7069));
#7071=SURFACE_STYLE_FILL_AREA(#7070);
#7072=SURFACE_SIDE_STYLE('',(#7071));
#7073=SURFACE_STYLE_USAGE(.POSITIVE.,#7072);
#7074=PRESENTATION_STYLE_ASSIGNMENT((#7073));
#7075=STYLED_ITEM('',(#7074),#7068);
#7076=CARTESIAN_POINT('',(3.345E0,0.E0,3.85E0));
#7077=DIRECTION('',(9.805806756909E-1,0.E0,1.961161351382E-1));
#7078=DIRECTION('',(1.961161351382E-1,0.E0,-9.805806756909E-1));
#7079=AXIS2_PLACEMENT_3D('',#7076,#7077,#7078);
#7080=PLANE('',#7079);
#7081=ORIENTED_EDGE('',*,*,#7061,.F.);
#7083=ORIENTED_EDGE('',*,*,#7082,.T.);
#7085=ORIENTED_EDGE('',*,*,#7084,.T.);
#7087=ORIENTED_EDGE('',*,*,#7086,.F.);
#7088=EDGE_LOOP('',(#7081,#7083,#7085,#7087));
#7089=FACE_OUTER_BOUND('',#7088,.F.);
#7090=ADVANCED_FACE('',(#7089),#7080,.T.);
#7091=FILL_AREA_STYLE_COLOUR('',#9);
#7092=FILL_AREA_STYLE('',(#7091));
#7093=SURFACE_STYLE_FILL_AREA(#7092);
#7094=SURFACE_SIDE_STYLE('',(#7093));
#7095=SURFACE_STYLE_USAGE(.POSITIVE.,#7094);
#7096=PRESENTATION_STYLE_ASSIGNMENT((#7095));
#7097=STYLED_ITEM('',(#7096),#7090);
#7098=CARTESIAN_POINT('',(3.175E0,-1.7E-1,3.85E0));
#7099=DIRECTION('',(0.E0,-9.805806756909E-1,1.961161351382E-1));
#7100=DIRECTION('',(0.E0,-1.961161351382E-1,-9.805806756909E-1));
#7101=AXIS2_PLACEMENT_3D('',#7098,#7099,#7100);
#7102=PLANE('',#7101);
#7103=ORIENTED_EDGE('',*,*,#6891,.F.);
#7105=ORIENTED_EDGE('',*,*,#7104,.T.);
#7107=ORIENTED_EDGE('',*,*,#7106,.T.);
#7108=ORIENTED_EDGE('',*,*,#7082,.F.);
#7109=EDGE_LOOP('',(#7103,#7105,#7107,#7108));
#7110=FACE_OUTER_BOUND('',#7109,.F.);
#7111=ADVANCED_FACE('',(#7110),#7102,.T.);
#7112=FILL_AREA_STYLE_COLOUR('',#9);
#7113=FILL_AREA_STYLE('',(#7112));
#7114=SURFACE_STYLE_FILL_AREA(#7113);
#7115=SURFACE_SIDE_STYLE('',(#7114));
#7116=SURFACE_STYLE_USAGE(.POSITIVE.,#7115);
#7117=PRESENTATION_STYLE_ASSIGNMENT((#7116));
#7118=STYLED_ITEM('',(#7117),#7111);
#7119=CARTESIAN_POINT('',(3.005E0,0.E0,3.85E0));
#7120=DIRECTION('',(-9.805806756909E-1,0.E0,1.961161351382E-1));
#7121=DIRECTION('',(-1.961161351382E-1,0.E0,-9.805806756909E-1));
#7122=AXIS2_PLACEMENT_3D('',#7119,#7120,#7121);
#7123=PLANE('',#7122);
#7125=ORIENTED_EDGE('',*,*,#7124,.T.);
#7126=ORIENTED_EDGE('',*,*,#7104,.F.);
#7128=ORIENTED_EDGE('',*,*,#7127,.F.);
#7130=ORIENTED_EDGE('',*,*,#7129,.T.);
#7131=EDGE_LOOP('',(#7125,#7126,#7128,#7130));
#7132=FACE_OUTER_BOUND('',#7131,.F.);
#7133=ADVANCED_FACE('',(#7132),#7123,.T.);
#7134=FILL_AREA_STYLE_COLOUR('',#9);
#7135=FILL_AREA_STYLE('',(#7134));
#7136=SURFACE_STYLE_FILL_AREA(#7135);
#7137=SURFACE_SIDE_STYLE('',(#7136));
#7138=SURFACE_STYLE_USAGE(.POSITIVE.,#7137);
#7139=PRESENTATION_STYLE_ASSIGNMENT((#7138));
#7140=STYLED_ITEM('',(#7139),#7133);
#7141=CARTESIAN_POINT('',(3.175E0,0.E0,4.E0));
#7142=DIRECTION('',(0.E0,0.E0,-1.E0));
#7143=DIRECTION('',(0.E0,1.E0,0.E0));
#7144=AXIS2_PLACEMENT_3D('',#7141,#7142,#7143);
#7145=PLANE('',#7144);
#7147=ORIENTED_EDGE('',*,*,#7146,.F.);
#7148=ORIENTED_EDGE('',*,*,#7084,.F.);
#7149=ORIENTED_EDGE('',*,*,#7106,.F.);
#7150=ORIENTED_EDGE('',*,*,#7124,.F.);
#7151=EDGE_LOOP('',(#7147,#7148,#7149,#7150));
#7152=FACE_OUTER_BOUND('',#7151,.F.);
#7153=ADVANCED_FACE('',(#7152),#7145,.F.);
#7154=FILL_AREA_STYLE_COLOUR('',#9);
#7155=FILL_AREA_STYLE('',(#7154));
#7156=SURFACE_STYLE_FILL_AREA(#7155);
#7157=SURFACE_SIDE_STYLE('',(#7156));
#7158=SURFACE_STYLE_USAGE(.POSITIVE.,#7157);
#7159=PRESENTATION_STYLE_ASSIGNMENT((#7158));
#7160=STYLED_ITEM('',(#7159),#7153);
#7161=CARTESIAN_POINT('',(3.175E0,1.7E-1,3.85E0));
#7162=DIRECTION('',(0.E0,9.805806756909E-1,1.961161351382E-1));
#7163=DIRECTION('',(0.E0,1.961161351382E-1,-9.805806756909E-1));
#7164=AXIS2_PLACEMENT_3D('',#7161,#7162,#7163);
#7165=PLANE('',#7164);
#7166=ORIENTED_EDGE('',*,*,#7146,.T.);
#7167=ORIENTED_EDGE('',*,*,#7129,.F.);
#7168=ORIENTED_EDGE('',*,*,#7020,.F.);
#7169=ORIENTED_EDGE('',*,*,#7086,.T.);
#7170=EDGE_LOOP('',(#7166,#7167,#7168,#7169));
#7171=FACE_OUTER_BOUND('',#7170,.F.);
#7172=ADVANCED_FACE('',(#7171),#7165,.T.);
#7173=FILL_AREA_STYLE_COLOUR('',#9);
#7174=FILL_AREA_STYLE('',(#7173));
#7175=SURFACE_STYLE_FILL_AREA(#7174);
#7176=SURFACE_SIDE_STYLE('',(#7175));
#7177=SURFACE_STYLE_USAGE(.POSITIVE.,#7176);
#7178=PRESENTATION_STYLE_ASSIGNMENT((#7177));
#7179=STYLED_ITEM('',(#7178),#7172);
#7180=CARTESIAN_POINT('',(2.975E0,-2.E-1,4.E0));
#7181=DIRECTION('',(-1.E0,0.E0,0.E0));
#7182=DIRECTION('',(0.E0,1.E0,0.E0));
#7183=AXIS2_PLACEMENT_3D('',#7180,#7181,#7182);
#7184=PLANE('',#7183);
#7186=ORIENTED_EDGE('',*,*,#7185,.T.);
#7187=ORIENTED_EDGE('',*,*,#7003,.F.);
#7188=ORIENTED_EDGE('',*,*,#3883,.F.);
#7189=ORIENTED_EDGE('',*,*,#6871,.T.);
#7190=EDGE_LOOP('',(#7186,#7187,#7188,#7189));
#7191=FACE_OUTER_BOUND('',#7190,.F.);
#7192=ADVANCED_FACE('',(#7191),#7184,.T.);
#7193=FILL_AREA_STYLE_COLOUR('',#9);
#7194=FILL_AREA_STYLE('',(#7193));
#7195=SURFACE_STYLE_FILL_AREA(#7194);
#7196=SURFACE_SIDE_STYLE('',(#7195));
#7197=SURFACE_STYLE_USAGE(.POSITIVE.,#7196);
#7198=PRESENTATION_STYLE_ASSIGNMENT((#7197));
#7199=STYLED_ITEM('',(#7198),#7192);
#7200=CARTESIAN_POINT('',(2.975E0,-2.E-1,4.E0));
#7201=DIRECTION('',(-1.E0,0.E0,0.E0));
#7202=DIRECTION('',(0.E0,1.E0,0.E0));
#7203=AXIS2_PLACEMENT_3D('',#7200,#7201,#7202);
#7204=PLANE('',#7203);
#7205=ORIENTED_EDGE('',*,*,#7127,.T.);
#7206=ORIENTED_EDGE('',*,*,#6896,.T.);
#7207=ORIENTED_EDGE('',*,*,#4462,.T.);
#7208=ORIENTED_EDGE('',*,*,#7022,.F.);
#7209=EDGE_LOOP('',(#7205,#7206,#7207,#7208));
#7210=FACE_OUTER_BOUND('',#7209,.F.);
#7211=ADVANCED_FACE('',(#7210),#7204,.T.);
#7212=FILL_AREA_STYLE_COLOUR('',#9);
#7213=FILL_AREA_STYLE('',(#7212));
#7214=SURFACE_STYLE_FILL_AREA(#7213);
#7215=SURFACE_SIDE_STYLE('',(#7214));
#7216=SURFACE_STYLE_USAGE(.POSITIVE.,#7215);
#7217=PRESENTATION_STYLE_ASSIGNMENT((#7216));
#7218=STYLED_ITEM('',(#7217),#7211);
#7219=CARTESIAN_POINT('',(3.005E0,0.E0,-1.65E0));
#7220=DIRECTION('',(-9.805806756909E-1,0.E0,-1.961161351382E-1));
#7221=DIRECTION('',(-1.961161351382E-1,0.E0,9.805806756909E-1));
#7222=AXIS2_PLACEMENT_3D('',#7219,#7220,#7221);
#7223=PLANE('',#7222);
#7224=ORIENTED_EDGE('',*,*,#7185,.F.);
#7225=ORIENTED_EDGE('',*,*,#6918,.T.);
#7226=ORIENTED_EDGE('',*,*,#6959,.T.);
#7227=ORIENTED_EDGE('',*,*,#6980,.F.);
#7228=EDGE_LOOP('',(#7224,#7225,#7226,#7227));
#7229=FACE_OUTER_BOUND('',#7228,.F.);
#7230=ADVANCED_FACE('',(#7229),#7223,.T.);
#7231=FILL_AREA_STYLE_COLOUR('',#9);
#7232=FILL_AREA_STYLE('',(#7231));
#7233=SURFACE_STYLE_FILL_AREA(#7232);
#7234=SURFACE_SIDE_STYLE('',(#7233));
#7235=SURFACE_STYLE_USAGE(.POSITIVE.,#7234);
#7236=PRESENTATION_STYLE_ASSIGNMENT((#7235));
#7237=STYLED_ITEM('',(#7236),#7230);
#7238=CARTESIAN_POINT('',(2.105E0,-2.E-1,4.E0));
#7239=DIRECTION('',(0.E0,-1.E0,0.E0));
#7240=DIRECTION('',(-1.E0,0.E0,0.E0));
#7241=AXIS2_PLACEMENT_3D('',#7238,#7239,#7240);
#7242=PLANE('',#7241);
#7244=ORIENTED_EDGE('',*,*,#7243,.T.);
#7246=ORIENTED_EDGE('',*,*,#7245,.F.);
#7247=ORIENTED_EDGE('',*,*,#3891,.F.);
#7249=ORIENTED_EDGE('',*,*,#7248,.T.);
#7250=EDGE_LOOP('',(#7244,#7246,#7247,#7249));
#7251=FACE_OUTER_BOUND('',#7250,.F.);
#7252=ADVANCED_FACE('',(#7251),#7242,.T.);
#7253=FILL_AREA_STYLE_COLOUR('',#9);
#7254=FILL_AREA_STYLE('',(#7253));
#7255=SURFACE_STYLE_FILL_AREA(#7254);
#7256=SURFACE_SIDE_STYLE('',(#7255));
#7257=SURFACE_STYLE_USAGE(.POSITIVE.,#7256);
#7258=PRESENTATION_STYLE_ASSIGNMENT((#7257));
#7259=STYLED_ITEM('',(#7258),#7252);
#7260=CARTESIAN_POINT('',(2.105E0,-2.E-1,4.E0));
#7261=DIRECTION('',(0.E0,-1.E0,0.E0));
#7262=DIRECTION('',(-1.E0,0.E0,0.E0));
#7263=AXIS2_PLACEMENT_3D('',#7260,#7261,#7262);
#7264=PLANE('',#7263);
#7266=ORIENTED_EDGE('',*,*,#7265,.T.);
#7268=ORIENTED_EDGE('',*,*,#7267,.T.);
#7269=ORIENTED_EDGE('',*,*,#4466,.T.);
#7271=ORIENTED_EDGE('',*,*,#7270,.F.);
#7272=EDGE_LOOP('',(#7266,#7268,#7269,#7271));
#7273=FACE_OUTER_BOUND('',#7272,.F.);
#7274=ADVANCED_FACE('',(#7273),#7264,.T.);
#7275=FILL_AREA_STYLE_COLOUR('',#9);
#7276=FILL_AREA_STYLE('',(#7275));
#7277=SURFACE_STYLE_FILL_AREA(#7276);
#7278=SURFACE_SIDE_STYLE('',(#7277));
#7279=SURFACE_STYLE_USAGE(.POSITIVE.,#7278);
#7280=PRESENTATION_STYLE_ASSIGNMENT((#7279));
#7281=STYLED_ITEM('',(#7280),#7274);
#7282=CARTESIAN_POINT('',(1.905E0,-1.7E-1,-1.65E0));
#7283=DIRECTION('',(0.E0,-9.805806756909E-1,-1.961161351382E-1));
#7284=DIRECTION('',(0.E0,-1.961161351382E-1,9.805806756909E-1));
#7285=AXIS2_PLACEMENT_3D('',#7282,#7283,#7284);
#7286=PLANE('',#7285);
#7287=ORIENTED_EDGE('',*,*,#7243,.F.);
#7289=ORIENTED_EDGE('',*,*,#7288,.T.);
#7291=ORIENTED_EDGE('',*,*,#7290,.T.);
#7293=ORIENTED_EDGE('',*,*,#7292,.F.);
#7294=EDGE_LOOP('',(#7287,#7289,#7291,#7293));
#7295=FACE_OUTER_BOUND('',#7294,.F.);
#7296=ADVANCED_FACE('',(#7295),#7286,.T.);
#7297=FILL_AREA_STYLE_COLOUR('',#9);
#7298=FILL_AREA_STYLE('',(#7297));
#7299=SURFACE_STYLE_FILL_AREA(#7298);
#7300=SURFACE_SIDE_STYLE('',(#7299));
#7301=SURFACE_STYLE_USAGE(.POSITIVE.,#7300);
#7302=PRESENTATION_STYLE_ASSIGNMENT((#7301));
#7303=STYLED_ITEM('',(#7302),#7296);
#7304=CARTESIAN_POINT('',(2.075E0,0.E0,-1.65E0));
#7305=DIRECTION('',(9.805806756909E-1,0.E0,-1.961161351382E-1));
#7306=DIRECTION('',(1.961161351382E-1,0.E0,9.805806756909E-1));
#7307=AXIS2_PLACEMENT_3D('',#7304,#7305,#7306);
#7308=PLANE('',#7307);
#7310=ORIENTED_EDGE('',*,*,#7309,.T.);
#7311=ORIENTED_EDGE('',*,*,#7288,.F.);
#7313=ORIENTED_EDGE('',*,*,#7312,.F.);
#7315=ORIENTED_EDGE('',*,*,#7314,.T.);
#7316=EDGE_LOOP('',(#7310,#7311,#7313,#7315));
#7317=FACE_OUTER_BOUND('',#7316,.F.);
#7318=ADVANCED_FACE('',(#7317),#7308,.T.);
#7319=FILL_AREA_STYLE_COLOUR('',#9);
#7320=FILL_AREA_STYLE('',(#7319));
#7321=SURFACE_STYLE_FILL_AREA(#7320);
#7322=SURFACE_SIDE_STYLE('',(#7321));
#7323=SURFACE_STYLE_USAGE(.POSITIVE.,#7322);
#7324=PRESENTATION_STYLE_ASSIGNMENT((#7323));
#7325=STYLED_ITEM('',(#7324),#7318);
#7326=CARTESIAN_POINT('',(1.905E0,0.E0,-1.8E0));
#7327=DIRECTION('',(0.E0,0.E0,-1.E0));
#7328=DIRECTION('',(0.E0,1.E0,0.E0));
#7329=AXIS2_PLACEMENT_3D('',#7326,#7327,#7328);
#7330=PLANE('',#7329);
#7332=ORIENTED_EDGE('',*,*,#7331,.F.);
#7334=ORIENTED_EDGE('',*,*,#7333,.F.);
#7335=ORIENTED_EDGE('',*,*,#7290,.F.);
#7336=ORIENTED_EDGE('',*,*,#7309,.F.);
#7337=EDGE_LOOP('',(#7332,#7334,#7335,#7336));
#7338=FACE_OUTER_BOUND('',#7337,.F.);
#7339=ADVANCED_FACE('',(#7338),#7330,.T.);
#7340=FILL_AREA_STYLE_COLOUR('',#9);
#7341=FILL_AREA_STYLE('',(#7340));
#7342=SURFACE_STYLE_FILL_AREA(#7341);
#7343=SURFACE_SIDE_STYLE('',(#7342));
#7344=SURFACE_STYLE_USAGE(.POSITIVE.,#7343);
#7345=PRESENTATION_STYLE_ASSIGNMENT((#7344));
#7346=STYLED_ITEM('',(#7345),#7339);
#7347=CARTESIAN_POINT('',(1.905E0,1.7E-1,-1.65E0));
#7348=DIRECTION('',(0.E0,9.805806756909E-1,-1.961161351382E-1));
#7349=DIRECTION('',(0.E0,1.961161351382E-1,9.805806756909E-1));
#7350=AXIS2_PLACEMENT_3D('',#7347,#7348,#7349);
#7351=PLANE('',#7350);
#7353=ORIENTED_EDGE('',*,*,#7352,.F.);
#7355=ORIENTED_EDGE('',*,*,#7354,.T.);
#7356=ORIENTED_EDGE('',*,*,#7331,.T.);
#7357=ORIENTED_EDGE('',*,*,#7314,.F.);
#7358=EDGE_LOOP('',(#7353,#7355,#7356,#7357));
#7359=FACE_OUTER_BOUND('',#7358,.F.);
#7360=ADVANCED_FACE('',(#7359),#7351,.T.);
#7361=FILL_AREA_STYLE_COLOUR('',#9);
#7362=FILL_AREA_STYLE('',(#7361));
#7363=SURFACE_STYLE_FILL_AREA(#7362);
#7364=SURFACE_SIDE_STYLE('',(#7363));
#7365=SURFACE_STYLE_USAGE(.POSITIVE.,#7364);
#7366=PRESENTATION_STYLE_ASSIGNMENT((#7365));
#7367=STYLED_ITEM('',(#7366),#7360);
#7368=CARTESIAN_POINT('',(1.705E0,2.E-1,4.E0));
#7369=DIRECTION('',(0.E0,1.E0,0.E0));
#7370=DIRECTION('',(1.E0,0.E0,0.E0));
#7371=AXIS2_PLACEMENT_3D('',#7368,#7369,#7370);
#7372=PLANE('',#7371);
#7373=ORIENTED_EDGE('',*,*,#7352,.T.);
#7375=ORIENTED_EDGE('',*,*,#7374,.F.);
#7376=ORIENTED_EDGE('',*,*,#3895,.F.);
#7378=ORIENTED_EDGE('',*,*,#7377,.T.);
#7379=EDGE_LOOP('',(#7373,#7375,#7376,#7378));
#7380=FACE_OUTER_BOUND('',#7379,.F.);
#7381=ADVANCED_FACE('',(#7380),#7372,.T.);
#7382=FILL_AREA_STYLE_COLOUR('',#9);
#7383=FILL_AREA_STYLE('',(#7382));
#7384=SURFACE_STYLE_FILL_AREA(#7383);
#7385=SURFACE_SIDE_STYLE('',(#7384));
#7386=SURFACE_STYLE_USAGE(.POSITIVE.,#7385);
#7387=PRESENTATION_STYLE_ASSIGNMENT((#7386));
#7388=STYLED_ITEM('',(#7387),#7381);
#7389=CARTESIAN_POINT('',(1.705E0,2.E-1,4.E0));
#7390=DIRECTION('',(0.E0,1.E0,0.E0));
#7391=DIRECTION('',(1.E0,0.E0,0.E0));
#7392=AXIS2_PLACEMENT_3D('',#7389,#7390,#7391);
#7393=PLANE('',#7392);
#7395=ORIENTED_EDGE('',*,*,#7394,.T.);
#7397=ORIENTED_EDGE('',*,*,#7396,.T.);
#7398=ORIENTED_EDGE('',*,*,#4470,.T.);
#7400=ORIENTED_EDGE('',*,*,#7399,.F.);
#7401=EDGE_LOOP('',(#7395,#7397,#7398,#7400));
#7402=FACE_OUTER_BOUND('',#7401,.F.);
#7403=ADVANCED_FACE('',(#7402),#7393,.T.);
#7404=FILL_AREA_STYLE_COLOUR('',#9);
#7405=FILL_AREA_STYLE('',(#7404));
#7406=SURFACE_STYLE_FILL_AREA(#7405);
#7407=SURFACE_SIDE_STYLE('',(#7406));
#7408=SURFACE_STYLE_USAGE(.POSITIVE.,#7407);
#7409=PRESENTATION_STYLE_ASSIGNMENT((#7408));
#7410=STYLED_ITEM('',(#7409),#7403);
#7411=CARTESIAN_POINT('',(2.105E0,2.E-1,4.E0));
#7412=DIRECTION('',(1.E0,0.E0,0.E0));
#7413=DIRECTION('',(0.E0,-1.E0,0.E0));
#7414=AXIS2_PLACEMENT_3D('',#7411,#7412,#7413);
#7415=PLANE('',#7414);
#7416=ORIENTED_EDGE('',*,*,#7312,.T.);
#7417=ORIENTED_EDGE('',*,*,#7248,.F.);
#7418=ORIENTED_EDGE('',*,*,#3897,.F.);
#7419=ORIENTED_EDGE('',*,*,#7374,.T.);
#7420=EDGE_LOOP('',(#7416,#7417,#7418,#7419));
#7421=FACE_OUTER_BOUND('',#7420,.F.);
#7422=ADVANCED_FACE('',(#7421),#7415,.T.);
#7423=FILL_AREA_STYLE_COLOUR('',#9);
#7424=FILL_AREA_STYLE('',(#7423));
#7425=SURFACE_STYLE_FILL_AREA(#7424);
#7426=SURFACE_SIDE_STYLE('',(#7425));
#7427=SURFACE_STYLE_USAGE(.POSITIVE.,#7426);
#7428=PRESENTATION_STYLE_ASSIGNMENT((#7427));
#7429=STYLED_ITEM('',(#7428),#7422);
#7430=CARTESIAN_POINT('',(2.105E0,2.E-1,4.E0));
#7431=DIRECTION('',(1.E0,0.E0,0.E0));
#7432=DIRECTION('',(0.E0,-1.E0,0.E0));
#7433=AXIS2_PLACEMENT_3D('',#7430,#7431,#7432);
#7434=PLANE('',#7433);
#7436=ORIENTED_EDGE('',*,*,#7435,.T.);
#7437=ORIENTED_EDGE('',*,*,#7399,.T.);
#7438=ORIENTED_EDGE('',*,*,#4468,.T.);
#7439=ORIENTED_EDGE('',*,*,#7267,.F.);
#7440=EDGE_LOOP('',(#7436,#7437,#7438,#7439));
#7441=FACE_OUTER_BOUND('',#7440,.F.);
#7442=ADVANCED_FACE('',(#7441),#7434,.T.);
#7443=FILL_AREA_STYLE_COLOUR('',#9);
#7444=FILL_AREA_STYLE('',(#7443));
#7445=SURFACE_STYLE_FILL_AREA(#7444);
#7446=SURFACE_SIDE_STYLE('',(#7445));
#7447=SURFACE_STYLE_USAGE(.POSITIVE.,#7446);
#7448=PRESENTATION_STYLE_ASSIGNMENT((#7447));
#7449=STYLED_ITEM('',(#7448),#7442);
#7450=CARTESIAN_POINT('',(2.075E0,0.E0,3.85E0));
#7451=DIRECTION('',(9.805806756909E-1,0.E0,1.961161351382E-1));
#7452=DIRECTION('',(1.961161351382E-1,0.E0,-9.805806756909E-1));
#7453=AXIS2_PLACEMENT_3D('',#7450,#7451,#7452);
#7454=PLANE('',#7453);
#7455=ORIENTED_EDGE('',*,*,#7435,.F.);
#7457=ORIENTED_EDGE('',*,*,#7456,.T.);
#7459=ORIENTED_EDGE('',*,*,#7458,.T.);
#7461=ORIENTED_EDGE('',*,*,#7460,.F.);
#7462=EDGE_LOOP('',(#7455,#7457,#7459,#7461));
#7463=FACE_OUTER_BOUND('',#7462,.F.);
#7464=ADVANCED_FACE('',(#7463),#7454,.T.);
#7465=FILL_AREA_STYLE_COLOUR('',#9);
#7466=FILL_AREA_STYLE('',(#7465));
#7467=SURFACE_STYLE_FILL_AREA(#7466);
#7468=SURFACE_SIDE_STYLE('',(#7467));
#7469=SURFACE_STYLE_USAGE(.POSITIVE.,#7468);
#7470=PRESENTATION_STYLE_ASSIGNMENT((#7469));
#7471=STYLED_ITEM('',(#7470),#7464);
#7472=CARTESIAN_POINT('',(1.905E0,-1.7E-1,3.85E0));
#7473=DIRECTION('',(0.E0,-9.805806756909E-1,1.961161351382E-1));
#7474=DIRECTION('',(0.E0,-1.961161351382E-1,-9.805806756909E-1));
#7475=AXIS2_PLACEMENT_3D('',#7472,#7473,#7474);
#7476=PLANE('',#7475);
#7477=ORIENTED_EDGE('',*,*,#7265,.F.);
#7479=ORIENTED_EDGE('',*,*,#7478,.T.);
#7481=ORIENTED_EDGE('',*,*,#7480,.T.);
#7482=ORIENTED_EDGE('',*,*,#7456,.F.);
#7483=EDGE_LOOP('',(#7477,#7479,#7481,#7482));
#7484=FACE_OUTER_BOUND('',#7483,.F.);
#7485=ADVANCED_FACE('',(#7484),#7476,.T.);
#7486=FILL_AREA_STYLE_COLOUR('',#9);
#7487=FILL_AREA_STYLE('',(#7486));
#7488=SURFACE_STYLE_FILL_AREA(#7487);
#7489=SURFACE_SIDE_STYLE('',(#7488));
#7490=SURFACE_STYLE_USAGE(.POSITIVE.,#7489);
#7491=PRESENTATION_STYLE_ASSIGNMENT((#7490));
#7492=STYLED_ITEM('',(#7491),#7485);
#7493=CARTESIAN_POINT('',(1.735E0,0.E0,3.85E0));
#7494=DIRECTION('',(-9.805806756909E-1,0.E0,1.961161351382E-1));
#7495=DIRECTION('',(-1.961161351382E-1,0.E0,-9.805806756909E-1));
#7496=AXIS2_PLACEMENT_3D('',#7493,#7494,#7495);
#7497=PLANE('',#7496);
#7499=ORIENTED_EDGE('',*,*,#7498,.T.);
#7500=ORIENTED_EDGE('',*,*,#7478,.F.);
#7502=ORIENTED_EDGE('',*,*,#7501,.F.);
#7504=ORIENTED_EDGE('',*,*,#7503,.T.);
#7505=EDGE_LOOP('',(#7499,#7500,#7502,#7504));
#7506=FACE_OUTER_BOUND('',#7505,.F.);
#7507=ADVANCED_FACE('',(#7506),#7497,.T.);
#7508=FILL_AREA_STYLE_COLOUR('',#9);
#7509=FILL_AREA_STYLE('',(#7508));
#7510=SURFACE_STYLE_FILL_AREA(#7509);
#7511=SURFACE_SIDE_STYLE('',(#7510));
#7512=SURFACE_STYLE_USAGE(.POSITIVE.,#7511);
#7513=PRESENTATION_STYLE_ASSIGNMENT((#7512));
#7514=STYLED_ITEM('',(#7513),#7507);
#7515=CARTESIAN_POINT('',(1.905E0,0.E0,4.E0));
#7516=DIRECTION('',(0.E0,0.E0,-1.E0));
#7517=DIRECTION('',(0.E0,1.E0,0.E0));
#7518=AXIS2_PLACEMENT_3D('',#7515,#7516,#7517);
#7519=PLANE('',#7518);
#7521=ORIENTED_EDGE('',*,*,#7520,.F.);
#7522=ORIENTED_EDGE('',*,*,#7458,.F.);
#7523=ORIENTED_EDGE('',*,*,#7480,.F.);
#7524=ORIENTED_EDGE('',*,*,#7498,.F.);
#7525=EDGE_LOOP('',(#7521,#7522,#7523,#7524));
#7526=FACE_OUTER_BOUND('',#7525,.F.);
#7527=ADVANCED_FACE('',(#7526),#7519,.F.);
#7528=FILL_AREA_STYLE_COLOUR('',#9);
#7529=FILL_AREA_STYLE('',(#7528));
#7530=SURFACE_STYLE_FILL_AREA(#7529);
#7531=SURFACE_SIDE_STYLE('',(#7530));
#7532=SURFACE_STYLE_USAGE(.POSITIVE.,#7531);
#7533=PRESENTATION_STYLE_ASSIGNMENT((#7532));
#7534=STYLED_ITEM('',(#7533),#7527);
#7535=CARTESIAN_POINT('',(1.905E0,1.7E-1,3.85E0));
#7536=DIRECTION('',(0.E0,9.805806756909E-1,1.961161351382E-1));
#7537=DIRECTION('',(0.E0,1.961161351382E-1,-9.805806756909E-1));
#7538=AXIS2_PLACEMENT_3D('',#7535,#7536,#7537);
#7539=PLANE('',#7538);
#7540=ORIENTED_EDGE('',*,*,#7520,.T.);
#7541=ORIENTED_EDGE('',*,*,#7503,.F.);
#7542=ORIENTED_EDGE('',*,*,#7394,.F.);
#7543=ORIENTED_EDGE('',*,*,#7460,.T.);
#7544=EDGE_LOOP('',(#7540,#7541,#7542,#7543));
#7545=FACE_OUTER_BOUND('',#7544,.F.);
#7546=ADVANCED_FACE('',(#7545),#7539,.T.);
#7547=FILL_AREA_STYLE_COLOUR('',#9);
#7548=FILL_AREA_STYLE('',(#7547));
#7549=SURFACE_STYLE_FILL_AREA(#7548);
#7550=SURFACE_SIDE_STYLE('',(#7549));
#7551=SURFACE_STYLE_USAGE(.POSITIVE.,#7550);
#7552=PRESENTATION_STYLE_ASSIGNMENT((#7551));
#7553=STYLED_ITEM('',(#7552),#7546);
#7554=CARTESIAN_POINT('',(1.705E0,-2.E-1,4.E0));
#7555=DIRECTION('',(-1.E0,0.E0,0.E0));
#7556=DIRECTION('',(0.E0,1.E0,0.E0));
#7557=AXIS2_PLACEMENT_3D('',#7554,#7555,#7556);
#7558=PLANE('',#7557);
#7560=ORIENTED_EDGE('',*,*,#7559,.T.);
#7561=ORIENTED_EDGE('',*,*,#7377,.F.);
#7562=ORIENTED_EDGE('',*,*,#3893,.F.);
#7563=ORIENTED_EDGE('',*,*,#7245,.T.);
#7564=EDGE_LOOP('',(#7560,#7561,#7562,#7563));
#7565=FACE_OUTER_BOUND('',#7564,.F.);
#7566=ADVANCED_FACE('',(#7565),#7558,.T.);
#7567=FILL_AREA_STYLE_COLOUR('',#9);
#7568=FILL_AREA_STYLE('',(#7567));
#7569=SURFACE_STYLE_FILL_AREA(#7568);
#7570=SURFACE_SIDE_STYLE('',(#7569));
#7571=SURFACE_STYLE_USAGE(.POSITIVE.,#7570);
#7572=PRESENTATION_STYLE_ASSIGNMENT((#7571));
#7573=STYLED_ITEM('',(#7572),#7566);
#7574=CARTESIAN_POINT('',(1.705E0,-2.E-1,4.E0));
#7575=DIRECTION('',(-1.E0,0.E0,0.E0));
#7576=DIRECTION('',(0.E0,1.E0,0.E0));
#7577=AXIS2_PLACEMENT_3D('',#7574,#7575,#7576);
#7578=PLANE('',#7577);
#7579=ORIENTED_EDGE('',*,*,#7501,.T.);
#7580=ORIENTED_EDGE('',*,*,#7270,.T.);
#7581=ORIENTED_EDGE('',*,*,#4472,.T.);
#7582=ORIENTED_EDGE('',*,*,#7396,.F.);
#7583=EDGE_LOOP('',(#7579,#7580,#7581,#7582));
#7584=FACE_OUTER_BOUND('',#7583,.F.);
#7585=ADVANCED_FACE('',(#7584),#7578,.T.);
#7586=FILL_AREA_STYLE_COLOUR('',#9);
#7587=FILL_AREA_STYLE('',(#7586));
#7588=SURFACE_STYLE_FILL_AREA(#7587);
#7589=SURFACE_SIDE_STYLE('',(#7588));
#7590=SURFACE_STYLE_USAGE(.POSITIVE.,#7589);
#7591=PRESENTATION_STYLE_ASSIGNMENT((#7590));
#7592=STYLED_ITEM('',(#7591),#7585);
#7593=CARTESIAN_POINT('',(1.735E0,0.E0,-1.65E0));
#7594=DIRECTION('',(-9.805806756909E-1,0.E0,-1.961161351382E-1));
#7595=DIRECTION('',(-1.961161351382E-1,0.E0,9.805806756909E-1));
#7596=AXIS2_PLACEMENT_3D('',#7593,#7594,#7595);
#7597=PLANE('',#7596);
#7598=ORIENTED_EDGE('',*,*,#7559,.F.);
#7599=ORIENTED_EDGE('',*,*,#7292,.T.);
#7600=ORIENTED_EDGE('',*,*,#7333,.T.);
#7601=ORIENTED_EDGE('',*,*,#7354,.F.);
#7602=EDGE_LOOP('',(#7598,#7599,#7600,#7601));
#7603=FACE_OUTER_BOUND('',#7602,.F.);
#7604=ADVANCED_FACE('',(#7603),#7597,.T.);
#7605=FILL_AREA_STYLE_COLOUR('',#9);
#7606=FILL_AREA_STYLE('',(#7605));
#7607=SURFACE_STYLE_FILL_AREA(#7606);
#7608=SURFACE_SIDE_STYLE('',(#7607));
#7609=SURFACE_STYLE_USAGE(.POSITIVE.,#7608);
#7610=PRESENTATION_STYLE_ASSIGNMENT((#7609));
#7611=STYLED_ITEM('',(#7610),#7604);
#7612=CARTESIAN_POINT('',(8.35E-1,-2.E-1,4.E0));
#7613=DIRECTION('',(0.E0,-1.E0,0.E0));
#7614=DIRECTION('',(-1.E0,0.E0,0.E0));
#7615=AXIS2_PLACEMENT_3D('',#7612,#7613,#7614);
#7616=PLANE('',#7615);
#7618=ORIENTED_EDGE('',*,*,#7617,.T.);
#7620=ORIENTED_EDGE('',*,*,#7619,.F.);
#7621=ORIENTED_EDGE('',*,*,#3901,.F.);
#7623=ORIENTED_EDGE('',*,*,#7622,.T.);
#7624=EDGE_LOOP('',(#7618,#7620,#7621,#7623));
#7625=FACE_OUTER_BOUND('',#7624,.F.);
#7626=ADVANCED_FACE('',(#7625),#7616,.T.);
#7627=FILL_AREA_STYLE_COLOUR('',#9);
#7628=FILL_AREA_STYLE('',(#7627));
#7629=SURFACE_STYLE_FILL_AREA(#7628);
#7630=SURFACE_SIDE_STYLE('',(#7629));
#7631=SURFACE_STYLE_USAGE(.POSITIVE.,#7630);
#7632=PRESENTATION_STYLE_ASSIGNMENT((#7631));
#7633=STYLED_ITEM('',(#7632),#7626);
#7634=CARTESIAN_POINT('',(8.35E-1,-2.E-1,4.E0));
#7635=DIRECTION('',(0.E0,-1.E0,0.E0));
#7636=DIRECTION('',(-1.E0,0.E0,0.E0));
#7637=AXIS2_PLACEMENT_3D('',#7634,#7635,#7636);
#7638=PLANE('',#7637);
#7640=ORIENTED_EDGE('',*,*,#7639,.T.);
#7642=ORIENTED_EDGE('',*,*,#7641,.T.);
#7643=ORIENTED_EDGE('',*,*,#4476,.T.);
#7645=ORIENTED_EDGE('',*,*,#7644,.F.);
#7646=EDGE_LOOP('',(#7640,#7642,#7643,#7645));
#7647=FACE_OUTER_BOUND('',#7646,.F.);
#7648=ADVANCED_FACE('',(#7647),#7638,.T.);
#7649=FILL_AREA_STYLE_COLOUR('',#9);
#7650=FILL_AREA_STYLE('',(#7649));
#7651=SURFACE_STYLE_FILL_AREA(#7650);
#7652=SURFACE_SIDE_STYLE('',(#7651));
#7653=SURFACE_STYLE_USAGE(.POSITIVE.,#7652);
#7654=PRESENTATION_STYLE_ASSIGNMENT((#7653));
#7655=STYLED_ITEM('',(#7654),#7648);
#7656=CARTESIAN_POINT('',(6.35E-1,-1.7E-1,-1.65E0));
#7657=DIRECTION('',(0.E0,-9.805806756909E-1,-1.961161351382E-1));
#7658=DIRECTION('',(0.E0,-1.961161351382E-1,9.805806756909E-1));
#7659=AXIS2_PLACEMENT_3D('',#7656,#7657,#7658);
#7660=PLANE('',#7659);
#7661=ORIENTED_EDGE('',*,*,#7617,.F.);
#7663=ORIENTED_EDGE('',*,*,#7662,.T.);
#7665=ORIENTED_EDGE('',*,*,#7664,.T.);
#7667=ORIENTED_EDGE('',*,*,#7666,.F.);
#7668=EDGE_LOOP('',(#7661,#7663,#7665,#7667));
#7669=FACE_OUTER_BOUND('',#7668,.F.);
#7670=ADVANCED_FACE('',(#7669),#7660,.T.);
#7671=FILL_AREA_STYLE_COLOUR('',#9);
#7672=FILL_AREA_STYLE('',(#7671));
#7673=SURFACE_STYLE_FILL_AREA(#7672);
#7674=SURFACE_SIDE_STYLE('',(#7673));
#7675=SURFACE_STYLE_USAGE(.POSITIVE.,#7674);
#7676=PRESENTATION_STYLE_ASSIGNMENT((#7675));
#7677=STYLED_ITEM('',(#7676),#7670);
#7678=CARTESIAN_POINT('',(8.05E-1,0.E0,-1.65E0));
#7679=DIRECTION('',(9.805806756909E-1,0.E0,-1.961161351382E-1));
#7680=DIRECTION('',(1.961161351382E-1,0.E0,9.805806756909E-1));
#7681=AXIS2_PLACEMENT_3D('',#7678,#7679,#7680);
#7682=PLANE('',#7681);
#7684=ORIENTED_EDGE('',*,*,#7683,.T.);
#7685=ORIENTED_EDGE('',*,*,#7662,.F.);
#7687=ORIENTED_EDGE('',*,*,#7686,.F.);
#7689=ORIENTED_EDGE('',*,*,#7688,.T.);
#7690=EDGE_LOOP('',(#7684,#7685,#7687,#7689));
#7691=FACE_OUTER_BOUND('',#7690,.F.);
#7692=ADVANCED_FACE('',(#7691),#7682,.T.);
#7693=FILL_AREA_STYLE_COLOUR('',#9);
#7694=FILL_AREA_STYLE('',(#7693));
#7695=SURFACE_STYLE_FILL_AREA(#7694);
#7696=SURFACE_SIDE_STYLE('',(#7695));
#7697=SURFACE_STYLE_USAGE(.POSITIVE.,#7696);
#7698=PRESENTATION_STYLE_ASSIGNMENT((#7697));
#7699=STYLED_ITEM('',(#7698),#7692);
#7700=CARTESIAN_POINT('',(6.35E-1,0.E0,-1.8E0));
#7701=DIRECTION('',(0.E0,0.E0,-1.E0));
#7702=DIRECTION('',(0.E0,1.E0,0.E0));
#7703=AXIS2_PLACEMENT_3D('',#7700,#7701,#7702);
#7704=PLANE('',#7703);
#7706=ORIENTED_EDGE('',*,*,#7705,.F.);
#7708=ORIENTED_EDGE('',*,*,#7707,.F.);
#7709=ORIENTED_EDGE('',*,*,#7664,.F.);
#7710=ORIENTED_EDGE('',*,*,#7683,.F.);
#7711=EDGE_LOOP('',(#7706,#7708,#7709,#7710));
#7712=FACE_OUTER_BOUND('',#7711,.F.);
#7713=ADVANCED_FACE('',(#7712),#7704,.T.);
#7714=FILL_AREA_STYLE_COLOUR('',#9);
#7715=FILL_AREA_STYLE('',(#7714));
#7716=SURFACE_STYLE_FILL_AREA(#7715);
#7717=SURFACE_SIDE_STYLE('',(#7716));
#7718=SURFACE_STYLE_USAGE(.POSITIVE.,#7717);
#7719=PRESENTATION_STYLE_ASSIGNMENT((#7718));
#7720=STYLED_ITEM('',(#7719),#7713);
#7721=CARTESIAN_POINT('',(6.35E-1,1.7E-1,-1.65E0));
#7722=DIRECTION('',(0.E0,9.805806756909E-1,-1.961161351382E-1));
#7723=DIRECTION('',(0.E0,1.961161351382E-1,9.805806756909E-1));
#7724=AXIS2_PLACEMENT_3D('',#7721,#7722,#7723);
#7725=PLANE('',#7724);
#7727=ORIENTED_EDGE('',*,*,#7726,.F.);
#7729=ORIENTED_EDGE('',*,*,#7728,.T.);
#7730=ORIENTED_EDGE('',*,*,#7705,.T.);
#7731=ORIENTED_EDGE('',*,*,#7688,.F.);
#7732=EDGE_LOOP('',(#7727,#7729,#7730,#7731));
#7733=FACE_OUTER_BOUND('',#7732,.F.);
#7734=ADVANCED_FACE('',(#7733),#7725,.T.);
#7735=FILL_AREA_STYLE_COLOUR('',#9);
#7736=FILL_AREA_STYLE('',(#7735));
#7737=SURFACE_STYLE_FILL_AREA(#7736);
#7738=SURFACE_SIDE_STYLE('',(#7737));
#7739=SURFACE_STYLE_USAGE(.POSITIVE.,#7738);
#7740=PRESENTATION_STYLE_ASSIGNMENT((#7739));
#7741=STYLED_ITEM('',(#7740),#7734);
#7742=CARTESIAN_POINT('',(4.35E-1,2.E-1,4.E0));
#7743=DIRECTION('',(0.E0,1.E0,0.E0));
#7744=DIRECTION('',(1.E0,0.E0,0.E0));
#7745=AXIS2_PLACEMENT_3D('',#7742,#7743,#7744);
#7746=PLANE('',#7745);
#7747=ORIENTED_EDGE('',*,*,#7726,.T.);
#7749=ORIENTED_EDGE('',*,*,#7748,.F.);
#7750=ORIENTED_EDGE('',*,*,#3905,.F.);
#7752=ORIENTED_EDGE('',*,*,#7751,.T.);
#7753=EDGE_LOOP('',(#7747,#7749,#7750,#7752));
#7754=FACE_OUTER_BOUND('',#7753,.F.);
#7755=ADVANCED_FACE('',(#7754),#7746,.T.);
#7756=FILL_AREA_STYLE_COLOUR('',#9);
#7757=FILL_AREA_STYLE('',(#7756));
#7758=SURFACE_STYLE_FILL_AREA(#7757);
#7759=SURFACE_SIDE_STYLE('',(#7758));
#7760=SURFACE_STYLE_USAGE(.POSITIVE.,#7759);
#7761=PRESENTATION_STYLE_ASSIGNMENT((#7760));
#7762=STYLED_ITEM('',(#7761),#7755);
#7763=CARTESIAN_POINT('',(4.35E-1,2.E-1,4.E0));
#7764=DIRECTION('',(0.E0,1.E0,0.E0));
#7765=DIRECTION('',(1.E0,0.E0,0.E0));
#7766=AXIS2_PLACEMENT_3D('',#7763,#7764,#7765);
#7767=PLANE('',#7766);
#7769=ORIENTED_EDGE('',*,*,#7768,.T.);
#7771=ORIENTED_EDGE('',*,*,#7770,.T.);
#7772=ORIENTED_EDGE('',*,*,#4480,.T.);
#7774=ORIENTED_EDGE('',*,*,#7773,.F.);
#7775=EDGE_LOOP('',(#7769,#7771,#7772,#7774));
#7776=FACE_OUTER_BOUND('',#7775,.F.);
#7777=ADVANCED_FACE('',(#7776),#7767,.T.);
#7778=FILL_AREA_STYLE_COLOUR('',#9);
#7779=FILL_AREA_STYLE('',(#7778));
#7780=SURFACE_STYLE_FILL_AREA(#7779);
#7781=SURFACE_SIDE_STYLE('',(#7780));
#7782=SURFACE_STYLE_USAGE(.POSITIVE.,#7781);
#7783=PRESENTATION_STYLE_ASSIGNMENT((#7782));
#7784=STYLED_ITEM('',(#7783),#7777);
#7785=CARTESIAN_POINT('',(8.35E-1,2.E-1,4.E0));
#7786=DIRECTION('',(1.E0,0.E0,0.E0));
#7787=DIRECTION('',(0.E0,-1.E0,0.E0));
#7788=AXIS2_PLACEMENT_3D('',#7785,#7786,#7787);
#7789=PLANE('',#7788);
#7790=ORIENTED_EDGE('',*,*,#7686,.T.);
#7791=ORIENTED_EDGE('',*,*,#7622,.F.);
#7792=ORIENTED_EDGE('',*,*,#3907,.F.);
#7793=ORIENTED_EDGE('',*,*,#7748,.T.);
#7794=EDGE_LOOP('',(#7790,#7791,#7792,#7793));
#7795=FACE_OUTER_BOUND('',#7794,.F.);
#7796=ADVANCED_FACE('',(#7795),#7789,.T.);
#7797=FILL_AREA_STYLE_COLOUR('',#9);
#7798=FILL_AREA_STYLE('',(#7797));
#7799=SURFACE_STYLE_FILL_AREA(#7798);
#7800=SURFACE_SIDE_STYLE('',(#7799));
#7801=SURFACE_STYLE_USAGE(.POSITIVE.,#7800);
#7802=PRESENTATION_STYLE_ASSIGNMENT((#7801));
#7803=STYLED_ITEM('',(#7802),#7796);
#7804=CARTESIAN_POINT('',(8.35E-1,2.E-1,4.E0));
#7805=DIRECTION('',(1.E0,0.E0,0.E0));
#7806=DIRECTION('',(0.E0,-1.E0,0.E0));
#7807=AXIS2_PLACEMENT_3D('',#7804,#7805,#7806);
#7808=PLANE('',#7807);
#7810=ORIENTED_EDGE('',*,*,#7809,.T.);
#7811=ORIENTED_EDGE('',*,*,#7773,.T.);
#7812=ORIENTED_EDGE('',*,*,#4478,.T.);
#7813=ORIENTED_EDGE('',*,*,#7641,.F.);
#7814=EDGE_LOOP('',(#7810,#7811,#7812,#7813));
#7815=FACE_OUTER_BOUND('',#7814,.F.);
#7816=ADVANCED_FACE('',(#7815),#7808,.T.);
#7817=FILL_AREA_STYLE_COLOUR('',#9);
#7818=FILL_AREA_STYLE('',(#7817));
#7819=SURFACE_STYLE_FILL_AREA(#7818);
#7820=SURFACE_SIDE_STYLE('',(#7819));
#7821=SURFACE_STYLE_USAGE(.POSITIVE.,#7820);
#7822=PRESENTATION_STYLE_ASSIGNMENT((#7821));
#7823=STYLED_ITEM('',(#7822),#7816);
#7824=CARTESIAN_POINT('',(8.05E-1,0.E0,3.85E0));
#7825=DIRECTION('',(9.805806756909E-1,0.E0,1.961161351382E-1));
#7826=DIRECTION('',(1.961161351382E-1,0.E0,-9.805806756909E-1));
#7827=AXIS2_PLACEMENT_3D('',#7824,#7825,#7826);
#7828=PLANE('',#7827);
#7829=ORIENTED_EDGE('',*,*,#7809,.F.);
#7831=ORIENTED_EDGE('',*,*,#7830,.T.);
#7833=ORIENTED_EDGE('',*,*,#7832,.T.);
#7835=ORIENTED_EDGE('',*,*,#7834,.F.);
#7836=EDGE_LOOP('',(#7829,#7831,#7833,#7835));
#7837=FACE_OUTER_BOUND('',#7836,.F.);
#7838=ADVANCED_FACE('',(#7837),#7828,.T.);
#7839=FILL_AREA_STYLE_COLOUR('',#9);
#7840=FILL_AREA_STYLE('',(#7839));
#7841=SURFACE_STYLE_FILL_AREA(#7840);
#7842=SURFACE_SIDE_STYLE('',(#7841));
#7843=SURFACE_STYLE_USAGE(.POSITIVE.,#7842);
#7844=PRESENTATION_STYLE_ASSIGNMENT((#7843));
#7845=STYLED_ITEM('',(#7844),#7838);
#7846=CARTESIAN_POINT('',(6.35E-1,-1.7E-1,3.85E0));
#7847=DIRECTION('',(0.E0,-9.805806756909E-1,1.961161351382E-1));
#7848=DIRECTION('',(0.E0,-1.961161351382E-1,-9.805806756909E-1));
#7849=AXIS2_PLACEMENT_3D('',#7846,#7847,#7848);
#7850=PLANE('',#7849);
#7851=ORIENTED_EDGE('',*,*,#7639,.F.);
#7853=ORIENTED_EDGE('',*,*,#7852,.T.);
#7855=ORIENTED_EDGE('',*,*,#7854,.T.);
#7856=ORIENTED_EDGE('',*,*,#7830,.F.);
#7857=EDGE_LOOP('',(#7851,#7853,#7855,#7856));
#7858=FACE_OUTER_BOUND('',#7857,.F.);
#7859=ADVANCED_FACE('',(#7858),#7850,.T.);
#7860=FILL_AREA_STYLE_COLOUR('',#9);
#7861=FILL_AREA_STYLE('',(#7860));
#7862=SURFACE_STYLE_FILL_AREA(#7861);
#7863=SURFACE_SIDE_STYLE('',(#7862));
#7864=SURFACE_STYLE_USAGE(.POSITIVE.,#7863);
#7865=PRESENTATION_STYLE_ASSIGNMENT((#7864));
#7866=STYLED_ITEM('',(#7865),#7859);
#7867=CARTESIAN_POINT('',(4.65E-1,0.E0,3.85E0));
#7868=DIRECTION('',(-9.805806756909E-1,0.E0,1.961161351382E-1));
#7869=DIRECTION('',(-1.961161351382E-1,0.E0,-9.805806756909E-1));
#7870=AXIS2_PLACEMENT_3D('',#7867,#7868,#7869);
#7871=PLANE('',#7870);
#7873=ORIENTED_EDGE('',*,*,#7872,.T.);
#7874=ORIENTED_EDGE('',*,*,#7852,.F.);
#7876=ORIENTED_EDGE('',*,*,#7875,.F.);
#7878=ORIENTED_EDGE('',*,*,#7877,.T.);
#7879=EDGE_LOOP('',(#7873,#7874,#7876,#7878));
#7880=FACE_OUTER_BOUND('',#7879,.F.);
#7881=ADVANCED_FACE('',(#7880),#7871,.T.);
#7882=FILL_AREA_STYLE_COLOUR('',#9);
#7883=FILL_AREA_STYLE('',(#7882));
#7884=SURFACE_STYLE_FILL_AREA(#7883);
#7885=SURFACE_SIDE_STYLE('',(#7884));
#7886=SURFACE_STYLE_USAGE(.POSITIVE.,#7885);
#7887=PRESENTATION_STYLE_ASSIGNMENT((#7886));
#7888=STYLED_ITEM('',(#7887),#7881);
#7889=CARTESIAN_POINT('',(6.35E-1,0.E0,4.E0));
#7890=DIRECTION('',(0.E0,0.E0,-1.E0));
#7891=DIRECTION('',(0.E0,1.E0,0.E0));
#7892=AXIS2_PLACEMENT_3D('',#7889,#7890,#7891);
#7893=PLANE('',#7892);
#7895=ORIENTED_EDGE('',*,*,#7894,.F.);
#7896=ORIENTED_EDGE('',*,*,#7832,.F.);
#7897=ORIENTED_EDGE('',*,*,#7854,.F.);
#7898=ORIENTED_EDGE('',*,*,#7872,.F.);
#7899=EDGE_LOOP('',(#7895,#7896,#7897,#7898));
#7900=FACE_OUTER_BOUND('',#7899,.F.);
#7901=ADVANCED_FACE('',(#7900),#7893,.F.);
#7902=FILL_AREA_STYLE_COLOUR('',#9);
#7903=FILL_AREA_STYLE('',(#7902));
#7904=SURFACE_STYLE_FILL_AREA(#7903);
#7905=SURFACE_SIDE_STYLE('',(#7904));
#7906=SURFACE_STYLE_USAGE(.POSITIVE.,#7905);
#7907=PRESENTATION_STYLE_ASSIGNMENT((#7906));
#7908=STYLED_ITEM('',(#7907),#7901);
#7909=CARTESIAN_POINT('',(6.35E-1,1.7E-1,3.85E0));
#7910=DIRECTION('',(0.E0,9.805806756909E-1,1.961161351382E-1));
#7911=DIRECTION('',(0.E0,1.961161351382E-1,-9.805806756909E-1));
#7912=AXIS2_PLACEMENT_3D('',#7909,#7910,#7911);
#7913=PLANE('',#7912);
#7914=ORIENTED_EDGE('',*,*,#7894,.T.);
#7915=ORIENTED_EDGE('',*,*,#7877,.F.);
#7916=ORIENTED_EDGE('',*,*,#7768,.F.);
#7917=ORIENTED_EDGE('',*,*,#7834,.T.);
#7918=EDGE_LOOP('',(#7914,#7915,#7916,#7917));
#7919=FACE_OUTER_BOUND('',#7918,.F.);
#7920=ADVANCED_FACE('',(#7919),#7913,.T.);
#7921=FILL_AREA_STYLE_COLOUR('',#9);
#7922=FILL_AREA_STYLE('',(#7921));
#7923=SURFACE_STYLE_FILL_AREA(#7922);
#7924=SURFACE_SIDE_STYLE('',(#7923));
#7925=SURFACE_STYLE_USAGE(.POSITIVE.,#7924);
#7926=PRESENTATION_STYLE_ASSIGNMENT((#7925));
#7927=STYLED_ITEM('',(#7926),#7920);
#7928=CARTESIAN_POINT('',(4.35E-1,-2.E-1,4.E0));
#7929=DIRECTION('',(-1.E0,0.E0,0.E0));
#7930=DIRECTION('',(0.E0,1.E0,0.E0));
#7931=AXIS2_PLACEMENT_3D('',#7928,#7929,#7930);
#7932=PLANE('',#7931);
#7934=ORIENTED_EDGE('',*,*,#7933,.T.);
#7935=ORIENTED_EDGE('',*,*,#7751,.F.);
#7936=ORIENTED_EDGE('',*,*,#3903,.F.);
#7937=ORIENTED_EDGE('',*,*,#7619,.T.);
#7938=EDGE_LOOP('',(#7934,#7935,#7936,#7937));
#7939=FACE_OUTER_BOUND('',#7938,.F.);
#7940=ADVANCED_FACE('',(#7939),#7932,.T.);
#7941=FILL_AREA_STYLE_COLOUR('',#9);
#7942=FILL_AREA_STYLE('',(#7941));
#7943=SURFACE_STYLE_FILL_AREA(#7942);
#7944=SURFACE_SIDE_STYLE('',(#7943));
#7945=SURFACE_STYLE_USAGE(.POSITIVE.,#7944);
#7946=PRESENTATION_STYLE_ASSIGNMENT((#7945));
#7947=STYLED_ITEM('',(#7946),#7940);
#7948=CARTESIAN_POINT('',(4.35E-1,-2.E-1,4.E0));
#7949=DIRECTION('',(-1.E0,0.E0,0.E0));
#7950=DIRECTION('',(0.E0,1.E0,0.E0));
#7951=AXIS2_PLACEMENT_3D('',#7948,#7949,#7950);
#7952=PLANE('',#7951);
#7953=ORIENTED_EDGE('',*,*,#7875,.T.);
#7954=ORIENTED_EDGE('',*,*,#7644,.T.);
#7955=ORIENTED_EDGE('',*,*,#4482,.T.);
#7956=ORIENTED_EDGE('',*,*,#7770,.F.);
#7957=EDGE_LOOP('',(#7953,#7954,#7955,#7956));
#7958=FACE_OUTER_BOUND('',#7957,.F.);
#7959=ADVANCED_FACE('',(#7958),#7952,.T.);
#7960=FILL_AREA_STYLE_COLOUR('',#9);
#7961=FILL_AREA_STYLE('',(#7960));
#7962=SURFACE_STYLE_FILL_AREA(#7961);
#7963=SURFACE_SIDE_STYLE('',(#7962));
#7964=SURFACE_STYLE_USAGE(.POSITIVE.,#7963);
#7965=PRESENTATION_STYLE_ASSIGNMENT((#7964));
#7966=STYLED_ITEM('',(#7965),#7959);
#7967=CARTESIAN_POINT('',(4.65E-1,0.E0,-1.65E0));
#7968=DIRECTION('',(-9.805806756909E-1,0.E0,-1.961161351382E-1));
#7969=DIRECTION('',(-1.961161351382E-1,0.E0,9.805806756909E-1));
#7970=AXIS2_PLACEMENT_3D('',#7967,#7968,#7969);
#7971=PLANE('',#7970);
#7972=ORIENTED_EDGE('',*,*,#7933,.F.);
#7973=ORIENTED_EDGE('',*,*,#7666,.T.);
#7974=ORIENTED_EDGE('',*,*,#7707,.T.);
#7975=ORIENTED_EDGE('',*,*,#7728,.F.);
#7976=EDGE_LOOP('',(#7972,#7973,#7974,#7975));
#7977=FACE_OUTER_BOUND('',#7976,.F.);
#7978=ADVANCED_FACE('',(#7977),#7971,.T.);
#7979=FILL_AREA_STYLE_COLOUR('',#9);
#7980=FILL_AREA_STYLE('',(#7979));
#7981=SURFACE_STYLE_FILL_AREA(#7980);
#7982=SURFACE_SIDE_STYLE('',(#7981));
#7983=SURFACE_STYLE_USAGE(.POSITIVE.,#7982);
#7984=PRESENTATION_STYLE_ASSIGNMENT((#7983));
#7985=STYLED_ITEM('',(#7984),#7978);
#7986=CARTESIAN_POINT('',(-4.35E-1,-2.E-1,4.E0));
#7987=DIRECTION('',(0.E0,-1.E0,0.E0));
#7988=DIRECTION('',(-1.E0,0.E0,0.E0));
#7989=AXIS2_PLACEMENT_3D('',#7986,#7987,#7988);
#7990=PLANE('',#7989);
#7992=ORIENTED_EDGE('',*,*,#7991,.T.);
#7994=ORIENTED_EDGE('',*,*,#7993,.F.);
#7995=ORIENTED_EDGE('',*,*,#3911,.F.);
#7997=ORIENTED_EDGE('',*,*,#7996,.T.);
#7998=EDGE_LOOP('',(#7992,#7994,#7995,#7997));
#7999=FACE_OUTER_BOUND('',#7998,.F.);
#8000=ADVANCED_FACE('',(#7999),#7990,.T.);
#8001=FILL_AREA_STYLE_COLOUR('',#9);
#8002=FILL_AREA_STYLE('',(#8001));
#8003=SURFACE_STYLE_FILL_AREA(#8002);
#8004=SURFACE_SIDE_STYLE('',(#8003));
#8005=SURFACE_STYLE_USAGE(.POSITIVE.,#8004);
#8006=PRESENTATION_STYLE_ASSIGNMENT((#8005));
#8007=STYLED_ITEM('',(#8006),#8000);
#8008=CARTESIAN_POINT('',(-4.35E-1,-2.E-1,4.E0));
#8009=DIRECTION('',(0.E0,-1.E0,0.E0));
#8010=DIRECTION('',(-1.E0,0.E0,0.E0));
#8011=AXIS2_PLACEMENT_3D('',#8008,#8009,#8010);
#8012=PLANE('',#8011);
#8014=ORIENTED_EDGE('',*,*,#8013,.T.);
#8016=ORIENTED_EDGE('',*,*,#8015,.T.);
#8017=ORIENTED_EDGE('',*,*,#4486,.T.);
#8019=ORIENTED_EDGE('',*,*,#8018,.F.);
#8020=EDGE_LOOP('',(#8014,#8016,#8017,#8019));
#8021=FACE_OUTER_BOUND('',#8020,.F.);
#8022=ADVANCED_FACE('',(#8021),#8012,.T.);
#8023=FILL_AREA_STYLE_COLOUR('',#9);
#8024=FILL_AREA_STYLE('',(#8023));
#8025=SURFACE_STYLE_FILL_AREA(#8024);
#8026=SURFACE_SIDE_STYLE('',(#8025));
#8027=SURFACE_STYLE_USAGE(.POSITIVE.,#8026);
#8028=PRESENTATION_STYLE_ASSIGNMENT((#8027));
#8029=STYLED_ITEM('',(#8028),#8022);
#8030=CARTESIAN_POINT('',(-6.35E-1,-1.7E-1,-1.65E0));
#8031=DIRECTION('',(0.E0,-9.805806756909E-1,-1.961161351382E-1));
#8032=DIRECTION('',(0.E0,-1.961161351382E-1,9.805806756909E-1));
#8033=AXIS2_PLACEMENT_3D('',#8030,#8031,#8032);
#8034=PLANE('',#8033);
#8035=ORIENTED_EDGE('',*,*,#7991,.F.);
#8037=ORIENTED_EDGE('',*,*,#8036,.T.);
#8039=ORIENTED_EDGE('',*,*,#8038,.T.);
#8041=ORIENTED_EDGE('',*,*,#8040,.F.);
#8042=EDGE_LOOP('',(#8035,#8037,#8039,#8041));
#8043=FACE_OUTER_BOUND('',#8042,.F.);
#8044=ADVANCED_FACE('',(#8043),#8034,.T.);
#8045=FILL_AREA_STYLE_COLOUR('',#9);
#8046=FILL_AREA_STYLE('',(#8045));
#8047=SURFACE_STYLE_FILL_AREA(#8046);
#8048=SURFACE_SIDE_STYLE('',(#8047));
#8049=SURFACE_STYLE_USAGE(.POSITIVE.,#8048);
#8050=PRESENTATION_STYLE_ASSIGNMENT((#8049));
#8051=STYLED_ITEM('',(#8050),#8044);
#8052=CARTESIAN_POINT('',(-4.65E-1,0.E0,-1.65E0));
#8053=DIRECTION('',(9.805806756909E-1,0.E0,-1.961161351382E-1));
#8054=DIRECTION('',(1.961161351382E-1,0.E0,9.805806756909E-1));
#8055=AXIS2_PLACEMENT_3D('',#8052,#8053,#8054);
#8056=PLANE('',#8055);
#8058=ORIENTED_EDGE('',*,*,#8057,.T.);
#8059=ORIENTED_EDGE('',*,*,#8036,.F.);
#8061=ORIENTED_EDGE('',*,*,#8060,.F.);
#8063=ORIENTED_EDGE('',*,*,#8062,.T.);
#8064=EDGE_LOOP('',(#8058,#8059,#8061,#8063));
#8065=FACE_OUTER_BOUND('',#8064,.F.);
#8066=ADVANCED_FACE('',(#8065),#8056,.T.);
#8067=FILL_AREA_STYLE_COLOUR('',#9);
#8068=FILL_AREA_STYLE('',(#8067));
#8069=SURFACE_STYLE_FILL_AREA(#8068);
#8070=SURFACE_SIDE_STYLE('',(#8069));
#8071=SURFACE_STYLE_USAGE(.POSITIVE.,#8070);
#8072=PRESENTATION_STYLE_ASSIGNMENT((#8071));
#8073=STYLED_ITEM('',(#8072),#8066);
#8074=CARTESIAN_POINT('',(-6.35E-1,0.E0,-1.8E0));
#8075=DIRECTION('',(0.E0,0.E0,-1.E0));
#8076=DIRECTION('',(0.E0,1.E0,0.E0));
#8077=AXIS2_PLACEMENT_3D('',#8074,#8075,#8076);
#8078=PLANE('',#8077);
#8080=ORIENTED_EDGE('',*,*,#8079,.F.);
#8082=ORIENTED_EDGE('',*,*,#8081,.F.);
#8083=ORIENTED_EDGE('',*,*,#8038,.F.);
#8084=ORIENTED_EDGE('',*,*,#8057,.F.);
#8085=EDGE_LOOP('',(#8080,#8082,#8083,#8084));
#8086=FACE_OUTER_BOUND('',#8085,.F.);
#8087=ADVANCED_FACE('',(#8086),#8078,.T.);
#8088=FILL_AREA_STYLE_COLOUR('',#9);
#8089=FILL_AREA_STYLE('',(#8088));
#8090=SURFACE_STYLE_FILL_AREA(#8089);
#8091=SURFACE_SIDE_STYLE('',(#8090));
#8092=SURFACE_STYLE_USAGE(.POSITIVE.,#8091);
#8093=PRESENTATION_STYLE_ASSIGNMENT((#8092));
#8094=STYLED_ITEM('',(#8093),#8087);
#8095=CARTESIAN_POINT('',(-6.35E-1,1.7E-1,-1.65E0));
#8096=DIRECTION('',(0.E0,9.805806756909E-1,-1.961161351382E-1));
#8097=DIRECTION('',(0.E0,1.961161351382E-1,9.805806756909E-1));
#8098=AXIS2_PLACEMENT_3D('',#8095,#8096,#8097);
#8099=PLANE('',#8098);
#8101=ORIENTED_EDGE('',*,*,#8100,.F.);
#8103=ORIENTED_EDGE('',*,*,#8102,.T.);
#8104=ORIENTED_EDGE('',*,*,#8079,.T.);
#8105=ORIENTED_EDGE('',*,*,#8062,.F.);
#8106=EDGE_LOOP('',(#8101,#8103,#8104,#8105));
#8107=FACE_OUTER_BOUND('',#8106,.F.);
#8108=ADVANCED_FACE('',(#8107),#8099,.T.);
#8109=FILL_AREA_STYLE_COLOUR('',#9);
#8110=FILL_AREA_STYLE('',(#8109));
#8111=SURFACE_STYLE_FILL_AREA(#8110);
#8112=SURFACE_SIDE_STYLE('',(#8111));
#8113=SURFACE_STYLE_USAGE(.POSITIVE.,#8112);
#8114=PRESENTATION_STYLE_ASSIGNMENT((#8113));
#8115=STYLED_ITEM('',(#8114),#8108);
#8116=CARTESIAN_POINT('',(-8.35E-1,2.E-1,4.E0));
#8117=DIRECTION('',(0.E0,1.E0,0.E0));
#8118=DIRECTION('',(1.E0,0.E0,0.E0));
#8119=AXIS2_PLACEMENT_3D('',#8116,#8117,#8118);
#8120=PLANE('',#8119);
#8121=ORIENTED_EDGE('',*,*,#8100,.T.);
#8123=ORIENTED_EDGE('',*,*,#8122,.F.);
#8124=ORIENTED_EDGE('',*,*,#3915,.F.);
#8126=ORIENTED_EDGE('',*,*,#8125,.T.);
#8127=EDGE_LOOP('',(#8121,#8123,#8124,#8126));
#8128=FACE_OUTER_BOUND('',#8127,.F.);
#8129=ADVANCED_FACE('',(#8128),#8120,.T.);
#8130=FILL_AREA_STYLE_COLOUR('',#9);
#8131=FILL_AREA_STYLE('',(#8130));
#8132=SURFACE_STYLE_FILL_AREA(#8131);
#8133=SURFACE_SIDE_STYLE('',(#8132));
#8134=SURFACE_STYLE_USAGE(.POSITIVE.,#8133);
#8135=PRESENTATION_STYLE_ASSIGNMENT((#8134));
#8136=STYLED_ITEM('',(#8135),#8129);
#8137=CARTESIAN_POINT('',(-8.35E-1,2.E-1,4.E0));
#8138=DIRECTION('',(0.E0,1.E0,0.E0));
#8139=DIRECTION('',(1.E0,0.E0,0.E0));
#8140=AXIS2_PLACEMENT_3D('',#8137,#8138,#8139);
#8141=PLANE('',#8140);
#8143=ORIENTED_EDGE('',*,*,#8142,.T.);
#8145=ORIENTED_EDGE('',*,*,#8144,.T.);
#8146=ORIENTED_EDGE('',*,*,#4490,.T.);
#8148=ORIENTED_EDGE('',*,*,#8147,.F.);
#8149=EDGE_LOOP('',(#8143,#8145,#8146,#8148));
#8150=FACE_OUTER_BOUND('',#8149,.F.);
#8151=ADVANCED_FACE('',(#8150),#8141,.T.);
#8152=FILL_AREA_STYLE_COLOUR('',#9);
#8153=FILL_AREA_STYLE('',(#8152));
#8154=SURFACE_STYLE_FILL_AREA(#8153);
#8155=SURFACE_SIDE_STYLE('',(#8154));
#8156=SURFACE_STYLE_USAGE(.POSITIVE.,#8155);
#8157=PRESENTATION_STYLE_ASSIGNMENT((#8156));
#8158=STYLED_ITEM('',(#8157),#8151);
#8159=CARTESIAN_POINT('',(-4.35E-1,2.E-1,4.E0));
#8160=DIRECTION('',(1.E0,0.E0,0.E0));
#8161=DIRECTION('',(0.E0,-1.E0,0.E0));
#8162=AXIS2_PLACEMENT_3D('',#8159,#8160,#8161);
#8163=PLANE('',#8162);
#8164=ORIENTED_EDGE('',*,*,#8060,.T.);
#8165=ORIENTED_EDGE('',*,*,#7996,.F.);
#8166=ORIENTED_EDGE('',*,*,#3917,.F.);
#8167=ORIENTED_EDGE('',*,*,#8122,.T.);
#8168=EDGE_LOOP('',(#8164,#8165,#8166,#8167));
#8169=FACE_OUTER_BOUND('',#8168,.F.);
#8170=ADVANCED_FACE('',(#8169),#8163,.T.);
#8171=FILL_AREA_STYLE_COLOUR('',#9);
#8172=FILL_AREA_STYLE('',(#8171));
#8173=SURFACE_STYLE_FILL_AREA(#8172);
#8174=SURFACE_SIDE_STYLE('',(#8173));
#8175=SURFACE_STYLE_USAGE(.POSITIVE.,#8174);
#8176=PRESENTATION_STYLE_ASSIGNMENT((#8175));
#8177=STYLED_ITEM('',(#8176),#8170);
#8178=CARTESIAN_POINT('',(-4.35E-1,2.E-1,4.E0));
#8179=DIRECTION('',(1.E0,0.E0,0.E0));
#8180=DIRECTION('',(0.E0,-1.E0,0.E0));
#8181=AXIS2_PLACEMENT_3D('',#8178,#8179,#8180);
#8182=PLANE('',#8181);
#8184=ORIENTED_EDGE('',*,*,#8183,.T.);
#8185=ORIENTED_EDGE('',*,*,#8147,.T.);
#8186=ORIENTED_EDGE('',*,*,#4488,.T.);
#8187=ORIENTED_EDGE('',*,*,#8015,.F.);
#8188=EDGE_LOOP('',(#8184,#8185,#8186,#8187));
#8189=FACE_OUTER_BOUND('',#8188,.F.);
#8190=ADVANCED_FACE('',(#8189),#8182,.T.);
#8191=FILL_AREA_STYLE_COLOUR('',#9);
#8192=FILL_AREA_STYLE('',(#8191));
#8193=SURFACE_STYLE_FILL_AREA(#8192);
#8194=SURFACE_SIDE_STYLE('',(#8193));
#8195=SURFACE_STYLE_USAGE(.POSITIVE.,#8194);
#8196=PRESENTATION_STYLE_ASSIGNMENT((#8195));
#8197=STYLED_ITEM('',(#8196),#8190);
#8198=CARTESIAN_POINT('',(-4.65E-1,0.E0,3.85E0));
#8199=DIRECTION('',(9.805806756909E-1,0.E0,1.961161351382E-1));
#8200=DIRECTION('',(1.961161351382E-1,0.E0,-9.805806756909E-1));
#8201=AXIS2_PLACEMENT_3D('',#8198,#8199,#8200);
#8202=PLANE('',#8201);
#8203=ORIENTED_EDGE('',*,*,#8183,.F.);
#8205=ORIENTED_EDGE('',*,*,#8204,.T.);
#8207=ORIENTED_EDGE('',*,*,#8206,.T.);
#8209=ORIENTED_EDGE('',*,*,#8208,.F.);
#8210=EDGE_LOOP('',(#8203,#8205,#8207,#8209));
#8211=FACE_OUTER_BOUND('',#8210,.F.);
#8212=ADVANCED_FACE('',(#8211),#8202,.T.);
#8213=FILL_AREA_STYLE_COLOUR('',#9);
#8214=FILL_AREA_STYLE('',(#8213));
#8215=SURFACE_STYLE_FILL_AREA(#8214);
#8216=SURFACE_SIDE_STYLE('',(#8215));
#8217=SURFACE_STYLE_USAGE(.POSITIVE.,#8216);
#8218=PRESENTATION_STYLE_ASSIGNMENT((#8217));
#8219=STYLED_ITEM('',(#8218),#8212);
#8220=CARTESIAN_POINT('',(-6.35E-1,-1.7E-1,3.85E0));
#8221=DIRECTION('',(0.E0,-9.805806756909E-1,1.961161351382E-1));
#8222=DIRECTION('',(0.E0,-1.961161351382E-1,-9.805806756909E-1));
#8223=AXIS2_PLACEMENT_3D('',#8220,#8221,#8222);
#8224=PLANE('',#8223);
#8225=ORIENTED_EDGE('',*,*,#8013,.F.);
#8227=ORIENTED_EDGE('',*,*,#8226,.T.);
#8229=ORIENTED_EDGE('',*,*,#8228,.T.);
#8230=ORIENTED_EDGE('',*,*,#8204,.F.);
#8231=EDGE_LOOP('',(#8225,#8227,#8229,#8230));
#8232=FACE_OUTER_BOUND('',#8231,.F.);
#8233=ADVANCED_FACE('',(#8232),#8224,.T.);
#8234=FILL_AREA_STYLE_COLOUR('',#9);
#8235=FILL_AREA_STYLE('',(#8234));
#8236=SURFACE_STYLE_FILL_AREA(#8235);
#8237=SURFACE_SIDE_STYLE('',(#8236));
#8238=SURFACE_STYLE_USAGE(.POSITIVE.,#8237);
#8239=PRESENTATION_STYLE_ASSIGNMENT((#8238));
#8240=STYLED_ITEM('',(#8239),#8233);
#8241=CARTESIAN_POINT('',(-8.05E-1,0.E0,3.85E0));
#8242=DIRECTION('',(-9.805806756909E-1,0.E0,1.961161351382E-1));
#8243=DIRECTION('',(-1.961161351382E-1,0.E0,-9.805806756909E-1));
#8244=AXIS2_PLACEMENT_3D('',#8241,#8242,#8243);
#8245=PLANE('',#8244);
#8247=ORIENTED_EDGE('',*,*,#8246,.T.);
#8248=ORIENTED_EDGE('',*,*,#8226,.F.);
#8250=ORIENTED_EDGE('',*,*,#8249,.F.);
#8252=ORIENTED_EDGE('',*,*,#8251,.T.);
#8253=EDGE_LOOP('',(#8247,#8248,#8250,#8252));
#8254=FACE_OUTER_BOUND('',#8253,.F.);
#8255=ADVANCED_FACE('',(#8254),#8245,.T.);
#8256=FILL_AREA_STYLE_COLOUR('',#9);
#8257=FILL_AREA_STYLE('',(#8256));
#8258=SURFACE_STYLE_FILL_AREA(#8257);
#8259=SURFACE_SIDE_STYLE('',(#8258));
#8260=SURFACE_STYLE_USAGE(.POSITIVE.,#8259);
#8261=PRESENTATION_STYLE_ASSIGNMENT((#8260));
#8262=STYLED_ITEM('',(#8261),#8255);
#8263=CARTESIAN_POINT('',(-6.35E-1,0.E0,4.E0));
#8264=DIRECTION('',(0.E0,0.E0,-1.E0));
#8265=DIRECTION('',(0.E0,1.E0,0.E0));
#8266=AXIS2_PLACEMENT_3D('',#8263,#8264,#8265);
#8267=PLANE('',#8266);
#8269=ORIENTED_EDGE('',*,*,#8268,.F.);
#8270=ORIENTED_EDGE('',*,*,#8206,.F.);
#8271=ORIENTED_EDGE('',*,*,#8228,.F.);
#8272=ORIENTED_EDGE('',*,*,#8246,.F.);
#8273=EDGE_LOOP('',(#8269,#8270,#8271,#8272));
#8274=FACE_OUTER_BOUND('',#8273,.F.);
#8275=ADVANCED_FACE('',(#8274),#8267,.F.);
#8276=FILL_AREA_STYLE_COLOUR('',#9);
#8277=FILL_AREA_STYLE('',(#8276));
#8278=SURFACE_STYLE_FILL_AREA(#8277);
#8279=SURFACE_SIDE_STYLE('',(#8278));
#8280=SURFACE_STYLE_USAGE(.POSITIVE.,#8279);
#8281=PRESENTATION_STYLE_ASSIGNMENT((#8280));
#8282=STYLED_ITEM('',(#8281),#8275);
#8283=CARTESIAN_POINT('',(-6.35E-1,1.7E-1,3.85E0));
#8284=DIRECTION('',(0.E0,9.805806756909E-1,1.961161351382E-1));
#8285=DIRECTION('',(0.E0,1.961161351382E-1,-9.805806756909E-1));
#8286=AXIS2_PLACEMENT_3D('',#8283,#8284,#8285);
#8287=PLANE('',#8286);
#8288=ORIENTED_EDGE('',*,*,#8268,.T.);
#8289=ORIENTED_EDGE('',*,*,#8251,.F.);
#8290=ORIENTED_EDGE('',*,*,#8142,.F.);
#8291=ORIENTED_EDGE('',*,*,#8208,.T.);
#8292=EDGE_LOOP('',(#8288,#8289,#8290,#8291));
#8293=FACE_OUTER_BOUND('',#8292,.F.);
#8294=ADVANCED_FACE('',(#8293),#8287,.T.);
#8295=FILL_AREA_STYLE_COLOUR('',#9);
#8296=FILL_AREA_STYLE('',(#8295));
#8297=SURFACE_STYLE_FILL_AREA(#8296);
#8298=SURFACE_SIDE_STYLE('',(#8297));
#8299=SURFACE_STYLE_USAGE(.POSITIVE.,#8298);
#8300=PRESENTATION_STYLE_ASSIGNMENT((#8299));
#8301=STYLED_ITEM('',(#8300),#8294);
#8302=CARTESIAN_POINT('',(-8.35E-1,-2.E-1,4.E0));
#8303=DIRECTION('',(-1.E0,0.E0,0.E0));
#8304=DIRECTION('',(0.E0,1.E0,0.E0));
#8305=AXIS2_PLACEMENT_3D('',#8302,#8303,#8304);
#8306=PLANE('',#8305);
#8308=ORIENTED_EDGE('',*,*,#8307,.T.);
#8309=ORIENTED_EDGE('',*,*,#8125,.F.);
#8310=ORIENTED_EDGE('',*,*,#3913,.F.);
#8311=ORIENTED_EDGE('',*,*,#7993,.T.);
#8312=EDGE_LOOP('',(#8308,#8309,#8310,#8311));
#8313=FACE_OUTER_BOUND('',#8312,.F.);
#8314=ADVANCED_FACE('',(#8313),#8306,.T.);
#8315=FILL_AREA_STYLE_COLOUR('',#9);
#8316=FILL_AREA_STYLE('',(#8315));
#8317=SURFACE_STYLE_FILL_AREA(#8316);
#8318=SURFACE_SIDE_STYLE('',(#8317));
#8319=SURFACE_STYLE_USAGE(.POSITIVE.,#8318);
#8320=PRESENTATION_STYLE_ASSIGNMENT((#8319));
#8321=STYLED_ITEM('',(#8320),#8314);
#8322=CARTESIAN_POINT('',(-8.35E-1,-2.E-1,4.E0));
#8323=DIRECTION('',(-1.E0,0.E0,0.E0));
#8324=DIRECTION('',(0.E0,1.E0,0.E0));
#8325=AXIS2_PLACEMENT_3D('',#8322,#8323,#8324);
#8326=PLANE('',#8325);
#8327=ORIENTED_EDGE('',*,*,#8249,.T.);
#8328=ORIENTED_EDGE('',*,*,#8018,.T.);
#8329=ORIENTED_EDGE('',*,*,#4492,.T.);
#8330=ORIENTED_EDGE('',*,*,#8144,.F.);
#8331=EDGE_LOOP('',(#8327,#8328,#8329,#8330));
#8332=FACE_OUTER_BOUND('',#8331,.F.);
#8333=ADVANCED_FACE('',(#8332),#8326,.T.);
#8334=FILL_AREA_STYLE_COLOUR('',#9);
#8335=FILL_AREA_STYLE('',(#8334));
#8336=SURFACE_STYLE_FILL_AREA(#8335);
#8337=SURFACE_SIDE_STYLE('',(#8336));
#8338=SURFACE_STYLE_USAGE(.POSITIVE.,#8337);
#8339=PRESENTATION_STYLE_ASSIGNMENT((#8338));
#8340=STYLED_ITEM('',(#8339),#8333);
#8341=CARTESIAN_POINT('',(-8.05E-1,0.E0,-1.65E0));
#8342=DIRECTION('',(-9.805806756909E-1,0.E0,-1.961161351382E-1));
#8343=DIRECTION('',(-1.961161351382E-1,0.E0,9.805806756909E-1));
#8344=AXIS2_PLACEMENT_3D('',#8341,#8342,#8343);
#8345=PLANE('',#8344);
#8346=ORIENTED_EDGE('',*,*,#8307,.F.);
#8347=ORIENTED_EDGE('',*,*,#8040,.T.);
#8348=ORIENTED_EDGE('',*,*,#8081,.T.);
#8349=ORIENTED_EDGE('',*,*,#8102,.F.);
#8350=EDGE_LOOP('',(#8346,#8347,#8348,#8349));
#8351=FACE_OUTER_BOUND('',#8350,.F.);
#8352=ADVANCED_FACE('',(#8351),#8345,.T.);
#8353=FILL_AREA_STYLE_COLOUR('',#9);
#8354=FILL_AREA_STYLE('',(#8353));
#8355=SURFACE_STYLE_FILL_AREA(#8354);
#8356=SURFACE_SIDE_STYLE('',(#8355));
#8357=SURFACE_STYLE_USAGE(.POSITIVE.,#8356);
#8358=PRESENTATION_STYLE_ASSIGNMENT((#8357));
#8359=STYLED_ITEM('',(#8358),#8352);
#8360=CARTESIAN_POINT('',(-1.705E0,-2.E-1,4.E0));
#8361=DIRECTION('',(0.E0,-1.E0,0.E0));
#8362=DIRECTION('',(-1.E0,0.E0,0.E0));
#8363=AXIS2_PLACEMENT_3D('',#8360,#8361,#8362);
#8364=PLANE('',#8363);
#8366=ORIENTED_EDGE('',*,*,#8365,.T.);
#8368=ORIENTED_EDGE('',*,*,#8367,.F.);
#8369=ORIENTED_EDGE('',*,*,#3921,.F.);
#8371=ORIENTED_EDGE('',*,*,#8370,.T.);
#8372=EDGE_LOOP('',(#8366,#8368,#8369,#8371));
#8373=FACE_OUTER_BOUND('',#8372,.F.);
#8374=ADVANCED_FACE('',(#8373),#8364,.T.);
#8375=FILL_AREA_STYLE_COLOUR('',#9);
#8376=FILL_AREA_STYLE('',(#8375));
#8377=SURFACE_STYLE_FILL_AREA(#8376);
#8378=SURFACE_SIDE_STYLE('',(#8377));
#8379=SURFACE_STYLE_USAGE(.POSITIVE.,#8378);
#8380=PRESENTATION_STYLE_ASSIGNMENT((#8379));
#8381=STYLED_ITEM('',(#8380),#8374);
#8382=CARTESIAN_POINT('',(-1.705E0,-2.E-1,4.E0));
#8383=DIRECTION('',(0.E0,-1.E0,0.E0));
#8384=DIRECTION('',(-1.E0,0.E0,0.E0));
#8385=AXIS2_PLACEMENT_3D('',#8382,#8383,#8384);
#8386=PLANE('',#8385);
#8388=ORIENTED_EDGE('',*,*,#8387,.T.);
#8390=ORIENTED_EDGE('',*,*,#8389,.T.);
#8391=ORIENTED_EDGE('',*,*,#4496,.T.);
#8393=ORIENTED_EDGE('',*,*,#8392,.F.);
#8394=EDGE_LOOP('',(#8388,#8390,#8391,#8393));
#8395=FACE_OUTER_BOUND('',#8394,.F.);
#8396=ADVANCED_FACE('',(#8395),#8386,.T.);
#8397=FILL_AREA_STYLE_COLOUR('',#9);
#8398=FILL_AREA_STYLE('',(#8397));
#8399=SURFACE_STYLE_FILL_AREA(#8398);
#8400=SURFACE_SIDE_STYLE('',(#8399));
#8401=SURFACE_STYLE_USAGE(.POSITIVE.,#8400);
#8402=PRESENTATION_STYLE_ASSIGNMENT((#8401));
#8403=STYLED_ITEM('',(#8402),#8396);
#8404=CARTESIAN_POINT('',(-1.905E0,-1.7E-1,-1.65E0));
#8405=DIRECTION('',(0.E0,-9.805806756909E-1,-1.961161351382E-1));
#8406=DIRECTION('',(0.E0,-1.961161351382E-1,9.805806756909E-1));
#8407=AXIS2_PLACEMENT_3D('',#8404,#8405,#8406);
#8408=PLANE('',#8407);
#8409=ORIENTED_EDGE('',*,*,#8365,.F.);
#8411=ORIENTED_EDGE('',*,*,#8410,.T.);
#8413=ORIENTED_EDGE('',*,*,#8412,.T.);
#8415=ORIENTED_EDGE('',*,*,#8414,.F.);
#8416=EDGE_LOOP('',(#8409,#8411,#8413,#8415));
#8417=FACE_OUTER_BOUND('',#8416,.F.);
#8418=ADVANCED_FACE('',(#8417),#8408,.T.);
#8419=FILL_AREA_STYLE_COLOUR('',#9);
#8420=FILL_AREA_STYLE('',(#8419));
#8421=SURFACE_STYLE_FILL_AREA(#8420);
#8422=SURFACE_SIDE_STYLE('',(#8421));
#8423=SURFACE_STYLE_USAGE(.POSITIVE.,#8422);
#8424=PRESENTATION_STYLE_ASSIGNMENT((#8423));
#8425=STYLED_ITEM('',(#8424),#8418);
#8426=CARTESIAN_POINT('',(-1.735E0,0.E0,-1.65E0));
#8427=DIRECTION('',(9.805806756909E-1,0.E0,-1.961161351382E-1));
#8428=DIRECTION('',(1.961161351382E-1,0.E0,9.805806756909E-1));
#8429=AXIS2_PLACEMENT_3D('',#8426,#8427,#8428);
#8430=PLANE('',#8429);
#8432=ORIENTED_EDGE('',*,*,#8431,.T.);
#8433=ORIENTED_EDGE('',*,*,#8410,.F.);
#8435=ORIENTED_EDGE('',*,*,#8434,.F.);
#8437=ORIENTED_EDGE('',*,*,#8436,.T.);
#8438=EDGE_LOOP('',(#8432,#8433,#8435,#8437));
#8439=FACE_OUTER_BOUND('',#8438,.F.);
#8440=ADVANCED_FACE('',(#8439),#8430,.T.);
#8441=FILL_AREA_STYLE_COLOUR('',#9);
#8442=FILL_AREA_STYLE('',(#8441));
#8443=SURFACE_STYLE_FILL_AREA(#8442);
#8444=SURFACE_SIDE_STYLE('',(#8443));
#8445=SURFACE_STYLE_USAGE(.POSITIVE.,#8444);
#8446=PRESENTATION_STYLE_ASSIGNMENT((#8445));
#8447=STYLED_ITEM('',(#8446),#8440);
#8448=CARTESIAN_POINT('',(-1.905E0,0.E0,-1.8E0));
#8449=DIRECTION('',(0.E0,0.E0,-1.E0));
#8450=DIRECTION('',(0.E0,1.E0,0.E0));
#8451=AXIS2_PLACEMENT_3D('',#8448,#8449,#8450);
#8452=PLANE('',#8451);
#8454=ORIENTED_EDGE('',*,*,#8453,.F.);
#8456=ORIENTED_EDGE('',*,*,#8455,.F.);
#8457=ORIENTED_EDGE('',*,*,#8412,.F.);
#8458=ORIENTED_EDGE('',*,*,#8431,.F.);
#8459=EDGE_LOOP('',(#8454,#8456,#8457,#8458));
#8460=FACE_OUTER_BOUND('',#8459,.F.);
#8461=ADVANCED_FACE('',(#8460),#8452,.T.);
#8462=FILL_AREA_STYLE_COLOUR('',#9);
#8463=FILL_AREA_STYLE('',(#8462));
#8464=SURFACE_STYLE_FILL_AREA(#8463);
#8465=SURFACE_SIDE_STYLE('',(#8464));
#8466=SURFACE_STYLE_USAGE(.POSITIVE.,#8465);
#8467=PRESENTATION_STYLE_ASSIGNMENT((#8466));
#8468=STYLED_ITEM('',(#8467),#8461);
#8469=CARTESIAN_POINT('',(-1.905E0,1.7E-1,-1.65E0));
#8470=DIRECTION('',(0.E0,9.805806756909E-1,-1.961161351382E-1));
#8471=DIRECTION('',(0.E0,1.961161351382E-1,9.805806756909E-1));
#8472=AXIS2_PLACEMENT_3D('',#8469,#8470,#8471);
#8473=PLANE('',#8472);
#8475=ORIENTED_EDGE('',*,*,#8474,.F.);
#8477=ORIENTED_EDGE('',*,*,#8476,.T.);
#8478=ORIENTED_EDGE('',*,*,#8453,.T.);
#8479=ORIENTED_EDGE('',*,*,#8436,.F.);
#8480=EDGE_LOOP('',(#8475,#8477,#8478,#8479));
#8481=FACE_OUTER_BOUND('',#8480,.F.);
#8482=ADVANCED_FACE('',(#8481),#8473,.T.);
#8483=FILL_AREA_STYLE_COLOUR('',#9);
#8484=FILL_AREA_STYLE('',(#8483));
#8485=SURFACE_STYLE_FILL_AREA(#8484);
#8486=SURFACE_SIDE_STYLE('',(#8485));
#8487=SURFACE_STYLE_USAGE(.POSITIVE.,#8486);
#8488=PRESENTATION_STYLE_ASSIGNMENT((#8487));
#8489=STYLED_ITEM('',(#8488),#8482);
#8490=CARTESIAN_POINT('',(-2.105E0,2.E-1,4.E0));
#8491=DIRECTION('',(0.E0,1.E0,0.E0));
#8492=DIRECTION('',(1.E0,0.E0,0.E0));
#8493=AXIS2_PLACEMENT_3D('',#8490,#8491,#8492);
#8494=PLANE('',#8493);
#8495=ORIENTED_EDGE('',*,*,#8474,.T.);
#8497=ORIENTED_EDGE('',*,*,#8496,.F.);
#8498=ORIENTED_EDGE('',*,*,#3925,.F.);
#8500=ORIENTED_EDGE('',*,*,#8499,.T.);
#8501=EDGE_LOOP('',(#8495,#8497,#8498,#8500));
#8502=FACE_OUTER_BOUND('',#8501,.F.);
#8503=ADVANCED_FACE('',(#8502),#8494,.T.);
#8504=FILL_AREA_STYLE_COLOUR('',#9);
#8505=FILL_AREA_STYLE('',(#8504));
#8506=SURFACE_STYLE_FILL_AREA(#8505);
#8507=SURFACE_SIDE_STYLE('',(#8506));
#8508=SURFACE_STYLE_USAGE(.POSITIVE.,#8507);
#8509=PRESENTATION_STYLE_ASSIGNMENT((#8508));
#8510=STYLED_ITEM('',(#8509),#8503);
#8511=CARTESIAN_POINT('',(-2.105E0,2.E-1,4.E0));
#8512=DIRECTION('',(0.E0,1.E0,0.E0));
#8513=DIRECTION('',(1.E0,0.E0,0.E0));
#8514=AXIS2_PLACEMENT_3D('',#8511,#8512,#8513);
#8515=PLANE('',#8514);
#8517=ORIENTED_EDGE('',*,*,#8516,.T.);
#8519=ORIENTED_EDGE('',*,*,#8518,.T.);
#8520=ORIENTED_EDGE('',*,*,#4500,.T.);
#8522=ORIENTED_EDGE('',*,*,#8521,.F.);
#8523=EDGE_LOOP('',(#8517,#8519,#8520,#8522));
#8524=FACE_OUTER_BOUND('',#8523,.F.);
#8525=ADVANCED_FACE('',(#8524),#8515,.T.);
#8526=FILL_AREA_STYLE_COLOUR('',#9);
#8527=FILL_AREA_STYLE('',(#8526));
#8528=SURFACE_STYLE_FILL_AREA(#8527);
#8529=SURFACE_SIDE_STYLE('',(#8528));
#8530=SURFACE_STYLE_USAGE(.POSITIVE.,#8529);
#8531=PRESENTATION_STYLE_ASSIGNMENT((#8530));
#8532=STYLED_ITEM('',(#8531),#8525);
#8533=CARTESIAN_POINT('',(-1.705E0,2.E-1,4.E0));
#8534=DIRECTION('',(1.E0,0.E0,0.E0));
#8535=DIRECTION('',(0.E0,-1.E0,0.E0));
#8536=AXIS2_PLACEMENT_3D('',#8533,#8534,#8535);
#8537=PLANE('',#8536);
#8538=ORIENTED_EDGE('',*,*,#8434,.T.);
#8539=ORIENTED_EDGE('',*,*,#8370,.F.);
#8540=ORIENTED_EDGE('',*,*,#3927,.F.);
#8541=ORIENTED_EDGE('',*,*,#8496,.T.);
#8542=EDGE_LOOP('',(#8538,#8539,#8540,#8541));
#8543=FACE_OUTER_BOUND('',#8542,.F.);
#8544=ADVANCED_FACE('',(#8543),#8537,.T.);
#8545=FILL_AREA_STYLE_COLOUR('',#9);
#8546=FILL_AREA_STYLE('',(#8545));
#8547=SURFACE_STYLE_FILL_AREA(#8546);
#8548=SURFACE_SIDE_STYLE('',(#8547));
#8549=SURFACE_STYLE_USAGE(.POSITIVE.,#8548);
#8550=PRESENTATION_STYLE_ASSIGNMENT((#8549));
#8551=STYLED_ITEM('',(#8550),#8544);
#8552=CARTESIAN_POINT('',(-1.705E0,2.E-1,4.E0));
#8553=DIRECTION('',(1.E0,0.E0,0.E0));
#8554=DIRECTION('',(0.E0,-1.E0,0.E0));
#8555=AXIS2_PLACEMENT_3D('',#8552,#8553,#8554);
#8556=PLANE('',#8555);
#8558=ORIENTED_EDGE('',*,*,#8557,.T.);
#8559=ORIENTED_EDGE('',*,*,#8521,.T.);
#8560=ORIENTED_EDGE('',*,*,#4498,.T.);
#8561=ORIENTED_EDGE('',*,*,#8389,.F.);
#8562=EDGE_LOOP('',(#8558,#8559,#8560,#8561));
#8563=FACE_OUTER_BOUND('',#8562,.F.);
#8564=ADVANCED_FACE('',(#8563),#8556,.T.);
#8565=FILL_AREA_STYLE_COLOUR('',#9);
#8566=FILL_AREA_STYLE('',(#8565));
#8567=SURFACE_STYLE_FILL_AREA(#8566);
#8568=SURFACE_SIDE_STYLE('',(#8567));
#8569=SURFACE_STYLE_USAGE(.POSITIVE.,#8568);
#8570=PRESENTATION_STYLE_ASSIGNMENT((#8569));
#8571=STYLED_ITEM('',(#8570),#8564);
#8572=CARTESIAN_POINT('',(-1.735E0,0.E0,3.85E0));
#8573=DIRECTION('',(9.805806756909E-1,0.E0,1.961161351382E-1));
#8574=DIRECTION('',(1.961161351382E-1,0.E0,-9.805806756909E-1));
#8575=AXIS2_PLACEMENT_3D('',#8572,#8573,#8574);
#8576=PLANE('',#8575);
#8577=ORIENTED_EDGE('',*,*,#8557,.F.);
#8579=ORIENTED_EDGE('',*,*,#8578,.T.);
#8581=ORIENTED_EDGE('',*,*,#8580,.T.);
#8583=ORIENTED_EDGE('',*,*,#8582,.F.);
#8584=EDGE_LOOP('',(#8577,#8579,#8581,#8583));
#8585=FACE_OUTER_BOUND('',#8584,.F.);
#8586=ADVANCED_FACE('',(#8585),#8576,.T.);
#8587=FILL_AREA_STYLE_COLOUR('',#9);
#8588=FILL_AREA_STYLE('',(#8587));
#8589=SURFACE_STYLE_FILL_AREA(#8588);
#8590=SURFACE_SIDE_STYLE('',(#8589));
#8591=SURFACE_STYLE_USAGE(.POSITIVE.,#8590);
#8592=PRESENTATION_STYLE_ASSIGNMENT((#8591));
#8593=STYLED_ITEM('',(#8592),#8586);
#8594=CARTESIAN_POINT('',(-1.905E0,-1.7E-1,3.85E0));
#8595=DIRECTION('',(0.E0,-9.805806756909E-1,1.961161351382E-1));
#8596=DIRECTION('',(0.E0,-1.961161351382E-1,-9.805806756909E-1));
#8597=AXIS2_PLACEMENT_3D('',#8594,#8595,#8596);
#8598=PLANE('',#8597);
#8599=ORIENTED_EDGE('',*,*,#8387,.F.);
#8601=ORIENTED_EDGE('',*,*,#8600,.T.);
#8603=ORIENTED_EDGE('',*,*,#8602,.T.);
#8604=ORIENTED_EDGE('',*,*,#8578,.F.);
#8605=EDGE_LOOP('',(#8599,#8601,#8603,#8604));
#8606=FACE_OUTER_BOUND('',#8605,.F.);
#8607=ADVANCED_FACE('',(#8606),#8598,.T.);
#8608=FILL_AREA_STYLE_COLOUR('',#9);
#8609=FILL_AREA_STYLE('',(#8608));
#8610=SURFACE_STYLE_FILL_AREA(#8609);
#8611=SURFACE_SIDE_STYLE('',(#8610));
#8612=SURFACE_STYLE_USAGE(.POSITIVE.,#8611);
#8613=PRESENTATION_STYLE_ASSIGNMENT((#8612));
#8614=STYLED_ITEM('',(#8613),#8607);
#8615=CARTESIAN_POINT('',(-2.075E0,0.E0,3.85E0));
#8616=DIRECTION('',(-9.805806756909E-1,0.E0,1.961161351382E-1));
#8617=DIRECTION('',(-1.961161351382E-1,0.E0,-9.805806756909E-1));
#8618=AXIS2_PLACEMENT_3D('',#8615,#8616,#8617);
#8619=PLANE('',#8618);
#8621=ORIENTED_EDGE('',*,*,#8620,.T.);
#8622=ORIENTED_EDGE('',*,*,#8600,.F.);
#8624=ORIENTED_EDGE('',*,*,#8623,.F.);
#8626=ORIENTED_EDGE('',*,*,#8625,.T.);
#8627=EDGE_LOOP('',(#8621,#8622,#8624,#8626));
#8628=FACE_OUTER_BOUND('',#8627,.F.);
#8629=ADVANCED_FACE('',(#8628),#8619,.T.);
#8630=FILL_AREA_STYLE_COLOUR('',#9);
#8631=FILL_AREA_STYLE('',(#8630));
#8632=SURFACE_STYLE_FILL_AREA(#8631);
#8633=SURFACE_SIDE_STYLE('',(#8632));
#8634=SURFACE_STYLE_USAGE(.POSITIVE.,#8633);
#8635=PRESENTATION_STYLE_ASSIGNMENT((#8634));
#8636=STYLED_ITEM('',(#8635),#8629);
#8637=CARTESIAN_POINT('',(-1.905E0,0.E0,4.E0));
#8638=DIRECTION('',(0.E0,0.E0,-1.E0));
#8639=DIRECTION('',(0.E0,1.E0,0.E0));
#8640=AXIS2_PLACEMENT_3D('',#8637,#8638,#8639);
#8641=PLANE('',#8640);
#8643=ORIENTED_EDGE('',*,*,#8642,.F.);
#8644=ORIENTED_EDGE('',*,*,#8580,.F.);
#8645=ORIENTED_EDGE('',*,*,#8602,.F.);
#8646=ORIENTED_EDGE('',*,*,#8620,.F.);
#8647=EDGE_LOOP('',(#8643,#8644,#8645,#8646));
#8648=FACE_OUTER_BOUND('',#8647,.F.);
#8649=ADVANCED_FACE('',(#8648),#8641,.F.);
#8650=FILL_AREA_STYLE_COLOUR('',#9);
#8651=FILL_AREA_STYLE('',(#8650));
#8652=SURFACE_STYLE_FILL_AREA(#8651);
#8653=SURFACE_SIDE_STYLE('',(#8652));
#8654=SURFACE_STYLE_USAGE(.POSITIVE.,#8653);
#8655=PRESENTATION_STYLE_ASSIGNMENT((#8654));
#8656=STYLED_ITEM('',(#8655),#8649);
#8657=CARTESIAN_POINT('',(-1.905E0,1.7E-1,3.85E0));
#8658=DIRECTION('',(0.E0,9.805806756909E-1,1.961161351382E-1));
#8659=DIRECTION('',(0.E0,1.961161351382E-1,-9.805806756909E-1));
#8660=AXIS2_PLACEMENT_3D('',#8657,#8658,#8659);
#8661=PLANE('',#8660);
#8662=ORIENTED_EDGE('',*,*,#8642,.T.);
#8663=ORIENTED_EDGE('',*,*,#8625,.F.);
#8664=ORIENTED_EDGE('',*,*,#8516,.F.);
#8665=ORIENTED_EDGE('',*,*,#8582,.T.);
#8666=EDGE_LOOP('',(#8662,#8663,#8664,#8665));
#8667=FACE_OUTER_BOUND('',#8666,.F.);
#8668=ADVANCED_FACE('',(#8667),#8661,.T.);
#8669=FILL_AREA_STYLE_COLOUR('',#9);
#8670=FILL_AREA_STYLE('',(#8669));
#8671=SURFACE_STYLE_FILL_AREA(#8670);
#8672=SURFACE_SIDE_STYLE('',(#8671));
#8673=SURFACE_STYLE_USAGE(.POSITIVE.,#8672);
#8674=PRESENTATION_STYLE_ASSIGNMENT((#8673));
#8675=STYLED_ITEM('',(#8674),#8668);
#8676=CARTESIAN_POINT('',(-2.105E0,-2.E-1,4.E0));
#8677=DIRECTION('',(-1.E0,0.E0,0.E0));
#8678=DIRECTION('',(0.E0,1.E0,0.E0));
#8679=AXIS2_PLACEMENT_3D('',#8676,#8677,#8678);
#8680=PLANE('',#8679);
#8682=ORIENTED_EDGE('',*,*,#8681,.T.);
#8683=ORIENTED_EDGE('',*,*,#8499,.F.);
#8684=ORIENTED_EDGE('',*,*,#3923,.F.);
#8685=ORIENTED_EDGE('',*,*,#8367,.T.);
#8686=EDGE_LOOP('',(#8682,#8683,#8684,#8685));
#8687=FACE_OUTER_BOUND('',#8686,.F.);
#8688=ADVANCED_FACE('',(#8687),#8680,.T.);
#8689=FILL_AREA_STYLE_COLOUR('',#9);
#8690=FILL_AREA_STYLE('',(#8689));
#8691=SURFACE_STYLE_FILL_AREA(#8690);
#8692=SURFACE_SIDE_STYLE('',(#8691));
#8693=SURFACE_STYLE_USAGE(.POSITIVE.,#8692);
#8694=PRESENTATION_STYLE_ASSIGNMENT((#8693));
#8695=STYLED_ITEM('',(#8694),#8688);
#8696=CARTESIAN_POINT('',(-2.105E0,-2.E-1,4.E0));
#8697=DIRECTION('',(-1.E0,0.E0,0.E0));
#8698=DIRECTION('',(0.E0,1.E0,0.E0));
#8699=AXIS2_PLACEMENT_3D('',#8696,#8697,#8698);
#8700=PLANE('',#8699);
#8701=ORIENTED_EDGE('',*,*,#8623,.T.);
#8702=ORIENTED_EDGE('',*,*,#8392,.T.);
#8703=ORIENTED_EDGE('',*,*,#4502,.T.);
#8704=ORIENTED_EDGE('',*,*,#8518,.F.);
#8705=EDGE_LOOP('',(#8701,#8702,#8703,#8704));
#8706=FACE_OUTER_BOUND('',#8705,.F.);
#8707=ADVANCED_FACE('',(#8706),#8700,.T.);
#8708=FILL_AREA_STYLE_COLOUR('',#9);
#8709=FILL_AREA_STYLE('',(#8708));
#8710=SURFACE_STYLE_FILL_AREA(#8709);
#8711=SURFACE_SIDE_STYLE('',(#8710));
#8712=SURFACE_STYLE_USAGE(.POSITIVE.,#8711);
#8713=PRESENTATION_STYLE_ASSIGNMENT((#8712));
#8714=STYLED_ITEM('',(#8713),#8707);
#8715=CARTESIAN_POINT('',(-2.075E0,0.E0,-1.65E0));
#8716=DIRECTION('',(-9.805806756909E-1,0.E0,-1.961161351382E-1));
#8717=DIRECTION('',(-1.961161351382E-1,0.E0,9.805806756909E-1));
#8718=AXIS2_PLACEMENT_3D('',#8715,#8716,#8717);
#8719=PLANE('',#8718);
#8720=ORIENTED_EDGE('',*,*,#8681,.F.);
#8721=ORIENTED_EDGE('',*,*,#8414,.T.);
#8722=ORIENTED_EDGE('',*,*,#8455,.T.);
#8723=ORIENTED_EDGE('',*,*,#8476,.F.);
#8724=EDGE_LOOP('',(#8720,#8721,#8722,#8723));
#8725=FACE_OUTER_BOUND('',#8724,.F.);
#8726=ADVANCED_FACE('',(#8725),#8719,.T.);
#8727=FILL_AREA_STYLE_COLOUR('',#9);
#8728=FILL_AREA_STYLE('',(#8727));
#8729=SURFACE_STYLE_FILL_AREA(#8728);
#8730=SURFACE_SIDE_STYLE('',(#8729));
#8731=SURFACE_STYLE_USAGE(.POSITIVE.,#8730);
#8732=PRESENTATION_STYLE_ASSIGNMENT((#8731));
#8733=STYLED_ITEM('',(#8732),#8726);
#8734=CARTESIAN_POINT('',(-2.975E0,-2.E-1,4.E0));
#8735=DIRECTION('',(0.E0,-1.E0,0.E0));
#8736=DIRECTION('',(-1.E0,0.E0,0.E0));
#8737=AXIS2_PLACEMENT_3D('',#8734,#8735,#8736);
#8738=PLANE('',#8737);
#8740=ORIENTED_EDGE('',*,*,#8739,.T.);
#8742=ORIENTED_EDGE('',*,*,#8741,.F.);
#8743=ORIENTED_EDGE('',*,*,#3931,.F.);
#8745=ORIENTED_EDGE('',*,*,#8744,.T.);
#8746=EDGE_LOOP('',(#8740,#8742,#8743,#8745));
#8747=FACE_OUTER_BOUND('',#8746,.F.);
#8748=ADVANCED_FACE('',(#8747),#8738,.T.);
#8749=FILL_AREA_STYLE_COLOUR('',#9);
#8750=FILL_AREA_STYLE('',(#8749));
#8751=SURFACE_STYLE_FILL_AREA(#8750);
#8752=SURFACE_SIDE_STYLE('',(#8751));
#8753=SURFACE_STYLE_USAGE(.POSITIVE.,#8752);
#8754=PRESENTATION_STYLE_ASSIGNMENT((#8753));
#8755=STYLED_ITEM('',(#8754),#8748);
#8756=CARTESIAN_POINT('',(-2.975E0,-2.E-1,4.E0));
#8757=DIRECTION('',(0.E0,-1.E0,0.E0));
#8758=DIRECTION('',(-1.E0,0.E0,0.E0));
#8759=AXIS2_PLACEMENT_3D('',#8756,#8757,#8758);
#8760=PLANE('',#8759);
#8762=ORIENTED_EDGE('',*,*,#8761,.T.);
#8764=ORIENTED_EDGE('',*,*,#8763,.T.);
#8765=ORIENTED_EDGE('',*,*,#4506,.T.);
#8767=ORIENTED_EDGE('',*,*,#8766,.F.);
#8768=EDGE_LOOP('',(#8762,#8764,#8765,#8767));
#8769=FACE_OUTER_BOUND('',#8768,.F.);
#8770=ADVANCED_FACE('',(#8769),#8760,.T.);
#8771=FILL_AREA_STYLE_COLOUR('',#9);
#8772=FILL_AREA_STYLE('',(#8771));
#8773=SURFACE_STYLE_FILL_AREA(#8772);
#8774=SURFACE_SIDE_STYLE('',(#8773));
#8775=SURFACE_STYLE_USAGE(.POSITIVE.,#8774);
#8776=PRESENTATION_STYLE_ASSIGNMENT((#8775));
#8777=STYLED_ITEM('',(#8776),#8770);
#8778=CARTESIAN_POINT('',(-3.175E0,-1.7E-1,-1.65E0));
#8779=DIRECTION('',(0.E0,-9.805806756909E-1,-1.961161351382E-1));
#8780=DIRECTION('',(0.E0,-1.961161351382E-1,9.805806756909E-1));
#8781=AXIS2_PLACEMENT_3D('',#8778,#8779,#8780);
#8782=PLANE('',#8781);
#8783=ORIENTED_EDGE('',*,*,#8739,.F.);
#8785=ORIENTED_EDGE('',*,*,#8784,.T.);
#8787=ORIENTED_EDGE('',*,*,#8786,.T.);
#8789=ORIENTED_EDGE('',*,*,#8788,.F.);
#8790=EDGE_LOOP('',(#8783,#8785,#8787,#8789));
#8791=FACE_OUTER_BOUND('',#8790,.F.);
#8792=ADVANCED_FACE('',(#8791),#8782,.T.);
#8793=FILL_AREA_STYLE_COLOUR('',#9);
#8794=FILL_AREA_STYLE('',(#8793));
#8795=SURFACE_STYLE_FILL_AREA(#8794);
#8796=SURFACE_SIDE_STYLE('',(#8795));
#8797=SURFACE_STYLE_USAGE(.POSITIVE.,#8796);
#8798=PRESENTATION_STYLE_ASSIGNMENT((#8797));
#8799=STYLED_ITEM('',(#8798),#8792);
#8800=CARTESIAN_POINT('',(-3.005E0,0.E0,-1.65E0));
#8801=DIRECTION('',(9.805806756909E-1,0.E0,-1.961161351382E-1));
#8802=DIRECTION('',(1.961161351382E-1,0.E0,9.805806756909E-1));
#8803=AXIS2_PLACEMENT_3D('',#8800,#8801,#8802);
#8804=PLANE('',#8803);
#8806=ORIENTED_EDGE('',*,*,#8805,.T.);
#8807=ORIENTED_EDGE('',*,*,#8784,.F.);
#8809=ORIENTED_EDGE('',*,*,#8808,.F.);
#8811=ORIENTED_EDGE('',*,*,#8810,.T.);
#8812=EDGE_LOOP('',(#8806,#8807,#8809,#8811));
#8813=FACE_OUTER_BOUND('',#8812,.F.);
#8814=ADVANCED_FACE('',(#8813),#8804,.T.);
#8815=FILL_AREA_STYLE_COLOUR('',#9);
#8816=FILL_AREA_STYLE('',(#8815));
#8817=SURFACE_STYLE_FILL_AREA(#8816);
#8818=SURFACE_SIDE_STYLE('',(#8817));
#8819=SURFACE_STYLE_USAGE(.POSITIVE.,#8818);
#8820=PRESENTATION_STYLE_ASSIGNMENT((#8819));
#8821=STYLED_ITEM('',(#8820),#8814);
#8822=CARTESIAN_POINT('',(-3.175E0,0.E0,-1.8E0));
#8823=DIRECTION('',(0.E0,0.E0,-1.E0));
#8824=DIRECTION('',(0.E0,1.E0,0.E0));
#8825=AXIS2_PLACEMENT_3D('',#8822,#8823,#8824);
#8826=PLANE('',#8825);
#8828=ORIENTED_EDGE('',*,*,#8827,.F.);
#8830=ORIENTED_EDGE('',*,*,#8829,.F.);
#8831=ORIENTED_EDGE('',*,*,#8786,.F.);
#8832=ORIENTED_EDGE('',*,*,#8805,.F.);
#8833=EDGE_LOOP('',(#8828,#8830,#8831,#8832));
#8834=FACE_OUTER_BOUND('',#8833,.F.);
#8835=ADVANCED_FACE('',(#8834),#8826,.T.);
#8836=FILL_AREA_STYLE_COLOUR('',#9);
#8837=FILL_AREA_STYLE('',(#8836));
#8838=SURFACE_STYLE_FILL_AREA(#8837);
#8839=SURFACE_SIDE_STYLE('',(#8838));
#8840=SURFACE_STYLE_USAGE(.POSITIVE.,#8839);
#8841=PRESENTATION_STYLE_ASSIGNMENT((#8840));
#8842=STYLED_ITEM('',(#8841),#8835);
#8843=CARTESIAN_POINT('',(-3.175E0,1.7E-1,-1.65E0));
#8844=DIRECTION('',(0.E0,9.805806756909E-1,-1.961161351382E-1));
#8845=DIRECTION('',(0.E0,1.961161351382E-1,9.805806756909E-1));
#8846=AXIS2_PLACEMENT_3D('',#8843,#8844,#8845);
#8847=PLANE('',#8846);
#8849=ORIENTED_EDGE('',*,*,#8848,.F.);
#8851=ORIENTED_EDGE('',*,*,#8850,.T.);
#8852=ORIENTED_EDGE('',*,*,#8827,.T.);
#8853=ORIENTED_EDGE('',*,*,#8810,.F.);
#8854=EDGE_LOOP('',(#8849,#8851,#8852,#8853));
#8855=FACE_OUTER_BOUND('',#8854,.F.);
#8856=ADVANCED_FACE('',(#8855),#8847,.T.);
#8857=FILL_AREA_STYLE_COLOUR('',#9);
#8858=FILL_AREA_STYLE('',(#8857));
#8859=SURFACE_STYLE_FILL_AREA(#8858);
#8860=SURFACE_SIDE_STYLE('',(#8859));
#8861=SURFACE_STYLE_USAGE(.POSITIVE.,#8860);
#8862=PRESENTATION_STYLE_ASSIGNMENT((#8861));
#8863=STYLED_ITEM('',(#8862),#8856);
#8864=CARTESIAN_POINT('',(-3.375E0,2.E-1,4.E0));
#8865=DIRECTION('',(0.E0,1.E0,0.E0));
#8866=DIRECTION('',(1.E0,0.E0,0.E0));
#8867=AXIS2_PLACEMENT_3D('',#8864,#8865,#8866);
#8868=PLANE('',#8867);
#8869=ORIENTED_EDGE('',*,*,#8848,.T.);
#8871=ORIENTED_EDGE('',*,*,#8870,.F.);
#8872=ORIENTED_EDGE('',*,*,#3935,.F.);
#8874=ORIENTED_EDGE('',*,*,#8873,.T.);
#8875=EDGE_LOOP('',(#8869,#8871,#8872,#8874));
#8876=FACE_OUTER_BOUND('',#8875,.F.);
#8877=ADVANCED_FACE('',(#8876),#8868,.T.);
#8878=FILL_AREA_STYLE_COLOUR('',#9);
#8879=FILL_AREA_STYLE('',(#8878));
#8880=SURFACE_STYLE_FILL_AREA(#8879);
#8881=SURFACE_SIDE_STYLE('',(#8880));
#8882=SURFACE_STYLE_USAGE(.POSITIVE.,#8881);
#8883=PRESENTATION_STYLE_ASSIGNMENT((#8882));
#8884=STYLED_ITEM('',(#8883),#8877);
#8885=CARTESIAN_POINT('',(-3.375E0,2.E-1,4.E0));
#8886=DIRECTION('',(0.E0,1.E0,0.E0));
#8887=DIRECTION('',(1.E0,0.E0,0.E0));
#8888=AXIS2_PLACEMENT_3D('',#8885,#8886,#8887);
#8889=PLANE('',#8888);
#8891=ORIENTED_EDGE('',*,*,#8890,.T.);
#8893=ORIENTED_EDGE('',*,*,#8892,.T.);
#8894=ORIENTED_EDGE('',*,*,#4510,.T.);
#8896=ORIENTED_EDGE('',*,*,#8895,.F.);
#8897=EDGE_LOOP('',(#8891,#8893,#8894,#8896));
#8898=FACE_OUTER_BOUND('',#8897,.F.);
#8899=ADVANCED_FACE('',(#8898),#8889,.T.);
#8900=FILL_AREA_STYLE_COLOUR('',#9);
#8901=FILL_AREA_STYLE('',(#8900));
#8902=SURFACE_STYLE_FILL_AREA(#8901);
#8903=SURFACE_SIDE_STYLE('',(#8902));
#8904=SURFACE_STYLE_USAGE(.POSITIVE.,#8903);
#8905=PRESENTATION_STYLE_ASSIGNMENT((#8904));
#8906=STYLED_ITEM('',(#8905),#8899);
#8907=CARTESIAN_POINT('',(-2.975E0,2.E-1,4.E0));
#8908=DIRECTION('',(1.E0,0.E0,0.E0));
#8909=DIRECTION('',(0.E0,-1.E0,0.E0));
#8910=AXIS2_PLACEMENT_3D('',#8907,#8908,#8909);
#8911=PLANE('',#8910);
#8912=ORIENTED_EDGE('',*,*,#8808,.T.);
#8913=ORIENTED_EDGE('',*,*,#8744,.F.);
#8914=ORIENTED_EDGE('',*,*,#3937,.F.);
#8915=ORIENTED_EDGE('',*,*,#8870,.T.);
#8916=EDGE_LOOP('',(#8912,#8913,#8914,#8915));
#8917=FACE_OUTER_BOUND('',#8916,.F.);
#8918=ADVANCED_FACE('',(#8917),#8911,.T.);
#8919=FILL_AREA_STYLE_COLOUR('',#9);
#8920=FILL_AREA_STYLE('',(#8919));
#8921=SURFACE_STYLE_FILL_AREA(#8920);
#8922=SURFACE_SIDE_STYLE('',(#8921));
#8923=SURFACE_STYLE_USAGE(.POSITIVE.,#8922);
#8924=PRESENTATION_STYLE_ASSIGNMENT((#8923));
#8925=STYLED_ITEM('',(#8924),#8918);
#8926=CARTESIAN_POINT('',(-2.975E0,2.E-1,4.E0));
#8927=DIRECTION('',(1.E0,0.E0,0.E0));
#8928=DIRECTION('',(0.E0,-1.E0,0.E0));
#8929=AXIS2_PLACEMENT_3D('',#8926,#8927,#8928);
#8930=PLANE('',#8929);
#8932=ORIENTED_EDGE('',*,*,#8931,.T.);
#8933=ORIENTED_EDGE('',*,*,#8895,.T.);
#8934=ORIENTED_EDGE('',*,*,#4508,.T.);
#8935=ORIENTED_EDGE('',*,*,#8763,.F.);
#8936=EDGE_LOOP('',(#8932,#8933,#8934,#8935));
#8937=FACE_OUTER_BOUND('',#8936,.F.);
#8938=ADVANCED_FACE('',(#8937),#8930,.T.);
#8939=FILL_AREA_STYLE_COLOUR('',#9);
#8940=FILL_AREA_STYLE('',(#8939));
#8941=SURFACE_STYLE_FILL_AREA(#8940);
#8942=SURFACE_SIDE_STYLE('',(#8941));
#8943=SURFACE_STYLE_USAGE(.POSITIVE.,#8942);
#8944=PRESENTATION_STYLE_ASSIGNMENT((#8943));
#8945=STYLED_ITEM('',(#8944),#8938);
#8946=CARTESIAN_POINT('',(-3.005E0,0.E0,3.85E0));
#8947=DIRECTION('',(9.805806756909E-1,0.E0,1.961161351382E-1));
#8948=DIRECTION('',(1.961161351382E-1,0.E0,-9.805806756909E-1));
#8949=AXIS2_PLACEMENT_3D('',#8946,#8947,#8948);
#8950=PLANE('',#8949);
#8951=ORIENTED_EDGE('',*,*,#8931,.F.);
#8953=ORIENTED_EDGE('',*,*,#8952,.T.);
#8955=ORIENTED_EDGE('',*,*,#8954,.T.);
#8957=ORIENTED_EDGE('',*,*,#8956,.F.);
#8958=EDGE_LOOP('',(#8951,#8953,#8955,#8957));
#8959=FACE_OUTER_BOUND('',#8958,.F.);
#8960=ADVANCED_FACE('',(#8959),#8950,.T.);
#8961=FILL_AREA_STYLE_COLOUR('',#9);
#8962=FILL_AREA_STYLE('',(#8961));
#8963=SURFACE_STYLE_FILL_AREA(#8962);
#8964=SURFACE_SIDE_STYLE('',(#8963));
#8965=SURFACE_STYLE_USAGE(.POSITIVE.,#8964);
#8966=PRESENTATION_STYLE_ASSIGNMENT((#8965));
#8967=STYLED_ITEM('',(#8966),#8960);
#8968=CARTESIAN_POINT('',(-3.175E0,-1.7E-1,3.85E0));
#8969=DIRECTION('',(0.E0,-9.805806756909E-1,1.961161351382E-1));
#8970=DIRECTION('',(0.E0,-1.961161351382E-1,-9.805806756909E-1));
#8971=AXIS2_PLACEMENT_3D('',#8968,#8969,#8970);
#8972=PLANE('',#8971);
#8973=ORIENTED_EDGE('',*,*,#8761,.F.);
#8975=ORIENTED_EDGE('',*,*,#8974,.T.);
#8977=ORIENTED_EDGE('',*,*,#8976,.T.);
#8978=ORIENTED_EDGE('',*,*,#8952,.F.);
#8979=EDGE_LOOP('',(#8973,#8975,#8977,#8978));
#8980=FACE_OUTER_BOUND('',#8979,.F.);
#8981=ADVANCED_FACE('',(#8980),#8972,.T.);
#8982=FILL_AREA_STYLE_COLOUR('',#9);
#8983=FILL_AREA_STYLE('',(#8982));
#8984=SURFACE_STYLE_FILL_AREA(#8983);
#8985=SURFACE_SIDE_STYLE('',(#8984));
#8986=SURFACE_STYLE_USAGE(.POSITIVE.,#8985);
#8987=PRESENTATION_STYLE_ASSIGNMENT((#8986));
#8988=STYLED_ITEM('',(#8987),#8981);
#8989=CARTESIAN_POINT('',(-3.345E0,0.E0,3.85E0));
#8990=DIRECTION('',(-9.805806756909E-1,0.E0,1.961161351382E-1));
#8991=DIRECTION('',(-1.961161351382E-1,0.E0,-9.805806756909E-1));
#8992=AXIS2_PLACEMENT_3D('',#8989,#8990,#8991);
#8993=PLANE('',#8992);
#8995=ORIENTED_EDGE('',*,*,#8994,.T.);
#8996=ORIENTED_EDGE('',*,*,#8974,.F.);
#8998=ORIENTED_EDGE('',*,*,#8997,.F.);
#9000=ORIENTED_EDGE('',*,*,#8999,.T.);
#9001=EDGE_LOOP('',(#8995,#8996,#8998,#9000));
#9002=FACE_OUTER_BOUND('',#9001,.F.);
#9003=ADVANCED_FACE('',(#9002),#8993,.T.);
#9004=FILL_AREA_STYLE_COLOUR('',#9);
#9005=FILL_AREA_STYLE('',(#9004));
#9006=SURFACE_STYLE_FILL_AREA(#9005);
#9007=SURFACE_SIDE_STYLE('',(#9006));
#9008=SURFACE_STYLE_USAGE(.POSITIVE.,#9007);
#9009=PRESENTATION_STYLE_ASSIGNMENT((#9008));
#9010=STYLED_ITEM('',(#9009),#9003);
#9011=CARTESIAN_POINT('',(-3.175E0,0.E0,4.E0));
#9012=DIRECTION('',(0.E0,0.E0,-1.E0));
#9013=DIRECTION('',(0.E0,1.E0,0.E0));
#9014=AXIS2_PLACEMENT_3D('',#9011,#9012,#9013);
#9015=PLANE('',#9014);
#9017=ORIENTED_EDGE('',*,*,#9016,.F.);
#9018=ORIENTED_EDGE('',*,*,#8954,.F.);
#9019=ORIENTED_EDGE('',*,*,#8976,.F.);
#9020=ORIENTED_EDGE('',*,*,#8994,.F.);
#9021=EDGE_LOOP('',(#9017,#9018,#9019,#9020));
#9022=FACE_OUTER_BOUND('',#9021,.F.);
#9023=ADVANCED_FACE('',(#9022),#9015,.F.);
#9024=FILL_AREA_STYLE_COLOUR('',#9);
#9025=FILL_AREA_STYLE('',(#9024));
#9026=SURFACE_STYLE_FILL_AREA(#9025);
#9027=SURFACE_SIDE_STYLE('',(#9026));
#9028=SURFACE_STYLE_USAGE(.POSITIVE.,#9027);
#9029=PRESENTATION_STYLE_ASSIGNMENT((#9028));
#9030=STYLED_ITEM('',(#9029),#9023);
#9031=CARTESIAN_POINT('',(-3.175E0,1.7E-1,3.85E0));
#9032=DIRECTION('',(0.E0,9.805806756909E-1,1.961161351382E-1));
#9033=DIRECTION('',(0.E0,1.961161351382E-1,-9.805806756909E-1));
#9034=AXIS2_PLACEMENT_3D('',#9031,#9032,#9033);
#9035=PLANE('',#9034);
#9036=ORIENTED_EDGE('',*,*,#9016,.T.);
#9037=ORIENTED_EDGE('',*,*,#8999,.F.);
#9038=ORIENTED_EDGE('',*,*,#8890,.F.);
#9039=ORIENTED_EDGE('',*,*,#8956,.T.);
#9040=EDGE_LOOP('',(#9036,#9037,#9038,#9039));
#9041=FACE_OUTER_BOUND('',#9040,.F.);
#9042=ADVANCED_FACE('',(#9041),#9035,.T.);
#9043=FILL_AREA_STYLE_COLOUR('',#9);
#9044=FILL_AREA_STYLE('',(#9043));
#9045=SURFACE_STYLE_FILL_AREA(#9044);
#9046=SURFACE_SIDE_STYLE('',(#9045));
#9047=SURFACE_STYLE_USAGE(.POSITIVE.,#9046);
#9048=PRESENTATION_STYLE_ASSIGNMENT((#9047));
#9049=STYLED_ITEM('',(#9048),#9042);
#9050=CARTESIAN_POINT('',(-3.375E0,-2.E-1,4.E0));
#9051=DIRECTION('',(-1.E0,0.E0,0.E0));
#9052=DIRECTION('',(0.E0,1.E0,0.E0));
#9053=AXIS2_PLACEMENT_3D('',#9050,#9051,#9052);
#9054=PLANE('',#9053);
#9056=ORIENTED_EDGE('',*,*,#9055,.T.);
#9057=ORIENTED_EDGE('',*,*,#8873,.F.);
#9058=ORIENTED_EDGE('',*,*,#3933,.F.);
#9059=ORIENTED_EDGE('',*,*,#8741,.T.);
#9060=EDGE_LOOP('',(#9056,#9057,#9058,#9059));
#9061=FACE_OUTER_BOUND('',#9060,.F.);
#9062=ADVANCED_FACE('',(#9061),#9054,.T.);
#9063=FILL_AREA_STYLE_COLOUR('',#9);
#9064=FILL_AREA_STYLE('',(#9063));
#9065=SURFACE_STYLE_FILL_AREA(#9064);
#9066=SURFACE_SIDE_STYLE('',(#9065));
#9067=SURFACE_STYLE_USAGE(.POSITIVE.,#9066);
#9068=PRESENTATION_STYLE_ASSIGNMENT((#9067));
#9069=STYLED_ITEM('',(#9068),#9062);
#9070=CARTESIAN_POINT('',(-3.375E0,-2.E-1,4.E0));
#9071=DIRECTION('',(-1.E0,0.E0,0.E0));
#9072=DIRECTION('',(0.E0,1.E0,0.E0));
#9073=AXIS2_PLACEMENT_3D('',#9070,#9071,#9072);
#9074=PLANE('',#9073);
#9075=ORIENTED_EDGE('',*,*,#8997,.T.);
#9076=ORIENTED_EDGE('',*,*,#8766,.T.);
#9077=ORIENTED_EDGE('',*,*,#4512,.T.);
#9078=ORIENTED_EDGE('',*,*,#8892,.F.);
#9079=EDGE_LOOP('',(#9075,#9076,#9077,#9078));
#9080=FACE_OUTER_BOUND('',#9079,.F.);
#9081=ADVANCED_FACE('',(#9080),#9074,.T.);
#9082=FILL_AREA_STYLE_COLOUR('',#9);
#9083=FILL_AREA_STYLE('',(#9082));
#9084=SURFACE_STYLE_FILL_AREA(#9083);
#9085=SURFACE_SIDE_STYLE('',(#9084));
#9086=SURFACE_STYLE_USAGE(.POSITIVE.,#9085);
#9087=PRESENTATION_STYLE_ASSIGNMENT((#9086));
#9088=STYLED_ITEM('',(#9087),#9081);
#9089=CARTESIAN_POINT('',(-3.345E0,0.E0,-1.65E0));
#9090=DIRECTION('',(-9.805806756909E-1,0.E0,-1.961161351382E-1));
#9091=DIRECTION('',(-1.961161351382E-1,0.E0,9.805806756909E-1));
#9092=AXIS2_PLACEMENT_3D('',#9089,#9090,#9091);
#9093=PLANE('',#9092);
#9094=ORIENTED_EDGE('',*,*,#9055,.F.);
#9095=ORIENTED_EDGE('',*,*,#8788,.T.);
#9096=ORIENTED_EDGE('',*,*,#8829,.T.);
#9097=ORIENTED_EDGE('',*,*,#8850,.F.);
#9098=EDGE_LOOP('',(#9094,#9095,#9096,#9097));
#9099=FACE_OUTER_BOUND('',#9098,.F.);
#9100=ADVANCED_FACE('',(#9099),#9093,.T.);
#9101=FILL_AREA_STYLE_COLOUR('',#9);
#9102=FILL_AREA_STYLE('',(#9101));
#9103=SURFACE_STYLE_FILL_AREA(#9102);
#9104=SURFACE_SIDE_STYLE('',(#9103));
#9105=SURFACE_STYLE_USAGE(.POSITIVE.,#9104);
#9106=PRESENTATION_STYLE_ASSIGNMENT((#9105));
#9107=STYLED_ITEM('',(#9106),#9100);
#9108=CARTESIAN_POINT('',(-4.245E0,-2.E-1,4.E0));
#9109=DIRECTION('',(0.E0,-1.E0,0.E0));
#9110=DIRECTION('',(-1.E0,0.E0,0.E0));
#9111=AXIS2_PLACEMENT_3D('',#9108,#9109,#9110);
#9112=PLANE('',#9111);
#9114=ORIENTED_EDGE('',*,*,#9113,.T.);
#9116=ORIENTED_EDGE('',*,*,#9115,.F.);
#9117=ORIENTED_EDGE('',*,*,#3941,.F.);
#9119=ORIENTED_EDGE('',*,*,#9118,.T.);
#9120=EDGE_LOOP('',(#9114,#9116,#9117,#9119));
#9121=FACE_OUTER_BOUND('',#9120,.F.);
#9122=ADVANCED_FACE('',(#9121),#9112,.T.);
#9123=FILL_AREA_STYLE_COLOUR('',#9);
#9124=FILL_AREA_STYLE('',(#9123));
#9125=SURFACE_STYLE_FILL_AREA(#9124);
#9126=SURFACE_SIDE_STYLE('',(#9125));
#9127=SURFACE_STYLE_USAGE(.POSITIVE.,#9126);
#9128=PRESENTATION_STYLE_ASSIGNMENT((#9127));
#9129=STYLED_ITEM('',(#9128),#9122);
#9130=CARTESIAN_POINT('',(-4.245E0,-2.E-1,4.E0));
#9131=DIRECTION('',(0.E0,-1.E0,0.E0));
#9132=DIRECTION('',(-1.E0,0.E0,0.E0));
#9133=AXIS2_PLACEMENT_3D('',#9130,#9131,#9132);
#9134=PLANE('',#9133);
#9136=ORIENTED_EDGE('',*,*,#9135,.T.);
#9138=ORIENTED_EDGE('',*,*,#9137,.T.);
#9139=ORIENTED_EDGE('',*,*,#4516,.T.);
#9141=ORIENTED_EDGE('',*,*,#9140,.F.);
#9142=EDGE_LOOP('',(#9136,#9138,#9139,#9141));
#9143=FACE_OUTER_BOUND('',#9142,.F.);
#9144=ADVANCED_FACE('',(#9143),#9134,.T.);
#9145=FILL_AREA_STYLE_COLOUR('',#9);
#9146=FILL_AREA_STYLE('',(#9145));
#9147=SURFACE_STYLE_FILL_AREA(#9146);
#9148=SURFACE_SIDE_STYLE('',(#9147));
#9149=SURFACE_STYLE_USAGE(.POSITIVE.,#9148);
#9150=PRESENTATION_STYLE_ASSIGNMENT((#9149));
#9151=STYLED_ITEM('',(#9150),#9144);
#9152=CARTESIAN_POINT('',(-4.445E0,-1.7E-1,-1.65E0));
#9153=DIRECTION('',(0.E0,-9.805806756909E-1,-1.961161351382E-1));
#9154=DIRECTION('',(0.E0,-1.961161351382E-1,9.805806756909E-1));
#9155=AXIS2_PLACEMENT_3D('',#9152,#9153,#9154);
#9156=PLANE('',#9155);
#9157=ORIENTED_EDGE('',*,*,#9113,.F.);
#9159=ORIENTED_EDGE('',*,*,#9158,.T.);
#9161=ORIENTED_EDGE('',*,*,#9160,.T.);
#9163=ORIENTED_EDGE('',*,*,#9162,.F.);
#9164=EDGE_LOOP('',(#9157,#9159,#9161,#9163));
#9165=FACE_OUTER_BOUND('',#9164,.F.);
#9166=ADVANCED_FACE('',(#9165),#9156,.T.);
#9167=FILL_AREA_STYLE_COLOUR('',#9);
#9168=FILL_AREA_STYLE('',(#9167));
#9169=SURFACE_STYLE_FILL_AREA(#9168);
#9170=SURFACE_SIDE_STYLE('',(#9169));
#9171=SURFACE_STYLE_USAGE(.POSITIVE.,#9170);
#9172=PRESENTATION_STYLE_ASSIGNMENT((#9171));
#9173=STYLED_ITEM('',(#9172),#9166);
#9174=CARTESIAN_POINT('',(-4.275E0,0.E0,-1.65E0));
#9175=DIRECTION('',(9.805806756909E-1,0.E0,-1.961161351382E-1));
#9176=DIRECTION('',(1.961161351382E-1,0.E0,9.805806756909E-1));
#9177=AXIS2_PLACEMENT_3D('',#9174,#9175,#9176);
#9178=PLANE('',#9177);
#9180=ORIENTED_EDGE('',*,*,#9179,.T.);
#9181=ORIENTED_EDGE('',*,*,#9158,.F.);
#9183=ORIENTED_EDGE('',*,*,#9182,.F.);
#9185=ORIENTED_EDGE('',*,*,#9184,.T.);
#9186=EDGE_LOOP('',(#9180,#9181,#9183,#9185));
#9187=FACE_OUTER_BOUND('',#9186,.F.);
#9188=ADVANCED_FACE('',(#9187),#9178,.T.);
#9189=FILL_AREA_STYLE_COLOUR('',#9);
#9190=FILL_AREA_STYLE('',(#9189));
#9191=SURFACE_STYLE_FILL_AREA(#9190);
#9192=SURFACE_SIDE_STYLE('',(#9191));
#9193=SURFACE_STYLE_USAGE(.POSITIVE.,#9192);
#9194=PRESENTATION_STYLE_ASSIGNMENT((#9193));
#9195=STYLED_ITEM('',(#9194),#9188);
#9196=CARTESIAN_POINT('',(-4.445E0,0.E0,-1.8E0));
#9197=DIRECTION('',(0.E0,0.E0,-1.E0));
#9198=DIRECTION('',(0.E0,1.E0,0.E0));
#9199=AXIS2_PLACEMENT_3D('',#9196,#9197,#9198);
#9200=PLANE('',#9199);
#9202=ORIENTED_EDGE('',*,*,#9201,.F.);
#9204=ORIENTED_EDGE('',*,*,#9203,.F.);
#9205=ORIENTED_EDGE('',*,*,#9160,.F.);
#9206=ORIENTED_EDGE('',*,*,#9179,.F.);
#9207=EDGE_LOOP('',(#9202,#9204,#9205,#9206));
#9208=FACE_OUTER_BOUND('',#9207,.F.);
#9209=ADVANCED_FACE('',(#9208),#9200,.T.);
#9210=FILL_AREA_STYLE_COLOUR('',#9);
#9211=FILL_AREA_STYLE('',(#9210));
#9212=SURFACE_STYLE_FILL_AREA(#9211);
#9213=SURFACE_SIDE_STYLE('',(#9212));
#9214=SURFACE_STYLE_USAGE(.POSITIVE.,#9213);
#9215=PRESENTATION_STYLE_ASSIGNMENT((#9214));
#9216=STYLED_ITEM('',(#9215),#9209);
#9217=CARTESIAN_POINT('',(-4.445E0,1.7E-1,-1.65E0));
#9218=DIRECTION('',(0.E0,9.805806756909E-1,-1.961161351382E-1));
#9219=DIRECTION('',(0.E0,1.961161351382E-1,9.805806756909E-1));
#9220=AXIS2_PLACEMENT_3D('',#9217,#9218,#9219);
#9221=PLANE('',#9220);
#9223=ORIENTED_EDGE('',*,*,#9222,.F.);
#9225=ORIENTED_EDGE('',*,*,#9224,.T.);
#9226=ORIENTED_EDGE('',*,*,#9201,.T.);
#9227=ORIENTED_EDGE('',*,*,#9184,.F.);
#9228=EDGE_LOOP('',(#9223,#9225,#9226,#9227));
#9229=FACE_OUTER_BOUND('',#9228,.F.);
#9230=ADVANCED_FACE('',(#9229),#9221,.T.);
#9231=FILL_AREA_STYLE_COLOUR('',#9);
#9232=FILL_AREA_STYLE('',(#9231));
#9233=SURFACE_STYLE_FILL_AREA(#9232);
#9234=SURFACE_SIDE_STYLE('',(#9233));
#9235=SURFACE_STYLE_USAGE(.POSITIVE.,#9234);
#9236=PRESENTATION_STYLE_ASSIGNMENT((#9235));
#9237=STYLED_ITEM('',(#9236),#9230);
#9238=CARTESIAN_POINT('',(-4.645E0,2.E-1,4.E0));
#9239=DIRECTION('',(0.E0,1.E0,0.E0));
#9240=DIRECTION('',(1.E0,0.E0,0.E0));
#9241=AXIS2_PLACEMENT_3D('',#9238,#9239,#9240);
#9242=PLANE('',#9241);
#9243=ORIENTED_EDGE('',*,*,#9222,.T.);
#9245=ORIENTED_EDGE('',*,*,#9244,.F.);
#9246=ORIENTED_EDGE('',*,*,#3945,.F.);
#9248=ORIENTED_EDGE('',*,*,#9247,.T.);
#9249=EDGE_LOOP('',(#9243,#9245,#9246,#9248));
#9250=FACE_OUTER_BOUND('',#9249,.F.);
#9251=ADVANCED_FACE('',(#9250),#9242,.T.);
#9252=FILL_AREA_STYLE_COLOUR('',#9);
#9253=FILL_AREA_STYLE('',(#9252));
#9254=SURFACE_STYLE_FILL_AREA(#9253);
#9255=SURFACE_SIDE_STYLE('',(#9254));
#9256=SURFACE_STYLE_USAGE(.POSITIVE.,#9255);
#9257=PRESENTATION_STYLE_ASSIGNMENT((#9256));
#9258=STYLED_ITEM('',(#9257),#9251);
#9259=CARTESIAN_POINT('',(-4.645E0,2.E-1,4.E0));
#9260=DIRECTION('',(0.E0,1.E0,0.E0));
#9261=DIRECTION('',(1.E0,0.E0,0.E0));
#9262=AXIS2_PLACEMENT_3D('',#9259,#9260,#9261);
#9263=PLANE('',#9262);
#9265=ORIENTED_EDGE('',*,*,#9264,.T.);
#9267=ORIENTED_EDGE('',*,*,#9266,.T.);
#9268=ORIENTED_EDGE('',*,*,#4520,.T.);
#9270=ORIENTED_EDGE('',*,*,#9269,.F.);
#9271=EDGE_LOOP('',(#9265,#9267,#9268,#9270));
#9272=FACE_OUTER_BOUND('',#9271,.F.);
#9273=ADVANCED_FACE('',(#9272),#9263,.T.);
#9274=FILL_AREA_STYLE_COLOUR('',#9);
#9275=FILL_AREA_STYLE('',(#9274));
#9276=SURFACE_STYLE_FILL_AREA(#9275);
#9277=SURFACE_SIDE_STYLE('',(#9276));
#9278=SURFACE_STYLE_USAGE(.POSITIVE.,#9277);
#9279=PRESENTATION_STYLE_ASSIGNMENT((#9278));
#9280=STYLED_ITEM('',(#9279),#9273);
#9281=CARTESIAN_POINT('',(-4.245E0,2.E-1,4.E0));
#9282=DIRECTION('',(1.E0,0.E0,0.E0));
#9283=DIRECTION('',(0.E0,-1.E0,0.E0));
#9284=AXIS2_PLACEMENT_3D('',#9281,#9282,#9283);
#9285=PLANE('',#9284);
#9286=ORIENTED_EDGE('',*,*,#9182,.T.);
#9287=ORIENTED_EDGE('',*,*,#9118,.F.);
#9288=ORIENTED_EDGE('',*,*,#3947,.F.);
#9289=ORIENTED_EDGE('',*,*,#9244,.T.);
#9290=EDGE_LOOP('',(#9286,#9287,#9288,#9289));
#9291=FACE_OUTER_BOUND('',#9290,.F.);
#9292=ADVANCED_FACE('',(#9291),#9285,.T.);
#9293=FILL_AREA_STYLE_COLOUR('',#9);
#9294=FILL_AREA_STYLE('',(#9293));
#9295=SURFACE_STYLE_FILL_AREA(#9294);
#9296=SURFACE_SIDE_STYLE('',(#9295));
#9297=SURFACE_STYLE_USAGE(.POSITIVE.,#9296);
#9298=PRESENTATION_STYLE_ASSIGNMENT((#9297));
#9299=STYLED_ITEM('',(#9298),#9292);
#9300=CARTESIAN_POINT('',(-4.245E0,2.E-1,4.E0));
#9301=DIRECTION('',(1.E0,0.E0,0.E0));
#9302=DIRECTION('',(0.E0,-1.E0,0.E0));
#9303=AXIS2_PLACEMENT_3D('',#9300,#9301,#9302);
#9304=PLANE('',#9303);
#9306=ORIENTED_EDGE('',*,*,#9305,.T.);
#9307=ORIENTED_EDGE('',*,*,#9269,.T.);
#9308=ORIENTED_EDGE('',*,*,#4518,.T.);
#9309=ORIENTED_EDGE('',*,*,#9137,.F.);
#9310=EDGE_LOOP('',(#9306,#9307,#9308,#9309));
#9311=FACE_OUTER_BOUND('',#9310,.F.);
#9312=ADVANCED_FACE('',(#9311),#9304,.T.);
#9313=FILL_AREA_STYLE_COLOUR('',#9);
#9314=FILL_AREA_STYLE('',(#9313));
#9315=SURFACE_STYLE_FILL_AREA(#9314);
#9316=SURFACE_SIDE_STYLE('',(#9315));
#9317=SURFACE_STYLE_USAGE(.POSITIVE.,#9316);
#9318=PRESENTATION_STYLE_ASSIGNMENT((#9317));
#9319=STYLED_ITEM('',(#9318),#9312);
#9320=CARTESIAN_POINT('',(-4.275E0,0.E0,3.85E0));
#9321=DIRECTION('',(9.805806756909E-1,0.E0,1.961161351382E-1));
#9322=DIRECTION('',(1.961161351382E-1,0.E0,-9.805806756909E-1));
#9323=AXIS2_PLACEMENT_3D('',#9320,#9321,#9322);
#9324=PLANE('',#9323);
#9325=ORIENTED_EDGE('',*,*,#9305,.F.);
#9327=ORIENTED_EDGE('',*,*,#9326,.T.);
#9329=ORIENTED_EDGE('',*,*,#9328,.T.);
#9331=ORIENTED_EDGE('',*,*,#9330,.F.);
#9332=EDGE_LOOP('',(#9325,#9327,#9329,#9331));
#9333=FACE_OUTER_BOUND('',#9332,.F.);
#9334=ADVANCED_FACE('',(#9333),#9324,.T.);
#9335=FILL_AREA_STYLE_COLOUR('',#9);
#9336=FILL_AREA_STYLE('',(#9335));
#9337=SURFACE_STYLE_FILL_AREA(#9336);
#9338=SURFACE_SIDE_STYLE('',(#9337));
#9339=SURFACE_STYLE_USAGE(.POSITIVE.,#9338);
#9340=PRESENTATION_STYLE_ASSIGNMENT((#9339));
#9341=STYLED_ITEM('',(#9340),#9334);
#9342=CARTESIAN_POINT('',(-4.445E0,-1.7E-1,3.85E0));
#9343=DIRECTION('',(0.E0,-9.805806756909E-1,1.961161351382E-1));
#9344=DIRECTION('',(0.E0,-1.961161351382E-1,-9.805806756909E-1));
#9345=AXIS2_PLACEMENT_3D('',#9342,#9343,#9344);
#9346=PLANE('',#9345);
#9347=ORIENTED_EDGE('',*,*,#9135,.F.);
#9349=ORIENTED_EDGE('',*,*,#9348,.T.);
#9351=ORIENTED_EDGE('',*,*,#9350,.T.);
#9352=ORIENTED_EDGE('',*,*,#9326,.F.);
#9353=EDGE_LOOP('',(#9347,#9349,#9351,#9352));
#9354=FACE_OUTER_BOUND('',#9353,.F.);
#9355=ADVANCED_FACE('',(#9354),#9346,.T.);
#9356=FILL_AREA_STYLE_COLOUR('',#9);
#9357=FILL_AREA_STYLE('',(#9356));
#9358=SURFACE_STYLE_FILL_AREA(#9357);
#9359=SURFACE_SIDE_STYLE('',(#9358));
#9360=SURFACE_STYLE_USAGE(.POSITIVE.,#9359);
#9361=PRESENTATION_STYLE_ASSIGNMENT((#9360));
#9362=STYLED_ITEM('',(#9361),#9355);
#9363=CARTESIAN_POINT('',(-4.615E0,0.E0,3.85E0));
#9364=DIRECTION('',(-9.805806756909E-1,0.E0,1.961161351382E-1));
#9365=DIRECTION('',(-1.961161351382E-1,0.E0,-9.805806756909E-1));
#9366=AXIS2_PLACEMENT_3D('',#9363,#9364,#9365);
#9367=PLANE('',#9366);
#9369=ORIENTED_EDGE('',*,*,#9368,.T.);
#9370=ORIENTED_EDGE('',*,*,#9348,.F.);
#9372=ORIENTED_EDGE('',*,*,#9371,.F.);
#9374=ORIENTED_EDGE('',*,*,#9373,.T.);
#9375=EDGE_LOOP('',(#9369,#9370,#9372,#9374));
#9376=FACE_OUTER_BOUND('',#9375,.F.);
#9377=ADVANCED_FACE('',(#9376),#9367,.T.);
#9378=FILL_AREA_STYLE_COLOUR('',#9);
#9379=FILL_AREA_STYLE('',(#9378));
#9380=SURFACE_STYLE_FILL_AREA(#9379);
#9381=SURFACE_SIDE_STYLE('',(#9380));
#9382=SURFACE_STYLE_USAGE(.POSITIVE.,#9381);
#9383=PRESENTATION_STYLE_ASSIGNMENT((#9382));
#9384=STYLED_ITEM('',(#9383),#9377);
#9385=CARTESIAN_POINT('',(-4.445E0,0.E0,4.E0));
#9386=DIRECTION('',(0.E0,0.E0,-1.E0));
#9387=DIRECTION('',(0.E0,1.E0,0.E0));
#9388=AXIS2_PLACEMENT_3D('',#9385,#9386,#9387);
#9389=PLANE('',#9388);
#9391=ORIENTED_EDGE('',*,*,#9390,.F.);
#9392=ORIENTED_EDGE('',*,*,#9328,.F.);
#9393=ORIENTED_EDGE('',*,*,#9350,.F.);
#9394=ORIENTED_EDGE('',*,*,#9368,.F.);
#9395=EDGE_LOOP('',(#9391,#9392,#9393,#9394));
#9396=FACE_OUTER_BOUND('',#9395,.F.);
#9397=ADVANCED_FACE('',(#9396),#9389,.F.);
#9398=FILL_AREA_STYLE_COLOUR('',#9);
#9399=FILL_AREA_STYLE('',(#9398));
#9400=SURFACE_STYLE_FILL_AREA(#9399);
#9401=SURFACE_SIDE_STYLE('',(#9400));
#9402=SURFACE_STYLE_USAGE(.POSITIVE.,#9401);
#9403=PRESENTATION_STYLE_ASSIGNMENT((#9402));
#9404=STYLED_ITEM('',(#9403),#9397);
#9405=CARTESIAN_POINT('',(-4.445E0,1.7E-1,3.85E0));
#9406=DIRECTION('',(0.E0,9.805806756909E-1,1.961161351382E-1));
#9407=DIRECTION('',(0.E0,1.961161351382E-1,-9.805806756909E-1));
#9408=AXIS2_PLACEMENT_3D('',#9405,#9406,#9407);
#9409=PLANE('',#9408);
#9410=ORIENTED_EDGE('',*,*,#9390,.T.);
#9411=ORIENTED_EDGE('',*,*,#9373,.F.);
#9412=ORIENTED_EDGE('',*,*,#9264,.F.);
#9413=ORIENTED_EDGE('',*,*,#9330,.T.);
#9414=EDGE_LOOP('',(#9410,#9411,#9412,#9413));
#9415=FACE_OUTER_BOUND('',#9414,.F.);
#9416=ADVANCED_FACE('',(#9415),#9409,.T.);
#9417=FILL_AREA_STYLE_COLOUR('',#9);
#9418=FILL_AREA_STYLE('',(#9417));
#9419=SURFACE_STYLE_FILL_AREA(#9418);
#9420=SURFACE_SIDE_STYLE('',(#9419));
#9421=SURFACE_STYLE_USAGE(.POSITIVE.,#9420);
#9422=PRESENTATION_STYLE_ASSIGNMENT((#9421));
#9423=STYLED_ITEM('',(#9422),#9416);
#9424=CARTESIAN_POINT('',(-4.645E0,-2.E-1,4.E0));
#9425=DIRECTION('',(-1.E0,0.E0,0.E0));
#9426=DIRECTION('',(0.E0,1.E0,0.E0));
#9427=AXIS2_PLACEMENT_3D('',#9424,#9425,#9426);
#9428=PLANE('',#9427);
#9430=ORIENTED_EDGE('',*,*,#9429,.T.);
#9431=ORIENTED_EDGE('',*,*,#9247,.F.);
#9432=ORIENTED_EDGE('',*,*,#3943,.F.);
#9433=ORIENTED_EDGE('',*,*,#9115,.T.);
#9434=EDGE_LOOP('',(#9430,#9431,#9432,#9433));
#9435=FACE_OUTER_BOUND('',#9434,.F.);
#9436=ADVANCED_FACE('',(#9435),#9428,.T.);
#9437=FILL_AREA_STYLE_COLOUR('',#9);
#9438=FILL_AREA_STYLE('',(#9437));
#9439=SURFACE_STYLE_FILL_AREA(#9438);
#9440=SURFACE_SIDE_STYLE('',(#9439));
#9441=SURFACE_STYLE_USAGE(.POSITIVE.,#9440);
#9442=PRESENTATION_STYLE_ASSIGNMENT((#9441));
#9443=STYLED_ITEM('',(#9442),#9436);
#9444=CARTESIAN_POINT('',(-4.645E0,-2.E-1,4.E0));
#9445=DIRECTION('',(-1.E0,0.E0,0.E0));
#9446=DIRECTION('',(0.E0,1.E0,0.E0));
#9447=AXIS2_PLACEMENT_3D('',#9444,#9445,#9446);
#9448=PLANE('',#9447);
#9449=ORIENTED_EDGE('',*,*,#9371,.T.);
#9450=ORIENTED_EDGE('',*,*,#9140,.T.);
#9451=ORIENTED_EDGE('',*,*,#4522,.T.);
#9452=ORIENTED_EDGE('',*,*,#9266,.F.);
#9453=EDGE_LOOP('',(#9449,#9450,#9451,#9452));
#9454=FACE_OUTER_BOUND('',#9453,.F.);
#9455=ADVANCED_FACE('',(#9454),#9448,.T.);
#9456=FILL_AREA_STYLE_COLOUR('',#9);
#9457=FILL_AREA_STYLE('',(#9456));
#9458=SURFACE_STYLE_FILL_AREA(#9457);
#9459=SURFACE_SIDE_STYLE('',(#9458));
#9460=SURFACE_STYLE_USAGE(.POSITIVE.,#9459);
#9461=PRESENTATION_STYLE_ASSIGNMENT((#9460));
#9462=STYLED_ITEM('',(#9461),#9455);
#9463=CARTESIAN_POINT('',(-4.615E0,0.E0,-1.65E0));
#9464=DIRECTION('',(-9.805806756909E-1,0.E0,-1.961161351382E-1));
#9465=DIRECTION('',(-1.961161351382E-1,0.E0,9.805806756909E-1));
#9466=AXIS2_PLACEMENT_3D('',#9463,#9464,#9465);
#9467=PLANE('',#9466);
#9468=ORIENTED_EDGE('',*,*,#9429,.F.);
#9469=ORIENTED_EDGE('',*,*,#9162,.T.);
#9470=ORIENTED_EDGE('',*,*,#9203,.T.);
#9471=ORIENTED_EDGE('',*,*,#9224,.F.);
#9472=EDGE_LOOP('',(#9468,#9469,#9470,#9471));
#9473=FACE_OUTER_BOUND('',#9472,.F.);
#9474=ADVANCED_FACE('',(#9473),#9467,.T.);
#9475=FILL_AREA_STYLE_COLOUR('',#9);
#9476=FILL_AREA_STYLE('',(#9475));
#9477=SURFACE_STYLE_FILL_AREA(#9476);
#9478=SURFACE_SIDE_STYLE('',(#9477));
#9479=SURFACE_STYLE_USAGE(.POSITIVE.,#9478);
#9480=PRESENTATION_STYLE_ASSIGNMENT((#9479));
#9481=STYLED_ITEM('',(#9480),#9474);
#9482=CARTESIAN_POINT('',(-5.515E0,-2.E-1,4.E0));
#9483=DIRECTION('',(0.E0,-1.E0,0.E0));
#9484=DIRECTION('',(-1.E0,0.E0,0.E0));
#9485=AXIS2_PLACEMENT_3D('',#9482,#9483,#9484);
#9486=PLANE('',#9485);
#9488=ORIENTED_EDGE('',*,*,#9487,.T.);
#9490=ORIENTED_EDGE('',*,*,#9489,.F.);
#9491=ORIENTED_EDGE('',*,*,#3951,.F.);
#9493=ORIENTED_EDGE('',*,*,#9492,.T.);
#9494=EDGE_LOOP('',(#9488,#9490,#9491,#9493));
#9495=FACE_OUTER_BOUND('',#9494,.F.);
#9496=ADVANCED_FACE('',(#9495),#9486,.T.);
#9497=FILL_AREA_STYLE_COLOUR('',#9);
#9498=FILL_AREA_STYLE('',(#9497));
#9499=SURFACE_STYLE_FILL_AREA(#9498);
#9500=SURFACE_SIDE_STYLE('',(#9499));
#9501=SURFACE_STYLE_USAGE(.POSITIVE.,#9500);
#9502=PRESENTATION_STYLE_ASSIGNMENT((#9501));
#9503=STYLED_ITEM('',(#9502),#9496);
#9504=CARTESIAN_POINT('',(-5.515E0,-2.E-1,4.E0));
#9505=DIRECTION('',(0.E0,-1.E0,0.E0));
#9506=DIRECTION('',(-1.E0,0.E0,0.E0));
#9507=AXIS2_PLACEMENT_3D('',#9504,#9505,#9506);
#9508=PLANE('',#9507);
#9510=ORIENTED_EDGE('',*,*,#9509,.T.);
#9512=ORIENTED_EDGE('',*,*,#9511,.T.);
#9513=ORIENTED_EDGE('',*,*,#4526,.T.);
#9515=ORIENTED_EDGE('',*,*,#9514,.F.);
#9516=EDGE_LOOP('',(#9510,#9512,#9513,#9515));
#9517=FACE_OUTER_BOUND('',#9516,.F.);
#9518=ADVANCED_FACE('',(#9517),#9508,.T.);
#9519=FILL_AREA_STYLE_COLOUR('',#9);
#9520=FILL_AREA_STYLE('',(#9519));
#9521=SURFACE_STYLE_FILL_AREA(#9520);
#9522=SURFACE_SIDE_STYLE('',(#9521));
#9523=SURFACE_STYLE_USAGE(.POSITIVE.,#9522);
#9524=PRESENTATION_STYLE_ASSIGNMENT((#9523));
#9525=STYLED_ITEM('',(#9524),#9518);
#9526=CARTESIAN_POINT('',(-5.715E0,-1.7E-1,-1.65E0));
#9527=DIRECTION('',(0.E0,-9.805806756909E-1,-1.961161351382E-1));
#9528=DIRECTION('',(0.E0,-1.961161351382E-1,9.805806756909E-1));
#9529=AXIS2_PLACEMENT_3D('',#9526,#9527,#9528);
#9530=PLANE('',#9529);
#9531=ORIENTED_EDGE('',*,*,#9487,.F.);
#9533=ORIENTED_EDGE('',*,*,#9532,.T.);
#9535=ORIENTED_EDGE('',*,*,#9534,.T.);
#9537=ORIENTED_EDGE('',*,*,#9536,.F.);
#9538=EDGE_LOOP('',(#9531,#9533,#9535,#9537));
#9539=FACE_OUTER_BOUND('',#9538,.F.);
#9540=ADVANCED_FACE('',(#9539),#9530,.T.);
#9541=FILL_AREA_STYLE_COLOUR('',#9);
#9542=FILL_AREA_STYLE('',(#9541));
#9543=SURFACE_STYLE_FILL_AREA(#9542);
#9544=SURFACE_SIDE_STYLE('',(#9543));
#9545=SURFACE_STYLE_USAGE(.POSITIVE.,#9544);
#9546=PRESENTATION_STYLE_ASSIGNMENT((#9545));
#9547=STYLED_ITEM('',(#9546),#9540);
#9548=CARTESIAN_POINT('',(-5.545E0,0.E0,-1.65E0));
#9549=DIRECTION('',(9.805806756909E-1,0.E0,-1.961161351382E-1));
#9550=DIRECTION('',(1.961161351382E-1,0.E0,9.805806756909E-1));
#9551=AXIS2_PLACEMENT_3D('',#9548,#9549,#9550);
#9552=PLANE('',#9551);
#9554=ORIENTED_EDGE('',*,*,#9553,.T.);
#9555=ORIENTED_EDGE('',*,*,#9532,.F.);
#9557=ORIENTED_EDGE('',*,*,#9556,.F.);
#9559=ORIENTED_EDGE('',*,*,#9558,.T.);
#9560=EDGE_LOOP('',(#9554,#9555,#9557,#9559));
#9561=FACE_OUTER_BOUND('',#9560,.F.);
#9562=ADVANCED_FACE('',(#9561),#9552,.T.);
#9563=FILL_AREA_STYLE_COLOUR('',#9);
#9564=FILL_AREA_STYLE('',(#9563));
#9565=SURFACE_STYLE_FILL_AREA(#9564);
#9566=SURFACE_SIDE_STYLE('',(#9565));
#9567=SURFACE_STYLE_USAGE(.POSITIVE.,#9566);
#9568=PRESENTATION_STYLE_ASSIGNMENT((#9567));
#9569=STYLED_ITEM('',(#9568),#9562);
#9570=CARTESIAN_POINT('',(-5.715E0,0.E0,-1.8E0));
#9571=DIRECTION('',(0.E0,0.E0,-1.E0));
#9572=DIRECTION('',(0.E0,1.E0,0.E0));
#9573=AXIS2_PLACEMENT_3D('',#9570,#9571,#9572);
#9574=PLANE('',#9573);
#9576=ORIENTED_EDGE('',*,*,#9575,.F.);
#9578=ORIENTED_EDGE('',*,*,#9577,.F.);
#9579=ORIENTED_EDGE('',*,*,#9534,.F.);
#9580=ORIENTED_EDGE('',*,*,#9553,.F.);
#9581=EDGE_LOOP('',(#9576,#9578,#9579,#9580));
#9582=FACE_OUTER_BOUND('',#9581,.F.);
#9583=ADVANCED_FACE('',(#9582),#9574,.T.);
#9584=FILL_AREA_STYLE_COLOUR('',#9);
#9585=FILL_AREA_STYLE('',(#9584));
#9586=SURFACE_STYLE_FILL_AREA(#9585);
#9587=SURFACE_SIDE_STYLE('',(#9586));
#9588=SURFACE_STYLE_USAGE(.POSITIVE.,#9587);
#9589=PRESENTATION_STYLE_ASSIGNMENT((#9588));
#9590=STYLED_ITEM('',(#9589),#9583);
#9591=CARTESIAN_POINT('',(-5.715E0,1.7E-1,-1.65E0));
#9592=DIRECTION('',(0.E0,9.805806756909E-1,-1.961161351382E-1));
#9593=DIRECTION('',(0.E0,1.961161351382E-1,9.805806756909E-1));
#9594=AXIS2_PLACEMENT_3D('',#9591,#9592,#9593);
#9595=PLANE('',#9594);
#9597=ORIENTED_EDGE('',*,*,#9596,.F.);
#9599=ORIENTED_EDGE('',*,*,#9598,.T.);
#9600=ORIENTED_EDGE('',*,*,#9575,.T.);
#9601=ORIENTED_EDGE('',*,*,#9558,.F.);
#9602=EDGE_LOOP('',(#9597,#9599,#9600,#9601));
#9603=FACE_OUTER_BOUND('',#9602,.F.);
#9604=ADVANCED_FACE('',(#9603),#9595,.T.);
#9605=FILL_AREA_STYLE_COLOUR('',#9);
#9606=FILL_AREA_STYLE('',(#9605));
#9607=SURFACE_STYLE_FILL_AREA(#9606);
#9608=SURFACE_SIDE_STYLE('',(#9607));
#9609=SURFACE_STYLE_USAGE(.POSITIVE.,#9608);
#9610=PRESENTATION_STYLE_ASSIGNMENT((#9609));
#9611=STYLED_ITEM('',(#9610),#9604);
#9612=CARTESIAN_POINT('',(-5.915E0,2.E-1,4.E0));
#9613=DIRECTION('',(0.E0,1.E0,0.E0));
#9614=DIRECTION('',(1.E0,0.E0,0.E0));
#9615=AXIS2_PLACEMENT_3D('',#9612,#9613,#9614);
#9616=PLANE('',#9615);
#9617=ORIENTED_EDGE('',*,*,#9596,.T.);
#9619=ORIENTED_EDGE('',*,*,#9618,.F.);
#9620=ORIENTED_EDGE('',*,*,#3955,.F.);
#9622=ORIENTED_EDGE('',*,*,#9621,.T.);
#9623=EDGE_LOOP('',(#9617,#9619,#9620,#9622));
#9624=FACE_OUTER_BOUND('',#9623,.F.);
#9625=ADVANCED_FACE('',(#9624),#9616,.T.);
#9626=FILL_AREA_STYLE_COLOUR('',#9);
#9627=FILL_AREA_STYLE('',(#9626));
#9628=SURFACE_STYLE_FILL_AREA(#9627);
#9629=SURFACE_SIDE_STYLE('',(#9628));
#9630=SURFACE_STYLE_USAGE(.POSITIVE.,#9629);
#9631=PRESENTATION_STYLE_ASSIGNMENT((#9630));
#9632=STYLED_ITEM('',(#9631),#9625);
#9633=CARTESIAN_POINT('',(-5.915E0,2.E-1,4.E0));
#9634=DIRECTION('',(0.E0,1.E0,0.E0));
#9635=DIRECTION('',(1.E0,0.E0,0.E0));
#9636=AXIS2_PLACEMENT_3D('',#9633,#9634,#9635);
#9637=PLANE('',#9636);
#9639=ORIENTED_EDGE('',*,*,#9638,.T.);
#9641=ORIENTED_EDGE('',*,*,#9640,.T.);
#9642=ORIENTED_EDGE('',*,*,#4530,.T.);
#9644=ORIENTED_EDGE('',*,*,#9643,.F.);
#9645=EDGE_LOOP('',(#9639,#9641,#9642,#9644));
#9646=FACE_OUTER_BOUND('',#9645,.F.);
#9647=ADVANCED_FACE('',(#9646),#9637,.T.);
#9648=FILL_AREA_STYLE_COLOUR('',#9);
#9649=FILL_AREA_STYLE('',(#9648));
#9650=SURFACE_STYLE_FILL_AREA(#9649);
#9651=SURFACE_SIDE_STYLE('',(#9650));
#9652=SURFACE_STYLE_USAGE(.POSITIVE.,#9651);
#9653=PRESENTATION_STYLE_ASSIGNMENT((#9652));
#9654=STYLED_ITEM('',(#9653),#9647);
#9655=CARTESIAN_POINT('',(-5.515E0,2.E-1,4.E0));
#9656=DIRECTION('',(1.E0,0.E0,0.E0));
#9657=DIRECTION('',(0.E0,-1.E0,0.E0));
#9658=AXIS2_PLACEMENT_3D('',#9655,#9656,#9657);
#9659=PLANE('',#9658);
#9660=ORIENTED_EDGE('',*,*,#9556,.T.);
#9661=ORIENTED_EDGE('',*,*,#9492,.F.);
#9662=ORIENTED_EDGE('',*,*,#3957,.F.);
#9663=ORIENTED_EDGE('',*,*,#9618,.T.);
#9664=EDGE_LOOP('',(#9660,#9661,#9662,#9663));
#9665=FACE_OUTER_BOUND('',#9664,.F.);
#9666=ADVANCED_FACE('',(#9665),#9659,.T.);
#9667=FILL_AREA_STYLE_COLOUR('',#9);
#9668=FILL_AREA_STYLE('',(#9667));
#9669=SURFACE_STYLE_FILL_AREA(#9668);
#9670=SURFACE_SIDE_STYLE('',(#9669));
#9671=SURFACE_STYLE_USAGE(.POSITIVE.,#9670);
#9672=PRESENTATION_STYLE_ASSIGNMENT((#9671));
#9673=STYLED_ITEM('',(#9672),#9666);
#9674=CARTESIAN_POINT('',(-5.515E0,2.E-1,4.E0));
#9675=DIRECTION('',(1.E0,0.E0,0.E0));
#9676=DIRECTION('',(0.E0,-1.E0,0.E0));
#9677=AXIS2_PLACEMENT_3D('',#9674,#9675,#9676);
#9678=PLANE('',#9677);
#9680=ORIENTED_EDGE('',*,*,#9679,.T.);
#9681=ORIENTED_EDGE('',*,*,#9643,.T.);
#9682=ORIENTED_EDGE('',*,*,#4528,.T.);
#9683=ORIENTED_EDGE('',*,*,#9511,.F.);
#9684=EDGE_LOOP('',(#9680,#9681,#9682,#9683));
#9685=FACE_OUTER_BOUND('',#9684,.F.);
#9686=ADVANCED_FACE('',(#9685),#9678,.T.);
#9687=FILL_AREA_STYLE_COLOUR('',#9);
#9688=FILL_AREA_STYLE('',(#9687));
#9689=SURFACE_STYLE_FILL_AREA(#9688);
#9690=SURFACE_SIDE_STYLE('',(#9689));
#9691=SURFACE_STYLE_USAGE(.POSITIVE.,#9690);
#9692=PRESENTATION_STYLE_ASSIGNMENT((#9691));
#9693=STYLED_ITEM('',(#9692),#9686);
#9694=CARTESIAN_POINT('',(-5.545E0,0.E0,3.85E0));
#9695=DIRECTION('',(9.805806756909E-1,0.E0,1.961161351382E-1));
#9696=DIRECTION('',(1.961161351382E-1,0.E0,-9.805806756909E-1));
#9697=AXIS2_PLACEMENT_3D('',#9694,#9695,#9696);
#9698=PLANE('',#9697);
#9699=ORIENTED_EDGE('',*,*,#9679,.F.);
#9701=ORIENTED_EDGE('',*,*,#9700,.T.);
#9703=ORIENTED_EDGE('',*,*,#9702,.T.);
#9705=ORIENTED_EDGE('',*,*,#9704,.F.);
#9706=EDGE_LOOP('',(#9699,#9701,#9703,#9705));
#9707=FACE_OUTER_BOUND('',#9706,.F.);
#9708=ADVANCED_FACE('',(#9707),#9698,.T.);
#9709=FILL_AREA_STYLE_COLOUR('',#9);
#9710=FILL_AREA_STYLE('',(#9709));
#9711=SURFACE_STYLE_FILL_AREA(#9710);
#9712=SURFACE_SIDE_STYLE('',(#9711));
#9713=SURFACE_STYLE_USAGE(.POSITIVE.,#9712);
#9714=PRESENTATION_STYLE_ASSIGNMENT((#9713));
#9715=STYLED_ITEM('',(#9714),#9708);
#9716=CARTESIAN_POINT('',(-5.715E0,-1.7E-1,3.85E0));
#9717=DIRECTION('',(0.E0,-9.805806756909E-1,1.961161351382E-1));
#9718=DIRECTION('',(0.E0,-1.961161351382E-1,-9.805806756909E-1));
#9719=AXIS2_PLACEMENT_3D('',#9716,#9717,#9718);
#9720=PLANE('',#9719);
#9721=ORIENTED_EDGE('',*,*,#9509,.F.);
#9723=ORIENTED_EDGE('',*,*,#9722,.T.);
#9725=ORIENTED_EDGE('',*,*,#9724,.T.);
#9726=ORIENTED_EDGE('',*,*,#9700,.F.);
#9727=EDGE_LOOP('',(#9721,#9723,#9725,#9726));
#9728=FACE_OUTER_BOUND('',#9727,.F.);
#9729=ADVANCED_FACE('',(#9728),#9720,.T.);
#9730=FILL_AREA_STYLE_COLOUR('',#9);
#9731=FILL_AREA_STYLE('',(#9730));
#9732=SURFACE_STYLE_FILL_AREA(#9731);
#9733=SURFACE_SIDE_STYLE('',(#9732));
#9734=SURFACE_STYLE_USAGE(.POSITIVE.,#9733);
#9735=PRESENTATION_STYLE_ASSIGNMENT((#9734));
#9736=STYLED_ITEM('',(#9735),#9729);
#9737=CARTESIAN_POINT('',(-5.885E0,0.E0,3.85E0));
#9738=DIRECTION('',(-9.805806756909E-1,0.E0,1.961161351382E-1));
#9739=DIRECTION('',(-1.961161351382E-1,0.E0,-9.805806756909E-1));
#9740=AXIS2_PLACEMENT_3D('',#9737,#9738,#9739);
#9741=PLANE('',#9740);
#9743=ORIENTED_EDGE('',*,*,#9742,.T.);
#9744=ORIENTED_EDGE('',*,*,#9722,.F.);
#9746=ORIENTED_EDGE('',*,*,#9745,.F.);
#9748=ORIENTED_EDGE('',*,*,#9747,.T.);
#9749=EDGE_LOOP('',(#9743,#9744,#9746,#9748));
#9750=FACE_OUTER_BOUND('',#9749,.F.);
#9751=ADVANCED_FACE('',(#9750),#9741,.T.);
#9752=FILL_AREA_STYLE_COLOUR('',#9);
#9753=FILL_AREA_STYLE('',(#9752));
#9754=SURFACE_STYLE_FILL_AREA(#9753);
#9755=SURFACE_SIDE_STYLE('',(#9754));
#9756=SURFACE_STYLE_USAGE(.POSITIVE.,#9755);
#9757=PRESENTATION_STYLE_ASSIGNMENT((#9756));
#9758=STYLED_ITEM('',(#9757),#9751);
#9759=CARTESIAN_POINT('',(-5.715E0,0.E0,4.E0));
#9760=DIRECTION('',(0.E0,0.E0,-1.E0));
#9761=DIRECTION('',(0.E0,1.E0,0.E0));
#9762=AXIS2_PLACEMENT_3D('',#9759,#9760,#9761);
#9763=PLANE('',#9762);
#9765=ORIENTED_EDGE('',*,*,#9764,.F.);
#9766=ORIENTED_EDGE('',*,*,#9702,.F.);
#9767=ORIENTED_EDGE('',*,*,#9724,.F.);
#9768=ORIENTED_EDGE('',*,*,#9742,.F.);
#9769=EDGE_LOOP('',(#9765,#9766,#9767,#9768));
#9770=FACE_OUTER_BOUND('',#9769,.F.);
#9771=ADVANCED_FACE('',(#9770),#9763,.F.);
#9772=FILL_AREA_STYLE_COLOUR('',#9);
#9773=FILL_AREA_STYLE('',(#9772));
#9774=SURFACE_STYLE_FILL_AREA(#9773);
#9775=SURFACE_SIDE_STYLE('',(#9774));
#9776=SURFACE_STYLE_USAGE(.POSITIVE.,#9775);
#9777=PRESENTATION_STYLE_ASSIGNMENT((#9776));
#9778=STYLED_ITEM('',(#9777),#9771);
#9779=CARTESIAN_POINT('',(-5.715E0,1.7E-1,3.85E0));
#9780=DIRECTION('',(0.E0,9.805806756909E-1,1.961161351382E-1));
#9781=DIRECTION('',(0.E0,1.961161351382E-1,-9.805806756909E-1));
#9782=AXIS2_PLACEMENT_3D('',#9779,#9780,#9781);
#9783=PLANE('',#9782);
#9784=ORIENTED_EDGE('',*,*,#9764,.T.);
#9785=ORIENTED_EDGE('',*,*,#9747,.F.);
#9786=ORIENTED_EDGE('',*,*,#9638,.F.);
#9787=ORIENTED_EDGE('',*,*,#9704,.T.);
#9788=EDGE_LOOP('',(#9784,#9785,#9786,#9787));
#9789=FACE_OUTER_BOUND('',#9788,.F.);
#9790=ADVANCED_FACE('',(#9789),#9783,.T.);
#9791=FILL_AREA_STYLE_COLOUR('',#9);
#9792=FILL_AREA_STYLE('',(#9791));
#9793=SURFACE_STYLE_FILL_AREA(#9792);
#9794=SURFACE_SIDE_STYLE('',(#9793));
#9795=SURFACE_STYLE_USAGE(.POSITIVE.,#9794);
#9796=PRESENTATION_STYLE_ASSIGNMENT((#9795));
#9797=STYLED_ITEM('',(#9796),#9790);
#9798=CARTESIAN_POINT('',(-5.915E0,-2.E-1,4.E0));
#9799=DIRECTION('',(-1.E0,0.E0,0.E0));
#9800=DIRECTION('',(0.E0,1.E0,0.E0));
#9801=AXIS2_PLACEMENT_3D('',#9798,#9799,#9800);
#9802=PLANE('',#9801);
#9804=ORIENTED_EDGE('',*,*,#9803,.T.);
#9805=ORIENTED_EDGE('',*,*,#9621,.F.);
#9806=ORIENTED_EDGE('',*,*,#3953,.F.);
#9807=ORIENTED_EDGE('',*,*,#9489,.T.);
#9808=EDGE_LOOP('',(#9804,#9805,#9806,#9807));
#9809=FACE_OUTER_BOUND('',#9808,.F.);
#9810=ADVANCED_FACE('',(#9809),#9802,.T.);
#9811=FILL_AREA_STYLE_COLOUR('',#9);
#9812=FILL_AREA_STYLE('',(#9811));
#9813=SURFACE_STYLE_FILL_AREA(#9812);
#9814=SURFACE_SIDE_STYLE('',(#9813));
#9815=SURFACE_STYLE_USAGE(.POSITIVE.,#9814);
#9816=PRESENTATION_STYLE_ASSIGNMENT((#9815));
#9817=STYLED_ITEM('',(#9816),#9810);
#9818=CARTESIAN_POINT('',(-5.915E0,-2.E-1,4.E0));
#9819=DIRECTION('',(-1.E0,0.E0,0.E0));
#9820=DIRECTION('',(0.E0,1.E0,0.E0));
#9821=AXIS2_PLACEMENT_3D('',#9818,#9819,#9820);
#9822=PLANE('',#9821);
#9823=ORIENTED_EDGE('',*,*,#9745,.T.);
#9824=ORIENTED_EDGE('',*,*,#9514,.T.);
#9825=ORIENTED_EDGE('',*,*,#4532,.T.);
#9826=ORIENTED_EDGE('',*,*,#9640,.F.);
#9827=EDGE_LOOP('',(#9823,#9824,#9825,#9826));
#9828=FACE_OUTER_BOUND('',#9827,.F.);
#9829=ADVANCED_FACE('',(#9828),#9822,.T.);
#9830=FILL_AREA_STYLE_COLOUR('',#9);
#9831=FILL_AREA_STYLE('',(#9830));
#9832=SURFACE_STYLE_FILL_AREA(#9831);
#9833=SURFACE_SIDE_STYLE('',(#9832));
#9834=SURFACE_STYLE_USAGE(.POSITIVE.,#9833);
#9835=PRESENTATION_STYLE_ASSIGNMENT((#9834));
#9836=STYLED_ITEM('',(#9835),#9829);
#9837=CARTESIAN_POINT('',(-5.885E0,0.E0,-1.65E0));
#9838=DIRECTION('',(-9.805806756909E-1,0.E0,-1.961161351382E-1));
#9839=DIRECTION('',(-1.961161351382E-1,0.E0,9.805806756909E-1));
#9840=AXIS2_PLACEMENT_3D('',#9837,#9838,#9839);
#9841=PLANE('',#9840);
#9842=ORIENTED_EDGE('',*,*,#9803,.F.);
#9843=ORIENTED_EDGE('',*,*,#9536,.T.);
#9844=ORIENTED_EDGE('',*,*,#9577,.T.);
#9845=ORIENTED_EDGE('',*,*,#9598,.F.);
#9846=EDGE_LOOP('',(#9842,#9843,#9844,#9845));
#9847=FACE_OUTER_BOUND('',#9846,.F.);
#9848=ADVANCED_FACE('',(#9847),#9841,.T.);
#9849=FILL_AREA_STYLE_COLOUR('',#9);
#9850=FILL_AREA_STYLE('',(#9849));
#9851=SURFACE_STYLE_FILL_AREA(#9850);
#9852=SURFACE_SIDE_STYLE('',(#9851));
#9853=SURFACE_STYLE_USAGE(.POSITIVE.,#9852);
#9854=PRESENTATION_STYLE_ASSIGNMENT((#9853));
#9855=STYLED_ITEM('',(#9854),#9848);
#9856=CARTESIAN_POINT('',(-6.785E0,-2.E-1,4.E0));
#9857=DIRECTION('',(0.E0,-1.E0,0.E0));
#9858=DIRECTION('',(-1.E0,0.E0,0.E0));
#9859=AXIS2_PLACEMENT_3D('',#9856,#9857,#9858);
#9860=PLANE('',#9859);
#9862=ORIENTED_EDGE('',*,*,#9861,.T.);
#9864=ORIENTED_EDGE('',*,*,#9863,.F.);
#9865=ORIENTED_EDGE('',*,*,#3961,.F.);
#9867=ORIENTED_EDGE('',*,*,#9866,.T.);
#9868=EDGE_LOOP('',(#9862,#9864,#9865,#9867));
#9869=FACE_OUTER_BOUND('',#9868,.F.);
#9870=ADVANCED_FACE('',(#9869),#9860,.T.);
#9871=FILL_AREA_STYLE_COLOUR('',#9);
#9872=FILL_AREA_STYLE('',(#9871));
#9873=SURFACE_STYLE_FILL_AREA(#9872);
#9874=SURFACE_SIDE_STYLE('',(#9873));
#9875=SURFACE_STYLE_USAGE(.POSITIVE.,#9874);
#9876=PRESENTATION_STYLE_ASSIGNMENT((#9875));
#9877=STYLED_ITEM('',(#9876),#9870);
#9878=CARTESIAN_POINT('',(-6.785E0,-2.E-1,4.E0));
#9879=DIRECTION('',(0.E0,-1.E0,0.E0));
#9880=DIRECTION('',(-1.E0,0.E0,0.E0));
#9881=AXIS2_PLACEMENT_3D('',#9878,#9879,#9880);
#9882=PLANE('',#9881);
#9884=ORIENTED_EDGE('',*,*,#9883,.T.);
#9886=ORIENTED_EDGE('',*,*,#9885,.T.);
#9887=ORIENTED_EDGE('',*,*,#4536,.T.);
#9889=ORIENTED_EDGE('',*,*,#9888,.F.);
#9890=EDGE_LOOP('',(#9884,#9886,#9887,#9889));
#9891=FACE_OUTER_BOUND('',#9890,.F.);
#9892=ADVANCED_FACE('',(#9891),#9882,.T.);
#9893=FILL_AREA_STYLE_COLOUR('',#9);
#9894=FILL_AREA_STYLE('',(#9893));
#9895=SURFACE_STYLE_FILL_AREA(#9894);
#9896=SURFACE_SIDE_STYLE('',(#9895));
#9897=SURFACE_STYLE_USAGE(.POSITIVE.,#9896);
#9898=PRESENTATION_STYLE_ASSIGNMENT((#9897));
#9899=STYLED_ITEM('',(#9898),#9892);
#9900=CARTESIAN_POINT('',(-6.985E0,-1.7E-1,-1.65E0));
#9901=DIRECTION('',(0.E0,-9.805806756909E-1,-1.961161351382E-1));
#9902=DIRECTION('',(0.E0,-1.961161351382E-1,9.805806756909E-1));
#9903=AXIS2_PLACEMENT_3D('',#9900,#9901,#9902);
#9904=PLANE('',#9903);
#9905=ORIENTED_EDGE('',*,*,#9861,.F.);
#9907=ORIENTED_EDGE('',*,*,#9906,.T.);
#9909=ORIENTED_EDGE('',*,*,#9908,.T.);
#9911=ORIENTED_EDGE('',*,*,#9910,.F.);
#9912=EDGE_LOOP('',(#9905,#9907,#9909,#9911));
#9913=FACE_OUTER_BOUND('',#9912,.F.);
#9914=ADVANCED_FACE('',(#9913),#9904,.T.);
#9915=FILL_AREA_STYLE_COLOUR('',#9);
#9916=FILL_AREA_STYLE('',(#9915));
#9917=SURFACE_STYLE_FILL_AREA(#9916);
#9918=SURFACE_SIDE_STYLE('',(#9917));
#9919=SURFACE_STYLE_USAGE(.POSITIVE.,#9918);
#9920=PRESENTATION_STYLE_ASSIGNMENT((#9919));
#9921=STYLED_ITEM('',(#9920),#9914);
#9922=CARTESIAN_POINT('',(-6.815E0,0.E0,-1.65E0));
#9923=DIRECTION('',(9.805806756909E-1,0.E0,-1.961161351382E-1));
#9924=DIRECTION('',(1.961161351382E-1,0.E0,9.805806756909E-1));
#9925=AXIS2_PLACEMENT_3D('',#9922,#9923,#9924);
#9926=PLANE('',#9925);
#9928=ORIENTED_EDGE('',*,*,#9927,.T.);
#9929=ORIENTED_EDGE('',*,*,#9906,.F.);
#9931=ORIENTED_EDGE('',*,*,#9930,.F.);
#9933=ORIENTED_EDGE('',*,*,#9932,.T.);
#9934=EDGE_LOOP('',(#9928,#9929,#9931,#9933));
#9935=FACE_OUTER_BOUND('',#9934,.F.);
#9936=ADVANCED_FACE('',(#9935),#9926,.T.);
#9937=FILL_AREA_STYLE_COLOUR('',#9);
#9938=FILL_AREA_STYLE('',(#9937));
#9939=SURFACE_STYLE_FILL_AREA(#9938);
#9940=SURFACE_SIDE_STYLE('',(#9939));
#9941=SURFACE_STYLE_USAGE(.POSITIVE.,#9940);
#9942=PRESENTATION_STYLE_ASSIGNMENT((#9941));
#9943=STYLED_ITEM('',(#9942),#9936);
#9944=CARTESIAN_POINT('',(-6.985E0,0.E0,-1.8E0));
#9945=DIRECTION('',(0.E0,0.E0,-1.E0));
#9946=DIRECTION('',(0.E0,1.E0,0.E0));
#9947=AXIS2_PLACEMENT_3D('',#9944,#9945,#9946);
#9948=PLANE('',#9947);
#9950=ORIENTED_EDGE('',*,*,#9949,.F.);
#9952=ORIENTED_EDGE('',*,*,#9951,.F.);
#9953=ORIENTED_EDGE('',*,*,#9908,.F.);
#9954=ORIENTED_EDGE('',*,*,#9927,.F.);
#9955=EDGE_LOOP('',(#9950,#9952,#9953,#9954));
#9956=FACE_OUTER_BOUND('',#9955,.F.);
#9957=ADVANCED_FACE('',(#9956),#9948,.T.);
#9958=FILL_AREA_STYLE_COLOUR('',#9);
#9959=FILL_AREA_STYLE('',(#9958));
#9960=SURFACE_STYLE_FILL_AREA(#9959);
#9961=SURFACE_SIDE_STYLE('',(#9960));
#9962=SURFACE_STYLE_USAGE(.POSITIVE.,#9961);
#9963=PRESENTATION_STYLE_ASSIGNMENT((#9962));
#9964=STYLED_ITEM('',(#9963),#9957);
#9965=CARTESIAN_POINT('',(-6.985E0,1.7E-1,-1.65E0));
#9966=DIRECTION('',(0.E0,9.805806756909E-1,-1.961161351382E-1));
#9967=DIRECTION('',(0.E0,1.961161351382E-1,9.805806756909E-1));
#9968=AXIS2_PLACEMENT_3D('',#9965,#9966,#9967);
#9969=PLANE('',#9968);
#9971=ORIENTED_EDGE('',*,*,#9970,.F.);
#9973=ORIENTED_EDGE('',*,*,#9972,.T.);
#9974=ORIENTED_EDGE('',*,*,#9949,.T.);
#9975=ORIENTED_EDGE('',*,*,#9932,.F.);
#9976=EDGE_LOOP('',(#9971,#9973,#9974,#9975));
#9977=FACE_OUTER_BOUND('',#9976,.F.);
#9978=ADVANCED_FACE('',(#9977),#9969,.T.);
#9979=FILL_AREA_STYLE_COLOUR('',#9);
#9980=FILL_AREA_STYLE('',(#9979));
#9981=SURFACE_STYLE_FILL_AREA(#9980);
#9982=SURFACE_SIDE_STYLE('',(#9981));
#9983=SURFACE_STYLE_USAGE(.POSITIVE.,#9982);
#9984=PRESENTATION_STYLE_ASSIGNMENT((#9983));
#9985=STYLED_ITEM('',(#9984),#9978);
#9986=CARTESIAN_POINT('',(-7.185E0,2.E-1,4.E0));
#9987=DIRECTION('',(0.E0,1.E0,0.E0));
#9988=DIRECTION('',(1.E0,0.E0,0.E0));
#9989=AXIS2_PLACEMENT_3D('',#9986,#9987,#9988);
#9990=PLANE('',#9989);
#9991=ORIENTED_EDGE('',*,*,#9970,.T.);
#9993=ORIENTED_EDGE('',*,*,#9992,.F.);
#9994=ORIENTED_EDGE('',*,*,#3965,.F.);
#9996=ORIENTED_EDGE('',*,*,#9995,.T.);
#9997=EDGE_LOOP('',(#9991,#9993,#9994,#9996));
#9998=FACE_OUTER_BOUND('',#9997,.F.);
#9999=ADVANCED_FACE('',(#9998),#9990,.T.);
#10000=FILL_AREA_STYLE_COLOUR('',#9);
#10001=FILL_AREA_STYLE('',(#10000));
#10002=SURFACE_STYLE_FILL_AREA(#10001);
#10003=SURFACE_SIDE_STYLE('',(#10002));
#10004=SURFACE_STYLE_USAGE(.POSITIVE.,#10003);
#10005=PRESENTATION_STYLE_ASSIGNMENT((#10004));
#10006=STYLED_ITEM('',(#10005),#9999);
#10007=CARTESIAN_POINT('',(-7.185E0,2.E-1,4.E0));
#10008=DIRECTION('',(0.E0,1.E0,0.E0));
#10009=DIRECTION('',(1.E0,0.E0,0.E0));
#10010=AXIS2_PLACEMENT_3D('',#10007,#10008,#10009);
#10011=PLANE('',#10010);
#10013=ORIENTED_EDGE('',*,*,#10012,.T.);
#10015=ORIENTED_EDGE('',*,*,#10014,.T.);
#10016=ORIENTED_EDGE('',*,*,#4540,.T.);
#10018=ORIENTED_EDGE('',*,*,#10017,.F.);
#10019=EDGE_LOOP('',(#10013,#10015,#10016,#10018));
#10020=FACE_OUTER_BOUND('',#10019,.F.);
#10021=ADVANCED_FACE('',(#10020),#10011,.T.);
#10022=FILL_AREA_STYLE_COLOUR('',#9);
#10023=FILL_AREA_STYLE('',(#10022));
#10024=SURFACE_STYLE_FILL_AREA(#10023);
#10025=SURFACE_SIDE_STYLE('',(#10024));
#10026=SURFACE_STYLE_USAGE(.POSITIVE.,#10025);
#10027=PRESENTATION_STYLE_ASSIGNMENT((#10026));
#10028=STYLED_ITEM('',(#10027),#10021);
#10029=CARTESIAN_POINT('',(-6.785E0,2.E-1,4.E0));
#10030=DIRECTION('',(1.E0,0.E0,0.E0));
#10031=DIRECTION('',(0.E0,-1.E0,0.E0));
#10032=AXIS2_PLACEMENT_3D('',#10029,#10030,#10031);
#10033=PLANE('',#10032);
#10034=ORIENTED_EDGE('',*,*,#9930,.T.);
#10035=ORIENTED_EDGE('',*,*,#9866,.F.);
#10036=ORIENTED_EDGE('',*,*,#3967,.F.);
#10037=ORIENTED_EDGE('',*,*,#9992,.T.);
#10038=EDGE_LOOP('',(#10034,#10035,#10036,#10037));
#10039=FACE_OUTER_BOUND('',#10038,.F.);
#10040=ADVANCED_FACE('',(#10039),#10033,.T.);
#10041=FILL_AREA_STYLE_COLOUR('',#9);
#10042=FILL_AREA_STYLE('',(#10041));
#10043=SURFACE_STYLE_FILL_AREA(#10042);
#10044=SURFACE_SIDE_STYLE('',(#10043));
#10045=SURFACE_STYLE_USAGE(.POSITIVE.,#10044);
#10046=PRESENTATION_STYLE_ASSIGNMENT((#10045));
#10047=STYLED_ITEM('',(#10046),#10040);
#10048=CARTESIAN_POINT('',(-6.785E0,2.E-1,4.E0));
#10049=DIRECTION('',(1.E0,0.E0,0.E0));
#10050=DIRECTION('',(0.E0,-1.E0,0.E0));
#10051=AXIS2_PLACEMENT_3D('',#10048,#10049,#10050);
#10052=PLANE('',#10051);
#10054=ORIENTED_EDGE('',*,*,#10053,.T.);
#10055=ORIENTED_EDGE('',*,*,#10017,.T.);
#10056=ORIENTED_EDGE('',*,*,#4538,.T.);
#10057=ORIENTED_EDGE('',*,*,#9885,.F.);
#10058=EDGE_LOOP('',(#10054,#10055,#10056,#10057));
#10059=FACE_OUTER_BOUND('',#10058,.F.);
#10060=ADVANCED_FACE('',(#10059),#10052,.T.);
#10061=FILL_AREA_STYLE_COLOUR('',#9);
#10062=FILL_AREA_STYLE('',(#10061));
#10063=SURFACE_STYLE_FILL_AREA(#10062);
#10064=SURFACE_SIDE_STYLE('',(#10063));
#10065=SURFACE_STYLE_USAGE(.POSITIVE.,#10064);
#10066=PRESENTATION_STYLE_ASSIGNMENT((#10065));
#10067=STYLED_ITEM('',(#10066),#10060);
#10068=CARTESIAN_POINT('',(-6.815E0,0.E0,3.85E0));
#10069=DIRECTION('',(9.805806756909E-1,0.E0,1.961161351382E-1));
#10070=DIRECTION('',(1.961161351382E-1,0.E0,-9.805806756909E-1));
#10071=AXIS2_PLACEMENT_3D('',#10068,#10069,#10070);
#10072=PLANE('',#10071);
#10073=ORIENTED_EDGE('',*,*,#10053,.F.);
#10075=ORIENTED_EDGE('',*,*,#10074,.T.);
#10077=ORIENTED_EDGE('',*,*,#10076,.T.);
#10079=ORIENTED_EDGE('',*,*,#10078,.F.);
#10080=EDGE_LOOP('',(#10073,#10075,#10077,#10079));
#10081=FACE_OUTER_BOUND('',#10080,.F.);
#10082=ADVANCED_FACE('',(#10081),#10072,.T.);
#10083=FILL_AREA_STYLE_COLOUR('',#9);
#10084=FILL_AREA_STYLE('',(#10083));
#10085=SURFACE_STYLE_FILL_AREA(#10084);
#10086=SURFACE_SIDE_STYLE('',(#10085));
#10087=SURFACE_STYLE_USAGE(.POSITIVE.,#10086);
#10088=PRESENTATION_STYLE_ASSIGNMENT((#10087));
#10089=STYLED_ITEM('',(#10088),#10082);
#10090=CARTESIAN_POINT('',(-6.985E0,-1.7E-1,3.85E0));
#10091=DIRECTION('',(0.E0,-9.805806756909E-1,1.961161351382E-1));
#10092=DIRECTION('',(0.E0,-1.961161351382E-1,-9.805806756909E-1));
#10093=AXIS2_PLACEMENT_3D('',#10090,#10091,#10092);
#10094=PLANE('',#10093);
#10095=ORIENTED_EDGE('',*,*,#9883,.F.);
#10097=ORIENTED_EDGE('',*,*,#10096,.T.);
#10099=ORIENTED_EDGE('',*,*,#10098,.T.);
#10100=ORIENTED_EDGE('',*,*,#10074,.F.);
#10101=EDGE_LOOP('',(#10095,#10097,#10099,#10100));
#10102=FACE_OUTER_BOUND('',#10101,.F.);
#10103=ADVANCED_FACE('',(#10102),#10094,.T.);
#10104=FILL_AREA_STYLE_COLOUR('',#9);
#10105=FILL_AREA_STYLE('',(#10104));
#10106=SURFACE_STYLE_FILL_AREA(#10105);
#10107=SURFACE_SIDE_STYLE('',(#10106));
#10108=SURFACE_STYLE_USAGE(.POSITIVE.,#10107);
#10109=PRESENTATION_STYLE_ASSIGNMENT((#10108));
#10110=STYLED_ITEM('',(#10109),#10103);
#10111=CARTESIAN_POINT('',(-7.155E0,0.E0,3.85E0));
#10112=DIRECTION('',(-9.805806756909E-1,0.E0,1.961161351382E-1));
#10113=DIRECTION('',(-1.961161351382E-1,0.E0,-9.805806756909E-1));
#10114=AXIS2_PLACEMENT_3D('',#10111,#10112,#10113);
#10115=PLANE('',#10114);
#10117=ORIENTED_EDGE('',*,*,#10116,.T.);
#10118=ORIENTED_EDGE('',*,*,#10096,.F.);
#10120=ORIENTED_EDGE('',*,*,#10119,.F.);
#10122=ORIENTED_EDGE('',*,*,#10121,.T.);
#10123=EDGE_LOOP('',(#10117,#10118,#10120,#10122));
#10124=FACE_OUTER_BOUND('',#10123,.F.);
#10125=ADVANCED_FACE('',(#10124),#10115,.T.);
#10126=FILL_AREA_STYLE_COLOUR('',#9);
#10127=FILL_AREA_STYLE('',(#10126));
#10128=SURFACE_STYLE_FILL_AREA(#10127);
#10129=SURFACE_SIDE_STYLE('',(#10128));
#10130=SURFACE_STYLE_USAGE(.POSITIVE.,#10129);
#10131=PRESENTATION_STYLE_ASSIGNMENT((#10130));
#10132=STYLED_ITEM('',(#10131),#10125);
#10133=CARTESIAN_POINT('',(-6.985E0,0.E0,4.E0));
#10134=DIRECTION('',(0.E0,0.E0,-1.E0));
#10135=DIRECTION('',(0.E0,1.E0,0.E0));
#10136=AXIS2_PLACEMENT_3D('',#10133,#10134,#10135);
#10137=PLANE('',#10136);
#10139=ORIENTED_EDGE('',*,*,#10138,.F.);
#10140=ORIENTED_EDGE('',*,*,#10076,.F.);
#10141=ORIENTED_EDGE('',*,*,#10098,.F.);
#10142=ORIENTED_EDGE('',*,*,#10116,.F.);
#10143=EDGE_LOOP('',(#10139,#10140,#10141,#10142));
#10144=FACE_OUTER_BOUND('',#10143,.F.);
#10145=ADVANCED_FACE('',(#10144),#10137,.F.);
#10146=FILL_AREA_STYLE_COLOUR('',#9);
#10147=FILL_AREA_STYLE('',(#10146));
#10148=SURFACE_STYLE_FILL_AREA(#10147);
#10149=SURFACE_SIDE_STYLE('',(#10148));
#10150=SURFACE_STYLE_USAGE(.POSITIVE.,#10149);
#10151=PRESENTATION_STYLE_ASSIGNMENT((#10150));
#10152=STYLED_ITEM('',(#10151),#10145);
#10153=CARTESIAN_POINT('',(-6.985E0,1.7E-1,3.85E0));
#10154=DIRECTION('',(0.E0,9.805806756909E-1,1.961161351382E-1));
#10155=DIRECTION('',(0.E0,1.961161351382E-1,-9.805806756909E-1));
#10156=AXIS2_PLACEMENT_3D('',#10153,#10154,#10155);
#10157=PLANE('',#10156);
#10158=ORIENTED_EDGE('',*,*,#10138,.T.);
#10159=ORIENTED_EDGE('',*,*,#10121,.F.);
#10160=ORIENTED_EDGE('',*,*,#10012,.F.);
#10161=ORIENTED_EDGE('',*,*,#10078,.T.);
#10162=EDGE_LOOP('',(#10158,#10159,#10160,#10161));
#10163=FACE_OUTER_BOUND('',#10162,.F.);
#10164=ADVANCED_FACE('',(#10163),#10157,.T.);
#10165=FILL_AREA_STYLE_COLOUR('',#9);
#10166=FILL_AREA_STYLE('',(#10165));
#10167=SURFACE_STYLE_FILL_AREA(#10166);
#10168=SURFACE_SIDE_STYLE('',(#10167));
#10169=SURFACE_STYLE_USAGE(.POSITIVE.,#10168);
#10170=PRESENTATION_STYLE_ASSIGNMENT((#10169));
#10171=STYLED_ITEM('',(#10170),#10164);
#10172=CARTESIAN_POINT('',(-7.185E0,-2.E-1,4.E0));
#10173=DIRECTION('',(-1.E0,0.E0,0.E0));
#10174=DIRECTION('',(0.E0,1.E0,0.E0));
#10175=AXIS2_PLACEMENT_3D('',#10172,#10173,#10174);
#10176=PLANE('',#10175);
#10178=ORIENTED_EDGE('',*,*,#10177,.T.);
#10179=ORIENTED_EDGE('',*,*,#9995,.F.);
#10180=ORIENTED_EDGE('',*,*,#3963,.F.);
#10181=ORIENTED_EDGE('',*,*,#9863,.T.);
#10182=EDGE_LOOP('',(#10178,#10179,#10180,#10181));
#10183=FACE_OUTER_BOUND('',#10182,.F.);
#10184=ADVANCED_FACE('',(#10183),#10176,.T.);
#10185=FILL_AREA_STYLE_COLOUR('',#9);
#10186=FILL_AREA_STYLE('',(#10185));
#10187=SURFACE_STYLE_FILL_AREA(#10186);
#10188=SURFACE_SIDE_STYLE('',(#10187));
#10189=SURFACE_STYLE_USAGE(.POSITIVE.,#10188);
#10190=PRESENTATION_STYLE_ASSIGNMENT((#10189));
#10191=STYLED_ITEM('',(#10190),#10184);
#10192=CARTESIAN_POINT('',(-7.185E0,-2.E-1,4.E0));
#10193=DIRECTION('',(-1.E0,0.E0,0.E0));
#10194=DIRECTION('',(0.E0,1.E0,0.E0));
#10195=AXIS2_PLACEMENT_3D('',#10192,#10193,#10194);
#10196=PLANE('',#10195);
#10197=ORIENTED_EDGE('',*,*,#10119,.T.);
#10198=ORIENTED_EDGE('',*,*,#9888,.T.);
#10199=ORIENTED_EDGE('',*,*,#4542,.T.);
#10200=ORIENTED_EDGE('',*,*,#10014,.F.);
#10201=EDGE_LOOP('',(#10197,#10198,#10199,#10200));
#10202=FACE_OUTER_BOUND('',#10201,.F.);
#10203=ADVANCED_FACE('',(#10202),#10196,.T.);
#10204=FILL_AREA_STYLE_COLOUR('',#9);
#10205=FILL_AREA_STYLE('',(#10204));
#10206=SURFACE_STYLE_FILL_AREA(#10205);
#10207=SURFACE_SIDE_STYLE('',(#10206));
#10208=SURFACE_STYLE_USAGE(.POSITIVE.,#10207);
#10209=PRESENTATION_STYLE_ASSIGNMENT((#10208));
#10210=STYLED_ITEM('',(#10209),#10203);
#10211=CARTESIAN_POINT('',(-7.155E0,0.E0,-1.65E0));
#10212=DIRECTION('',(-9.805806756909E-1,0.E0,-1.961161351382E-1));
#10213=DIRECTION('',(-1.961161351382E-1,0.E0,9.805806756909E-1));
#10214=AXIS2_PLACEMENT_3D('',#10211,#10212,#10213);
#10215=PLANE('',#10214);
#10216=ORIENTED_EDGE('',*,*,#10177,.F.);
#10217=ORIENTED_EDGE('',*,*,#9910,.T.);
#10218=ORIENTED_EDGE('',*,*,#9951,.T.);
#10219=ORIENTED_EDGE('',*,*,#9972,.F.);
#10220=EDGE_LOOP('',(#10216,#10217,#10218,#10219));
#10221=FACE_OUTER_BOUND('',#10220,.F.);
#10222=ADVANCED_FACE('',(#10221),#10215,.T.);
#10223=FILL_AREA_STYLE_COLOUR('',#9);
#10224=FILL_AREA_STYLE('',(#10223));
#10225=SURFACE_STYLE_FILL_AREA(#10224);
#10226=SURFACE_SIDE_STYLE('',(#10225));
#10227=SURFACE_STYLE_USAGE(.POSITIVE.,#10226);
#10228=PRESENTATION_STYLE_ASSIGNMENT((#10227));
#10229=STYLED_ITEM('',(#10228),#10222);
#10231=CARTESIAN_POINT('',(-7.62E0,3.702391612087E-1,4.394901778045E-1));
#10232=DIRECTION('',(1.E0,0.E0,0.E0));
#10233=DIRECTION('',(0.E0,-1.E0,0.E0));
#10234=AXIS2_PLACEMENT_3D('',#10231,#10232,#10233);
#10236=CARTESIAN_POINT('',(-7.62E0,3.702391612087E-1,4.394901778045E-1));
#10237=DIRECTION('',(1.E0,0.E0,0.E0));
#10238=DIRECTION('',(0.E0,1.E0,0.E0));
#10239=AXIS2_PLACEMENT_3D('',#10236,#10237,#10238);
#10241=DIRECTION('',(0.E0,0.E0,1.E0));
#10242=VECTOR('',#10241,1.024015802758E-2);
#10243=CARTESIAN_POINT('',(-7.62E0,-2.018008866648E-2,5.612174015177E-1));
#10244=LINE('',#10243,#10242);
#10245=DIRECTION('',(0.E0,1.E0,0.E0));
#10246=VECTOR('',#10245,3.577167310875E-2);
#10247=CARTESIAN_POINT('',(-7.62E0,-2.018008866648E-2,5.714575595453E-1));
#10248=LINE('',#10247,#10246);
#10249=DIRECTION('',(0.E0,0.E0,1.E0));
#10250=VECTOR('',#10249,7.957934466887E-2);
#10251=CARTESIAN_POINT('',(-7.62E0,1.559158444227E-2,5.714575595453E-1));
#10252=LINE('',#10251,#10250);
#10253=DIRECTION('',(0.E0,1.E0,0.E0));
#10254=VECTOR('',#10253,1.159479776622E-2);
#10255=CARTESIAN_POINT('',(-7.62E0,1.559158444227E-2,6.510369042142E-1));
#10256=LINE('',#10255,#10254);
#10257=DIRECTION('',(0.E0,0.E0,-1.E0));
#10258=VECTOR('',#10257,8.981950269646E-2);
#10259=CARTESIAN_POINT('',(-7.62E0,2.718638220849E-2,6.510369042142E-1));
#10260=LINE('',#10259,#10258);
#10261=DIRECTION('',(0.E0,-1.E0,0.E0));
#10262=VECTOR('',#10261,4.736647087497E-2);
#10263=CARTESIAN_POINT('',(-7.62E0,2.718638220849E-2,5.612174015177E-1));
#10264=LINE('',#10263,#10262);
#10265=CARTESIAN_POINT('',(-7.62E0,-9.110351500336E-2,5.649369208014E-1));
#10266=CARTESIAN_POINT('',(-7.62E0,-9.110351500336E-2,5.686411334211E-1));
#10267=CARTESIAN_POINT('',(-7.62E0,-9.110351500336E-2,5.723453460408E-1));
#10268=CARTESIAN_POINT('',(-7.62E0,-9.110351500336E-2,5.760495586605E-1));
#10270=CARTESIAN_POINT('',(-7.62E0,-9.110351500336E-2,5.760495586605E-1));
#10271=CARTESIAN_POINT('',(-7.62E0,-8.428121356218E-2,5.718989277136E-1));
#10272=CARTESIAN_POINT('',(-7.62E0,-6.773606818110E-2,5.673539256380E-1));
#10273=CARTESIAN_POINT('',(-7.62E0,-4.102321684733E-2,5.770507350290E-1));
#10274=CARTESIAN_POINT('',(-7.62E0,-3.330221357319E-2,6.056809254705E-1));
#10275=CARTESIAN_POINT('',(-7.62E0,-4.148792185977E-2,6.346536915682E-1));
#10276=CARTESIAN_POINT('',(-7.62E0,-6.855665768712E-2,6.446889330568E-1));
#10277=CARTESIAN_POINT('',(-7.62E0,-8.474714213155E-2,6.402971947080E-1));
#10278=CARTESIAN_POINT('',(-7.62E0,-9.110351500336E-2,6.367557869658E-1));
#10280=CARTESIAN_POINT('',(-7.62E0,-9.110351500336E-2,6.367557869658E-1));
#10281=CARTESIAN_POINT('',(-7.62E0,-9.110351500336E-2,6.407967461872E-1));
#10282=CARTESIAN_POINT('',(-7.62E0,-9.110351500336E-2,6.448377054086E-1));
#10283=CARTESIAN_POINT('',(-7.62E0,-9.110351500336E-2,6.488786646301E-1));
#10285=CARTESIAN_POINT('',(-7.62E0,-9.110351500336E-2,6.488786646301E-1));
#10286=CARTESIAN_POINT('',(-7.62E0,-8.450017208752E-2,6.517473299957E-1));
#10287=CARTESIAN_POINT('',(-7.62E0,-6.522755539321E-2,6.547028196894E-1));
#10288=CARTESIAN_POINT('',(-7.62E0,-3.210667286378E-2,6.430611905381E-1));
#10289=CARTESIAN_POINT('',(-7.62E0,-1.996833131696E-2,6.054867426455E-1));
#10290=CARTESIAN_POINT('',(-7.62E0,-3.087606528662E-2,5.682771542165E-1));
#10291=CARTESIAN_POINT('',(-7.62E0,-6.375900765508E-2,5.571585834627E-1));
#10292=CARTESIAN_POINT('',(-7.62E0,-8.361255768354E-2,5.609833599931E-1));
#10293=CARTESIAN_POINT('',(-7.62E0,-9.110351500336E-2,5.649369208014E-1));
#10295=DIRECTION('',(0.E0,0.E0,1.E0));
#10296=VECTOR('',#10295,1.024015802758E-2);
#10297=CARTESIAN_POINT('',(-7.62E0,-1.573890222336E-1,5.612174015177E-1));
#10298=LINE('',#10297,#10296);
#10299=DIRECTION('',(0.E0,1.E0,0.E0));
#10300=VECTOR('',#10299,3.671303292738E-2);
#10301=CARTESIAN_POINT('',(-7.62E0,-1.573890222336E-1,5.714575595453E-1));
#10302=LINE('',#10301,#10300);
#10303=DIRECTION('',(0.E0,0.E0,1.E0));
#10304=VECTOR('',#10303,3.021535417862E-2);
#10305=CARTESIAN_POINT('',(-7.62E0,-1.206759893062E-1,5.714575595453E-1));
#10306=LINE('',#10305,#10304);
#10307=DIRECTION('',(0.E0,-1.E0,0.E0));
#10308=VECTOR('',#10307,3.212103381161E-2);
#10309=CARTESIAN_POINT('',(-7.62E0,-1.206759893062E-1,6.016729137239E-1));
#10310=LINE('',#10309,#10308);
#10311=DIRECTION('',(0.E0,0.E0,1.E0));
#10312=VECTOR('',#10311,1.028607801842E-2);
#10313=CARTESIAN_POINT('',(-7.62E0,-1.527970231179E-1,6.016729137239E-1));
#10314=LINE('',#10313,#10312);
#10315=DIRECTION('',(0.E0,1.E0,0.E0));
#10316=VECTOR('',#10315,3.212103381161E-2);
#10317=CARTESIAN_POINT('',(-7.62E0,-1.527970231179E-1,6.119589917424E-1));
#10318=LINE('',#10317,#10316);
#10319=DIRECTION('',(0.E0,0.E0,1.E0));
#10320=VECTOR('',#10319,2.874591446257E-2);
#10321=CARTESIAN_POINT('',(-7.62E0,-1.206759893062E-1,6.119589917424E-1));
#10322=LINE('',#10321,#10320);
#10323=DIRECTION('',(0.E0,-1.E0,0.E0));
#10324=VECTOR('',#10323,3.466959332065E-2);
#10325=CARTESIAN_POINT('',(-7.62E0,-1.206759893062E-1,6.407049062049E-1));
#10326=LINE('',#10325,#10324);
#10327=DIRECTION('',(0.E0,0.E0,1.E0));
#10328=VECTOR('',#10327,1.033199800926E-2);
#10329=CARTESIAN_POINT('',(-7.62E0,-1.553455826269E-1,6.407049062049E-1));
#10330=LINE('',#10329,#10328);
#10331=DIRECTION('',(0.E0,1.E0,0.E0));
#10332=VECTOR('',#10331,4.626439108686E-2);
#10333=CARTESIAN_POINT('',(-7.62E0,-1.553455826269E-1,6.510369042142E-1));
#10334=LINE('',#10333,#10332);
#10335=DIRECTION('',(0.E0,0.E0,-1.E0));
#10336=VECTOR('',#10335,8.981950269646E-2);
#10337=CARTESIAN_POINT('',(-7.62E0,-1.090811915400E-1,6.510369042142E-1));
#10338=LINE('',#10337,#10336);
#10339=DIRECTION('',(0.E0,-1.E0,0.E0));
#10340=VECTOR('',#10339,4.830783069360E-2);
#10341=CARTESIAN_POINT('',(-7.62E0,-1.090811915400E-1,5.612174015177E-1));
#10342=LINE('',#10341,#10340);
#10343=CARTESIAN_POINT('',(-7.62E0,-1.859512567310E-1,6.407049062049E-1));
#10344=CARTESIAN_POINT('',(-7.62E0,-1.904743758594E-1,6.407049062049E-1));
#10345=CARTESIAN_POINT('',(-7.62E0,-1.949974949878E-1,6.407049062049E-1));
#10346=CARTESIAN_POINT('',(-7.62E0,-1.995206141162E-1,6.407049062049E-1));
#10348=CARTESIAN_POINT('',(-7.62E0,-1.995206141162E-1,6.407049062049E-1));
#10349=CARTESIAN_POINT('',(-7.62E0,-2.086086516450E-1,6.407049062050E-1));
#10350=CARTESIAN_POINT('',(-7.62E0,-2.289341240346E-1,6.359142860027E-1));
#10351=CARTESIAN_POINT('',(-7.62E0,-2.383795073617E-1,6.067033180704E-1));
#10352=CARTESIAN_POINT('',(-7.62E0,-2.292533939707E-1,5.771721121748E-1));
#10353=CARTESIAN_POINT('',(-7.62E0,-2.084251935484E-1,5.714575595454E-1));
#10354=CARTESIAN_POINT('',(-7.62E0,-1.989925342191E-1,5.714575595453E-1));
#10356=CARTESIAN_POINT('',(-7.62E0,-1.989925342191E-1,5.714575595453E-1));
#10357=CARTESIAN_POINT('',(-7.62E0,-1.946454417233E-1,5.714575595453E-1));
#10358=CARTESIAN_POINT('',(-7.62E0,-1.902983492274E-1,5.714575595453E-1));
#10359=CARTESIAN_POINT('',(-7.62E0,-1.859512567316E-1,5.714575595453E-1));
#10361=CARTESIAN_POINT('',(-7.62E0,-1.859512567316E-1,5.714575595453E-1));
#10362=CARTESIAN_POINT('',(-7.62E0,-1.859512567314E-1,5.945400084319E-1));
#10363=CARTESIAN_POINT('',(-7.62E0,-1.859512567312E-1,6.176224573184E-1));
#10364=CARTESIAN_POINT('',(-7.62E0,-1.859512567310E-1,6.407049062049E-1));
#10366=CARTESIAN_POINT('',(-7.62E0,-1.743564589651E-1,5.612174015177E-1));
#10367=CARTESIAN_POINT('',(-7.62E0,-1.825914440454E-1,5.612174015177E-1));
#10368=CARTESIAN_POINT('',(-7.62E0,-1.908264291257E-1,5.612174015177E-1));
#10369=CARTESIAN_POINT('',(-7.62E0,-1.990614142059E-1,5.612174015177E-1));
#10371=CARTESIAN_POINT('',(-7.62E0,-1.990614142059E-1,5.612174015177E-1));
#10372=CARTESIAN_POINT('',(-7.62E0,-2.114202181934E-1,5.612174015178E-1));
#10373=CARTESIAN_POINT('',(-7.62E0,-2.378580482927E-1,5.691830228366E-1));
#10374=CARTESIAN_POINT('',(-7.62E0,-2.523015901906E-1,6.068154411083E-1));
#10375=CARTESIAN_POINT('',(-7.62E0,-2.375584019844E-1,6.437268119833E-1));
#10376=CARTESIAN_POINT('',(-7.62E0,-2.119732590337E-1,6.510369042143E-1));
#10377=CARTESIAN_POINT('',(-7.62E0,-1.999798140286E-1,6.510369042142E-1));
#10379=CARTESIAN_POINT('',(-7.62E0,-1.999798140286E-1,6.510369042142E-1));
#10380=CARTESIAN_POINT('',(-7.62E0,-1.914386956739E-1,6.510369042142E-1));
#10381=CARTESIAN_POINT('',(-7.62E0,-1.828975773192E-1,6.510369042142E-1));
#10382=CARTESIAN_POINT('',(-7.62E0,-1.743564589645E-1,6.510369042142E-1));
#10384=CARTESIAN_POINT('',(-7.62E0,-1.743564589645E-1,6.510369042142E-1));
#10385=CARTESIAN_POINT('',(-7.62E0,-1.743564589647E-1,6.210970699820E-1));
#10386=CARTESIAN_POINT('',(-7.62E0,-1.743564589649E-1,5.911572357499E-1));
#10387=CARTESIAN_POINT('',(-7.62E0,-1.743564589651E-1,5.612174015177E-1));
#10389=CARTESIAN_POINT('',(-7.62E0,-2.926281451229E-1,6.395569064260E-1));
#10390=CARTESIAN_POINT('',(-7.62E0,-2.929882954924E-1,6.374287451507E-1));
#10391=CARTESIAN_POINT('',(-7.62E0,-2.934453227406E-1,6.353019323627E-1));
#10392=CARTESIAN_POINT('',(-7.62E0,-2.941617158847E-1,6.332658676375E-1));
#10394=CARTESIAN_POINT('',(-7.62E0,-2.941617158847E-1,6.332658676375E-1));
#10395=CARTESIAN_POINT('',(-7.62E0,-2.986848350133E-1,6.208215500348E-1));
#10396=CARTESIAN_POINT('',(-7.62E0,-3.032079541419E-1,6.083772324320E-1));
#10397=CARTESIAN_POINT('',(-7.62E0,-3.077310732705E-1,5.959329148292E-1));
#10399=CARTESIAN_POINT('',(-7.62E0,-3.077310732705E-1,5.959329148292E-1));
#10400=CARTESIAN_POINT('',(-7.62E0,-2.976822485397E-1,5.959329148292E-1));
#10401=CARTESIAN_POINT('',(-7.62E0,-2.876334238090E-1,5.959329148292E-1));
#10402=CARTESIAN_POINT('',(-7.62E0,-2.775845990782E-1,5.959329148292E-1));
#10404=CARTESIAN_POINT('',(-7.62E0,-2.775845990782E-1,5.959329148292E-1));
#10405=CARTESIAN_POINT('',(-7.62E0,-2.820617982156E-1,6.083772324320E-1));
#10406=CARTESIAN_POINT('',(-7.62E0,-2.865389973531E-1,6.208215500348E-1));
#10407=CARTESIAN_POINT('',(-7.62E0,-2.910161964905E-1,6.332658676375E-1));
#10409=CARTESIAN_POINT('',(-7.62E0,-2.910161964905E-1,6.332658676375E-1));
#10410=CARTESIAN_POINT('',(-7.62E0,-2.917762933427E-1,6.352927925775E-1));
#10411=CARTESIAN_POINT('',(-7.62E0,-2.922840150803E-1,6.374196777413E-1));
#10412=CARTESIAN_POINT('',(-7.62E0,-2.926281451229E-1,6.395569064260E-1));
#10414=DIRECTION('',(0.E0,3.559357243710E-1,9.345104387413E-1));
#10415=VECTOR('',#10414,9.611396403173E-2);
#10416=CARTESIAN_POINT('',(-7.62E0,-3.332855483483E-1,5.612174015177E-1));
#10417=LINE('',#10416,#10415);
#10418=DIRECTION('',(0.E0,1.E0,0.E0));
#10419=VECTOR('',#10418,1.239839761142E-2);
#10420=CARTESIAN_POINT('',(-7.62E0,-2.990751549385E-1,6.510369042142E-1));
#10421=LINE('',#10420,#10419);
#10422=DIRECTION('',(0.E0,3.559357243682E-1,-9.345104387424E-1));
#10423=VECTOR('',#10422,9.611396403162E-2);
#10424=CARTESIAN_POINT('',(-7.62E0,-2.866767573271E-1,6.510369042142E-1));
#10425=LINE('',#10424,#10423);
#10426=DIRECTION('',(0.E0,-1.E0,0.E0));
#10427=VECTOR('',#10426,1.281167753142E-2);
#10428=CARTESIAN_POINT('',(-7.62E0,-2.524663639176E-1,5.612174015177E-1));
#10429=LINE('',#10428,#10427);
#10430=DIRECTION('',(0.E0,-3.315284184079E-1,9.434452330623E-1));
#10431=VECTOR('',#10430,2.603987428827E-2);
#10432=CARTESIAN_POINT('',(-7.62E0,-2.652780414490E-1,5.612174015177E-1));
#10433=LINE('',#10432,#10431);
#10434=DIRECTION('',(0.E0,-1.E0,0.E0));
#10435=VECTOR('',#10434,3.740183279457E-2);
#10436=CARTESIAN_POINT('',(-7.62E0,-2.739109997874E-1,5.857845967846E-1));
#10437=LINE('',#10436,#10435);
#10438=DIRECTION('',(0.E0,-3.493954794714E-1,-9.369753459537E-1));
#10439=VECTOR('',#10438,2.621968163079E-2);
#10440=CARTESIAN_POINT('',(-7.62E0,-3.113128325819E-1,5.857845967846E-1));
#10441=LINE('',#10440,#10439);
#10442=DIRECTION('',(0.E0,-1.E0,0.E0));
#10443=VECTOR('',#10442,1.281167753142E-2);
#10444=CARTESIAN_POINT('',(-7.62E0,-3.204738708169E-1,5.612174015177E-1));
#10445=LINE('',#10444,#10443);
#10446=DIRECTION('',(0.E0,0.E0,1.E0));
#10447=VECTOR('',#10446,1.024015802759E-2);
#10448=CARTESIAN_POINT('',(-7.62E0,-2.112144848511E-2,4.187276689679E-1));
#10449=LINE('',#10448,#10447);
#10450=DIRECTION('',(0.E0,1.E0,0.E0));
#10451=VECTOR('',#10450,3.671303292738E-2);
#10452=CARTESIAN_POINT('',(-7.62E0,-2.112144848511E-2,4.289678269955E-1));
#10453=LINE('',#10452,#10451);
#10454=DIRECTION('',(0.E0,0.E0,1.E0));
#10455=VECTOR('',#10454,3.021535417862E-2);
#10456=CARTESIAN_POINT('',(-7.62E0,1.559158444227E-2,4.289678269955E-1));
#10457=LINE('',#10456,#10455);
#10458=DIRECTION('',(0.E0,-1.E0,0.E0));
#10459=VECTOR('',#10458,3.212103381161E-2);
#10460=CARTESIAN_POINT('',(-7.62E0,1.559158444227E-2,4.591831811741E-1));
#10461=LINE('',#10460,#10459);
#10462=DIRECTION('',(0.E0,0.E0,1.E0));
#10463=VECTOR('',#10462,1.028607801842E-2);
#10464=CARTESIAN_POINT('',(-7.62E0,-1.652944936934E-2,4.591831811741E-1));
#10465=LINE('',#10464,#10463);
#10466=DIRECTION('',(0.E0,1.E0,0.E0));
#10467=VECTOR('',#10466,3.212103381161E-2);
#10468=CARTESIAN_POINT('',(-7.62E0,-1.652944936934E-2,4.694692591926E-1));
#10469=LINE('',#10468,#10467);
#10470=DIRECTION('',(0.E0,0.E0,1.E0));
#10471=VECTOR('',#10470,2.874591446257E-2);
#10472=CARTESIAN_POINT('',(-7.62E0,1.559158444227E-2,4.694692591926E-1));
#10473=LINE('',#10472,#10471);
#10474=DIRECTION('',(0.E0,-1.E0,0.E0));
#10475=VECTOR('',#10474,3.466959332065E-2);
#10476=CARTESIAN_POINT('',(-7.62E0,1.559158444227E-2,4.982151736551E-1));
#10477=LINE('',#10476,#10475);
#10478=DIRECTION('',(0.E0,0.E0,1.E0));
#10479=VECTOR('',#10478,1.033199800926E-2);
#10480=CARTESIAN_POINT('',(-7.62E0,-1.907800887838E-2,4.982151736551E-1));
#10481=LINE('',#10480,#10479);
#10482=DIRECTION('',(0.E0,1.E0,0.E0));
#10483=VECTOR('',#10482,4.626439108687E-2);
#10484=CARTESIAN_POINT('',(-7.62E0,-1.907800887838E-2,5.085471716644E-1));
#10485=LINE('',#10484,#10483);
#10486=DIRECTION('',(0.E0,0.E0,-1.E0));
#10487=VECTOR('',#10486,8.981950269646E-2);
#10488=CARTESIAN_POINT('',(-7.62E0,2.718638220849E-2,5.085471716644E-1));
#10489=LINE('',#10488,#10487);
#10490=DIRECTION('',(0.E0,-1.E0,0.E0));
#10491=VECTOR('',#10490,4.830783069360E-2);
#10492=CARTESIAN_POINT('',(-7.62E0,2.718638220849E-2,4.187276689679E-1));
#10493=LINE('',#10492,#10491);
#10494=CARTESIAN_POINT('',(-7.62E0,-5.716864154073E-2,4.488971031557E-1));
#10495=CARTESIAN_POINT('',(-7.62E0,-6.217392057640E-2,4.495705963594E-1));
#10496=CARTESIAN_POINT('',(-7.62E0,-6.717919961208E-2,4.502440895631E-1));
#10497=CARTESIAN_POINT('',(-7.62E0,-7.218447864775E-2,4.509175827667E-1));
#10499=CARTESIAN_POINT('',(-7.62E0,-7.218447864775E-2,4.509175827667E-1));
#10500=CARTESIAN_POINT('',(-7.62E0,-7.218447864775E-2,4.488664898285E-1));
#10501=CARTESIAN_POINT('',(-7.62E0,-7.218447864775E-2,4.468153968903E-1));
#10502=CARTESIAN_POINT('',(-7.62E0,-7.218447864775E-2,4.447643039520E-1));
#10504=CARTESIAN_POINT('',(-7.62E0,-7.218447864775E-2,4.447643039520E-1));
#10505=CARTESIAN_POINT('',(-7.62E0,-7.218447864775E-2,4.401152591822E-1));
#10506=CARTESIAN_POINT('',(-7.62E0,-6.904196522986E-2,4.303927917683E-1));
#10507=CARTESIAN_POINT('',(-7.62E0,-5.670621176704E-2,4.251565725036E-1));
#10508=CARTESIAN_POINT('',(-7.62E0,-4.586781586661E-2,4.280750240818E-1));
#10509=CARTESIAN_POINT('',(-7.62E0,-4.216926329792E-2,4.369277951209E-1));
#10510=CARTESIAN_POINT('',(-7.62E0,-4.571559736552E-2,4.470814450492E-1));
#10511=CARTESIAN_POINT('',(-7.62E0,-5.334664523072E-2,4.483630250688E-1));
#10512=CARTESIAN_POINT('',(-7.62E0,-5.716864154073E-2,4.488971031557E-1));
#10514=CARTESIAN_POINT('',(-7.62E0,-7.218447864775E-2,4.286463870572E-1));
#10515=CARTESIAN_POINT('',(-7.62E0,-7.218447864775E-2,4.253401476941E-1));
#10516=CARTESIAN_POINT('',(-7.62E0,-7.218447864775E-2,4.220339083310E-1));
#10517=CARTESIAN_POINT('',(-7.62E0,-7.218447864775E-2,4.187276689679E-1));
#10519=CARTESIAN_POINT('',(-7.62E0,-7.218447864775E-2,4.187276689679E-1));
#10520=CARTESIAN_POINT('',(-7.62E0,-7.593461125868E-2,4.187276689679E-1));
#10521=CARTESIAN_POINT('',(-7.62E0,-7.968474386960E-2,4.187276689679E-1));
#10522=CARTESIAN_POINT('',(-7.62E0,-8.343487648053E-2,4.187276689679E-1));
#10524=CARTESIAN_POINT('',(-7.62E0,-8.343487648053E-2,4.187276689679E-1));
#10525=CARTESIAN_POINT('',(-7.62E0,-8.343487648043E-2,4.324883596502E-1));
#10526=CARTESIAN_POINT('',(-7.62E0,-8.343487648033E-2,4.462490503325E-1));
#10527=CARTESIAN_POINT('',(-7.62E0,-8.343487648023E-2,4.600097410148E-1));
#10529=CARTESIAN_POINT('',(-7.62E0,-8.343487648023E-2,4.600097410148E-1));
#10530=CARTESIAN_POINT('',(-7.62E0,-8.343487648023E-2,4.712152747991E-1));
#10531=CARTESIAN_POINT('',(-7.62E0,-6.383540368789E-2,4.902214902751E-1));
#10532=CARTESIAN_POINT('',(-7.62E0,-4.461598058342E-2,4.824345225896E-1));
#10533=CARTESIAN_POINT('',(-7.62E0,-3.815776520253E-2,4.783777374766E-1));
#10535=CARTESIAN_POINT('',(-7.62E0,-3.815776520253E-2,4.783777374766E-1));
#10536=CARTESIAN_POINT('',(-7.62E0,-3.815776520253E-2,4.747347515116E-1));
#10537=CARTESIAN_POINT('',(-7.62E0,-3.815776520253E-2,4.710917655466E-1));
#10538=CARTESIAN_POINT('',(-7.62E0,-3.815776520253E-2,4.674487795816E-1));
#10540=CARTESIAN_POINT('',(-7.62E0,-3.815776520253E-2,4.674487795816E-1));
#10541=CARTESIAN_POINT('',(-7.62E0,-4.395984053937E-2,4.721577102899E-1));
#10542=CARTESIAN_POINT('',(-7.62E0,-5.896729538328E-2,4.814959712393E-1));
#10543=CARTESIAN_POINT('',(-7.62E0,-7.218447864745E-2,4.662993489622E-1));
#10544=CARTESIAN_POINT('',(-7.62E0,-7.218447864745E-2,4.595046211125E-1));
#10546=CARTESIAN_POINT('',(-7.62E0,-7.218447864745E-2,4.595046211125E-1));
#10547=CARTESIAN_POINT('',(-7.62E0,-6.584751986825E-2,4.586168346170E-1));
#10548=CARTESIAN_POINT('',(-7.62E0,-5.951056108905E-2,4.577290481215E-1));
#10549=CARTESIAN_POINT('',(-7.62E0,-5.317360230986E-2,4.568412616260E-1));
#10551=CARTESIAN_POINT('',(-7.62E0,-5.317360230986E-2,4.568412616260E-1));
#10552=CARTESIAN_POINT('',(-7.62E0,-4.331610105875E-2,4.554695057880E-1));
#10553=CARTESIAN_POINT('',(-7.62E0,-2.715818344969E-2,4.414427358974E-1));
#10554=CARTESIAN_POINT('',(-7.62E0,-3.610590648779E-2,4.201556591563E-1));
#10555=CARTESIAN_POINT('',(-7.62E0,-5.480065017172E-2,4.145486648454E-1));
#10556=CARTESIAN_POINT('',(-7.62E0,-6.833202180262E-2,4.220193628464E-1));
#10557=CARTESIAN_POINT('',(-7.62E0,-7.218447864775E-2,4.286463870572E-1));
#10559=CARTESIAN_POINT('',(-7.62E0,-9.868031354358E-2,4.325955062963E-1));
#10560=CARTESIAN_POINT('',(-7.62E0,-9.868031354358E-2,4.287229203757E-1));
#10561=CARTESIAN_POINT('',(-7.62E0,-9.868031354358E-2,4.248503344550E-1));
#10562=CARTESIAN_POINT('',(-7.62E0,-9.868031354358E-2,4.209777485344E-1));
#10564=CARTESIAN_POINT('',(-7.62E0,-9.868031354358E-2,4.209777485344E-1));
#10565=CARTESIAN_POINT('',(-7.62E0,-1.039891447082E-1,4.183233329519E-1));
#10566=CARTESIAN_POINT('',(-7.62E0,-1.164341510854E-1,4.161415479675E-1));
#10567=CARTESIAN_POINT('',(-7.62E0,-1.351918212662E-1,4.191045193770E-1));
#10568=CARTESIAN_POINT('',(-7.62E0,-1.440965863839E-1,4.346312576878E-1));
#10569=CARTESIAN_POINT('',(-7.62E0,-1.384174001199E-1,4.496270157401E-1));
#10570=CARTESIAN_POINT('',(-7.62E0,-1.252877595746E-1,4.549016739789E-1));
#10571=CARTESIAN_POINT('',(-7.62E0,-1.133784200797E-1,4.581039803052E-1));
#10572=CARTESIAN_POINT('',(-7.62E0,-1.091025576526E-1,4.668161026584E-1));
#10573=CARTESIAN_POINT('',(-7.62E0,-1.137196813363E-1,4.743821821882E-1));
#10574=CARTESIAN_POINT('',(-7.62E0,-1.254133432895E-1,4.760694140041E-1));
#10575=CARTESIAN_POINT('',(-7.62E0,-1.341732488986E-1,4.736205999540E-1));
#10576=CARTESIAN_POINT('',(-7.62E0,-1.389291857901E-1,4.705713389801E-1));
#10578=CARTESIAN_POINT('',(-7.62E0,-1.389291857901E-1,4.705713389801E-1));
#10579=CARTESIAN_POINT('',(-7.62E0,-1.389291857901E-1,4.742143249449E-1));
#10580=CARTESIAN_POINT('',(-7.62E0,-1.389291857901E-1,4.778573109097E-1));
#10581=CARTESIAN_POINT('',(-7.62E0,-1.389291857901E-1,4.815002968745E-1));
#10583=CARTESIAN_POINT('',(-7.62E0,-1.389291857901E-1,4.815002968745E-1));
#10584=CARTESIAN_POINT('',(-7.62E0,-1.341628217021E-1,4.834629173816E-1));
#10585=CARTESIAN_POINT('',(-7.62E0,-1.228764150917E-1,4.853754174830E-1));
#10586=CARTESIAN_POINT('',(-7.62E0,-1.053824202053E-1,4.821408698726E-1));
#10587=CARTESIAN_POINT('',(-7.62E0,-9.688599475570E-2,4.672922691186E-1));
#10588=CARTESIAN_POINT('',(-7.62E0,-1.016790500937E-1,4.526442095134E-1));
#10589=CARTESIAN_POINT('',(-7.62E0,-1.147138597090E-1,4.467421625892E-1));
#10590=CARTESIAN_POINT('',(-7.62E0,-1.266755011332E-1,4.439988786006E-1));
#10591=CARTESIAN_POINT('',(-7.62E0,-1.334945261962E-1,4.316400934985E-1));
#10592=CARTESIAN_POINT('',(-7.62E0,-1.144071132003E-1,4.230436814888E-1));
#10593=CARTESIAN_POINT('',(-7.62E0,-1.039597454533E-1,4.287943153213E-1));
#10594=CARTESIAN_POINT('',(-7.62E0,-9.868031354358E-2,4.325955062963E-1));
#10596=CARTESIAN_POINT('',(-7.62E0,-1.787247958267E-1,4.293811069155E-1));
#10597=CARTESIAN_POINT('',(-7.62E0,-1.782176966899E-1,4.311413732431E-1));
#10598=CARTESIAN_POINT('',(-7.62E0,-1.777105975532E-1,4.329016395706E-1));
#10599=CARTESIAN_POINT('',(-7.62E0,-1.772034984164E-1,4.346619058982E-1));
#10601=CARTESIAN_POINT('',(-7.62E0,-1.772034984164E-1,4.346619058982E-1));
#10602=CARTESIAN_POINT('',(-7.62E0,-1.716165661595E-1,4.507339028019E-1));
#10603=CARTESIAN_POINT('',(-7.62E0,-1.660296339025E-1,4.668058997057E-1));
#10604=CARTESIAN_POINT('',(-7.62E0,-1.604427016456E-1,4.828778966095E-1));
#10606=CARTESIAN_POINT('',(-7.62E0,-1.604427016456E-1,4.828778966095E-1));
#10607=CARTESIAN_POINT('',(-7.62E0,-1.562486757869E-1,4.828778966095E-1));
#10608=CARTESIAN_POINT('',(-7.62E0,-1.520546499282E-1,4.828778966095E-1));
#10609=CARTESIAN_POINT('',(-7.62E0,-1.478606240696E-1,4.828778966095E-1));
#10611=CARTESIAN_POINT('',(-7.62E0,-1.478606240696E-1,4.828778966095E-1));
#10612=CARTESIAN_POINT('',(-7.62E0,-1.562486757869E-1,4.615404073869E-1));
#10613=CARTESIAN_POINT('',(-7.62E0,-1.646367275042E-1,4.402029181643E-1));
#10614=CARTESIAN_POINT('',(-7.62E0,-1.730247792216E-1,4.188654289417E-1));
#10616=CARTESIAN_POINT('',(-7.62E0,-1.730247792216E-1,4.188654289417E-1));
#10617=CARTESIAN_POINT('',(-7.62E0,-1.713793128718E-1,4.149775363572E-1));
#10618=CARTESIAN_POINT('',(-7.62E0,-1.697338465221E-1,4.110896437727E-1));
#10619=CARTESIAN_POINT('',(-7.62E0,-1.680883801724E-1,4.072017511883E-1));
#10621=CARTESIAN_POINT('',(-7.62E0,-1.680883801724E-1,4.072017511883E-1));
#10622=CARTESIAN_POINT('',(-7.62E0,-1.661953968027E-1,4.026995204706E-1));
#10623=CARTESIAN_POINT('',(-7.62E0,-1.593332626766E-1,3.965979672679E-1));
#10624=CARTESIAN_POINT('',(-7.62E0,-1.521976024348E-1,3.986424735706E-1));
#10625=CARTESIAN_POINT('',(-7.62E0,-1.501795836229E-1,3.994412726838E-1));
#10627=CARTESIAN_POINT('',(-7.62E0,-1.501795836229E-1,3.994412726838E-1));
#10628=CARTESIAN_POINT('',(-7.62E0,-1.501795836229E-1,3.961044199931E-1));
#10629=CARTESIAN_POINT('',(-7.62E0,-1.501795836229E-1,3.927675673023E-1));
#10630=CARTESIAN_POINT('',(-7.62E0,-1.501795836229E-1,3.894307146116E-1));
#10632=CARTESIAN_POINT('',(-7.62E0,-1.501795836229E-1,3.894307146116E-1));
#10633=CARTESIAN_POINT('',(-7.62E0,-1.525152635903E-1,3.887326953114E-1));
#10634=CARTESIAN_POINT('',(-7.62E0,-1.655028577430E-1,3.867411479423E-1));
#10635=CARTESIAN_POINT('',(-7.62E0,-1.765528741081E-1,3.995096631674E-1));
#10636=CARTESIAN_POINT('',(-7.62E0,-1.803260578152E-1,4.090385508347E-1));
#10638=CARTESIAN_POINT('',(-7.62E0,-1.803260578152E-1,4.090385508347E-1));
#10639=CARTESIAN_POINT('',(-7.62E0,-1.900304826123E-1,4.336516660930E-1));
#10640=CARTESIAN_POINT('',(-7.62E0,-1.997349074093E-1,4.582647813512E-1));
#10641=CARTESIAN_POINT('',(-7.62E0,-2.094393322064E-1,4.828778966095E-1));
#10643=CARTESIAN_POINT('',(-7.62E0,-2.094393322064E-1,4.828778966095E-1));
#10644=CARTESIAN_POINT('',(-7.62E0,-2.055514396222E-1,4.828778966095E-1));
#10645=CARTESIAN_POINT('',(-7.62E0,-2.016635470380E-1,4.828778966095E-1));
#10646=CARTESIAN_POINT('',(-7.62E0,-1.977756544539E-1,4.828778966095E-1));
#10648=CARTESIAN_POINT('',(-7.62E0,-1.977756544539E-1,4.828778966095E-1));
#10649=CARTESIAN_POINT('',(-7.62E0,-1.919361622454E-1,4.667752863783E-1));
#10650=CARTESIAN_POINT('',(-7.62E0,-1.860966700369E-1,4.506726761471E-1));
#10651=CARTESIAN_POINT('',(-7.62E0,-1.802571778284E-1,4.345700659159E-1));
#10653=CARTESIAN_POINT('',(-7.62E0,-1.802571778284E-1,4.345700659159E-1));
#10654=CARTESIAN_POINT('',(-7.62E0,-1.797292678203E-1,4.328455598894E-1));
#10655=CARTESIAN_POINT('',(-7.62E0,-1.790653819834E-1,4.311521549334E-1));
#10656=CARTESIAN_POINT('',(-7.62E0,-1.787247958267E-1,4.293811069155E-1));
#10658=DIRECTION('',(0.E0,0.E0,1.E0));
#10659=VECTOR('',#10658,1.024015802759E-2);
#10660=CARTESIAN_POINT('',(-7.62E0,-2.698700405648E-1,4.187276689679E-1));
#10661=LINE('',#10660,#10659);
#10662=DIRECTION('',(0.E0,1.E0,0.E0));
#10663=VECTOR('',#10662,3.671303292738E-2);
#10664=CARTESIAN_POINT('',(-7.62E0,-2.698700405648E-1,4.289678269955E-1));
#10665=LINE('',#10664,#10663);
#10666=DIRECTION('',(0.E0,0.E0,1.E0));
#10667=VECTOR('',#10666,3.021535417862E-2);
#10668=CARTESIAN_POINT('',(-7.62E0,-2.331570076374E-1,4.289678269955E-1));
#10669=LINE('',#10668,#10667);
#10670=DIRECTION('',(0.E0,-1.E0,0.E0));
#10671=VECTOR('',#10670,3.212103381161E-2);
#10672=CARTESIAN_POINT('',(-7.62E0,-2.331570076374E-1,4.591831811741E-1));
#10673=LINE('',#10672,#10671);
#10674=DIRECTION('',(0.E0,0.E0,1.E0));
#10675=VECTOR('',#10674,1.028607801842E-2);
#10676=CARTESIAN_POINT('',(-7.62E0,-2.652780414490E-1,4.591831811741E-1));
#10677=LINE('',#10676,#10675);
#10678=DIRECTION('',(0.E0,1.E0,0.E0));
#10679=VECTOR('',#10678,3.212103381161E-2);
#10680=CARTESIAN_POINT('',(-7.62E0,-2.652780414490E-1,4.694692591926E-1));
#10681=LINE('',#10680,#10679);
#10682=DIRECTION('',(0.E0,0.E0,1.E0));
#10683=VECTOR('',#10682,2.874591446257E-2);
#10684=CARTESIAN_POINT('',(-7.62E0,-2.331570076374E-1,4.694692591926E-1));
#10685=LINE('',#10684,#10683);
#10686=DIRECTION('',(0.E0,-1.E0,0.E0));
#10687=VECTOR('',#10686,3.466959332065E-2);
#10688=CARTESIAN_POINT('',(-7.62E0,-2.331570076374E-1,4.982151736551E-1));
#10689=LINE('',#10688,#10687);
#10690=DIRECTION('',(0.E0,0.E0,1.E0));
#10691=VECTOR('',#10690,1.033199800926E-2);
#10692=CARTESIAN_POINT('',(-7.62E0,-2.678266009581E-1,4.982151736551E-1));
#10693=LINE('',#10692,#10691);
#10694=DIRECTION('',(0.E0,1.E0,0.E0));
#10695=VECTOR('',#10694,4.626439108687E-2);
#10696=CARTESIAN_POINT('',(-7.62E0,-2.678266009581E-1,5.085471716644E-1));
#10697=LINE('',#10696,#10695);
#10698=DIRECTION('',(0.E0,0.E0,-1.E0));
#10699=VECTOR('',#10698,8.981950269646E-2);
#10700=CARTESIAN_POINT('',(-7.62E0,-2.215622098712E-1,5.085471716644E-1));
#10701=LINE('',#10700,#10699);
#10702=DIRECTION('',(0.E0,-1.E0,0.E0));
#10703=VECTOR('',#10702,4.830783069360E-2);
#10704=CARTESIAN_POINT('',(-7.62E0,-2.215622098712E-1,4.187276689679E-1));
#10705=LINE('',#10704,#10703);
#10706=CARTESIAN_POINT('',(-7.62E0,-2.984322750619E-1,4.982151736551E-1));
#10707=CARTESIAN_POINT('',(-7.62E0,-3.029553941905E-1,4.982151736551E-1));
#10708=CARTESIAN_POINT('',(-7.62E0,-3.074785133191E-1,4.982151736551E-1));
#10709=CARTESIAN_POINT('',(-7.62E0,-3.120016324477E-1,4.982151736551E-1));
#10711=CARTESIAN_POINT('',(-7.62E0,-3.120016324477E-1,4.982151736551E-1));
#10712=CARTESIAN_POINT('',(-7.62E0,-3.210896699763E-1,4.982151736552E-1));
#10713=CARTESIAN_POINT('',(-7.62E0,-3.414151423655E-1,4.934245534526E-1));
#10714=CARTESIAN_POINT('',(-7.62E0,-3.508605256914E-1,4.642135855207E-1));
#10715=CARTESIAN_POINT('',(-7.62E0,-3.417344123017E-1,4.346823796249E-1));
#10716=CARTESIAN_POINT('',(-7.62E0,-3.209062118790E-1,4.289678269956E-1));
#10717=CARTESIAN_POINT('',(-7.62E0,-3.114735525496E-1,4.289678269955E-1));
#10719=CARTESIAN_POINT('',(-7.62E0,-3.114735525496E-1,4.289678269955E-1));
#10720=CARTESIAN_POINT('',(-7.62E0,-3.071264600538E-1,4.289678269955E-1));
#10721=CARTESIAN_POINT('',(-7.62E0,-3.027793675580E-1,4.289678269955E-1));
#10722=CARTESIAN_POINT('',(-7.62E0,-2.984322750622E-1,4.289678269955E-1));
#10724=CARTESIAN_POINT('',(-7.62E0,-2.984322750622E-1,4.289678269955E-1));
#10725=CARTESIAN_POINT('',(-7.62E0,-2.984322750621E-1,4.520502758821E-1));
#10726=CARTESIAN_POINT('',(-7.62E0,-2.984322750620E-1,4.751327247686E-1));
#10727=CARTESIAN_POINT('',(-7.62E0,-2.984322750619E-1,4.982151736551E-1));
#10729=CARTESIAN_POINT('',(-7.62E0,-2.868374772963E-1,4.187276689679E-1));
#10730=CARTESIAN_POINT('',(-7.62E0,-2.950724623766E-1,4.187276689679E-1));
#10731=CARTESIAN_POINT('',(-7.62E0,-3.033074474568E-1,4.187276689679E-1));
#10732=CARTESIAN_POINT('',(-7.62E0,-3.115424325371E-1,4.187276689679E-1));
#10734=CARTESIAN_POINT('',(-7.62E0,-3.115424325371E-1,4.187276689679E-1));
#10735=CARTESIAN_POINT('',(-7.62E0,-3.239012365245E-1,4.187276689680E-1));
#10736=CARTESIAN_POINT('',(-7.62E0,-3.503390666229E-1,4.266932902878E-1));
#10737=CARTESIAN_POINT('',(-7.62E0,-3.647826085223E-1,4.643257085585E-1));
#10738=CARTESIAN_POINT('',(-7.62E0,-3.500394203154E-1,5.012370794340E-1));
#10739=CARTESIAN_POINT('',(-7.62E0,-3.244542773645E-1,5.085471716644E-1));
#10740=CARTESIAN_POINT('',(-7.62E0,-3.124608323594E-1,5.085471716644E-1));
#10742=CARTESIAN_POINT('',(-7.62E0,-3.124608323594E-1,5.085471716644E-1));
#10743=CARTESIAN_POINT('',(-7.62E0,-3.039197140049E-1,5.085471716644E-1));
#10744=CARTESIAN_POINT('',(-7.62E0,-2.953785956505E-1,5.085471716644E-1));
#10745=CARTESIAN_POINT('',(-7.62E0,-2.868374772960E-1,5.085471716644E-1));
#10747=CARTESIAN_POINT('',(-7.62E0,-2.868374772960E-1,5.085471716644E-1));
#10748=CARTESIAN_POINT('',(-7.62E0,-2.868374772961E-1,4.786073374322E-1));
#10749=CARTESIAN_POINT('',(-7.62E0,-2.868374772962E-1,4.486675032001E-1));
#10750=CARTESIAN_POINT('',(-7.62E0,-2.868374772963E-1,4.187276689679E-1));
#10752=CARTESIAN_POINT('',(-7.62E0,-4.051034901920E-1,4.970671738756E-1));
#10753=CARTESIAN_POINT('',(-7.62E0,-4.054637154235E-1,4.949385702324E-1));
#10754=CARTESIAN_POINT('',(-7.62E0,-4.059261921595E-1,4.928126230381E-1));
#10755=CARTESIAN_POINT('',(-7.62E0,-4.066427342153E-1,4.907761350883E-1));
#10757=CARTESIAN_POINT('',(-7.62E0,-4.066427342153E-1,4.907761350883E-1));
#10758=CARTESIAN_POINT('',(-7.62E0,-4.111658533442E-1,4.783318174856E-1));
#10759=CARTESIAN_POINT('',(-7.62E0,-4.156889724731E-1,4.658874998828E-1));
#10760=CARTESIAN_POINT('',(-7.62E0,-4.202120916020E-1,4.534431822800E-1));
#10762=CARTESIAN_POINT('',(-7.62E0,-4.202120916020E-1,4.534431822800E-1));
#10763=CARTESIAN_POINT('',(-7.62E0,-4.101632668712E-1,4.534431822800E-1));
#10764=CARTESIAN_POINT('',(-7.62E0,-4.001144421404E-1,4.534431822800E-1));
#10765=CARTESIAN_POINT('',(-7.62E0,-3.900656174097E-1,4.534431822800E-1));
#10767=CARTESIAN_POINT('',(-7.62E0,-3.900656174097E-1,4.534431822800E-1));
#10768=CARTESIAN_POINT('',(-7.62E0,-3.945428165468E-1,4.658874998828E-1));
#10769=CARTESIAN_POINT('',(-7.62E0,-3.990200156839E-1,4.783318174856E-1));
#10770=CARTESIAN_POINT('',(-7.62E0,-4.034972148211E-1,4.907761350883E-1));
#10772=CARTESIAN_POINT('',(-7.62E0,-4.034972148211E-1,4.907761350883E-1));
#10773=CARTESIAN_POINT('',(-7.62E0,-4.042571471337E-1,4.928026212511E-1));
#10774=CARTESIAN_POINT('',(-7.62E0,-4.047594346447E-1,4.949304078453E-1));
#10775=CARTESIAN_POINT('',(-7.62E0,-4.051034901920E-1,4.970671738756E-1));
#10777=DIRECTION('',(0.E0,3.559357243710E-1,9.345104387413E-1));
#10778=VECTOR('',#10777,9.611396403173E-2);
#10779=CARTESIAN_POINT('',(-7.62E0,-4.457665666795E-1,4.187276689679E-1));
#10780=LINE('',#10779,#10778);
#10781=DIRECTION('',(0.E0,1.E0,0.E0));
#10782=VECTOR('',#10781,1.239839761142E-2);
#10783=CARTESIAN_POINT('',(-7.62E0,-4.115561732697E-1,5.085471716644E-1));
#10784=LINE('',#10783,#10782);
#10785=DIRECTION('',(0.E0,3.559357243682E-1,-9.345104387424E-1));
#10786=VECTOR('',#10785,9.611396403162E-2);
#10787=CARTESIAN_POINT('',(-7.62E0,-3.991577756583E-1,5.085471716644E-1));
#10788=LINE('',#10787,#10786);
#10789=DIRECTION('',(0.E0,-1.E0,0.E0));
#10790=VECTOR('',#10789,1.281167753142E-2);
#10791=CARTESIAN_POINT('',(-7.62E0,-3.649473822488E-1,4.187276689679E-1));
#10792=LINE('',#10791,#10790);
#10793=DIRECTION('',(0.E0,-3.315284184079E-1,9.434452330623E-1));
#10794=VECTOR('',#10793,2.603987428827E-2);
#10795=CARTESIAN_POINT('',(-7.62E0,-3.777590597802E-1,4.187276689679E-1));
#10796=LINE('',#10795,#10794);
#10797=DIRECTION('',(0.E0,-1.E0,0.E0));
#10798=VECTOR('',#10797,3.740183279457E-2);
#10799=CARTESIAN_POINT('',(-7.62E0,-3.863920181186E-1,4.432948642347E-1));
#10800=LINE('',#10799,#10798);
#10801=DIRECTION('',(0.E0,-3.493954794713E-1,-9.369753459537E-1));
#10802=VECTOR('',#10801,2.621968163080E-2);
#10803=CARTESIAN_POINT('',(-7.62E0,-4.237938509131E-1,4.432948642347E-1));
#10804=LINE('',#10803,#10802);
#10805=DIRECTION('',(0.E0,-1.E0,0.E0));
#10806=VECTOR('',#10805,1.281167753142E-2);
#10807=CARTESIAN_POINT('',(-7.62E0,-4.329548891481E-1,4.187276689679E-1));
#10808=LINE('',#10807,#10806);
#10809=CARTESIAN_POINT('',(-7.62E0,1.639689384627E-1,5.914787649095E-1));
#10810=CARTESIAN_POINT('',(-7.62E0,1.709813707057E-1,6.106036066464E-1));
#10811=CARTESIAN_POINT('',(-7.62E0,2.012182980051E-1,6.548856488026E-1));
#10812=CARTESIAN_POINT('',(-7.62E0,2.810586754309E-1,6.855520102551E-1));
#10813=CARTESIAN_POINT('',(-7.62E0,3.537369949602E-1,6.618858594252E-1));
#10814=CARTESIAN_POINT('',(-7.62E0,3.819897820791E-1,6.326538854972E-1));
#10815=CARTESIAN_POINT('',(-7.62E0,3.900359832862E-1,6.221319250780E-1));
#10817=CARTESIAN_POINT('',(-7.62E0,3.900359832862E-1,6.221319250780E-1));
#10818=CARTESIAN_POINT('',(-7.62E0,3.949124973424E-1,6.227414922412E-1));
#10819=CARTESIAN_POINT('',(-7.62E0,4.261861448447E-1,6.262473426012E-1));
#10820=CARTESIAN_POINT('',(-7.62E0,4.861907087023E-1,6.005122281948E-1));
#10821=CARTESIAN_POINT('',(-7.62E0,5.185206999706E-1,5.214343240136E-1));
#10822=CARTESIAN_POINT('',(-7.62E0,4.905862338193E-1,4.487728865483E-1));
#10823=CARTESIAN_POINT('',(-7.62E0,4.494979430609E-1,4.246558731106E-1));
#10824=CARTESIAN_POINT('',(-7.62E0,4.302682678077E-1,4.196933800879E-1));
#10826=CARTESIAN_POINT('',(-7.62E0,4.302682678077E-1,4.196933800879E-1));
#10827=CARTESIAN_POINT('',(-7.62E0,4.225815193777E-1,3.960418499273E-1));
#10828=CARTESIAN_POINT('',(-7.62E0,3.634739340599E-1,3.503921179645E-1));
#10829=CARTESIAN_POINT('',(-7.62E0,3.046050585697E-1,4.122448404928E-1));
#10830=CARTESIAN_POINT('',(-7.62E0,3.057398034806E-1,4.443862074480E-1));
#10831=CARTESIAN_POINT('',(-7.62E0,3.057398034806E-1,4.465148990418E-1));
#10833=CARTESIAN_POINT('',(-7.62E0,3.057398034806E-1,4.465148990418E-1));
#10834=CARTESIAN_POINT('',(-7.62E0,2.759381211677E-1,4.622672160237E-1));
#10835=CARTESIAN_POINT('',(-7.62E0,2.461364388547E-1,4.780195330055E-1));
#10836=CARTESIAN_POINT('',(-7.62E0,2.163347565418E-1,4.937718499874E-1));
#10838=CARTESIAN_POINT('',(-7.62E0,2.163347565418E-1,4.937718499874E-1));
#10839=CARTESIAN_POINT('',(-7.62E0,2.229336972345E-1,5.050539178705E-1));
#10840=CARTESIAN_POINT('',(-7.62E0,2.295326379272E-1,5.163359857536E-1));
#10841=CARTESIAN_POINT('',(-7.62E0,2.361315786199E-1,5.276180536367E-1));
#10843=CARTESIAN_POINT('',(-7.62E0,2.361315786199E-1,5.276180536367E-1));
#10844=CARTESIAN_POINT('',(-7.62E0,2.646560451645E-1,5.127172124803E-1));
#10845=CARTESIAN_POINT('',(-7.62E0,2.931805117090E-1,4.978163713240E-1));
#10846=CARTESIAN_POINT('',(-7.62E0,3.217049782535E-1,4.829155301677E-1));
#10848=CARTESIAN_POINT('',(-7.62E0,3.217049782535E-1,4.829155301677E-1));
#10849=CARTESIAN_POINT('',(-7.62E0,3.331127610843E-1,4.962246181954E-1));
#10850=CARTESIAN_POINT('',(-7.62E0,3.765577971861E-1,5.173737566475E-1));
#10851=CARTESIAN_POINT('',(-7.62E0,4.211773580716E-1,4.854220062214E-1));
#10852=CARTESIAN_POINT('',(-7.62E0,4.296296396225E-1,4.624800859954E-1));
#10854=CARTESIAN_POINT('',(-7.62E0,4.296296396225E-1,4.624800859954E-1));
#10855=CARTESIAN_POINT('',(-7.62E0,4.508938339177E-1,4.722008628477E-1));
#10856=CARTESIAN_POINT('',(-7.62E0,4.917685712694E-1,5.284900140945E-1));
#10857=CARTESIAN_POINT('',(-7.62E0,4.223961220527E-1,5.959577016947E-1));
#10858=CARTESIAN_POINT('',(-7.62E0,3.802934312125E-1,5.815461812510E-1));
#10859=CARTESIAN_POINT('',(-7.62E0,3.702391490283E-1,5.755136144967E-1));
#10861=CARTESIAN_POINT('',(-7.62E0,3.702391490283E-1,5.755136144967E-1));
#10862=CARTESIAN_POINT('',(-7.62E0,3.589651211557E-1,6.087423365656E-1));
#10863=CARTESIAN_POINT('',(-7.62E0,2.796371564636E-1,6.704280256864E-1));
#10864=CARTESIAN_POINT('',(-7.62E0,1.997971208611E-1,5.966875558530E-1));
#10865=CARTESIAN_POINT('',(-7.62E0,1.952607146356E-1,5.569939635258E-1));
#10867=CARTESIAN_POINT('',(-7.62E0,1.952607146356E-1,5.569939635258E-1));
#10868=CARTESIAN_POINT('',(-7.62E0,1.935577629847E-1,5.569939635258E-1));
#10869=CARTESIAN_POINT('',(-7.62E0,1.684685776860E-1,5.579024268843E-1));
#10870=CARTESIAN_POINT('',(-7.62E0,1.155333136923E-1,5.086476460094E-1));
#10871=CARTESIAN_POINT('',(-7.62E0,1.637842328541E-1,4.590201765700E-1));
#10872=CARTESIAN_POINT('',(-7.62E0,1.863202245582E-1,4.573712066814E-1));
#10874=CARTESIAN_POINT('',(-7.62E0,1.863202245582E-1,4.573712066814E-1));
#10875=CARTESIAN_POINT('',(-7.62E0,1.958993367302E-1,4.573712066814E-1));
#10876=CARTESIAN_POINT('',(-7.62E0,2.054784489022E-1,4.573712066814E-1));
#10877=CARTESIAN_POINT('',(-7.62E0,2.150575610742E-1,4.573712066814E-1));
#10879=CARTESIAN_POINT('',(-7.62E0,2.150575610742E-1,4.573712066814E-1));
#10880=CARTESIAN_POINT('',(-7.62E0,2.163523898829E-1,4.573712066814E-1));
#10881=CARTESIAN_POINT('',(-7.62E0,2.266651095598E-1,4.609720456358E-1));
#10882=CARTESIAN_POINT('',(-7.62E0,2.487091363023E-1,4.378627580861E-1));
#10883=CARTESIAN_POINT('',(-7.62E0,2.291850841821E-1,4.189798191340E-1));
#10884=CARTESIAN_POINT('',(-7.62E0,2.201663916664E-1,4.184161602590E-1));
#10886=CARTESIAN_POINT('',(-7.62E0,2.201663916664E-1,4.184161602590E-1));
#10887=CARTESIAN_POINT('',(-7.62E0,2.088843278434E-1,4.184161602590E-1));
#10888=CARTESIAN_POINT('',(-7.62E0,1.976022640204E-1,4.184161602590E-1));
#10889=CARTESIAN_POINT('',(-7.62E0,1.863202001974E-1,4.184161602590E-1));
#10891=CARTESIAN_POINT('',(-7.62E0,1.863202001974E-1,4.184161602590E-1));
#10892=CARTESIAN_POINT('',(-7.62E0,1.856815943434E-1,4.184161602590E-1));
#10893=CARTESIAN_POINT('',(-7.62E0,1.850429884894E-1,4.184161602590E-1));
#10894=CARTESIAN_POINT('',(-7.62E0,1.844043826353E-1,4.184161602590E-1));
#10896=CARTESIAN_POINT('',(-7.62E0,1.844043826353E-1,4.184161602590E-1));
#10897=CARTESIAN_POINT('',(-7.62E0,1.837657767812E-1,4.184161602590E-1));
#10898=CARTESIAN_POINT('',(-7.62E0,1.831271709270E-1,4.184161602590E-1));
#10899=CARTESIAN_POINT('',(-7.62E0,1.824885650729E-1,4.184161602590E-1));
#10901=CARTESIAN_POINT('',(-7.62E0,1.824885650729E-1,4.184161602590E-1));
#10902=CARTESIAN_POINT('',(-7.62E0,1.609573654115E-1,4.202616869650E-1));
#10903=CARTESIAN_POINT('',(-7.62E0,1.182684985601E-1,4.415927008153E-1));
#10904=CARTESIAN_POINT('',(-7.62E0,8.479908894584E-2,5.208321031378E-1));
#10905=CARTESIAN_POINT('',(-7.62E0,1.306380391596E-1,5.809532165866E-1));
#10906=CARTESIAN_POINT('',(-7.62E0,1.639689384627E-1,5.914787649095E-1));
#10908=DIRECTION('',(-1.E0,0.E0,0.E0));
#10909=VECTOR('',#10908,1.E-2);
#10910=CARTESIAN_POINT('',(-7.62E0,3.453334659075E-1,4.394901778045E-1));
#10911=LINE('',#10910,#10909);
#10912=DIRECTION('',(-1.E0,0.E0,0.E0));
#10913=VECTOR('',#10912,1.E-2);
#10914=CARTESIAN_POINT('',(-7.62E0,3.951448565099E-1,4.394901778045E-1));
#10915=LINE('',#10914,#10913);
#10916=CARTESIAN_POINT('',(-7.63E0,3.702391612087E-1,4.394901778045E-1));
#10917=DIRECTION('',(1.E0,0.E0,0.E0));
#10918=DIRECTION('',(0.E0,-1.E0,0.E0));
#10919=AXIS2_PLACEMENT_3D('',#10916,#10917,#10918);
#10921=CARTESIAN_POINT('',(-7.63E0,3.702391612087E-1,4.394901778045E-1));
#10922=DIRECTION('',(1.E0,0.E0,0.E0));
#10923=DIRECTION('',(0.E0,1.E0,0.E0));
#10924=AXIS2_PLACEMENT_3D('',#10921,#10922,#10923);
#10926=DIRECTION('',(0.E0,0.E0,1.E0));
#10927=VECTOR('',#10926,1.024015802758E-2);
#10928=CARTESIAN_POINT('',(-7.63E0,-2.018008866648E-2,5.612174015177E-1));
#10929=LINE('',#10928,#10927);
#10930=DIRECTION('',(0.E0,-1.E0,0.E0));
#10931=VECTOR('',#10930,4.736647087497E-2);
#10932=CARTESIAN_POINT('',(-7.63E0,2.718638220849E-2,5.612174015177E-1));
#10933=LINE('',#10932,#10931);
#10934=DIRECTION('',(0.E0,0.E0,-1.E0));
#10935=VECTOR('',#10934,8.981950269646E-2);
#10936=CARTESIAN_POINT('',(-7.63E0,2.718638220849E-2,6.510369042142E-1));
#10937=LINE('',#10936,#10935);
#10938=DIRECTION('',(0.E0,1.E0,0.E0));
#10939=VECTOR('',#10938,1.159479776622E-2);
#10940=CARTESIAN_POINT('',(-7.63E0,1.559158444227E-2,6.510369042142E-1));
#10941=LINE('',#10940,#10939);
#10942=DIRECTION('',(0.E0,0.E0,1.E0));
#10943=VECTOR('',#10942,7.957934466887E-2);
#10944=CARTESIAN_POINT('',(-7.63E0,1.559158444227E-2,5.714575595453E-1));
#10945=LINE('',#10944,#10943);
#10946=DIRECTION('',(0.E0,1.E0,0.E0));
#10947=VECTOR('',#10946,3.577167310875E-2);
#10948=CARTESIAN_POINT('',(-7.63E0,-2.018008866648E-2,5.714575595453E-1));
#10949=LINE('',#10948,#10947);
#10950=CARTESIAN_POINT('',(-7.63E0,-9.110351500336E-2,5.649369208014E-1));
#10951=CARTESIAN_POINT('',(-7.63E0,-9.110351500336E-2,5.686411334211E-1));
#10952=CARTESIAN_POINT('',(-7.63E0,-9.110351500336E-2,5.723453460408E-1));
#10953=CARTESIAN_POINT('',(-7.63E0,-9.110351500336E-2,5.760495586605E-1));
#10955=CARTESIAN_POINT('',(-7.63E0,-9.110351500336E-2,6.488786646301E-1));
#10956=CARTESIAN_POINT('',(-7.63E0,-8.450017208752E-2,6.517473299957E-1));
#10957=CARTESIAN_POINT('',(-7.63E0,-6.522755539321E-2,6.547028196894E-1));
#10958=CARTESIAN_POINT('',(-7.63E0,-3.210667286378E-2,6.430611905381E-1));
#10959=CARTESIAN_POINT('',(-7.63E0,-1.996833131696E-2,6.054867426455E-1));
#10960=CARTESIAN_POINT('',(-7.63E0,-3.087606528662E-2,5.682771542165E-1));
#10961=CARTESIAN_POINT('',(-7.63E0,-6.375900765508E-2,5.571585834627E-1));
#10962=CARTESIAN_POINT('',(-7.63E0,-8.361255768354E-2,5.609833599931E-1));
#10963=CARTESIAN_POINT('',(-7.63E0,-9.110351500336E-2,5.649369208014E-1));
#10965=CARTESIAN_POINT('',(-7.63E0,-9.110351500336E-2,6.367557869658E-1));
#10966=CARTESIAN_POINT('',(-7.63E0,-9.110351500336E-2,6.407967461872E-1));
#10967=CARTESIAN_POINT('',(-7.63E0,-9.110351500336E-2,6.448377054086E-1));
#10968=CARTESIAN_POINT('',(-7.63E0,-9.110351500336E-2,6.488786646301E-1));
#10970=CARTESIAN_POINT('',(-7.63E0,-9.110351500336E-2,5.760495586605E-1));
#10971=CARTESIAN_POINT('',(-7.63E0,-8.428121356218E-2,5.718989277136E-1));
#10972=CARTESIAN_POINT('',(-7.63E0,-6.773606818110E-2,5.673539256380E-1));
#10973=CARTESIAN_POINT('',(-7.63E0,-4.102321684733E-2,5.770507350290E-1));
#10974=CARTESIAN_POINT('',(-7.63E0,-3.330221357319E-2,6.056809254705E-1));
#10975=CARTESIAN_POINT('',(-7.63E0,-4.148792185977E-2,6.346536915682E-1));
#10976=CARTESIAN_POINT('',(-7.63E0,-6.855665768712E-2,6.446889330568E-1));
#10977=CARTESIAN_POINT('',(-7.63E0,-8.474714213155E-2,6.402971947080E-1));
#10978=CARTESIAN_POINT('',(-7.63E0,-9.110351500336E-2,6.367557869658E-1));
#10980=DIRECTION('',(0.E0,0.E0,1.E0));
#10981=VECTOR('',#10980,1.024015802758E-2);
#10982=CARTESIAN_POINT('',(-7.63E0,-1.573890222336E-1,5.612174015177E-1));
#10983=LINE('',#10982,#10981);
#10984=DIRECTION('',(0.E0,-1.E0,0.E0));
#10985=VECTOR('',#10984,4.830783069360E-2);
#10986=CARTESIAN_POINT('',(-7.63E0,-1.090811915400E-1,5.612174015177E-1));
#10987=LINE('',#10986,#10985);
#10988=DIRECTION('',(0.E0,0.E0,-1.E0));
#10989=VECTOR('',#10988,8.981950269646E-2);
#10990=CARTESIAN_POINT('',(-7.63E0,-1.090811915400E-1,6.510369042142E-1));
#10991=LINE('',#10990,#10989);
#10992=DIRECTION('',(0.E0,1.E0,0.E0));
#10993=VECTOR('',#10992,4.626439108686E-2);
#10994=CARTESIAN_POINT('',(-7.63E0,-1.553455826269E-1,6.510369042142E-1));
#10995=LINE('',#10994,#10993);
#10996=DIRECTION('',(0.E0,0.E0,1.E0));
#10997=VECTOR('',#10996,1.033199800926E-2);
#10998=CARTESIAN_POINT('',(-7.63E0,-1.553455826269E-1,6.407049062049E-1));
#10999=LINE('',#10998,#10997);
#11000=DIRECTION('',(0.E0,-1.E0,0.E0));
#11001=VECTOR('',#11000,3.466959332065E-2);
#11002=CARTESIAN_POINT('',(-7.63E0,-1.206759893062E-1,6.407049062049E-1));
#11003=LINE('',#11002,#11001);
#11004=DIRECTION('',(0.E0,0.E0,1.E0));
#11005=VECTOR('',#11004,2.874591446257E-2);
#11006=CARTESIAN_POINT('',(-7.63E0,-1.206759893062E-1,6.119589917424E-1));
#11007=LINE('',#11006,#11005);
#11008=DIRECTION('',(0.E0,1.E0,0.E0));
#11009=VECTOR('',#11008,3.212103381161E-2);
#11010=CARTESIAN_POINT('',(-7.63E0,-1.527970231179E-1,6.119589917424E-1));
#11011=LINE('',#11010,#11009);
#11012=DIRECTION('',(0.E0,0.E0,1.E0));
#11013=VECTOR('',#11012,1.028607801842E-2);
#11014=CARTESIAN_POINT('',(-7.63E0,-1.527970231179E-1,6.016729137239E-1));
#11015=LINE('',#11014,#11013);
#11016=DIRECTION('',(0.E0,-1.E0,0.E0));
#11017=VECTOR('',#11016,3.212103381161E-2);
#11018=CARTESIAN_POINT('',(-7.63E0,-1.206759893062E-1,6.016729137239E-1));
#11019=LINE('',#11018,#11017);
#11020=DIRECTION('',(0.E0,0.E0,1.E0));
#11021=VECTOR('',#11020,3.021535417862E-2);
#11022=CARTESIAN_POINT('',(-7.63E0,-1.206759893062E-1,5.714575595453E-1));
#11023=LINE('',#11022,#11021);
#11024=DIRECTION('',(0.E0,1.E0,0.E0));
#11025=VECTOR('',#11024,3.671303292738E-2);
#11026=CARTESIAN_POINT('',(-7.63E0,-1.573890222336E-1,5.714575595453E-1));
#11027=LINE('',#11026,#11025);
#11028=CARTESIAN_POINT('',(-7.63E0,-1.859512567310E-1,6.407049062049E-1));
#11029=CARTESIAN_POINT('',(-7.63E0,-1.904743758594E-1,6.407049062049E-1));
#11030=CARTESIAN_POINT('',(-7.63E0,-1.949974949878E-1,6.407049062049E-1));
#11031=CARTESIAN_POINT('',(-7.63E0,-1.995206141162E-1,6.407049062049E-1));
#11033=CARTESIAN_POINT('',(-7.63E0,-1.859512567316E-1,5.714575595453E-1));
#11034=CARTESIAN_POINT('',(-7.63E0,-1.859512567314E-1,5.945400084319E-1));
#11035=CARTESIAN_POINT('',(-7.63E0,-1.859512567312E-1,6.176224573184E-1));
#11036=CARTESIAN_POINT('',(-7.63E0,-1.859512567310E-1,6.407049062049E-1));
#11038=CARTESIAN_POINT('',(-7.63E0,-1.989925342191E-1,5.714575595453E-1));
#11039=CARTESIAN_POINT('',(-7.63E0,-1.946454417233E-1,5.714575595453E-1));
#11040=CARTESIAN_POINT('',(-7.63E0,-1.902983492274E-1,5.714575595453E-1));
#11041=CARTESIAN_POINT('',(-7.63E0,-1.859512567316E-1,5.714575595453E-1));
#11043=CARTESIAN_POINT('',(-7.63E0,-1.995206141162E-1,6.407049062049E-1));
#11044=CARTESIAN_POINT('',(-7.63E0,-2.086086516450E-1,6.407049062050E-1));
#11045=CARTESIAN_POINT('',(-7.63E0,-2.289341240346E-1,6.359142860027E-1));
#11046=CARTESIAN_POINT('',(-7.63E0,-2.383795073617E-1,6.067033180704E-1));
#11047=CARTESIAN_POINT('',(-7.63E0,-2.292533939707E-1,5.771721121748E-1));
#11048=CARTESIAN_POINT('',(-7.63E0,-2.084251935484E-1,5.714575595454E-1));
#11049=CARTESIAN_POINT('',(-7.63E0,-1.989925342191E-1,5.714575595453E-1));
#11051=CARTESIAN_POINT('',(-7.63E0,-1.743564589651E-1,5.612174015177E-1));
#11052=CARTESIAN_POINT('',(-7.63E0,-1.825914440454E-1,5.612174015177E-1));
#11053=CARTESIAN_POINT('',(-7.63E0,-1.908264291257E-1,5.612174015177E-1));
#11054=CARTESIAN_POINT('',(-7.63E0,-1.990614142059E-1,5.612174015177E-1));
#11056=CARTESIAN_POINT('',(-7.63E0,-1.743564589645E-1,6.510369042142E-1));
#11057=CARTESIAN_POINT('',(-7.63E0,-1.743564589647E-1,6.210970699820E-1));
#11058=CARTESIAN_POINT('',(-7.63E0,-1.743564589649E-1,5.911572357499E-1));
#11059=CARTESIAN_POINT('',(-7.63E0,-1.743564589651E-1,5.612174015177E-1));
#11061=CARTESIAN_POINT('',(-7.63E0,-1.999798140286E-1,6.510369042142E-1));
#11062=CARTESIAN_POINT('',(-7.63E0,-1.914386956739E-1,6.510369042142E-1));
#11063=CARTESIAN_POINT('',(-7.63E0,-1.828975773192E-1,6.510369042142E-1));
#11064=CARTESIAN_POINT('',(-7.63E0,-1.743564589645E-1,6.510369042142E-1));
#11066=CARTESIAN_POINT('',(-7.63E0,-1.990614142059E-1,5.612174015177E-1));
#11067=CARTESIAN_POINT('',(-7.63E0,-2.114202181934E-1,5.612174015178E-1));
#11068=CARTESIAN_POINT('',(-7.63E0,-2.378580482927E-1,5.691830228366E-1));
#11069=CARTESIAN_POINT('',(-7.63E0,-2.523015901906E-1,6.068154411083E-1));
#11070=CARTESIAN_POINT('',(-7.63E0,-2.375584019844E-1,6.437268119833E-1));
#11071=CARTESIAN_POINT('',(-7.63E0,-2.119732590337E-1,6.510369042143E-1));
#11072=CARTESIAN_POINT('',(-7.63E0,-1.999798140286E-1,6.510369042142E-1));
#11074=CARTESIAN_POINT('',(-7.63E0,-2.926281451229E-1,6.395569064260E-1));
#11075=CARTESIAN_POINT('',(-7.63E0,-2.929882954924E-1,6.374287451507E-1));
#11076=CARTESIAN_POINT('',(-7.63E0,-2.934453227406E-1,6.353019323627E-1));
#11077=CARTESIAN_POINT('',(-7.63E0,-2.941617158847E-1,6.332658676375E-1));
#11079=CARTESIAN_POINT('',(-7.63E0,-2.910161964905E-1,6.332658676375E-1));
#11080=CARTESIAN_POINT('',(-7.63E0,-2.917762933427E-1,6.352927925775E-1));
#11081=CARTESIAN_POINT('',(-7.63E0,-2.922840150803E-1,6.374196777413E-1));
#11082=CARTESIAN_POINT('',(-7.63E0,-2.926281451229E-1,6.395569064260E-1));
#11084=CARTESIAN_POINT('',(-7.63E0,-2.775845990782E-1,5.959329148292E-1));
#11085=CARTESIAN_POINT('',(-7.63E0,-2.820617982156E-1,6.083772324320E-1));
#11086=CARTESIAN_POINT('',(-7.63E0,-2.865389973531E-1,6.208215500348E-1));
#11087=CARTESIAN_POINT('',(-7.63E0,-2.910161964905E-1,6.332658676375E-1));
#11089=CARTESIAN_POINT('',(-7.63E0,-3.077310732705E-1,5.959329148292E-1));
#11090=CARTESIAN_POINT('',(-7.63E0,-2.976822485397E-1,5.959329148292E-1));
#11091=CARTESIAN_POINT('',(-7.63E0,-2.876334238090E-1,5.959329148292E-1));
#11092=CARTESIAN_POINT('',(-7.63E0,-2.775845990782E-1,5.959329148292E-1));
#11094=CARTESIAN_POINT('',(-7.63E0,-2.941617158847E-1,6.332658676375E-1));
#11095=CARTESIAN_POINT('',(-7.63E0,-2.986848350133E-1,6.208215500348E-1));
#11096=CARTESIAN_POINT('',(-7.63E0,-3.032079541419E-1,6.083772324320E-1));
#11097=CARTESIAN_POINT('',(-7.63E0,-3.077310732705E-1,5.959329148292E-1));
#11099=DIRECTION('',(0.E0,3.559357243710E-1,9.345104387413E-1));
#11100=VECTOR('',#11099,9.611396403173E-2);
#11101=CARTESIAN_POINT('',(-7.63E0,-3.332855483483E-1,5.612174015177E-1));
#11102=LINE('',#11101,#11100);
#11103=DIRECTION('',(0.E0,-1.E0,0.E0));
#11104=VECTOR('',#11103,1.281167753142E-2);
#11105=CARTESIAN_POINT('',(-7.63E0,-3.204738708169E-1,5.612174015177E-1));
#11106=LINE('',#11105,#11104);
#11107=DIRECTION('',(0.E0,-3.493954794714E-1,-9.369753459537E-1));
#11108=VECTOR('',#11107,2.621968163079E-2);
#11109=CARTESIAN_POINT('',(-7.63E0,-3.113128325819E-1,5.857845967846E-1));
#11110=LINE('',#11109,#11108);
#11111=DIRECTION('',(0.E0,-1.E0,0.E0));
#11112=VECTOR('',#11111,3.740183279457E-2);
#11113=CARTESIAN_POINT('',(-7.63E0,-2.739109997874E-1,5.857845967846E-1));
#11114=LINE('',#11113,#11112);
#11115=DIRECTION('',(0.E0,-3.315284184079E-1,9.434452330623E-1));
#11116=VECTOR('',#11115,2.603987428827E-2);
#11117=CARTESIAN_POINT('',(-7.63E0,-2.652780414490E-1,5.612174015177E-1));
#11118=LINE('',#11117,#11116);
#11119=DIRECTION('',(0.E0,-1.E0,0.E0));
#11120=VECTOR('',#11119,1.281167753142E-2);
#11121=CARTESIAN_POINT('',(-7.63E0,-2.524663639176E-1,5.612174015177E-1));
#11122=LINE('',#11121,#11120);
#11123=DIRECTION('',(0.E0,3.559357243682E-1,-9.345104387424E-1));
#11124=VECTOR('',#11123,9.611396403162E-2);
#11125=CARTESIAN_POINT('',(-7.63E0,-2.866767573271E-1,6.510369042142E-1));
#11126=LINE('',#11125,#11124);
#11127=DIRECTION('',(0.E0,1.E0,0.E0));
#11128=VECTOR('',#11127,1.239839761142E-2);
#11129=CARTESIAN_POINT('',(-7.63E0,-2.990751549385E-1,6.510369042142E-1));
#11130=LINE('',#11129,#11128);
#11131=DIRECTION('',(0.E0,0.E0,1.E0));
#11132=VECTOR('',#11131,1.024015802759E-2);
#11133=CARTESIAN_POINT('',(-7.63E0,-2.112144848511E-2,4.187276689679E-1));
#11134=LINE('',#11133,#11132);
#11135=DIRECTION('',(0.E0,-1.E0,0.E0));
#11136=VECTOR('',#11135,4.830783069360E-2);
#11137=CARTESIAN_POINT('',(-7.63E0,2.718638220849E-2,4.187276689679E-1));
#11138=LINE('',#11137,#11136);
#11139=DIRECTION('',(0.E0,0.E0,-1.E0));
#11140=VECTOR('',#11139,8.981950269646E-2);
#11141=CARTESIAN_POINT('',(-7.63E0,2.718638220849E-2,5.085471716644E-1));
#11142=LINE('',#11141,#11140);
#11143=DIRECTION('',(0.E0,1.E0,0.E0));
#11144=VECTOR('',#11143,4.626439108687E-2);
#11145=CARTESIAN_POINT('',(-7.63E0,-1.907800887838E-2,5.085471716644E-1));
#11146=LINE('',#11145,#11144);
#11147=DIRECTION('',(0.E0,0.E0,1.E0));
#11148=VECTOR('',#11147,1.033199800926E-2);
#11149=CARTESIAN_POINT('',(-7.63E0,-1.907800887838E-2,4.982151736551E-1));
#11150=LINE('',#11149,#11148);
#11151=DIRECTION('',(0.E0,-1.E0,0.E0));
#11152=VECTOR('',#11151,3.466959332065E-2);
#11153=CARTESIAN_POINT('',(-7.63E0,1.559158444227E-2,4.982151736551E-1));
#11154=LINE('',#11153,#11152);
#11155=DIRECTION('',(0.E0,0.E0,1.E0));
#11156=VECTOR('',#11155,2.874591446257E-2);
#11157=CARTESIAN_POINT('',(-7.63E0,1.559158444227E-2,4.694692591926E-1));
#11158=LINE('',#11157,#11156);
#11159=DIRECTION('',(0.E0,1.E0,0.E0));
#11160=VECTOR('',#11159,3.212103381161E-2);
#11161=CARTESIAN_POINT('',(-7.63E0,-1.652944936934E-2,4.694692591926E-1));
#11162=LINE('',#11161,#11160);
#11163=DIRECTION('',(0.E0,0.E0,1.E0));
#11164=VECTOR('',#11163,1.028607801842E-2);
#11165=CARTESIAN_POINT('',(-7.63E0,-1.652944936934E-2,4.591831811741E-1));
#11166=LINE('',#11165,#11164);
#11167=DIRECTION('',(0.E0,-1.E0,0.E0));
#11168=VECTOR('',#11167,3.212103381161E-2);
#11169=CARTESIAN_POINT('',(-7.63E0,1.559158444227E-2,4.591831811741E-1));
#11170=LINE('',#11169,#11168);
#11171=DIRECTION('',(0.E0,0.E0,1.E0));
#11172=VECTOR('',#11171,3.021535417862E-2);
#11173=CARTESIAN_POINT('',(-7.63E0,1.559158444227E-2,4.289678269955E-1));
#11174=LINE('',#11173,#11172);
#11175=DIRECTION('',(0.E0,1.E0,0.E0));
#11176=VECTOR('',#11175,3.671303292738E-2);
#11177=CARTESIAN_POINT('',(-7.63E0,-2.112144848511E-2,4.289678269955E-1));
#11178=LINE('',#11177,#11176);
#11179=CARTESIAN_POINT('',(-7.63E0,-5.716864154073E-2,4.488971031557E-1));
#11180=CARTESIAN_POINT('',(-7.63E0,-6.217392057640E-2,4.495705963594E-1));
#11181=CARTESIAN_POINT('',(-7.63E0,-6.717919961208E-2,4.502440895631E-1));
#11182=CARTESIAN_POINT('',(-7.63E0,-7.218447864775E-2,4.509175827667E-1));
#11184=CARTESIAN_POINT('',(-7.63E0,-7.218447864775E-2,4.447643039520E-1));
#11185=CARTESIAN_POINT('',(-7.63E0,-7.218447864775E-2,4.401152591822E-1));
#11186=CARTESIAN_POINT('',(-7.63E0,-6.904196522986E-2,4.303927917683E-1));
#11187=CARTESIAN_POINT('',(-7.63E0,-5.670621176704E-2,4.251565725036E-1));
#11188=CARTESIAN_POINT('',(-7.63E0,-4.586781586661E-2,4.280750240818E-1));
#11189=CARTESIAN_POINT('',(-7.63E0,-4.216926329792E-2,4.369277951209E-1));
#11190=CARTESIAN_POINT('',(-7.63E0,-4.571559736552E-2,4.470814450492E-1));
#11191=CARTESIAN_POINT('',(-7.63E0,-5.334664523072E-2,4.483630250688E-1));
#11192=CARTESIAN_POINT('',(-7.63E0,-5.716864154073E-2,4.488971031557E-1));
#11194=CARTESIAN_POINT('',(-7.63E0,-7.218447864775E-2,4.509175827667E-1));
#11195=CARTESIAN_POINT('',(-7.63E0,-7.218447864775E-2,4.488664898285E-1));
#11196=CARTESIAN_POINT('',(-7.63E0,-7.218447864775E-2,4.468153968903E-1));
#11197=CARTESIAN_POINT('',(-7.63E0,-7.218447864775E-2,4.447643039520E-1));
#11199=CARTESIAN_POINT('',(-7.63E0,-7.218447864775E-2,4.286463870572E-1));
#11200=CARTESIAN_POINT('',(-7.63E0,-7.218447864775E-2,4.253401476941E-1));
#11201=CARTESIAN_POINT('',(-7.63E0,-7.218447864775E-2,4.220339083310E-1));
#11202=CARTESIAN_POINT('',(-7.63E0,-7.218447864775E-2,4.187276689679E-1));
#11204=CARTESIAN_POINT('',(-7.63E0,-5.317360230986E-2,4.568412616260E-1));
#11205=CARTESIAN_POINT('',(-7.63E0,-4.331610105875E-2,4.554695057880E-1));
#11206=CARTESIAN_POINT('',(-7.63E0,-2.715818344969E-2,4.414427358974E-1));
#11207=CARTESIAN_POINT('',(-7.63E0,-3.610590648779E-2,4.201556591563E-1));
#11208=CARTESIAN_POINT('',(-7.63E0,-5.480065017172E-2,4.145486648454E-1));
#11209=CARTESIAN_POINT('',(-7.63E0,-6.833202180262E-2,4.220193628464E-1));
#11210=CARTESIAN_POINT('',(-7.63E0,-7.218447864775E-2,4.286463870572E-1));
#11212=CARTESIAN_POINT('',(-7.63E0,-7.218447864745E-2,4.595046211125E-1));
#11213=CARTESIAN_POINT('',(-7.63E0,-6.584751986825E-2,4.586168346170E-1));
#11214=CARTESIAN_POINT('',(-7.63E0,-5.951056108905E-2,4.577290481215E-1));
#11215=CARTESIAN_POINT('',(-7.63E0,-5.317360230986E-2,4.568412616260E-1));
#11217=CARTESIAN_POINT('',(-7.63E0,-3.815776520253E-2,4.674487795816E-1));
#11218=CARTESIAN_POINT('',(-7.63E0,-4.395984053937E-2,4.721577102899E-1));
#11219=CARTESIAN_POINT('',(-7.63E0,-5.896729538328E-2,4.814959712393E-1));
#11220=CARTESIAN_POINT('',(-7.63E0,-7.218447864745E-2,4.662993489622E-1));
#11221=CARTESIAN_POINT('',(-7.63E0,-7.218447864745E-2,4.595046211125E-1));
#11223=CARTESIAN_POINT('',(-7.63E0,-3.815776520253E-2,4.783777374766E-1));
#11224=CARTESIAN_POINT('',(-7.63E0,-3.815776520253E-2,4.747347515116E-1));
#11225=CARTESIAN_POINT('',(-7.63E0,-3.815776520253E-2,4.710917655466E-1));
#11226=CARTESIAN_POINT('',(-7.63E0,-3.815776520253E-2,4.674487795816E-1));
#11228=CARTESIAN_POINT('',(-7.63E0,-8.343487648023E-2,4.600097410148E-1));
#11229=CARTESIAN_POINT('',(-7.63E0,-8.343487648023E-2,4.712152747991E-1));
#11230=CARTESIAN_POINT('',(-7.63E0,-6.383540368789E-2,4.902214902751E-1));
#11231=CARTESIAN_POINT('',(-7.63E0,-4.461598058342E-2,4.824345225896E-1));
#11232=CARTESIAN_POINT('',(-7.63E0,-3.815776520253E-2,4.783777374766E-1));
#11234=CARTESIAN_POINT('',(-7.63E0,-8.343487648053E-2,4.187276689679E-1));
#11235=CARTESIAN_POINT('',(-7.63E0,-8.343487648043E-2,4.324883596502E-1));
#11236=CARTESIAN_POINT('',(-7.63E0,-8.343487648033E-2,4.462490503325E-1));
#11237=CARTESIAN_POINT('',(-7.63E0,-8.343487648023E-2,4.600097410148E-1));
#11239=CARTESIAN_POINT('',(-7.63E0,-7.218447864775E-2,4.187276689679E-1));
#11240=CARTESIAN_POINT('',(-7.63E0,-7.593461125868E-2,4.187276689679E-1));
#11241=CARTESIAN_POINT('',(-7.63E0,-7.968474386960E-2,4.187276689679E-1));
#11242=CARTESIAN_POINT('',(-7.63E0,-8.343487648053E-2,4.187276689679E-1));
#11244=CARTESIAN_POINT('',(-7.63E0,-9.868031354358E-2,4.325955062963E-1));
#11245=CARTESIAN_POINT('',(-7.63E0,-9.868031354358E-2,4.287229203757E-1));
#11246=CARTESIAN_POINT('',(-7.63E0,-9.868031354358E-2,4.248503344550E-1));
#11247=CARTESIAN_POINT('',(-7.63E0,-9.868031354358E-2,4.209777485344E-1));
#11249=CARTESIAN_POINT('',(-7.63E0,-1.389291857901E-1,4.815002968745E-1));
#11250=CARTESIAN_POINT('',(-7.63E0,-1.341628217021E-1,4.834629173816E-1));
#11251=CARTESIAN_POINT('',(-7.63E0,-1.228764150917E-1,4.853754174830E-1));
#11252=CARTESIAN_POINT('',(-7.63E0,-1.053824202053E-1,4.821408698726E-1));
#11253=CARTESIAN_POINT('',(-7.63E0,-9.688599475570E-2,4.672922691186E-1));
#11254=CARTESIAN_POINT('',(-7.63E0,-1.016790500937E-1,4.526442095134E-1));
#11255=CARTESIAN_POINT('',(-7.63E0,-1.147138597090E-1,4.467421625892E-1));
#11256=CARTESIAN_POINT('',(-7.63E0,-1.266755011332E-1,4.439988786006E-1));
#11257=CARTESIAN_POINT('',(-7.63E0,-1.334945261962E-1,4.316400934985E-1));
#11258=CARTESIAN_POINT('',(-7.63E0,-1.144071132003E-1,4.230436814888E-1));
#11259=CARTESIAN_POINT('',(-7.63E0,-1.039597454533E-1,4.287943153213E-1));
#11260=CARTESIAN_POINT('',(-7.63E0,-9.868031354358E-2,4.325955062963E-1));
#11262=CARTESIAN_POINT('',(-7.63E0,-1.389291857901E-1,4.705713389801E-1));
#11263=CARTESIAN_POINT('',(-7.63E0,-1.389291857901E-1,4.742143249449E-1));
#11264=CARTESIAN_POINT('',(-7.63E0,-1.389291857901E-1,4.778573109097E-1));
#11265=CARTESIAN_POINT('',(-7.63E0,-1.389291857901E-1,4.815002968745E-1));
#11267=CARTESIAN_POINT('',(-7.63E0,-9.868031354358E-2,4.209777485344E-1));
#11268=CARTESIAN_POINT('',(-7.63E0,-1.039891447082E-1,4.183233329519E-1));
#11269=CARTESIAN_POINT('',(-7.63E0,-1.164341510854E-1,4.161415479675E-1));
#11270=CARTESIAN_POINT('',(-7.63E0,-1.351918212662E-1,4.191045193770E-1));
#11271=CARTESIAN_POINT('',(-7.63E0,-1.440965863839E-1,4.346312576878E-1));
#11272=CARTESIAN_POINT('',(-7.63E0,-1.384174001199E-1,4.496270157401E-1));
#11273=CARTESIAN_POINT('',(-7.63E0,-1.252877595746E-1,4.549016739789E-1));
#11274=CARTESIAN_POINT('',(-7.63E0,-1.133784200797E-1,4.581039803052E-1));
#11275=CARTESIAN_POINT('',(-7.63E0,-1.091025576526E-1,4.668161026584E-1));
#11276=CARTESIAN_POINT('',(-7.63E0,-1.137196813363E-1,4.743821821882E-1));
#11277=CARTESIAN_POINT('',(-7.63E0,-1.254133432895E-1,4.760694140041E-1));
#11278=CARTESIAN_POINT('',(-7.63E0,-1.341732488986E-1,4.736205999540E-1));
#11279=CARTESIAN_POINT('',(-7.63E0,-1.389291857901E-1,4.705713389801E-1));
#11281=CARTESIAN_POINT('',(-7.63E0,-1.787247958267E-1,4.293811069155E-1));
#11282=CARTESIAN_POINT('',(-7.63E0,-1.782176966899E-1,4.311413732431E-1));
#11283=CARTESIAN_POINT('',(-7.63E0,-1.777105975532E-1,4.329016395706E-1));
#11284=CARTESIAN_POINT('',(-7.63E0,-1.772034984164E-1,4.346619058982E-1));
#11286=CARTESIAN_POINT('',(-7.63E0,-1.802571778284E-1,4.345700659159E-1));
#11287=CARTESIAN_POINT('',(-7.63E0,-1.797292678203E-1,4.328455598894E-1));
#11288=CARTESIAN_POINT('',(-7.63E0,-1.790653819834E-1,4.311521549334E-1));
#11289=CARTESIAN_POINT('',(-7.63E0,-1.787247958267E-1,4.293811069155E-1));
#11291=CARTESIAN_POINT('',(-7.63E0,-1.977756544539E-1,4.828778966095E-1));
#11292=CARTESIAN_POINT('',(-7.63E0,-1.919361622454E-1,4.667752863783E-1));
#11293=CARTESIAN_POINT('',(-7.63E0,-1.860966700369E-1,4.506726761471E-1));
#11294=CARTESIAN_POINT('',(-7.63E0,-1.802571778284E-1,4.345700659159E-1));
#11296=CARTESIAN_POINT('',(-7.63E0,-2.094393322064E-1,4.828778966095E-1));
#11297=CARTESIAN_POINT('',(-7.63E0,-2.055514396222E-1,4.828778966095E-1));
#11298=CARTESIAN_POINT('',(-7.63E0,-2.016635470380E-1,4.828778966095E-1));
#11299=CARTESIAN_POINT('',(-7.63E0,-1.977756544539E-1,4.828778966095E-1));
#11301=CARTESIAN_POINT('',(-7.63E0,-1.803260578152E-1,4.090385508347E-1));
#11302=CARTESIAN_POINT('',(-7.63E0,-1.900304826123E-1,4.336516660930E-1));
#11303=CARTESIAN_POINT('',(-7.63E0,-1.997349074093E-1,4.582647813512E-1));
#11304=CARTESIAN_POINT('',(-7.63E0,-2.094393322064E-1,4.828778966095E-1));
#11306=CARTESIAN_POINT('',(-7.63E0,-1.501795836229E-1,3.894307146116E-1));
#11307=CARTESIAN_POINT('',(-7.63E0,-1.525152635903E-1,3.887326953114E-1));
#11308=CARTESIAN_POINT('',(-7.63E0,-1.655028577430E-1,3.867411479423E-1));
#11309=CARTESIAN_POINT('',(-7.63E0,-1.765528741081E-1,3.995096631674E-1));
#11310=CARTESIAN_POINT('',(-7.63E0,-1.803260578152E-1,4.090385508347E-1));
#11312=CARTESIAN_POINT('',(-7.63E0,-1.501795836229E-1,3.994412726838E-1));
#11313=CARTESIAN_POINT('',(-7.63E0,-1.501795836229E-1,3.961044199931E-1));
#11314=CARTESIAN_POINT('',(-7.63E0,-1.501795836229E-1,3.927675673023E-1));
#11315=CARTESIAN_POINT('',(-7.63E0,-1.501795836229E-1,3.894307146116E-1));
#11317=CARTESIAN_POINT('',(-7.63E0,-1.680883801724E-1,4.072017511883E-1));
#11318=CARTESIAN_POINT('',(-7.63E0,-1.661953968027E-1,4.026995204706E-1));
#11319=CARTESIAN_POINT('',(-7.63E0,-1.593332626766E-1,3.965979672679E-1));
#11320=CARTESIAN_POINT('',(-7.63E0,-1.521976024348E-1,3.986424735706E-1));
#11321=CARTESIAN_POINT('',(-7.63E0,-1.501795836229E-1,3.994412726838E-1));
#11323=CARTESIAN_POINT('',(-7.63E0,-1.730247792216E-1,4.188654289417E-1));
#11324=CARTESIAN_POINT('',(-7.63E0,-1.713793128718E-1,4.149775363572E-1));
#11325=CARTESIAN_POINT('',(-7.63E0,-1.697338465221E-1,4.110896437727E-1));
#11326=CARTESIAN_POINT('',(-7.63E0,-1.680883801724E-1,4.072017511883E-1));
#11328=CARTESIAN_POINT('',(-7.63E0,-1.478606240696E-1,4.828778966095E-1));
#11329=CARTESIAN_POINT('',(-7.63E0,-1.562486757869E-1,4.615404073869E-1));
#11330=CARTESIAN_POINT('',(-7.63E0,-1.646367275042E-1,4.402029181643E-1));
#11331=CARTESIAN_POINT('',(-7.63E0,-1.730247792216E-1,4.188654289417E-1));
#11333=CARTESIAN_POINT('',(-7.63E0,-1.604427016456E-1,4.828778966095E-1));
#11334=CARTESIAN_POINT('',(-7.63E0,-1.562486757869E-1,4.828778966095E-1));
#11335=CARTESIAN_POINT('',(-7.63E0,-1.520546499282E-1,4.828778966095E-1));
#11336=CARTESIAN_POINT('',(-7.63E0,-1.478606240696E-1,4.828778966095E-1));
#11338=CARTESIAN_POINT('',(-7.63E0,-1.772034984164E-1,4.346619058982E-1));
#11339=CARTESIAN_POINT('',(-7.63E0,-1.716165661595E-1,4.507339028019E-1));
#11340=CARTESIAN_POINT('',(-7.63E0,-1.660296339025E-1,4.668058997057E-1));
#11341=CARTESIAN_POINT('',(-7.63E0,-1.604427016456E-1,4.828778966095E-1));
#11343=DIRECTION('',(0.E0,0.E0,1.E0));
#11344=VECTOR('',#11343,1.024015802759E-2);
#11345=CARTESIAN_POINT('',(-7.63E0,-2.698700405648E-1,4.187276689679E-1));
#11346=LINE('',#11345,#11344);
#11347=DIRECTION('',(0.E0,-1.E0,0.E0));
#11348=VECTOR('',#11347,4.830783069360E-2);
#11349=CARTESIAN_POINT('',(-7.63E0,-2.215622098712E-1,4.187276689679E-1));
#11350=LINE('',#11349,#11348);
#11351=DIRECTION('',(0.E0,0.E0,-1.E0));
#11352=VECTOR('',#11351,8.981950269646E-2);
#11353=CARTESIAN_POINT('',(-7.63E0,-2.215622098712E-1,5.085471716644E-1));
#11354=LINE('',#11353,#11352);
#11355=DIRECTION('',(0.E0,1.E0,0.E0));
#11356=VECTOR('',#11355,4.626439108687E-2);
#11357=CARTESIAN_POINT('',(-7.63E0,-2.678266009581E-1,5.085471716644E-1));
#11358=LINE('',#11357,#11356);
#11359=DIRECTION('',(0.E0,0.E0,1.E0));
#11360=VECTOR('',#11359,1.033199800926E-2);
#11361=CARTESIAN_POINT('',(-7.63E0,-2.678266009581E-1,4.982151736551E-1));
#11362=LINE('',#11361,#11360);
#11363=DIRECTION('',(0.E0,-1.E0,0.E0));
#11364=VECTOR('',#11363,3.466959332065E-2);
#11365=CARTESIAN_POINT('',(-7.63E0,-2.331570076374E-1,4.982151736551E-1));
#11366=LINE('',#11365,#11364);
#11367=DIRECTION('',(0.E0,0.E0,1.E0));
#11368=VECTOR('',#11367,2.874591446257E-2);
#11369=CARTESIAN_POINT('',(-7.63E0,-2.331570076374E-1,4.694692591926E-1));
#11370=LINE('',#11369,#11368);
#11371=DIRECTION('',(0.E0,1.E0,0.E0));
#11372=VECTOR('',#11371,3.212103381161E-2);
#11373=CARTESIAN_POINT('',(-7.63E0,-2.652780414490E-1,4.694692591926E-1));
#11374=LINE('',#11373,#11372);
#11375=DIRECTION('',(0.E0,0.E0,1.E0));
#11376=VECTOR('',#11375,1.028607801842E-2);
#11377=CARTESIAN_POINT('',(-7.63E0,-2.652780414490E-1,4.591831811741E-1));
#11378=LINE('',#11377,#11376);
#11379=DIRECTION('',(0.E0,-1.E0,0.E0));
#11380=VECTOR('',#11379,3.212103381161E-2);
#11381=CARTESIAN_POINT('',(-7.63E0,-2.331570076374E-1,4.591831811741E-1));
#11382=LINE('',#11381,#11380);
#11383=DIRECTION('',(0.E0,0.E0,1.E0));
#11384=VECTOR('',#11383,3.021535417862E-2);
#11385=CARTESIAN_POINT('',(-7.63E0,-2.331570076374E-1,4.289678269955E-1));
#11386=LINE('',#11385,#11384);
#11387=DIRECTION('',(0.E0,1.E0,0.E0));
#11388=VECTOR('',#11387,3.671303292738E-2);
#11389=CARTESIAN_POINT('',(-7.63E0,-2.698700405648E-1,4.289678269955E-1));
#11390=LINE('',#11389,#11388);
#11391=CARTESIAN_POINT('',(-7.63E0,-2.984322750619E-1,4.982151736551E-1));
#11392=CARTESIAN_POINT('',(-7.63E0,-3.029553941905E-1,4.982151736551E-1));
#11393=CARTESIAN_POINT('',(-7.63E0,-3.074785133191E-1,4.982151736551E-1));
#11394=CARTESIAN_POINT('',(-7.63E0,-3.120016324477E-1,4.982151736551E-1));
#11396=CARTESIAN_POINT('',(-7.63E0,-2.984322750622E-1,4.289678269955E-1));
#11397=CARTESIAN_POINT('',(-7.63E0,-2.984322750621E-1,4.520502758821E-1));
#11398=CARTESIAN_POINT('',(-7.63E0,-2.984322750620E-1,4.751327247686E-1));
#11399=CARTESIAN_POINT('',(-7.63E0,-2.984322750619E-1,4.982151736551E-1));
#11401=CARTESIAN_POINT('',(-7.63E0,-3.114735525496E-1,4.289678269955E-1));
#11402=CARTESIAN_POINT('',(-7.63E0,-3.071264600538E-1,4.289678269955E-1));
#11403=CARTESIAN_POINT('',(-7.63E0,-3.027793675580E-1,4.289678269955E-1));
#11404=CARTESIAN_POINT('',(-7.63E0,-2.984322750622E-1,4.289678269955E-1));
#11406=CARTESIAN_POINT('',(-7.63E0,-3.120016324477E-1,4.982151736551E-1));
#11407=CARTESIAN_POINT('',(-7.63E0,-3.210896699763E-1,4.982151736552E-1));
#11408=CARTESIAN_POINT('',(-7.63E0,-3.414151423655E-1,4.934245534526E-1));
#11409=CARTESIAN_POINT('',(-7.63E0,-3.508605256914E-1,4.642135855207E-1));
#11410=CARTESIAN_POINT('',(-7.63E0,-3.417344123017E-1,4.346823796249E-1));
#11411=CARTESIAN_POINT('',(-7.63E0,-3.209062118790E-1,4.289678269956E-1));
#11412=CARTESIAN_POINT('',(-7.63E0,-3.114735525496E-1,4.289678269955E-1));
#11414=CARTESIAN_POINT('',(-7.63E0,-2.868374772963E-1,4.187276689679E-1));
#11415=CARTESIAN_POINT('',(-7.63E0,-2.950724623766E-1,4.187276689679E-1));
#11416=CARTESIAN_POINT('',(-7.63E0,-3.033074474568E-1,4.187276689679E-1));
#11417=CARTESIAN_POINT('',(-7.63E0,-3.115424325371E-1,4.187276689679E-1));
#11419=CARTESIAN_POINT('',(-7.63E0,-2.868374772960E-1,5.085471716644E-1));
#11420=CARTESIAN_POINT('',(-7.63E0,-2.868374772961E-1,4.786073374322E-1));
#11421=CARTESIAN_POINT('',(-7.63E0,-2.868374772962E-1,4.486675032001E-1));
#11422=CARTESIAN_POINT('',(-7.63E0,-2.868374772963E-1,4.187276689679E-1));
#11424=CARTESIAN_POINT('',(-7.63E0,-3.124608323594E-1,5.085471716644E-1));
#11425=CARTESIAN_POINT('',(-7.63E0,-3.039197140049E-1,5.085471716644E-1));
#11426=CARTESIAN_POINT('',(-7.63E0,-2.953785956505E-1,5.085471716644E-1));
#11427=CARTESIAN_POINT('',(-7.63E0,-2.868374772960E-1,5.085471716644E-1));
#11429=CARTESIAN_POINT('',(-7.63E0,-3.115424325371E-1,4.187276689679E-1));
#11430=CARTESIAN_POINT('',(-7.63E0,-3.239012365245E-1,4.187276689680E-1));
#11431=CARTESIAN_POINT('',(-7.63E0,-3.503390666229E-1,4.266932902878E-1));
#11432=CARTESIAN_POINT('',(-7.63E0,-3.647826085223E-1,4.643257085585E-1));
#11433=CARTESIAN_POINT('',(-7.63E0,-3.500394203154E-1,5.012370794340E-1));
#11434=CARTESIAN_POINT('',(-7.63E0,-3.244542773645E-1,5.085471716644E-1));
#11435=CARTESIAN_POINT('',(-7.63E0,-3.124608323594E-1,5.085471716644E-1));
#11437=CARTESIAN_POINT('',(-7.63E0,-4.051034901920E-1,4.970671738756E-1));
#11438=CARTESIAN_POINT('',(-7.63E0,-4.054637154235E-1,4.949385702324E-1));
#11439=CARTESIAN_POINT('',(-7.63E0,-4.059261921595E-1,4.928126230381E-1));
#11440=CARTESIAN_POINT('',(-7.63E0,-4.066427342153E-1,4.907761350883E-1));
#11442=CARTESIAN_POINT('',(-7.63E0,-4.034972148211E-1,4.907761350883E-1));
#11443=CARTESIAN_POINT('',(-7.63E0,-4.042571471337E-1,4.928026212511E-1));
#11444=CARTESIAN_POINT('',(-7.63E0,-4.047594346447E-1,4.949304078453E-1));
#11445=CARTESIAN_POINT('',(-7.63E0,-4.051034901920E-1,4.970671738756E-1));
#11447=CARTESIAN_POINT('',(-7.63E0,-3.900656174097E-1,4.534431822800E-1));
#11448=CARTESIAN_POINT('',(-7.63E0,-3.945428165468E-1,4.658874998828E-1));
#11449=CARTESIAN_POINT('',(-7.63E0,-3.990200156839E-1,4.783318174856E-1));
#11450=CARTESIAN_POINT('',(-7.63E0,-4.034972148211E-1,4.907761350883E-1));
#11452=CARTESIAN_POINT('',(-7.63E0,-4.202120916020E-1,4.534431822800E-1));
#11453=CARTESIAN_POINT('',(-7.63E0,-4.101632668712E-1,4.534431822800E-1));
#11454=CARTESIAN_POINT('',(-7.63E0,-4.001144421404E-1,4.534431822800E-1));
#11455=CARTESIAN_POINT('',(-7.63E0,-3.900656174097E-1,4.534431822800E-1));
#11457=CARTESIAN_POINT('',(-7.63E0,-4.066427342153E-1,4.907761350883E-1));
#11458=CARTESIAN_POINT('',(-7.63E0,-4.111658533442E-1,4.783318174856E-1));
#11459=CARTESIAN_POINT('',(-7.63E0,-4.156889724731E-1,4.658874998828E-1));
#11460=CARTESIAN_POINT('',(-7.63E0,-4.202120916020E-1,4.534431822800E-1));
#11462=DIRECTION('',(0.E0,3.559357243710E-1,9.345104387413E-1));
#11463=VECTOR('',#11462,9.611396403173E-2);
#11464=CARTESIAN_POINT('',(-7.63E0,-4.457665666795E-1,4.187276689679E-1));
#11465=LINE('',#11464,#11463);
#11466=DIRECTION('',(0.E0,-1.E0,0.E0));
#11467=VECTOR('',#11466,1.281167753142E-2);
#11468=CARTESIAN_POINT('',(-7.63E0,-4.329548891481E-1,4.187276689679E-1));
#11469=LINE('',#11468,#11467);
#11470=DIRECTION('',(0.E0,-3.493954794713E-1,-9.369753459537E-1));
#11471=VECTOR('',#11470,2.621968163080E-2);
#11472=CARTESIAN_POINT('',(-7.63E0,-4.237938509131E-1,4.432948642347E-1));
#11473=LINE('',#11472,#11471);
#11474=DIRECTION('',(0.E0,-1.E0,0.E0));
#11475=VECTOR('',#11474,3.740183279457E-2);
#11476=CARTESIAN_POINT('',(-7.63E0,-3.863920181186E-1,4.432948642347E-1));
#11477=LINE('',#11476,#11475);
#11478=DIRECTION('',(0.E0,-3.315284184079E-1,9.434452330623E-1));
#11479=VECTOR('',#11478,2.603987428827E-2);
#11480=CARTESIAN_POINT('',(-7.63E0,-3.777590597802E-1,4.187276689679E-1));
#11481=LINE('',#11480,#11479);
#11482=DIRECTION('',(0.E0,-1.E0,0.E0));
#11483=VECTOR('',#11482,1.281167753142E-2);
#11484=CARTESIAN_POINT('',(-7.63E0,-3.649473822488E-1,4.187276689679E-1));
#11485=LINE('',#11484,#11483);
#11486=DIRECTION('',(0.E0,3.559357243682E-1,-9.345104387424E-1));
#11487=VECTOR('',#11486,9.611396403162E-2);
#11488=CARTESIAN_POINT('',(-7.63E0,-3.991577756583E-1,5.085471716644E-1));
#11489=LINE('',#11488,#11487);
#11490=DIRECTION('',(0.E0,1.E0,0.E0));
#11491=VECTOR('',#11490,1.239839761142E-2);
#11492=CARTESIAN_POINT('',(-7.63E0,-4.115561732697E-1,5.085471716644E-1));
#11493=LINE('',#11492,#11491);
#11494=CARTESIAN_POINT('',(-7.63E0,1.639689384627E-1,5.914787649095E-1));
#11495=CARTESIAN_POINT('',(-7.63E0,1.709813707057E-1,6.106036066464E-1));
#11496=CARTESIAN_POINT('',(-7.63E0,2.012182980051E-1,6.548856488026E-1));
#11497=CARTESIAN_POINT('',(-7.63E0,2.810586754309E-1,6.855520102551E-1));
#11498=CARTESIAN_POINT('',(-7.63E0,3.537369949602E-1,6.618858594252E-1));
#11499=CARTESIAN_POINT('',(-7.63E0,3.819897820791E-1,6.326538854972E-1));
#11500=CARTESIAN_POINT('',(-7.63E0,3.900359832862E-1,6.221319250780E-1));
#11502=CARTESIAN_POINT('',(-7.63E0,1.824885650729E-1,4.184161602590E-1));
#11503=CARTESIAN_POINT('',(-7.63E0,1.609573654115E-1,4.202616869650E-1));
#11504=CARTESIAN_POINT('',(-7.63E0,1.182684985601E-1,4.415927008153E-1));
#11505=CARTESIAN_POINT('',(-7.63E0,8.479908894584E-2,5.208321031378E-1));
#11506=CARTESIAN_POINT('',(-7.63E0,1.306380391596E-1,5.809532165866E-1));
#11507=CARTESIAN_POINT('',(-7.63E0,1.639689384627E-1,5.914787649095E-1));
#11509=CARTESIAN_POINT('',(-7.63E0,1.844043826353E-1,4.184161602590E-1));
#11510=CARTESIAN_POINT('',(-7.63E0,1.837657767812E-1,4.184161602590E-1));
#11511=CARTESIAN_POINT('',(-7.63E0,1.831271709270E-1,4.184161602590E-1));
#11512=CARTESIAN_POINT('',(-7.63E0,1.824885650729E-1,4.184161602590E-1));
#11514=CARTESIAN_POINT('',(-7.63E0,1.863202001974E-1,4.184161602590E-1));
#11515=CARTESIAN_POINT('',(-7.63E0,1.856815943434E-1,4.184161602590E-1));
#11516=CARTESIAN_POINT('',(-7.63E0,1.850429884894E-1,4.184161602590E-1));
#11517=CARTESIAN_POINT('',(-7.63E0,1.844043826353E-1,4.184161602590E-1));
#11519=CARTESIAN_POINT('',(-7.63E0,2.201663916664E-1,4.184161602590E-1));
#11520=CARTESIAN_POINT('',(-7.63E0,2.088843278434E-1,4.184161602590E-1));
#11521=CARTESIAN_POINT('',(-7.63E0,1.976022640204E-1,4.184161602590E-1));
#11522=CARTESIAN_POINT('',(-7.63E0,1.863202001974E-1,4.184161602590E-1));
#11524=CARTESIAN_POINT('',(-7.63E0,2.150575610742E-1,4.573712066814E-1));
#11525=CARTESIAN_POINT('',(-7.63E0,2.163523898829E-1,4.573712066814E-1));
#11526=CARTESIAN_POINT('',(-7.63E0,2.266651095598E-1,4.609720456358E-1));
#11527=CARTESIAN_POINT('',(-7.63E0,2.487091363023E-1,4.378627580861E-1));
#11528=CARTESIAN_POINT('',(-7.63E0,2.291850841821E-1,4.189798191340E-1));
#11529=CARTESIAN_POINT('',(-7.63E0,2.201663916664E-1,4.184161602590E-1));
#11531=CARTESIAN_POINT('',(-7.63E0,1.863202245582E-1,4.573712066814E-1));
#11532=CARTESIAN_POINT('',(-7.63E0,1.958993367302E-1,4.573712066814E-1));
#11533=CARTESIAN_POINT('',(-7.63E0,2.054784489022E-1,4.573712066814E-1));
#11534=CARTESIAN_POINT('',(-7.63E0,2.150575610742E-1,4.573712066814E-1));
#11536=CARTESIAN_POINT('',(-7.63E0,1.952607146356E-1,5.569939635258E-1));
#11537=CARTESIAN_POINT('',(-7.63E0,1.935577629847E-1,5.569939635258E-1));
#11538=CARTESIAN_POINT('',(-7.63E0,1.684685776860E-1,5.579024268843E-1));
#11539=CARTESIAN_POINT('',(-7.63E0,1.155333136923E-1,5.086476460094E-1));
#11540=CARTESIAN_POINT('',(-7.63E0,1.637842328541E-1,4.590201765700E-1));
#11541=CARTESIAN_POINT('',(-7.63E0,1.863202245582E-1,4.573712066814E-1));
#11543=CARTESIAN_POINT('',(-7.63E0,3.702391490283E-1,5.755136144967E-1));
#11544=CARTESIAN_POINT('',(-7.63E0,3.589651211557E-1,6.087423365656E-1));
#11545=CARTESIAN_POINT('',(-7.63E0,2.796371564636E-1,6.704280256864E-1));
#11546=CARTESIAN_POINT('',(-7.63E0,1.997971208611E-1,5.966875558530E-1));
#11547=CARTESIAN_POINT('',(-7.63E0,1.952607146356E-1,5.569939635258E-1));
#11549=CARTESIAN_POINT('',(-7.63E0,4.296296396225E-1,4.624800859953E-1));
#11550=CARTESIAN_POINT('',(-7.63E0,4.508938339177E-1,4.722008628477E-1));
#11551=CARTESIAN_POINT('',(-7.63E0,4.917685712694E-1,5.284900140945E-1));
#11552=CARTESIAN_POINT('',(-7.63E0,4.223961220527E-1,5.959577016947E-1));
#11553=CARTESIAN_POINT('',(-7.63E0,3.802934312125E-1,5.815461812510E-1));
#11554=CARTESIAN_POINT('',(-7.63E0,3.702391490283E-1,5.755136144967E-1));
#11556=CARTESIAN_POINT('',(-7.63E0,3.217049782535E-1,4.829155301677E-1));
#11557=CARTESIAN_POINT('',(-7.63E0,3.331127610843E-1,4.962246181954E-1));
#11558=CARTESIAN_POINT('',(-7.63E0,3.765577971861E-1,5.173737566475E-1));
#11559=CARTESIAN_POINT('',(-7.63E0,4.211773580716E-1,4.854220062214E-1));
#11560=CARTESIAN_POINT('',(-7.63E0,4.296296396225E-1,4.624800859954E-1));
#11562=CARTESIAN_POINT('',(-7.63E0,2.361315786199E-1,5.276180536367E-1));
#11563=CARTESIAN_POINT('',(-7.63E0,2.646560451645E-1,5.127172124803E-1));
#11564=CARTESIAN_POINT('',(-7.63E0,2.931805117090E-1,4.978163713240E-1));
#11565=CARTESIAN_POINT('',(-7.63E0,3.217049782535E-1,4.829155301677E-1));
#11567=CARTESIAN_POINT('',(-7.63E0,2.163347565418E-1,4.937718499874E-1));
#11568=CARTESIAN_POINT('',(-7.63E0,2.229336972345E-1,5.050539178705E-1));
#11569=CARTESIAN_POINT('',(-7.63E0,2.295326379272E-1,5.163359857536E-1));
#11570=CARTESIAN_POINT('',(-7.63E0,2.361315786199E-1,5.276180536367E-1));
#11572=CARTESIAN_POINT('',(-7.63E0,3.057398034806E-1,4.465148990418E-1));
#11573=CARTESIAN_POINT('',(-7.63E0,2.759381211677E-1,4.622672160237E-1));
#11574=CARTESIAN_POINT('',(-7.63E0,2.461364388547E-1,4.780195330055E-1));
#11575=CARTESIAN_POINT('',(-7.63E0,2.163347565418E-1,4.937718499874E-1));
#11577=CARTESIAN_POINT('',(-7.63E0,4.302682678077E-1,4.196933800879E-1));
#11578=CARTESIAN_POINT('',(-7.63E0,4.225815193777E-1,3.960418499273E-1));
#11579=CARTESIAN_POINT('',(-7.63E0,3.634739340599E-1,3.503921179645E-1));
#11580=CARTESIAN_POINT('',(-7.63E0,3.046050585697E-1,4.122448404928E-1));
#11581=CARTESIAN_POINT('',(-7.63E0,3.057398034806E-1,4.443862074480E-1));
#11582=CARTESIAN_POINT('',(-7.63E0,3.057398034806E-1,4.465148990418E-1));
#11584=CARTESIAN_POINT('',(-7.63E0,3.900359832862E-1,6.221319250780E-1));
#11585=CARTESIAN_POINT('',(-7.63E0,3.949124973424E-1,6.227414922412E-1));
#11586=CARTESIAN_POINT('',(-7.63E0,4.261861448447E-1,6.262473426012E-1));
#11587=CARTESIAN_POINT('',(-7.63E0,4.861907087023E-1,6.005122281948E-1));
#11588=CARTESIAN_POINT('',(-7.63E0,5.185206999706E-1,5.214343240136E-1));
#11589=CARTESIAN_POINT('',(-7.63E0,4.905862338193E-1,4.487728865483E-1));
#11590=CARTESIAN_POINT('',(-7.63E0,4.494979430609E-1,4.246558731106E-1));
#11591=CARTESIAN_POINT('',(-7.63E0,4.302682678077E-1,4.196933800879E-1));
#11593=DIRECTION('',(-1.E0,0.E0,0.E0));
#11594=VECTOR('',#11593,1.E-2);
#11595=CARTESIAN_POINT('',(-7.62E0,-2.018008866648E-2,5.612174015177E-1));
#11596=LINE('',#11595,#11594);
#11597=DIRECTION('',(-1.E0,0.E0,0.E0));
#11598=VECTOR('',#11597,1.E-2);
#11599=CARTESIAN_POINT('',(-7.62E0,2.718638220849E-2,5.612174015177E-1));
#11600=LINE('',#11599,#11598);
#11601=DIRECTION('',(-1.E0,0.E0,0.E0));
#11602=VECTOR('',#11601,1.E-2);
#11603=CARTESIAN_POINT('',(-7.62E0,2.718638220849E-2,6.510369042142E-1));
#11604=LINE('',#11603,#11602);
#11605=DIRECTION('',(-1.E0,0.E0,0.E0));
#11606=VECTOR('',#11605,1.E-2);
#11607=CARTESIAN_POINT('',(-7.62E0,1.559158444227E-2,6.510369042142E-1));
#11608=LINE('',#11607,#11606);
#11609=DIRECTION('',(-1.E0,0.E0,0.E0));
#11610=VECTOR('',#11609,1.E-2);
#11611=CARTESIAN_POINT('',(-7.62E0,1.559158444227E-2,5.714575595453E-1));
#11612=LINE('',#11611,#11610);
#11613=DIRECTION('',(-1.E0,0.E0,0.E0));
#11614=VECTOR('',#11613,1.E-2);
#11615=CARTESIAN_POINT('',(-7.62E0,-2.018008866648E-2,5.714575595453E-1));
#11616=LINE('',#11615,#11614);
#11617=DIRECTION('',(-1.E0,0.E0,0.E0));
#11618=VECTOR('',#11617,1.E-2);
#11619=CARTESIAN_POINT('',(-7.62E0,-9.110351500336E-2,5.649369208014E-1));
#11620=LINE('',#11619,#11618);
#11621=DIRECTION('',(-1.E0,0.E0,0.E0));
#11622=VECTOR('',#11621,1.E-2);
#11623=CARTESIAN_POINT('',(-7.62E0,-9.110351500336E-2,6.488786646301E-1));
#11624=LINE('',#11623,#11622);
#11625=DIRECTION('',(-1.E0,0.E0,0.E0));
#11626=VECTOR('',#11625,1.E-2);
#11627=CARTESIAN_POINT('',(-7.62E0,-9.110351500336E-2,6.367557869658E-1));
#11628=LINE('',#11627,#11626);
#11629=DIRECTION('',(-1.E0,0.E0,0.E0));
#11630=VECTOR('',#11629,1.E-2);
#11631=CARTESIAN_POINT('',(-7.62E0,-9.110351500336E-2,5.760495586605E-1));
#11632=LINE('',#11631,#11630);
#11633=DIRECTION('',(-1.E0,0.E0,0.E0));
#11634=VECTOR('',#11633,1.E-2);
#11635=CARTESIAN_POINT('',(-7.62E0,-1.573890222336E-1,5.612174015177E-1));
#11636=LINE('',#11635,#11634);
#11637=DIRECTION('',(-1.E0,0.E0,0.E0));
#11638=VECTOR('',#11637,1.E-2);
#11639=CARTESIAN_POINT('',(-7.62E0,-1.090811915400E-1,5.612174015177E-1));
#11640=LINE('',#11639,#11638);
#11641=DIRECTION('',(-1.E0,0.E0,0.E0));
#11642=VECTOR('',#11641,1.E-2);
#11643=CARTESIAN_POINT('',(-7.62E0,-1.090811915400E-1,6.510369042142E-1));
#11644=LINE('',#11643,#11642);
#11645=DIRECTION('',(-1.E0,0.E0,0.E0));
#11646=VECTOR('',#11645,1.E-2);
#11647=CARTESIAN_POINT('',(-7.62E0,-1.553455826269E-1,6.510369042142E-1));
#11648=LINE('',#11647,#11646);
#11649=DIRECTION('',(-1.E0,0.E0,0.E0));
#11650=VECTOR('',#11649,1.E-2);
#11651=CARTESIAN_POINT('',(-7.62E0,-1.553455826269E-1,6.407049062049E-1));
#11652=LINE('',#11651,#11650);
#11653=DIRECTION('',(-1.E0,0.E0,0.E0));
#11654=VECTOR('',#11653,1.E-2);
#11655=CARTESIAN_POINT('',(-7.62E0,-1.206759893062E-1,6.407049062049E-1));
#11656=LINE('',#11655,#11654);
#11657=DIRECTION('',(-1.E0,0.E0,0.E0));
#11658=VECTOR('',#11657,1.E-2);
#11659=CARTESIAN_POINT('',(-7.62E0,-1.206759893062E-1,6.119589917424E-1));
#11660=LINE('',#11659,#11658);
#11661=DIRECTION('',(-1.E0,0.E0,0.E0));
#11662=VECTOR('',#11661,1.E-2);
#11663=CARTESIAN_POINT('',(-7.62E0,-1.527970231179E-1,6.119589917424E-1));
#11664=LINE('',#11663,#11662);
#11665=DIRECTION('',(-1.E0,0.E0,0.E0));
#11666=VECTOR('',#11665,1.E-2);
#11667=CARTESIAN_POINT('',(-7.62E0,-1.527970231179E-1,6.016729137239E-1));
#11668=LINE('',#11667,#11666);
#11669=DIRECTION('',(-1.E0,0.E0,0.E0));
#11670=VECTOR('',#11669,1.E-2);
#11671=CARTESIAN_POINT('',(-7.62E0,-1.206759893062E-1,6.016729137239E-1));
#11672=LINE('',#11671,#11670);
#11673=DIRECTION('',(-1.E0,0.E0,0.E0));
#11674=VECTOR('',#11673,1.E-2);
#11675=CARTESIAN_POINT('',(-7.62E0,-1.206759893062E-1,5.714575595453E-1));
#11676=LINE('',#11675,#11674);
#11677=DIRECTION('',(-1.E0,0.E0,0.E0));
#11678=VECTOR('',#11677,1.E-2);
#11679=CARTESIAN_POINT('',(-7.62E0,-1.573890222336E-1,5.714575595453E-1));
#11680=LINE('',#11679,#11678);
#11681=DIRECTION('',(-1.E0,0.E0,0.E0));
#11682=VECTOR('',#11681,1.E-2);
#11683=CARTESIAN_POINT('',(-7.62E0,-1.859512567310E-1,6.407049062049E-1));
#11684=LINE('',#11683,#11682);
#11685=DIRECTION('',(-1.E0,0.E0,0.E0));
#11686=VECTOR('',#11685,1.E-2);
#11687=CARTESIAN_POINT('',(-7.62E0,-1.859512567316E-1,5.714575595453E-1));
#11688=LINE('',#11687,#11686);
#11689=DIRECTION('',(-1.E0,0.E0,0.E0));
#11690=VECTOR('',#11689,1.E-2);
#11691=CARTESIAN_POINT('',(-7.62E0,-1.989925342191E-1,5.714575595453E-1));
#11692=LINE('',#11691,#11690);
#11693=DIRECTION('',(-1.E0,0.E0,0.E0));
#11694=VECTOR('',#11693,1.E-2);
#11695=CARTESIAN_POINT('',(-7.62E0,-1.995206141162E-1,6.407049062049E-1));
#11696=LINE('',#11695,#11694);
#11697=DIRECTION('',(-1.E0,0.E0,0.E0));
#11698=VECTOR('',#11697,1.E-2);
#11699=CARTESIAN_POINT('',(-7.62E0,-1.743564589651E-1,5.612174015177E-1));
#11700=LINE('',#11699,#11698);
#11701=DIRECTION('',(-1.E0,0.E0,0.E0));
#11702=VECTOR('',#11701,1.E-2);
#11703=CARTESIAN_POINT('',(-7.62E0,-1.743564589645E-1,6.510369042142E-1));
#11704=LINE('',#11703,#11702);
#11705=DIRECTION('',(-1.E0,0.E0,0.E0));
#11706=VECTOR('',#11705,1.E-2);
#11707=CARTESIAN_POINT('',(-7.62E0,-1.999798140286E-1,6.510369042142E-1));
#11708=LINE('',#11707,#11706);
#11709=DIRECTION('',(-1.E0,0.E0,0.E0));
#11710=VECTOR('',#11709,1.E-2);
#11711=CARTESIAN_POINT('',(-7.62E0,-1.990614142059E-1,5.612174015177E-1));
#11712=LINE('',#11711,#11710);
#11713=DIRECTION('',(-1.E0,0.E0,0.E0));
#11714=VECTOR('',#11713,1.E-2);
#11715=CARTESIAN_POINT('',(-7.62E0,-2.926281451229E-1,6.395569064260E-1));
#11716=LINE('',#11715,#11714);
#11717=DIRECTION('',(-1.E0,0.E0,0.E0));
#11718=VECTOR('',#11717,1.E-2);
#11719=CARTESIAN_POINT('',(-7.62E0,-2.910161964905E-1,6.332658676375E-1));
#11720=LINE('',#11719,#11718);
#11721=DIRECTION('',(-1.E0,0.E0,0.E0));
#11722=VECTOR('',#11721,1.E-2);
#11723=CARTESIAN_POINT('',(-7.62E0,-2.775845990782E-1,5.959329148292E-1));
#11724=LINE('',#11723,#11722);
#11725=DIRECTION('',(-1.E0,0.E0,0.E0));
#11726=VECTOR('',#11725,1.E-2);
#11727=CARTESIAN_POINT('',(-7.62E0,-3.077310732705E-1,5.959329148292E-1));
#11728=LINE('',#11727,#11726);
#11729=DIRECTION('',(-1.E0,0.E0,0.E0));
#11730=VECTOR('',#11729,1.E-2);
#11731=CARTESIAN_POINT('',(-7.62E0,-2.941617158847E-1,6.332658676375E-1));
#11732=LINE('',#11731,#11730);
#11733=DIRECTION('',(-1.E0,0.E0,0.E0));
#11734=VECTOR('',#11733,1.E-2);
#11735=CARTESIAN_POINT('',(-7.62E0,-3.332855483483E-1,5.612174015177E-1));
#11736=LINE('',#11735,#11734);
#11737=DIRECTION('',(-1.E0,0.E0,0.E0));
#11738=VECTOR('',#11737,1.E-2);
#11739=CARTESIAN_POINT('',(-7.62E0,-3.204738708169E-1,5.612174015177E-1));
#11740=LINE('',#11739,#11738);
#11741=DIRECTION('',(-1.E0,0.E0,0.E0));
#11742=VECTOR('',#11741,1.E-2);
#11743=CARTESIAN_POINT('',(-7.62E0,-3.113128325819E-1,5.857845967846E-1));
#11744=LINE('',#11743,#11742);
#11745=DIRECTION('',(-1.E0,0.E0,0.E0));
#11746=VECTOR('',#11745,1.E-2);
#11747=CARTESIAN_POINT('',(-7.62E0,-2.739109997874E-1,5.857845967846E-1));
#11748=LINE('',#11747,#11746);
#11749=DIRECTION('',(-1.E0,0.E0,0.E0));
#11750=VECTOR('',#11749,1.E-2);
#11751=CARTESIAN_POINT('',(-7.62E0,-2.652780414490E-1,5.612174015177E-1));
#11752=LINE('',#11751,#11750);
#11753=DIRECTION('',(-1.E0,0.E0,0.E0));
#11754=VECTOR('',#11753,1.E-2);
#11755=CARTESIAN_POINT('',(-7.62E0,-2.524663639176E-1,5.612174015177E-1));
#11756=LINE('',#11755,#11754);
#11757=DIRECTION('',(-1.E0,0.E0,0.E0));
#11758=VECTOR('',#11757,1.E-2);
#11759=CARTESIAN_POINT('',(-7.62E0,-2.866767573271E-1,6.510369042142E-1));
#11760=LINE('',#11759,#11758);
#11761=DIRECTION('',(-1.E0,0.E0,0.E0));
#11762=VECTOR('',#11761,1.E-2);
#11763=CARTESIAN_POINT('',(-7.62E0,-2.990751549385E-1,6.510369042142E-1));
#11764=LINE('',#11763,#11762);
#11765=DIRECTION('',(-1.E0,0.E0,0.E0));
#11766=VECTOR('',#11765,1.E-2);
#11767=CARTESIAN_POINT('',(-7.62E0,-2.112144848511E-2,4.187276689679E-1));
#11768=LINE('',#11767,#11766);
#11769=DIRECTION('',(-1.E0,0.E0,0.E0));
#11770=VECTOR('',#11769,1.E-2);
#11771=CARTESIAN_POINT('',(-7.62E0,2.718638220849E-2,4.187276689679E-1));
#11772=LINE('',#11771,#11770);
#11773=DIRECTION('',(-1.E0,0.E0,0.E0));
#11774=VECTOR('',#11773,1.E-2);
#11775=CARTESIAN_POINT('',(-7.62E0,2.718638220849E-2,5.085471716644E-1));
#11776=LINE('',#11775,#11774);
#11777=DIRECTION('',(-1.E0,0.E0,0.E0));
#11778=VECTOR('',#11777,1.E-2);
#11779=CARTESIAN_POINT('',(-7.62E0,-1.907800887838E-2,5.085471716644E-1));
#11780=LINE('',#11779,#11778);
#11781=DIRECTION('',(-1.E0,0.E0,0.E0));
#11782=VECTOR('',#11781,1.E-2);
#11783=CARTESIAN_POINT('',(-7.62E0,-1.907800887838E-2,4.982151736551E-1));
#11784=LINE('',#11783,#11782);
#11785=DIRECTION('',(-1.E0,0.E0,0.E0));
#11786=VECTOR('',#11785,1.E-2);
#11787=CARTESIAN_POINT('',(-7.62E0,1.559158444227E-2,4.982151736551E-1));
#11788=LINE('',#11787,#11786);
#11789=DIRECTION('',(-1.E0,0.E0,0.E0));
#11790=VECTOR('',#11789,1.E-2);
#11791=CARTESIAN_POINT('',(-7.62E0,1.559158444227E-2,4.694692591926E-1));
#11792=LINE('',#11791,#11790);
#11793=DIRECTION('',(-1.E0,0.E0,0.E0));
#11794=VECTOR('',#11793,1.E-2);
#11795=CARTESIAN_POINT('',(-7.62E0,-1.652944936934E-2,4.694692591926E-1));
#11796=LINE('',#11795,#11794);
#11797=DIRECTION('',(-1.E0,0.E0,0.E0));
#11798=VECTOR('',#11797,1.E-2);
#11799=CARTESIAN_POINT('',(-7.62E0,-1.652944936934E-2,4.591831811741E-1));
#11800=LINE('',#11799,#11798);
#11801=DIRECTION('',(-1.E0,0.E0,0.E0));
#11802=VECTOR('',#11801,1.E-2);
#11803=CARTESIAN_POINT('',(-7.62E0,1.559158444227E-2,4.591831811741E-1));
#11804=LINE('',#11803,#11802);
#11805=DIRECTION('',(-1.E0,0.E0,0.E0));
#11806=VECTOR('',#11805,1.E-2);
#11807=CARTESIAN_POINT('',(-7.62E0,1.559158444227E-2,4.289678269955E-1));
#11808=LINE('',#11807,#11806);
#11809=DIRECTION('',(-1.E0,0.E0,0.E0));
#11810=VECTOR('',#11809,1.E-2);
#11811=CARTESIAN_POINT('',(-7.62E0,-2.112144848511E-2,4.289678269955E-1));
#11812=LINE('',#11811,#11810);
#11813=DIRECTION('',(-1.E0,0.E0,0.E0));
#11814=VECTOR('',#11813,1.E-2);
#11815=CARTESIAN_POINT('',(-7.62E0,-5.716864154073E-2,4.488971031557E-1));
#11816=LINE('',#11815,#11814);
#11817=DIRECTION('',(-1.E0,0.E0,0.E0));
#11818=VECTOR('',#11817,1.E-2);
#11819=CARTESIAN_POINT('',(-7.62E0,-7.218447864775E-2,4.447643039520E-1));
#11820=LINE('',#11819,#11818);
#11821=DIRECTION('',(-1.E0,0.E0,0.E0));
#11822=VECTOR('',#11821,1.E-2);
#11823=CARTESIAN_POINT('',(-7.62E0,-7.218447864775E-2,4.509175827667E-1));
#11824=LINE('',#11823,#11822);
#11825=DIRECTION('',(-1.E0,0.E0,0.E0));
#11826=VECTOR('',#11825,1.E-2);
#11827=CARTESIAN_POINT('',(-7.62E0,-7.218447864775E-2,4.286463870572E-1));
#11828=LINE('',#11827,#11826);
#11829=DIRECTION('',(-1.E0,0.E0,0.E0));
#11830=VECTOR('',#11829,1.E-2);
#11831=CARTESIAN_POINT('',(-7.62E0,-5.317360230986E-2,4.568412616260E-1));
#11832=LINE('',#11831,#11830);
#11833=DIRECTION('',(-1.E0,0.E0,0.E0));
#11834=VECTOR('',#11833,1.E-2);
#11835=CARTESIAN_POINT('',(-7.62E0,-7.218447864745E-2,4.595046211125E-1));
#11836=LINE('',#11835,#11834);
#11837=DIRECTION('',(-1.E0,0.E0,0.E0));
#11838=VECTOR('',#11837,1.E-2);
#11839=CARTESIAN_POINT('',(-7.62E0,-3.815776520253E-2,4.674487795816E-1));
#11840=LINE('',#11839,#11838);
#11841=DIRECTION('',(-1.E0,0.E0,0.E0));
#11842=VECTOR('',#11841,1.E-2);
#11843=CARTESIAN_POINT('',(-7.62E0,-3.815776520253E-2,4.783777374766E-1));
#11844=LINE('',#11843,#11842);
#11845=DIRECTION('',(-1.E0,0.E0,0.E0));
#11846=VECTOR('',#11845,1.E-2);
#11847=CARTESIAN_POINT('',(-7.62E0,-8.343487648023E-2,4.600097410148E-1));
#11848=LINE('',#11847,#11846);
#11849=DIRECTION('',(-1.E0,0.E0,0.E0));
#11850=VECTOR('',#11849,1.E-2);
#11851=CARTESIAN_POINT('',(-7.62E0,-8.343487648053E-2,4.187276689679E-1));
#11852=LINE('',#11851,#11850);
#11853=DIRECTION('',(-1.E0,0.E0,0.E0));
#11854=VECTOR('',#11853,1.E-2);
#11855=CARTESIAN_POINT('',(-7.62E0,-7.218447864775E-2,4.187276689679E-1));
#11856=LINE('',#11855,#11854);
#11857=DIRECTION('',(-1.E0,0.E0,0.E0));
#11858=VECTOR('',#11857,1.E-2);
#11859=CARTESIAN_POINT('',(-7.62E0,-9.868031354358E-2,4.325955062963E-1));
#11860=LINE('',#11859,#11858);
#11861=DIRECTION('',(-1.E0,0.E0,0.E0));
#11862=VECTOR('',#11861,1.E-2);
#11863=CARTESIAN_POINT('',(-7.62E0,-1.389291857901E-1,4.815002968745E-1));
#11864=LINE('',#11863,#11862);
#11865=DIRECTION('',(-1.E0,0.E0,0.E0));
#11866=VECTOR('',#11865,1.E-2);
#11867=CARTESIAN_POINT('',(-7.62E0,-1.389291857901E-1,4.705713389801E-1));
#11868=LINE('',#11867,#11866);
#11869=DIRECTION('',(-1.E0,0.E0,0.E0));
#11870=VECTOR('',#11869,1.E-2);
#11871=CARTESIAN_POINT('',(-7.62E0,-9.868031354358E-2,4.209777485344E-1));
#11872=LINE('',#11871,#11870);
#11873=DIRECTION('',(-1.E0,0.E0,0.E0));
#11874=VECTOR('',#11873,1.E-2);
#11875=CARTESIAN_POINT('',(-7.62E0,-1.787247958267E-1,4.293811069155E-1));
#11876=LINE('',#11875,#11874);
#11877=DIRECTION('',(-1.E0,0.E0,0.E0));
#11878=VECTOR('',#11877,1.E-2);
#11879=CARTESIAN_POINT('',(-7.62E0,-1.802571778284E-1,4.345700659159E-1));
#11880=LINE('',#11879,#11878);
#11881=DIRECTION('',(-1.E0,0.E0,0.E0));
#11882=VECTOR('',#11881,1.E-2);
#11883=CARTESIAN_POINT('',(-7.62E0,-1.977756544539E-1,4.828778966095E-1));
#11884=LINE('',#11883,#11882);
#11885=DIRECTION('',(-1.E0,0.E0,0.E0));
#11886=VECTOR('',#11885,1.E-2);
#11887=CARTESIAN_POINT('',(-7.62E0,-2.094393322064E-1,4.828778966095E-1));
#11888=LINE('',#11887,#11886);
#11889=DIRECTION('',(-1.E0,0.E0,0.E0));
#11890=VECTOR('',#11889,1.E-2);
#11891=CARTESIAN_POINT('',(-7.62E0,-1.803260578152E-1,4.090385508347E-1));
#11892=LINE('',#11891,#11890);
#11893=DIRECTION('',(-1.E0,0.E0,0.E0));
#11894=VECTOR('',#11893,1.E-2);
#11895=CARTESIAN_POINT('',(-7.62E0,-1.501795836229E-1,3.894307146116E-1));
#11896=LINE('',#11895,#11894);
#11897=DIRECTION('',(-1.E0,0.E0,0.E0));
#11898=VECTOR('',#11897,1.E-2);
#11899=CARTESIAN_POINT('',(-7.62E0,-1.501795836229E-1,3.994412726838E-1));
#11900=LINE('',#11899,#11898);
#11901=DIRECTION('',(-1.E0,0.E0,0.E0));
#11902=VECTOR('',#11901,1.E-2);
#11903=CARTESIAN_POINT('',(-7.62E0,-1.680883801724E-1,4.072017511883E-1));
#11904=LINE('',#11903,#11902);
#11905=DIRECTION('',(-1.E0,0.E0,0.E0));
#11906=VECTOR('',#11905,1.E-2);
#11907=CARTESIAN_POINT('',(-7.62E0,-1.730247792216E-1,4.188654289417E-1));
#11908=LINE('',#11907,#11906);
#11909=DIRECTION('',(-1.E0,0.E0,0.E0));
#11910=VECTOR('',#11909,1.E-2);
#11911=CARTESIAN_POINT('',(-7.62E0,-1.478606240696E-1,4.828778966095E-1));
#11912=LINE('',#11911,#11910);
#11913=DIRECTION('',(-1.E0,0.E0,0.E0));
#11914=VECTOR('',#11913,1.E-2);
#11915=CARTESIAN_POINT('',(-7.62E0,-1.604427016456E-1,4.828778966095E-1));
#11916=LINE('',#11915,#11914);
#11917=DIRECTION('',(-1.E0,0.E0,0.E0));
#11918=VECTOR('',#11917,1.E-2);
#11919=CARTESIAN_POINT('',(-7.62E0,-1.772034984164E-1,4.346619058982E-1));
#11920=LINE('',#11919,#11918);
#11921=DIRECTION('',(-1.E0,0.E0,0.E0));
#11922=VECTOR('',#11921,1.E-2);
#11923=CARTESIAN_POINT('',(-7.62E0,-2.698700405648E-1,4.187276689679E-1));
#11924=LINE('',#11923,#11922);
#11925=DIRECTION('',(-1.E0,0.E0,0.E0));
#11926=VECTOR('',#11925,1.E-2);
#11927=CARTESIAN_POINT('',(-7.62E0,-2.215622098712E-1,4.187276689679E-1));
#11928=LINE('',#11927,#11926);
#11929=DIRECTION('',(-1.E0,0.E0,0.E0));
#11930=VECTOR('',#11929,1.E-2);
#11931=CARTESIAN_POINT('',(-7.62E0,-2.215622098712E-1,5.085471716644E-1));
#11932=LINE('',#11931,#11930);
#11933=DIRECTION('',(-1.E0,0.E0,0.E0));
#11934=VECTOR('',#11933,1.E-2);
#11935=CARTESIAN_POINT('',(-7.62E0,-2.678266009581E-1,5.085471716644E-1));
#11936=LINE('',#11935,#11934);
#11937=DIRECTION('',(-1.E0,0.E0,0.E0));
#11938=VECTOR('',#11937,1.E-2);
#11939=CARTESIAN_POINT('',(-7.62E0,-2.678266009581E-1,4.982151736551E-1));
#11940=LINE('',#11939,#11938);
#11941=DIRECTION('',(-1.E0,0.E0,0.E0));
#11942=VECTOR('',#11941,1.E-2);
#11943=CARTESIAN_POINT('',(-7.62E0,-2.331570076374E-1,4.982151736551E-1));
#11944=LINE('',#11943,#11942);
#11945=DIRECTION('',(-1.E0,0.E0,0.E0));
#11946=VECTOR('',#11945,1.E-2);
#11947=CARTESIAN_POINT('',(-7.62E0,-2.331570076374E-1,4.694692591926E-1));
#11948=LINE('',#11947,#11946);
#11949=DIRECTION('',(-1.E0,0.E0,0.E0));
#11950=VECTOR('',#11949,1.E-2);
#11951=CARTESIAN_POINT('',(-7.62E0,-2.652780414490E-1,4.694692591926E-1));
#11952=LINE('',#11951,#11950);
#11953=DIRECTION('',(-1.E0,0.E0,0.E0));
#11954=VECTOR('',#11953,1.E-2);
#11955=CARTESIAN_POINT('',(-7.62E0,-2.652780414490E-1,4.591831811741E-1));
#11956=LINE('',#11955,#11954);
#11957=DIRECTION('',(-1.E0,0.E0,0.E0));
#11958=VECTOR('',#11957,1.E-2);
#11959=CARTESIAN_POINT('',(-7.62E0,-2.331570076374E-1,4.591831811741E-1));
#11960=LINE('',#11959,#11958);
#11961=DIRECTION('',(-1.E0,0.E0,0.E0));
#11962=VECTOR('',#11961,1.E-2);
#11963=CARTESIAN_POINT('',(-7.62E0,-2.331570076374E-1,4.289678269955E-1));
#11964=LINE('',#11963,#11962);
#11965=DIRECTION('',(-1.E0,0.E0,0.E0));
#11966=VECTOR('',#11965,1.E-2);
#11967=CARTESIAN_POINT('',(-7.62E0,-2.698700405648E-1,4.289678269955E-1));
#11968=LINE('',#11967,#11966);
#11969=DIRECTION('',(-1.E0,0.E0,0.E0));
#11970=VECTOR('',#11969,1.E-2);
#11971=CARTESIAN_POINT('',(-7.62E0,-2.984322750619E-1,4.982151736551E-1));
#11972=LINE('',#11971,#11970);
#11973=DIRECTION('',(-1.E0,0.E0,0.E0));
#11974=VECTOR('',#11973,1.E-2);
#11975=CARTESIAN_POINT('',(-7.62E0,-2.984322750622E-1,4.289678269955E-1));
#11976=LINE('',#11975,#11974);
#11977=DIRECTION('',(-1.E0,0.E0,0.E0));
#11978=VECTOR('',#11977,1.E-2);
#11979=CARTESIAN_POINT('',(-7.62E0,-3.114735525496E-1,4.289678269955E-1));
#11980=LINE('',#11979,#11978);
#11981=DIRECTION('',(-1.E0,0.E0,0.E0));
#11982=VECTOR('',#11981,1.E-2);
#11983=CARTESIAN_POINT('',(-7.62E0,-3.120016324477E-1,4.982151736551E-1));
#11984=LINE('',#11983,#11982);
#11985=DIRECTION('',(-1.E0,0.E0,0.E0));
#11986=VECTOR('',#11985,1.E-2);
#11987=CARTESIAN_POINT('',(-7.62E0,-2.868374772963E-1,4.187276689679E-1));
#11988=LINE('',#11987,#11986);
#11989=DIRECTION('',(-1.E0,0.E0,0.E0));
#11990=VECTOR('',#11989,1.E-2);
#11991=CARTESIAN_POINT('',(-7.62E0,-2.868374772960E-1,5.085471716644E-1));
#11992=LINE('',#11991,#11990);
#11993=DIRECTION('',(-1.E0,0.E0,0.E0));
#11994=VECTOR('',#11993,1.E-2);
#11995=CARTESIAN_POINT('',(-7.62E0,-3.124608323594E-1,5.085471716644E-1));
#11996=LINE('',#11995,#11994);
#11997=DIRECTION('',(-1.E0,0.E0,0.E0));
#11998=VECTOR('',#11997,1.E-2);
#11999=CARTESIAN_POINT('',(-7.62E0,-3.115424325371E-1,4.187276689679E-1));
#12000=LINE('',#11999,#11998);
#12001=DIRECTION('',(-1.E0,0.E0,0.E0));
#12002=VECTOR('',#12001,1.E-2);
#12003=CARTESIAN_POINT('',(-7.62E0,-4.051034901920E-1,4.970671738756E-1));
#12004=LINE('',#12003,#12002);
#12005=DIRECTION('',(-1.E0,0.E0,0.E0));
#12006=VECTOR('',#12005,1.E-2);
#12007=CARTESIAN_POINT('',(-7.62E0,-4.034972148211E-1,4.907761350883E-1));
#12008=LINE('',#12007,#12006);
#12009=DIRECTION('',(-1.E0,0.E0,0.E0));
#12010=VECTOR('',#12009,1.E-2);
#12011=CARTESIAN_POINT('',(-7.62E0,-3.900656174097E-1,4.534431822800E-1));
#12012=LINE('',#12011,#12010);
#12013=DIRECTION('',(-1.E0,0.E0,0.E0));
#12014=VECTOR('',#12013,1.E-2);
#12015=CARTESIAN_POINT('',(-7.62E0,-4.202120916020E-1,4.534431822800E-1));
#12016=LINE('',#12015,#12014);
#12017=DIRECTION('',(-1.E0,0.E0,0.E0));
#12018=VECTOR('',#12017,1.E-2);
#12019=CARTESIAN_POINT('',(-7.62E0,-4.066427342153E-1,4.907761350883E-1));
#12020=LINE('',#12019,#12018);
#12021=DIRECTION('',(-1.E0,0.E0,0.E0));
#12022=VECTOR('',#12021,1.E-2);
#12023=CARTESIAN_POINT('',(-7.62E0,-4.457665666795E-1,4.187276689679E-1));
#12024=LINE('',#12023,#12022);
#12025=DIRECTION('',(-1.E0,0.E0,0.E0));
#12026=VECTOR('',#12025,1.E-2);
#12027=CARTESIAN_POINT('',(-7.62E0,-4.329548891481E-1,4.187276689679E-1));
#12028=LINE('',#12027,#12026);
#12029=DIRECTION('',(-1.E0,0.E0,0.E0));
#12030=VECTOR('',#12029,1.E-2);
#12031=CARTESIAN_POINT('',(-7.62E0,-4.237938509131E-1,4.432948642347E-1));
#12032=LINE('',#12031,#12030);
#12033=DIRECTION('',(-1.E0,0.E0,0.E0));
#12034=VECTOR('',#12033,1.E-2);
#12035=CARTESIAN_POINT('',(-7.62E0,-3.863920181186E-1,4.432948642347E-1));
#12036=LINE('',#12035,#12034);
#12037=DIRECTION('',(-1.E0,0.E0,0.E0));
#12038=VECTOR('',#12037,1.E-2);
#12039=CARTESIAN_POINT('',(-7.62E0,-3.777590597802E-1,4.187276689679E-1));
#12040=LINE('',#12039,#12038);
#12041=DIRECTION('',(-1.E0,0.E0,0.E0));
#12042=VECTOR('',#12041,1.E-2);
#12043=CARTESIAN_POINT('',(-7.62E0,-3.649473822488E-1,4.187276689679E-1));
#12044=LINE('',#12043,#12042);
#12045=DIRECTION('',(-1.E0,0.E0,0.E0));
#12046=VECTOR('',#12045,1.E-2);
#12047=CARTESIAN_POINT('',(-7.62E0,-3.991577756583E-1,5.085471716644E-1));
#12048=LINE('',#12047,#12046);
#12049=DIRECTION('',(-1.E0,0.E0,0.E0));
#12050=VECTOR('',#12049,1.E-2);
#12051=CARTESIAN_POINT('',(-7.62E0,-4.115561732697E-1,5.085471716644E-1));
#12052=LINE('',#12051,#12050);
#12053=DIRECTION('',(-1.E0,0.E0,0.E0));
#12054=VECTOR('',#12053,1.E-2);
#12055=CARTESIAN_POINT('',(-7.62E0,1.639689384627E-1,5.914787649095E-1));
#12056=LINE('',#12055,#12054);
#12057=DIRECTION('',(-1.E0,0.E0,0.E0));
#12058=VECTOR('',#12057,1.E-2);
#12059=CARTESIAN_POINT('',(-7.62E0,1.824885650729E-1,4.184161602590E-1));
#12060=LINE('',#12059,#12058);
#12061=DIRECTION('',(-1.E0,0.E0,0.E0));
#12062=VECTOR('',#12061,1.E-2);
#12063=CARTESIAN_POINT('',(-7.62E0,1.844043826353E-1,4.184161602590E-1));
#12064=LINE('',#12063,#12062);
#12065=DIRECTION('',(-1.E0,0.E0,0.E0));
#12066=VECTOR('',#12065,1.E-2);
#12067=CARTESIAN_POINT('',(-7.62E0,1.863202001974E-1,4.184161602590E-1));
#12068=LINE('',#12067,#12066);
#12069=DIRECTION('',(-1.E0,0.E0,0.E0));
#12070=VECTOR('',#12069,1.E-2);
#12071=CARTESIAN_POINT('',(-7.62E0,2.201663916664E-1,4.184161602590E-1));
#12072=LINE('',#12071,#12070);
#12073=DIRECTION('',(-1.E0,0.E0,0.E0));
#12074=VECTOR('',#12073,1.E-2);
#12075=CARTESIAN_POINT('',(-7.62E0,2.150575610742E-1,4.573712066814E-1));
#12076=LINE('',#12075,#12074);
#12077=DIRECTION('',(-1.E0,0.E0,0.E0));
#12078=VECTOR('',#12077,1.E-2);
#12079=CARTESIAN_POINT('',(-7.62E0,1.863202245582E-1,4.573712066814E-1));
#12080=LINE('',#12079,#12078);
#12081=DIRECTION('',(-1.E0,0.E0,0.E0));
#12082=VECTOR('',#12081,1.E-2);
#12083=CARTESIAN_POINT('',(-7.62E0,1.952607146356E-1,5.569939635258E-1));
#12084=LINE('',#12083,#12082);
#12085=DIRECTION('',(-1.E0,0.E0,0.E0));
#12086=VECTOR('',#12085,1.E-2);
#12087=CARTESIAN_POINT('',(-7.62E0,3.702391490283E-1,5.755136144967E-1));
#12088=LINE('',#12087,#12086);
#12089=DIRECTION('',(-1.E0,0.E0,0.E0));
#12090=VECTOR('',#12089,1.E-2);
#12091=CARTESIAN_POINT('',(-7.62E0,4.296296396225E-1,4.624800859954E-1));
#12092=LINE('',#12091,#12090);
#12093=DIRECTION('',(-1.E0,0.E0,0.E0));
#12094=VECTOR('',#12093,1.E-2);
#12095=CARTESIAN_POINT('',(-7.62E0,3.217049782535E-1,4.829155301677E-1));
#12096=LINE('',#12095,#12094);
#12097=DIRECTION('',(-1.E0,0.E0,0.E0));
#12098=VECTOR('',#12097,1.E-2);
#12099=CARTESIAN_POINT('',(-7.62E0,2.361315786199E-1,5.276180536367E-1));
#12100=LINE('',#12099,#12098);
#12101=DIRECTION('',(-1.E0,0.E0,0.E0));
#12102=VECTOR('',#12101,1.E-2);
#12103=CARTESIAN_POINT('',(-7.62E0,2.163347565418E-1,4.937718499874E-1));
#12104=LINE('',#12103,#12102);
#12105=DIRECTION('',(-1.E0,0.E0,0.E0));
#12106=VECTOR('',#12105,1.E-2);
#12107=CARTESIAN_POINT('',(-7.62E0,3.057398034806E-1,4.465148990418E-1));
#12108=LINE('',#12107,#12106);
#12109=DIRECTION('',(-1.E0,0.E0,0.E0));
#12110=VECTOR('',#12109,1.E-2);
#12111=CARTESIAN_POINT('',(-7.62E0,4.302682678077E-1,4.196933800879E-1));
#12112=LINE('',#12111,#12110);
#12113=DIRECTION('',(-1.E0,0.E0,0.E0));
#12114=VECTOR('',#12113,1.E-2);
#12115=CARTESIAN_POINT('',(-7.62E0,3.900359832862E-1,6.221319250780E-1));
#12116=LINE('',#12115,#12114);
#12117=CARTESIAN_POINT('',(-7.62E0,3.453334659075E-1,4.394901778045E-1));
#12118=CARTESIAN_POINT('',(-7.62E0,3.951448565099E-1,4.394901778045E-1));
#12119=VERTEX_POINT('',#12117);
#12120=VERTEX_POINT('',#12118);
#12121=CARTESIAN_POINT('',(-7.62E0,-2.018008866648E-2,5.612174015177E-1));
#12122=CARTESIAN_POINT('',(-7.62E0,-2.018008866648E-2,5.714575595453E-1));
#12123=VERTEX_POINT('',#12121);
#12124=VERTEX_POINT('',#12122);
#12125=CARTESIAN_POINT('',(-7.62E0,1.559158444227E-2,5.714575595453E-1));
#12126=VERTEX_POINT('',#12125);
#12127=CARTESIAN_POINT('',(-7.62E0,1.559158444227E-2,6.510369042142E-1));
#12128=VERTEX_POINT('',#12127);
#12129=CARTESIAN_POINT('',(-7.62E0,2.718638220849E-2,6.510369042142E-1));
#12130=VERTEX_POINT('',#12129);
#12131=CARTESIAN_POINT('',(-7.62E0,2.718638220849E-2,5.612174015177E-1));
#12132=VERTEX_POINT('',#12131);
#12133=VERTEX_POINT('',#10265);
#12134=VERTEX_POINT('',#10268);
#12135=VERTEX_POINT('',#10278);
#12136=VERTEX_POINT('',#10283);
#12137=CARTESIAN_POINT('',(-7.62E0,-1.573890222336E-1,5.612174015177E-1));
#12138=CARTESIAN_POINT('',(-7.62E0,-1.573890222336E-1,5.714575595453E-1));
#12139=VERTEX_POINT('',#12137);
#12140=VERTEX_POINT('',#12138);
#12141=CARTESIAN_POINT('',(-7.62E0,-1.206759893062E-1,5.714575595453E-1));
#12142=VERTEX_POINT('',#12141);
#12143=CARTESIAN_POINT('',(-7.62E0,-1.206759893062E-1,6.016729137239E-1));
#12144=VERTEX_POINT('',#12143);
#12145=CARTESIAN_POINT('',(-7.62E0,-1.527970231179E-1,6.016729137239E-1));
#12146=VERTEX_POINT('',#12145);
#12147=CARTESIAN_POINT('',(-7.62E0,-1.527970231179E-1,6.119589917424E-1));
#12148=VERTEX_POINT('',#12147);
#12149=CARTESIAN_POINT('',(-7.62E0,-1.206759893062E-1,6.119589917424E-1));
#12150=VERTEX_POINT('',#12149);
#12151=CARTESIAN_POINT('',(-7.62E0,-1.206759893062E-1,6.407049062049E-1));
#12152=VERTEX_POINT('',#12151);
#12153=CARTESIAN_POINT('',(-7.62E0,-1.553455826269E-1,6.407049062049E-1));
#12154=VERTEX_POINT('',#12153);
#12155=CARTESIAN_POINT('',(-7.62E0,-1.553455826269E-1,6.510369042142E-1));
#12156=VERTEX_POINT('',#12155);
#12157=CARTESIAN_POINT('',(-7.62E0,-1.090811915400E-1,6.510369042142E-1));
#12158=VERTEX_POINT('',#12157);
#12159=CARTESIAN_POINT('',(-7.62E0,-1.090811915400E-1,5.612174015177E-1));
#12160=VERTEX_POINT('',#12159);
#12161=VERTEX_POINT('',#10343);
#12162=VERTEX_POINT('',#10346);
#12163=VERTEX_POINT('',#10354);
#12164=VERTEX_POINT('',#10359);
#12165=VERTEX_POINT('',#10366);
#12166=VERTEX_POINT('',#10369);
#12167=VERTEX_POINT('',#10377);
#12168=VERTEX_POINT('',#10382);
#12169=VERTEX_POINT('',#10389);
#12170=VERTEX_POINT('',#10392);
#12171=VERTEX_POINT('',#10397);
#12172=VERTEX_POINT('',#10402);
#12173=VERTEX_POINT('',#10407);
#12174=CARTESIAN_POINT('',(-7.62E0,-3.332855483483E-1,5.612174015177E-1));
#12175=CARTESIAN_POINT('',(-7.62E0,-2.990751549385E-1,6.510369042142E-1));
#12176=VERTEX_POINT('',#12174);
#12177=VERTEX_POINT('',#12175);
#12178=CARTESIAN_POINT('',(-7.62E0,-2.866767573271E-1,6.510369042142E-1));
#12179=VERTEX_POINT('',#12178);
#12180=CARTESIAN_POINT('',(-7.62E0,-2.524663639176E-1,5.612174015177E-1));
#12181=VERTEX_POINT('',#12180);
#12182=CARTESIAN_POINT('',(-7.62E0,-2.652780414490E-1,5.612174015177E-1));
#12183=VERTEX_POINT('',#12182);
#12184=CARTESIAN_POINT('',(-7.62E0,-2.739109997874E-1,5.857845967846E-1));
#12185=VERTEX_POINT('',#12184);
#12186=CARTESIAN_POINT('',(-7.62E0,-3.113128325819E-1,5.857845967846E-1));
#12187=VERTEX_POINT('',#12186);
#12188=CARTESIAN_POINT('',(-7.62E0,-3.204738708169E-1,5.612174015177E-1));
#12189=VERTEX_POINT('',#12188);
#12190=CARTESIAN_POINT('',(-7.62E0,-2.112144848511E-2,4.187276689679E-1));
#12191=CARTESIAN_POINT('',(-7.62E0,-2.112144848511E-2,4.289678269955E-1));
#12192=VERTEX_POINT('',#12190);
#12193=VERTEX_POINT('',#12191);
#12194=CARTESIAN_POINT('',(-7.62E0,1.559158444227E-2,4.289678269955E-1));
#12195=VERTEX_POINT('',#12194);
#12196=CARTESIAN_POINT('',(-7.62E0,1.559158444227E-2,4.591831811741E-1));
#12197=VERTEX_POINT('',#12196);
#12198=CARTESIAN_POINT('',(-7.62E0,-1.652944936934E-2,4.591831811741E-1));
#12199=VERTEX_POINT('',#12198);
#12200=CARTESIAN_POINT('',(-7.62E0,-1.652944936934E-2,4.694692591926E-1));
#12201=VERTEX_POINT('',#12200);
#12202=CARTESIAN_POINT('',(-7.62E0,1.559158444227E-2,4.694692591926E-1));
#12203=VERTEX_POINT('',#12202);
#12204=CARTESIAN_POINT('',(-7.62E0,1.559158444227E-2,4.982151736551E-1));
#12205=VERTEX_POINT('',#12204);
#12206=CARTESIAN_POINT('',(-7.62E0,-1.907800887838E-2,4.982151736551E-1));
#12207=VERTEX_POINT('',#12206);
#12208=CARTESIAN_POINT('',(-7.62E0,-1.907800887838E-2,5.085471716644E-1));
#12209=VERTEX_POINT('',#12208);
#12210=CARTESIAN_POINT('',(-7.62E0,2.718638220849E-2,5.085471716644E-1));
#12211=VERTEX_POINT('',#12210);
#12212=CARTESIAN_POINT('',(-7.62E0,2.718638220849E-2,4.187276689679E-1));
#12213=VERTEX_POINT('',#12212);
#12214=VERTEX_POINT('',#10494);
#12215=VERTEX_POINT('',#10497);
#12216=VERTEX_POINT('',#10502);
#12217=VERTEX_POINT('',#10514);
#12218=VERTEX_POINT('',#10517);
#12219=VERTEX_POINT('',#10522);
#12220=VERTEX_POINT('',#10527);
#12221=VERTEX_POINT('',#10533);
#12222=VERTEX_POINT('',#10538);
#12223=VERTEX_POINT('',#10544);
#12224=VERTEX_POINT('',#10549);
#12225=VERTEX_POINT('',#10559);
#12226=VERTEX_POINT('',#10562);
#12227=VERTEX_POINT('',#10576);
#12228=VERTEX_POINT('',#10581);
#12229=VERTEX_POINT('',#10596);
#12230=VERTEX_POINT('',#10599);
#12231=VERTEX_POINT('',#10604);
#12232=VERTEX_POINT('',#10609);
#12233=VERTEX_POINT('',#10614);
#12234=VERTEX_POINT('',#10619);
#12235=VERTEX_POINT('',#10625);
#12236=VERTEX_POINT('',#10630);
#12237=VERTEX_POINT('',#10636);
#12238=VERTEX_POINT('',#10641);
#12239=VERTEX_POINT('',#10646);
#12240=VERTEX_POINT('',#10651);
#12241=CARTESIAN_POINT('',(-7.62E0,-2.698700405648E-1,4.187276689679E-1));
#12242=CARTESIAN_POINT('',(-7.62E0,-2.698700405648E-1,4.289678269955E-1));
#12243=VERTEX_POINT('',#12241);
#12244=VERTEX_POINT('',#12242);
#12245=CARTESIAN_POINT('',(-7.62E0,-2.331570076374E-1,4.289678269955E-1));
#12246=VERTEX_POINT('',#12245);
#12247=CARTESIAN_POINT('',(-7.62E0,-2.331570076374E-1,4.591831811741E-1));
#12248=VERTEX_POINT('',#12247);
#12249=CARTESIAN_POINT('',(-7.62E0,-2.652780414490E-1,4.591831811741E-1));
#12250=VERTEX_POINT('',#12249);
#12251=CARTESIAN_POINT('',(-7.62E0,-2.652780414490E-1,4.694692591926E-1));
#12252=VERTEX_POINT('',#12251);
#12253=CARTESIAN_POINT('',(-7.62E0,-2.331570076374E-1,4.694692591926E-1));
#12254=VERTEX_POINT('',#12253);
#12255=CARTESIAN_POINT('',(-7.62E0,-2.331570076374E-1,4.982151736551E-1));
#12256=VERTEX_POINT('',#12255);
#12257=CARTESIAN_POINT('',(-7.62E0,-2.678266009581E-1,4.982151736551E-1));
#12258=VERTEX_POINT('',#12257);
#12259=CARTESIAN_POINT('',(-7.62E0,-2.678266009581E-1,5.085471716644E-1));
#12260=VERTEX_POINT('',#12259);
#12261=CARTESIAN_POINT('',(-7.62E0,-2.215622098712E-1,5.085471716644E-1));
#12262=VERTEX_POINT('',#12261);
#12263=CARTESIAN_POINT('',(-7.62E0,-2.215622098712E-1,4.187276689679E-1));
#12264=VERTEX_POINT('',#12263);
#12265=VERTEX_POINT('',#10706);
#12266=VERTEX_POINT('',#10709);
#12267=VERTEX_POINT('',#10717);
#12268=VERTEX_POINT('',#10722);
#12269=VERTEX_POINT('',#10729);
#12270=VERTEX_POINT('',#10732);
#12271=VERTEX_POINT('',#10740);
#12272=VERTEX_POINT('',#10745);
#12273=VERTEX_POINT('',#10752);
#12274=VERTEX_POINT('',#10755);
#12275=VERTEX_POINT('',#10760);
#12276=VERTEX_POINT('',#10765);
#12277=VERTEX_POINT('',#10770);
#12278=CARTESIAN_POINT('',(-7.62E0,-4.457665666795E-1,4.187276689679E-1));
#12279=CARTESIAN_POINT('',(-7.62E0,-4.115561732697E-1,5.085471716644E-1));
#12280=VERTEX_POINT('',#12278);
#12281=VERTEX_POINT('',#12279);
#12282=CARTESIAN_POINT('',(-7.62E0,-3.991577756583E-1,5.085471716644E-1));
#12283=VERTEX_POINT('',#12282);
#12284=CARTESIAN_POINT('',(-7.62E0,-3.649473822488E-1,4.187276689679E-1));
#12285=VERTEX_POINT('',#12284);
#12286=CARTESIAN_POINT('',(-7.62E0,-3.777590597802E-1,4.187276689679E-1));
#12287=VERTEX_POINT('',#12286);
#12288=CARTESIAN_POINT('',(-7.62E0,-3.863920181186E-1,4.432948642347E-1));
#12289=VERTEX_POINT('',#12288);
#12290=CARTESIAN_POINT('',(-7.62E0,-4.237938509131E-1,4.432948642347E-1));
#12291=VERTEX_POINT('',#12290);
#12292=CARTESIAN_POINT('',(-7.62E0,-4.329548891481E-1,4.187276689679E-1));
#12293=VERTEX_POINT('',#12292);
#12294=VERTEX_POINT('',#10809);
#12295=VERTEX_POINT('',#10815);
#12296=VERTEX_POINT('',#10824);
#12297=VERTEX_POINT('',#10831);
#12298=VERTEX_POINT('',#10836);
#12299=VERTEX_POINT('',#10841);
#12300=VERTEX_POINT('',#10846);
#12301=VERTEX_POINT('',#10852);
#12302=VERTEX_POINT('',#10859);
#12303=VERTEX_POINT('',#10865);
#12304=VERTEX_POINT('',#10872);
#12305=VERTEX_POINT('',#10877);
#12306=VERTEX_POINT('',#10884);
#12307=VERTEX_POINT('',#10889);
#12308=VERTEX_POINT('',#10894);
#12309=VERTEX_POINT('',#10899);
#12310=CARTESIAN_POINT('',(-7.63E0,3.453334659075E-1,4.394901778045E-1));
#12311=CARTESIAN_POINT('',(-7.63E0,3.951448565099E-1,4.394901778045E-1));
#12312=VERTEX_POINT('',#12310);
#12313=VERTEX_POINT('',#12311);
#12314=CARTESIAN_POINT('',(-7.63E0,-2.018008866648E-2,5.612174015177E-1));
#12315=CARTESIAN_POINT('',(-7.63E0,-2.018008866648E-2,5.714575595453E-1));
#12316=VERTEX_POINT('',#12314);
#12317=VERTEX_POINT('',#12315);
#12318=CARTESIAN_POINT('',(-7.63E0,1.559158444227E-2,5.714575595453E-1));
#12319=VERTEX_POINT('',#12318);
#12320=CARTESIAN_POINT('',(-7.63E0,1.559158444227E-2,6.510369042142E-1));
#12321=VERTEX_POINT('',#12320);
#12322=CARTESIAN_POINT('',(-7.63E0,2.718638220849E-2,6.510369042142E-1));
#12323=VERTEX_POINT('',#12322);
#12324=CARTESIAN_POINT('',(-7.63E0,2.718638220849E-2,5.612174015177E-1));
#12325=VERTEX_POINT('',#12324);
#12326=VERTEX_POINT('',#10950);
#12327=VERTEX_POINT('',#10953);
#12328=VERTEX_POINT('',#10978);
#12329=VERTEX_POINT('',#10968);
#12330=CARTESIAN_POINT('',(-7.63E0,-1.573890222336E-1,5.612174015177E-1));
#12331=CARTESIAN_POINT('',(-7.63E0,-1.573890222336E-1,5.714575595453E-1));
#12332=VERTEX_POINT('',#12330);
#12333=VERTEX_POINT('',#12331);
#12334=CARTESIAN_POINT('',(-7.63E0,-1.206759893062E-1,5.714575595453E-1));
#12335=VERTEX_POINT('',#12334);
#12336=CARTESIAN_POINT('',(-7.63E0,-1.206759893062E-1,6.016729137239E-1));
#12337=VERTEX_POINT('',#12336);
#12338=CARTESIAN_POINT('',(-7.63E0,-1.527970231179E-1,6.016729137239E-1));
#12339=VERTEX_POINT('',#12338);
#12340=CARTESIAN_POINT('',(-7.63E0,-1.527970231179E-1,6.119589917424E-1));
#12341=VERTEX_POINT('',#12340);
#12342=CARTESIAN_POINT('',(-7.63E0,-1.206759893062E-1,6.119589917424E-1));
#12343=VERTEX_POINT('',#12342);
#12344=CARTESIAN_POINT('',(-7.63E0,-1.206759893062E-1,6.407049062049E-1));
#12345=VERTEX_POINT('',#12344);
#12346=CARTESIAN_POINT('',(-7.63E0,-1.553455826269E-1,6.407049062049E-1));
#12347=VERTEX_POINT('',#12346);
#12348=CARTESIAN_POINT('',(-7.63E0,-1.553455826269E-1,6.510369042142E-1));
#12349=VERTEX_POINT('',#12348);
#12350=CARTESIAN_POINT('',(-7.63E0,-1.090811915400E-1,6.510369042142E-1));
#12351=VERTEX_POINT('',#12350);
#12352=CARTESIAN_POINT('',(-7.63E0,-1.090811915400E-1,5.612174015177E-1));
#12353=VERTEX_POINT('',#12352);
#12354=VERTEX_POINT('',#11028);
#12355=VERTEX_POINT('',#11031);
#12356=VERTEX_POINT('',#11049);
#12357=VERTEX_POINT('',#11041);
#12358=VERTEX_POINT('',#11051);
#12359=VERTEX_POINT('',#11054);
#12360=VERTEX_POINT('',#11072);
#12361=VERTEX_POINT('',#11064);
#12362=VERTEX_POINT('',#11074);
#12363=VERTEX_POINT('',#11077);
#12364=VERTEX_POINT('',#11097);
#12365=VERTEX_POINT('',#11092);
#12366=VERTEX_POINT('',#11087);
#12367=CARTESIAN_POINT('',(-7.63E0,-3.332855483483E-1,5.612174015177E-1));
#12368=CARTESIAN_POINT('',(-7.63E0,-2.990751549385E-1,6.510369042142E-1));
#12369=VERTEX_POINT('',#12367);
#12370=VERTEX_POINT('',#12368);
#12371=CARTESIAN_POINT('',(-7.63E0,-2.866767573271E-1,6.510369042142E-1));
#12372=VERTEX_POINT('',#12371);
#12373=CARTESIAN_POINT('',(-7.63E0,-2.524663639176E-1,5.612174015177E-1));
#12374=VERTEX_POINT('',#12373);
#12375=CARTESIAN_POINT('',(-7.63E0,-2.652780414490E-1,5.612174015177E-1));
#12376=VERTEX_POINT('',#12375);
#12377=CARTESIAN_POINT('',(-7.63E0,-2.739109997874E-1,5.857845967846E-1));
#12378=VERTEX_POINT('',#12377);
#12379=CARTESIAN_POINT('',(-7.63E0,-3.113128325819E-1,5.857845967846E-1));
#12380=VERTEX_POINT('',#12379);
#12381=CARTESIAN_POINT('',(-7.63E0,-3.204738708169E-1,5.612174015177E-1));
#12382=VERTEX_POINT('',#12381);
#12383=CARTESIAN_POINT('',(-7.63E0,-2.112144848511E-2,4.187276689679E-1));
#12384=CARTESIAN_POINT('',(-7.63E0,-2.112144848511E-2,4.289678269955E-1));
#12385=VERTEX_POINT('',#12383);
#12386=VERTEX_POINT('',#12384);
#12387=CARTESIAN_POINT('',(-7.63E0,1.559158444227E-2,4.289678269955E-1));
#12388=VERTEX_POINT('',#12387);
#12389=CARTESIAN_POINT('',(-7.63E0,1.559158444227E-2,4.591831811741E-1));
#12390=VERTEX_POINT('',#12389);
#12391=CARTESIAN_POINT('',(-7.63E0,-1.652944936934E-2,4.591831811741E-1));
#12392=VERTEX_POINT('',#12391);
#12393=CARTESIAN_POINT('',(-7.63E0,-1.652944936934E-2,4.694692591926E-1));
#12394=VERTEX_POINT('',#12393);
#12395=CARTESIAN_POINT('',(-7.63E0,1.559158444227E-2,4.694692591926E-1));
#12396=VERTEX_POINT('',#12395);
#12397=CARTESIAN_POINT('',(-7.63E0,1.559158444227E-2,4.982151736551E-1));
#12398=VERTEX_POINT('',#12397);
#12399=CARTESIAN_POINT('',(-7.63E0,-1.907800887838E-2,4.982151736551E-1));
#12400=VERTEX_POINT('',#12399);
#12401=CARTESIAN_POINT('',(-7.63E0,-1.907800887838E-2,5.085471716644E-1));
#12402=VERTEX_POINT('',#12401);
#12403=CARTESIAN_POINT('',(-7.63E0,2.718638220849E-2,5.085471716644E-1));
#12404=VERTEX_POINT('',#12403);
#12405=CARTESIAN_POINT('',(-7.63E0,2.718638220849E-2,4.187276689679E-1));
#12406=VERTEX_POINT('',#12405);
#12407=VERTEX_POINT('',#11179);
#12408=VERTEX_POINT('',#11182);
#12409=VERTEX_POINT('',#11197);
#12410=VERTEX_POINT('',#11199);
#12411=VERTEX_POINT('',#11202);
#12412=VERTEX_POINT('',#11242);
#12413=VERTEX_POINT('',#11237);
#12414=VERTEX_POINT('',#11232);
#12415=VERTEX_POINT('',#11226);
#12416=VERTEX_POINT('',#11221);
#12417=VERTEX_POINT('',#11215);
#12418=VERTEX_POINT('',#11244);
#12419=VERTEX_POINT('',#11247);
#12420=VERTEX_POINT('',#11279);
#12421=VERTEX_POINT('',#11265);
#12422=VERTEX_POINT('',#11281);
#12423=VERTEX_POINT('',#11284);
#12424=VERTEX_POINT('',#11341);
#12425=VERTEX_POINT('',#11336);
#12426=VERTEX_POINT('',#11331);
#12427=VERTEX_POINT('',#11326);
#12428=VERTEX_POINT('',#11321);
#12429=VERTEX_POINT('',#11315);
#12430=VERTEX_POINT('',#11310);
#12431=VERTEX_POINT('',#11304);
#12432=VERTEX_POINT('',#11299);
#12433=VERTEX_POINT('',#11294);
#12434=CARTESIAN_POINT('',(-7.63E0,-2.698700405648E-1,4.187276689679E-1));
#12435=CARTESIAN_POINT('',(-7.63E0,-2.698700405648E-1,4.289678269955E-1));
#12436=VERTEX_POINT('',#12434);
#12437=VERTEX_POINT('',#12435);
#12438=CARTESIAN_POINT('',(-7.63E0,-2.331570076374E-1,4.289678269955E-1));
#12439=VERTEX_POINT('',#12438);
#12440=CARTESIAN_POINT('',(-7.63E0,-2.331570076374E-1,4.591831811741E-1));
#12441=VERTEX_POINT('',#12440);
#12442=CARTESIAN_POINT('',(-7.63E0,-2.652780414490E-1,4.591831811741E-1));
#12443=VERTEX_POINT('',#12442);
#12444=CARTESIAN_POINT('',(-7.63E0,-2.652780414490E-1,4.694692591926E-1));
#12445=VERTEX_POINT('',#12444);
#12446=CARTESIAN_POINT('',(-7.63E0,-2.331570076374E-1,4.694692591926E-1));
#12447=VERTEX_POINT('',#12446);
#12448=CARTESIAN_POINT('',(-7.63E0,-2.331570076374E-1,4.982151736551E-1));
#12449=VERTEX_POINT('',#12448);
#12450=CARTESIAN_POINT('',(-7.63E0,-2.678266009581E-1,4.982151736551E-1));
#12451=VERTEX_POINT('',#12450);
#12452=CARTESIAN_POINT('',(-7.63E0,-2.678266009581E-1,5.085471716644E-1));
#12453=VERTEX_POINT('',#12452);
#12454=CARTESIAN_POINT('',(-7.63E0,-2.215622098712E-1,5.085471716644E-1));
#12455=VERTEX_POINT('',#12454);
#12456=CARTESIAN_POINT('',(-7.63E0,-2.215622098712E-1,4.187276689679E-1));
#12457=VERTEX_POINT('',#12456);
#12458=VERTEX_POINT('',#11391);
#12459=VERTEX_POINT('',#11394);
#12460=VERTEX_POINT('',#11412);
#12461=VERTEX_POINT('',#11404);
#12462=VERTEX_POINT('',#11414);
#12463=VERTEX_POINT('',#11417);
#12464=VERTEX_POINT('',#11435);
#12465=VERTEX_POINT('',#11427);
#12466=VERTEX_POINT('',#11437);
#12467=VERTEX_POINT('',#11440);
#12468=VERTEX_POINT('',#11460);
#12469=VERTEX_POINT('',#11455);
#12470=VERTEX_POINT('',#11450);
#12471=CARTESIAN_POINT('',(-7.63E0,-4.457665666795E-1,4.187276689679E-1));
#12472=CARTESIAN_POINT('',(-7.63E0,-4.115561732697E-1,5.085471716644E-1));
#12473=VERTEX_POINT('',#12471);
#12474=VERTEX_POINT('',#12472);
#12475=CARTESIAN_POINT('',(-7.63E0,-3.991577756583E-1,5.085471716644E-1));
#12476=VERTEX_POINT('',#12475);
#12477=CARTESIAN_POINT('',(-7.63E0,-3.649473822488E-1,4.187276689679E-1));
#12478=VERTEX_POINT('',#12477);
#12479=CARTESIAN_POINT('',(-7.63E0,-3.777590597802E-1,4.187276689679E-1));
#12480=VERTEX_POINT('',#12479);
#12481=CARTESIAN_POINT('',(-7.63E0,-3.863920181186E-1,4.432948642347E-1));
#12482=VERTEX_POINT('',#12481);
#12483=CARTESIAN_POINT('',(-7.63E0,-4.237938509131E-1,4.432948642347E-1));
#12484=VERTEX_POINT('',#12483);
#12485=CARTESIAN_POINT('',(-7.63E0,-4.329548891481E-1,4.187276689679E-1));
#12486=VERTEX_POINT('',#12485);
#12487=VERTEX_POINT('',#11494);
#12488=VERTEX_POINT('',#11500);
#12489=VERTEX_POINT('',#11591);
#12490=VERTEX_POINT('',#11582);
#12491=VERTEX_POINT('',#11575);
#12492=VERTEX_POINT('',#11570);
#12493=VERTEX_POINT('',#11565);
#12494=VERTEX_POINT('',#11560);
#12495=VERTEX_POINT('',#11554);
#12496=VERTEX_POINT('',#11547);
#12497=VERTEX_POINT('',#11541);
#12498=VERTEX_POINT('',#11534);
#12499=VERTEX_POINT('',#11529);
#12500=VERTEX_POINT('',#11522);
#12501=VERTEX_POINT('',#11517);
#12502=VERTEX_POINT('',#11512);
#12503=CARTESIAN_POINT('',(-7.62E0,0.E0,0.E0));
#12504=DIRECTION('',(-1.E0,0.E0,0.E0));
#12505=DIRECTION('',(0.E0,-1.E0,0.E0));
#12506=AXIS2_PLACEMENT_3D('',#12503,#12504,#12505);
#12507=PLANE('',#12506);
#12509=ORIENTED_EDGE('',*,*,#12508,.T.);
#12511=ORIENTED_EDGE('',*,*,#12510,.T.);
#12513=ORIENTED_EDGE('',*,*,#12512,.T.);
#12515=ORIENTED_EDGE('',*,*,#12514,.T.);
#12517=ORIENTED_EDGE('',*,*,#12516,.T.);
#12519=ORIENTED_EDGE('',*,*,#12518,.T.);
#12520=EDGE_LOOP('',(#12509,#12511,#12513,#12515,#12517,#12519));
#12521=FACE_OUTER_BOUND('',#12520,.F.);
#12522=ADVANCED_FACE('',(#12521),#12507,.F.);
#12523=CARTESIAN_POINT('',(-7.62E0,0.E0,0.E0));
#12524=DIRECTION('',(-1.E0,0.E0,0.E0));
#12525=DIRECTION('',(0.E0,-1.E0,0.E0));
#12526=AXIS2_PLACEMENT_3D('',#12523,#12524,#12525);
#12527=PLANE('',#12526);
#12529=ORIENTED_EDGE('',*,*,#12528,.T.);
#12531=ORIENTED_EDGE('',*,*,#12530,.T.);
#12533=ORIENTED_EDGE('',*,*,#12532,.T.);
#12535=ORIENTED_EDGE('',*,*,#12534,.T.);
#12536=EDGE_LOOP('',(#12529,#12531,#12533,#12535));
#12537=FACE_OUTER_BOUND('',#12536,.F.);
#12538=ADVANCED_FACE('',(#12537),#12527,.F.);
#12539=CARTESIAN_POINT('',(-7.62E0,0.E0,0.E0));
#12540=DIRECTION('',(-1.E0,0.E0,0.E0));
#12541=DIRECTION('',(0.E0,-1.E0,0.E0));
#12542=AXIS2_PLACEMENT_3D('',#12539,#12540,#12541);
#12543=PLANE('',#12542);
#12545=ORIENTED_EDGE('',*,*,#12544,.T.);
#12547=ORIENTED_EDGE('',*,*,#12546,.T.);
#12549=ORIENTED_EDGE('',*,*,#12548,.T.);
#12551=ORIENTED_EDGE('',*,*,#12550,.T.);
#12553=ORIENTED_EDGE('',*,*,#12552,.T.);
#12555=ORIENTED_EDGE('',*,*,#12554,.T.);
#12557=ORIENTED_EDGE('',*,*,#12556,.T.);
#12559=ORIENTED_EDGE('',*,*,#12558,.T.);
#12561=ORIENTED_EDGE('',*,*,#12560,.T.);
#12563=ORIENTED_EDGE('',*,*,#12562,.T.);
#12565=ORIENTED_EDGE('',*,*,#12564,.T.);
#12567=ORIENTED_EDGE('',*,*,#12566,.T.);
#12568=EDGE_LOOP('',(#12545,#12547,#12549,#12551,#12553,#12555,#12557,#12559,
#12561,#12563,#12565,#12567));
#12569=FACE_OUTER_BOUND('',#12568,.F.);
#12570=ADVANCED_FACE('',(#12569),#12543,.F.);
#12571=CARTESIAN_POINT('',(-7.62E0,0.E0,0.E0));
#12572=DIRECTION('',(-1.E0,0.E0,0.E0));
#12573=DIRECTION('',(0.E0,-1.E0,0.E0));
#12574=AXIS2_PLACEMENT_3D('',#12571,#12572,#12573);
#12575=PLANE('',#12574);
#12577=ORIENTED_EDGE('',*,*,#12576,.T.);
#12579=ORIENTED_EDGE('',*,*,#12578,.T.);
#12581=ORIENTED_EDGE('',*,*,#12580,.T.);
#12583=ORIENTED_EDGE('',*,*,#12582,.T.);
#12584=EDGE_LOOP('',(#12577,#12579,#12581,#12583));
#12585=FACE_OUTER_BOUND('',#12584,.F.);
#12587=ORIENTED_EDGE('',*,*,#12586,.T.);
#12589=ORIENTED_EDGE('',*,*,#12588,.T.);
#12591=ORIENTED_EDGE('',*,*,#12590,.T.);
#12593=ORIENTED_EDGE('',*,*,#12592,.T.);
#12594=EDGE_LOOP('',(#12587,#12589,#12591,#12593));
#12595=FACE_BOUND('',#12594,.F.);
#12596=ADVANCED_FACE('',(#12585,#12595),#12575,.F.);
#12597=CARTESIAN_POINT('',(-7.62E0,0.E0,0.E0));
#12598=DIRECTION('',(-1.E0,0.E0,0.E0));
#12599=DIRECTION('',(0.E0,-1.E0,0.E0));
#12600=AXIS2_PLACEMENT_3D('',#12597,#12598,#12599);
#12601=PLANE('',#12600);
#12603=ORIENTED_EDGE('',*,*,#12602,.T.);
#12605=ORIENTED_EDGE('',*,*,#12604,.T.);
#12607=ORIENTED_EDGE('',*,*,#12606,.T.);
#12609=ORIENTED_EDGE('',*,*,#12608,.T.);
#12611=ORIENTED_EDGE('',*,*,#12610,.T.);
#12613=ORIENTED_EDGE('',*,*,#12612,.T.);
#12615=ORIENTED_EDGE('',*,*,#12614,.T.);
#12617=ORIENTED_EDGE('',*,*,#12616,.T.);
#12618=EDGE_LOOP('',(#12603,#12605,#12607,#12609,#12611,#12613,#12615,#12617));
#12619=FACE_OUTER_BOUND('',#12618,.F.);
#12621=ORIENTED_EDGE('',*,*,#12620,.T.);
#12623=ORIENTED_EDGE('',*,*,#12622,.T.);
#12625=ORIENTED_EDGE('',*,*,#12624,.T.);
#12627=ORIENTED_EDGE('',*,*,#12626,.T.);
#12629=ORIENTED_EDGE('',*,*,#12628,.T.);
#12630=EDGE_LOOP('',(#12621,#12623,#12625,#12627,#12629));
#12631=FACE_BOUND('',#12630,.F.);
#12632=ADVANCED_FACE('',(#12619,#12631),#12601,.F.);
#12633=CARTESIAN_POINT('',(-7.62E0,0.E0,0.E0));
#12634=DIRECTION('',(-1.E0,0.E0,0.E0));
#12635=DIRECTION('',(0.E0,-1.E0,0.E0));
#12636=AXIS2_PLACEMENT_3D('',#12633,#12634,#12635);
#12637=PLANE('',#12636);
#12639=ORIENTED_EDGE('',*,*,#12638,.T.);
#12641=ORIENTED_EDGE('',*,*,#12640,.T.);
#12643=ORIENTED_EDGE('',*,*,#12642,.T.);
#12645=ORIENTED_EDGE('',*,*,#12644,.T.);
#12647=ORIENTED_EDGE('',*,*,#12646,.T.);
#12649=ORIENTED_EDGE('',*,*,#12648,.T.);
#12651=ORIENTED_EDGE('',*,*,#12650,.T.);
#12653=ORIENTED_EDGE('',*,*,#12652,.T.);
#12655=ORIENTED_EDGE('',*,*,#12654,.T.);
#12657=ORIENTED_EDGE('',*,*,#12656,.T.);
#12659=ORIENTED_EDGE('',*,*,#12658,.T.);
#12661=ORIENTED_EDGE('',*,*,#12660,.T.);
#12662=EDGE_LOOP('',(#12639,#12641,#12643,#12645,#12647,#12649,#12651,#12653,
#12655,#12657,#12659,#12661));
#12663=FACE_OUTER_BOUND('',#12662,.F.);
#12664=ADVANCED_FACE('',(#12663),#12637,.F.);
#12665=CARTESIAN_POINT('',(-7.62E0,0.E0,0.E0));
#12666=DIRECTION('',(-1.E0,0.E0,0.E0));
#12667=DIRECTION('',(0.E0,-1.E0,0.E0));
#12668=AXIS2_PLACEMENT_3D('',#12665,#12666,#12667);
#12669=PLANE('',#12668);
#12671=ORIENTED_EDGE('',*,*,#12670,.T.);
#12673=ORIENTED_EDGE('',*,*,#12672,.T.);
#12675=ORIENTED_EDGE('',*,*,#12674,.T.);
#12677=ORIENTED_EDGE('',*,*,#12676,.T.);
#12679=ORIENTED_EDGE('',*,*,#12678,.T.);
#12681=ORIENTED_EDGE('',*,*,#12680,.T.);
#12683=ORIENTED_EDGE('',*,*,#12682,.T.);
#12685=ORIENTED_EDGE('',*,*,#12684,.T.);
#12686=EDGE_LOOP('',(#12671,#12673,#12675,#12677,#12679,#12681,#12683,#12685));
#12687=FACE_OUTER_BOUND('',#12686,.F.);
#12689=ORIENTED_EDGE('',*,*,#12688,.T.);
#12691=ORIENTED_EDGE('',*,*,#12690,.T.);
#12693=ORIENTED_EDGE('',*,*,#12692,.T.);
#12694=EDGE_LOOP('',(#12689,#12691,#12693));
#12695=FACE_BOUND('',#12694,.F.);
#12696=ADVANCED_FACE('',(#12687,#12695),#12669,.F.);
#12697=CARTESIAN_POINT('',(-7.62E0,0.E0,0.E0));
#12698=DIRECTION('',(-1.E0,0.E0,0.E0));
#12699=DIRECTION('',(0.E0,-1.E0,0.E0));
#12700=AXIS2_PLACEMENT_3D('',#12697,#12698,#12699);
#12701=PLANE('',#12700);
#12703=ORIENTED_EDGE('',*,*,#12702,.T.);
#12705=ORIENTED_EDGE('',*,*,#12704,.T.);
#12707=ORIENTED_EDGE('',*,*,#12706,.T.);
#12709=ORIENTED_EDGE('',*,*,#12708,.T.);
#12710=EDGE_LOOP('',(#12703,#12705,#12707,#12709));
#12711=FACE_OUTER_BOUND('',#12710,.F.);
#12712=ADVANCED_FACE('',(#12711),#12701,.F.);
#12713=CARTESIAN_POINT('',(-7.62E0,0.E0,0.E0));
#12714=DIRECTION('',(-1.E0,0.E0,0.E0));
#12715=DIRECTION('',(0.E0,-1.E0,0.E0));
#12716=AXIS2_PLACEMENT_3D('',#12713,#12714,#12715);
#12717=PLANE('',#12716);
#12719=ORIENTED_EDGE('',*,*,#12718,.T.);
#12721=ORIENTED_EDGE('',*,*,#12720,.T.);
#12723=ORIENTED_EDGE('',*,*,#12722,.T.);
#12725=ORIENTED_EDGE('',*,*,#12724,.T.);
#12727=ORIENTED_EDGE('',*,*,#12726,.T.);
#12729=ORIENTED_EDGE('',*,*,#12728,.T.);
#12731=ORIENTED_EDGE('',*,*,#12730,.T.);
#12733=ORIENTED_EDGE('',*,*,#12732,.T.);
#12735=ORIENTED_EDGE('',*,*,#12734,.T.);
#12737=ORIENTED_EDGE('',*,*,#12736,.T.);
#12739=ORIENTED_EDGE('',*,*,#12738,.T.);
#12741=ORIENTED_EDGE('',*,*,#12740,.T.);
#12742=EDGE_LOOP('',(#12719,#12721,#12723,#12725,#12727,#12729,#12731,#12733,
#12735,#12737,#12739,#12741));
#12743=FACE_OUTER_BOUND('',#12742,.F.);
#12744=ADVANCED_FACE('',(#12743),#12717,.F.);
#12745=CARTESIAN_POINT('',(-7.62E0,0.E0,0.E0));
#12746=DIRECTION('',(-1.E0,0.E0,0.E0));
#12747=DIRECTION('',(0.E0,-1.E0,0.E0));
#12748=AXIS2_PLACEMENT_3D('',#12745,#12746,#12747);
#12749=PLANE('',#12748);
#12751=ORIENTED_EDGE('',*,*,#12750,.T.);
#12753=ORIENTED_EDGE('',*,*,#12752,.T.);
#12755=ORIENTED_EDGE('',*,*,#12754,.T.);
#12757=ORIENTED_EDGE('',*,*,#12756,.T.);
#12759=ORIENTED_EDGE('',*,*,#12758,.T.);
#12761=ORIENTED_EDGE('',*,*,#12760,.T.);
#12763=ORIENTED_EDGE('',*,*,#12762,.T.);
#12765=ORIENTED_EDGE('',*,*,#12764,.T.);
#12767=ORIENTED_EDGE('',*,*,#12766,.T.);
#12769=ORIENTED_EDGE('',*,*,#12768,.T.);
#12771=ORIENTED_EDGE('',*,*,#12770,.T.);
#12773=ORIENTED_EDGE('',*,*,#12772,.T.);
#12774=EDGE_LOOP('',(#12751,#12753,#12755,#12757,#12759,#12761,#12763,#12765,
#12767,#12769,#12771,#12773));
#12775=FACE_OUTER_BOUND('',#12774,.F.);
#12776=ADVANCED_FACE('',(#12775),#12749,.F.);
#12777=CARTESIAN_POINT('',(-7.62E0,0.E0,0.E0));
#12778=DIRECTION('',(-1.E0,0.E0,0.E0));
#12779=DIRECTION('',(0.E0,-1.E0,0.E0));
#12780=AXIS2_PLACEMENT_3D('',#12777,#12778,#12779);
#12781=PLANE('',#12780);
#12783=ORIENTED_EDGE('',*,*,#12782,.T.);
#12785=ORIENTED_EDGE('',*,*,#12784,.T.);
#12787=ORIENTED_EDGE('',*,*,#12786,.T.);
#12789=ORIENTED_EDGE('',*,*,#12788,.T.);
#12790=EDGE_LOOP('',(#12783,#12785,#12787,#12789));
#12791=FACE_OUTER_BOUND('',#12790,.F.);
#12793=ORIENTED_EDGE('',*,*,#12792,.T.);
#12795=ORIENTED_EDGE('',*,*,#12794,.T.);
#12797=ORIENTED_EDGE('',*,*,#12796,.T.);
#12799=ORIENTED_EDGE('',*,*,#12798,.T.);
#12800=EDGE_LOOP('',(#12793,#12795,#12797,#12799));
#12801=FACE_BOUND('',#12800,.F.);
#12802=ADVANCED_FACE('',(#12791,#12801),#12781,.F.);
#12803=CARTESIAN_POINT('',(-7.62E0,0.E0,0.E0));
#12804=DIRECTION('',(-1.E0,0.E0,0.E0));
#12805=DIRECTION('',(0.E0,-1.E0,0.E0));
#12806=AXIS2_PLACEMENT_3D('',#12803,#12804,#12805);
#12807=PLANE('',#12806);
#12809=ORIENTED_EDGE('',*,*,#12808,.T.);
#12811=ORIENTED_EDGE('',*,*,#12810,.T.);
#12813=ORIENTED_EDGE('',*,*,#12812,.T.);
#12815=ORIENTED_EDGE('',*,*,#12814,.T.);
#12817=ORIENTED_EDGE('',*,*,#12816,.T.);
#12819=ORIENTED_EDGE('',*,*,#12818,.T.);
#12821=ORIENTED_EDGE('',*,*,#12820,.T.);
#12823=ORIENTED_EDGE('',*,*,#12822,.T.);
#12824=EDGE_LOOP('',(#12809,#12811,#12813,#12815,#12817,#12819,#12821,#12823));
#12825=FACE_OUTER_BOUND('',#12824,.F.);
#12827=ORIENTED_EDGE('',*,*,#12826,.T.);
#12829=ORIENTED_EDGE('',*,*,#12828,.T.);
#12831=ORIENTED_EDGE('',*,*,#12830,.T.);
#12833=ORIENTED_EDGE('',*,*,#12832,.T.);
#12835=ORIENTED_EDGE('',*,*,#12834,.T.);
#12836=EDGE_LOOP('',(#12827,#12829,#12831,#12833,#12835));
#12837=FACE_BOUND('',#12836,.F.);
#12838=ADVANCED_FACE('',(#12825,#12837),#12807,.F.);
#12839=CARTESIAN_POINT('',(-7.62E0,0.E0,0.E0));
#12840=DIRECTION('',(-1.E0,0.E0,0.E0));
#12841=DIRECTION('',(0.E0,-1.E0,0.E0));
#12842=AXIS2_PLACEMENT_3D('',#12839,#12840,#12841);
#12843=PLANE('',#12842);
#12845=ORIENTED_EDGE('',*,*,#12844,.T.);
#12847=ORIENTED_EDGE('',*,*,#12846,.T.);
#12849=ORIENTED_EDGE('',*,*,#12848,.T.);
#12851=ORIENTED_EDGE('',*,*,#12850,.T.);
#12853=ORIENTED_EDGE('',*,*,#12852,.T.);
#12855=ORIENTED_EDGE('',*,*,#12854,.T.);
#12857=ORIENTED_EDGE('',*,*,#12856,.T.);
#12859=ORIENTED_EDGE('',*,*,#12858,.T.);
#12861=ORIENTED_EDGE('',*,*,#12860,.T.);
#12863=ORIENTED_EDGE('',*,*,#12862,.T.);
#12865=ORIENTED_EDGE('',*,*,#12864,.T.);
#12867=ORIENTED_EDGE('',*,*,#12866,.T.);
#12869=ORIENTED_EDGE('',*,*,#12868,.T.);
#12871=ORIENTED_EDGE('',*,*,#12870,.T.);
#12873=ORIENTED_EDGE('',*,*,#12872,.T.);
#12875=ORIENTED_EDGE('',*,*,#12874,.T.);
#12876=EDGE_LOOP('',(#12845,#12847,#12849,#12851,#12853,#12855,#12857,#12859,
#12861,#12863,#12865,#12867,#12869,#12871,#12873,#12875));
#12877=FACE_OUTER_BOUND('',#12876,.F.);
#12879=ORIENTED_EDGE('',*,*,#12878,.T.);
#12881=ORIENTED_EDGE('',*,*,#12880,.T.);
#12882=EDGE_LOOP('',(#12879,#12881));
#12883=FACE_BOUND('',#12882,.F.);
#12884=ADVANCED_FACE('',(#12877,#12883),#12843,.F.);
#12885=CARTESIAN_POINT('',(-7.62E0,3.702391612087E-1,4.394901778045E-1));
#12886=DIRECTION('',(-1.E0,0.E0,0.E0));
#12887=DIRECTION('',(0.E0,-1.E0,0.E0));
#12888=AXIS2_PLACEMENT_3D('',#12885,#12886,#12887);
#12889=CYLINDRICAL_SURFACE('',#12888,2.490569530119E-2);
#12890=ORIENTED_EDGE('',*,*,#12878,.F.);
#12892=ORIENTED_EDGE('',*,*,#12891,.T.);
#12894=ORIENTED_EDGE('',*,*,#12893,.T.);
#12896=ORIENTED_EDGE('',*,*,#12895,.F.);
#12897=EDGE_LOOP('',(#12890,#12892,#12894,#12896));
#12898=FACE_OUTER_BOUND('',#12897,.F.);
#12899=ADVANCED_FACE('',(#12898),#12889,.F.);
#12900=FILL_AREA_STYLE_COLOUR('',#14);
#12901=FILL_AREA_STYLE('',(#12900));
#12902=SURFACE_STYLE_FILL_AREA(#12901);
#12903=SURFACE_SIDE_STYLE('',(#12902));
#12904=SURFACE_STYLE_USAGE(.BOTH.,#12903);
#12905=PRESENTATION_STYLE_ASSIGNMENT((#12904));
#12906=STYLED_ITEM('',(#12905),#12899);
#12907=CARTESIAN_POINT('',(-7.62E0,3.702391612087E-1,4.394901778045E-1));
#12908=DIRECTION('',(-1.E0,0.E0,0.E0));
#12909=DIRECTION('',(0.E0,-1.E0,0.E0));
#12910=AXIS2_PLACEMENT_3D('',#12907,#12908,#12909);
#12911=CYLINDRICAL_SURFACE('',#12910,2.490569530119E-2);
#12912=ORIENTED_EDGE('',*,*,#12880,.F.);
#12913=ORIENTED_EDGE('',*,*,#12895,.T.);
#12915=ORIENTED_EDGE('',*,*,#12914,.T.);
#12916=ORIENTED_EDGE('',*,*,#12891,.F.);
#12917=EDGE_LOOP('',(#12912,#12913,#12915,#12916));
#12918=FACE_OUTER_BOUND('',#12917,.F.);
#12919=ADVANCED_FACE('',(#12918),#12911,.F.);
#12920=FILL_AREA_STYLE_COLOUR('',#14);
#12921=FILL_AREA_STYLE('',(#12920));
#12922=SURFACE_STYLE_FILL_AREA(#12921);
#12923=SURFACE_SIDE_STYLE('',(#12922));
#12924=SURFACE_STYLE_USAGE(.BOTH.,#12923);
#12925=PRESENTATION_STYLE_ASSIGNMENT((#12924));
#12926=STYLED_ITEM('',(#12925),#12919);
#12927=CARTESIAN_POINT('',(-7.63E0,0.E0,0.E0));
#12928=DIRECTION('',(-1.E0,0.E0,0.E0));
#12929=DIRECTION('',(0.E0,-1.E0,0.E0));
#12930=AXIS2_PLACEMENT_3D('',#12927,#12928,#12929);
#12931=PLANE('',#12930);
#12933=ORIENTED_EDGE('',*,*,#12932,.F.);
#12935=ORIENTED_EDGE('',*,*,#12934,.F.);
#12937=ORIENTED_EDGE('',*,*,#12936,.F.);
#12939=ORIENTED_EDGE('',*,*,#12938,.F.);
#12941=ORIENTED_EDGE('',*,*,#12940,.F.);
#12943=ORIENTED_EDGE('',*,*,#12942,.F.);
#12944=EDGE_LOOP('',(#12933,#12935,#12937,#12939,#12941,#12943));
#12945=FACE_OUTER_BOUND('',#12944,.F.);
#12946=ADVANCED_FACE('',(#12945),#12931,.T.);
#12947=FILL_AREA_STYLE_COLOUR('',#14);
#12948=FILL_AREA_STYLE('',(#12947));
#12949=SURFACE_STYLE_FILL_AREA(#12948);
#12950=SURFACE_SIDE_STYLE('',(#12949));
#12951=SURFACE_STYLE_USAGE(.BOTH.,#12950);
#12952=PRESENTATION_STYLE_ASSIGNMENT((#12951));
#12953=STYLED_ITEM('',(#12952),#12946);
#12954=CARTESIAN_POINT('',(-7.63E0,0.E0,0.E0));
#12955=DIRECTION('',(-1.E0,0.E0,0.E0));
#12956=DIRECTION('',(0.E0,-1.E0,0.E0));
#12957=AXIS2_PLACEMENT_3D('',#12954,#12955,#12956);
#12958=PLANE('',#12957);
#12960=ORIENTED_EDGE('',*,*,#12959,.F.);
#12962=ORIENTED_EDGE('',*,*,#12961,.F.);
#12964=ORIENTED_EDGE('',*,*,#12963,.F.);
#12966=ORIENTED_EDGE('',*,*,#12965,.F.);
#12967=EDGE_LOOP('',(#12960,#12962,#12964,#12966));
#12968=FACE_OUTER_BOUND('',#12967,.F.);
#12969=ADVANCED_FACE('',(#12968),#12958,.T.);
#12970=FILL_AREA_STYLE_COLOUR('',#14);
#12971=FILL_AREA_STYLE('',(#12970));
#12972=SURFACE_STYLE_FILL_AREA(#12971);
#12973=SURFACE_SIDE_STYLE('',(#12972));
#12974=SURFACE_STYLE_USAGE(.POSITIVE.,#12973);
#12975=PRESENTATION_STYLE_ASSIGNMENT((#12974));
#12976=STYLED_ITEM('',(#12975),#12969);
#12977=CARTESIAN_POINT('',(-7.63E0,0.E0,0.E0));
#12978=DIRECTION('',(-1.E0,0.E0,0.E0));
#12979=DIRECTION('',(0.E0,-1.E0,0.E0));
#12980=AXIS2_PLACEMENT_3D('',#12977,#12978,#12979);
#12981=PLANE('',#12980);
#12983=ORIENTED_EDGE('',*,*,#12982,.F.);
#12985=ORIENTED_EDGE('',*,*,#12984,.F.);
#12987=ORIENTED_EDGE('',*,*,#12986,.F.);
#12989=ORIENTED_EDGE('',*,*,#12988,.F.);
#12991=ORIENTED_EDGE('',*,*,#12990,.F.);
#12993=ORIENTED_EDGE('',*,*,#12992,.F.);
#12995=ORIENTED_EDGE('',*,*,#12994,.F.);
#12997=ORIENTED_EDGE('',*,*,#12996,.F.);
#12999=ORIENTED_EDGE('',*,*,#12998,.F.);
#13001=ORIENTED_EDGE('',*,*,#13000,.F.);
#13003=ORIENTED_EDGE('',*,*,#13002,.F.);
#13005=ORIENTED_EDGE('',*,*,#13004,.F.);
#13006=EDGE_LOOP('',(#12983,#12985,#12987,#12989,#12991,#12993,#12995,#12997,
#12999,#13001,#13003,#13005));
#13007=FACE_OUTER_BOUND('',#13006,.F.);
#13008=ADVANCED_FACE('',(#13007),#12981,.T.);
#13009=FILL_AREA_STYLE_COLOUR('',#14);
#13010=FILL_AREA_STYLE('',(#13009));
#13011=SURFACE_STYLE_FILL_AREA(#13010);
#13012=SURFACE_SIDE_STYLE('',(#13011));
#13013=SURFACE_STYLE_USAGE(.POSITIVE.,#13012);
#13014=PRESENTATION_STYLE_ASSIGNMENT((#13013));
#13015=STYLED_ITEM('',(#13014),#13008);
#13016=CARTESIAN_POINT('',(-7.63E0,0.E0,0.E0));
#13017=DIRECTION('',(-1.E0,0.E0,0.E0));
#13018=DIRECTION('',(0.E0,-1.E0,0.E0));
#13019=AXIS2_PLACEMENT_3D('',#13016,#13017,#13018);
#13020=PLANE('',#13019);
#13022=ORIENTED_EDGE('',*,*,#13021,.F.);
#13024=ORIENTED_EDGE('',*,*,#13023,.F.);
#13026=ORIENTED_EDGE('',*,*,#13025,.F.);
#13028=ORIENTED_EDGE('',*,*,#13027,.F.);
#13029=EDGE_LOOP('',(#13022,#13024,#13026,#13028));
#13030=FACE_OUTER_BOUND('',#13029,.F.);
#13032=ORIENTED_EDGE('',*,*,#13031,.F.);
#13034=ORIENTED_EDGE('',*,*,#13033,.F.);
#13036=ORIENTED_EDGE('',*,*,#13035,.F.);
#13038=ORIENTED_EDGE('',*,*,#13037,.F.);
#13039=EDGE_LOOP('',(#13032,#13034,#13036,#13038));
#13040=FACE_BOUND('',#13039,.F.);
#13041=ADVANCED_FACE('',(#13030,#13040),#13020,.T.);
#13042=FILL_AREA_STYLE_COLOUR('',#14);
#13043=FILL_AREA_STYLE('',(#13042));
#13044=SURFACE_STYLE_FILL_AREA(#13043);
#13045=SURFACE_SIDE_STYLE('',(#13044));
#13046=SURFACE_STYLE_USAGE(.POSITIVE.,#13045);
#13047=PRESENTATION_STYLE_ASSIGNMENT((#13046));
#13048=STYLED_ITEM('',(#13047),#13041);
#13049=CARTESIAN_POINT('',(-7.63E0,0.E0,0.E0));
#13050=DIRECTION('',(-1.E0,0.E0,0.E0));
#13051=DIRECTION('',(0.E0,-1.E0,0.E0));
#13052=AXIS2_PLACEMENT_3D('',#13049,#13050,#13051);
#13053=PLANE('',#13052);
#13055=ORIENTED_EDGE('',*,*,#13054,.F.);
#13057=ORIENTED_EDGE('',*,*,#13056,.F.);
#13059=ORIENTED_EDGE('',*,*,#13058,.F.);
#13061=ORIENTED_EDGE('',*,*,#13060,.F.);
#13063=ORIENTED_EDGE('',*,*,#13062,.F.);
#13065=ORIENTED_EDGE('',*,*,#13064,.F.);
#13067=ORIENTED_EDGE('',*,*,#13066,.F.);
#13069=ORIENTED_EDGE('',*,*,#13068,.F.);
#13070=EDGE_LOOP('',(#13055,#13057,#13059,#13061,#13063,#13065,#13067,#13069));
#13071=FACE_OUTER_BOUND('',#13070,.F.);
#13073=ORIENTED_EDGE('',*,*,#13072,.F.);
#13075=ORIENTED_EDGE('',*,*,#13074,.F.);
#13077=ORIENTED_EDGE('',*,*,#13076,.F.);
#13079=ORIENTED_EDGE('',*,*,#13078,.F.);
#13081=ORIENTED_EDGE('',*,*,#13080,.F.);
#13082=EDGE_LOOP('',(#13073,#13075,#13077,#13079,#13081));
#13083=FACE_BOUND('',#13082,.F.);
#13084=ADVANCED_FACE('',(#13071,#13083),#13053,.T.);
#13085=FILL_AREA_STYLE_COLOUR('',#14);
#13086=FILL_AREA_STYLE('',(#13085));
#13087=SURFACE_STYLE_FILL_AREA(#13086);
#13088=SURFACE_SIDE_STYLE('',(#13087));
#13089=SURFACE_STYLE_USAGE(.POSITIVE.,#13088);
#13090=PRESENTATION_STYLE_ASSIGNMENT((#13089));
#13091=STYLED_ITEM('',(#13090),#13084);
#13092=CARTESIAN_POINT('',(-7.63E0,0.E0,0.E0));
#13093=DIRECTION('',(-1.E0,0.E0,0.E0));
#13094=DIRECTION('',(0.E0,-1.E0,0.E0));
#13095=AXIS2_PLACEMENT_3D('',#13092,#13093,#13094);
#13096=PLANE('',#13095);
#13098=ORIENTED_EDGE('',*,*,#13097,.F.);
#13100=ORIENTED_EDGE('',*,*,#13099,.F.);
#13102=ORIENTED_EDGE('',*,*,#13101,.F.);
#13104=ORIENTED_EDGE('',*,*,#13103,.F.);
#13106=ORIENTED_EDGE('',*,*,#13105,.F.);
#13108=ORIENTED_EDGE('',*,*,#13107,.F.);
#13110=ORIENTED_EDGE('',*,*,#13109,.F.);
#13112=ORIENTED_EDGE('',*,*,#13111,.F.);
#13114=ORIENTED_EDGE('',*,*,#13113,.F.);
#13116=ORIENTED_EDGE('',*,*,#13115,.F.);
#13118=ORIENTED_EDGE('',*,*,#13117,.F.);
#13120=ORIENTED_EDGE('',*,*,#13119,.F.);
#13121=EDGE_LOOP('',(#13098,#13100,#13102,#13104,#13106,#13108,#13110,#13112,
#13114,#13116,#13118,#13120));
#13122=FACE_OUTER_BOUND('',#13121,.F.);
#13123=ADVANCED_FACE('',(#13122),#13096,.T.);
#13124=FILL_AREA_STYLE_COLOUR('',#14);
#13125=FILL_AREA_STYLE('',(#13124));
#13126=SURFACE_STYLE_FILL_AREA(#13125);
#13127=SURFACE_SIDE_STYLE('',(#13126));
#13128=SURFACE_STYLE_USAGE(.POSITIVE.,#13127);
#13129=PRESENTATION_STYLE_ASSIGNMENT((#13128));
#13130=STYLED_ITEM('',(#13129),#13123);
#13131=CARTESIAN_POINT('',(-7.63E0,0.E0,0.E0));
#13132=DIRECTION('',(-1.E0,0.E0,0.E0));
#13133=DIRECTION('',(0.E0,-1.E0,0.E0));
#13134=AXIS2_PLACEMENT_3D('',#13131,#13132,#13133);
#13135=PLANE('',#13134);
#13137=ORIENTED_EDGE('',*,*,#13136,.F.);
#13139=ORIENTED_EDGE('',*,*,#13138,.F.);
#13141=ORIENTED_EDGE('',*,*,#13140,.F.);
#13143=ORIENTED_EDGE('',*,*,#13142,.F.);
#13145=ORIENTED_EDGE('',*,*,#13144,.F.);
#13147=ORIENTED_EDGE('',*,*,#13146,.F.);
#13149=ORIENTED_EDGE('',*,*,#13148,.F.);
#13151=ORIENTED_EDGE('',*,*,#13150,.F.);
#13152=EDGE_LOOP('',(#13137,#13139,#13141,#13143,#13145,#13147,#13149,#13151));
#13153=FACE_OUTER_BOUND('',#13152,.F.);
#13155=ORIENTED_EDGE('',*,*,#13154,.F.);
#13157=ORIENTED_EDGE('',*,*,#13156,.F.);
#13159=ORIENTED_EDGE('',*,*,#13158,.F.);
#13160=EDGE_LOOP('',(#13155,#13157,#13159));
#13161=FACE_BOUND('',#13160,.F.);
#13162=ADVANCED_FACE('',(#13153,#13161),#13135,.T.);
#13163=FILL_AREA_STYLE_COLOUR('',#14);
#13164=FILL_AREA_STYLE('',(#13163));
#13165=SURFACE_STYLE_FILL_AREA(#13164);
#13166=SURFACE_SIDE_STYLE('',(#13165));
#13167=SURFACE_STYLE_USAGE(.POSITIVE.,#13166);
#13168=PRESENTATION_STYLE_ASSIGNMENT((#13167));
#13169=STYLED_ITEM('',(#13168),#13162);
#13170=CARTESIAN_POINT('',(-7.63E0,0.E0,0.E0));
#13171=DIRECTION('',(-1.E0,0.E0,0.E0));
#13172=DIRECTION('',(0.E0,-1.E0,0.E0));
#13173=AXIS2_PLACEMENT_3D('',#13170,#13171,#13172);
#13174=PLANE('',#13173);
#13176=ORIENTED_EDGE('',*,*,#13175,.F.);
#13178=ORIENTED_EDGE('',*,*,#13177,.F.);
#13180=ORIENTED_EDGE('',*,*,#13179,.F.);
#13182=ORIENTED_EDGE('',*,*,#13181,.F.);
#13183=EDGE_LOOP('',(#13176,#13178,#13180,#13182));
#13184=FACE_OUTER_BOUND('',#13183,.F.);
#13185=ADVANCED_FACE('',(#13184),#13174,.T.);
#13186=FILL_AREA_STYLE_COLOUR('',#14);
#13187=FILL_AREA_STYLE('',(#13186));
#13188=SURFACE_STYLE_FILL_AREA(#13187);
#13189=SURFACE_SIDE_STYLE('',(#13188));
#13190=SURFACE_STYLE_USAGE(.POSITIVE.,#13189);
#13191=PRESENTATION_STYLE_ASSIGNMENT((#13190));
#13192=STYLED_ITEM('',(#13191),#13185);
#13193=CARTESIAN_POINT('',(-7.63E0,0.E0,0.E0));
#13194=DIRECTION('',(-1.E0,0.E0,0.E0));
#13195=DIRECTION('',(0.E0,-1.E0,0.E0));
#13196=AXIS2_PLACEMENT_3D('',#13193,#13194,#13195);
#13197=PLANE('',#13196);
#13199=ORIENTED_EDGE('',*,*,#13198,.F.);
#13201=ORIENTED_EDGE('',*,*,#13200,.F.);
#13203=ORIENTED_EDGE('',*,*,#13202,.F.);
#13205=ORIENTED_EDGE('',*,*,#13204,.F.);
#13207=ORIENTED_EDGE('',*,*,#13206,.F.);
#13209=ORIENTED_EDGE('',*,*,#13208,.F.);
#13211=ORIENTED_EDGE('',*,*,#13210,.F.);
#13213=ORIENTED_EDGE('',*,*,#13212,.F.);
#13215=ORIENTED_EDGE('',*,*,#13214,.F.);
#13217=ORIENTED_EDGE('',*,*,#13216,.F.);
#13219=ORIENTED_EDGE('',*,*,#13218,.F.);
#13221=ORIENTED_EDGE('',*,*,#13220,.F.);
#13222=EDGE_LOOP('',(#13199,#13201,#13203,#13205,#13207,#13209,#13211,#13213,
#13215,#13217,#13219,#13221));
#13223=FACE_OUTER_BOUND('',#13222,.F.);
#13224=ADVANCED_FACE('',(#13223),#13197,.T.);
#13225=FILL_AREA_STYLE_COLOUR('',#14);
#13226=FILL_AREA_STYLE('',(#13225));
#13227=SURFACE_STYLE_FILL_AREA(#13226);
#13228=SURFACE_SIDE_STYLE('',(#13227));
#13229=SURFACE_STYLE_USAGE(.POSITIVE.,#13228);
#13230=PRESENTATION_STYLE_ASSIGNMENT((#13229));
#13231=STYLED_ITEM('',(#13230),#13224);
#13232=CARTESIAN_POINT('',(-7.63E0,0.E0,0.E0));
#13233=DIRECTION('',(-1.E0,0.E0,0.E0));
#13234=DIRECTION('',(0.E0,-1.E0,0.E0));
#13235=AXIS2_PLACEMENT_3D('',#13232,#13233,#13234);
#13236=PLANE('',#13235);
#13238=ORIENTED_EDGE('',*,*,#13237,.F.);
#13240=ORIENTED_EDGE('',*,*,#13239,.F.);
#13242=ORIENTED_EDGE('',*,*,#13241,.F.);
#13244=ORIENTED_EDGE('',*,*,#13243,.F.);
#13246=ORIENTED_EDGE('',*,*,#13245,.F.);
#13248=ORIENTED_EDGE('',*,*,#13247,.F.);
#13250=ORIENTED_EDGE('',*,*,#13249,.F.);
#13252=ORIENTED_EDGE('',*,*,#13251,.F.);
#13254=ORIENTED_EDGE('',*,*,#13253,.F.);
#13256=ORIENTED_EDGE('',*,*,#13255,.F.);
#13258=ORIENTED_EDGE('',*,*,#13257,.F.);
#13260=ORIENTED_EDGE('',*,*,#13259,.F.);
#13261=EDGE_LOOP('',(#13238,#13240,#13242,#13244,#13246,#13248,#13250,#13252,
#13254,#13256,#13258,#13260));
#13262=FACE_OUTER_BOUND('',#13261,.F.);
#13263=ADVANCED_FACE('',(#13262),#13236,.T.);
#13264=FILL_AREA_STYLE_COLOUR('',#14);
#13265=FILL_AREA_STYLE('',(#13264));
#13266=SURFACE_STYLE_FILL_AREA(#13265);
#13267=SURFACE_SIDE_STYLE('',(#13266));
#13268=SURFACE_STYLE_USAGE(.POSITIVE.,#13267);
#13269=PRESENTATION_STYLE_ASSIGNMENT((#13268));
#13270=STYLED_ITEM('',(#13269),#13263);
#13271=CARTESIAN_POINT('',(-7.63E0,0.E0,0.E0));
#13272=DIRECTION('',(-1.E0,0.E0,0.E0));
#13273=DIRECTION('',(0.E0,-1.E0,0.E0));
#13274=AXIS2_PLACEMENT_3D('',#13271,#13272,#13273);
#13275=PLANE('',#13274);
#13277=ORIENTED_EDGE('',*,*,#13276,.F.);
#13279=ORIENTED_EDGE('',*,*,#13278,.F.);
#13281=ORIENTED_EDGE('',*,*,#13280,.F.);
#13283=ORIENTED_EDGE('',*,*,#13282,.F.);
#13284=EDGE_LOOP('',(#13277,#13279,#13281,#13283));
#13285=FACE_OUTER_BOUND('',#13284,.F.);
#13287=ORIENTED_EDGE('',*,*,#13286,.F.);
#13289=ORIENTED_EDGE('',*,*,#13288,.F.);
#13291=ORIENTED_EDGE('',*,*,#13290,.F.);
#13293=ORIENTED_EDGE('',*,*,#13292,.F.);
#13294=EDGE_LOOP('',(#13287,#13289,#13291,#13293));
#13295=FACE_BOUND('',#13294,.F.);
#13296=ADVANCED_FACE('',(#13285,#13295),#13275,.T.);
#13297=FILL_AREA_STYLE_COLOUR('',#14);
#13298=FILL_AREA_STYLE('',(#13297));
#13299=SURFACE_STYLE_FILL_AREA(#13298);
#13300=SURFACE_SIDE_STYLE('',(#13299));
#13301=SURFACE_STYLE_USAGE(.POSITIVE.,#13300);
#13302=PRESENTATION_STYLE_ASSIGNMENT((#13301));
#13303=STYLED_ITEM('',(#13302),#13296);
#13304=CARTESIAN_POINT('',(-7.63E0,0.E0,0.E0));
#13305=DIRECTION('',(-1.E0,0.E0,0.E0));
#13306=DIRECTION('',(0.E0,-1.E0,0.E0));
#13307=AXIS2_PLACEMENT_3D('',#13304,#13305,#13306);
#13308=PLANE('',#13307);
#13310=ORIENTED_EDGE('',*,*,#13309,.F.);
#13312=ORIENTED_EDGE('',*,*,#13311,.F.);
#13314=ORIENTED_EDGE('',*,*,#13313,.F.);
#13316=ORIENTED_EDGE('',*,*,#13315,.F.);
#13318=ORIENTED_EDGE('',*,*,#13317,.F.);
#13320=ORIENTED_EDGE('',*,*,#13319,.F.);
#13322=ORIENTED_EDGE('',*,*,#13321,.F.);
#13324=ORIENTED_EDGE('',*,*,#13323,.F.);
#13325=EDGE_LOOP('',(#13310,#13312,#13314,#13316,#13318,#13320,#13322,#13324));
#13326=FACE_OUTER_BOUND('',#13325,.F.);
#13328=ORIENTED_EDGE('',*,*,#13327,.F.);
#13330=ORIENTED_EDGE('',*,*,#13329,.F.);
#13332=ORIENTED_EDGE('',*,*,#13331,.F.);
#13334=ORIENTED_EDGE('',*,*,#13333,.F.);
#13336=ORIENTED_EDGE('',*,*,#13335,.F.);
#13337=EDGE_LOOP('',(#13328,#13330,#13332,#13334,#13336));
#13338=FACE_BOUND('',#13337,.F.);
#13339=ADVANCED_FACE('',(#13326,#13338),#13308,.T.);
#13340=FILL_AREA_STYLE_COLOUR('',#14);
#13341=FILL_AREA_STYLE('',(#13340));
#13342=SURFACE_STYLE_FILL_AREA(#13341);
#13343=SURFACE_SIDE_STYLE('',(#13342));
#13344=SURFACE_STYLE_USAGE(.POSITIVE.,#13343);
#13345=PRESENTATION_STYLE_ASSIGNMENT((#13344));
#13346=STYLED_ITEM('',(#13345),#13339);
#13347=CARTESIAN_POINT('',(-7.63E0,0.E0,0.E0));
#13348=DIRECTION('',(-1.E0,0.E0,0.E0));
#13349=DIRECTION('',(0.E0,-1.E0,0.E0));
#13350=AXIS2_PLACEMENT_3D('',#13347,#13348,#13349);
#13351=PLANE('',#13350);
#13353=ORIENTED_EDGE('',*,*,#13352,.F.);
#13355=ORIENTED_EDGE('',*,*,#13354,.F.);
#13357=ORIENTED_EDGE('',*,*,#13356,.F.);
#13359=ORIENTED_EDGE('',*,*,#13358,.F.);
#13361=ORIENTED_EDGE('',*,*,#13360,.F.);
#13363=ORIENTED_EDGE('',*,*,#13362,.F.);
#13365=ORIENTED_EDGE('',*,*,#13364,.F.);
#13367=ORIENTED_EDGE('',*,*,#13366,.F.);
#13369=ORIENTED_EDGE('',*,*,#13368,.F.);
#13371=ORIENTED_EDGE('',*,*,#13370,.F.);
#13373=ORIENTED_EDGE('',*,*,#13372,.F.);
#13375=ORIENTED_EDGE('',*,*,#13374,.F.);
#13377=ORIENTED_EDGE('',*,*,#13376,.F.);
#13379=ORIENTED_EDGE('',*,*,#13378,.F.);
#13381=ORIENTED_EDGE('',*,*,#13380,.F.);
#13383=ORIENTED_EDGE('',*,*,#13382,.F.);
#13384=EDGE_LOOP('',(#13353,#13355,#13357,#13359,#13361,#13363,#13365,#13367,
#13369,#13371,#13373,#13375,#13377,#13379,#13381,#13383));
#13385=FACE_OUTER_BOUND('',#13384,.F.);
#13386=ORIENTED_EDGE('',*,*,#12893,.F.);
#13387=ORIENTED_EDGE('',*,*,#12914,.F.);
#13388=EDGE_LOOP('',(#13386,#13387));
#13389=FACE_BOUND('',#13388,.F.);
#13390=ADVANCED_FACE('',(#13385,#13389),#13351,.T.);
#13391=FILL_AREA_STYLE_COLOUR('',#14);
#13392=FILL_AREA_STYLE('',(#13391));
#13393=SURFACE_STYLE_FILL_AREA(#13392);
#13394=SURFACE_SIDE_STYLE('',(#13393));
#13395=SURFACE_STYLE_USAGE(.POSITIVE.,#13394);
#13396=PRESENTATION_STYLE_ASSIGNMENT((#13395));
#13397=STYLED_ITEM('',(#13396),#13390);
#13398=CARTESIAN_POINT('',(-7.62E0,-2.018008866648E-2,5.612174015177E-1));
#13399=DIRECTION('',(0.E0,-1.E0,0.E0));
#13400=DIRECTION('',(0.E0,0.E0,1.E0));
#13401=AXIS2_PLACEMENT_3D('',#13398,#13399,#13400);
#13402=PLANE('',#13401);
#13403=ORIENTED_EDGE('',*,*,#12508,.F.);
#13405=ORIENTED_EDGE('',*,*,#13404,.T.);
#13406=ORIENTED_EDGE('',*,*,#12932,.T.);
#13408=ORIENTED_EDGE('',*,*,#13407,.F.);
#13409=EDGE_LOOP('',(#13403,#13405,#13406,#13408));
#13410=FACE_OUTER_BOUND('',#13409,.F.);
#13411=ADVANCED_FACE('',(#13410),#13402,.T.);
#13412=FILL_AREA_STYLE_COLOUR('',#14);
#13413=FILL_AREA_STYLE('',(#13412));
#13414=SURFACE_STYLE_FILL_AREA(#13413);
#13415=SURFACE_SIDE_STYLE('',(#13414));
#13416=SURFACE_STYLE_USAGE(.BOTH.,#13415);
#13417=PRESENTATION_STYLE_ASSIGNMENT((#13416));
#13418=STYLED_ITEM('',(#13417),#13411);
#13419=CARTESIAN_POINT('',(-7.62E0,2.718638220849E-2,5.612174015177E-1));
#13420=DIRECTION('',(0.E0,0.E0,-1.E0));
#13421=DIRECTION('',(0.E0,-1.E0,0.E0));
#13422=AXIS2_PLACEMENT_3D('',#13419,#13420,#13421);
#13423=PLANE('',#13422);
#13424=ORIENTED_EDGE('',*,*,#12518,.F.);
#13426=ORIENTED_EDGE('',*,*,#13425,.T.);
#13427=ORIENTED_EDGE('',*,*,#12934,.T.);
#13428=ORIENTED_EDGE('',*,*,#13404,.F.);
#13429=EDGE_LOOP('',(#13424,#13426,#13427,#13428));
#13430=FACE_OUTER_BOUND('',#13429,.F.);
#13431=ADVANCED_FACE('',(#13430),#13423,.T.);
#13432=FILL_AREA_STYLE_COLOUR('',#14);
#13433=FILL_AREA_STYLE('',(#13432));
#13434=SURFACE_STYLE_FILL_AREA(#13433);
#13435=SURFACE_SIDE_STYLE('',(#13434));
#13436=SURFACE_STYLE_USAGE(.BOTH.,#13435);
#13437=PRESENTATION_STYLE_ASSIGNMENT((#13436));
#13438=STYLED_ITEM('',(#13437),#13431);
#13439=CARTESIAN_POINT('',(-7.62E0,2.718638220849E-2,6.510369042142E-1));
#13440=DIRECTION('',(0.E0,1.E0,0.E0));
#13441=DIRECTION('',(0.E0,0.E0,-1.E0));
#13442=AXIS2_PLACEMENT_3D('',#13439,#13440,#13441);
#13443=PLANE('',#13442);
#13444=ORIENTED_EDGE('',*,*,#12516,.F.);
#13446=ORIENTED_EDGE('',*,*,#13445,.T.);
#13447=ORIENTED_EDGE('',*,*,#12936,.T.);
#13448=ORIENTED_EDGE('',*,*,#13425,.F.);
#13449=EDGE_LOOP('',(#13444,#13446,#13447,#13448));
#13450=FACE_OUTER_BOUND('',#13449,.F.);
#13451=ADVANCED_FACE('',(#13450),#13443,.T.);
#13452=FILL_AREA_STYLE_COLOUR('',#14);
#13453=FILL_AREA_STYLE('',(#13452));
#13454=SURFACE_STYLE_FILL_AREA(#13453);
#13455=SURFACE_SIDE_STYLE('',(#13454));
#13456=SURFACE_STYLE_USAGE(.BOTH.,#13455);
#13457=PRESENTATION_STYLE_ASSIGNMENT((#13456));
#13458=STYLED_ITEM('',(#13457),#13451);
#13459=CARTESIAN_POINT('',(-7.62E0,1.559158444227E-2,6.510369042142E-1));
#13460=DIRECTION('',(0.E0,0.E0,1.E0));
#13461=DIRECTION('',(0.E0,1.E0,0.E0));
#13462=AXIS2_PLACEMENT_3D('',#13459,#13460,#13461);
#13463=PLANE('',#13462);
#13464=ORIENTED_EDGE('',*,*,#12514,.F.);
#13466=ORIENTED_EDGE('',*,*,#13465,.T.);
#13467=ORIENTED_EDGE('',*,*,#12938,.T.);
#13468=ORIENTED_EDGE('',*,*,#13445,.F.);
#13469=EDGE_LOOP('',(#13464,#13466,#13467,#13468));
#13470=FACE_OUTER_BOUND('',#13469,.F.);
#13471=ADVANCED_FACE('',(#13470),#13463,.T.);
#13472=FILL_AREA_STYLE_COLOUR('',#14);
#13473=FILL_AREA_STYLE('',(#13472));
#13474=SURFACE_STYLE_FILL_AREA(#13473);
#13475=SURFACE_SIDE_STYLE('',(#13474));
#13476=SURFACE_STYLE_USAGE(.BOTH.,#13475);
#13477=PRESENTATION_STYLE_ASSIGNMENT((#13476));
#13478=STYLED_ITEM('',(#13477),#13471);
#13479=CARTESIAN_POINT('',(-7.62E0,1.559158444227E-2,5.714575595453E-1));
#13480=DIRECTION('',(0.E0,-1.E0,0.E0));
#13481=DIRECTION('',(0.E0,0.E0,1.E0));
#13482=AXIS2_PLACEMENT_3D('',#13479,#13480,#13481);
#13483=PLANE('',#13482);
#13484=ORIENTED_EDGE('',*,*,#12512,.F.);
#13486=ORIENTED_EDGE('',*,*,#13485,.T.);
#13487=ORIENTED_EDGE('',*,*,#12940,.T.);
#13488=ORIENTED_EDGE('',*,*,#13465,.F.);
#13489=EDGE_LOOP('',(#13484,#13486,#13487,#13488));
#13490=FACE_OUTER_BOUND('',#13489,.F.);
#13491=ADVANCED_FACE('',(#13490),#13483,.T.);
#13492=FILL_AREA_STYLE_COLOUR('',#14);
#13493=FILL_AREA_STYLE('',(#13492));
#13494=SURFACE_STYLE_FILL_AREA(#13493);
#13495=SURFACE_SIDE_STYLE('',(#13494));
#13496=SURFACE_STYLE_USAGE(.BOTH.,#13495);
#13497=PRESENTATION_STYLE_ASSIGNMENT((#13496));
#13498=STYLED_ITEM('',(#13497),#13491);
#13499=CARTESIAN_POINT('',(-7.62E0,-2.018008866648E-2,5.714575595453E-1));
#13500=DIRECTION('',(0.E0,0.E0,1.E0));
#13501=DIRECTION('',(0.E0,1.E0,0.E0));
#13502=AXIS2_PLACEMENT_3D('',#13499,#13500,#13501);
#13503=PLANE('',#13502);
#13504=ORIENTED_EDGE('',*,*,#12510,.F.);
#13505=ORIENTED_EDGE('',*,*,#13407,.T.);
#13506=ORIENTED_EDGE('',*,*,#12942,.T.);
#13507=ORIENTED_EDGE('',*,*,#13485,.F.);
#13508=EDGE_LOOP('',(#13504,#13505,#13506,#13507));
#13509=FACE_OUTER_BOUND('',#13508,.F.);
#13510=ADVANCED_FACE('',(#13509),#13503,.T.);
#13511=FILL_AREA_STYLE_COLOUR('',#14);
#13512=FILL_AREA_STYLE('',(#13511));
#13513=SURFACE_STYLE_FILL_AREA(#13512);
#13514=SURFACE_SIDE_STYLE('',(#13513));
#13515=SURFACE_STYLE_USAGE(.BOTH.,#13514);
#13516=PRESENTATION_STYLE_ASSIGNMENT((#13515));
#13517=STYLED_ITEM('',(#13516),#13510);
#13518=CARTESIAN_POINT('',(-7.62E0,-9.110351500336E-2,5.762718114177E-1));
#13519=CARTESIAN_POINT('',(-7.62E0,-9.110351500336E-2,5.761977271653E-1));
#13520=CARTESIAN_POINT('',(-7.62E0,-9.110351500336E-2,5.724194302932E-1));
#13521=CARTESIAN_POINT('',(-7.62E0,-9.110351500336E-2,5.685670491687E-1));
#13522=CARTESIAN_POINT('',(-7.62E0,-9.110351500336E-2,5.647887522967E-1));
#13523=CARTESIAN_POINT('',(-7.62E0,-9.110351500336E-2,5.647146680443E-1));
#13525=DRAUGHTING_PRE_DEFINED_CURVE_FONT('continuous');
#13526=CURVE_STYLE('',#13525,POSITIVE_LENGTH_MEASURE(2.E-2),#14);
#13527=PRESENTATION_STYLE_ASSIGNMENT((#13526));
#13528=STYLED_ITEM('',(#13527),#13524);
#13529=DIRECTION('',(-1.E0,0.E0,0.E0));
#13530=VECTOR('',#13529,1.E0);
#13531=SURFACE_OF_LINEAR_EXTRUSION('',#13524,#13530);
#13532=ORIENTED_EDGE('',*,*,#12528,.F.);
#13534=ORIENTED_EDGE('',*,*,#13533,.T.);
#13535=ORIENTED_EDGE('',*,*,#12959,.T.);
#13537=ORIENTED_EDGE('',*,*,#13536,.F.);
#13538=EDGE_LOOP('',(#13532,#13534,#13535,#13537));
#13539=FACE_OUTER_BOUND('',#13538,.F.);
#13540=ADVANCED_FACE('',(#13539),#13531,.F.);
#13541=FILL_AREA_STYLE_COLOUR('',#14);
#13542=FILL_AREA_STYLE('',(#13541));
#13543=SURFACE_STYLE_FILL_AREA(#13542);
#13544=SURFACE_SIDE_STYLE('',(#13543));
#13545=SURFACE_STYLE_USAGE(.BOTH.,#13544);
#13546=PRESENTATION_STYLE_ASSIGNMENT((#13545));
#13547=STYLED_ITEM('',(#13546),#13540);
#13548=CARTESIAN_POINT('',(-7.62E0,-9.939689800891E-2,5.707103798077E-1));
#13549=CARTESIAN_POINT('',(-7.62E0,-9.684563488101E-2,5.684172576668E-1));
#13550=CARTESIAN_POINT('',(-7.62E0,-8.701125962193E-2,5.616381182297E-1));
#13551=CARTESIAN_POINT('',(-7.62E0,-6.375900765508E-2,5.571585834627E-1));
#13552=CARTESIAN_POINT('',(-7.62E0,-3.087606528662E-2,5.682771542165E-1));
#13553=CARTESIAN_POINT('',(-7.62E0,-1.996833131696E-2,6.054867426455E-1));
#13554=CARTESIAN_POINT('',(-7.62E0,-3.210667286378E-2,6.430611905381E-1));
#13555=CARTESIAN_POINT('',(-7.62E0,-6.522755539321E-2,6.547028196894E-1));
#13556=CARTESIAN_POINT('',(-7.62E0,-8.791399659574E-2,6.512238139984E-1));
#13557=CARTESIAN_POINT('',(-7.62E0,-9.714318539048E-2,6.458051893819E-1));
#13558=CARTESIAN_POINT('',(-7.62E0,-9.988002803968E-2,6.436582247788E-1));
#13560=CURVE_STYLE('',#13525,POSITIVE_LENGTH_MEASURE(2.E-2),#14);
#13561=PRESENTATION_STYLE_ASSIGNMENT((#13560));
#13562=STYLED_ITEM('',(#13561),#13559);
#13563=DIRECTION('',(-1.E0,0.E0,0.E0));
#13564=VECTOR('',#13563,1.E0);
#13565=SURFACE_OF_LINEAR_EXTRUSION('',#13559,#13564);
#13566=ORIENTED_EDGE('',*,*,#12534,.F.);
#13568=ORIENTED_EDGE('',*,*,#13567,.T.);
#13569=ORIENTED_EDGE('',*,*,#12961,.T.);
#13570=ORIENTED_EDGE('',*,*,#13533,.F.);
#13571=EDGE_LOOP('',(#13566,#13568,#13569,#13570));
#13572=FACE_OUTER_BOUND('',#13571,.F.);
#13573=ADVANCED_FACE('',(#13572),#13565,.F.);
#13574=FILL_AREA_STYLE_COLOUR('',#14);
#13575=FILL_AREA_STYLE('',(#13574));
#13576=SURFACE_STYLE_FILL_AREA(#13575);
#13577=SURFACE_SIDE_STYLE('',(#13576));
#13578=SURFACE_STYLE_USAGE(.BOTH.,#13577);
#13579=PRESENTATION_STYLE_ASSIGNMENT((#13578));
#13580=STYLED_ITEM('',(#13579),#13573);
#13581=CARTESIAN_POINT('',(-7.62E0,-9.110351500336E-2,6.491211221833E-1));
#13582=CARTESIAN_POINT('',(-7.62E0,-9.110351500336E-2,6.490403029989E-1));
#13583=CARTESIAN_POINT('',(-7.62E0,-9.110351500336E-2,6.449185245931E-1));
#13584=CARTESIAN_POINT('',(-7.62E0,-9.110351500336E-2,6.407159270028E-1));
#13585=CARTESIAN_POINT('',(-7.62E0,-9.110351500336E-2,6.365941485970E-1));
#13586=CARTESIAN_POINT('',(-7.62E0,-9.110351500336E-2,6.365133294125E-1));
#13588=CURVE_STYLE('',#13525,POSITIVE_LENGTH_MEASURE(2.E-2),#14);
#13589=PRESENTATION_STYLE_ASSIGNMENT((#13588));
#13590=STYLED_ITEM('',(#13589),#13587);
#13591=DIRECTION('',(-1.E0,0.E0,0.E0));
#13592=VECTOR('',#13591,1.E0);
#13593=SURFACE_OF_LINEAR_EXTRUSION('',#13587,#13592);
#13594=ORIENTED_EDGE('',*,*,#12532,.F.);
#13596=ORIENTED_EDGE('',*,*,#13595,.T.);
#13597=ORIENTED_EDGE('',*,*,#12963,.T.);
#13598=ORIENTED_EDGE('',*,*,#13567,.F.);
#13599=EDGE_LOOP('',(#13594,#13596,#13597,#13598));
#13600=FACE_OUTER_BOUND('',#13599,.F.);
#13601=ADVANCED_FACE('',(#13600),#13593,.F.);
#13602=FILL_AREA_STYLE_COLOUR('',#14);
#13603=FILL_AREA_STYLE('',(#13602));
#13604=SURFACE_STYLE_FILL_AREA(#13603);
#13605=SURFACE_SIDE_STYLE('',(#13604));
#13606=SURFACE_STYLE_USAGE(.BOTH.,#13605);
#13607=PRESENTATION_STYLE_ASSIGNMENT((#13606));
#13608=STYLED_ITEM('',(#13607),#13601);
#13609=CARTESIAN_POINT('',(-7.62E0,-9.925088212621E-2,6.308810858373E-1));
#13610=CARTESIAN_POINT('',(-7.62E0,-9.679726196590E-2,6.331322027656E-1));
#13611=CARTESIAN_POINT('',(-7.62E0,-8.814758539709E-2,6.393748098873E-1));
#13612=CARTESIAN_POINT('',(-7.62E0,-6.855665768712E-2,6.446889330568E-1));
#13613=CARTESIAN_POINT('',(-7.62E0,-4.148792185977E-2,6.346536915682E-1));
#13614=CARTESIAN_POINT('',(-7.62E0,-3.330221357319E-2,6.056809254705E-1));
#13615=CARTESIAN_POINT('',(-7.62E0,-4.102321684733E-2,5.770507350290E-1));
#13616=CARTESIAN_POINT('',(-7.62E0,-6.773606818110E-2,5.673539256380E-1));
#13617=CARTESIAN_POINT('',(-7.62E0,-8.767393374263E-2,5.728309183312E-1));
#13618=CARTESIAN_POINT('',(-7.62E0,-9.658906696514E-2,5.798607301127E-1));
#13619=CARTESIAN_POINT('',(-7.62E0,-9.891159420947E-2,5.822229890352E-1));
#13621=CURVE_STYLE('',#13525,POSITIVE_LENGTH_MEASURE(2.E-2),#14);
#13622=PRESENTATION_STYLE_ASSIGNMENT((#13621));
#13623=STYLED_ITEM('',(#13622),#13620);
#13624=DIRECTION('',(-1.E0,0.E0,0.E0));
#13625=VECTOR('',#13624,1.E0);
#13626=SURFACE_OF_LINEAR_EXTRUSION('',#13620,#13625);
#13627=ORIENTED_EDGE('',*,*,#12530,.F.);
#13628=ORIENTED_EDGE('',*,*,#13536,.T.);
#13629=ORIENTED_EDGE('',*,*,#12965,.T.);
#13630=ORIENTED_EDGE('',*,*,#13595,.F.);
#13631=EDGE_LOOP('',(#13627,#13628,#13629,#13630));
#13632=FACE_OUTER_BOUND('',#13631,.F.);
#13633=ADVANCED_FACE('',(#13632),#13626,.F.);
#13634=FILL_AREA_STYLE_COLOUR('',#14);
#13635=FILL_AREA_STYLE('',(#13634));
#13636=SURFACE_STYLE_FILL_AREA(#13635);
#13637=SURFACE_SIDE_STYLE('',(#13636));
#13638=SURFACE_STYLE_USAGE(.BOTH.,#13637);
#13639=PRESENTATION_STYLE_ASSIGNMENT((#13638));
#13640=STYLED_ITEM('',(#13639),#13633);
#13641=CARTESIAN_POINT('',(-7.62E0,-1.573890222336E-1,5.612174015177E-1));
#13642=DIRECTION('',(0.E0,-1.E0,0.E0));
#13643=DIRECTION('',(0.E0,0.E0,1.E0));
#13644=AXIS2_PLACEMENT_3D('',#13641,#13642,#13643);
#13645=PLANE('',#13644);
#13646=ORIENTED_EDGE('',*,*,#12544,.F.);
#13648=ORIENTED_EDGE('',*,*,#13647,.T.);
#13649=ORIENTED_EDGE('',*,*,#12982,.T.);
#13651=ORIENTED_EDGE('',*,*,#13650,.F.);
#13652=EDGE_LOOP('',(#13646,#13648,#13649,#13651));
#13653=FACE_OUTER_BOUND('',#13652,.F.);
#13654=ADVANCED_FACE('',(#13653),#13645,.T.);
#13655=FILL_AREA_STYLE_COLOUR('',#14);
#13656=FILL_AREA_STYLE('',(#13655));
#13657=SURFACE_STYLE_FILL_AREA(#13656);
#13658=SURFACE_SIDE_STYLE('',(#13657));
#13659=SURFACE_STYLE_USAGE(.BOTH.,#13658);
#13660=PRESENTATION_STYLE_ASSIGNMENT((#13659));
#13661=STYLED_ITEM('',(#13660),#13654);
#13662=CARTESIAN_POINT('',(-7.62E0,-1.090811915400E-1,5.612174015177E-1));
#13663=DIRECTION('',(0.E0,0.E0,-1.E0));
#13664=DIRECTION('',(0.E0,-1.E0,0.E0));
#13665=AXIS2_PLACEMENT_3D('',#13662,#13663,#13664);
#13666=PLANE('',#13665);
#13667=ORIENTED_EDGE('',*,*,#12566,.F.);
#13669=ORIENTED_EDGE('',*,*,#13668,.T.);
#13670=ORIENTED_EDGE('',*,*,#12984,.T.);
#13671=ORIENTED_EDGE('',*,*,#13647,.F.);
#13672=EDGE_LOOP('',(#13667,#13669,#13670,#13671));
#13673=FACE_OUTER_BOUND('',#13672,.F.);
#13674=ADVANCED_FACE('',(#13673),#13666,.T.);
#13675=FILL_AREA_STYLE_COLOUR('',#14);
#13676=FILL_AREA_STYLE('',(#13675));
#13677=SURFACE_STYLE_FILL_AREA(#13676);
#13678=SURFACE_SIDE_STYLE('',(#13677));
#13679=SURFACE_STYLE_USAGE(.BOTH.,#13678);
#13680=PRESENTATION_STYLE_ASSIGNMENT((#13679));
#13681=STYLED_ITEM('',(#13680),#13674);
#13682=CARTESIAN_POINT('',(-7.62E0,-1.090811915400E-1,6.510369042142E-1));
#13683=DIRECTION('',(0.E0,1.E0,0.E0));
#13684=DIRECTION('',(0.E0,0.E0,-1.E0));
#13685=AXIS2_PLACEMENT_3D('',#13682,#13683,#13684);
#13686=PLANE('',#13685);
#13687=ORIENTED_EDGE('',*,*,#12564,.F.);
#13689=ORIENTED_EDGE('',*,*,#13688,.T.);
#13690=ORIENTED_EDGE('',*,*,#12986,.T.);
#13691=ORIENTED_EDGE('',*,*,#13668,.F.);
#13692=EDGE_LOOP('',(#13687,#13689,#13690,#13691));
#13693=FACE_OUTER_BOUND('',#13692,.F.);
#13694=ADVANCED_FACE('',(#13693),#13686,.T.);
#13695=FILL_AREA_STYLE_COLOUR('',#14);
#13696=FILL_AREA_STYLE('',(#13695));
#13697=SURFACE_STYLE_FILL_AREA(#13696);
#13698=SURFACE_SIDE_STYLE('',(#13697));
#13699=SURFACE_STYLE_USAGE(.BOTH.,#13698);
#13700=PRESENTATION_STYLE_ASSIGNMENT((#13699));
#13701=STYLED_ITEM('',(#13700),#13694);
#13702=CARTESIAN_POINT('',(-7.62E0,-1.553455826269E-1,6.510369042142E-1));
#13703=DIRECTION('',(0.E0,0.E0,1.E0));
#13704=DIRECTION('',(0.E0,1.E0,0.E0));
#13705=AXIS2_PLACEMENT_3D('',#13702,#13703,#13704);
#13706=PLANE('',#13705);
#13707=ORIENTED_EDGE('',*,*,#12562,.F.);
#13709=ORIENTED_EDGE('',*,*,#13708,.T.);
#13710=ORIENTED_EDGE('',*,*,#12988,.T.);
#13711=ORIENTED_EDGE('',*,*,#13688,.F.);
#13712=EDGE_LOOP('',(#13707,#13709,#13710,#13711));
#13713=FACE_OUTER_BOUND('',#13712,.F.);
#13714=ADVANCED_FACE('',(#13713),#13706,.T.);
#13715=FILL_AREA_STYLE_COLOUR('',#14);
#13716=FILL_AREA_STYLE('',(#13715));
#13717=SURFACE_STYLE_FILL_AREA(#13716);
#13718=SURFACE_SIDE_STYLE('',(#13717));
#13719=SURFACE_STYLE_USAGE(.BOTH.,#13718);
#13720=PRESENTATION_STYLE_ASSIGNMENT((#13719));
#13721=STYLED_ITEM('',(#13720),#13714);
#13722=CARTESIAN_POINT('',(-7.62E0,-1.553455826269E-1,6.407049062049E-1));
#13723=DIRECTION('',(0.E0,-1.E0,0.E0));
#13724=DIRECTION('',(0.E0,0.E0,1.E0));
#13725=AXIS2_PLACEMENT_3D('',#13722,#13723,#13724);
#13726=PLANE('',#13725);
#13727=ORIENTED_EDGE('',*,*,#12560,.F.);
#13729=ORIENTED_EDGE('',*,*,#13728,.T.);
#13730=ORIENTED_EDGE('',*,*,#12990,.T.);
#13731=ORIENTED_EDGE('',*,*,#13708,.F.);
#13732=EDGE_LOOP('',(#13727,#13729,#13730,#13731));
#13733=FACE_OUTER_BOUND('',#13732,.F.);
#13734=ADVANCED_FACE('',(#13733),#13726,.T.);
#13735=FILL_AREA_STYLE_COLOUR('',#14);
#13736=FILL_AREA_STYLE('',(#13735));
#13737=SURFACE_STYLE_FILL_AREA(#13736);
#13738=SURFACE_SIDE_STYLE('',(#13737));
#13739=SURFACE_STYLE_USAGE(.BOTH.,#13738);
#13740=PRESENTATION_STYLE_ASSIGNMENT((#13739));
#13741=STYLED_ITEM('',(#13740),#13734);
#13742=CARTESIAN_POINT('',(-7.62E0,-1.206759893062E-1,6.407049062049E-1));
#13743=DIRECTION('',(0.E0,0.E0,-1.E0));
#13744=DIRECTION('',(0.E0,-1.E0,0.E0));
#13745=AXIS2_PLACEMENT_3D('',#13742,#13743,#13744);
#13746=PLANE('',#13745);
#13747=ORIENTED_EDGE('',*,*,#12558,.F.);
#13749=ORIENTED_EDGE('',*,*,#13748,.T.);
#13750=ORIENTED_EDGE('',*,*,#12992,.T.);
#13751=ORIENTED_EDGE('',*,*,#13728,.F.);
#13752=EDGE_LOOP('',(#13747,#13749,#13750,#13751));
#13753=FACE_OUTER_BOUND('',#13752,.F.);
#13754=ADVANCED_FACE('',(#13753),#13746,.T.);
#13755=FILL_AREA_STYLE_COLOUR('',#14);
#13756=FILL_AREA_STYLE('',(#13755));
#13757=SURFACE_STYLE_FILL_AREA(#13756);
#13758=SURFACE_SIDE_STYLE('',(#13757));
#13759=SURFACE_STYLE_USAGE(.BOTH.,#13758);
#13760=PRESENTATION_STYLE_ASSIGNMENT((#13759));
#13761=STYLED_ITEM('',(#13760),#13754);
#13762=CARTESIAN_POINT('',(-7.62E0,-1.206759893062E-1,6.119589917424E-1));
#13763=DIRECTION('',(0.E0,-1.E0,0.E0));
#13764=DIRECTION('',(0.E0,0.E0,1.E0));
#13765=AXIS2_PLACEMENT_3D('',#13762,#13763,#13764);
#13766=PLANE('',#13765);
#13767=ORIENTED_EDGE('',*,*,#12556,.F.);
#13769=ORIENTED_EDGE('',*,*,#13768,.T.);
#13770=ORIENTED_EDGE('',*,*,#12994,.T.);
#13771=ORIENTED_EDGE('',*,*,#13748,.F.);
#13772=EDGE_LOOP('',(#13767,#13769,#13770,#13771));
#13773=FACE_OUTER_BOUND('',#13772,.F.);
#13774=ADVANCED_FACE('',(#13773),#13766,.T.);
#13775=FILL_AREA_STYLE_COLOUR('',#14);
#13776=FILL_AREA_STYLE('',(#13775));
#13777=SURFACE_STYLE_FILL_AREA(#13776);
#13778=SURFACE_SIDE_STYLE('',(#13777));
#13779=SURFACE_STYLE_USAGE(.BOTH.,#13778);
#13780=PRESENTATION_STYLE_ASSIGNMENT((#13779));
#13781=STYLED_ITEM('',(#13780),#13774);
#13782=CARTESIAN_POINT('',(-7.62E0,-1.527970231179E-1,6.119589917424E-1));
#13783=DIRECTION('',(0.E0,0.E0,1.E0));
#13784=DIRECTION('',(0.E0,1.E0,0.E0));
#13785=AXIS2_PLACEMENT_3D('',#13782,#13783,#13784);
#13786=PLANE('',#13785);
#13787=ORIENTED_EDGE('',*,*,#12554,.F.);
#13789=ORIENTED_EDGE('',*,*,#13788,.T.);
#13790=ORIENTED_EDGE('',*,*,#12996,.T.);
#13791=ORIENTED_EDGE('',*,*,#13768,.F.);
#13792=EDGE_LOOP('',(#13787,#13789,#13790,#13791));
#13793=FACE_OUTER_BOUND('',#13792,.F.);
#13794=ADVANCED_FACE('',(#13793),#13786,.T.);
#13795=FILL_AREA_STYLE_COLOUR('',#14);
#13796=FILL_AREA_STYLE('',(#13795));
#13797=SURFACE_STYLE_FILL_AREA(#13796);
#13798=SURFACE_SIDE_STYLE('',(#13797));
#13799=SURFACE_STYLE_USAGE(.BOTH.,#13798);
#13800=PRESENTATION_STYLE_ASSIGNMENT((#13799));
#13801=STYLED_ITEM('',(#13800),#13794);
#13802=CARTESIAN_POINT('',(-7.62E0,-1.527970231179E-1,6.016729137239E-1));
#13803=DIRECTION('',(0.E0,-1.E0,0.E0));
#13804=DIRECTION('',(0.E0,0.E0,1.E0));
#13805=AXIS2_PLACEMENT_3D('',#13802,#13803,#13804);
#13806=PLANE('',#13805);
#13807=ORIENTED_EDGE('',*,*,#12552,.F.);
#13809=ORIENTED_EDGE('',*,*,#13808,.T.);
#13810=ORIENTED_EDGE('',*,*,#12998,.T.);
#13811=ORIENTED_EDGE('',*,*,#13788,.F.);
#13812=EDGE_LOOP('',(#13807,#13809,#13810,#13811));
#13813=FACE_OUTER_BOUND('',#13812,.F.);
#13814=ADVANCED_FACE('',(#13813),#13806,.T.);
#13815=FILL_AREA_STYLE_COLOUR('',#14);
#13816=FILL_AREA_STYLE('',(#13815));
#13817=SURFACE_STYLE_FILL_AREA(#13816);
#13818=SURFACE_SIDE_STYLE('',(#13817));
#13819=SURFACE_STYLE_USAGE(.BOTH.,#13818);
#13820=PRESENTATION_STYLE_ASSIGNMENT((#13819));
#13821=STYLED_ITEM('',(#13820),#13814);
#13822=CARTESIAN_POINT('',(-7.62E0,-1.206759893062E-1,6.016729137239E-1));
#13823=DIRECTION('',(0.E0,0.E0,-1.E0));
#13824=DIRECTION('',(0.E0,-1.E0,0.E0));
#13825=AXIS2_PLACEMENT_3D('',#13822,#13823,#13824);
#13826=PLANE('',#13825);
#13827=ORIENTED_EDGE('',*,*,#12550,.F.);
#13829=ORIENTED_EDGE('',*,*,#13828,.T.);
#13830=ORIENTED_EDGE('',*,*,#13000,.T.);
#13831=ORIENTED_EDGE('',*,*,#13808,.F.);
#13832=EDGE_LOOP('',(#13827,#13829,#13830,#13831));
#13833=FACE_OUTER_BOUND('',#13832,.F.);
#13834=ADVANCED_FACE('',(#13833),#13826,.T.);
#13835=FILL_AREA_STYLE_COLOUR('',#14);
#13836=FILL_AREA_STYLE('',(#13835));
#13837=SURFACE_STYLE_FILL_AREA(#13836);
#13838=SURFACE_SIDE_STYLE('',(#13837));
#13839=SURFACE_STYLE_USAGE(.BOTH.,#13838);
#13840=PRESENTATION_STYLE_ASSIGNMENT((#13839));
#13841=STYLED_ITEM('',(#13840),#13834);
#13842=CARTESIAN_POINT('',(-7.62E0,-1.206759893062E-1,5.714575595453E-1));
#13843=DIRECTION('',(0.E0,-1.E0,0.E0));
#13844=DIRECTION('',(0.E0,0.E0,1.E0));
#13845=AXIS2_PLACEMENT_3D('',#13842,#13843,#13844);
#13846=PLANE('',#13845);
#13847=ORIENTED_EDGE('',*,*,#12548,.F.);
#13849=ORIENTED_EDGE('',*,*,#13848,.T.);
#13850=ORIENTED_EDGE('',*,*,#13002,.T.);
#13851=ORIENTED_EDGE('',*,*,#13828,.F.);
#13852=EDGE_LOOP('',(#13847,#13849,#13850,#13851));
#13853=FACE_OUTER_BOUND('',#13852,.F.);
#13854=ADVANCED_FACE('',(#13853),#13846,.T.);
#13855=FILL_AREA_STYLE_COLOUR('',#14);
#13856=FILL_AREA_STYLE('',(#13855));
#13857=SURFACE_STYLE_FILL_AREA(#13856);
#13858=SURFACE_SIDE_STYLE('',(#13857));
#13859=SURFACE_STYLE_USAGE(.BOTH.,#13858);
#13860=PRESENTATION_STYLE_ASSIGNMENT((#13859));
#13861=STYLED_ITEM('',(#13860),#13854);
#13862=CARTESIAN_POINT('',(-7.62E0,-1.573890222336E-1,5.714575595453E-1));
#13863=DIRECTION('',(0.E0,0.E0,1.E0));
#13864=DIRECTION('',(0.E0,1.E0,0.E0));
#13865=AXIS2_PLACEMENT_3D('',#13862,#13863,#13864);
#13866=PLANE('',#13865);
#13867=ORIENTED_EDGE('',*,*,#12546,.F.);
#13868=ORIENTED_EDGE('',*,*,#13650,.T.);
#13869=ORIENTED_EDGE('',*,*,#13004,.T.);
#13870=ORIENTED_EDGE('',*,*,#13848,.F.);
#13871=EDGE_LOOP('',(#13867,#13868,#13869,#13870));
#13872=FACE_OUTER_BOUND('',#13871,.F.);
#13873=ADVANCED_FACE('',(#13872),#13866,.T.);
#13874=FILL_AREA_STYLE_COLOUR('',#14);
#13875=FILL_AREA_STYLE('',(#13874));
#13876=SURFACE_STYLE_FILL_AREA(#13875);
#13877=SURFACE_SIDE_STYLE('',(#13876));
#13878=SURFACE_STYLE_USAGE(.BOTH.,#13877);
#13879=PRESENTATION_STYLE_ASSIGNMENT((#13878));
#13880=STYLED_ITEM('',(#13879),#13873);
#13881=CARTESIAN_POINT('',(-7.62E0,-1.997920012639E-1,6.407049062049E-1));
#13882=CARTESIAN_POINT('',(-7.62E0,-1.997015388813E-1,6.407049062049E-1));
#13883=CARTESIAN_POINT('',(-7.62E0,-1.950879573704E-1,6.407049062049E-1));
#13884=CARTESIAN_POINT('',(-7.62E0,-1.903839134768E-1,6.407049062049E-1));
#13885=CARTESIAN_POINT('',(-7.62E0,-1.857703319659E-1,6.407049062049E-1));
#13886=CARTESIAN_POINT('',(-7.62E0,-1.856798695833E-1,6.407049062049E-1));
#13888=CURVE_STYLE('',#13525,POSITIVE_LENGTH_MEASURE(2.E-2),#14);
#13889=PRESENTATION_STYLE_ASSIGNMENT((#13888));
#13890=STYLED_ITEM('',(#13889),#13887);
#13891=DIRECTION('',(-1.E0,0.E0,0.E0));
#13892=VECTOR('',#13891,1.E0);
#13893=SURFACE_OF_LINEAR_EXTRUSION('',#13887,#13892);
#13894=ORIENTED_EDGE('',*,*,#12586,.F.);
#13896=ORIENTED_EDGE('',*,*,#13895,.T.);
#13897=ORIENTED_EDGE('',*,*,#13031,.T.);
#13899=ORIENTED_EDGE('',*,*,#13898,.F.);
#13900=EDGE_LOOP('',(#13894,#13896,#13897,#13899));
#13901=FACE_OUTER_BOUND('',#13900,.F.);
#13902=ADVANCED_FACE('',(#13901),#13893,.F.);
#13903=FILL_AREA_STYLE_COLOUR('',#14);
#13904=FILL_AREA_STYLE('',(#13903));
#13905=SURFACE_STYLE_FILL_AREA(#13904);
#13906=SURFACE_SIDE_STYLE('',(#13905));
#13907=SURFACE_STYLE_USAGE(.BOTH.,#13906);
#13908=PRESENTATION_STYLE_ASSIGNMENT((#13907));
#13909=STYLED_ITEM('',(#13908),#13902);
#13910=CARTESIAN_POINT('',(-7.62E0,-1.859512567308E-1,6.604452709432E-1));
#13911=CARTESIAN_POINT('',(-7.62E0,-1.859512567309E-1,6.538651493638E-1));
#13912=CARTESIAN_POINT('',(-7.62E0,-1.859512567312E-1,6.242025788978E-1));
#13913=CARTESIAN_POINT('',(-7.62E0,-1.859512567315E-1,5.879598868524E-1));
#13914=CARTESIAN_POINT('',(-7.62E0,-1.859512567317E-1,5.582973163865E-1));
#13915=CARTESIAN_POINT('',(-7.62E0,-1.859512567318E-1,5.517171948071E-1));
#13917=CURVE_STYLE('',#13525,POSITIVE_LENGTH_MEASURE(2.E-2),#14);
#13918=PRESENTATION_STYLE_ASSIGNMENT((#13917));
#13919=STYLED_ITEM('',(#13918),#13916);
#13920=DIRECTION('',(-1.E0,0.E0,0.E0));
#13921=VECTOR('',#13920,1.E0);
#13922=SURFACE_OF_LINEAR_EXTRUSION('',#13916,#13921);
#13923=ORIENTED_EDGE('',*,*,#12592,.F.);
#13925=ORIENTED_EDGE('',*,*,#13924,.T.);
#13926=ORIENTED_EDGE('',*,*,#13033,.T.);
#13927=ORIENTED_EDGE('',*,*,#13895,.F.);
#13928=EDGE_LOOP('',(#13923,#13925,#13926,#13927));
#13929=FACE_OUTER_BOUND('',#13928,.F.);
#13930=ADVANCED_FACE('',(#13929),#13922,.F.);
#13931=FILL_AREA_STYLE_COLOUR('',#14);
#13932=FILL_AREA_STYLE('',(#13931));
#13933=SURFACE_STYLE_FILL_AREA(#13932);
#13934=SURFACE_SIDE_STYLE('',(#13933));
#13935=SURFACE_STYLE_USAGE(.BOTH.,#13934);
#13936=PRESENTATION_STYLE_ASSIGNMENT((#13935));
#13937=STYLED_ITEM('',(#13936),#13930);
#13938=CARTESIAN_POINT('',(-7.62E0,-1.856904311819E-1,5.714575595453E-1));
#13939=CARTESIAN_POINT('',(-7.62E0,-1.857773730318E-1,5.714575595453E-1));
#13940=CARTESIAN_POINT('',(-7.62E0,-1.902114073775E-1,5.714575595453E-1));
#13941=CARTESIAN_POINT('',(-7.62E0,-1.947323835732E-1,5.714575595453E-1));
#13942=CARTESIAN_POINT('',(-7.62E0,-1.991664179189E-1,5.714575595453E-1));
#13943=CARTESIAN_POINT('',(-7.62E0,-1.992533597688E-1,5.714575595453E-1));
#13945=CURVE_STYLE('',#13525,POSITIVE_LENGTH_MEASURE(2.E-2),#14);
#13946=PRESENTATION_STYLE_ASSIGNMENT((#13945));
#13947=STYLED_ITEM('',(#13946),#13944);
#13948=DIRECTION('',(-1.E0,0.E0,0.E0));
#13949=VECTOR('',#13948,1.E0);
#13950=SURFACE_OF_LINEAR_EXTRUSION('',#13944,#13949);
#13951=ORIENTED_EDGE('',*,*,#12590,.F.);
#13953=ORIENTED_EDGE('',*,*,#13952,.T.);
#13954=ORIENTED_EDGE('',*,*,#13035,.T.);
#13955=ORIENTED_EDGE('',*,*,#13924,.F.);
#13956=EDGE_LOOP('',(#13951,#13953,#13954,#13955));
#13957=FACE_OUTER_BOUND('',#13956,.F.);
#13958=ADVANCED_FACE('',(#13957),#13950,.F.);
#13959=FILL_AREA_STYLE_COLOUR('',#14);
#13960=FILL_AREA_STYLE('',(#13959));
#13961=SURFACE_STYLE_FILL_AREA(#13960);
#13962=SURFACE_SIDE_STYLE('',(#13961));
#13963=SURFACE_STYLE_USAGE(.BOTH.,#13962);
#13964=PRESENTATION_STYLE_ASSIGNMENT((#13963));
#13965=STYLED_ITEM('',(#13964),#13958);
#13966=CARTESIAN_POINT('',(-7.62E0,-1.891230884137E-1,5.726245885952E-1));
#13967=CARTESIAN_POINT('',(-7.62E0,-1.920976642428E-1,5.718591508519E-1));
#13968=CARTESIAN_POINT('',(-7.62E0,-2.045048853575E-1,5.703819597804E-1));
#13969=CARTESIAN_POINT('',(-7.62E0,-2.292533939707E-1,5.771721121748E-1));
#13970=CARTESIAN_POINT('',(-7.62E0,-2.383795073617E-1,6.067033180704E-1));
#13971=CARTESIAN_POINT('',(-7.62E0,-2.289341240346E-1,6.359142860027E-1));
#13972=CARTESIAN_POINT('',(-7.62E0,-2.049844340208E-1,6.415591176022E-1));
#13973=CARTESIAN_POINT('',(-7.62E0,-1.931908503829E-1,6.404009076836E-1));
#13974=CARTESIAN_POINT('',(-7.62E0,-1.904427956502E-1,6.398491837288E-1));
#13976=CURVE_STYLE('',#13525,POSITIVE_LENGTH_MEASURE(2.E-2),#14);
#13977=PRESENTATION_STYLE_ASSIGNMENT((#13976));
#13978=STYLED_ITEM('',(#13977),#13975);
#13979=DIRECTION('',(-1.E0,0.E0,0.E0));
#13980=VECTOR('',#13979,1.E0);
#13981=SURFACE_OF_LINEAR_EXTRUSION('',#13975,#13980);
#13982=ORIENTED_EDGE('',*,*,#12588,.F.);
#13983=ORIENTED_EDGE('',*,*,#13898,.T.);
#13984=ORIENTED_EDGE('',*,*,#13037,.T.);
#13985=ORIENTED_EDGE('',*,*,#13952,.F.);
#13986=EDGE_LOOP('',(#13982,#13983,#13984,#13985));
#13987=FACE_OUTER_BOUND('',#13986,.F.);
#13988=ADVANCED_FACE('',(#13987),#13981,.F.);
#13989=FILL_AREA_STYLE_COLOUR('',#14);
#13990=FILL_AREA_STYLE('',(#13989));
#13991=SURFACE_STYLE_FILL_AREA(#13990);
#13992=SURFACE_SIDE_STYLE('',(#13991));
#13993=SURFACE_STYLE_USAGE(.BOTH.,#13992);
#13994=PRESENTATION_STYLE_ASSIGNMENT((#13993));
#13995=STYLED_ITEM('',(#13994),#13988);
#13996=CARTESIAN_POINT('',(-7.62E0,-1.995555133108E-1,5.612174015177E-1));
#13997=CARTESIAN_POINT('',(-7.62E0,-1.993908136092E-1,5.612174015177E-1));
#13998=CARTESIAN_POINT('',(-7.62E0,-1.909911288273E-1,5.612174015177E-1));
#13999=CARTESIAN_POINT('',(-7.62E0,-1.824267443438E-1,5.612174015177E-1));
#14000=CARTESIAN_POINT('',(-7.62E0,-1.740270595619E-1,5.612174015177E-1));
#14001=CARTESIAN_POINT('',(-7.62E0,-1.738623598603E-1,5.612174015177E-1));
#14003=CURVE_STYLE('',#13525,POSITIVE_LENGTH_MEASURE(2.E-2),#14);
#14004=PRESENTATION_STYLE_ASSIGNMENT((#14003));
#14005=STYLED_ITEM('',(#14004),#14002);
#14006=DIRECTION('',(-1.E0,0.E0,0.E0));
#14007=VECTOR('',#14006,1.E0);
#14008=SURFACE_OF_LINEAR_EXTRUSION('',#14002,#14007);
#14009=ORIENTED_EDGE('',*,*,#12576,.F.);
#14011=ORIENTED_EDGE('',*,*,#14010,.T.);
#14012=ORIENTED_EDGE('',*,*,#13021,.T.);
#14014=ORIENTED_EDGE('',*,*,#14013,.F.);
#14015=EDGE_LOOP('',(#14009,#14011,#14012,#14014));
#14016=FACE_OUTER_BOUND('',#14015,.F.);
#14017=ADVANCED_FACE('',(#14016),#14008,.F.);
#14018=FILL_AREA_STYLE_COLOUR('',#14);
#14019=FILL_AREA_STYLE('',(#14018));
#14020=SURFACE_STYLE_FILL_AREA(#14019);
#14021=SURFACE_SIDE_STYLE('',(#14020));
#14022=SURFACE_STYLE_USAGE(.BOTH.,#14021);
#14023=PRESENTATION_STYLE_ASSIGNMENT((#14022));
#14024=STYLED_ITEM('',(#14023),#14017);
#14025=CARTESIAN_POINT('',(-7.62E0,-1.743564589652E-1,5.414770367795E-1));
#14026=CARTESIAN_POINT('',(-7.62E0,-1.743564589652E-1,5.480571583589E-1));
#14027=CARTESIAN_POINT('',(-7.62E0,-1.743564589649E-1,5.845771141705E-1));
#14028=CARTESIAN_POINT('',(-7.62E0,-1.743564589646E-1,6.276771915615E-1));
#14029=CARTESIAN_POINT('',(-7.62E0,-1.743564589644E-1,6.641971473730E-1));
#14030=CARTESIAN_POINT('',(-7.62E0,-1.743564589643E-1,6.707772689525E-1));
#14032=CURVE_STYLE('',#13525,POSITIVE_LENGTH_MEASURE(2.E-2),#14);
#14033=PRESENTATION_STYLE_ASSIGNMENT((#14032));
#14034=STYLED_ITEM('',(#14033),#14031);
#14035=DIRECTION('',(-1.E0,0.E0,0.E0));
#14036=VECTOR('',#14035,1.E0);
#14037=SURFACE_OF_LINEAR_EXTRUSION('',#14031,#14036);
#14038=ORIENTED_EDGE('',*,*,#12582,.F.);
#14040=ORIENTED_EDGE('',*,*,#14039,.T.);
#14041=ORIENTED_EDGE('',*,*,#13023,.T.);
#14042=ORIENTED_EDGE('',*,*,#14010,.F.);
#14043=EDGE_LOOP('',(#14038,#14040,#14041,#14042));
#14044=FACE_OUTER_BOUND('',#14043,.F.);
#14045=ADVANCED_FACE('',(#14044),#14037,.F.);
#14046=FILL_AREA_STYLE_COLOUR('',#14);
#14047=FILL_AREA_STYLE('',(#14046));
#14048=SURFACE_STYLE_FILL_AREA(#14047);
#14049=SURFACE_SIDE_STYLE('',(#14048));
#14050=SURFACE_STYLE_USAGE(.BOTH.,#14049);
#14051=PRESENTATION_STYLE_ASSIGNMENT((#14050));
#14052=STYLED_ITEM('',(#14051),#14045);
#14053=CARTESIAN_POINT('',(-7.62E0,-1.738439918632E-1,6.510369042142E-1));
#14054=CARTESIAN_POINT('',(-7.62E0,-1.740148142303E-1,6.510369042142E-1));
#14055=CARTESIAN_POINT('',(-7.62E0,-1.827267549521E-1,6.510369042142E-1));
#14056=CARTESIAN_POINT('',(-7.62E0,-1.916095180410E-1,6.510369042142E-1));
#14057=CARTESIAN_POINT('',(-7.62E0,-2.003214587627E-1,6.510369042142E-1));
#14058=CARTESIAN_POINT('',(-7.62E0,-2.004922811298E-1,6.510369042142E-1));
#14060=CURVE_STYLE('',#13525,POSITIVE_LENGTH_MEASURE(2.E-2),#14);
#14061=PRESENTATION_STYLE_ASSIGNMENT((#14060));
#14062=STYLED_ITEM('',(#14061),#14059);
#14063=DIRECTION('',(-1.E0,0.E0,0.E0));
#14064=VECTOR('',#14063,1.E0);
#14065=SURFACE_OF_LINEAR_EXTRUSION('',#14059,#14064);
#14066=ORIENTED_EDGE('',*,*,#12580,.F.);
#14068=ORIENTED_EDGE('',*,*,#14067,.T.);
#14069=ORIENTED_EDGE('',*,*,#13025,.T.);
#14070=ORIENTED_EDGE('',*,*,#14039,.F.);
#14071=EDGE_LOOP('',(#14066,#14068,#14069,#14070));
#14072=FACE_OUTER_BOUND('',#14071,.F.);
#14073=ADVANCED_FACE('',(#14072),#14065,.F.);
#14074=FILL_AREA_STYLE_COLOUR('',#14);
#14075=FILL_AREA_STYLE('',(#14074));
#14076=SURFACE_STYLE_FILL_AREA(#14075);
#14077=SURFACE_SIDE_STYLE('',(#14076));
#14078=SURFACE_STYLE_USAGE(.BOTH.,#14077);
#14079=PRESENTATION_STYLE_ASSIGNMENT((#14078));
#14080=STYLED_ITEM('',(#14079),#14073);
#14081=CARTESIAN_POINT('',(-7.62E0,-1.899834195391E-1,6.501239096422E-1));
#14082=CARTESIAN_POINT('',(-7.62E0,-1.931461006311E-1,6.507268235366E-1));
#14083=CARTESIAN_POINT('',(-7.62E0,-2.082116979745E-1,6.521116435006E-1));
#14084=CARTESIAN_POINT('',(-7.62E0,-2.375584019844E-1,6.437268119833E-1));
#14085=CARTESIAN_POINT('',(-7.62E0,-2.523015901906E-1,6.068154411083E-1));
#14086=CARTESIAN_POINT('',(-7.62E0,-2.378580482927E-1,5.691830228366E-1));
#14087=CARTESIAN_POINT('',(-7.62E0,-2.078444244587E-1,5.601400279702E-1));
#14088=CARTESIAN_POINT('',(-7.62E0,-1.925357751193E-1,5.615050496878E-1));
#14089=CARTESIAN_POINT('',(-7.62E0,-1.894844566267E-1,5.620712808246E-1));
#14091=CURVE_STYLE('',#13525,POSITIVE_LENGTH_MEASURE(2.E-2),#14);
#14092=PRESENTATION_STYLE_ASSIGNMENT((#14091));
#14093=STYLED_ITEM('',(#14092),#14090);
#14094=DIRECTION('',(-1.E0,0.E0,0.E0));
#14095=VECTOR('',#14094,1.E0);
#14096=SURFACE_OF_LINEAR_EXTRUSION('',#14090,#14095);
#14097=ORIENTED_EDGE('',*,*,#12578,.F.);
#14098=ORIENTED_EDGE('',*,*,#14013,.T.);
#14099=ORIENTED_EDGE('',*,*,#13027,.T.);
#14100=ORIENTED_EDGE('',*,*,#14067,.F.);
#14101=EDGE_LOOP('',(#14097,#14098,#14099,#14100));
#14102=FACE_OUTER_BOUND('',#14101,.F.);
#14103=ADVANCED_FACE('',(#14102),#14096,.F.);
#14104=FILL_AREA_STYLE_COLOUR('',#14);
#14105=FILL_AREA_STYLE('',(#14104));
#14106=SURFACE_STYLE_FILL_AREA(#14105);
#14107=SURFACE_SIDE_STYLE('',(#14106));
#14108=SURFACE_STYLE_USAGE(.BOTH.,#14107);
#14109=PRESENTATION_STYLE_ASSIGNMENT((#14108));
#14110=STYLED_ITEM('',(#14109),#14103);
#14111=CARTESIAN_POINT('',(-7.62E0,-2.942050120124E-1,6.331438133669E-1));
#14112=CARTESIAN_POINT('',(-7.62E0,-2.941904753569E-1,6.331844613478E-1));
#14113=CARTESIAN_POINT('',(-7.62E0,-2.934544632856E-1,6.352593961070E-1));
#14114=CARTESIAN_POINT('',(-7.62E0,-2.929791549475E-1,6.374712814065E-1));
#14115=CARTESIAN_POINT('',(-7.62E0,-2.926137778588E-1,6.396420334164E-1));
#14116=CARTESIAN_POINT('',(-7.62E0,-2.926066510530E-1,6.396845970055E-1));
#14118=CURVE_STYLE('',#13525,POSITIVE_LENGTH_MEASURE(2.E-2),#14);
#14119=PRESENTATION_STYLE_ASSIGNMENT((#14118));
#14120=STYLED_ITEM('',(#14119),#14117);
#14121=DIRECTION('',(-1.E0,0.E0,0.E0));
#14122=VECTOR('',#14121,1.E0);
#14123=SURFACE_OF_LINEAR_EXTRUSION('',#14117,#14122);
#14124=ORIENTED_EDGE('',*,*,#12620,.F.);
#14126=ORIENTED_EDGE('',*,*,#14125,.T.);
#14127=ORIENTED_EDGE('',*,*,#13072,.T.);
#14129=ORIENTED_EDGE('',*,*,#14128,.F.);
#14130=EDGE_LOOP('',(#14124,#14126,#14127,#14129));
#14131=FACE_OUTER_BOUND('',#14130,.F.);
#14132=ADVANCED_FACE('',(#14131),#14123,.F.);
#14133=FILL_AREA_STYLE_COLOUR('',#14);
#14134=FILL_AREA_STYLE('',(#14133));
#14135=SURFACE_STYLE_FILL_AREA(#14134);
#14136=SURFACE_SIDE_STYLE('',(#14135));
#14137=SURFACE_STYLE_USAGE(.BOTH.,#14136);
#14138=PRESENTATION_STYLE_ASSIGNMENT((#14137));
#14139=STYLED_ITEM('',(#14138),#14132);
#14140=CARTESIAN_POINT('',(-7.62E0,-2.926485973257E-1,6.396851518424E-1));
#14141=CARTESIAN_POINT('',(-7.62E0,-2.926418448879E-1,6.396423997108E-1));
#14142=CARTESIAN_POINT('',(-7.62E0,-2.922941695151E-1,6.374622154446E-1));
#14143=CARTESIAN_POINT('',(-7.62E0,-2.917661389079E-1,6.352502548742E-1));
#14144=CARTESIAN_POINT('',(-7.62E0,-2.909856916664E-1,6.331848306240E-1));
#14145=CARTESIAN_POINT('',(-7.62E0,-2.909702871190E-1,6.331443728103E-1));
#14147=CURVE_STYLE('',#13525,POSITIVE_LENGTH_MEASURE(2.E-2),#14);
#14148=PRESENTATION_STYLE_ASSIGNMENT((#14147));
#14149=STYLED_ITEM('',(#14148),#14146);
#14150=DIRECTION('',(-1.E0,0.E0,0.E0));
#14151=VECTOR('',#14150,1.E0);
#14152=SURFACE_OF_LINEAR_EXTRUSION('',#14146,#14151);
#14153=ORIENTED_EDGE('',*,*,#12628,.F.);
#14155=ORIENTED_EDGE('',*,*,#14154,.T.);
#14156=ORIENTED_EDGE('',*,*,#13074,.T.);
#14157=ORIENTED_EDGE('',*,*,#14125,.F.);
#14158=EDGE_LOOP('',(#14153,#14155,#14156,#14157));
#14159=FACE_OUTER_BOUND('',#14158,.F.);
#14160=ADVANCED_FACE('',(#14159),#14152,.F.);
#14161=FILL_AREA_STYLE_COLOUR('',#14);
#14162=FILL_AREA_STYLE('',(#14161));
#14163=SURFACE_STYLE_FILL_AREA(#14162);
#14164=SURFACE_SIDE_STYLE('',(#14163));
#14165=SURFACE_STYLE_USAGE(.BOTH.,#14164);
#14166=PRESENTATION_STYLE_ASSIGNMENT((#14165));
#14167=STYLED_ITEM('',(#14166),#14160);
#14168=CARTESIAN_POINT('',(-7.62E0,-2.976990015444E-1,6.518406386082E-1));
#14169=CARTESIAN_POINT('',(-7.62E0,-2.954713998598E-1,6.456490482846E-1));
#14170=CARTESIAN_POINT('',(-7.62E0,-2.887665990377E-1,6.270131403583E-1));
#14171=CARTESIAN_POINT('',(-7.62E0,-2.798341965310E-1,6.021856421085E-1));
#14172=CARTESIAN_POINT('',(-7.62E0,-2.731293957089E-1,5.835497341821E-1));
#14173=CARTESIAN_POINT('',(-7.62E0,-2.709017940243E-1,5.773581438586E-1));
#14175=CURVE_STYLE('',#13525,POSITIVE_LENGTH_MEASURE(2.E-2),#14);
#14176=PRESENTATION_STYLE_ASSIGNMENT((#14175));
#14177=STYLED_ITEM('',(#14176),#14174);
#14178=DIRECTION('',(-1.E0,0.E0,0.E0));
#14179=VECTOR('',#14178,1.E0);
#14180=SURFACE_OF_LINEAR_EXTRUSION('',#14174,#14179);
#14181=ORIENTED_EDGE('',*,*,#12626,.F.);
#14183=ORIENTED_EDGE('',*,*,#14182,.T.);
#14184=ORIENTED_EDGE('',*,*,#13076,.T.);
#14185=ORIENTED_EDGE('',*,*,#14154,.F.);
#14186=EDGE_LOOP('',(#14181,#14183,#14184,#14185));
#14187=FACE_OUTER_BOUND('',#14186,.F.);
#14188=ADVANCED_FACE('',(#14187),#14180,.F.);
#14189=FILL_AREA_STYLE_COLOUR('',#14);
#14190=FILL_AREA_STYLE('',(#14189));
#14191=SURFACE_STYLE_FILL_AREA(#14190);
#14192=SURFACE_SIDE_STYLE('',(#14191));
#14193=SURFACE_STYLE_USAGE(.BOTH.,#14192);
#14194=PRESENTATION_STYLE_ASSIGNMENT((#14193));
#14195=STYLED_ITEM('',(#14194),#14188);
#14196=CARTESIAN_POINT('',(-7.62E0,-2.578442343399E-1,5.959329148292E-1));
#14197=CARTESIAN_POINT('',(-7.62E0,-2.644243559193E-1,5.959329148292E-1));
#14198=CARTESIAN_POINT('',(-7.62E0,-2.810533022295E-1,5.959329148292E-1));
#14199=CARTESIAN_POINT('',(-7.62E0,-3.042623701192E-1,5.959329148292E-1));
#14200=CARTESIAN_POINT('',(-7.62E0,-3.208913164294E-1,5.959329148292E-1));
#14201=CARTESIAN_POINT('',(-7.62E0,-3.274714380088E-1,5.959329148292E-1));
#14203=CURVE_STYLE('',#13525,POSITIVE_LENGTH_MEASURE(2.E-2),#14);
#14204=PRESENTATION_STYLE_ASSIGNMENT((#14203));
#14205=STYLED_ITEM('',(#14204),#14202);
#14206=DIRECTION('',(-1.E0,0.E0,0.E0));
#14207=VECTOR('',#14206,1.E0);
#14208=SURFACE_OF_LINEAR_EXTRUSION('',#14202,#14207);
#14209=ORIENTED_EDGE('',*,*,#12624,.F.);
#14211=ORIENTED_EDGE('',*,*,#14210,.T.);
#14212=ORIENTED_EDGE('',*,*,#13078,.T.);
#14213=ORIENTED_EDGE('',*,*,#14182,.F.);
#14214=EDGE_LOOP('',(#14209,#14211,#14212,#14213));
#14215=FACE_OUTER_BOUND('',#14214,.F.);
#14216=ADVANCED_FACE('',(#14215),#14208,.F.);
#14217=FILL_AREA_STYLE_COLOUR('',#14);
#14218=FILL_AREA_STYLE('',(#14217));
#14219=SURFACE_STYLE_FILL_AREA(#14218);
#14220=SURFACE_SIDE_STYLE('',(#14219));
#14221=SURFACE_STYLE_USAGE(.BOTH.,#14220);
#14222=PRESENTATION_STYLE_ASSIGNMENT((#14221));
#14223=STYLED_ITEM('',(#14222),#14216);
#14224=CARTESIAN_POINT('',(-7.62E0,-3.144744574841E-1,5.773800506474E-1));
#14225=CARTESIAN_POINT('',(-7.62E0,-3.122266627462E-1,5.835643387080E-1));
#14226=CARTESIAN_POINT('',(-7.62E0,-3.054557488798E-1,6.021929443714E-1));
#14227=CARTESIAN_POINT('',(-7.62E0,-2.964370402755E-1,6.270058380954E-1));
#14228=CARTESIAN_POINT('',(-7.62E0,-2.896661264090E-1,6.456344437587E-1));
#14229=CARTESIAN_POINT('',(-7.62E0,-2.874183316712E-1,6.518187318193E-1));
#14231=CURVE_STYLE('',#13525,POSITIVE_LENGTH_MEASURE(2.E-2),#14);
#14232=PRESENTATION_STYLE_ASSIGNMENT((#14231));
#14233=STYLED_ITEM('',(#14232),#14230);
#14234=DIRECTION('',(-1.E0,0.E0,0.E0));
#14235=VECTOR('',#14234,1.E0);
#14236=SURFACE_OF_LINEAR_EXTRUSION('',#14230,#14235);
#14237=ORIENTED_EDGE('',*,*,#12622,.F.);
#14238=ORIENTED_EDGE('',*,*,#14128,.T.);
#14239=ORIENTED_EDGE('',*,*,#13080,.T.);
#14240=ORIENTED_EDGE('',*,*,#14210,.F.);
#14241=EDGE_LOOP('',(#14237,#14238,#14239,#14240));
#14242=FACE_OUTER_BOUND('',#14241,.F.);
#14243=ADVANCED_FACE('',(#14242),#14236,.F.);
#14244=FILL_AREA_STYLE_COLOUR('',#14);
#14245=FILL_AREA_STYLE('',(#14244));
#14246=SURFACE_STYLE_FILL_AREA(#14245);
#14247=SURFACE_SIDE_STYLE('',(#14246));
#14248=SURFACE_STYLE_USAGE(.BOTH.,#14247);
#14249=PRESENTATION_STYLE_ASSIGNMENT((#14248));
#14250=STYLED_ITEM('',(#14249),#14243);
#14251=CARTESIAN_POINT('',(-7.62E0,-3.332855483483E-1,5.612174015177E-1));
#14252=DIRECTION('',(0.E0,-9.345104387413E-1,3.559357243710E-1));
#14253=DIRECTION('',(0.E0,3.559357243710E-1,9.345104387413E-1));
#14254=AXIS2_PLACEMENT_3D('',#14251,#14252,#14253);
#14255=PLANE('',#14254);
#14256=ORIENTED_EDGE('',*,*,#12602,.F.);
#14258=ORIENTED_EDGE('',*,*,#14257,.T.);
#14259=ORIENTED_EDGE('',*,*,#13054,.T.);
#14261=ORIENTED_EDGE('',*,*,#14260,.F.);
#14262=EDGE_LOOP('',(#14256,#14258,#14259,#14261));
#14263=FACE_OUTER_BOUND('',#14262,.F.);
#14264=ADVANCED_FACE('',(#14263),#14255,.T.);
#14265=FILL_AREA_STYLE_COLOUR('',#14);
#14266=FILL_AREA_STYLE('',(#14265));
#14267=SURFACE_STYLE_FILL_AREA(#14266);
#14268=SURFACE_SIDE_STYLE('',(#14267));
#14269=SURFACE_STYLE_USAGE(.BOTH.,#14268);
#14270=PRESENTATION_STYLE_ASSIGNMENT((#14269));
#14271=STYLED_ITEM('',(#14270),#14264);
#14272=CARTESIAN_POINT('',(-7.62E0,-3.204738708169E-1,5.612174015177E-1));
#14273=DIRECTION('',(0.E0,0.E0,-1.E0));
#14274=DIRECTION('',(0.E0,-1.E0,0.E0));
#14275=AXIS2_PLACEMENT_3D('',#14272,#14273,#14274);
#14276=PLANE('',#14275);
#14277=ORIENTED_EDGE('',*,*,#12616,.F.);
#14279=ORIENTED_EDGE('',*,*,#14278,.T.);
#14280=ORIENTED_EDGE('',*,*,#13056,.T.);
#14281=ORIENTED_EDGE('',*,*,#14257,.F.);
#14282=EDGE_LOOP('',(#14277,#14279,#14280,#14281));
#14283=FACE_OUTER_BOUND('',#14282,.F.);
#14284=ADVANCED_FACE('',(#14283),#14276,.T.);
#14285=FILL_AREA_STYLE_COLOUR('',#14);
#14286=FILL_AREA_STYLE('',(#14285));
#14287=SURFACE_STYLE_FILL_AREA(#14286);
#14288=SURFACE_SIDE_STYLE('',(#14287));
#14289=SURFACE_STYLE_USAGE(.BOTH.,#14288);
#14290=PRESENTATION_STYLE_ASSIGNMENT((#14289));
#14291=STYLED_ITEM('',(#14290),#14284);
#14292=CARTESIAN_POINT('',(-7.62E0,-3.113128325819E-1,5.857845967846E-1));
#14293=DIRECTION('',(0.E0,9.369753459537E-1,-3.493954794714E-1));
#14294=DIRECTION('',(0.E0,-3.493954794714E-1,-9.369753459537E-1));
#14295=AXIS2_PLACEMENT_3D('',#14292,#14293,#14294);
#14296=PLANE('',#14295);
#14297=ORIENTED_EDGE('',*,*,#12614,.F.);
#14299=ORIENTED_EDGE('',*,*,#14298,.T.);
#14300=ORIENTED_EDGE('',*,*,#13058,.T.);
#14301=ORIENTED_EDGE('',*,*,#14278,.F.);
#14302=EDGE_LOOP('',(#14297,#14299,#14300,#14301));
#14303=FACE_OUTER_BOUND('',#14302,.F.);
#14304=ADVANCED_FACE('',(#14303),#14296,.T.);
#14305=FILL_AREA_STYLE_COLOUR('',#14);
#14306=FILL_AREA_STYLE('',(#14305));
#14307=SURFACE_STYLE_FILL_AREA(#14306);
#14308=SURFACE_SIDE_STYLE('',(#14307));
#14309=SURFACE_STYLE_USAGE(.BOTH.,#14308);
#14310=PRESENTATION_STYLE_ASSIGNMENT((#14309));
#14311=STYLED_ITEM('',(#14310),#14304);
#14312=CARTESIAN_POINT('',(-7.62E0,-2.739109997874E-1,5.857845967846E-1));
#14313=DIRECTION('',(0.E0,0.E0,-1.E0));
#14314=DIRECTION('',(0.E0,-1.E0,0.E0));
#14315=AXIS2_PLACEMENT_3D('',#14312,#14313,#14314);
#14316=PLANE('',#14315);
#14317=ORIENTED_EDGE('',*,*,#12612,.F.);
#14319=ORIENTED_EDGE('',*,*,#14318,.T.);
#14320=ORIENTED_EDGE('',*,*,#13060,.T.);
#14321=ORIENTED_EDGE('',*,*,#14298,.F.);
#14322=EDGE_LOOP('',(#14317,#14319,#14320,#14321));
#14323=FACE_OUTER_BOUND('',#14322,.F.);
#14324=ADVANCED_FACE('',(#14323),#14316,.T.);
#14325=FILL_AREA_STYLE_COLOUR('',#14);
#14326=FILL_AREA_STYLE('',(#14325));
#14327=SURFACE_STYLE_FILL_AREA(#14326);
#14328=SURFACE_SIDE_STYLE('',(#14327));
#14329=SURFACE_STYLE_USAGE(.BOTH.,#14328);
#14330=PRESENTATION_STYLE_ASSIGNMENT((#14329));
#14331=STYLED_ITEM('',(#14330),#14324);
#14332=CARTESIAN_POINT('',(-7.62E0,-2.652780414490E-1,5.612174015177E-1));
#14333=DIRECTION('',(0.E0,-9.434452330623E-1,-3.315284184079E-1));
#14334=DIRECTION('',(0.E0,-3.315284184079E-1,9.434452330623E-1));
#14335=AXIS2_PLACEMENT_3D('',#14332,#14333,#14334);
#14336=PLANE('',#14335);
#14337=ORIENTED_EDGE('',*,*,#12610,.F.);
#14339=ORIENTED_EDGE('',*,*,#14338,.T.);
#14340=ORIENTED_EDGE('',*,*,#13062,.T.);
#14341=ORIENTED_EDGE('',*,*,#14318,.F.);
#14342=EDGE_LOOP('',(#14337,#14339,#14340,#14341));
#14343=FACE_OUTER_BOUND('',#14342,.F.);
#14344=ADVANCED_FACE('',(#14343),#14336,.T.);
#14345=FILL_AREA_STYLE_COLOUR('',#14);
#14346=FILL_AREA_STYLE('',(#14345));
#14347=SURFACE_STYLE_FILL_AREA(#14346);
#14348=SURFACE_SIDE_STYLE('',(#14347));
#14349=SURFACE_STYLE_USAGE(.BOTH.,#14348);
#14350=PRESENTATION_STYLE_ASSIGNMENT((#14349));
#14351=STYLED_ITEM('',(#14350),#14344);
#14352=CARTESIAN_POINT('',(-7.62E0,-2.524663639176E-1,5.612174015177E-1));
#14353=DIRECTION('',(0.E0,0.E0,-1.E0));
#14354=DIRECTION('',(0.E0,-1.E0,0.E0));
#14355=AXIS2_PLACEMENT_3D('',#14352,#14353,#14354);
#14356=PLANE('',#14355);
#14357=ORIENTED_EDGE('',*,*,#12608,.F.);
#14359=ORIENTED_EDGE('',*,*,#14358,.T.);
#14360=ORIENTED_EDGE('',*,*,#13064,.T.);
#14361=ORIENTED_EDGE('',*,*,#14338,.F.);
#14362=EDGE_LOOP('',(#14357,#14359,#14360,#14361));
#14363=FACE_OUTER_BOUND('',#14362,.F.);
#14364=ADVANCED_FACE('',(#14363),#14356,.T.);
#14365=FILL_AREA_STYLE_COLOUR('',#14);
#14366=FILL_AREA_STYLE('',(#14365));
#14367=SURFACE_STYLE_FILL_AREA(#14366);
#14368=SURFACE_SIDE_STYLE('',(#14367));
#14369=SURFACE_STYLE_USAGE(.BOTH.,#14368);
#14370=PRESENTATION_STYLE_ASSIGNMENT((#14369));
#14371=STYLED_ITEM('',(#14370),#14364);
#14372=CARTESIAN_POINT('',(-7.62E0,-2.866767573271E-1,6.510369042142E-1));
#14373=DIRECTION('',(0.E0,9.345104387424E-1,3.559357243682E-1));
#14374=DIRECTION('',(0.E0,3.559357243682E-1,-9.345104387424E-1));
#14375=AXIS2_PLACEMENT_3D('',#14372,#14373,#14374);
#14376=PLANE('',#14375);
#14377=ORIENTED_EDGE('',*,*,#12606,.F.);
#14379=ORIENTED_EDGE('',*,*,#14378,.T.);
#14380=ORIENTED_EDGE('',*,*,#13066,.T.);
#14381=ORIENTED_EDGE('',*,*,#14358,.F.);
#14382=EDGE_LOOP('',(#14377,#14379,#14380,#14381));
#14383=FACE_OUTER_BOUND('',#14382,.F.);
#14384=ADVANCED_FACE('',(#14383),#14376,.T.);
#14385=FILL_AREA_STYLE_COLOUR('',#14);
#14386=FILL_AREA_STYLE('',(#14385));
#14387=SURFACE_STYLE_FILL_AREA(#14386);
#14388=SURFACE_SIDE_STYLE('',(#14387));
#14389=SURFACE_STYLE_USAGE(.BOTH.,#14388);
#14390=PRESENTATION_STYLE_ASSIGNMENT((#14389));
#14391=STYLED_ITEM('',(#14390),#14384);
#14392=CARTESIAN_POINT('',(-7.62E0,-2.990751549385E-1,6.510369042142E-1));
#14393=DIRECTION('',(0.E0,0.E0,1.E0));
#14394=DIRECTION('',(0.E0,1.E0,0.E0));
#14395=AXIS2_PLACEMENT_3D('',#14392,#14393,#14394);
#14396=PLANE('',#14395);
#14397=ORIENTED_EDGE('',*,*,#12604,.F.);
#14398=ORIENTED_EDGE('',*,*,#14260,.T.);
#14399=ORIENTED_EDGE('',*,*,#13068,.T.);
#14400=ORIENTED_EDGE('',*,*,#14378,.F.);
#14401=EDGE_LOOP('',(#14397,#14398,#14399,#14400));
#14402=FACE_OUTER_BOUND('',#14401,.F.);
#14403=ADVANCED_FACE('',(#14402),#14396,.T.);
#14404=FILL_AREA_STYLE_COLOUR('',#14);
#14405=FILL_AREA_STYLE('',(#14404));
#14406=SURFACE_STYLE_FILL_AREA(#14405);
#14407=SURFACE_SIDE_STYLE('',(#14406));
#14408=SURFACE_STYLE_USAGE(.BOTH.,#14407);
#14409=PRESENTATION_STYLE_ASSIGNMENT((#14408));
#14410=STYLED_ITEM('',(#14409),#14403);
#14411=CARTESIAN_POINT('',(-7.62E0,-2.112144848511E-2,4.187276689679E-1));
#14412=DIRECTION('',(0.E0,-1.E0,0.E0));
#14413=DIRECTION('',(0.E0,0.E0,1.E0));
#14414=AXIS2_PLACEMENT_3D('',#14411,#14412,#14413);
#14415=PLANE('',#14414);
#14416=ORIENTED_EDGE('',*,*,#12638,.F.);
#14418=ORIENTED_EDGE('',*,*,#14417,.T.);
#14419=ORIENTED_EDGE('',*,*,#13097,.T.);
#14421=ORIENTED_EDGE('',*,*,#14420,.F.);
#14422=EDGE_LOOP('',(#14416,#14418,#14419,#14421));
#14423=FACE_OUTER_BOUND('',#14422,.F.);
#14424=ADVANCED_FACE('',(#14423),#14415,.T.);
#14425=FILL_AREA_STYLE_COLOUR('',#14);
#14426=FILL_AREA_STYLE('',(#14425));
#14427=SURFACE_STYLE_FILL_AREA(#14426);
#14428=SURFACE_SIDE_STYLE('',(#14427));
#14429=SURFACE_STYLE_USAGE(.BOTH.,#14428);
#14430=PRESENTATION_STYLE_ASSIGNMENT((#14429));
#14431=STYLED_ITEM('',(#14430),#14424);
#14432=CARTESIAN_POINT('',(-7.62E0,2.718638220849E-2,4.187276689679E-1));
#14433=DIRECTION('',(0.E0,0.E0,-1.E0));
#14434=DIRECTION('',(0.E0,-1.E0,0.E0));
#14435=AXIS2_PLACEMENT_3D('',#14432,#14433,#14434);
#14436=PLANE('',#14435);
#14437=ORIENTED_EDGE('',*,*,#12660,.F.);
#14439=ORIENTED_EDGE('',*,*,#14438,.T.);
#14440=ORIENTED_EDGE('',*,*,#13099,.T.);
#14441=ORIENTED_EDGE('',*,*,#14417,.F.);
#14442=EDGE_LOOP('',(#14437,#14439,#14440,#14441));
#14443=FACE_OUTER_BOUND('',#14442,.F.);
#14444=ADVANCED_FACE('',(#14443),#14436,.T.);
#14445=FILL_AREA_STYLE_COLOUR('',#14);
#14446=FILL_AREA_STYLE('',(#14445));
#14447=SURFACE_STYLE_FILL_AREA(#14446);
#14448=SURFACE_SIDE_STYLE('',(#14447));
#14449=SURFACE_STYLE_USAGE(.BOTH.,#14448);
#14450=PRESENTATION_STYLE_ASSIGNMENT((#14449));
#14451=STYLED_ITEM('',(#14450),#14444);
#14452=CARTESIAN_POINT('',(-7.62E0,2.718638220849E-2,5.085471716644E-1));
#14453=DIRECTION('',(0.E0,1.E0,0.E0));
#14454=DIRECTION('',(0.E0,0.E0,-1.E0));
#14455=AXIS2_PLACEMENT_3D('',#14452,#14453,#14454);
#14456=PLANE('',#14455);
#14457=ORIENTED_EDGE('',*,*,#12658,.F.);
#14459=ORIENTED_EDGE('',*,*,#14458,.T.);
#14460=ORIENTED_EDGE('',*,*,#13101,.T.);
#14461=ORIENTED_EDGE('',*,*,#14438,.F.);
#14462=EDGE_LOOP('',(#14457,#14459,#14460,#14461));
#14463=FACE_OUTER_BOUND('',#14462,.F.);
#14464=ADVANCED_FACE('',(#14463),#14456,.T.);
#14465=FILL_AREA_STYLE_COLOUR('',#14);
#14466=FILL_AREA_STYLE('',(#14465));
#14467=SURFACE_STYLE_FILL_AREA(#14466);
#14468=SURFACE_SIDE_STYLE('',(#14467));
#14469=SURFACE_STYLE_USAGE(.BOTH.,#14468);
#14470=PRESENTATION_STYLE_ASSIGNMENT((#14469));
#14471=STYLED_ITEM('',(#14470),#14464);
#14472=CARTESIAN_POINT('',(-7.62E0,-1.907800887838E-2,5.085471716644E-1));
#14473=DIRECTION('',(0.E0,0.E0,1.E0));
#14474=DIRECTION('',(0.E0,1.E0,0.E0));
#14475=AXIS2_PLACEMENT_3D('',#14472,#14473,#14474);
#14476=PLANE('',#14475);
#14477=ORIENTED_EDGE('',*,*,#12656,.F.);
#14479=ORIENTED_EDGE('',*,*,#14478,.T.);
#14480=ORIENTED_EDGE('',*,*,#13103,.T.);
#14481=ORIENTED_EDGE('',*,*,#14458,.F.);
#14482=EDGE_LOOP('',(#14477,#14479,#14480,#14481));
#14483=FACE_OUTER_BOUND('',#14482,.F.);
#14484=ADVANCED_FACE('',(#14483),#14476,.T.);
#14485=FILL_AREA_STYLE_COLOUR('',#14);
#14486=FILL_AREA_STYLE('',(#14485));
#14487=SURFACE_STYLE_FILL_AREA(#14486);
#14488=SURFACE_SIDE_STYLE('',(#14487));
#14489=SURFACE_STYLE_USAGE(.BOTH.,#14488);
#14490=PRESENTATION_STYLE_ASSIGNMENT((#14489));
#14491=STYLED_ITEM('',(#14490),#14484);
#14492=CARTESIAN_POINT('',(-7.62E0,-1.907800887838E-2,4.982151736551E-1));
#14493=DIRECTION('',(0.E0,-1.E0,0.E0));
#14494=DIRECTION('',(0.E0,0.E0,1.E0));
#14495=AXIS2_PLACEMENT_3D('',#14492,#14493,#14494);
#14496=PLANE('',#14495);
#14497=ORIENTED_EDGE('',*,*,#12654,.F.);
#14499=ORIENTED_EDGE('',*,*,#14498,.T.);
#14500=ORIENTED_EDGE('',*,*,#13105,.T.);
#14501=ORIENTED_EDGE('',*,*,#14478,.F.);
#14502=EDGE_LOOP('',(#14497,#14499,#14500,#14501));
#14503=FACE_OUTER_BOUND('',#14502,.F.);
#14504=ADVANCED_FACE('',(#14503),#14496,.T.);
#14505=FILL_AREA_STYLE_COLOUR('',#14);
#14506=FILL_AREA_STYLE('',(#14505));
#14507=SURFACE_STYLE_FILL_AREA(#14506);
#14508=SURFACE_SIDE_STYLE('',(#14507));
#14509=SURFACE_STYLE_USAGE(.BOTH.,#14508);
#14510=PRESENTATION_STYLE_ASSIGNMENT((#14509));
#14511=STYLED_ITEM('',(#14510),#14504);
#14512=CARTESIAN_POINT('',(-7.62E0,1.559158444227E-2,4.982151736551E-1));
#14513=DIRECTION('',(0.E0,0.E0,-1.E0));
#14514=DIRECTION('',(0.E0,-1.E0,0.E0));
#14515=AXIS2_PLACEMENT_3D('',#14512,#14513,#14514);
#14516=PLANE('',#14515);
#14517=ORIENTED_EDGE('',*,*,#12652,.F.);
#14519=ORIENTED_EDGE('',*,*,#14518,.T.);
#14520=ORIENTED_EDGE('',*,*,#13107,.T.);
#14521=ORIENTED_EDGE('',*,*,#14498,.F.);
#14522=EDGE_LOOP('',(#14517,#14519,#14520,#14521));
#14523=FACE_OUTER_BOUND('',#14522,.F.);
#14524=ADVANCED_FACE('',(#14523),#14516,.T.);
#14525=FILL_AREA_STYLE_COLOUR('',#14);
#14526=FILL_AREA_STYLE('',(#14525));
#14527=SURFACE_STYLE_FILL_AREA(#14526);
#14528=SURFACE_SIDE_STYLE('',(#14527));
#14529=SURFACE_STYLE_USAGE(.BOTH.,#14528);
#14530=PRESENTATION_STYLE_ASSIGNMENT((#14529));
#14531=STYLED_ITEM('',(#14530),#14524);
#14532=CARTESIAN_POINT('',(-7.62E0,1.559158444227E-2,4.694692591926E-1));
#14533=DIRECTION('',(0.E0,-1.E0,0.E0));
#14534=DIRECTION('',(0.E0,0.E0,1.E0));
#14535=AXIS2_PLACEMENT_3D('',#14532,#14533,#14534);
#14536=PLANE('',#14535);
#14537=ORIENTED_EDGE('',*,*,#12650,.F.);
#14539=ORIENTED_EDGE('',*,*,#14538,.T.);
#14540=ORIENTED_EDGE('',*,*,#13109,.T.);
#14541=ORIENTED_EDGE('',*,*,#14518,.F.);
#14542=EDGE_LOOP('',(#14537,#14539,#14540,#14541));
#14543=FACE_OUTER_BOUND('',#14542,.F.);
#14544=ADVANCED_FACE('',(#14543),#14536,.T.);
#14545=FILL_AREA_STYLE_COLOUR('',#14);
#14546=FILL_AREA_STYLE('',(#14545));
#14547=SURFACE_STYLE_FILL_AREA(#14546);
#14548=SURFACE_SIDE_STYLE('',(#14547));
#14549=SURFACE_STYLE_USAGE(.BOTH.,#14548);
#14550=PRESENTATION_STYLE_ASSIGNMENT((#14549));
#14551=STYLED_ITEM('',(#14550),#14544);
#14552=CARTESIAN_POINT('',(-7.62E0,-1.652944936934E-2,4.694692591926E-1));
#14553=DIRECTION('',(0.E0,0.E0,1.E0));
#14554=DIRECTION('',(0.E0,1.E0,0.E0));
#14555=AXIS2_PLACEMENT_3D('',#14552,#14553,#14554);
#14556=PLANE('',#14555);
#14557=ORIENTED_EDGE('',*,*,#12648,.F.);
#14559=ORIENTED_EDGE('',*,*,#14558,.T.);
#14560=ORIENTED_EDGE('',*,*,#13111,.T.);
#14561=ORIENTED_EDGE('',*,*,#14538,.F.);
#14562=EDGE_LOOP('',(#14557,#14559,#14560,#14561));
#14563=FACE_OUTER_BOUND('',#14562,.F.);
#14564=ADVANCED_FACE('',(#14563),#14556,.T.);
#14565=FILL_AREA_STYLE_COLOUR('',#14);
#14566=FILL_AREA_STYLE('',(#14565));
#14567=SURFACE_STYLE_FILL_AREA(#14566);
#14568=SURFACE_SIDE_STYLE('',(#14567));
#14569=SURFACE_STYLE_USAGE(.BOTH.,#14568);
#14570=PRESENTATION_STYLE_ASSIGNMENT((#14569));
#14571=STYLED_ITEM('',(#14570),#14564);
#14572=CARTESIAN_POINT('',(-7.62E0,-1.652944936934E-2,4.591831811741E-1));
#14573=DIRECTION('',(0.E0,-1.E0,0.E0));
#14574=DIRECTION('',(0.E0,0.E0,1.E0));
#14575=AXIS2_PLACEMENT_3D('',#14572,#14573,#14574);
#14576=PLANE('',#14575);
#14577=ORIENTED_EDGE('',*,*,#12646,.F.);
#14579=ORIENTED_EDGE('',*,*,#14578,.T.);
#14580=ORIENTED_EDGE('',*,*,#13113,.T.);
#14581=ORIENTED_EDGE('',*,*,#14558,.F.);
#14582=EDGE_LOOP('',(#14577,#14579,#14580,#14581));
#14583=FACE_OUTER_BOUND('',#14582,.F.);
#14584=ADVANCED_FACE('',(#14583),#14576,.T.);
#14585=FILL_AREA_STYLE_COLOUR('',#14);
#14586=FILL_AREA_STYLE('',(#14585));
#14587=SURFACE_STYLE_FILL_AREA(#14586);
#14588=SURFACE_SIDE_STYLE('',(#14587));
#14589=SURFACE_STYLE_USAGE(.BOTH.,#14588);
#14590=PRESENTATION_STYLE_ASSIGNMENT((#14589));
#14591=STYLED_ITEM('',(#14590),#14584);
#14592=CARTESIAN_POINT('',(-7.62E0,1.559158444227E-2,4.591831811741E-1));
#14593=DIRECTION('',(0.E0,0.E0,-1.E0));
#14594=DIRECTION('',(0.E0,-1.E0,0.E0));
#14595=AXIS2_PLACEMENT_3D('',#14592,#14593,#14594);
#14596=PLANE('',#14595);
#14597=ORIENTED_EDGE('',*,*,#12644,.F.);
#14599=ORIENTED_EDGE('',*,*,#14598,.T.);
#14600=ORIENTED_EDGE('',*,*,#13115,.T.);
#14601=ORIENTED_EDGE('',*,*,#14578,.F.);
#14602=EDGE_LOOP('',(#14597,#14599,#14600,#14601));
#14603=FACE_OUTER_BOUND('',#14602,.F.);
#14604=ADVANCED_FACE('',(#14603),#14596,.T.);
#14605=FILL_AREA_STYLE_COLOUR('',#14);
#14606=FILL_AREA_STYLE('',(#14605));
#14607=SURFACE_STYLE_FILL_AREA(#14606);
#14608=SURFACE_SIDE_STYLE('',(#14607));
#14609=SURFACE_STYLE_USAGE(.BOTH.,#14608);
#14610=PRESENTATION_STYLE_ASSIGNMENT((#14609));
#14611=STYLED_ITEM('',(#14610),#14604);
#14612=CARTESIAN_POINT('',(-7.62E0,1.559158444227E-2,4.289678269955E-1));
#14613=DIRECTION('',(0.E0,-1.E0,0.E0));
#14614=DIRECTION('',(0.E0,0.E0,1.E0));
#14615=AXIS2_PLACEMENT_3D('',#14612,#14613,#14614);
#14616=PLANE('',#14615);
#14617=ORIENTED_EDGE('',*,*,#12642,.F.);
#14619=ORIENTED_EDGE('',*,*,#14618,.T.);
#14620=ORIENTED_EDGE('',*,*,#13117,.T.);
#14621=ORIENTED_EDGE('',*,*,#14598,.F.);
#14622=EDGE_LOOP('',(#14617,#14619,#14620,#14621));
#14623=FACE_OUTER_BOUND('',#14622,.F.);
#14624=ADVANCED_FACE('',(#14623),#14616,.T.);
#14625=FILL_AREA_STYLE_COLOUR('',#14);
#14626=FILL_AREA_STYLE('',(#14625));
#14627=SURFACE_STYLE_FILL_AREA(#14626);
#14628=SURFACE_SIDE_STYLE('',(#14627));
#14629=SURFACE_STYLE_USAGE(.BOTH.,#14628);
#14630=PRESENTATION_STYLE_ASSIGNMENT((#14629));
#14631=STYLED_ITEM('',(#14630),#14624);
#14632=CARTESIAN_POINT('',(-7.62E0,-2.112144848511E-2,4.289678269955E-1));
#14633=DIRECTION('',(0.E0,0.E0,1.E0));
#14634=DIRECTION('',(0.E0,1.E0,0.E0));
#14635=AXIS2_PLACEMENT_3D('',#14632,#14633,#14634);
#14636=PLANE('',#14635);
#14637=ORIENTED_EDGE('',*,*,#12640,.F.);
#14638=ORIENTED_EDGE('',*,*,#14420,.T.);
#14639=ORIENTED_EDGE('',*,*,#13119,.T.);
#14640=ORIENTED_EDGE('',*,*,#14618,.F.);
#14641=EDGE_LOOP('',(#14637,#14638,#14639,#14640));
#14642=FACE_OUTER_BOUND('',#14641,.F.);
#14643=ADVANCED_FACE('',(#14642),#14636,.T.);
#14644=FILL_AREA_STYLE_COLOUR('',#14);
#14645=FILL_AREA_STYLE('',(#14644));
#14646=SURFACE_STYLE_FILL_AREA(#14645);
#14647=SURFACE_SIDE_STYLE('',(#14646));
#14648=SURFACE_STYLE_USAGE(.BOTH.,#14647);
#14649=PRESENTATION_STYLE_ASSIGNMENT((#14648));
#14650=STYLED_ITEM('',(#14649),#14643);
#14651=CARTESIAN_POINT('',(-7.62E0,-7.248479538989E-2,4.509579923590E-1));
#14652=CARTESIAN_POINT('',(-7.62E0,-7.238468980918E-2,4.509445224949E-1));
#14653=CARTESIAN_POINT('',(-7.62E0,-6.727930519279E-2,4.502575594271E-1));
#14654=CARTESIAN_POINT('',(-7.62E0,-6.207381499569E-2,4.495571264953E-1));
#14655=CARTESIAN_POINT('',(-7.62E0,-5.696843037930E-2,4.488701634276E-1));
#14656=CARTESIAN_POINT('',(-7.62E0,-5.686832479859E-2,4.488566935635E-1));
#14658=CURVE_STYLE('',#13525,POSITIVE_LENGTH_MEASURE(2.E-2),#14);
#14659=PRESENTATION_STYLE_ASSIGNMENT((#14658));
#14660=STYLED_ITEM('',(#14659),#14657);
#14661=DIRECTION('',(-1.E0,0.E0,0.E0));
#14662=VECTOR('',#14661,1.E0);
#14663=SURFACE_OF_LINEAR_EXTRUSION('',#14657,#14662);
#14664=ORIENTED_EDGE('',*,*,#12688,.F.);
#14666=ORIENTED_EDGE('',*,*,#14665,.T.);
#14667=ORIENTED_EDGE('',*,*,#13154,.T.);
#14669=ORIENTED_EDGE('',*,*,#14668,.F.);
#14670=EDGE_LOOP('',(#14664,#14666,#14667,#14669));
#14671=FACE_OUTER_BOUND('',#14670,.F.);
#14672=ADVANCED_FACE('',(#14671),#14663,.F.);
#14673=FILL_AREA_STYLE_COLOUR('',#14);
#14674=FILL_AREA_STYLE('',(#14673));
#14675=SURFACE_STYLE_FILL_AREA(#14674);
#14676=SURFACE_SIDE_STYLE('',(#14675));
#14677=SURFACE_STYLE_USAGE(.BOTH.,#14676);
#14678=PRESENTATION_STYLE_ASSIGNMENT((#14677));
#14679=STYLED_ITEM('',(#14678),#14672);
#14680=CARTESIAN_POINT('',(-7.62E0,-6.482558866085E-2,4.518137498271E-1));
#14681=CARTESIAN_POINT('',(-7.62E0,-6.445225294660E-2,4.497847556684E-1));
#14682=CARTESIAN_POINT('',(-7.62E0,-5.783499597391E-2,4.491168115389E-1));
#14683=CARTESIAN_POINT('',(-7.62E0,-4.571559736552E-2,4.470814450492E-1));
#14684=CARTESIAN_POINT('',(-7.62E0,-4.216926329792E-2,4.369277951209E-1));
#14685=CARTESIAN_POINT('',(-7.62E0,-4.586781586661E-2,4.280750240818E-1));
#14686=CARTESIAN_POINT('',(-7.62E0,-5.670621176704E-2,4.251565725036E-1));
#14687=CARTESIAN_POINT('',(-7.62E0,-6.904196522986E-2,4.303927917683E-1));
#14688=CARTESIAN_POINT('',(-7.62E0,-7.329616048105E-2,4.435546368273E-1));
#14689=CARTESIAN_POINT('',(-7.62E0,-7.141650234590E-2,4.510303405434E-1));
#14690=CARTESIAN_POINT('',(-7.62E0,-6.987855967925E-2,4.533178803031E-1));
#14692=CURVE_STYLE('',#13525,POSITIVE_LENGTH_MEASURE(2.E-2),#14);
#14693=PRESENTATION_STYLE_ASSIGNMENT((#14692));
#14694=STYLED_ITEM('',(#14693),#14691);
#14695=DIRECTION('',(-1.E0,0.E0,0.E0));
#14696=VECTOR('',#14695,1.E0);
#14697=SURFACE_OF_LINEAR_EXTRUSION('',#14691,#14696);
#14698=ORIENTED_EDGE('',*,*,#12692,.F.);
#14700=ORIENTED_EDGE('',*,*,#14699,.T.);
#14701=ORIENTED_EDGE('',*,*,#13156,.T.);
#14702=ORIENTED_EDGE('',*,*,#14665,.F.);
#14703=EDGE_LOOP('',(#14698,#14700,#14701,#14702));
#14704=FACE_OUTER_BOUND('',#14703,.F.);
#14705=ADVANCED_FACE('',(#14704),#14697,.F.);
#14706=FILL_AREA_STYLE_COLOUR('',#14);
#14707=FILL_AREA_STYLE('',(#14706));
#14708=SURFACE_STYLE_FILL_AREA(#14707);
#14709=SURFACE_SIDE_STYLE('',(#14708));
#14710=SURFACE_STYLE_USAGE(.BOTH.,#14709);
#14711=PRESENTATION_STYLE_ASSIGNMENT((#14710));
#14712=STYLED_ITEM('',(#14711),#14705);
#14713=CARTESIAN_POINT('',(-7.62E0,-7.218447864775E-2,4.446412383757E-1));
#14714=CARTESIAN_POINT('',(-7.62E0,-7.218447864775E-2,4.446822602345E-1));
#14715=CARTESIAN_POINT('',(-7.62E0,-7.218447864775E-2,4.467743750315E-1));
#14716=CARTESIAN_POINT('',(-7.62E0,-7.218447864775E-2,4.489075116873E-1));
#14717=CARTESIAN_POINT('',(-7.62E0,-7.218447864775E-2,4.509996264843E-1));
#14718=CARTESIAN_POINT('',(-7.62E0,-7.218447864775E-2,4.510406483430E-1));
#14720=CURVE_STYLE('',#13525,POSITIVE_LENGTH_MEASURE(2.E-2),#14);
#14721=PRESENTATION_STYLE_ASSIGNMENT((#14720));
#14722=STYLED_ITEM('',(#14721),#14719);
#14723=DIRECTION('',(-1.E0,0.E0,0.E0));
#14724=VECTOR('',#14723,1.E0);
#14725=SURFACE_OF_LINEAR_EXTRUSION('',#14719,#14724);
#14726=ORIENTED_EDGE('',*,*,#12690,.F.);
#14727=ORIENTED_EDGE('',*,*,#14668,.T.);
#14728=ORIENTED_EDGE('',*,*,#13158,.T.);
#14729=ORIENTED_EDGE('',*,*,#14699,.F.);
#14730=EDGE_LOOP('',(#14726,#14727,#14728,#14729));
#14731=FACE_OUTER_BOUND('',#14730,.F.);
#14732=ADVANCED_FACE('',(#14731),#14725,.F.);
#14733=FILL_AREA_STYLE_COLOUR('',#14);
#14734=FILL_AREA_STYLE('',(#14733));
#14735=SURFACE_STYLE_FILL_AREA(#14734);
#14736=SURFACE_SIDE_STYLE('',(#14735));
#14737=SURFACE_STYLE_USAGE(.BOTH.,#14736);
#14738=PRESENTATION_STYLE_ASSIGNMENT((#14737));
#14739=STYLED_ITEM('',(#14738),#14732);
#14740=CARTESIAN_POINT('',(-7.62E0,-7.218447864775E-2,4.185292946062E-1));
#14741=CARTESIAN_POINT('',(-7.62E0,-7.218447864775E-2,4.185954193934E-1));
#14742=CARTESIAN_POINT('',(-7.62E0,-7.218447864775E-2,4.219677835438E-1));
#14743=CARTESIAN_POINT('',(-7.62E0,-7.218447864775E-2,4.254062724814E-1));
#14744=CARTESIAN_POINT('',(-7.62E0,-7.218447864775E-2,4.287786366317E-1));
#14745=CARTESIAN_POINT('',(-7.62E0,-7.218447864775E-2,4.288447614190E-1));
#14747=CURVE_STYLE('',#13525,POSITIVE_LENGTH_MEASURE(2.E-2),#14);
#14748=PRESENTATION_STYLE_ASSIGNMENT((#14747));
#14749=STYLED_ITEM('',(#14748),#14746);
#14750=DIRECTION('',(-1.E0,0.E0,0.E0));
#14751=VECTOR('',#14750,1.E0);
#14752=SURFACE_OF_LINEAR_EXTRUSION('',#14746,#14751);
#14753=ORIENTED_EDGE('',*,*,#12670,.F.);
#14755=ORIENTED_EDGE('',*,*,#14754,.T.);
#14756=ORIENTED_EDGE('',*,*,#13136,.T.);
#14758=ORIENTED_EDGE('',*,*,#14757,.F.);
#14759=EDGE_LOOP('',(#14753,#14755,#14756,#14758));
#14760=FACE_OUTER_BOUND('',#14759,.F.);
#14761=ADVANCED_FACE('',(#14760),#14752,.F.);
#14762=FILL_AREA_STYLE_COLOUR('',#14);
#14763=FILL_AREA_STYLE('',(#14762));
#14764=SURFACE_STYLE_FILL_AREA(#14763);
#14765=SURFACE_SIDE_STYLE('',(#14764));
#14766=SURFACE_STYLE_USAGE(.BOTH.,#14765);
#14767=PRESENTATION_STYLE_ASSIGNMENT((#14766));
#14768=STYLED_ITEM('',(#14767),#14761);
#14769=CARTESIAN_POINT('',(-7.62E0,-7.444166696282E-2,4.388790367701E-1));
#14770=CARTESIAN_POINT('',(-7.62E0,-7.482307970569E-2,4.351346628971E-1));
#14771=CARTESIAN_POINT('',(-7.62E0,-7.199676280934E-2,4.240426738647E-1));
#14772=CARTESIAN_POINT('',(-7.62E0,-5.480065017172E-2,4.145486648454E-1));
#14773=CARTESIAN_POINT('',(-7.62E0,-3.610590648779E-2,4.201556591563E-1));
#14774=CARTESIAN_POINT('',(-7.62E0,-2.715818344969E-2,4.414427358974E-1));
#14775=CARTESIAN_POINT('',(-7.62E0,-4.682677057290E-2,4.585171357257E-1));
#14776=CARTESIAN_POINT('',(-7.62E0,-5.946566593758E-2,4.568869115688E-1));
#14777=CARTESIAN_POINT('',(-7.62E0,-6.207733165865E-2,4.553962050335E-1));
#14779=CURVE_STYLE('',#13525,POSITIVE_LENGTH_MEASURE(2.E-2),#14);
#14780=PRESENTATION_STYLE_ASSIGNMENT((#14779));
#14781=STYLED_ITEM('',(#14780),#14778);
#14782=DIRECTION('',(-1.E0,0.E0,0.E0));
#14783=VECTOR('',#14782,1.E0);
#14784=SURFACE_OF_LINEAR_EXTRUSION('',#14778,#14783);
#14785=ORIENTED_EDGE('',*,*,#12684,.F.);
#14787=ORIENTED_EDGE('',*,*,#14786,.T.);
#14788=ORIENTED_EDGE('',*,*,#13138,.T.);
#14789=ORIENTED_EDGE('',*,*,#14754,.F.);
#14790=EDGE_LOOP('',(#14785,#14787,#14788,#14789));
#14791=FACE_OUTER_BOUND('',#14790,.F.);
#14792=ADVANCED_FACE('',(#14791),#14784,.F.);
#14793=FILL_AREA_STYLE_COLOUR('',#14);
#14794=FILL_AREA_STYLE('',(#14793));
#14795=SURFACE_STYLE_FILL_AREA(#14794);
#14796=SURFACE_SIDE_STYLE('',(#14795));
#14797=SURFACE_STYLE_USAGE(.BOTH.,#14796);
#14798=PRESENTATION_STYLE_ASSIGNMENT((#14797));
#14799=STYLED_ITEM('',(#14798),#14792);
#14800=CARTESIAN_POINT('',(-7.62E0,-5.279338478310E-2,4.567879944363E-1));
#14801=CARTESIAN_POINT('',(-7.62E0,-5.292012395869E-2,4.568057501662E-1));
#14802=CARTESIAN_POINT('',(-7.62E0,-5.938382191347E-2,4.577112923916E-1));
#14803=CARTESIAN_POINT('',(-7.62E0,-6.597425904383E-2,4.586345903469E-1));
#14804=CARTESIAN_POINT('',(-7.62E0,-7.243795699862E-2,4.595401325723E-1));
#14805=CARTESIAN_POINT('',(-7.62E0,-7.256469617420E-2,4.595578883022E-1));
#14807=CURVE_STYLE('',#13525,POSITIVE_LENGTH_MEASURE(2.E-2),#14);
#14808=PRESENTATION_STYLE_ASSIGNMENT((#14807));
#14809=STYLED_ITEM('',(#14808),#14806);
#14810=DIRECTION('',(-1.E0,0.E0,0.E0));
#14811=VECTOR('',#14810,1.E0);
#14812=SURFACE_OF_LINEAR_EXTRUSION('',#14806,#14811);
#14813=ORIENTED_EDGE('',*,*,#12682,.F.);
#14815=ORIENTED_EDGE('',*,*,#14814,.T.);
#14816=ORIENTED_EDGE('',*,*,#13140,.T.);
#14817=ORIENTED_EDGE('',*,*,#14786,.F.);
#14818=EDGE_LOOP('',(#14813,#14815,#14816,#14817));
#14819=FACE_OUTER_BOUND('',#14818,.F.);
#14820=ADVANCED_FACE('',(#14819),#14812,.F.);
#14821=FILL_AREA_STYLE_COLOUR('',#14);
#14822=FILL_AREA_STYLE('',(#14821));
#14823=SURFACE_STYLE_FILL_AREA(#14822);
#14824=SURFACE_SIDE_STYLE('',(#14823));
#14825=SURFACE_STYLE_USAGE(.BOTH.,#14824);
#14826=PRESENTATION_STYLE_ASSIGNMENT((#14825));
#14827=STYLED_ITEM('',(#14826),#14820);
#14828=CARTESIAN_POINT('',(-7.62E0,-6.609132762686E-2,4.500177399109E-1));
#14829=CARTESIAN_POINT('',(-7.62E0,-7.043984027744E-2,4.524729710513E-1));
#14830=CARTESIAN_POINT('',(-7.62E0,-7.549837219083E-2,4.624891582855E-1));
#14831=CARTESIAN_POINT('',(-7.62E0,-5.896729538328E-2,4.814959712393E-1));
#14832=CARTESIAN_POINT('',(-7.62E0,-4.064629184718E-2,4.700958828396E-1));
#14833=CARTESIAN_POINT('',(-7.62E0,-3.363166469853E-2,4.635109229601E-1));
#14834=CARTESIAN_POINT('',(-7.62E0,-3.210822681752E-2,4.621083637495E-1));
#14836=CURVE_STYLE('',#13525,POSITIVE_LENGTH_MEASURE(2.E-2),#14);
#14837=PRESENTATION_STYLE_ASSIGNMENT((#14836));
#14838=STYLED_ITEM('',(#14837),#14835);
#14839=DIRECTION('',(-1.E0,0.E0,0.E0));
#14840=VECTOR('',#14839,1.E0);
#14841=SURFACE_OF_LINEAR_EXTRUSION('',#14835,#14840);
#14842=ORIENTED_EDGE('',*,*,#12680,.F.);
#14844=ORIENTED_EDGE('',*,*,#14843,.T.);
#14845=ORIENTED_EDGE('',*,*,#13142,.T.);
#14846=ORIENTED_EDGE('',*,*,#14814,.F.);
#14847=EDGE_LOOP('',(#14842,#14844,#14845,#14846));
#14848=FACE_OUTER_BOUND('',#14847,.F.);
#14849=ADVANCED_FACE('',(#14848),#14841,.F.);
#14850=FILL_AREA_STYLE_COLOUR('',#14);
#14851=FILL_AREA_STYLE('',(#14850));
#14852=SURFACE_STYLE_FILL_AREA(#14851);
#14853=SURFACE_SIDE_STYLE('',(#14852));
#14854=SURFACE_STYLE_USAGE(.BOTH.,#14853);
#14855=PRESENTATION_STYLE_ASSIGNMENT((#14854));
#14856=STYLED_ITEM('',(#14855),#14849);
#14857=CARTESIAN_POINT('',(-7.62E0,-3.815776520253E-2,4.672302004237E-1));
#14858=CARTESIAN_POINT('',(-7.62E0,-3.815776520253E-2,4.673030601430E-1));
#14859=CARTESIAN_POINT('',(-7.62E0,-3.815776520253E-2,4.710189058273E-1));
#14860=CARTESIAN_POINT('',(-7.62E0,-3.815776520253E-2,4.748076112309E-1));
#14861=CARTESIAN_POINT('',(-7.62E0,-3.815776520253E-2,4.785234569152E-1));
#14862=CARTESIAN_POINT('',(-7.62E0,-3.815776520253E-2,4.785963166345E-1));
#14864=CURVE_STYLE('',#13525,POSITIVE_LENGTH_MEASURE(2.E-2),#14);
#14865=PRESENTATION_STYLE_ASSIGNMENT((#14864));
#14866=STYLED_ITEM('',(#14865),#14863);
#14867=DIRECTION('',(-1.E0,0.E0,0.E0));
#14868=VECTOR('',#14867,1.E0);
#14869=SURFACE_OF_LINEAR_EXTRUSION('',#14863,#14868);
#14870=ORIENTED_EDGE('',*,*,#12678,.F.);
#14872=ORIENTED_EDGE('',*,*,#14871,.T.);
#14873=ORIENTED_EDGE('',*,*,#13144,.T.);
#14874=ORIENTED_EDGE('',*,*,#14843,.F.);
#14875=EDGE_LOOP('',(#14870,#14872,#14873,#14874));
#14876=FACE_OUTER_BOUND('',#14875,.F.);
#14877=ADVANCED_FACE('',(#14876),#14869,.F.);
#14878=FILL_AREA_STYLE_COLOUR('',#14);
#14879=FILL_AREA_STYLE('',(#14878));
#14880=SURFACE_STYLE_FILL_AREA(#14879);
#14881=SURFACE_SIDE_STYLE('',(#14880));
#14882=SURFACE_STYLE_USAGE(.BOTH.,#14881);
#14883=PRESENTATION_STYLE_ASSIGNMENT((#14882));
#14884=STYLED_ITEM('',(#14883),#14877);
#14885=CARTESIAN_POINT('',(-7.62E0,-3.001241873666E-2,4.723807720840E-1));
#14886=CARTESIAN_POINT('',(-7.62E0,-3.234140503208E-2,4.743353361766E-1));
#14887=CARTESIAN_POINT('',(-7.62E0,-4.093213026730E-2,4.809419687697E-1));
#14888=CARTESIAN_POINT('',(-7.62E0,-6.383540368789E-2,4.902214902751E-1));
#14889=CARTESIAN_POINT('',(-7.62E0,-8.703170099828E-2,4.677273227229E-1));
#14890=CARTESIAN_POINT('',(-7.62E0,-8.232554167317E-2,4.531075551807E-1));
#14891=CARTESIAN_POINT('',(-7.62E0,-7.976078273946E-2,4.499525765821E-1));
#14893=CURVE_STYLE('',#13525,POSITIVE_LENGTH_MEASURE(2.E-2),#14);
#14894=PRESENTATION_STYLE_ASSIGNMENT((#14893));
#14895=STYLED_ITEM('',(#14894),#14892);
#14896=DIRECTION('',(-1.E0,0.E0,0.E0));
#14897=VECTOR('',#14896,1.E0);
#14898=SURFACE_OF_LINEAR_EXTRUSION('',#14892,#14897);
#14899=ORIENTED_EDGE('',*,*,#12676,.F.);
#14901=ORIENTED_EDGE('',*,*,#14900,.T.);
#14902=ORIENTED_EDGE('',*,*,#13146,.T.);
#14903=ORIENTED_EDGE('',*,*,#14871,.F.);
#14904=EDGE_LOOP('',(#14899,#14901,#14902,#14903));
#14905=FACE_OUTER_BOUND('',#14904,.F.);
#14906=ADVANCED_FACE('',(#14905),#14898,.F.);
#14907=FILL_AREA_STYLE_COLOUR('',#14);
#14908=FILL_AREA_STYLE('',(#14907));
#14909=SURFACE_STYLE_FILL_AREA(#14908);
#14910=SURFACE_SIDE_STYLE('',(#14909));
#14911=SURFACE_STYLE_USAGE(.BOTH.,#14910);
#14912=PRESENTATION_STYLE_ASSIGNMENT((#14911));
#14913=STYLED_ITEM('',(#14912),#14906);
#14914=CARTESIAN_POINT('',(-7.62E0,-8.343487648009E-2,4.797501057530E-1));
#14915=CARTESIAN_POINT('',(-7.62E0,-8.343487648014E-2,4.731699841736E-1));
#14916=CARTESIAN_POINT('',(-7.62E0,-8.343487648028E-2,4.528291719119E-1));
#14917=CARTESIAN_POINT('',(-7.62E0,-8.343487648048E-2,4.259082380708E-1));
#14918=CARTESIAN_POINT('',(-7.62E0,-8.343487648063E-2,4.055674258091E-1));
#14919=CARTESIAN_POINT('',(-7.62E0,-8.343487648067E-2,3.989873042297E-1));
#14921=CURVE_STYLE('',#13525,POSITIVE_LENGTH_MEASURE(2.E-2),#14);
#14922=PRESENTATION_STYLE_ASSIGNMENT((#14921));
#14923=STYLED_ITEM('',(#14922),#14920);
#14924=DIRECTION('',(-1.E0,0.E0,0.E0));
#14925=VECTOR('',#14924,1.E0);
#14926=SURFACE_OF_LINEAR_EXTRUSION('',#14920,#14925);
#14927=ORIENTED_EDGE('',*,*,#12674,.F.);
#14929=ORIENTED_EDGE('',*,*,#14928,.T.);
#14930=ORIENTED_EDGE('',*,*,#13148,.T.);
#14931=ORIENTED_EDGE('',*,*,#14900,.F.);
#14932=EDGE_LOOP('',(#14927,#14929,#14930,#14931));
#14933=FACE_OUTER_BOUND('',#14932,.F.);
#14934=ADVANCED_FACE('',(#14933),#14926,.F.);
#14935=FILL_AREA_STYLE_COLOUR('',#14);
#14936=FILL_AREA_STYLE('',(#14935));
#14937=SURFACE_STYLE_FILL_AREA(#14936);
#14938=SURFACE_SIDE_STYLE('',(#14937));
#14939=SURFACE_STYLE_USAGE(.BOTH.,#14938);
#14940=PRESENTATION_STYLE_ASSIGNMENT((#14939));
#14941=STYLED_ITEM('',(#14940),#14934);
#14942=CARTESIAN_POINT('',(-7.62E0,-8.365988443719E-2,4.187276689679E-1));
#14943=CARTESIAN_POINT('',(-7.62E0,-8.358488178497E-2,4.187276689679E-1));
#14944=CARTESIAN_POINT('',(-7.62E0,-7.975974652182E-2,4.187276689679E-1));
#14945=CARTESIAN_POINT('',(-7.62E0,-7.585960860646E-2,4.187276689679E-1));
#14946=CARTESIAN_POINT('',(-7.62E0,-7.203447334331E-2,4.187276689679E-1));
#14947=CARTESIAN_POINT('',(-7.62E0,-7.195947069109E-2,4.187276689679E-1));
#14949=CURVE_STYLE('',#13525,POSITIVE_LENGTH_MEASURE(2.E-2),#14);
#14950=PRESENTATION_STYLE_ASSIGNMENT((#14949));
#14951=STYLED_ITEM('',(#14950),#14948);
#14952=DIRECTION('',(-1.E0,0.E0,0.E0));
#14953=VECTOR('',#14952,1.E0);
#14954=SURFACE_OF_LINEAR_EXTRUSION('',#14948,#14953);
#14955=ORIENTED_EDGE('',*,*,#12672,.F.);
#14956=ORIENTED_EDGE('',*,*,#14757,.T.);
#14957=ORIENTED_EDGE('',*,*,#13150,.T.);
#14958=ORIENTED_EDGE('',*,*,#14928,.F.);
#14959=EDGE_LOOP('',(#14955,#14956,#14957,#14958));
#14960=FACE_OUTER_BOUND('',#14959,.F.);
#14961=ADVANCED_FACE('',(#14960),#14954,.F.);
#14962=FILL_AREA_STYLE_COLOUR('',#14);
#14963=FILL_AREA_STYLE('',(#14962));
#14964=SURFACE_STYLE_FILL_AREA(#14963);
#14965=SURFACE_SIDE_STYLE('',(#14964));
#14966=SURFACE_STYLE_USAGE(.BOTH.,#14965);
#14967=PRESENTATION_STYLE_ASSIGNMENT((#14966));
#14968=STYLED_ITEM('',(#14967),#14961);
#14969=CARTESIAN_POINT('',(-7.62E0,-9.868031354358E-2,4.207453933791E-1));
#14970=CARTESIAN_POINT('',(-7.62E0,-9.868031354358E-2,4.208228450975E-1));
#14971=CARTESIAN_POINT('',(-7.62E0,-9.868031354358E-2,4.247728827366E-1));
#14972=CARTESIAN_POINT('',(-7.62E0,-9.868031354358E-2,4.288003720941E-1));
#14973=CARTESIAN_POINT('',(-7.62E0,-9.868031354358E-2,4.327504097332E-1));
#14974=CARTESIAN_POINT('',(-7.62E0,-9.868031354358E-2,4.328278614516E-1));
#14976=CURVE_STYLE('',#13525,POSITIVE_LENGTH_MEASURE(2.E-2),#14);
#14977=PRESENTATION_STYLE_ASSIGNMENT((#14976));
#14978=STYLED_ITEM('',(#14977),#14975);
#14979=DIRECTION('',(-1.E0,0.E0,0.E0));
#14980=VECTOR('',#14979,1.E0);
#14981=SURFACE_OF_LINEAR_EXTRUSION('',#14975,#14980);
#14982=ORIENTED_EDGE('',*,*,#12702,.F.);
#14984=ORIENTED_EDGE('',*,*,#14983,.T.);
#14985=ORIENTED_EDGE('',*,*,#13175,.T.);
#14987=ORIENTED_EDGE('',*,*,#14986,.F.);
#14988=EDGE_LOOP('',(#14982,#14984,#14985,#14987));
#14989=FACE_OUTER_BOUND('',#14988,.F.);
#14990=ADVANCED_FACE('',(#14989),#14981,.F.);
#14991=FILL_AREA_STYLE_COLOUR('',#14);
#14992=FILL_AREA_STYLE('',(#14991));
#14993=SURFACE_STYLE_FILL_AREA(#14992);
#14994=SURFACE_SIDE_STYLE('',(#14993));
#14995=SURFACE_STYLE_USAGE(.BOTH.,#14994);
#14996=PRESENTATION_STYLE_ASSIGNMENT((#14995));
#14997=STYLED_ITEM('',(#14996),#14990);
#14998=CARTESIAN_POINT('',(-7.62E0,-9.066906473696E-2,4.385669522991E-1));
#14999=CARTESIAN_POINT('',(-7.62E0,-9.332214509352E-2,4.367175292076E-1));
#15000=CARTESIAN_POINT('',(-7.62E0,-1.009631978184E-1,4.304437306217E-1));
#15001=CARTESIAN_POINT('',(-7.62E0,-1.144071132003E-1,4.230436814888E-1));
#15002=CARTESIAN_POINT('',(-7.62E0,-1.334945261962E-1,4.316400934985E-1));
#15003=CARTESIAN_POINT('',(-7.62E0,-1.266755011332E-1,4.439988786006E-1));
#15004=CARTESIAN_POINT('',(-7.62E0,-1.147138597090E-1,4.467421625892E-1));
#15005=CARTESIAN_POINT('',(-7.62E0,-1.016790500937E-1,4.526442095134E-1));
#15006=CARTESIAN_POINT('',(-7.62E0,-9.688599475570E-2,4.672922691186E-1));
#15007=CARTESIAN_POINT('',(-7.62E0,-1.053824202053E-1,4.821408698726E-1));
#15008=CARTESIAN_POINT('',(-7.62E0,-1.228764150917E-1,4.853754174830E-1));
#15009=CARTESIAN_POINT('',(-7.62E0,-1.375588119670E-1,4.828874612643E-1));
#15010=CARTESIAN_POINT('',(-7.62E0,-1.450633539613E-1,4.784308444258E-1));
#15011=CARTESIAN_POINT('',(-7.62E0,-1.478213381001E-1,4.761141716842E-1));
#15013=CURVE_STYLE('',#13525,POSITIVE_LENGTH_MEASURE(2.E-2),#14);
#15014=PRESENTATION_STYLE_ASSIGNMENT((#15013));
#15015=STYLED_ITEM('',(#15014),#15012);
#15016=DIRECTION('',(-1.E0,0.E0,0.E0));
#15017=VECTOR('',#15016,1.E0);
#15018=SURFACE_OF_LINEAR_EXTRUSION('',#15012,#15017);
#15019=ORIENTED_EDGE('',*,*,#12708,.F.);
#15021=ORIENTED_EDGE('',*,*,#15020,.T.);
#15022=ORIENTED_EDGE('',*,*,#13177,.T.);
#15023=ORIENTED_EDGE('',*,*,#14983,.F.);
#15024=EDGE_LOOP('',(#15019,#15021,#15022,#15023));
#15025=FACE_OUTER_BOUND('',#15024,.F.);
#15026=ADVANCED_FACE('',(#15025),#15018,.F.);
#15027=FILL_AREA_STYLE_COLOUR('',#14);
#15028=FILL_AREA_STYLE('',(#15027));
#15029=SURFACE_STYLE_FILL_AREA(#15028);
#15030=SURFACE_SIDE_STYLE('',(#15029));
#15031=SURFACE_STYLE_USAGE(.BOTH.,#15030);
#15032=PRESENTATION_STYLE_ASSIGNMENT((#15031));
#15033=STYLED_ITEM('',(#15032),#15026);
#15034=CARTESIAN_POINT('',(-7.62E0,-1.389291857901E-1,4.817188760324E-1));
#15035=CARTESIAN_POINT('',(-7.62E0,-1.389291857901E-1,4.816460163131E-1));
#15036=CARTESIAN_POINT('',(-7.62E0,-1.389291857901E-1,4.779301706290E-1));
#15037=CARTESIAN_POINT('',(-7.62E0,-1.389291857901E-1,4.741414652256E-1));
#15038=CARTESIAN_POINT('',(-7.62E0,-1.389291857901E-1,4.704256195415E-1));
#15039=CARTESIAN_POINT('',(-7.62E0,-1.389291857901E-1,4.703527598222E-1));
#15041=CURVE_STYLE('',#13525,POSITIVE_LENGTH_MEASURE(2.E-2),#14);
#15042=PRESENTATION_STYLE_ASSIGNMENT((#15041));
#15043=STYLED_ITEM('',(#15042),#15040);
#15044=DIRECTION('',(-1.E0,0.E0,0.E0));
#15045=VECTOR('',#15044,1.E0);
#15046=SURFACE_OF_LINEAR_EXTRUSION('',#15040,#15045);
#15047=ORIENTED_EDGE('',*,*,#12706,.F.);
#15049=ORIENTED_EDGE('',*,*,#15048,.T.);
#15050=ORIENTED_EDGE('',*,*,#13179,.T.);
#15051=ORIENTED_EDGE('',*,*,#15020,.F.);
#15052=EDGE_LOOP('',(#15047,#15049,#15050,#15051));
#15053=FACE_OUTER_BOUND('',#15052,.F.);
#15054=ADVANCED_FACE('',(#15053),#15046,.F.);
#15055=FILL_AREA_STYLE_COLOUR('',#14);
#15056=FILL_AREA_STYLE('',(#15055));
#15057=SURFACE_STYLE_FILL_AREA(#15056);
#15058=SURFACE_SIDE_STYLE('',(#15057));
#15059=SURFACE_STYLE_USAGE(.BOTH.,#15058);
#15060=PRESENTATION_STYLE_ASSIGNMENT((#15059));
#15061=STYLED_ITEM('',(#15060),#15054);
#15062=CARTESIAN_POINT('',(-7.62E0,-1.462521973948E-1,4.636390027024E-1));
#15063=CARTESIAN_POINT('',(-7.62E0,-1.442399537448E-1,4.664449253211E-1));
#15064=CARTESIAN_POINT('',(-7.62E0,-1.375403070316E-1,4.726793456036E-1));
#15065=CARTESIAN_POINT('',(-7.62E0,-1.254133432895E-1,4.760694140041E-1));
#15066=CARTESIAN_POINT('',(-7.62E0,-1.137196813363E-1,4.743821821882E-1));
#15067=CARTESIAN_POINT('',(-7.62E0,-1.091025576526E-1,4.668161026584E-1));
#15068=CARTESIAN_POINT('',(-7.62E0,-1.133784200797E-1,4.581039803052E-1));
#15069=CARTESIAN_POINT('',(-7.62E0,-1.252877595746E-1,4.549016739789E-1));
#15070=CARTESIAN_POINT('',(-7.62E0,-1.384174001199E-1,4.496270157401E-1));
#15071=CARTESIAN_POINT('',(-7.62E0,-1.440965863839E-1,4.346312576878E-1));
#15072=CARTESIAN_POINT('',(-7.62E0,-1.351918212662E-1,4.191045193770E-1));
#15073=CARTESIAN_POINT('',(-7.62E0,-1.164341510854E-1,4.161415479675E-1));
#15074=CARTESIAN_POINT('',(-7.62E0,-1.005795753019E-1,4.189210785141E-1));
#15075=CARTESIAN_POINT('',(-7.62E0,-9.281990287274E-2,4.245412150082E-1));
#15076=CARTESIAN_POINT('',(-7.62E0,-9.029895148298E-2,4.272309532548E-1));
#15078=CURVE_STYLE('',#13525,POSITIVE_LENGTH_MEASURE(2.E-2),#14);
#15079=PRESENTATION_STYLE_ASSIGNMENT((#15078));
#15080=STYLED_ITEM('',(#15079),#15077);
#15081=DIRECTION('',(-1.E0,0.E0,0.E0));
#15082=VECTOR('',#15081,1.E0);
#15083=SURFACE_OF_LINEAR_EXTRUSION('',#15077,#15082);
#15084=ORIENTED_EDGE('',*,*,#12704,.F.);
#15085=ORIENTED_EDGE('',*,*,#14986,.T.);
#15086=ORIENTED_EDGE('',*,*,#13181,.T.);
#15087=ORIENTED_EDGE('',*,*,#15048,.F.);
#15088=EDGE_LOOP('',(#15084,#15085,#15086,#15087));
#15089=FACE_OUTER_BOUND('',#15088,.F.);
#15090=ADVANCED_FACE('',(#15089),#15083,.F.);
#15091=FILL_AREA_STYLE_COLOUR('',#14);
#15092=FILL_AREA_STYLE('',(#15091));
#15093=SURFACE_STYLE_FILL_AREA(#15092);
#15094=SURFACE_SIDE_STYLE('',(#15093));
#15095=SURFACE_STYLE_USAGE(.BOTH.,#15094);
#15096=PRESENTATION_STYLE_ASSIGNMENT((#15095));
#15097=STYLED_ITEM('',(#15096),#15090);
#15098=CARTESIAN_POINT('',(-7.62E0,-1.771730724682E-1,4.347675218778E-1));
#15099=CARTESIAN_POINT('',(-7.62E0,-1.771832144509E-1,4.347323165513E-1));
#15100=CARTESIAN_POINT('',(-7.62E0,-1.777004555704E-1,4.329368448972E-1));
#15101=CARTESIAN_POINT('',(-7.62E0,-1.782278386727E-1,4.311061679165E-1));
#15102=CARTESIAN_POINT('',(-7.62E0,-1.787450797922E-1,4.293106962624E-1));
#15103=CARTESIAN_POINT('',(-7.62E0,-1.787552217749E-1,4.292754909359E-1));
#15105=CURVE_STYLE('',#13525,POSITIVE_LENGTH_MEASURE(2.E-2),#14);
#15106=PRESENTATION_STYLE_ASSIGNMENT((#15105));
#15107=STYLED_ITEM('',(#15106),#15104);
#15108=DIRECTION('',(-1.E0,0.E0,0.E0));
#15109=VECTOR('',#15108,1.E0);
#15110=SURFACE_OF_LINEAR_EXTRUSION('',#15104,#15109);
#15111=ORIENTED_EDGE('',*,*,#12718,.F.);
#15113=ORIENTED_EDGE('',*,*,#15112,.T.);
#15114=ORIENTED_EDGE('',*,*,#13198,.T.);
#15116=ORIENTED_EDGE('',*,*,#15115,.F.);
#15117=EDGE_LOOP('',(#15111,#15113,#15114,#15116));
#15118=FACE_OUTER_BOUND('',#15117,.F.);
#15119=ADVANCED_FACE('',(#15118),#15110,.F.);
#15120=FILL_AREA_STYLE_COLOUR('',#14);
#15121=FILL_AREA_STYLE('',(#15120));
#15122=SURFACE_STYLE_FILL_AREA(#15121);
#15123=SURFACE_SIDE_STYLE('',(#15122));
#15124=SURFACE_STYLE_USAGE(.BOTH.,#15123);
#15125=PRESENTATION_STYLE_ASSIGNMENT((#15124));
#15126=STYLED_ITEM('',(#15125),#15119);
#15127=CARTESIAN_POINT('',(-7.62E0,-1.787047522911E-1,4.292747499928E-1));
#15128=CARTESIAN_POINT('',(-7.62E0,-1.787113017003E-1,4.293102339376E-1));
#15129=CARTESIAN_POINT('',(-7.62E0,-1.790521042666E-1,4.311182868343E-1));
#15130=CARTESIAN_POINT('',(-7.62E0,-1.797425455371E-1,4.328794279886E-1));
#15131=CARTESIAN_POINT('',(-7.62E0,-1.802782398383E-1,4.346390585974E-1));
#15132=CARTESIAN_POINT('',(-7.62E0,-1.802886855836E-1,4.346735744687E-1));
#15134=CURVE_STYLE('',#13525,POSITIVE_LENGTH_MEASURE(2.E-2),#14);
#15135=PRESENTATION_STYLE_ASSIGNMENT((#15134));
#15136=STYLED_ITEM('',(#15135),#15133);
#15137=DIRECTION('',(-1.E0,0.E0,0.E0));
#15138=VECTOR('',#15137,1.E0);
#15139=SURFACE_OF_LINEAR_EXTRUSION('',#15133,#15138);
#15140=ORIENTED_EDGE('',*,*,#12740,.F.);
#15142=ORIENTED_EDGE('',*,*,#15141,.T.);
#15143=ORIENTED_EDGE('',*,*,#13200,.T.);
#15144=ORIENTED_EDGE('',*,*,#15112,.F.);
#15145=EDGE_LOOP('',(#15140,#15142,#15143,#15144));
#15146=FACE_OUTER_BOUND('',#15145,.F.);
#15147=ADVANCED_FACE('',(#15146),#15139,.F.);
#15148=FILL_AREA_STYLE_COLOUR('',#14);
#15149=FILL_AREA_STYLE('',(#15148));
#15150=SURFACE_STYLE_FILL_AREA(#15149);
#15151=SURFACE_SIDE_STYLE('',(#15150));
#15152=SURFACE_STYLE_USAGE(.BOTH.,#15151);
#15153=PRESENTATION_STYLE_ASSIGNMENT((#15152));
#15154=STYLED_ITEM('',(#15153),#15147);
#15155=CARTESIAN_POINT('',(-7.62E0,-1.735273361852E-1,4.160122850287E-1));
#15156=CARTESIAN_POINT('',(-7.62E0,-1.757706167329E-1,4.221982119911E-1));
#15157=CARTESIAN_POINT('',(-7.62E0,-1.838533894891E-1,4.444867491847E-1));
#15158=CARTESIAN_POINT('',(-7.62E0,-1.941794427931E-1,4.729612133407E-1));
#15159=CARTESIAN_POINT('',(-7.62E0,-2.022622155493E-1,4.952497505343E-1));
#15160=CARTESIAN_POINT('',(-7.62E0,-2.045054960971E-1,5.014356774967E-1));
#15162=CURVE_STYLE('',#13525,POSITIVE_LENGTH_MEASURE(2.E-2),#14);
#15163=PRESENTATION_STYLE_ASSIGNMENT((#15162));
#15164=STYLED_ITEM('',(#15163),#15161);
#15165=DIRECTION('',(-1.E0,0.E0,0.E0));
#15166=VECTOR('',#15165,1.E0);
#15167=SURFACE_OF_LINEAR_EXTRUSION('',#15161,#15166);
#15168=ORIENTED_EDGE('',*,*,#12738,.F.);
#15170=ORIENTED_EDGE('',*,*,#15169,.T.);
#15171=ORIENTED_EDGE('',*,*,#13202,.T.);
#15172=ORIENTED_EDGE('',*,*,#15141,.F.);
#15173=EDGE_LOOP('',(#15168,#15170,#15171,#15172));
#15174=FACE_OUTER_BOUND('',#15173,.F.);
#15175=ADVANCED_FACE('',(#15174),#15167,.F.);
#15176=FILL_AREA_STYLE_COLOUR('',#14);
#15177=FILL_AREA_STYLE('',(#15176));
#15178=SURFACE_STYLE_FILL_AREA(#15177);
#15179=SURFACE_SIDE_STYLE('',(#15178));
#15180=SURFACE_STYLE_USAGE(.BOTH.,#15179);
#15181=PRESENTATION_STYLE_ASSIGNMENT((#15180));
#15182=STYLED_ITEM('',(#15181),#15175);
#15183=CARTESIAN_POINT('',(-7.62E0,-1.975423808988E-1,4.828778966095E-1));
#15184=CARTESIAN_POINT('',(-7.62E0,-1.976201387505E-1,4.828778966095E-1));
#15185=CARTESIAN_POINT('',(-7.62E0,-2.015857891864E-1,4.828778966095E-1));
#15186=CARTESIAN_POINT('',(-7.62E0,-2.056291974739E-1,4.828778966095E-1));
#15187=CARTESIAN_POINT('',(-7.62E0,-2.095948479097E-1,4.828778966095E-1));
#15188=CARTESIAN_POINT('',(-7.62E0,-2.096726057614E-1,4.828778966095E-1));
#15190=CURVE_STYLE('',#13525,POSITIVE_LENGTH_MEASURE(2.E-2),#14);
#15191=PRESENTATION_STYLE_ASSIGNMENT((#15190));
#15192=STYLED_ITEM('',(#15191),#15189);
#15193=DIRECTION('',(-1.E0,0.E0,0.E0));
#15194=VECTOR('',#15193,1.E0);
#15195=SURFACE_OF_LINEAR_EXTRUSION('',#15189,#15194);
#15196=ORIENTED_EDGE('',*,*,#12736,.F.);
#15198=ORIENTED_EDGE('',*,*,#15197,.T.);
#15199=ORIENTED_EDGE('',*,*,#13204,.T.);
#15200=ORIENTED_EDGE('',*,*,#15169,.F.);
#15201=EDGE_LOOP('',(#15196,#15198,#15199,#15200));
#15202=FACE_OUTER_BOUND('',#15201,.F.);
#15203=ADVANCED_FACE('',(#15202),#15195,.F.);
#15204=FILL_AREA_STYLE_COLOUR('',#14);
#15205=FILL_AREA_STYLE('',(#15204));
#15206=SURFACE_STYLE_FILL_AREA(#15205);
#15207=SURFACE_SIDE_STYLE('',(#15206));
#15208=SURFACE_STYLE_USAGE(.BOTH.,#15207);
#15209=PRESENTATION_STYLE_ASSIGNMENT((#15208));
#15210=STYLED_ITEM('',(#15209),#15203);
#15211=CARTESIAN_POINT('',(-7.62E0,-2.166800521740E-1,5.012423724896E-1));
#15212=CARTESIAN_POINT('',(-7.62E0,-2.142664788514E-1,4.951208805296E-1));
#15213=CARTESIAN_POINT('',(-7.62E0,-2.021484807319E-1,4.643862733113E-1));
#15214=CARTESIAN_POINT('',(-7.62E0,-1.876169092897E-1,4.275301741329E-1));
#15215=CARTESIAN_POINT('',(-7.62E0,-1.754989111702E-1,3.967955669147E-1));
#15216=CARTESIAN_POINT('',(-7.62E0,-1.730853378476E-1,3.906740749546E-1));
#15218=CURVE_STYLE('',#13525,POSITIVE_LENGTH_MEASURE(2.E-2),#14);
#15219=PRESENTATION_STYLE_ASSIGNMENT((#15218));
#15220=STYLED_ITEM('',(#15219),#15217);
#15221=DIRECTION('',(-1.E0,0.E0,0.E0));
#15222=VECTOR('',#15221,1.E0);
#15223=SURFACE_OF_LINEAR_EXTRUSION('',#15217,#15222);
#15224=ORIENTED_EDGE('',*,*,#12734,.F.);
#15226=ORIENTED_EDGE('',*,*,#15225,.T.);
#15227=ORIENTED_EDGE('',*,*,#13206,.T.);
#15228=ORIENTED_EDGE('',*,*,#15197,.F.);
#15229=EDGE_LOOP('',(#15224,#15226,#15227,#15228));
#15230=FACE_OUTER_BOUND('',#15229,.F.);
#15231=ADVANCED_FACE('',(#15230),#15223,.F.);
#15232=FILL_AREA_STYLE_COLOUR('',#14);
#15233=FILL_AREA_STYLE('',(#15232));
#15234=SURFACE_STYLE_FILL_AREA(#15233);
#15235=SURFACE_SIDE_STYLE('',(#15234));
#15236=SURFACE_STYLE_USAGE(.BOTH.,#15235);
#15237=PRESENTATION_STYLE_ASSIGNMENT((#15236));
#15238=STYLED_ITEM('',(#15237),#15231);
#15239=CARTESIAN_POINT('',(-7.62E0,-1.822025661270E-1,4.187407707616E-1));
#15240=CARTESIAN_POINT('',(-7.62E0,-1.824086802384E-1,4.159624660733E-1));
#15241=CARTESIAN_POINT('',(-7.62E0,-1.798461734847E-1,4.033151365570E-1));
#15242=CARTESIAN_POINT('',(-7.62E0,-1.655028577430E-1,3.867411479423E-1));
#15243=CARTESIAN_POINT('',(-7.62E0,-1.491293172468E-1,3.892519040619E-1));
#15244=CARTESIAN_POINT('',(-7.62E0,-1.441360631512E-1,3.919052776603E-1));
#15245=CARTESIAN_POINT('',(-7.62E0,-1.421340061132E-1,3.934397161174E-1));
#15247=CURVE_STYLE('',#13525,POSITIVE_LENGTH_MEASURE(2.E-2),#14);
#15248=PRESENTATION_STYLE_ASSIGNMENT((#15247));
#15249=STYLED_ITEM('',(#15248),#15246);
#15250=DIRECTION('',(-1.E0,0.E0,0.E0));
#15251=VECTOR('',#15250,1.E0);
#15252=SURFACE_OF_LINEAR_EXTRUSION('',#15246,#15251);
#15253=ORIENTED_EDGE('',*,*,#12732,.F.);
#15255=ORIENTED_EDGE('',*,*,#15254,.T.);
#15256=ORIENTED_EDGE('',*,*,#13208,.T.);
#15257=ORIENTED_EDGE('',*,*,#15225,.F.);
#15258=EDGE_LOOP('',(#15253,#15255,#15256,#15257));
#15259=FACE_OUTER_BOUND('',#15258,.F.);
#15260=ADVANCED_FACE('',(#15259),#15252,.F.);
#15261=FILL_AREA_STYLE_COLOUR('',#14);
#15262=FILL_AREA_STYLE('',(#15261));
#15263=SURFACE_STYLE_FILL_AREA(#15262);
#15264=SURFACE_SIDE_STYLE('',(#15263));
#15265=SURFACE_STYLE_USAGE(.BOTH.,#15264);
#15266=PRESENTATION_STYLE_ASSIGNMENT((#15265));
#15267=STYLED_ITEM('',(#15266),#15260);
#15268=CARTESIAN_POINT('',(-7.62E0,-1.501795836229E-1,3.892305034502E-1));
#15269=CARTESIAN_POINT('',(-7.62E0,-1.501795836229E-1,3.892972405040E-1));
#15270=CARTESIAN_POINT('',(-7.62E0,-1.501795836229E-1,3.927008302485E-1));
#15271=CARTESIAN_POINT('',(-7.62E0,-1.501795836229E-1,3.961711570469E-1));
#15272=CARTESIAN_POINT('',(-7.62E0,-1.501795836229E-1,3.995747467914E-1));
#15273=CARTESIAN_POINT('',(-7.62E0,-1.501795836229E-1,3.996414838452E-1));
#15275=CURVE_STYLE('',#13525,POSITIVE_LENGTH_MEASURE(2.E-2),#14);
#15276=PRESENTATION_STYLE_ASSIGNMENT((#15275));
#15277=STYLED_ITEM('',(#15276),#15274);
#15278=DIRECTION('',(-1.E0,0.E0,0.E0));
#15279=VECTOR('',#15278,1.E0);
#15280=SURFACE_OF_LINEAR_EXTRUSION('',#15274,#15279);
#15281=ORIENTED_EDGE('',*,*,#12730,.F.);
#15283=ORIENTED_EDGE('',*,*,#15282,.T.);
#15284=ORIENTED_EDGE('',*,*,#13210,.T.);
#15285=ORIENTED_EDGE('',*,*,#15254,.F.);
#15286=EDGE_LOOP('',(#15281,#15283,#15284,#15285));
#15287=FACE_OUTER_BOUND('',#15286,.F.);
#15288=ADVANCED_FACE('',(#15287),#15280,.F.);
#15289=FILL_AREA_STYLE_COLOUR('',#14);
#15290=FILL_AREA_STYLE('',(#15289));
#15291=SURFACE_STYLE_FILL_AREA(#15290);
#15292=SURFACE_SIDE_STYLE('',(#15291));
#15293=SURFACE_STYLE_USAGE(.BOTH.,#15292);
#15294=PRESENTATION_STYLE_ASSIGNMENT((#15293));
#15295=STYLED_ITEM('',(#15294),#15288);
#15296=CARTESIAN_POINT('',(-7.62E0,-1.497883361621E-1,3.995990407877E-1));
#15297=CARTESIAN_POINT('',(-7.62E0,-1.499179652835E-1,3.995458440748E-1));
#15298=CARTESIAN_POINT('',(-7.62E0,-1.520548892299E-1,3.986833636966E-1));
#15299=CARTESIAN_POINT('',(-7.62E0,-1.593332626766E-1,3.965979672679E-1));
#15300=CARTESIAN_POINT('',(-7.62E0,-1.663326394852E-1,4.028215515346E-1));
#15301=CARTESIAN_POINT('',(-7.62E0,-1.681953629137E-1,4.074621007990E-1));
#15302=CARTESIAN_POINT('',(-7.62E0,-1.682452111537E-1,4.075925360313E-1));
#15304=CURVE_STYLE('',#13525,POSITIVE_LENGTH_MEASURE(2.E-2),#14);
#15305=PRESENTATION_STYLE_ASSIGNMENT((#15304));
#15306=STYLED_ITEM('',(#15305),#15303);
#15307=DIRECTION('',(-1.E0,0.E0,0.E0));
#15308=VECTOR('',#15307,1.E0);
#15309=SURFACE_OF_LINEAR_EXTRUSION('',#15303,#15308);
#15310=ORIENTED_EDGE('',*,*,#12728,.F.);
#15312=ORIENTED_EDGE('',*,*,#15311,.T.);
#15313=ORIENTED_EDGE('',*,*,#13212,.T.);
#15314=ORIENTED_EDGE('',*,*,#15282,.F.);
#15315=EDGE_LOOP('',(#15310,#15312,#15313,#15314));
#15316=FACE_OUTER_BOUND('',#15315,.F.);
#15317=ADVANCED_FACE('',(#15316),#15309,.F.);
#15318=FILL_AREA_STYLE_COLOUR('',#14);
#15319=FILL_AREA_STYLE('',(#15318));
#15320=SURFACE_STYLE_FILL_AREA(#15319);
#15321=SURFACE_SIDE_STYLE('',(#15320));
#15322=SURFACE_STYLE_USAGE(.BOTH.,#15321);
#15323=PRESENTATION_STYLE_ASSIGNMENT((#15322));
#15324=STYLED_ITEM('',(#15323),#15317);
#15325=CARTESIAN_POINT('',(-7.62E0,-1.679896521914E-1,4.069684776332E-1));
#15326=CARTESIAN_POINT('',(-7.62E0,-1.680225615184E-1,4.070462354849E-1));
#15327=CARTESIAN_POINT('',(-7.62E0,-1.697009371951E-1,4.110118859211E-1));
#15328=CARTESIAN_POINT('',(-7.62E0,-1.714122221988E-1,4.150552942089E-1));
#15329=CARTESIAN_POINT('',(-7.62E0,-1.730905978756E-1,4.190209446451E-1));
#15330=CARTESIAN_POINT('',(-7.62E0,-1.731235072026E-1,4.190987024967E-1));
#15332=CURVE_STYLE('',#13525,POSITIVE_LENGTH_MEASURE(2.E-2),#14);
#15333=PRESENTATION_STYLE_ASSIGNMENT((#15332));
#15334=STYLED_ITEM('',(#15333),#15331);
#15335=DIRECTION('',(-1.E0,0.E0,0.E0));
#15336=VECTOR('',#15335,1.E0);
#15337=SURFACE_OF_LINEAR_EXTRUSION('',#15331,#15336);
#15338=ORIENTED_EDGE('',*,*,#12726,.F.);
#15340=ORIENTED_EDGE('',*,*,#15339,.T.);
#15341=ORIENTED_EDGE('',*,*,#13214,.T.);
#15342=ORIENTED_EDGE('',*,*,#15311,.F.);
#15343=EDGE_LOOP('',(#15338,#15340,#15341,#15342));
#15344=FACE_OUTER_BOUND('',#15343,.F.);
#15345=ADVANCED_FACE('',(#15344),#15337,.F.);
#15346=FILL_AREA_STYLE_COLOUR('',#14);
#15347=FILL_AREA_STYLE('',(#15346));
#15348=SURFACE_STYLE_FILL_AREA(#15347);
#15349=SURFACE_SIDE_STYLE('',(#15348));
#15350=SURFACE_STYLE_USAGE(.BOTH.,#15349);
#15351=PRESENTATION_STYLE_ASSIGNMENT((#15350));
#15352=STYLED_ITEM('',(#15351),#15345);
#15353=CARTESIAN_POINT('',(-7.62E0,-1.802469677780E-1,4.004936573217E-1));
#15354=CARTESIAN_POINT('',(-7.62E0,-1.778395715925E-1,4.066175811951E-1));
#15355=CARTESIAN_POINT('',(-7.62E0,-1.670441236897E-1,4.340789942910E-1));
#15356=CARTESIAN_POINT('',(-7.62E0,-1.538412796014E-1,4.676643312602E-1));
#15357=CARTESIAN_POINT('',(-7.62E0,-1.430458316986E-1,4.951257443561E-1));
#15358=CARTESIAN_POINT('',(-7.62E0,-1.406384355131E-1,5.012496682294E-1));
#15360=CURVE_STYLE('',#13525,POSITIVE_LENGTH_MEASURE(2.E-2),#14);
#15361=PRESENTATION_STYLE_ASSIGNMENT((#15360));
#15362=STYLED_ITEM('',(#15361),#15359);
#15363=DIRECTION('',(-1.E0,0.E0,0.E0));
#15364=VECTOR('',#15363,1.E0);
#15365=SURFACE_OF_LINEAR_EXTRUSION('',#15359,#15364);
#15366=ORIENTED_EDGE('',*,*,#12724,.F.);
#15368=ORIENTED_EDGE('',*,*,#15367,.T.);
#15369=ORIENTED_EDGE('',*,*,#13216,.T.);
#15370=ORIENTED_EDGE('',*,*,#15339,.F.);
#15371=EDGE_LOOP('',(#15366,#15368,#15369,#15370));
#15372=FACE_OUTER_BOUND('',#15371,.F.);
#15373=ADVANCED_FACE('',(#15372),#15365,.F.);
#15374=FILL_AREA_STYLE_COLOUR('',#14);
#15375=FILL_AREA_STYLE('',(#15374));
#15376=SURFACE_STYLE_FILL_AREA(#15375);
#15377=SURFACE_SIDE_STYLE('',(#15376));
#15378=SURFACE_STYLE_USAGE(.BOTH.,#15377);
#15379=PRESENTATION_STYLE_ASSIGNMENT((#15378));
#15380=STYLED_ITEM('',(#15379),#15373);
#15381=CARTESIAN_POINT('',(-7.62E0,-1.476089825180E-1,4.828778966095E-1));
#15382=CARTESIAN_POINT('',(-7.62E0,-1.476928630352E-1,4.828778966095E-1));
#15383=CARTESIAN_POINT('',(-7.62E0,-1.519707694111E-1,4.828778966095E-1));
#15384=CARTESIAN_POINT('',(-7.62E0,-1.563325563041E-1,4.828778966095E-1));
#15385=CARTESIAN_POINT('',(-7.62E0,-1.606104626799E-1,4.828778966095E-1));
#15386=CARTESIAN_POINT('',(-7.62E0,-1.606943431971E-1,4.828778966095E-1));
#15388=CURVE_STYLE('',#13525,POSITIVE_LENGTH_MEASURE(2.E-2),#14);
#15389=PRESENTATION_STYLE_ASSIGNMENT((#15388));
#15390=STYLED_ITEM('',(#15389),#15387);
#15391=DIRECTION('',(-1.E0,0.E0,0.E0));
#15392=VECTOR('',#15391,1.E0);
#15393=SURFACE_OF_LINEAR_EXTRUSION('',#15387,#15392);
#15394=ORIENTED_EDGE('',*,*,#12722,.F.);
#15396=ORIENTED_EDGE('',*,*,#15395,.T.);
#15397=ORIENTED_EDGE('',*,*,#13218,.T.);
#15398=ORIENTED_EDGE('',*,*,#15367,.F.);
#15399=EDGE_LOOP('',(#15394,#15396,#15397,#15398));
#15400=FACE_OUTER_BOUND('',#15399,.F.);
#15401=ADVANCED_FACE('',(#15400),#15393,.F.);
#15402=FILL_AREA_STYLE_COLOUR('',#14);
#15403=FILL_AREA_STYLE('',(#15402));
#15404=SURFACE_STYLE_FILL_AREA(#15403);
#15405=SURFACE_SIDE_STYLE('',(#15404));
#15406=SURFACE_STYLE_USAGE(.BOTH.,#15405);
#15407=PRESENTATION_STYLE_ASSIGNMENT((#15406));
#15408=STYLED_ITEM('',(#15407),#15401);
#15409=CARTESIAN_POINT('',(-7.62E0,-1.539610285918E-1,5.015238053946E-1));
#15410=CARTESIAN_POINT('',(-7.62E0,-1.561215862764E-1,4.953085024663E-1));
#15411=CARTESIAN_POINT('',(-7.62E0,-1.638690762179E-1,4.730212026341E-1));
#15412=CARTESIAN_POINT('',(-7.62E0,-1.737771238441E-1,4.445185998736E-1));
#15413=CARTESIAN_POINT('',(-7.62E0,-1.815246137856E-1,4.222313000414E-1));
#15414=CARTESIAN_POINT('',(-7.62E0,-1.836851714702E-1,4.160159971130E-1));
#15416=CURVE_STYLE('',#13525,POSITIVE_LENGTH_MEASURE(2.E-2),#14);
#15417=PRESENTATION_STYLE_ASSIGNMENT((#15416));
#15418=STYLED_ITEM('',(#15417),#15415);
#15419=DIRECTION('',(-1.E0,0.E0,0.E0));
#15420=VECTOR('',#15419,1.E0);
#15421=SURFACE_OF_LINEAR_EXTRUSION('',#15415,#15420);
#15422=ORIENTED_EDGE('',*,*,#12720,.F.);
#15423=ORIENTED_EDGE('',*,*,#15115,.T.);
#15424=ORIENTED_EDGE('',*,*,#13220,.T.);
#15425=ORIENTED_EDGE('',*,*,#15395,.F.);
#15426=EDGE_LOOP('',(#15422,#15423,#15424,#15425));
#15427=FACE_OUTER_BOUND('',#15426,.F.);
#15428=ADVANCED_FACE('',(#15427),#15421,.F.);
#15429=FILL_AREA_STYLE_COLOUR('',#14);
#15430=FILL_AREA_STYLE('',(#15429));
#15431=SURFACE_STYLE_FILL_AREA(#15430);
#15432=SURFACE_SIDE_STYLE('',(#15431));
#15433=SURFACE_STYLE_USAGE(.BOTH.,#15432);
#15434=PRESENTATION_STYLE_ASSIGNMENT((#15433));
#15435=STYLED_ITEM('',(#15434),#15428);
#15436=CARTESIAN_POINT('',(-7.62E0,-2.698700405648E-1,4.187276689679E-1));
#15437=DIRECTION('',(0.E0,-1.E0,0.E0));
#15438=DIRECTION('',(0.E0,0.E0,1.E0));
#15439=AXIS2_PLACEMENT_3D('',#15436,#15437,#15438);
#15440=PLANE('',#15439);
#15441=ORIENTED_EDGE('',*,*,#12750,.F.);
#15443=ORIENTED_EDGE('',*,*,#15442,.T.);
#15444=ORIENTED_EDGE('',*,*,#13237,.T.);
#15446=ORIENTED_EDGE('',*,*,#15445,.F.);
#15447=EDGE_LOOP('',(#15441,#15443,#15444,#15446));
#15448=FACE_OUTER_BOUND('',#15447,.F.);
#15449=ADVANCED_FACE('',(#15448),#15440,.T.);
#15450=FILL_AREA_STYLE_COLOUR('',#14);
#15451=FILL_AREA_STYLE('',(#15450));
#15452=SURFACE_STYLE_FILL_AREA(#15451);
#15453=SURFACE_SIDE_STYLE('',(#15452));
#15454=SURFACE_STYLE_USAGE(.BOTH.,#15453);
#15455=PRESENTATION_STYLE_ASSIGNMENT((#15454));
#15456=STYLED_ITEM('',(#15455),#15449);
#15457=CARTESIAN_POINT('',(-7.62E0,-2.215622098712E-1,4.187276689679E-1));
#15458=DIRECTION('',(0.E0,0.E0,-1.E0));
#15459=DIRECTION('',(0.E0,-1.E0,0.E0));
#15460=AXIS2_PLACEMENT_3D('',#15457,#15458,#15459);
#15461=PLANE('',#15460);
#15462=ORIENTED_EDGE('',*,*,#12772,.F.);
#15464=ORIENTED_EDGE('',*,*,#15463,.T.);
#15465=ORIENTED_EDGE('',*,*,#13239,.T.);
#15466=ORIENTED_EDGE('',*,*,#15442,.F.);
#15467=EDGE_LOOP('',(#15462,#15464,#15465,#15466));
#15468=FACE_OUTER_BOUND('',#15467,.F.);
#15469=ADVANCED_FACE('',(#15468),#15461,.T.);
#15470=FILL_AREA_STYLE_COLOUR('',#14);
#15471=FILL_AREA_STYLE('',(#15470));
#15472=SURFACE_STYLE_FILL_AREA(#15471);
#15473=SURFACE_SIDE_STYLE('',(#15472));
#15474=SURFACE_STYLE_USAGE(.BOTH.,#15473);
#15475=PRESENTATION_STYLE_ASSIGNMENT((#15474));
#15476=STYLED_ITEM('',(#15475),#15469);
#15477=CARTESIAN_POINT('',(-7.62E0,-2.215622098712E-1,5.085471716644E-1));
#15478=DIRECTION('',(0.E0,1.E0,0.E0));
#15479=DIRECTION('',(0.E0,0.E0,-1.E0));
#15480=AXIS2_PLACEMENT_3D('',#15477,#15478,#15479);
#15481=PLANE('',#15480);
#15482=ORIENTED_EDGE('',*,*,#12770,.F.);
#15484=ORIENTED_EDGE('',*,*,#15483,.T.);
#15485=ORIENTED_EDGE('',*,*,#13241,.T.);
#15486=ORIENTED_EDGE('',*,*,#15463,.F.);
#15487=EDGE_LOOP('',(#15482,#15484,#15485,#15486));
#15488=FACE_OUTER_BOUND('',#15487,.F.);
#15489=ADVANCED_FACE('',(#15488),#15481,.T.);
#15490=FILL_AREA_STYLE_COLOUR('',#14);
#15491=FILL_AREA_STYLE('',(#15490));
#15492=SURFACE_STYLE_FILL_AREA(#15491);
#15493=SURFACE_SIDE_STYLE('',(#15492));
#15494=SURFACE_STYLE_USAGE(.BOTH.,#15493);
#15495=PRESENTATION_STYLE_ASSIGNMENT((#15494));
#15496=STYLED_ITEM('',(#15495),#15489);
#15497=CARTESIAN_POINT('',(-7.62E0,-2.678266009581E-1,5.085471716644E-1));
#15498=DIRECTION('',(0.E0,0.E0,1.E0));
#15499=DIRECTION('',(0.E0,1.E0,0.E0));
#15500=AXIS2_PLACEMENT_3D('',#15497,#15498,#15499);
#15501=PLANE('',#15500);
#15502=ORIENTED_EDGE('',*,*,#12768,.F.);
#15504=ORIENTED_EDGE('',*,*,#15503,.T.);
#15505=ORIENTED_EDGE('',*,*,#13243,.T.);
#15506=ORIENTED_EDGE('',*,*,#15483,.F.);
#15507=EDGE_LOOP('',(#15502,#15504,#15505,#15506));
#15508=FACE_OUTER_BOUND('',#15507,.F.);
#15509=ADVANCED_FACE('',(#15508),#15501,.T.);
#15510=FILL_AREA_STYLE_COLOUR('',#14);
#15511=FILL_AREA_STYLE('',(#15510));
#15512=SURFACE_STYLE_FILL_AREA(#15511);
#15513=SURFACE_SIDE_STYLE('',(#15512));
#15514=SURFACE_STYLE_USAGE(.BOTH.,#15513);
#15515=PRESENTATION_STYLE_ASSIGNMENT((#15514));
#15516=STYLED_ITEM('',(#15515),#15509);
#15517=CARTESIAN_POINT('',(-7.62E0,-2.678266009581E-1,4.982151736551E-1));
#15518=DIRECTION('',(0.E0,-1.E0,0.E0));
#15519=DIRECTION('',(0.E0,0.E0,1.E0));
#15520=AXIS2_PLACEMENT_3D('',#15517,#15518,#15519);
#15521=PLANE('',#15520);
#15522=ORIENTED_EDGE('',*,*,#12766,.F.);
#15524=ORIENTED_EDGE('',*,*,#15523,.T.);
#15525=ORIENTED_EDGE('',*,*,#13245,.T.);
#15526=ORIENTED_EDGE('',*,*,#15503,.F.);
#15527=EDGE_LOOP('',(#15522,#15524,#15525,#15526));
#15528=FACE_OUTER_BOUND('',#15527,.F.);
#15529=ADVANCED_FACE('',(#15528),#15521,.T.);
#15530=FILL_AREA_STYLE_COLOUR('',#14);
#15531=FILL_AREA_STYLE('',(#15530));
#15532=SURFACE_STYLE_FILL_AREA(#15531);
#15533=SURFACE_SIDE_STYLE('',(#15532));
#15534=SURFACE_STYLE_USAGE(.BOTH.,#15533);
#15535=PRESENTATION_STYLE_ASSIGNMENT((#15534));
#15536=STYLED_ITEM('',(#15535),#15529);
#15537=CARTESIAN_POINT('',(-7.62E0,-2.331570076374E-1,4.982151736551E-1));
#15538=DIRECTION('',(0.E0,0.E0,-1.E0));
#15539=DIRECTION('',(0.E0,-1.E0,0.E0));
#15540=AXIS2_PLACEMENT_3D('',#15537,#15538,#15539);
#15541=PLANE('',#15540);
#15542=ORIENTED_EDGE('',*,*,#12764,.F.);
#15544=ORIENTED_EDGE('',*,*,#15543,.T.);
#15545=ORIENTED_EDGE('',*,*,#13247,.T.);
#15546=ORIENTED_EDGE('',*,*,#15523,.F.);
#15547=EDGE_LOOP('',(#15542,#15544,#15545,#15546));
#15548=FACE_OUTER_BOUND('',#15547,.F.);
#15549=ADVANCED_FACE('',(#15548),#15541,.T.);
#15550=FILL_AREA_STYLE_COLOUR('',#14);
#15551=FILL_AREA_STYLE('',(#15550));
#15552=SURFACE_STYLE_FILL_AREA(#15551);
#15553=SURFACE_SIDE_STYLE('',(#15552));
#15554=SURFACE_STYLE_USAGE(.BOTH.,#15553);
#15555=PRESENTATION_STYLE_ASSIGNMENT((#15554));
#15556=STYLED_ITEM('',(#15555),#15549);
#15557=CARTESIAN_POINT('',(-7.62E0,-2.331570076374E-1,4.694692591926E-1));
#15558=DIRECTION('',(0.E0,-1.E0,0.E0));
#15559=DIRECTION('',(0.E0,0.E0,1.E0));
#15560=AXIS2_PLACEMENT_3D('',#15557,#15558,#15559);
#15561=PLANE('',#15560);
#15562=ORIENTED_EDGE('',*,*,#12762,.F.);
#15564=ORIENTED_EDGE('',*,*,#15563,.T.);
#15565=ORIENTED_EDGE('',*,*,#13249,.T.);
#15566=ORIENTED_EDGE('',*,*,#15543,.F.);
#15567=EDGE_LOOP('',(#15562,#15564,#15565,#15566));
#15568=FACE_OUTER_BOUND('',#15567,.F.);
#15569=ADVANCED_FACE('',(#15568),#15561,.T.);
#15570=FILL_AREA_STYLE_COLOUR('',#14);
#15571=FILL_AREA_STYLE('',(#15570));
#15572=SURFACE_STYLE_FILL_AREA(#15571);
#15573=SURFACE_SIDE_STYLE('',(#15572));
#15574=SURFACE_STYLE_USAGE(.BOTH.,#15573);
#15575=PRESENTATION_STYLE_ASSIGNMENT((#15574));
#15576=STYLED_ITEM('',(#15575),#15569);
#15577=CARTESIAN_POINT('',(-7.62E0,-2.652780414490E-1,4.694692591926E-1));
#15578=DIRECTION('',(0.E0,0.E0,1.E0));
#15579=DIRECTION('',(0.E0,1.E0,0.E0));
#15580=AXIS2_PLACEMENT_3D('',#15577,#15578,#15579);
#15581=PLANE('',#15580);
#15582=ORIENTED_EDGE('',*,*,#12760,.F.);
#15584=ORIENTED_EDGE('',*,*,#15583,.T.);
#15585=ORIENTED_EDGE('',*,*,#13251,.T.);
#15586=ORIENTED_EDGE('',*,*,#15563,.F.);
#15587=EDGE_LOOP('',(#15582,#15584,#15585,#15586));
#15588=FACE_OUTER_BOUND('',#15587,.F.);
#15589=ADVANCED_FACE('',(#15588),#15581,.T.);
#15590=FILL_AREA_STYLE_COLOUR('',#14);
#15591=FILL_AREA_STYLE('',(#15590));
#15592=SURFACE_STYLE_FILL_AREA(#15591);
#15593=SURFACE_SIDE_STYLE('',(#15592));
#15594=SURFACE_STYLE_USAGE(.BOTH.,#15593);
#15595=PRESENTATION_STYLE_ASSIGNMENT((#15594));
#15596=STYLED_ITEM('',(#15595),#15589);
#15597=CARTESIAN_POINT('',(-7.62E0,-2.652780414490E-1,4.591831811741E-1));
#15598=DIRECTION('',(0.E0,-1.E0,0.E0));
#15599=DIRECTION('',(0.E0,0.E0,1.E0));
#15600=AXIS2_PLACEMENT_3D('',#15597,#15598,#15599);
#15601=PLANE('',#15600);
#15602=ORIENTED_EDGE('',*,*,#12758,.F.);
#15604=ORIENTED_EDGE('',*,*,#15603,.T.);
#15605=ORIENTED_EDGE('',*,*,#13253,.T.);
#15606=ORIENTED_EDGE('',*,*,#15583,.F.);
#15607=EDGE_LOOP('',(#15602,#15604,#15605,#15606));
#15608=FACE_OUTER_BOUND('',#15607,.F.);
#15609=ADVANCED_FACE('',(#15608),#15601,.T.);
#15610=FILL_AREA_STYLE_COLOUR('',#14);
#15611=FILL_AREA_STYLE('',(#15610));
#15612=SURFACE_STYLE_FILL_AREA(#15611);
#15613=SURFACE_SIDE_STYLE('',(#15612));
#15614=SURFACE_STYLE_USAGE(.BOTH.,#15613);
#15615=PRESENTATION_STYLE_ASSIGNMENT((#15614));
#15616=STYLED_ITEM('',(#15615),#15609);
#15617=CARTESIAN_POINT('',(-7.62E0,-2.331570076374E-1,4.591831811741E-1));
#15618=DIRECTION('',(0.E0,0.E0,-1.E0));
#15619=DIRECTION('',(0.E0,-1.E0,0.E0));
#15620=AXIS2_PLACEMENT_3D('',#15617,#15618,#15619);
#15621=PLANE('',#15620);
#15622=ORIENTED_EDGE('',*,*,#12756,.F.);
#15624=ORIENTED_EDGE('',*,*,#15623,.T.);
#15625=ORIENTED_EDGE('',*,*,#13255,.T.);
#15626=ORIENTED_EDGE('',*,*,#15603,.F.);
#15627=EDGE_LOOP('',(#15622,#15624,#15625,#15626));
#15628=FACE_OUTER_BOUND('',#15627,.F.);
#15629=ADVANCED_FACE('',(#15628),#15621,.T.);
#15630=FILL_AREA_STYLE_COLOUR('',#14);
#15631=FILL_AREA_STYLE('',(#15630));
#15632=SURFACE_STYLE_FILL_AREA(#15631);
#15633=SURFACE_SIDE_STYLE('',(#15632));
#15634=SURFACE_STYLE_USAGE(.BOTH.,#15633);
#15635=PRESENTATION_STYLE_ASSIGNMENT((#15634));
#15636=STYLED_ITEM('',(#15635),#15629);
#15637=CARTESIAN_POINT('',(-7.62E0,-2.331570076374E-1,4.289678269955E-1));
#15638=DIRECTION('',(0.E0,-1.E0,0.E0));
#15639=DIRECTION('',(0.E0,0.E0,1.E0));
#15640=AXIS2_PLACEMENT_3D('',#15637,#15638,#15639);
#15641=PLANE('',#15640);
#15642=ORIENTED_EDGE('',*,*,#12754,.F.);
#15644=ORIENTED_EDGE('',*,*,#15643,.T.);
#15645=ORIENTED_EDGE('',*,*,#13257,.T.);
#15646=ORIENTED_EDGE('',*,*,#15623,.F.);
#15647=EDGE_LOOP('',(#15642,#15644,#15645,#15646));
#15648=FACE_OUTER_BOUND('',#15647,.F.);
#15649=ADVANCED_FACE('',(#15648),#15641,.T.);
#15650=FILL_AREA_STYLE_COLOUR('',#14);
#15651=FILL_AREA_STYLE('',(#15650));
#15652=SURFACE_STYLE_FILL_AREA(#15651);
#15653=SURFACE_SIDE_STYLE('',(#15652));
#15654=SURFACE_STYLE_USAGE(.BOTH.,#15653);
#15655=PRESENTATION_STYLE_ASSIGNMENT((#15654));
#15656=STYLED_ITEM('',(#15655),#15649);
#15657=CARTESIAN_POINT('',(-7.62E0,-2.698700405648E-1,4.289678269955E-1));
#15658=DIRECTION('',(0.E0,0.E0,1.E0));
#15659=DIRECTION('',(0.E0,1.E0,0.E0));
#15660=AXIS2_PLACEMENT_3D('',#15657,#15658,#15659);
#15661=PLANE('',#15660);
#15662=ORIENTED_EDGE('',*,*,#12752,.F.);
#15663=ORIENTED_EDGE('',*,*,#15445,.T.);
#15664=ORIENTED_EDGE('',*,*,#13259,.T.);
#15665=ORIENTED_EDGE('',*,*,#15643,.F.);
#15666=EDGE_LOOP('',(#15662,#15663,#15664,#15665));
#15667=FACE_OUTER_BOUND('',#15666,.F.);
#15668=ADVANCED_FACE('',(#15667),#15661,.T.);
#15669=FILL_AREA_STYLE_COLOUR('',#14);
#15670=FILL_AREA_STYLE('',(#15669));
#15671=SURFACE_STYLE_FILL_AREA(#15670);
#15672=SURFACE_SIDE_STYLE('',(#15671));
#15673=SURFACE_STYLE_USAGE(.BOTH.,#15672);
#15674=PRESENTATION_STYLE_ASSIGNMENT((#15673));
#15675=STYLED_ITEM('',(#15674),#15668);
#15676=CARTESIAN_POINT('',(-7.62E0,-3.122730195954E-1,4.982151736551E-1));
#15677=CARTESIAN_POINT('',(-7.62E0,-3.121825572128E-1,4.982151736551E-1));
#15678=CARTESIAN_POINT('',(-7.62E0,-3.075689757017E-1,4.982151736551E-1));
#15679=CARTESIAN_POINT('',(-7.62E0,-3.028649318079E-1,4.982151736551E-1));
#15680=CARTESIAN_POINT('',(-7.62E0,-2.982513502967E-1,4.982151736551E-1));
#15681=CARTESIAN_POINT('',(-7.62E0,-2.981608879142E-1,4.982151736551E-1));
#15683=CURVE_STYLE('',#13525,POSITIVE_LENGTH_MEASURE(2.E-2),#14);
#15684=PRESENTATION_STYLE_ASSIGNMENT((#15683));
#15685=STYLED_ITEM('',(#15684),#15682);
#15686=DIRECTION('',(-1.E0,0.E0,0.E0));
#15687=VECTOR('',#15686,1.E0);
#15688=SURFACE_OF_LINEAR_EXTRUSION('',#15682,#15687);
#15689=ORIENTED_EDGE('',*,*,#12792,.F.);
#15691=ORIENTED_EDGE('',*,*,#15690,.T.);
#15692=ORIENTED_EDGE('',*,*,#13286,.T.);
#15694=ORIENTED_EDGE('',*,*,#15693,.F.);
#15695=EDGE_LOOP('',(#15689,#15691,#15692,#15694));
#15696=FACE_OUTER_BOUND('',#15695,.F.);
#15697=ADVANCED_FACE('',(#15696),#15688,.F.);
#15698=FILL_AREA_STYLE_COLOUR('',#14);
#15699=FILL_AREA_STYLE('',(#15698));
#15700=SURFACE_STYLE_FILL_AREA(#15699);
#15701=SURFACE_SIDE_STYLE('',(#15700));
#15702=SURFACE_STYLE_USAGE(.BOTH.,#15701);
#15703=PRESENTATION_STYLE_ASSIGNMENT((#15702));
#15704=STYLED_ITEM('',(#15703),#15697);
#15705=CARTESIAN_POINT('',(-7.62E0,-2.984322750618E-1,5.179555383934E-1));
#15706=CARTESIAN_POINT('',(-7.62E0,-2.984322750618E-1,5.113754168140E-1));
#15707=CARTESIAN_POINT('',(-7.62E0,-2.984322750620E-1,4.817128463480E-1));
#15708=CARTESIAN_POINT('',(-7.62E0,-2.984322750621E-1,4.454701543026E-1));
#15709=CARTESIAN_POINT('',(-7.62E0,-2.984322750622E-1,4.158075838367E-1));
#15710=CARTESIAN_POINT('',(-7.62E0,-2.984322750623E-1,4.092274622573E-1));
#15712=CURVE_STYLE('',#13525,POSITIVE_LENGTH_MEASURE(2.E-2),#14);
#15713=PRESENTATION_STYLE_ASSIGNMENT((#15712));
#15714=STYLED_ITEM('',(#15713),#15711);
#15715=DIRECTION('',(-1.E0,0.E0,0.E0));
#15716=VECTOR('',#15715,1.E0);
#15717=SURFACE_OF_LINEAR_EXTRUSION('',#15711,#15716);
#15718=ORIENTED_EDGE('',*,*,#12798,.F.);
#15720=ORIENTED_EDGE('',*,*,#15719,.T.);
#15721=ORIENTED_EDGE('',*,*,#13288,.T.);
#15722=ORIENTED_EDGE('',*,*,#15690,.F.);
#15723=EDGE_LOOP('',(#15718,#15720,#15721,#15722));
#15724=FACE_OUTER_BOUND('',#15723,.F.);
#15725=ADVANCED_FACE('',(#15724),#15717,.F.);
#15726=FILL_AREA_STYLE_COLOUR('',#14);
#15727=FILL_AREA_STYLE('',(#15726));
#15728=SURFACE_STYLE_FILL_AREA(#15727);
#15729=SURFACE_SIDE_STYLE('',(#15728));
#15730=SURFACE_STYLE_USAGE(.BOTH.,#15729);
#15731=PRESENTATION_STYLE_ASSIGNMENT((#15730));
#15732=STYLED_ITEM('',(#15731),#15725);
#15733=CARTESIAN_POINT('',(-7.62E0,-2.981714495124E-1,4.289678269955E-1));
#15734=CARTESIAN_POINT('',(-7.62E0,-2.982583913624E-1,4.289678269955E-1));
#15735=CARTESIAN_POINT('',(-7.62E0,-3.026924257081E-1,4.289678269955E-1));
#15736=CARTESIAN_POINT('',(-7.62E0,-3.072134019037E-1,4.289678269955E-1));
#15737=CARTESIAN_POINT('',(-7.62E0,-3.116474362495E-1,4.289678269955E-1));
#15738=CARTESIAN_POINT('',(-7.62E0,-3.117343780994E-1,4.289678269955E-1));
#15740=CURVE_STYLE('',#13525,POSITIVE_LENGTH_MEASURE(2.E-2),#14);
#15741=PRESENTATION_STYLE_ASSIGNMENT((#15740));
#15742=STYLED_ITEM('',(#15741),#15739);
#15743=DIRECTION('',(-1.E0,0.E0,0.E0));
#15744=VECTOR('',#15743,1.E0);
#15745=SURFACE_OF_LINEAR_EXTRUSION('',#15739,#15744);
#15746=ORIENTED_EDGE('',*,*,#12796,.F.);
#15748=ORIENTED_EDGE('',*,*,#15747,.T.);
#15749=ORIENTED_EDGE('',*,*,#13290,.T.);
#15750=ORIENTED_EDGE('',*,*,#15719,.F.);
#15751=EDGE_LOOP('',(#15746,#15748,#15749,#15750));
#15752=FACE_OUTER_BOUND('',#15751,.F.);
#15753=ADVANCED_FACE('',(#15752),#15745,.F.);
#15754=FILL_AREA_STYLE_COLOUR('',#14);
#15755=FILL_AREA_STYLE('',(#15754));
#15756=SURFACE_STYLE_FILL_AREA(#15755);
#15757=SURFACE_SIDE_STYLE('',(#15756));
#15758=SURFACE_STYLE_USAGE(.BOTH.,#15757);
#15759=PRESENTATION_STYLE_ASSIGNMENT((#15758));
#15760=STYLED_ITEM('',(#15759),#15753);
#15761=CARTESIAN_POINT('',(-7.62E0,-3.016041067443E-1,4.301348560454E-1));
#15762=CARTESIAN_POINT('',(-7.62E0,-3.045786825733E-1,4.293694183021E-1));
#15763=CARTESIAN_POINT('',(-7.62E0,-3.169859036880E-1,4.278922272306E-1));
#15764=CARTESIAN_POINT('',(-7.62E0,-3.417344123017E-1,4.346823796249E-1));
#15765=CARTESIAN_POINT('',(-7.62E0,-3.508605256914E-1,4.642135855207E-1));
#15766=CARTESIAN_POINT('',(-7.62E0,-3.414151423655E-1,4.934245534526E-1));
#15767=CARTESIAN_POINT('',(-7.62E0,-3.174654523521E-1,4.990693850524E-1));
#15768=CARTESIAN_POINT('',(-7.62E0,-3.056718687144E-1,4.979111751338E-1));
#15769=CARTESIAN_POINT('',(-7.62E0,-3.029238139818E-1,4.973594511790E-1));
#15771=CURVE_STYLE('',#13525,POSITIVE_LENGTH_MEASURE(2.E-2),#14);
#15772=PRESENTATION_STYLE_ASSIGNMENT((#15771));
#15773=STYLED_ITEM('',(#15772),#15770);
#15774=DIRECTION('',(-1.E0,0.E0,0.E0));
#15775=VECTOR('',#15774,1.E0);
#15776=SURFACE_OF_LINEAR_EXTRUSION('',#15770,#15775);
#15777=ORIENTED_EDGE('',*,*,#12794,.F.);
#15778=ORIENTED_EDGE('',*,*,#15693,.T.);
#15779=ORIENTED_EDGE('',*,*,#13292,.T.);
#15780=ORIENTED_EDGE('',*,*,#15747,.F.);
#15781=EDGE_LOOP('',(#15777,#15778,#15779,#15780));
#15782=FACE_OUTER_BOUND('',#15781,.F.);
#15783=ADVANCED_FACE('',(#15782),#15776,.F.);
#15784=FILL_AREA_STYLE_COLOUR('',#14);
#15785=FILL_AREA_STYLE('',(#15784));
#15786=SURFACE_STYLE_FILL_AREA(#15785);
#15787=SURFACE_SIDE_STYLE('',(#15786));
#15788=SURFACE_STYLE_USAGE(.BOTH.,#15787);
#15789=PRESENTATION_STYLE_ASSIGNMENT((#15788));
#15790=STYLED_ITEM('',(#15789),#15783);
#15791=CARTESIAN_POINT('',(-7.62E0,-3.120365316419E-1,4.187276689679E-1));
#15792=CARTESIAN_POINT('',(-7.62E0,-3.118718319403E-1,4.187276689679E-1));
#15793=CARTESIAN_POINT('',(-7.62E0,-3.034721471585E-1,4.187276689679E-1));
#15794=CARTESIAN_POINT('',(-7.62E0,-2.949077626750E-1,4.187276689679E-1));
#15795=CARTESIAN_POINT('',(-7.62E0,-2.865080778931E-1,4.187276689679E-1));
#15796=CARTESIAN_POINT('',(-7.62E0,-2.863433781915E-1,4.187276689679E-1));
#15798=CURVE_STYLE('',#13525,POSITIVE_LENGTH_MEASURE(2.E-2),#14);
#15799=PRESENTATION_STYLE_ASSIGNMENT((#15798));
#15800=STYLED_ITEM('',(#15799),#15797);
#15801=DIRECTION('',(-1.E0,0.E0,0.E0));
#15802=VECTOR('',#15801,1.E0);
#15803=SURFACE_OF_LINEAR_EXTRUSION('',#15797,#15802);
#15804=ORIENTED_EDGE('',*,*,#12782,.F.);
#15806=ORIENTED_EDGE('',*,*,#15805,.T.);
#15807=ORIENTED_EDGE('',*,*,#13276,.T.);
#15809=ORIENTED_EDGE('',*,*,#15808,.F.);
#15810=EDGE_LOOP('',(#15804,#15806,#15807,#15809));
#15811=FACE_OUTER_BOUND('',#15810,.F.);
#15812=ADVANCED_FACE('',(#15811),#15803,.F.);
#15813=FILL_AREA_STYLE_COLOUR('',#14);
#15814=FILL_AREA_STYLE('',(#15813));
#15815=SURFACE_STYLE_FILL_AREA(#15814);
#15816=SURFACE_SIDE_STYLE('',(#15815));
#15817=SURFACE_STYLE_USAGE(.BOTH.,#15816);
#15818=PRESENTATION_STYLE_ASSIGNMENT((#15817));
#15819=STYLED_ITEM('',(#15818),#15812);
#15820=CARTESIAN_POINT('',(-7.62E0,-2.868374772963E-1,3.989873042297E-1));
#15821=CARTESIAN_POINT('',(-7.62E0,-2.868374772963E-1,4.055674258091E-1));
#15822=CARTESIAN_POINT('',(-7.62E0,-2.868374772962E-1,4.420873816207E-1));
#15823=CARTESIAN_POINT('',(-7.62E0,-2.868374772961E-1,4.851874590117E-1));
#15824=CARTESIAN_POINT('',(-7.62E0,-2.868374772959E-1,5.217074148232E-1));
#15825=CARTESIAN_POINT('',(-7.62E0,-2.868374772959E-1,5.282875364027E-1));
#15827=CURVE_STYLE('',#13525,POSITIVE_LENGTH_MEASURE(2.E-2),#14);
#15828=PRESENTATION_STYLE_ASSIGNMENT((#15827));
#15829=STYLED_ITEM('',(#15828),#15826);
#15830=DIRECTION('',(-1.E0,0.E0,0.E0));
#15831=VECTOR('',#15830,1.E0);
#15832=SURFACE_OF_LINEAR_EXTRUSION('',#15826,#15831);
#15833=ORIENTED_EDGE('',*,*,#12788,.F.);
#15835=ORIENTED_EDGE('',*,*,#15834,.T.);
#15836=ORIENTED_EDGE('',*,*,#13278,.T.);
#15837=ORIENTED_EDGE('',*,*,#15805,.F.);
#15838=EDGE_LOOP('',(#15833,#15835,#15836,#15837));
#15839=FACE_OUTER_BOUND('',#15838,.F.);
#15840=ADVANCED_FACE('',(#15839),#15832,.F.);
#15841=FILL_AREA_STYLE_COLOUR('',#14);
#15842=FILL_AREA_STYLE('',(#15841));
#15843=SURFACE_STYLE_FILL_AREA(#15842);
#15844=SURFACE_SIDE_STYLE('',(#15843));
#15845=SURFACE_STYLE_USAGE(.BOTH.,#15844);
#15846=PRESENTATION_STYLE_ASSIGNMENT((#15845));
#15847=STYLED_ITEM('',(#15846),#15840);
#15848=CARTESIAN_POINT('',(-7.62E0,-2.863250101947E-1,5.085471716644E-1));
#15849=CARTESIAN_POINT('',(-7.62E0,-2.864958325618E-1,5.085471716644E-1));
#15850=CARTESIAN_POINT('',(-7.62E0,-2.952077732834E-1,5.085471716644E-1));
#15851=CARTESIAN_POINT('',(-7.62E0,-3.040905363720E-1,5.085471716644E-1));
#15852=CARTESIAN_POINT('',(-7.62E0,-3.128024770936E-1,5.085471716644E-1));
#15853=CARTESIAN_POINT('',(-7.62E0,-3.129732994607E-1,5.085471716644E-1));
#15855=CURVE_STYLE('',#13525,POSITIVE_LENGTH_MEASURE(2.E-2),#14);
#15856=PRESENTATION_STYLE_ASSIGNMENT((#15855));
#15857=STYLED_ITEM('',(#15856),#15854);
#15858=DIRECTION('',(-1.E0,0.E0,0.E0));
#15859=VECTOR('',#15858,1.E0);
#15860=SURFACE_OF_LINEAR_EXTRUSION('',#15854,#15859);
#15861=ORIENTED_EDGE('',*,*,#12786,.F.);
#15863=ORIENTED_EDGE('',*,*,#15862,.T.);
#15864=ORIENTED_EDGE('',*,*,#13280,.T.);
#15865=ORIENTED_EDGE('',*,*,#15834,.F.);
#15866=EDGE_LOOP('',(#15861,#15863,#15864,#15865));
#15867=FACE_OUTER_BOUND('',#15866,.F.);
#15868=ADVANCED_FACE('',(#15867),#15860,.F.);
#15869=FILL_AREA_STYLE_COLOUR('',#14);
#15870=FILL_AREA_STYLE('',(#15869));
#15871=SURFACE_STYLE_FILL_AREA(#15870);
#15872=SURFACE_SIDE_STYLE('',(#15871));
#15873=SURFACE_STYLE_USAGE(.BOTH.,#15872);
#15874=PRESENTATION_STYLE_ASSIGNMENT((#15873));
#15875=STYLED_ITEM('',(#15874),#15868);
#15876=CARTESIAN_POINT('',(-7.62E0,-3.024644378700E-1,5.076341770926E-1));
#15877=CARTESIAN_POINT('',(-7.62E0,-3.056271189620E-1,5.082370909868E-1));
#15878=CARTESIAN_POINT('',(-7.62E0,-3.206927163053E-1,5.096219109507E-1));
#15879=CARTESIAN_POINT('',(-7.62E0,-3.500394203154E-1,5.012370794340E-1));
#15880=CARTESIAN_POINT('',(-7.62E0,-3.647826085223E-1,4.643257085585E-1));
#15881=CARTESIAN_POINT('',(-7.62E0,-3.503390666229E-1,4.266932902878E-1));
#15882=CARTESIAN_POINT('',(-7.62E0,-3.203254427898E-1,4.176502954202E-1));
#15883=CARTESIAN_POINT('',(-7.62E0,-3.050167934504E-1,4.190153171380E-1));
#15884=CARTESIAN_POINT('',(-7.62E0,-3.019654749578E-1,4.195815482750E-1));
#15886=CURVE_STYLE('',#13525,POSITIVE_LENGTH_MEASURE(2.E-2),#14);
#15887=PRESENTATION_STYLE_ASSIGNMENT((#15886));
#15888=STYLED_ITEM('',(#15887),#15885);
#15889=DIRECTION('',(-1.E0,0.E0,0.E0));
#15890=VECTOR('',#15889,1.E0);
#15891=SURFACE_OF_LINEAR_EXTRUSION('',#15885,#15890);
#15892=ORIENTED_EDGE('',*,*,#12784,.F.);
#15893=ORIENTED_EDGE('',*,*,#15808,.T.);
#15894=ORIENTED_EDGE('',*,*,#13282,.T.);
#15895=ORIENTED_EDGE('',*,*,#15862,.F.);
#15896=EDGE_LOOP('',(#15892,#15893,#15894,#15895));
#15897=FACE_OUTER_BOUND('',#15896,.F.);
#15898=ADVANCED_FACE('',(#15897),#15891,.F.);
#15899=FILL_AREA_STYLE_COLOUR('',#14);
#15900=FILL_AREA_STYLE('',(#15899));
#15901=SURFACE_STYLE_FILL_AREA(#15900);
#15902=SURFACE_SIDE_STYLE('',(#15901));
#15903=SURFACE_STYLE_USAGE(.BOTH.,#15902);
#15904=PRESENTATION_STYLE_ASSIGNMENT((#15903));
#15905=STYLED_ITEM('',(#15904),#15898);
#15906=CARTESIAN_POINT('',(-7.62E0,-4.066860328316E-1,4.906540538569E-1));
#15907=CARTESIAN_POINT('',(-7.62E0,-4.066714975237E-1,4.906947113541E-1));
#15908=CARTESIAN_POINT('',(-7.62E0,-4.059354416942E-1,4.927701040942E-1));
#15909=CARTESIAN_POINT('',(-7.62E0,-4.054544658888E-1,4.949810891763E-1));
#15910=CARTESIAN_POINT('',(-7.62E0,-4.050891220833E-1,4.971523190839E-1));
#15911=CARTESIAN_POINT('',(-7.62E0,-4.050819981654E-1,4.971948925875E-1));
#15913=CURVE_STYLE('',#13525,POSITIVE_LENGTH_MEASURE(2.E-2),#14);
#15914=PRESENTATION_STYLE_ASSIGNMENT((#15913));
#15915=STYLED_ITEM('',(#15914),#15912);
#15916=DIRECTION('',(-1.E0,0.E0,0.E0));
#15917=VECTOR('',#15916,1.E0);
#15918=SURFACE_OF_LINEAR_EXTRUSION('',#15912,#15917);
#15919=ORIENTED_EDGE('',*,*,#12826,.F.);
#15921=ORIENTED_EDGE('',*,*,#15920,.T.);
#15922=ORIENTED_EDGE('',*,*,#13327,.T.);
#15924=ORIENTED_EDGE('',*,*,#15923,.F.);
#15925=EDGE_LOOP('',(#15919,#15921,#15922,#15924));
#15926=FACE_OUTER_BOUND('',#15925,.F.);
#15927=ADVANCED_FACE('',(#15926),#15918,.F.);
#15928=FILL_AREA_STYLE_COLOUR('',#14);
#15929=FILL_AREA_STYLE('',(#15928));
#15930=SURFACE_STYLE_FILL_AREA(#15929);
#15931=SURFACE_SIDE_STYLE('',(#15930));
#15932=SURFACE_STYLE_USAGE(.BOTH.,#15931);
#15933=PRESENTATION_STYLE_ASSIGNMENT((#15932));
#15934=STYLED_ITEM('',(#15933),#15927);
#15935=CARTESIAN_POINT('',(-7.62E0,-4.051239444418E-1,4.971953898742E-1));
#15936=CARTESIAN_POINT('',(-7.62E0,-4.051171891211E-1,4.971526481086E-1));
#15937=CARTESIAN_POINT('',(-7.62E0,-4.047694803949E-1,4.949729635772E-1));
#15938=CARTESIAN_POINT('',(-7.62E0,-4.042471013835E-1,4.927600655193E-1));
#15939=CARTESIAN_POINT('',(-7.62E0,-4.034667144707E-1,4.906951161620E-1));
#15940=CARTESIAN_POINT('',(-7.62E0,-4.034513089133E-1,4.906546682177E-1));
#15942=CURVE_STYLE('',#13525,POSITIVE_LENGTH_MEASURE(2.E-2),#14);
#15943=PRESENTATION_STYLE_ASSIGNMENT((#15942));
#15944=STYLED_ITEM('',(#15943),#15941);
#15945=DIRECTION('',(-1.E0,0.E0,0.E0));
#15946=VECTOR('',#15945,1.E0);
#15947=SURFACE_OF_LINEAR_EXTRUSION('',#15941,#15946);
#15948=ORIENTED_EDGE('',*,*,#12834,.F.);
#15950=ORIENTED_EDGE('',*,*,#15949,.T.);
#15951=ORIENTED_EDGE('',*,*,#13329,.T.);
#15952=ORIENTED_EDGE('',*,*,#15920,.F.);
#15953=EDGE_LOOP('',(#15948,#15950,#15951,#15952));
#15954=FACE_OUTER_BOUND('',#15953,.F.);
#15955=ADVANCED_FACE('',(#15954),#15947,.F.);
#15956=FILL_AREA_STYLE_COLOUR('',#14);
#15957=FILL_AREA_STYLE('',(#15956));
#15958=SURFACE_STYLE_FILL_AREA(#15957);
#15959=SURFACE_SIDE_STYLE('',(#15958));
#15960=SURFACE_STYLE_USAGE(.BOTH.,#15959);
#15961=PRESENTATION_STYLE_ASSIGNMENT((#15960));
#15962=STYLED_ITEM('',(#15961),#15955);
#15963=CARTESIAN_POINT('',(-7.62E0,-4.101800198746E-1,5.093509060591E-1));
#15964=CARTESIAN_POINT('',(-7.62E0,-4.079524181901E-1,5.031593157355E-1));
#15965=CARTESIAN_POINT('',(-7.62E0,-4.012476173684E-1,4.845234078092E-1));
#15966=CARTESIAN_POINT('',(-7.62E0,-3.923152148623E-1,4.596959095592E-1));
#15967=CARTESIAN_POINT('',(-7.62E0,-3.856104140407E-1,4.410600016329E-1));
#15968=CARTESIAN_POINT('',(-7.62E0,-3.833828123562E-1,4.348684113093E-1));
#15970=CURVE_STYLE('',#13525,POSITIVE_LENGTH_MEASURE(2.E-2),#14);
#15971=PRESENTATION_STYLE_ASSIGNMENT((#15970));
#15972=STYLED_ITEM('',(#15971),#15969);
#15973=DIRECTION('',(-1.E0,0.E0,0.E0));
#15974=VECTOR('',#15973,1.E0);
#15975=SURFACE_OF_LINEAR_EXTRUSION('',#15969,#15974);
#15976=ORIENTED_EDGE('',*,*,#12832,.F.);
#15978=ORIENTED_EDGE('',*,*,#15977,.T.);
#15979=ORIENTED_EDGE('',*,*,#13331,.T.);
#15980=ORIENTED_EDGE('',*,*,#15949,.F.);
#15981=EDGE_LOOP('',(#15976,#15978,#15979,#15980));
#15982=FACE_OUTER_BOUND('',#15981,.F.);
#15983=ADVANCED_FACE('',(#15982),#15975,.F.);
#15984=FILL_AREA_STYLE_COLOUR('',#14);
#15985=FILL_AREA_STYLE('',(#15984));
#15986=SURFACE_STYLE_FILL_AREA(#15985);
#15987=SURFACE_SIDE_STYLE('',(#15986));
#15988=SURFACE_STYLE_USAGE(.BOTH.,#15987);
#15989=PRESENTATION_STYLE_ASSIGNMENT((#15988));
#15990=STYLED_ITEM('',(#15989),#15983);
#15991=CARTESIAN_POINT('',(-7.62E0,-3.703252526714E-1,4.534431822800E-1));
#15992=CARTESIAN_POINT('',(-7.62E0,-3.769053742508E-1,4.534431822800E-1));
#15993=CARTESIAN_POINT('',(-7.62E0,-3.935343205610E-1,4.534431822800E-1));
#15994=CARTESIAN_POINT('',(-7.62E0,-4.167433884507E-1,4.534431822800E-1));
#15995=CARTESIAN_POINT('',(-7.62E0,-4.333723347609E-1,4.534431822800E-1));
#15996=CARTESIAN_POINT('',(-7.62E0,-4.399524563403E-1,4.534431822800E-1));
#15998=CURVE_STYLE('',#13525,POSITIVE_LENGTH_MEASURE(2.E-2),#14);
#15999=PRESENTATION_STYLE_ASSIGNMENT((#15998));
#16000=STYLED_ITEM('',(#15999),#15997);
#16001=DIRECTION('',(-1.E0,0.E0,0.E0));
#16002=VECTOR('',#16001,1.E0);
#16003=SURFACE_OF_LINEAR_EXTRUSION('',#15997,#16002);
#16004=ORIENTED_EDGE('',*,*,#12830,.F.);
#16006=ORIENTED_EDGE('',*,*,#16005,.T.);
#16007=ORIENTED_EDGE('',*,*,#13333,.T.);
#16008=ORIENTED_EDGE('',*,*,#15977,.F.);
#16009=EDGE_LOOP('',(#16004,#16006,#16007,#16008));
#16010=FACE_OUTER_BOUND('',#16009,.F.);
#16011=ADVANCED_FACE('',(#16010),#16003,.F.);
#16012=FILL_AREA_STYLE_COLOUR('',#14);
#16013=FILL_AREA_STYLE('',(#16012));
#16014=SURFACE_STYLE_FILL_AREA(#16013);
#16015=SURFACE_SIDE_STYLE('',(#16014));
#16016=SURFACE_STYLE_USAGE(.BOTH.,#16015);
#16017=PRESENTATION_STYLE_ASSIGNMENT((#16016));
#16018=STYLED_ITEM('',(#16017),#16011);
#16019=CARTESIAN_POINT('',(-7.62E0,-4.269554758160E-1,4.348903180984E-1));
#16020=CARTESIAN_POINT('',(-7.62E0,-4.247076810780E-1,4.410746061589E-1));
#16021=CARTESIAN_POINT('',(-7.62E0,-4.179367672111E-1,4.597032118223E-1));
#16022=CARTESIAN_POINT('',(-7.62E0,-4.089180586062E-1,4.845161055461E-1));
#16023=CARTESIAN_POINT('',(-7.62E0,-4.021471447394E-1,5.031447112095E-1));
#16024=CARTESIAN_POINT('',(-7.62E0,-3.998993500014E-1,5.093289992700E-1));
#16026=CURVE_STYLE('',#13525,POSITIVE_LENGTH_MEASURE(2.E-2),#14);
#16027=PRESENTATION_STYLE_ASSIGNMENT((#16026));
#16028=STYLED_ITEM('',(#16027),#16025);
#16029=DIRECTION('',(-1.E0,0.E0,0.E0));
#16030=VECTOR('',#16029,1.E0);
#16031=SURFACE_OF_LINEAR_EXTRUSION('',#16025,#16030);
#16032=ORIENTED_EDGE('',*,*,#12828,.F.);
#16033=ORIENTED_EDGE('',*,*,#15923,.T.);
#16034=ORIENTED_EDGE('',*,*,#13335,.T.);
#16035=ORIENTED_EDGE('',*,*,#16005,.F.);
#16036=EDGE_LOOP('',(#16032,#16033,#16034,#16035));
#16037=FACE_OUTER_BOUND('',#16036,.F.);
#16038=ADVANCED_FACE('',(#16037),#16031,.F.);
#16039=FILL_AREA_STYLE_COLOUR('',#14);
#16040=FILL_AREA_STYLE('',(#16039));
#16041=SURFACE_STYLE_FILL_AREA(#16040);
#16042=SURFACE_SIDE_STYLE('',(#16041));
#16043=SURFACE_STYLE_USAGE(.BOTH.,#16042);
#16044=PRESENTATION_STYLE_ASSIGNMENT((#16043));
#16045=STYLED_ITEM('',(#16044),#16038);
#16046=CARTESIAN_POINT('',(-7.62E0,-4.457665666795E-1,4.187276689679E-1));
#16047=DIRECTION('',(0.E0,-9.345104387413E-1,3.559357243710E-1));
#16048=DIRECTION('',(0.E0,3.559357243710E-1,9.345104387413E-1));
#16049=AXIS2_PLACEMENT_3D('',#16046,#16047,#16048);
#16050=PLANE('',#16049);
#16051=ORIENTED_EDGE('',*,*,#12808,.F.);
#16053=ORIENTED_EDGE('',*,*,#16052,.T.);
#16054=ORIENTED_EDGE('',*,*,#13309,.T.);
#16056=ORIENTED_EDGE('',*,*,#16055,.F.);
#16057=EDGE_LOOP('',(#16051,#16053,#16054,#16056));
#16058=FACE_OUTER_BOUND('',#16057,.F.);
#16059=ADVANCED_FACE('',(#16058),#16050,.T.);
#16060=FILL_AREA_STYLE_COLOUR('',#14);
#16061=FILL_AREA_STYLE('',(#16060));
#16062=SURFACE_STYLE_FILL_AREA(#16061);
#16063=SURFACE_SIDE_STYLE('',(#16062));
#16064=SURFACE_STYLE_USAGE(.BOTH.,#16063);
#16065=PRESENTATION_STYLE_ASSIGNMENT((#16064));
#16066=STYLED_ITEM('',(#16065),#16059);
#16067=CARTESIAN_POINT('',(-7.62E0,-4.329548891481E-1,4.187276689679E-1));
#16068=DIRECTION('',(0.E0,0.E0,-1.E0));
#16069=DIRECTION('',(0.E0,-1.E0,0.E0));
#16070=AXIS2_PLACEMENT_3D('',#16067,#16068,#16069);
#16071=PLANE('',#16070);
#16072=ORIENTED_EDGE('',*,*,#12822,.F.);
#16074=ORIENTED_EDGE('',*,*,#16073,.T.);
#16075=ORIENTED_EDGE('',*,*,#13311,.T.);
#16076=ORIENTED_EDGE('',*,*,#16052,.F.);
#16077=EDGE_LOOP('',(#16072,#16074,#16075,#16076));
#16078=FACE_OUTER_BOUND('',#16077,.F.);
#16079=ADVANCED_FACE('',(#16078),#16071,.T.);
#16080=FILL_AREA_STYLE_COLOUR('',#14);
#16081=FILL_AREA_STYLE('',(#16080));
#16082=SURFACE_STYLE_FILL_AREA(#16081);
#16083=SURFACE_SIDE_STYLE('',(#16082));
#16084=SURFACE_STYLE_USAGE(.BOTH.,#16083);
#16085=PRESENTATION_STYLE_ASSIGNMENT((#16084));
#16086=STYLED_ITEM('',(#16085),#16079);
#16087=CARTESIAN_POINT('',(-7.62E0,-4.237938509131E-1,4.432948642348E-1));
#16088=DIRECTION('',(0.E0,9.369753459537E-1,-3.493954794713E-1));
#16089=DIRECTION('',(0.E0,-3.493954794713E-1,-9.369753459537E-1));
#16090=AXIS2_PLACEMENT_3D('',#16087,#16088,#16089);
#16091=PLANE('',#16090);
#16092=ORIENTED_EDGE('',*,*,#12820,.F.);
#16094=ORIENTED_EDGE('',*,*,#16093,.T.);
#16095=ORIENTED_EDGE('',*,*,#13313,.T.);
#16096=ORIENTED_EDGE('',*,*,#16073,.F.);
#16097=EDGE_LOOP('',(#16092,#16094,#16095,#16096));
#16098=FACE_OUTER_BOUND('',#16097,.F.);
#16099=ADVANCED_FACE('',(#16098),#16091,.T.);
#16100=FILL_AREA_STYLE_COLOUR('',#14);
#16101=FILL_AREA_STYLE('',(#16100));
#16102=SURFACE_STYLE_FILL_AREA(#16101);
#16103=SURFACE_SIDE_STYLE('',(#16102));
#16104=SURFACE_STYLE_USAGE(.BOTH.,#16103);
#16105=PRESENTATION_STYLE_ASSIGNMENT((#16104));
#16106=STYLED_ITEM('',(#16105),#16099);
#16107=CARTESIAN_POINT('',(-7.62E0,-3.863920181186E-1,4.432948642348E-1));
#16108=DIRECTION('',(0.E0,0.E0,-1.E0));
#16109=DIRECTION('',(0.E0,-1.E0,0.E0));
#16110=AXIS2_PLACEMENT_3D('',#16107,#16108,#16109);
#16111=PLANE('',#16110);
#16112=ORIENTED_EDGE('',*,*,#12818,.F.);
#16114=ORIENTED_EDGE('',*,*,#16113,.T.);
#16115=ORIENTED_EDGE('',*,*,#13315,.T.);
#16116=ORIENTED_EDGE('',*,*,#16093,.F.);
#16117=EDGE_LOOP('',(#16112,#16114,#16115,#16116));
#16118=FACE_OUTER_BOUND('',#16117,.F.);
#16119=ADVANCED_FACE('',(#16118),#16111,.T.);
#16120=FILL_AREA_STYLE_COLOUR('',#14);
#16121=FILL_AREA_STYLE('',(#16120));
#16122=SURFACE_STYLE_FILL_AREA(#16121);
#16123=SURFACE_SIDE_STYLE('',(#16122));
#16124=SURFACE_STYLE_USAGE(.BOTH.,#16123);
#16125=PRESENTATION_STYLE_ASSIGNMENT((#16124));
#16126=STYLED_ITEM('',(#16125),#16119);
#16127=CARTESIAN_POINT('',(-7.62E0,-3.777590597802E-1,4.187276689679E-1));
#16128=DIRECTION('',(0.E0,-9.434452330623E-1,-3.315284184079E-1));
#16129=DIRECTION('',(0.E0,-3.315284184079E-1,9.434452330623E-1));
#16130=AXIS2_PLACEMENT_3D('',#16127,#16128,#16129);
#16131=PLANE('',#16130);
#16132=ORIENTED_EDGE('',*,*,#12816,.F.);
#16134=ORIENTED_EDGE('',*,*,#16133,.T.);
#16135=ORIENTED_EDGE('',*,*,#13317,.T.);
#16136=ORIENTED_EDGE('',*,*,#16113,.F.);
#16137=EDGE_LOOP('',(#16132,#16134,#16135,#16136));
#16138=FACE_OUTER_BOUND('',#16137,.F.);
#16139=ADVANCED_FACE('',(#16138),#16131,.T.);
#16140=FILL_AREA_STYLE_COLOUR('',#14);
#16141=FILL_AREA_STYLE('',(#16140));
#16142=SURFACE_STYLE_FILL_AREA(#16141);
#16143=SURFACE_SIDE_STYLE('',(#16142));
#16144=SURFACE_STYLE_USAGE(.BOTH.,#16143);
#16145=PRESENTATION_STYLE_ASSIGNMENT((#16144));
#16146=STYLED_ITEM('',(#16145),#16139);
#16147=CARTESIAN_POINT('',(-7.62E0,-3.649473822488E-1,4.187276689679E-1));
#16148=DIRECTION('',(0.E0,0.E0,-1.E0));
#16149=DIRECTION('',(0.E0,-1.E0,0.E0));
#16150=AXIS2_PLACEMENT_3D('',#16147,#16148,#16149);
#16151=PLANE('',#16150);
#16152=ORIENTED_EDGE('',*,*,#12814,.F.);
#16154=ORIENTED_EDGE('',*,*,#16153,.T.);
#16155=ORIENTED_EDGE('',*,*,#13319,.T.);
#16156=ORIENTED_EDGE('',*,*,#16133,.F.);
#16157=EDGE_LOOP('',(#16152,#16154,#16155,#16156));
#16158=FACE_OUTER_BOUND('',#16157,.F.);
#16159=ADVANCED_FACE('',(#16158),#16151,.T.);
#16160=FILL_AREA_STYLE_COLOUR('',#14);
#16161=FILL_AREA_STYLE('',(#16160));
#16162=SURFACE_STYLE_FILL_AREA(#16161);
#16163=SURFACE_SIDE_STYLE('',(#16162));
#16164=SURFACE_STYLE_USAGE(.BOTH.,#16163);
#16165=PRESENTATION_STYLE_ASSIGNMENT((#16164));
#16166=STYLED_ITEM('',(#16165),#16159);
#16167=CARTESIAN_POINT('',(-7.62E0,-3.991577756583E-1,5.085471716644E-1));
#16168=DIRECTION('',(0.E0,9.345104387424E-1,3.559357243682E-1));
#16169=DIRECTION('',(0.E0,3.559357243682E-1,-9.345104387424E-1));
#16170=AXIS2_PLACEMENT_3D('',#16167,#16168,#16169);
#16171=PLANE('',#16170);
#16172=ORIENTED_EDGE('',*,*,#12812,.F.);
#16174=ORIENTED_EDGE('',*,*,#16173,.T.);
#16175=ORIENTED_EDGE('',*,*,#13321,.T.);
#16176=ORIENTED_EDGE('',*,*,#16153,.F.);
#16177=EDGE_LOOP('',(#16172,#16174,#16175,#16176));
#16178=FACE_OUTER_BOUND('',#16177,.F.);
#16179=ADVANCED_FACE('',(#16178),#16171,.T.);
#16180=FILL_AREA_STYLE_COLOUR('',#14);
#16181=FILL_AREA_STYLE('',(#16180));
#16182=SURFACE_STYLE_FILL_AREA(#16181);
#16183=SURFACE_SIDE_STYLE('',(#16182));
#16184=SURFACE_STYLE_USAGE(.BOTH.,#16183);
#16185=PRESENTATION_STYLE_ASSIGNMENT((#16184));
#16186=STYLED_ITEM('',(#16185),#16179);
#16187=CARTESIAN_POINT('',(-7.62E0,-4.115561732697E-1,5.085471716644E-1));
#16188=DIRECTION('',(0.E0,0.E0,1.E0));
#16189=DIRECTION('',(0.E0,1.E0,0.E0));
#16190=AXIS2_PLACEMENT_3D('',#16187,#16188,#16189);
#16191=PLANE('',#16190);
#16192=ORIENTED_EDGE('',*,*,#12810,.F.);
#16193=ORIENTED_EDGE('',*,*,#16055,.T.);
#16194=ORIENTED_EDGE('',*,*,#13323,.T.);
#16195=ORIENTED_EDGE('',*,*,#16173,.F.);
#16196=EDGE_LOOP('',(#16192,#16193,#16194,#16195));
#16197=FACE_OUTER_BOUND('',#16196,.F.);
#16198=ADVANCED_FACE('',(#16197),#16191,.T.);
#16199=FILL_AREA_STYLE_COLOUR('',#14);
#16200=FILL_AREA_STYLE('',(#16199));
#16201=SURFACE_STYLE_FILL_AREA(#16200);
#16202=SURFACE_SIDE_STYLE('',(#16201));
#16203=SURFACE_STYLE_USAGE(.BOTH.,#16202);
#16204=PRESENTATION_STYLE_ASSIGNMENT((#16203));
#16205=STYLED_ITEM('',(#16204),#16198);
#16206=CARTESIAN_POINT('',(-7.62E0,1.609228027372E-1,5.819371786597E-1));
#16207=CARTESIAN_POINT('',(-7.62E0,1.617994270508E-1,5.851532968909E-1));
#16208=CARTESIAN_POINT('',(-7.62E0,1.690115559170E-1,6.077188088412E-1));
#16209=CARTESIAN_POINT('',(-7.62E0,2.012182980051E-1,6.548856488026E-1));
#16210=CARTESIAN_POINT('',(-7.62E0,2.810586754309E-1,6.855520102551E-1));
#16211=CARTESIAN_POINT('',(-7.62E0,3.537369949602E-1,6.618858594252E-1));
#16212=CARTESIAN_POINT('',(-7.62E0,3.843382708627E-1,6.302240026469E-1));
#16213=CARTESIAN_POINT('',(-7.62E0,3.940047265247E-1,6.167806453158E-1));
#16214=CARTESIAN_POINT('',(-7.62E0,3.958686753463E-1,6.140363903532E-1));
#16216=CURVE_STYLE('',#13525,POSITIVE_LENGTH_MEASURE(2.E-2),#14);
#16217=PRESENTATION_STYLE_ASSIGNMENT((#16216));
#16218=STYLED_ITEM('',(#16217),#16215);
#16219=DIRECTION('',(-1.E0,0.E0,0.E0));
#16220=VECTOR('',#16219,1.E0);
#16221=SURFACE_OF_LINEAR_EXTRUSION('',#16215,#16220);
#16222=ORIENTED_EDGE('',*,*,#12844,.F.);
#16224=ORIENTED_EDGE('',*,*,#16223,.T.);
#16225=ORIENTED_EDGE('',*,*,#13352,.T.);
#16227=ORIENTED_EDGE('',*,*,#16226,.F.);
#16228=EDGE_LOOP('',(#16222,#16224,#16225,#16227));
#16229=FACE_OUTER_BOUND('',#16228,.F.);
#16230=ADVANCED_FACE('',(#16229),#16221,.T.);
#16231=FILL_AREA_STYLE_COLOUR('',#14);
#16232=FILL_AREA_STYLE('',(#16231));
#16233=SURFACE_STYLE_FILL_AREA(#16232);
#16234=SURFACE_SIDE_STYLE('',(#16233));
#16235=SURFACE_STYLE_USAGE(.BOTH.,#16234);
#16236=PRESENTATION_STYLE_ASSIGNMENT((#16235));
#16237=STYLED_ITEM('',(#16236),#16230);
#16238=CARTESIAN_POINT('',(-7.62E0,1.927408870730E-1,4.182152892640E-1));
#16239=CARTESIAN_POINT('',(-7.62E0,1.893330352704E-1,4.180518601901E-1));
#16240=CARTESIAN_POINT('',(-7.62E0,1.643398081203E-1,4.185715289076E-1));
#16241=CARTESIAN_POINT('',(-7.62E0,1.182684985601E-1,4.415927008153E-1));
#16242=CARTESIAN_POINT('',(-7.62E0,8.479908894584E-2,5.208321031378E-1));
#16243=CARTESIAN_POINT('',(-7.62E0,1.333798597555E-1,5.845493134940E-1));
#16244=CARTESIAN_POINT('',(-7.62E0,1.704794308144E-1,5.932700051746E-1));
#16245=CARTESIAN_POINT('',(-7.62E0,1.737861902634E-1,5.937658889185E-1));
#16247=CURVE_STYLE('',#13525,POSITIVE_LENGTH_MEASURE(2.E-2),#14);
#16248=PRESENTATION_STYLE_ASSIGNMENT((#16247));
#16249=STYLED_ITEM('',(#16248),#16246);
#16250=DIRECTION('',(-1.E0,0.E0,0.E0));
#16251=VECTOR('',#16250,1.E0);
#16252=SURFACE_OF_LINEAR_EXTRUSION('',#16246,#16251);
#16253=ORIENTED_EDGE('',*,*,#12874,.F.);
#16255=ORIENTED_EDGE('',*,*,#16254,.T.);
#16256=ORIENTED_EDGE('',*,*,#13354,.T.);
#16257=ORIENTED_EDGE('',*,*,#16223,.F.);
#16258=EDGE_LOOP('',(#16253,#16255,#16256,#16257));
#16259=FACE_OUTER_BOUND('',#16258,.F.);
#16260=ADVANCED_FACE('',(#16259),#16252,.T.);
#16261=FILL_AREA_STYLE_COLOUR('',#14);
#16262=FILL_AREA_STYLE('',(#16261));
#16263=SURFACE_STYLE_FILL_AREA(#16262);
#16264=SURFACE_SIDE_STYLE('',(#16263));
#16265=SURFACE_STYLE_USAGE(.BOTH.,#16264);
#16266=PRESENTATION_STYLE_ASSIGNMENT((#16265));
#16267=STYLED_ITEM('',(#16266),#16260);
#16268=CARTESIAN_POINT('',(-7.62E0,1.844426989866E-1,4.184161602590E-1));
#16269=CARTESIAN_POINT('',(-7.62E0,1.844299268695E-1,4.184161602590E-1));
#16270=CARTESIAN_POINT('',(-7.62E0,1.837785488983E-1,4.184161602590E-1));
#16271=CARTESIAN_POINT('',(-7.62E0,1.831143988099E-1,4.184161602590E-1));
#16272=CARTESIAN_POINT('',(-7.62E0,1.824630208387E-1,4.184161602590E-1));
#16273=CARTESIAN_POINT('',(-7.62E0,1.824502487216E-1,4.184161602590E-1));
#16275=CURVE_STYLE('',#13525,POSITIVE_LENGTH_MEASURE(2.E-2),#14);
#16276=PRESENTATION_STYLE_ASSIGNMENT((#16275));
#16277=STYLED_ITEM('',(#16276),#16274);
#16278=DIRECTION('',(-1.E0,0.E0,0.E0));
#16279=VECTOR('',#16278,1.E0);
#16280=SURFACE_OF_LINEAR_EXTRUSION('',#16274,#16279);
#16281=ORIENTED_EDGE('',*,*,#12872,.F.);
#16283=ORIENTED_EDGE('',*,*,#16282,.T.);
#16284=ORIENTED_EDGE('',*,*,#13356,.T.);
#16285=ORIENTED_EDGE('',*,*,#16254,.F.);
#16286=EDGE_LOOP('',(#16281,#16283,#16284,#16285));
#16287=FACE_OUTER_BOUND('',#16286,.F.);
#16288=ADVANCED_FACE('',(#16287),#16280,.T.);
#16289=FILL_AREA_STYLE_COLOUR('',#14);
#16290=FILL_AREA_STYLE('',(#16289));
#16291=SURFACE_STYLE_FILL_AREA(#16290);
#16292=SURFACE_SIDE_STYLE('',(#16291));
#16293=SURFACE_STYLE_USAGE(.BOTH.,#16292);
#16294=PRESENTATION_STYLE_ASSIGNMENT((#16293));
#16295=STYLED_ITEM('',(#16294),#16288);
#16296=CARTESIAN_POINT('',(-7.62E0,1.863585165487E-1,4.184161602590E-1));
#16297=CARTESIAN_POINT('',(-7.62E0,1.863457444316E-1,4.184161602590E-1));
#16298=CARTESIAN_POINT('',(-7.62E0,1.856943664605E-1,4.184161602590E-1));
#16299=CARTESIAN_POINT('',(-7.62E0,1.850302163723E-1,4.184161602590E-1));
#16300=CARTESIAN_POINT('',(-7.62E0,1.843788384012E-1,4.184161602590E-1));
#16301=CARTESIAN_POINT('',(-7.62E0,1.843660662841E-1,4.184161602590E-1));
#16303=CURVE_STYLE('',#13525,POSITIVE_LENGTH_MEASURE(2.E-2),#14);
#16304=PRESENTATION_STYLE_ASSIGNMENT((#16303));
#16305=STYLED_ITEM('',(#16304),#16302);
#16306=DIRECTION('',(-1.E0,0.E0,0.E0));
#16307=VECTOR('',#16306,1.E0);
#16308=SURFACE_OF_LINEAR_EXTRUSION('',#16302,#16307);
#16309=ORIENTED_EDGE('',*,*,#12870,.F.);
#16311=ORIENTED_EDGE('',*,*,#16310,.T.);
#16312=ORIENTED_EDGE('',*,*,#13358,.T.);
#16313=ORIENTED_EDGE('',*,*,#16282,.F.);
#16314=EDGE_LOOP('',(#16309,#16311,#16312,#16313));
#16315=FACE_OUTER_BOUND('',#16314,.F.);
#16316=ADVANCED_FACE('',(#16315),#16308,.T.);
#16317=FILL_AREA_STYLE_COLOUR('',#14);
#16318=FILL_AREA_STYLE('',(#16317));
#16319=SURFACE_STYLE_FILL_AREA(#16318);
#16320=SURFACE_SIDE_STYLE('',(#16319));
#16321=SURFACE_STYLE_USAGE(.BOTH.,#16320);
#16322=PRESENTATION_STYLE_ASSIGNMENT((#16321));
#16323=STYLED_ITEM('',(#16322),#16316);
#16324=CARTESIAN_POINT('',(-7.62E0,2.399067564047E-1,4.184161602590E-1));
#16325=CARTESIAN_POINT('',(-7.62E0,2.333266348252E-1,4.184161602590E-1));
#16326=CARTESIAN_POINT('',(-7.62E0,2.154644494228E-1,4.184161602590E-1));
#16327=CARTESIAN_POINT('',(-7.62E0,1.910221424410E-1,4.184161602590E-1));
#16328=CARTESIAN_POINT('',(-7.62E0,1.731599570386E-1,4.184161602590E-1));
#16329=CARTESIAN_POINT('',(-7.62E0,1.665798354592E-1,4.184161602590E-1));
#16331=CURVE_STYLE('',#13525,POSITIVE_LENGTH_MEASURE(2.E-2),#14);
#16332=PRESENTATION_STYLE_ASSIGNMENT((#16331));
#16333=STYLED_ITEM('',(#16332),#16330);
#16334=DIRECTION('',(-1.E0,0.E0,0.E0));
#16335=VECTOR('',#16334,1.E0);
#16336=SURFACE_OF_LINEAR_EXTRUSION('',#16330,#16335);
#16337=ORIENTED_EDGE('',*,*,#12868,.F.);
#16339=ORIENTED_EDGE('',*,*,#16338,.T.);
#16340=ORIENTED_EDGE('',*,*,#13360,.T.);
#16341=ORIENTED_EDGE('',*,*,#16310,.F.);
#16342=EDGE_LOOP('',(#16337,#16339,#16340,#16341));
#16343=FACE_OUTER_BOUND('',#16342,.F.);
#16344=ADVANCED_FACE('',(#16343),#16336,.T.);
#16345=FILL_AREA_STYLE_COLOUR('',#14);
#16346=FILL_AREA_STYLE('',(#16345));
#16347=SURFACE_STYLE_FILL_AREA(#16346);
#16348=SURFACE_SIDE_STYLE('',(#16347));
#16349=SURFACE_STYLE_USAGE(.BOTH.,#16348);
#16350=PRESENTATION_STYLE_ASSIGNMENT((#16349));
#16351=STYLED_ITEM('',(#16350),#16344);
#16352=CARTESIAN_POINT('',(-7.62E0,2.097261077391E-1,4.610099784544E-1));
#16353=CARTESIAN_POINT('',(-7.62E0,2.116555750428E-1,4.581002812690E-1));
#16354=CARTESIAN_POINT('',(-7.62E0,2.147326125576E-1,4.568056374162E-1));
#16355=CARTESIAN_POINT('',(-7.62E0,2.266651095598E-1,4.609720456358E-1));
#16356=CARTESIAN_POINT('',(-7.62E0,2.487091363023E-1,4.378627580861E-1));
#16357=CARTESIAN_POINT('',(-7.62E0,2.255390514734E-1,4.154535115504E-1));
#16358=CARTESIAN_POINT('',(-7.62E0,2.134036833491E-1,4.192456135406E-1));
#16359=CARTESIAN_POINT('',(-7.62E0,2.107121357517E-1,4.219879430664E-1));
#16361=CURVE_STYLE('',#13525,POSITIVE_LENGTH_MEASURE(2.E-2),#14);
#16362=PRESENTATION_STYLE_ASSIGNMENT((#16361));
#16363=STYLED_ITEM('',(#16362),#16360);
#16364=DIRECTION('',(-1.E0,0.E0,0.E0));
#16365=VECTOR('',#16364,1.E0);
#16366=SURFACE_OF_LINEAR_EXTRUSION('',#16360,#16365);
#16367=ORIENTED_EDGE('',*,*,#12866,.F.);
#16369=ORIENTED_EDGE('',*,*,#16368,.T.);
#16370=ORIENTED_EDGE('',*,*,#13362,.T.);
#16371=ORIENTED_EDGE('',*,*,#16338,.F.);
#16372=EDGE_LOOP('',(#16367,#16369,#16370,#16371));
#16373=FACE_OUTER_BOUND('',#16372,.F.);
#16374=ADVANCED_FACE('',(#16373),#16366,.T.);
#16375=FILL_AREA_STYLE_COLOUR('',#14);
#16376=FILL_AREA_STYLE('',(#16375));
#16377=SURFACE_STYLE_FILL_AREA(#16376);
#16378=SURFACE_SIDE_STYLE('',(#16377));
#16379=SURFACE_STYLE_USAGE(.BOTH.,#16378);
#16380=PRESENTATION_STYLE_ASSIGNMENT((#16379));
#16381=STYLED_ITEM('',(#16380),#16374);
#16382=CARTESIAN_POINT('',(-7.62E0,1.665798598199E-1,4.573712066814E-1));
#16383=CARTESIAN_POINT('',(-7.62E0,1.731599813993E-1,4.573712066814E-1));
#16384=CARTESIAN_POINT('',(-7.62E0,1.893192151508E-1,4.573712066814E-1));
#16385=CARTESIAN_POINT('',(-7.62E0,2.120585704816E-1,4.573712066814E-1));
#16386=CARTESIAN_POINT('',(-7.62E0,2.282178042330E-1,4.573712066814E-1));
#16387=CARTESIAN_POINT('',(-7.62E0,2.347979258125E-1,4.573712066814E-1));
#16389=CURVE_STYLE('',#13525,POSITIVE_LENGTH_MEASURE(2.E-2),#14);
#16390=PRESENTATION_STYLE_ASSIGNMENT((#16389));
#16391=STYLED_ITEM('',(#16390),#16388);
#16392=DIRECTION('',(-1.E0,0.E0,0.E0));
#16393=VECTOR('',#16392,1.E0);
#16394=SURFACE_OF_LINEAR_EXTRUSION('',#16388,#16393);
#16395=ORIENTED_EDGE('',*,*,#12864,.F.);
#16397=ORIENTED_EDGE('',*,*,#16396,.T.);
#16398=ORIENTED_EDGE('',*,*,#13364,.T.);
#16399=ORIENTED_EDGE('',*,*,#16368,.F.);
#16400=EDGE_LOOP('',(#16395,#16397,#16398,#16399));
#16401=FACE_OUTER_BOUND('',#16400,.F.);
#16402=ADVANCED_FACE('',(#16401),#16394,.T.);
#16403=FILL_AREA_STYLE_COLOUR('',#14);
#16404=FILL_AREA_STYLE('',(#16403));
#16405=SURFACE_STYLE_FILL_AREA(#16404);
#16406=SURFACE_SIDE_STYLE('',(#16405));
#16407=SURFACE_STYLE_USAGE(.BOTH.,#16406);
#16408=PRESENTATION_STYLE_ASSIGNMENT((#16407));
#16409=STYLED_ITEM('',(#16408),#16402);
#16410=CARTESIAN_POINT('',(-7.62E0,2.061180153443E-1,5.594345459424E-1));
#16411=CARTESIAN_POINT('',(-7.62E0,2.023563214690E-1,5.572585083433E-1));
#16412=CARTESIAN_POINT('',(-7.62E0,1.970783820524E-1,5.568664841603E-1));
#16413=CARTESIAN_POINT('',(-7.62E0,1.684685776860E-1,5.579024268843E-1));
#16414=CARTESIAN_POINT('',(-7.62E0,1.155333136923E-1,5.086476460094E-1));
#16415=CARTESIAN_POINT('',(-7.62E0,1.674442551701E-1,4.552557374921E-1));
#16416=CARTESIAN_POINT('',(-7.62E0,1.932649720075E-1,4.574039117445E-1));
#16417=CARTESIAN_POINT('',(-7.62E0,1.966043898829E-1,4.583203629062E-1));
#16419=CURVE_STYLE('',#13525,POSITIVE_LENGTH_MEASURE(2.E-2),#14);
#16420=PRESENTATION_STYLE_ASSIGNMENT((#16419));
#16421=STYLED_ITEM('',(#16420),#16418);
#16422=DIRECTION('',(-1.E0,0.E0,0.E0));
#16423=VECTOR('',#16422,1.E0);
#16424=SURFACE_OF_LINEAR_EXTRUSION('',#16418,#16423);
#16425=ORIENTED_EDGE('',*,*,#12862,.F.);
#16427=ORIENTED_EDGE('',*,*,#16426,.T.);
#16428=ORIENTED_EDGE('',*,*,#13366,.T.);
#16429=ORIENTED_EDGE('',*,*,#16396,.F.);
#16430=EDGE_LOOP('',(#16425,#16427,#16428,#16429));
#16431=FACE_OUTER_BOUND('',#16430,.F.);
#16432=ADVANCED_FACE('',(#16431),#16424,.T.);
#16433=FILL_AREA_STYLE_COLOUR('',#14);
#16434=FILL_AREA_STYLE('',(#16433));
#16435=SURFACE_STYLE_FILL_AREA(#16434);
#16436=SURFACE_SIDE_STYLE('',(#16435));
#16437=SURFACE_STYLE_USAGE(.BOTH.,#16436);
#16438=PRESENTATION_STYLE_ASSIGNMENT((#16437));
#16439=STYLED_ITEM('',(#16438),#16432);
#16440=CARTESIAN_POINT('',(-7.62E0,3.728494176304E-1,5.652733465873E-1));
#16441=CARTESIAN_POINT('',(-7.62E0,3.722639885787E-1,5.687144014737E-1));
#16442=CARTESIAN_POINT('',(-7.62E0,3.627348746757E-1,6.058109636935E-1));
#16443=CARTESIAN_POINT('',(-7.62E0,2.796371564636E-1,6.704280256864E-1));
#16444=CARTESIAN_POINT('',(-7.62E0,1.960801337264E-1,5.932545366214E-1));
#16445=CARTESIAN_POINT('',(-7.62E0,1.947576903578E-1,5.500486843683E-1));
#16446=CARTESIAN_POINT('',(-7.62E0,1.949671767010E-1,5.465964423493E-1));
#16448=CURVE_STYLE('',#13525,POSITIVE_LENGTH_MEASURE(2.E-2),#14);
#16449=PRESENTATION_STYLE_ASSIGNMENT((#16448));
#16450=STYLED_ITEM('',(#16449),#16447);
#16451=DIRECTION('',(-1.E0,0.E0,0.E0));
#16452=VECTOR('',#16451,1.E0);
#16453=SURFACE_OF_LINEAR_EXTRUSION('',#16447,#16452);
#16454=ORIENTED_EDGE('',*,*,#12860,.F.);
#16456=ORIENTED_EDGE('',*,*,#16455,.T.);
#16457=ORIENTED_EDGE('',*,*,#13368,.T.);
#16458=ORIENTED_EDGE('',*,*,#16426,.F.);
#16459=EDGE_LOOP('',(#16454,#16456,#16457,#16458));
#16460=FACE_OUTER_BOUND('',#16459,.F.);
#16461=ADVANCED_FACE('',(#16460),#16453,.T.);
#16462=FILL_AREA_STYLE_COLOUR('',#14);
#16463=FILL_AREA_STYLE('',(#16462));
#16464=SURFACE_STYLE_FILL_AREA(#16463);
#16465=SURFACE_SIDE_STYLE('',(#16464));
#16466=SURFACE_STYLE_USAGE(.BOTH.,#16465);
#16467=PRESENTATION_STYLE_ASSIGNMENT((#16466));
#16468=STYLED_ITEM('',(#16467),#16461);
#16469=CARTESIAN_POINT('',(-7.62E0,4.197266456710E-1,4.591266140892E-1));
#16470=CARTESIAN_POINT('',(-7.62E0,4.230704339596E-1,4.598632675165E-1));
#16471=CARTESIAN_POINT('',(-7.62E0,4.481711241817E-1,4.684513826047E-1));
#16472=CARTESIAN_POINT('',(-7.62E0,4.917685712694E-1,5.284900140945E-1));
#16473=CARTESIAN_POINT('',(-7.62E0,4.223961220527E-1,5.959577016947E-1));
#16474=CARTESIAN_POINT('',(-7.62E0,3.768211491063E-1,5.803576381066E-1));
#16475=CARTESIAN_POINT('',(-7.62E0,3.644741507919E-1,5.717913447840E-1));
#16476=CARTESIAN_POINT('',(-7.62E0,3.618582679239E-1,5.697361336522E-1));
#16478=CURVE_STYLE('',#13525,POSITIVE_LENGTH_MEASURE(2.E-2),#14);
#16479=PRESENTATION_STYLE_ASSIGNMENT((#16478));
#16480=STYLED_ITEM('',(#16479),#16477);
#16481=DIRECTION('',(-1.E0,0.E0,0.E0));
#16482=VECTOR('',#16481,1.E0);
#16483=SURFACE_OF_LINEAR_EXTRUSION('',#16477,#16482);
#16484=ORIENTED_EDGE('',*,*,#12858,.F.);
#16486=ORIENTED_EDGE('',*,*,#16485,.T.);
#16487=ORIENTED_EDGE('',*,*,#13370,.T.);
#16488=ORIENTED_EDGE('',*,*,#16455,.F.);
#16489=EDGE_LOOP('',(#16484,#16486,#16487,#16488));
#16490=FACE_OUTER_BOUND('',#16489,.F.);
#16491=ADVANCED_FACE('',(#16490),#16483,.T.);
#16492=FILL_AREA_STYLE_COLOUR('',#14);
#16493=FILL_AREA_STYLE('',(#16492));
#16494=SURFACE_STYLE_FILL_AREA(#16493);
#16495=SURFACE_SIDE_STYLE('',(#16494));
#16496=SURFACE_STYLE_USAGE(.BOTH.,#16495);
#16497=PRESENTATION_STYLE_ASSIGNMENT((#16496));
#16498=STYLED_ITEM('',(#16497),#16491);
#16499=CARTESIAN_POINT('',(-7.62E0,3.157581056494E-1,4.744970557160E-1));
#16500=CARTESIAN_POINT('',(-7.62E0,3.174409583385E-1,4.774547488666E-1));
#16501=CARTESIAN_POINT('',(-7.62E0,3.295112671125E-1,4.944714030648E-1));
#16502=CARTESIAN_POINT('',(-7.62E0,3.765577971861E-1,5.173737566475E-1));
#16503=CARTESIAN_POINT('',(-7.62E0,4.247939558367E-1,4.828321862660E-1));
#16504=CARTESIAN_POINT('',(-7.62E0,4.316425721282E-1,4.560107015631E-1));
#16505=CARTESIAN_POINT('',(-7.62E0,4.320912859214E-1,4.526870230835E-1));
#16507=CURVE_STYLE('',#13525,POSITIVE_LENGTH_MEASURE(2.E-2),#14);
#16508=PRESENTATION_STYLE_ASSIGNMENT((#16507));
#16509=STYLED_ITEM('',(#16508),#16506);
#16510=DIRECTION('',(-1.E0,0.E0,0.E0));
#16511=VECTOR('',#16510,1.E0);
#16512=SURFACE_OF_LINEAR_EXTRUSION('',#16506,#16511);
#16513=ORIENTED_EDGE('',*,*,#12856,.F.);
#16515=ORIENTED_EDGE('',*,*,#16514,.T.);
#16516=ORIENTED_EDGE('',*,*,#13372,.T.);
#16517=ORIENTED_EDGE('',*,*,#16485,.F.);
#16518=EDGE_LOOP('',(#16513,#16515,#16516,#16517));
#16519=FACE_OUTER_BOUND('',#16518,.F.);
#16520=ADVANCED_FACE('',(#16519),#16512,.T.);
#16521=FILL_AREA_STYLE_COLOUR('',#14);
#16522=FILL_AREA_STYLE('',(#16521));
#16523=SURFACE_STYLE_FILL_AREA(#16522);
#16524=SURFACE_SIDE_STYLE('',(#16523));
#16525=SURFACE_STYLE_USAGE(.BOTH.,#16524);
#16526=PRESENTATION_STYLE_ASSIGNMENT((#16525));
#16527=STYLED_ITEM('',(#16526),#16520);
#16528=CARTESIAN_POINT('',(-7.62E0,2.186347291778E-1,5.367581991278E-1));
#16529=CARTESIAN_POINT('',(-7.62E0,2.244670123252E-1,5.337114839641E-1));
#16530=CARTESIAN_POINT('',(-7.62E0,2.588237620171E-1,5.157639276440E-1));
#16531=CARTESIAN_POINT('',(-7.62E0,2.990127948564E-1,4.947696561603E-1));
#16532=CARTESIAN_POINT('',(-7.62E0,3.333695445483E-1,4.768220998403E-1));
#16533=CARTESIAN_POINT('',(-7.62E0,3.392018276957E-1,4.737753846766E-1));
#16535=CURVE_STYLE('',#13525,POSITIVE_LENGTH_MEASURE(2.E-2),#14);
#16536=PRESENTATION_STYLE_ASSIGNMENT((#16535));
#16537=STYLED_ITEM('',(#16536),#16534);
#16538=DIRECTION('',(-1.E0,0.E0,0.E0));
#16539=VECTOR('',#16538,1.E0);
#16540=SURFACE_OF_LINEAR_EXTRUSION('',#16534,#16539);
#16541=ORIENTED_EDGE('',*,*,#12854,.F.);
#16543=ORIENTED_EDGE('',*,*,#16542,.T.);
#16544=ORIENTED_EDGE('',*,*,#13374,.T.);
#16545=ORIENTED_EDGE('',*,*,#16514,.F.);
#16546=EDGE_LOOP('',(#16541,#16543,#16544,#16545));
#16547=FACE_OUTER_BOUND('',#16546,.F.);
#16548=ADVANCED_FACE('',(#16547),#16540,.T.);
#16549=FILL_AREA_STYLE_COLOUR('',#14);
#16550=FILL_AREA_STYLE('',(#16549));
#16551=SURFACE_STYLE_FILL_AREA(#16550);
#16552=SURFACE_SIDE_STYLE('',(#16551));
#16553=SURFACE_STYLE_USAGE(.BOTH.,#16552);
#16554=PRESENTATION_STYLE_ASSIGNMENT((#16553));
#16555=STYLED_ITEM('',(#16554),#16548);
#16556=CARTESIAN_POINT('',(-7.62E0,2.063681810112E-1,4.767322087883E-1));
#16557=CARTESIAN_POINT('',(-7.62E0,2.096903728548E-1,4.824120891880E-1));
#16558=CARTESIAN_POINT('',(-7.62E0,2.196115053910E-1,4.993740374708E-1));
#16559=CARTESIAN_POINT('',(-7.62E0,2.328548297707E-1,5.220158661533E-1));
#16560=CARTESIAN_POINT('',(-7.62E0,2.427759623070E-1,5.389778144360E-1));
#16561=CARTESIAN_POINT('',(-7.62E0,2.460981541505E-1,5.446576948357E-1));
#16563=CURVE_STYLE('',#13525,POSITIVE_LENGTH_MEASURE(2.E-2),#14);
#16564=PRESENTATION_STYLE_ASSIGNMENT((#16563));
#16565=STYLED_ITEM('',(#16564),#16562);
#16566=DIRECTION('',(-1.E0,0.E0,0.E0));
#16567=VECTOR('',#16566,1.E0);
#16568=SURFACE_OF_LINEAR_EXTRUSION('',#16562,#16567);
#16569=ORIENTED_EDGE('',*,*,#12852,.F.);
#16571=ORIENTED_EDGE('',*,*,#16570,.T.);
#16572=ORIENTED_EDGE('',*,*,#13376,.T.);
#16573=ORIENTED_EDGE('',*,*,#16542,.F.);
#16574=EDGE_LOOP('',(#16569,#16571,#16572,#16573));
#16575=FACE_OUTER_BOUND('',#16574,.F.);
#16576=ADVANCED_FACE('',(#16575),#16568,.T.);
#16577=FILL_AREA_STYLE_COLOUR('',#14);
#16578=FILL_AREA_STYLE('',(#16577));
#16579=SURFACE_STYLE_FILL_AREA(#16578);
#16580=SURFACE_SIDE_STYLE('',(#16579));
#16581=SURFACE_STYLE_USAGE(.BOTH.,#16580);
#16582=PRESENTATION_STYLE_ASSIGNMENT((#16581));
#16583=STYLED_ITEM('',(#16582),#16576);
#16584=CARTESIAN_POINT('',(-7.62E0,3.231921602618E-1,4.372900823616E-1));
#16585=CARTESIAN_POINT('',(-7.62E0,3.173747080014E-1,4.403650212550E-1));
#16586=CARTESIAN_POINT('',(-7.62E0,2.817555734281E-1,4.591922771303E-1));
#16587=CARTESIAN_POINT('',(-7.62E0,2.403189865944E-1,4.810944718989E-1));
#16588=CARTESIAN_POINT('',(-7.62E0,2.046998520210E-1,4.999217277741E-1));
#16589=CARTESIAN_POINT('',(-7.62E0,1.988823997606E-1,5.029966666675E-1));
#16591=CURVE_STYLE('',#13525,POSITIVE_LENGTH_MEASURE(2.E-2),#14);
#16592=PRESENTATION_STYLE_ASSIGNMENT((#16591));
#16593=STYLED_ITEM('',(#16592),#16590);
#16594=DIRECTION('',(-1.E0,0.E0,0.E0));
#16595=VECTOR('',#16594,1.E0);
#16596=SURFACE_OF_LINEAR_EXTRUSION('',#16590,#16595);
#16597=ORIENTED_EDGE('',*,*,#12850,.F.);
#16599=ORIENTED_EDGE('',*,*,#16598,.T.);
#16600=ORIENTED_EDGE('',*,*,#13378,.T.);
#16601=ORIENTED_EDGE('',*,*,#16570,.F.);
#16602=EDGE_LOOP('',(#16597,#16599,#16600,#16601));
#16603=FACE_OUTER_BOUND('',#16602,.F.);
#16604=ADVANCED_FACE('',(#16603),#16596,.T.);
#16605=FILL_AREA_STYLE_COLOUR('',#14);
#16606=FILL_AREA_STYLE('',(#16605));
#16607=SURFACE_STYLE_FILL_AREA(#16606);
#16608=SURFACE_SIDE_STYLE('',(#16607));
#16609=SURFACE_STYLE_USAGE(.BOTH.,#16608);
#16610=PRESENTATION_STYLE_ASSIGNMENT((#16609));
#16611=STYLED_ITEM('',(#16610),#16604);
#16612=CARTESIAN_POINT('',(-7.62E0,4.323477507706E-1,4.300748475954E-1));
#16613=CARTESIAN_POINT('',(-7.62E0,4.320914351797E-1,4.265889875579E-1));
#16614=CARTESIAN_POINT('',(-7.62E0,4.264440797086E-1,3.990249669477E-1));
#16615=CARTESIAN_POINT('',(-7.62E0,3.634739340599E-1,3.503921179645E-1));
#16616=CARTESIAN_POINT('',(-7.62E0,3.046050585697E-1,4.122448404928E-1));
#16617=CARTESIAN_POINT('',(-7.62E0,3.058646332341E-1,4.479219791207E-1));
#16618=CARTESIAN_POINT('',(-7.62E0,3.055318696696E-1,4.536233685328E-1));
#16619=CARTESIAN_POINT('',(-7.62E0,3.040769115609E-1,4.572866234403E-1));
#16621=CURVE_STYLE('',#13525,POSITIVE_LENGTH_MEASURE(2.E-2),#14);
#16622=PRESENTATION_STYLE_ASSIGNMENT((#16621));
#16623=STYLED_ITEM('',(#16622),#16620);
#16624=DIRECTION('',(-1.E0,0.E0,0.E0));
#16625=VECTOR('',#16624,1.E0);
#16626=SURFACE_OF_LINEAR_EXTRUSION('',#16620,#16625);
#16627=ORIENTED_EDGE('',*,*,#12848,.F.);
#16629=ORIENTED_EDGE('',*,*,#16628,.T.);
#16630=ORIENTED_EDGE('',*,*,#13380,.T.);
#16631=ORIENTED_EDGE('',*,*,#16598,.F.);
#16632=EDGE_LOOP('',(#16627,#16629,#16630,#16631));
#16633=FACE_OUTER_BOUND('',#16632,.F.);
#16634=ADVANCED_FACE('',(#16633),#16626,.T.);
#16635=FILL_AREA_STYLE_COLOUR('',#14);
#16636=FILL_AREA_STYLE('',(#16635));
#16637=SURFACE_STYLE_FILL_AREA(#16636);
#16638=SURFACE_SIDE_STYLE('',(#16637));
#16639=SURFACE_STYLE_USAGE(.BOTH.,#16638);
#16640=PRESENTATION_STYLE_ASSIGNMENT((#16639));
#16641=STYLED_ITEM('',(#16640),#16634);
#16642=CARTESIAN_POINT('',(-7.62E0,3.800328273664E-1,6.209114202621E-1));
#16643=CARTESIAN_POINT('',(-7.62E0,3.833666568519E-1,6.212687237401E-1));
#16644=CARTESIAN_POINT('',(-7.62E0,3.915670368010E-1,6.223664581477E-1));
#16645=CARTESIAN_POINT('',(-7.62E0,4.261861448447E-1,6.262473426012E-1));
#16646=CARTESIAN_POINT('',(-7.62E0,4.861907087023E-1,6.005122281948E-1));
#16647=CARTESIAN_POINT('',(-7.62E0,5.185206999706E-1,5.214343240136E-1));
#16648=CARTESIAN_POINT('',(-7.62E0,4.905862338193E-1,4.487728865483E-1));
#16649=CARTESIAN_POINT('',(-7.62E0,4.464223809631E-1,4.228506538846E-1));
#16650=CARTESIAN_POINT('',(-7.62E0,4.237570768897E-1,4.181835899072E-1));
#16651=CARTESIAN_POINT('',(-7.62E0,4.204769602192E-1,4.176806917853E-1));
#16653=CURVE_STYLE('',#13525,POSITIVE_LENGTH_MEASURE(2.E-2),#14);
#16654=PRESENTATION_STYLE_ASSIGNMENT((#16653));
#16655=STYLED_ITEM('',(#16654),#16652);
#16656=DIRECTION('',(-1.E0,0.E0,0.E0));
#16657=VECTOR('',#16656,1.E0);
#16658=SURFACE_OF_LINEAR_EXTRUSION('',#16652,#16657);
#16659=ORIENTED_EDGE('',*,*,#12846,.F.);
#16660=ORIENTED_EDGE('',*,*,#16226,.T.);
#16661=ORIENTED_EDGE('',*,*,#13382,.T.);
#16662=ORIENTED_EDGE('',*,*,#16628,.F.);
#16663=EDGE_LOOP('',(#16659,#16660,#16661,#16662));
#16664=FACE_OUTER_BOUND('',#16663,.F.);
#16665=ADVANCED_FACE('',(#16664),#16658,.T.);
#16666=FILL_AREA_STYLE_COLOUR('',#14);
#16667=FILL_AREA_STYLE('',(#16666));
#16668=SURFACE_STYLE_FILL_AREA(#16667);
#16669=SURFACE_SIDE_STYLE('',(#16668));
#16670=SURFACE_STYLE_USAGE(.BOTH.,#16669);
#16671=PRESENTATION_STYLE_ASSIGNMENT((#16670));
#16672=STYLED_ITEM('',(#16671),#16665);
#16676=PRESENTATION_LAYER_ASSIGNMENT('02___PRT_ALL_AXES','',(#16673));
#16677=PRESENTATION_LAYER_ASSIGNMENT('06___PRT_ALL_SURFS','',(#16673));
#16679=DIMENSIONAL_EXPONENTS(0.E0,0.E0,0.E0,0.E0,0.E0,0.E0,0.E0);
#16681=PLANE_ANGLE_MEASURE_WITH_UNIT(PLANE_ANGLE_MEASURE(1.745329251994E-2),
#16680);
#16682=(CONVERSION_BASED_UNIT('DEGREE',#16681)NAMED_UNIT(*)PLANE_ANGLE_UNIT());
#16684=UNCERTAINTY_MEASURE_WITH_UNIT(LENGTH_MEASURE(1.644964593640E-3),#16678,
'closure',
'Maximum model space distance between geometric entities at asserted connectivities');
#16685=(GEOMETRIC_REPRESENTATION_CONTEXT(3)GLOBAL_UNCERTAINTY_ASSIGNED_CONTEXT((
#16684))GLOBAL_UNIT_ASSIGNED_CONTEXT((#16678,#16682,#16683))REPRESENTATION_CONTEXT('ID1','3'));
#16688=CARTESIAN_POINT('',(0.E0,0.E0,0.E0));
#16689=DIRECTION('',(0.E0,0.E0,1.E0));
#16690=DIRECTION('',(1.E0,0.E0,0.E0));
#16693=SHAPE_REPRESENTATION_RELATIONSHIP('','',#16692,#16686);
#16694=SHAPE_REPRESENTATION_RELATIONSHIP('','',#16692,#16687);
#16695=MECHANICAL_DESIGN_GEOMETRIC_PRESENTATION_REPRESENTATION('',(#3978,#4000,
#4022,#4044,#4066,#4088,#4110,#4132,#4154,#4176,#4198,#4220,#4242,#4263,#4284,
#4553,#4573,#4592,#4612,#4631,#4651,#4670,#4690,#4709,#4729,#4748,#4768,#4787,
#4807,#4826,#4846,#4865,#4885,#4904,#4924,#4943,#4962,#4982,#5002,#5022,#5042,
#5063,#5084,#5105,#5126,#5147,#5168,#5189,#5210,#5231,#5252,#5273,#5293,#5312,
#5332,#5351,#5371,#5390,#5410,#5429,#5449,#5468,#5488,#5507,#5527,#5546,#5566,
#5585,#5605,#5624,#5644,#5663,#5683,#5702,#5722,#5741,#5763,#5785,#5807,#5829,
#5850,#5871,#5892,#5914,#5933,#5953,#5975,#5996,#6018,#6038,#6057,#6077,#6096,
#6115,#6137,#6159,#6181,#6203,#6224,#6245,#6266,#6288,#6307,#6327,#6349,#6370,
#6392,#6412,#6431,#6451,#6470,#6489,#6511,#6533,#6555,#6577,#6598,#6619,#6640,
#6662,#6681,#6701,#6723,#6744,#6766,#6786,#6805,#6825,#6844,#6863,#6885,#6907,
#6929,#6951,#6972,#6993,#7014,#7036,#7055,#7075,#7097,#7118,#7140,#7160,#7179,
#7199,#7218,#7237,#7259,#7281,#7303,#7325,#7346,#7367,#7388,#7410,#7429,#7449,
#7471,#7492,#7514,#7534,#7553,#7573,#7592,#7611,#7633,#7655,#7677,#7699,#7720,
#7741,#7762,#7784,#7803,#7823,#7845,#7866,#7888,#7908,#7927,#7947,#7966,#7985,
#8007,#8029,#8051,#8073,#8094,#8115,#8136,#8158,#8177,#8197,#8219,#8240,#8262,
#8282,#8301,#8321,#8340,#8359,#8381,#8403,#8425,#8447,#8468,#8489,#8510,#8532,
#8551,#8571,#8593,#8614,#8636,#8656,#8675,#8695,#8714,#8733,#8755,#8777,#8799,
#8821,#8842,#8863,#8884,#8906,#8925,#8945,#8967,#8988,#9010,#9030,#9049,#9069,
#9088,#9107,#9129,#9151,#9173,#9195,#9216,#9237,#9258,#9280,#9299,#9319,#9341,
#9362,#9384,#9404,#9423,#9443,#9462,#9481,#9503,#9525,#9547,#9569,#9590,#9611,
#9632,#9654,#9673,#9693,#9715,#9736,#9758,#9778,#9797,#9817,#9836,#9855,#9877,
#9899,#9921,#9943,#9964,#9985,#10006,#10028,#10047,#10067,#10089,#10110,#10132,
#10152,#10171,#10191,#10210,#10229,#12906,#12926,#12953,#12976,#13015,#13048,
#13091,#13130,#13169,#13192,#13231,#13270,#13303,#13346,#13397,#13418,#13438,
#13458,#13478,#13498,#13517,#13528,#13547,#13562,#13580,#13590,#13608,#13623,
#13640,#13661,#13681,#13701,#13721,#13741,#13761,#13781,#13801,#13821,#13841,
#13861,#13880,#13890,#13909,#13919,#13937,#13947,#13965,#13978,#13995,#14005,
#14024,#14034,#14052,#14062,#14080,#14093,#14110,#14120,#14139,#14149,#14167,
#14177,#14195,#14205,#14223,#14233,#14250,#14271,#14291,#14311,#14331,#14351,
#14371,#14391,#14410,#14431,#14451,#14471,#14491,#14511,#14531,#14551,#14571,
#14591,#14611,#14631,#14650,#14660,#14679,#14694,#14712,#14722,#14739,#14749,
#14768,#14781,#14799,#14809,#14827,#14838,#14856,#14866,#14884,#14895,#14913,
#14923,#14941,#14951,#14968,#14978,#14997,#15015,#15033,#15043,#15061,#15080,
#15097,#15107,#15126,#15136,#15154,#15164,#15182,#15192,#15210,#15220,#15238,
#15249,#15267,#15277,#15295,#15306,#15324,#15334,#15352,#15362,#15380,#15390,
#15408,#15418,#15435,#15456,#15476,#15496,#15516,#15536,#15556,#15576,#15596,
#15616,#15636,#15656,#15675,#15685,#15704,#15714,#15732,#15742,#15760,#15773,
#15790,#15800,#15819,#15829,#15847,#15857,#15875,#15888,#15905,#15915,#15934,
#15944,#15962,#15972,#15990,#16000,#16018,#16028,#16045,#16066,#16086,#16106,
#16126,#16146,#16166,#16186,#16205,#16218,#16237,#16249,#16267,#16277,#16295,
#16305,#16323,#16333,#16351,#16363,#16381,#16391,#16409,#16421,#16439,#16450,
#16468,#16480,#16498,#16509,#16527,#16537,#16555,#16565,#16583,#16593,#16611,
#16623,#16641,#16655,#16672),#16685);
#16696=APPLICATION_CONTEXT(
'CONFIGURATION CONTROLLED 3D DESIGNS OF MECHANICAL PARTS AND ASSEMBLIES');
#16697=APPLICATION_PROTOCOL_DEFINITION('international standard',
'ccd_cla_gvp_ast_asd',1995,#16696);
#16698=DESIGN_CONTEXT('',#16696,'design');
#16699=MECHANICAL_CONTEXT('',#16696,'mechanical');
#16700=PRODUCT('HDR-TH_12P-P','HDR-TH_12P-P','NOT SPECIFIED',(#16699));
#16701=PRODUCT_DEFINITION_FORMATION_WITH_SPECIFIED_SOURCE('2','LAST_VERSION',
#16700,.MADE.);
#16709=DERIVED_UNIT_ELEMENT(#16708,2.E0);
#16710=DERIVED_UNIT((#16709));
#16711=MEASURE_REPRESENTATION_ITEM('surface area measure',AREA_MEASURE(
1.913498043630E2),#16710);
#16716=DERIVED_UNIT_ELEMENT(#16715,3.E0);
#16717=DERIVED_UNIT((#16716));
#16718=MEASURE_REPRESENTATION_ITEM('volume measure',VOLUME_MEASURE(4.000896E1),
#16717);
#16722=CARTESIAN_POINT('centre point',(0.E0,0.E0,6.623380362799E-1));
#16731=DERIVED_UNIT_ELEMENT(#16730,2.E0);
#16732=DERIVED_UNIT((#16731));
#16733=MEASURE_REPRESENTATION_ITEM('surface area measure',AREA_MEASURE(
2.107134963864E-1),#16732);
#16738=DERIVED_UNIT_ELEMENT(#16737,2.E0);
#16739=DERIVED_UNIT((#16738));
#16740=MEASURE_REPRESENTATION_ITEM('surface area measure',AREA_MEASURE(
1.915605178594E2),#16739);
#16745=DERIVED_UNIT_ELEMENT(#16744,3.E0);
#16746=DERIVED_UNIT((#16745));
#16747=MEASURE_REPRESENTATION_ITEM('volume measure',VOLUME_MEASURE(4.000896E1),
#16746);
#16751=CARTESIAN_POINT('centre point',(0.E0,0.E0,6.623380362799E-1));
#16756=PRODUCT_CATEGORY('part','');
#16757=PRODUCT_RELATED_PRODUCT_CATEGORY('detail','',(#16700));
#16758=PRODUCT_CATEGORY_RELATIONSHIP('','',#16756,#16757);
#16759=SECURITY_CLASSIFICATION_LEVEL('unclassified');
#16760=SECURITY_CLASSIFICATION('','',#16759);
#16761=CC_DESIGN_SECURITY_CLASSIFICATION(#16760,(#16701));
#16762=APPROVAL_STATUS('approved');
#16763=APPROVAL(#16762,'');
#16764=CC_DESIGN_APPROVAL(#16763,(#16760,#16701,#16702));
#16765=CALENDAR_DATE(122,24,6);
#16766=COORDINATED_UNIVERSAL_TIME_OFFSET(8,0,.AHEAD.);
#16767=LOCAL_TIME(13,37,3.4E1,#16766);
#16768=DATE_AND_TIME(#16765,#16767);
#16769=APPROVAL_DATE_TIME(#16768,#16763);
#16770=DATE_TIME_ROLE('creation_date');
#16771=CC_DESIGN_DATE_AND_TIME_ASSIGNMENT(#16768,#16770,(#16702));
#16772=DATE_TIME_ROLE('classification_date');
#16773=CC_DESIGN_DATE_AND_TIME_ASSIGNMENT(#16768,#16772,(#16760));
#16774=PERSON('UNSPECIFIED','UNSPECIFIED',$,$,$,$);
#16775=ORGANIZATION('UNSPECIFIED','UNSPECIFIED','UNSPECIFIED');
#16776=PERSON_AND_ORGANIZATION(#16774,#16775);
#16777=APPROVAL_ROLE('approver');
#16778=APPROVAL_PERSON_ORGANIZATION(#16776,#16763,#16777);
#16779=PERSON_AND_ORGANIZATION_ROLE('creator');
#16780=CC_DESIGN_PERSON_AND_ORGANIZATION_ASSIGNMENT(#16776,#16779,(#16701,
#16702));
#16781=PERSON_AND_ORGANIZATION_ROLE('design_supplier');
#16782=CC_DESIGN_PERSON_AND_ORGANIZATION_ASSIGNMENT(#16776,#16781,(#16701));
#16783=PERSON_AND_ORGANIZATION_ROLE('classification_officer');
#16784=CC_DESIGN_PERSON_AND_ORGANIZATION_ASSIGNMENT(#16776,#16783,(#16760));
#16785=PERSON_AND_ORGANIZATION_ROLE('design_owner');
#16786=CC_DESIGN_PERSON_AND_ORGANIZATION_ASSIGNMENT(#16776,#16785,(#16700));
#1=DRAUGHTING_PRE_DEFINED_COLOUR('green');
#2=COLOUR_RGB('',1.1E-2,1.2E-2,1.E0);
#3=COLOUR_RGB('',3.20388E-1,3.20388E-1,3.20388E-1);
#4=COLOUR_RGB('',4.1E-1,2.61589E-1,1.12848E-1);
#5=COLOUR_RGB('',5.04854E-1,1.5455E-2,1.5455E-2);
#6=COLOUR_RGB('',6.35294E-1,6.86275E-1,7.4902E-1);
#7=COLOUR_RGB('',6.40777E-1,6.40777E-1,6.40777E-1);
#8=COLOUR_RGB('',6.69062E-1,6.69903E-1,6.55217E-1);
#9=COLOUR_RGB('',8.23529E-1,7.05882E-1,4.31373E-1);
#10=COLOUR_RGB('',9.21569E-1,7.05882E-1,4.70588E-1);
#11=DRAUGHTING_PRE_DEFINED_COLOUR('red');
#12=DRAUGHTING_PRE_DEFINED_COLOUR('yellow');
#13=COLOUR_RGB('',1.E0,1.E0,5.3E-1);
#14=COLOUR_RGB('',1.E0,1.E0,9.49E-1);
#15=DRAUGHTING_PRE_DEFINED_COLOUR('white');
#3701=EDGE_CURVE('',#3106,#3107,#19,.T.);
#3703=EDGE_CURVE('',#3106,#3111,#23,.T.);
#3705=EDGE_CURVE('',#3110,#3111,#27,.T.);
#3707=EDGE_CURVE('',#3110,#3089,#31,.T.);
#3709=EDGE_CURVE('',#3088,#3089,#35,.T.);
#3711=EDGE_CURVE('',#3091,#3088,#39,.T.);
#3713=EDGE_CURVE('',#3091,#3065,#43,.T.);
#3715=EDGE_CURVE('',#3064,#3065,#47,.T.);
#3717=EDGE_CURVE('',#3067,#3064,#51,.T.);
#3719=EDGE_CURVE('',#3067,#3041,#55,.T.);
#3721=EDGE_CURVE('',#3040,#3041,#59,.T.);
#3723=EDGE_CURVE('',#3043,#3040,#63,.T.);
#3725=EDGE_CURVE('',#3043,#3017,#67,.T.);
#3727=EDGE_CURVE('',#3016,#3017,#71,.T.);
#3729=EDGE_CURVE('',#3019,#3016,#75,.T.);
#3731=EDGE_CURVE('',#3019,#2993,#79,.T.);
#3733=EDGE_CURVE('',#2992,#2993,#83,.T.);
#3735=EDGE_CURVE('',#2995,#2992,#87,.T.);
#3737=EDGE_CURVE('',#2995,#2969,#91,.T.);
#3739=EDGE_CURVE('',#2968,#2969,#95,.T.);
#3741=EDGE_CURVE('',#2971,#2968,#99,.T.);
#3743=EDGE_CURVE('',#2971,#2945,#103,.T.);
#3745=EDGE_CURVE('',#2944,#2945,#107,.T.);
#3747=EDGE_CURVE('',#2947,#2944,#111,.T.);
#3749=EDGE_CURVE('',#2947,#2921,#115,.T.);
#3751=EDGE_CURVE('',#2920,#2921,#119,.T.);
#3753=EDGE_CURVE('',#2923,#2920,#123,.T.);
#3755=EDGE_CURVE('',#2923,#2897,#127,.T.);
#3757=EDGE_CURVE('',#2896,#2897,#131,.T.);
#3759=EDGE_CURVE('',#2899,#2896,#135,.T.);
#3761=EDGE_CURVE('',#2899,#2873,#139,.T.);
#3763=EDGE_CURVE('',#2872,#2873,#143,.T.);
#3765=EDGE_CURVE('',#2875,#2872,#147,.T.);
#3767=EDGE_CURVE('',#2875,#2849,#151,.T.);
#3769=EDGE_CURVE('',#2848,#2849,#155,.T.);
#3771=EDGE_CURVE('',#2851,#2848,#159,.T.);
#3773=EDGE_CURVE('',#2851,#2831,#163,.T.);
#3775=EDGE_CURVE('',#2830,#2831,#167,.T.);
#3777=EDGE_CURVE('',#2830,#2827,#171,.T.);
#3779=EDGE_CURVE('',#2826,#2827,#175,.T.);
#3781=EDGE_CURVE('',#2826,#2843,#179,.T.);
#3783=EDGE_CURVE('',#2842,#2843,#183,.T.);
#3785=EDGE_CURVE('',#2845,#2842,#187,.T.);
#3787=EDGE_CURVE('',#2845,#2867,#191,.T.);
#3789=EDGE_CURVE('',#2866,#2867,#195,.T.);
#3791=EDGE_CURVE('',#2869,#2866,#199,.T.);
#3793=EDGE_CURVE('',#2869,#2891,#203,.T.);
#3795=EDGE_CURVE('',#2890,#2891,#207,.T.);
#3797=EDGE_CURVE('',#2893,#2890,#211,.T.);
#3799=EDGE_CURVE('',#2893,#2915,#215,.T.);
#3801=EDGE_CURVE('',#2914,#2915,#219,.T.);
#3803=EDGE_CURVE('',#2917,#2914,#223,.T.);
#3805=EDGE_CURVE('',#2917,#2939,#227,.T.);
#3807=EDGE_CURVE('',#2938,#2939,#231,.T.);
#3809=EDGE_CURVE('',#2941,#2938,#235,.T.);
#3811=EDGE_CURVE('',#2941,#2963,#239,.T.);
#3813=EDGE_CURVE('',#2962,#2963,#243,.T.);
#3815=EDGE_CURVE('',#2965,#2962,#247,.T.);
#3817=EDGE_CURVE('',#2965,#2987,#251,.T.);
#3819=EDGE_CURVE('',#2986,#2987,#255,.T.);
#3821=EDGE_CURVE('',#2989,#2986,#259,.T.);
#3823=EDGE_CURVE('',#2989,#3011,#263,.T.);
#3825=EDGE_CURVE('',#3010,#3011,#267,.T.);
#3827=EDGE_CURVE('',#3013,#3010,#271,.T.);
#3829=EDGE_CURVE('',#3013,#3035,#275,.T.);
#3831=EDGE_CURVE('',#3034,#3035,#279,.T.);
#3833=EDGE_CURVE('',#3037,#3034,#283,.T.);
#3835=EDGE_CURVE('',#3037,#3059,#287,.T.);
#3837=EDGE_CURVE('',#3058,#3059,#291,.T.);
#3839=EDGE_CURVE('',#3061,#3058,#295,.T.);
#3841=EDGE_CURVE('',#3061,#3083,#299,.T.);
#3843=EDGE_CURVE('',#3082,#3083,#303,.T.);
#3845=EDGE_CURVE('',#3085,#3082,#307,.T.);
#3847=EDGE_CURVE('',#3085,#3107,#311,.T.);
#3851=EDGE_CURVE('',#3122,#3123,#315,.T.);
#3853=EDGE_CURVE('',#3123,#3125,#319,.T.);
#3855=EDGE_CURVE('',#3125,#3127,#323,.T.);
#3857=EDGE_CURVE('',#3127,#3122,#327,.T.);
#3861=EDGE_CURVE('',#3170,#3171,#331,.T.);
#3863=EDGE_CURVE('',#3171,#3173,#335,.T.);
#3865=EDGE_CURVE('',#3173,#3175,#339,.T.);
#3867=EDGE_CURVE('',#3175,#3170,#343,.T.);
#3871=EDGE_CURVE('',#3218,#3219,#347,.T.);
#3873=EDGE_CURVE('',#3219,#3221,#351,.T.);
#3875=EDGE_CURVE('',#3221,#3223,#355,.T.);
#3877=EDGE_CURVE('',#3223,#3218,#359,.T.);
#3881=EDGE_CURVE('',#3266,#3267,#363,.T.);
#3883=EDGE_CURVE('',#3267,#3269,#367,.T.);
#3885=EDGE_CURVE('',#3269,#3271,#371,.T.);
#3887=EDGE_CURVE('',#3271,#3266,#375,.T.);
#3891=EDGE_CURVE('',#3314,#3315,#379,.T.);
#3893=EDGE_CURVE('',#3315,#3317,#383,.T.);
#3895=EDGE_CURVE('',#3317,#3319,#387,.T.);
#3897=EDGE_CURVE('',#3319,#3314,#391,.T.);
#3901=EDGE_CURVE('',#3362,#3363,#395,.T.);
#3903=EDGE_CURVE('',#3363,#3365,#399,.T.);
#3905=EDGE_CURVE('',#3365,#3367,#403,.T.);
#3907=EDGE_CURVE('',#3367,#3362,#407,.T.);
#3911=EDGE_CURVE('',#3410,#3411,#411,.T.);
#3913=EDGE_CURVE('',#3411,#3413,#415,.T.);
#3915=EDGE_CURVE('',#3413,#3415,#419,.T.);
#3917=EDGE_CURVE('',#3415,#3410,#423,.T.);
#3921=EDGE_CURVE('',#3458,#3459,#427,.T.);
#3923=EDGE_CURVE('',#3459,#3461,#431,.T.);
#3925=EDGE_CURVE('',#3461,#3463,#435,.T.);
#3927=EDGE_CURVE('',#3463,#3458,#439,.T.);
#3931=EDGE_CURVE('',#3506,#3507,#443,.T.);
#3933=EDGE_CURVE('',#3507,#3509,#447,.T.);
#3935=EDGE_CURVE('',#3509,#3511,#451,.T.);
#3937=EDGE_CURVE('',#3511,#3506,#455,.T.);
#3941=EDGE_CURVE('',#3554,#3555,#459,.T.);
#3943=EDGE_CURVE('',#3555,#3557,#463,.T.);
#3945=EDGE_CURVE('',#3557,#3559,#467,.T.);
#3947=EDGE_CURVE('',#3559,#3554,#471,.T.);
#3951=EDGE_CURVE('',#3602,#3603,#475,.T.);
#3953=EDGE_CURVE('',#3603,#3605,#479,.T.);
#3955=EDGE_CURVE('',#3605,#3607,#483,.T.);
#3957=EDGE_CURVE('',#3607,#3602,#487,.T.);
#3961=EDGE_CURVE('',#3650,#3651,#491,.T.);
#3963=EDGE_CURVE('',#3651,#3653,#495,.T.);
#3965=EDGE_CURVE('',#3653,#3655,#499,.T.);
#3967=EDGE_CURVE('',#3655,#3650,#503,.T.);
#3985=EDGE_CURVE('',#3107,#3115,#595,.T.);
#3987=EDGE_CURVE('',#3114,#3115,#607,.T.);
#3989=EDGE_CURVE('',#3106,#3114,#1283,.T.);
#4006=EDGE_CURVE('',#2843,#2855,#507,.T.);
#4009=EDGE_CURVE('',#2826,#2834,#511,.T.);
#4011=EDGE_CURVE('',#2834,#2855,#743,.T.);
#4028=EDGE_CURVE('',#2867,#2879,#515,.T.);
#4031=EDGE_CURVE('',#2845,#2857,#519,.T.);
#4033=EDGE_CURVE('',#2857,#2879,#731,.T.);
#4050=EDGE_CURVE('',#2891,#2903,#523,.T.);
#4053=EDGE_CURVE('',#2869,#2881,#527,.T.);
#4055=EDGE_CURVE('',#2881,#2903,#719,.T.);
#4072=EDGE_CURVE('',#2915,#2927,#531,.T.);
#4075=EDGE_CURVE('',#2893,#2905,#535,.T.);
#4077=EDGE_CURVE('',#2905,#2927,#707,.T.);
#4094=EDGE_CURVE('',#2939,#2951,#539,.T.);
#4097=EDGE_CURVE('',#2917,#2929,#543,.T.);
#4099=EDGE_CURVE('',#2929,#2951,#695,.T.);
#4116=EDGE_CURVE('',#2963,#2975,#547,.T.);
#4119=EDGE_CURVE('',#2941,#2953,#551,.T.);
#4121=EDGE_CURVE('',#2953,#2975,#683,.T.);
#4138=EDGE_CURVE('',#2987,#2999,#555,.T.);
#4141=EDGE_CURVE('',#2965,#2977,#559,.T.);
#4143=EDGE_CURVE('',#2977,#2999,#671,.T.);
#4160=EDGE_CURVE('',#3011,#3023,#563,.T.);
#4163=EDGE_CURVE('',#2989,#3001,#567,.T.);
#4165=EDGE_CURVE('',#3001,#3023,#659,.T.);
#4182=EDGE_CURVE('',#3035,#3047,#571,.T.);
#4185=EDGE_CURVE('',#3013,#3025,#575,.T.);
#4187=EDGE_CURVE('',#3025,#3047,#647,.T.);
#4204=EDGE_CURVE('',#3059,#3071,#579,.T.);
#4207=EDGE_CURVE('',#3037,#3049,#583,.T.);
#4209=EDGE_CURVE('',#3049,#3071,#635,.T.);
#4226=EDGE_CURVE('',#3083,#3095,#587,.T.);
#4229=EDGE_CURVE('',#3061,#3073,#591,.T.);
#4231=EDGE_CURVE('',#3073,#3095,#623,.T.);
#4250=EDGE_CURVE('',#3085,#3097,#599,.T.);
#4252=EDGE_CURVE('',#3097,#3115,#611,.T.);
#4271=EDGE_CURVE('',#2854,#2855,#739,.T.);
#4273=EDGE_CURVE('',#2854,#2842,#603,.T.);
#4292=EDGE_CURVE('',#3097,#3094,#615,.T.);
#4294=EDGE_CURVE('',#3094,#3095,#619,.T.);
#4297=EDGE_CURVE('',#3073,#3070,#627,.T.);
#4299=EDGE_CURVE('',#3070,#3071,#631,.T.);
#4302=EDGE_CURVE('',#3049,#3046,#639,.T.);
#4304=EDGE_CURVE('',#3046,#3047,#643,.T.);
#4307=EDGE_CURVE('',#3025,#3022,#651,.T.);
#4309=EDGE_CURVE('',#3022,#3023,#655,.T.);
#4312=EDGE_CURVE('',#3001,#2998,#663,.T.);
#4314=EDGE_CURVE('',#2998,#2999,#667,.T.);
#4317=EDGE_CURVE('',#2977,#2974,#675,.T.);
#4319=EDGE_CURVE('',#2974,#2975,#679,.T.);
#4322=EDGE_CURVE('',#2953,#2950,#687,.T.);
#4324=EDGE_CURVE('',#2950,#2951,#691,.T.);
#4327=EDGE_CURVE('',#2929,#2926,#699,.T.);
#4329=EDGE_CURVE('',#2926,#2927,#703,.T.);
#4332=EDGE_CURVE('',#2905,#2902,#711,.T.);
#4334=EDGE_CURVE('',#2902,#2903,#715,.T.);
#4337=EDGE_CURVE('',#2881,#2878,#723,.T.);
#4339=EDGE_CURVE('',#2878,#2879,#727,.T.);
#4342=EDGE_CURVE('',#2857,#2854,#735,.T.);
#4346=EDGE_CURVE('',#2834,#2835,#747,.T.);
#4348=EDGE_CURVE('',#2838,#2835,#751,.T.);
#4350=EDGE_CURVE('',#2838,#2839,#755,.T.);
#4352=EDGE_CURVE('',#2863,#2839,#759,.T.);
#4354=EDGE_CURVE('',#2863,#2860,#763,.T.);
#4356=EDGE_CURVE('',#2860,#2861,#767,.T.);
#4358=EDGE_CURVE('',#2887,#2861,#771,.T.);
#4360=EDGE_CURVE('',#2887,#2884,#775,.T.);
#4362=EDGE_CURVE('',#2884,#2885,#779,.T.);
#4364=EDGE_CURVE('',#2911,#2885,#783,.T.);
#4366=EDGE_CURVE('',#2911,#2908,#787,.T.);
#4368=EDGE_CURVE('',#2908,#2909,#791,.T.);
#4370=EDGE_CURVE('',#2935,#2909,#795,.T.);
#4372=EDGE_CURVE('',#2935,#2932,#799,.T.);
#4374=EDGE_CURVE('',#2932,#2933,#803,.T.);
#4376=EDGE_CURVE('',#2959,#2933,#807,.T.);
#4378=EDGE_CURVE('',#2959,#2956,#811,.T.);
#4380=EDGE_CURVE('',#2956,#2957,#815,.T.);
#4382=EDGE_CURVE('',#2983,#2957,#819,.T.);
#4384=EDGE_CURVE('',#2983,#2980,#823,.T.);
#4386=EDGE_CURVE('',#2980,#2981,#827,.T.);
#4388=EDGE_CURVE('',#3007,#2981,#831,.T.);
#4390=EDGE_CURVE('',#3007,#3004,#835,.T.);
#4392=EDGE_CURVE('',#3004,#3005,#839,.T.);
#4394=EDGE_CURVE('',#3031,#3005,#843,.T.);
#4396=EDGE_CURVE('',#3031,#3028,#847,.T.);
#4398=EDGE_CURVE('',#3028,#3029,#851,.T.);
#4400=EDGE_CURVE('',#3055,#3029,#855,.T.);
#4402=EDGE_CURVE('',#3055,#3052,#859,.T.);
#4404=EDGE_CURVE('',#3052,#3053,#863,.T.);
#4406=EDGE_CURVE('',#3079,#3053,#867,.T.);
#4408=EDGE_CURVE('',#3079,#3076,#871,.T.);
#4410=EDGE_CURVE('',#3076,#3077,#875,.T.);
#4412=EDGE_CURVE('',#3103,#3077,#879,.T.);
#4414=EDGE_CURVE('',#3103,#3100,#883,.T.);
#4416=EDGE_CURVE('',#3100,#3101,#887,.T.);
#4418=EDGE_CURVE('',#3118,#3101,#891,.T.);
#4420=EDGE_CURVE('',#3118,#3119,#895,.T.);
#4422=EDGE_CURVE('',#3114,#3119,#899,.T.);
#4426=EDGE_CURVE('',#3130,#3131,#903,.T.);
#4428=EDGE_CURVE('',#3135,#3130,#907,.T.);
#4430=EDGE_CURVE('',#3133,#3135,#911,.T.);
#4432=EDGE_CURVE('',#3131,#3133,#915,.T.);
#4436=EDGE_CURVE('',#3178,#3179,#919,.T.);
#4438=EDGE_CURVE('',#3183,#3178,#923,.T.);
#4440=EDGE_CURVE('',#3181,#3183,#927,.T.);
#4442=EDGE_CURVE('',#3179,#3181,#931,.T.);
#4446=EDGE_CURVE('',#3226,#3227,#935,.T.);
#4448=EDGE_CURVE('',#3231,#3226,#939,.T.);
#4450=EDGE_CURVE('',#3229,#3231,#943,.T.);
#4452=EDGE_CURVE('',#3227,#3229,#947,.T.);
#4456=EDGE_CURVE('',#3274,#3275,#951,.T.);
#4458=EDGE_CURVE('',#3279,#3274,#955,.T.);
#4460=EDGE_CURVE('',#3277,#3279,#959,.T.);
#4462=EDGE_CURVE('',#3275,#3277,#963,.T.);
#4466=EDGE_CURVE('',#3322,#3323,#967,.T.);
#4468=EDGE_CURVE('',#3327,#3322,#971,.T.);
#4470=EDGE_CURVE('',#3325,#3327,#975,.T.);
#4472=EDGE_CURVE('',#3323,#3325,#979,.T.);
#4476=EDGE_CURVE('',#3370,#3371,#983,.T.);
#4478=EDGE_CURVE('',#3375,#3370,#987,.T.);
#4480=EDGE_CURVE('',#3373,#3375,#991,.T.);
#4482=EDGE_CURVE('',#3371,#3373,#995,.T.);
#4486=EDGE_CURVE('',#3418,#3419,#999,.T.);
#4488=EDGE_CURVE('',#3423,#3418,#1003,.T.);
#4490=EDGE_CURVE('',#3421,#3423,#1007,.T.);
#4492=EDGE_CURVE('',#3419,#3421,#1011,.T.);
#4496=EDGE_CURVE('',#3466,#3467,#1015,.T.);
#4498=EDGE_CURVE('',#3471,#3466,#1019,.T.);
#4500=EDGE_CURVE('',#3469,#3471,#1023,.T.);
#4502=EDGE_CURVE('',#3467,#3469,#1027,.T.);
#4506=EDGE_CURVE('',#3514,#3515,#1031,.T.);
#4508=EDGE_CURVE('',#3519,#3514,#1035,.T.);
#4510=EDGE_CURVE('',#3517,#3519,#1039,.T.);
#4512=EDGE_CURVE('',#3515,#3517,#1043,.T.);
#4516=EDGE_CURVE('',#3562,#3563,#1047,.T.);
#4518=EDGE_CURVE('',#3567,#3562,#1051,.T.);
#4520=EDGE_CURVE('',#3565,#3567,#1055,.T.);
#4522=EDGE_CURVE('',#3563,#3565,#1059,.T.);
#4526=EDGE_CURVE('',#3610,#3611,#1063,.T.);
#4528=EDGE_CURVE('',#3615,#3610,#1067,.T.);
#4530=EDGE_CURVE('',#3613,#3615,#1071,.T.);
#4532=EDGE_CURVE('',#3611,#3613,#1075,.T.);
#4536=EDGE_CURVE('',#3658,#3659,#1079,.T.);
#4538=EDGE_CURVE('',#3663,#3658,#1083,.T.);
#4540=EDGE_CURVE('',#3661,#3663,#1087,.T.);
#4542=EDGE_CURVE('',#3659,#3661,#1091,.T.);
#4560=EDGE_CURVE('',#3094,#3082,#1095,.T.);
#4599=EDGE_CURVE('',#3070,#3058,#1099,.T.);
#4638=EDGE_CURVE('',#3046,#3034,#1103,.T.);
#4677=EDGE_CURVE('',#3022,#3010,#1107,.T.);
#4716=EDGE_CURVE('',#2998,#2986,#1111,.T.);
#4755=EDGE_CURVE('',#2974,#2962,#1115,.T.);
#4794=EDGE_CURVE('',#2950,#2938,#1119,.T.);
#4833=EDGE_CURVE('',#2926,#2914,#1123,.T.);
#4872=EDGE_CURVE('',#2902,#2890,#1127,.T.);
#4911=EDGE_CURVE('',#2878,#2866,#1131,.T.);
#4969=EDGE_CURVE('',#2827,#2835,#1135,.T.);
#4990=EDGE_CURVE('',#2830,#2838,#1139,.T.);
#5009=EDGE_CURVE('',#2831,#2839,#1147,.T.);
#5028=EDGE_CURVE('',#2851,#2863,#1143,.T.);
#5048=EDGE_CURVE('',#2875,#2887,#1151,.T.);
#5051=EDGE_CURVE('',#2849,#2861,#1155,.T.);
#5069=EDGE_CURVE('',#2899,#2911,#1159,.T.);
#5072=EDGE_CURVE('',#2873,#2885,#1163,.T.);
#5090=EDGE_CURVE('',#2923,#2935,#1167,.T.);
#5093=EDGE_CURVE('',#2897,#2909,#1171,.T.);
#5111=EDGE_CURVE('',#2947,#2959,#1175,.T.);
#5114=EDGE_CURVE('',#2921,#2933,#1179,.T.);
#5132=EDGE_CURVE('',#2971,#2983,#1183,.T.);
#5135=EDGE_CURVE('',#2945,#2957,#1187,.T.);
#5153=EDGE_CURVE('',#2995,#3007,#1191,.T.);
#5156=EDGE_CURVE('',#2969,#2981,#1195,.T.);
#5174=EDGE_CURVE('',#3019,#3031,#1199,.T.);
#5177=EDGE_CURVE('',#2993,#3005,#1203,.T.);
#5195=EDGE_CURVE('',#3043,#3055,#1207,.T.);
#5198=EDGE_CURVE('',#3017,#3029,#1211,.T.);
#5216=EDGE_CURVE('',#3067,#3079,#1215,.T.);
#5219=EDGE_CURVE('',#3041,#3053,#1219,.T.);
#5237=EDGE_CURVE('',#3091,#3103,#1223,.T.);
#5240=EDGE_CURVE('',#3065,#3077,#1227,.T.);
#5258=EDGE_CURVE('',#3110,#3118,#1231,.T.);
#5261=EDGE_CURVE('',#3089,#3101,#1235,.T.);
#5280=EDGE_CURVE('',#2860,#2848,#1239,.T.);
#5319=EDGE_CURVE('',#2884,#2872,#1243,.T.);
#5358=EDGE_CURVE('',#2908,#2896,#1247,.T.);
#5397=EDGE_CURVE('',#2932,#2920,#1251,.T.);
#5436=EDGE_CURVE('',#2956,#2944,#1255,.T.);
#5475=EDGE_CURVE('',#2980,#2968,#1259,.T.);
#5514=EDGE_CURVE('',#3004,#2992,#1263,.T.);
#5553=EDGE_CURVE('',#3028,#3016,#1267,.T.);
#5592=EDGE_CURVE('',#3052,#3040,#1271,.T.);
#5631=EDGE_CURVE('',#3076,#3064,#1275,.T.);
#5670=EDGE_CURVE('',#3100,#3088,#1279,.T.);
#5709=EDGE_CURVE('',#3111,#3119,#1287,.T.);
#5747=EDGE_CURVE('',#3149,#3145,#1291,.T.);
#5749=EDGE_CURVE('',#3123,#3145,#1403,.T.);
#5752=EDGE_CURVE('',#3122,#3149,#1295,.T.);
#5769=EDGE_CURVE('',#3165,#3161,#1299,.T.);
#5771=EDGE_CURVE('',#3161,#3130,#1303,.T.);
#5774=EDGE_CURVE('',#3165,#3131,#1411,.T.);
#5792=EDGE_CURVE('',#3149,#3151,#1311,.T.);
#5794=EDGE_CURVE('',#3151,#3147,#1323,.T.);
#5796=EDGE_CURVE('',#3145,#3147,#1307,.T.);
#5813=EDGE_CURVE('',#3143,#3151,#1327,.T.);
#5816=EDGE_CURVE('',#3139,#3149,#1351,.T.);
#5818=EDGE_CURVE('',#3139,#3143,#1331,.T.);
#5835=EDGE_CURVE('',#3142,#3143,#1315,.T.);
#5837=EDGE_CURVE('',#3147,#3142,#1319,.T.);
#5856=EDGE_CURVE('',#3138,#3139,#1335,.T.);
#5858=EDGE_CURVE('',#3138,#3142,#1415,.T.);
#5878=EDGE_CURVE('',#3127,#3139,#1355,.T.);
#5881=EDGE_CURVE('',#3125,#3138,#1339,.T.);
#5898=EDGE_CURVE('',#3158,#3159,#1343,.T.);
#5900=EDGE_CURVE('',#3159,#3133,#1347,.T.);
#5903=EDGE_CURVE('',#3158,#3135,#1363,.T.);
#5939=EDGE_CURVE('',#3161,#3158,#1359,.T.);
#5960=EDGE_CURVE('',#3161,#3163,#1371,.T.);
#5962=EDGE_CURVE('',#3163,#3154,#1383,.T.);
#5964=EDGE_CURVE('',#3158,#3154,#1367,.T.);
#5982=EDGE_CURVE('',#3165,#3167,#1375,.T.);
#5984=EDGE_CURVE('',#3167,#3163,#1387,.T.);
#6002=EDGE_CURVE('',#3155,#3167,#1391,.T.);
#6005=EDGE_CURVE('',#3159,#3165,#1407,.T.);
#6007=EDGE_CURVE('',#3159,#3155,#1395,.T.);
#6024=EDGE_CURVE('',#3154,#3155,#1379,.T.);
#6063=EDGE_CURVE('',#3145,#3138,#1399,.T.);
#6121=EDGE_CURVE('',#3197,#3193,#1419,.T.);
#6123=EDGE_CURVE('',#3171,#3193,#1531,.T.);
#6126=EDGE_CURVE('',#3170,#3197,#1423,.T.);
#6143=EDGE_CURVE('',#3213,#3209,#1427,.T.);
#6145=EDGE_CURVE('',#3209,#3178,#1431,.T.);
#6148=EDGE_CURVE('',#3213,#3179,#1539,.T.);
#6166=EDGE_CURVE('',#3197,#3199,#1439,.T.);
#6168=EDGE_CURVE('',#3199,#3195,#1451,.T.);
#6170=EDGE_CURVE('',#3193,#3195,#1435,.T.);
#6187=EDGE_CURVE('',#3191,#3199,#1455,.T.);
#6190=EDGE_CURVE('',#3187,#3197,#1479,.T.);
#6192=EDGE_CURVE('',#3187,#3191,#1459,.T.);
#6209=EDGE_CURVE('',#3190,#3191,#1443,.T.);
#6211=EDGE_CURVE('',#3195,#3190,#1447,.T.);
#6230=EDGE_CURVE('',#3186,#3187,#1463,.T.);
#6232=EDGE_CURVE('',#3186,#3190,#1543,.T.);
#6252=EDGE_CURVE('',#3175,#3187,#1483,.T.);
#6255=EDGE_CURVE('',#3173,#3186,#1467,.T.);
#6272=EDGE_CURVE('',#3206,#3207,#1471,.T.);
#6274=EDGE_CURVE('',#3207,#3181,#1475,.T.);
#6277=EDGE_CURVE('',#3206,#3183,#1491,.T.);
#6313=EDGE_CURVE('',#3209,#3206,#1487,.T.);
#6334=EDGE_CURVE('',#3209,#3211,#1499,.T.);
#6336=EDGE_CURVE('',#3211,#3202,#1511,.T.);
#6338=EDGE_CURVE('',#3206,#3202,#1495,.T.);
#6356=EDGE_CURVE('',#3213,#3215,#1503,.T.);
#6358=EDGE_CURVE('',#3215,#3211,#1515,.T.);
#6376=EDGE_CURVE('',#3203,#3215,#1519,.T.);
#6379=EDGE_CURVE('',#3207,#3213,#1535,.T.);
#6381=EDGE_CURVE('',#3207,#3203,#1523,.T.);
#6398=EDGE_CURVE('',#3202,#3203,#1507,.T.);
#6437=EDGE_CURVE('',#3193,#3186,#1527,.T.);
#6495=EDGE_CURVE('',#3245,#3241,#1547,.T.);
#6497=EDGE_CURVE('',#3219,#3241,#1659,.T.);
#6500=EDGE_CURVE('',#3218,#3245,#1551,.T.);
#6517=EDGE_CURVE('',#3261,#3257,#1555,.T.);
#6519=EDGE_CURVE('',#3257,#3226,#1559,.T.);
#6522=EDGE_CURVE('',#3261,#3227,#1667,.T.);
#6540=EDGE_CURVE('',#3245,#3247,#1567,.T.);
#6542=EDGE_CURVE('',#3247,#3243,#1579,.T.);
#6544=EDGE_CURVE('',#3241,#3243,#1563,.T.);
#6561=EDGE_CURVE('',#3239,#3247,#1583,.T.);
#6564=EDGE_CURVE('',#3235,#3245,#1607,.T.);
#6566=EDGE_CURVE('',#3235,#3239,#1587,.T.);
#6583=EDGE_CURVE('',#3238,#3239,#1571,.T.);
#6585=EDGE_CURVE('',#3243,#3238,#1575,.T.);
#6604=EDGE_CURVE('',#3234,#3235,#1591,.T.);
#6606=EDGE_CURVE('',#3234,#3238,#1671,.T.);
#6626=EDGE_CURVE('',#3223,#3235,#1611,.T.);
#6629=EDGE_CURVE('',#3221,#3234,#1595,.T.);
#6646=EDGE_CURVE('',#3254,#3255,#1599,.T.);
#6648=EDGE_CURVE('',#3255,#3229,#1603,.T.);
#6651=EDGE_CURVE('',#3254,#3231,#1619,.T.);
#6687=EDGE_CURVE('',#3257,#3254,#1615,.T.);
#6708=EDGE_CURVE('',#3257,#3259,#1627,.T.);
#6710=EDGE_CURVE('',#3259,#3250,#1639,.T.);
#6712=EDGE_CURVE('',#3254,#3250,#1623,.T.);
#6730=EDGE_CURVE('',#3261,#3263,#1631,.T.);
#6732=EDGE_CURVE('',#3263,#3259,#1643,.T.);
#6750=EDGE_CURVE('',#3251,#3263,#1647,.T.);
#6753=EDGE_CURVE('',#3255,#3261,#1663,.T.);
#6755=EDGE_CURVE('',#3255,#3251,#1651,.T.);
#6772=EDGE_CURVE('',#3250,#3251,#1635,.T.);
#6811=EDGE_CURVE('',#3241,#3234,#1655,.T.);
#6869=EDGE_CURVE('',#3293,#3289,#1675,.T.);
#6871=EDGE_CURVE('',#3267,#3289,#1787,.T.);
#6874=EDGE_CURVE('',#3266,#3293,#1679,.T.);
#6891=EDGE_CURVE('',#3309,#3305,#1683,.T.);
#6893=EDGE_CURVE('',#3305,#3274,#1687,.T.);
#6896=EDGE_CURVE('',#3309,#3275,#1795,.T.);
#6914=EDGE_CURVE('',#3293,#3295,#1695,.T.);
#6916=EDGE_CURVE('',#3295,#3291,#1707,.T.);
#6918=EDGE_CURVE('',#3289,#3291,#1691,.T.);
#6935=EDGE_CURVE('',#3287,#3295,#1711,.T.);
#6938=EDGE_CURVE('',#3283,#3293,#1735,.T.);
#6940=EDGE_CURVE('',#3283,#3287,#1715,.T.);
#6957=EDGE_CURVE('',#3286,#3287,#1699,.T.);
#6959=EDGE_CURVE('',#3291,#3286,#1703,.T.);
#6978=EDGE_CURVE('',#3282,#3283,#1719,.T.);
#6980=EDGE_CURVE('',#3282,#3286,#1799,.T.);
#7000=EDGE_CURVE('',#3271,#3283,#1739,.T.);
#7003=EDGE_CURVE('',#3269,#3282,#1723,.T.);
#7020=EDGE_CURVE('',#3302,#3303,#1727,.T.);
#7022=EDGE_CURVE('',#3303,#3277,#1731,.T.);
#7025=EDGE_CURVE('',#3302,#3279,#1747,.T.);
#7061=EDGE_CURVE('',#3305,#3302,#1743,.T.);
#7082=EDGE_CURVE('',#3305,#3307,#1755,.T.);
#7084=EDGE_CURVE('',#3307,#3298,#1767,.T.);
#7086=EDGE_CURVE('',#3302,#3298,#1751,.T.);
#7104=EDGE_CURVE('',#3309,#3311,#1759,.T.);
#7106=EDGE_CURVE('',#3311,#3307,#1771,.T.);
#7124=EDGE_CURVE('',#3299,#3311,#1775,.T.);
#7127=EDGE_CURVE('',#3303,#3309,#1791,.T.);
#7129=EDGE_CURVE('',#3303,#3299,#1779,.T.);
#7146=EDGE_CURVE('',#3298,#3299,#1763,.T.);
#7185=EDGE_CURVE('',#3289,#3282,#1783,.T.);
#7243=EDGE_CURVE('',#3341,#3337,#1803,.T.);
#7245=EDGE_CURVE('',#3315,#3337,#1915,.T.);
#7248=EDGE_CURVE('',#3314,#3341,#1807,.T.);
#7265=EDGE_CURVE('',#3357,#3353,#1811,.T.);
#7267=EDGE_CURVE('',#3353,#3322,#1815,.T.);
#7270=EDGE_CURVE('',#3357,#3323,#1923,.T.);
#7288=EDGE_CURVE('',#3341,#3343,#1823,.T.);
#7290=EDGE_CURVE('',#3343,#3339,#1835,.T.);
#7292=EDGE_CURVE('',#3337,#3339,#1819,.T.);
#7309=EDGE_CURVE('',#3335,#3343,#1839,.T.);
#7312=EDGE_CURVE('',#3331,#3341,#1863,.T.);
#7314=EDGE_CURVE('',#3331,#3335,#1843,.T.);
#7331=EDGE_CURVE('',#3334,#3335,#1827,.T.);
#7333=EDGE_CURVE('',#3339,#3334,#1831,.T.);
#7352=EDGE_CURVE('',#3330,#3331,#1847,.T.);
#7354=EDGE_CURVE('',#3330,#3334,#1927,.T.);
#7374=EDGE_CURVE('',#3319,#3331,#1867,.T.);
#7377=EDGE_CURVE('',#3317,#3330,#1851,.T.);
#7394=EDGE_CURVE('',#3350,#3351,#1855,.T.);
#7396=EDGE_CURVE('',#3351,#3325,#1859,.T.);
#7399=EDGE_CURVE('',#3350,#3327,#1875,.T.);
#7435=EDGE_CURVE('',#3353,#3350,#1871,.T.);
#7456=EDGE_CURVE('',#3353,#3355,#1883,.T.);
#7458=EDGE_CURVE('',#3355,#3346,#1895,.T.);
#7460=EDGE_CURVE('',#3350,#3346,#1879,.T.);
#7478=EDGE_CURVE('',#3357,#3359,#1887,.T.);
#7480=EDGE_CURVE('',#3359,#3355,#1899,.T.);
#7498=EDGE_CURVE('',#3347,#3359,#1903,.T.);
#7501=EDGE_CURVE('',#3351,#3357,#1919,.T.);
#7503=EDGE_CURVE('',#3351,#3347,#1907,.T.);
#7520=EDGE_CURVE('',#3346,#3347,#1891,.T.);
#7559=EDGE_CURVE('',#3337,#3330,#1911,.T.);
#7617=EDGE_CURVE('',#3389,#3385,#1931,.T.);
#7619=EDGE_CURVE('',#3363,#3385,#2043,.T.);
#7622=EDGE_CURVE('',#3362,#3389,#1935,.T.);
#7639=EDGE_CURVE('',#3405,#3401,#1939,.T.);
#7641=EDGE_CURVE('',#3401,#3370,#1943,.T.);
#7644=EDGE_CURVE('',#3405,#3371,#2051,.T.);
#7662=EDGE_CURVE('',#3389,#3391,#1951,.T.);
#7664=EDGE_CURVE('',#3391,#3387,#1963,.T.);
#7666=EDGE_CURVE('',#3385,#3387,#1947,.T.);
#7683=EDGE_CURVE('',#3383,#3391,#1967,.T.);
#7686=EDGE_CURVE('',#3379,#3389,#1991,.T.);
#7688=EDGE_CURVE('',#3379,#3383,#1971,.T.);
#7705=EDGE_CURVE('',#3382,#3383,#1955,.T.);
#7707=EDGE_CURVE('',#3387,#3382,#1959,.T.);
#7726=EDGE_CURVE('',#3378,#3379,#1975,.T.);
#7728=EDGE_CURVE('',#3378,#3382,#2055,.T.);
#7748=EDGE_CURVE('',#3367,#3379,#1995,.T.);
#7751=EDGE_CURVE('',#3365,#3378,#1979,.T.);
#7768=EDGE_CURVE('',#3398,#3399,#1983,.T.);
#7770=EDGE_CURVE('',#3399,#3373,#1987,.T.);
#7773=EDGE_CURVE('',#3398,#3375,#2003,.T.);
#7809=EDGE_CURVE('',#3401,#3398,#1999,.T.);
#7830=EDGE_CURVE('',#3401,#3403,#2011,.T.);
#7832=EDGE_CURVE('',#3403,#3394,#2023,.T.);
#7834=EDGE_CURVE('',#3398,#3394,#2007,.T.);
#7852=EDGE_CURVE('',#3405,#3407,#2015,.T.);
#7854=EDGE_CURVE('',#3407,#3403,#2027,.T.);
#7872=EDGE_CURVE('',#3395,#3407,#2031,.T.);
#7875=EDGE_CURVE('',#3399,#3405,#2047,.T.);
#7877=EDGE_CURVE('',#3399,#3395,#2035,.T.);
#7894=EDGE_CURVE('',#3394,#3395,#2019,.T.);
#7933=EDGE_CURVE('',#3385,#3378,#2039,.T.);
#7991=EDGE_CURVE('',#3437,#3433,#2059,.T.);
#7993=EDGE_CURVE('',#3411,#3433,#2171,.T.);
#7996=EDGE_CURVE('',#3410,#3437,#2063,.T.);
#8013=EDGE_CURVE('',#3453,#3449,#2067,.T.);
#8015=EDGE_CURVE('',#3449,#3418,#2071,.T.);
#8018=EDGE_CURVE('',#3453,#3419,#2179,.T.);
#8036=EDGE_CURVE('',#3437,#3439,#2079,.T.);
#8038=EDGE_CURVE('',#3439,#3435,#2091,.T.);
#8040=EDGE_CURVE('',#3433,#3435,#2075,.T.);
#8057=EDGE_CURVE('',#3431,#3439,#2095,.T.);
#8060=EDGE_CURVE('',#3427,#3437,#2119,.T.);
#8062=EDGE_CURVE('',#3427,#3431,#2099,.T.);
#8079=EDGE_CURVE('',#3430,#3431,#2083,.T.);
#8081=EDGE_CURVE('',#3435,#3430,#2087,.T.);
#8100=EDGE_CURVE('',#3426,#3427,#2103,.T.);
#8102=EDGE_CURVE('',#3426,#3430,#2183,.T.);
#8122=EDGE_CURVE('',#3415,#3427,#2123,.T.);
#8125=EDGE_CURVE('',#3413,#3426,#2107,.T.);
#8142=EDGE_CURVE('',#3446,#3447,#2111,.T.);
#8144=EDGE_CURVE('',#3447,#3421,#2115,.T.);
#8147=EDGE_CURVE('',#3446,#3423,#2131,.T.);
#8183=EDGE_CURVE('',#3449,#3446,#2127,.T.);
#8204=EDGE_CURVE('',#3449,#3451,#2139,.T.);
#8206=EDGE_CURVE('',#3451,#3442,#2151,.T.);
#8208=EDGE_CURVE('',#3446,#3442,#2135,.T.);
#8226=EDGE_CURVE('',#3453,#3455,#2143,.T.);
#8228=EDGE_CURVE('',#3455,#3451,#2155,.T.);
#8246=EDGE_CURVE('',#3443,#3455,#2159,.T.);
#8249=EDGE_CURVE('',#3447,#3453,#2175,.T.);
#8251=EDGE_CURVE('',#3447,#3443,#2163,.T.);
#8268=EDGE_CURVE('',#3442,#3443,#2147,.T.);
#8307=EDGE_CURVE('',#3433,#3426,#2167,.T.);
#8365=EDGE_CURVE('',#3485,#3481,#2187,.T.);
#8367=EDGE_CURVE('',#3459,#3481,#2299,.T.);
#8370=EDGE_CURVE('',#3458,#3485,#2191,.T.);
#8387=EDGE_CURVE('',#3501,#3497,#2195,.T.);
#8389=EDGE_CURVE('',#3497,#3466,#2199,.T.);
#8392=EDGE_CURVE('',#3501,#3467,#2307,.T.);
#8410=EDGE_CURVE('',#3485,#3487,#2207,.T.);
#8412=EDGE_CURVE('',#3487,#3483,#2219,.T.);
#8414=EDGE_CURVE('',#3481,#3483,#2203,.T.);
#8431=EDGE_CURVE('',#3479,#3487,#2223,.T.);
#8434=EDGE_CURVE('',#3475,#3485,#2247,.T.);
#8436=EDGE_CURVE('',#3475,#3479,#2227,.T.);
#8453=EDGE_CURVE('',#3478,#3479,#2211,.T.);
#8455=EDGE_CURVE('',#3483,#3478,#2215,.T.);
#8474=EDGE_CURVE('',#3474,#3475,#2231,.T.);
#8476=EDGE_CURVE('',#3474,#3478,#2311,.T.);
#8496=EDGE_CURVE('',#3463,#3475,#2251,.T.);
#8499=EDGE_CURVE('',#3461,#3474,#2235,.T.);
#8516=EDGE_CURVE('',#3494,#3495,#2239,.T.);
#8518=EDGE_CURVE('',#3495,#3469,#2243,.T.);
#8521=EDGE_CURVE('',#3494,#3471,#2259,.T.);
#8557=EDGE_CURVE('',#3497,#3494,#2255,.T.);
#8578=EDGE_CURVE('',#3497,#3499,#2267,.T.);
#8580=EDGE_CURVE('',#3499,#3490,#2279,.T.);
#8582=EDGE_CURVE('',#3494,#3490,#2263,.T.);
#8600=EDGE_CURVE('',#3501,#3503,#2271,.T.);
#8602=EDGE_CURVE('',#3503,#3499,#2283,.T.);
#8620=EDGE_CURVE('',#3491,#3503,#2287,.T.);
#8623=EDGE_CURVE('',#3495,#3501,#2303,.T.);
#8625=EDGE_CURVE('',#3495,#3491,#2291,.T.);
#8642=EDGE_CURVE('',#3490,#3491,#2275,.T.);
#8681=EDGE_CURVE('',#3481,#3474,#2295,.T.);
#8739=EDGE_CURVE('',#3533,#3529,#2315,.T.);
#8741=EDGE_CURVE('',#3507,#3529,#2427,.T.);
#8744=EDGE_CURVE('',#3506,#3533,#2319,.T.);
#8761=EDGE_CURVE('',#3549,#3545,#2323,.T.);
#8763=EDGE_CURVE('',#3545,#3514,#2327,.T.);
#8766=EDGE_CURVE('',#3549,#3515,#2435,.T.);
#8784=EDGE_CURVE('',#3533,#3535,#2335,.T.);
#8786=EDGE_CURVE('',#3535,#3531,#2347,.T.);
#8788=EDGE_CURVE('',#3529,#3531,#2331,.T.);
#8805=EDGE_CURVE('',#3527,#3535,#2351,.T.);
#8808=EDGE_CURVE('',#3523,#3533,#2375,.T.);
#8810=EDGE_CURVE('',#3523,#3527,#2355,.T.);
#8827=EDGE_CURVE('',#3526,#3527,#2339,.T.);
#8829=EDGE_CURVE('',#3531,#3526,#2343,.T.);
#8848=EDGE_CURVE('',#3522,#3523,#2359,.T.);
#8850=EDGE_CURVE('',#3522,#3526,#2439,.T.);
#8870=EDGE_CURVE('',#3511,#3523,#2379,.T.);
#8873=EDGE_CURVE('',#3509,#3522,#2363,.T.);
#8890=EDGE_CURVE('',#3542,#3543,#2367,.T.);
#8892=EDGE_CURVE('',#3543,#3517,#2371,.T.);
#8895=EDGE_CURVE('',#3542,#3519,#2387,.T.);
#8931=EDGE_CURVE('',#3545,#3542,#2383,.T.);
#8952=EDGE_CURVE('',#3545,#3547,#2395,.T.);
#8954=EDGE_CURVE('',#3547,#3538,#2407,.T.);
#8956=EDGE_CURVE('',#3542,#3538,#2391,.T.);
#8974=EDGE_CURVE('',#3549,#3551,#2399,.T.);
#8976=EDGE_CURVE('',#3551,#3547,#2411,.T.);
#8994=EDGE_CURVE('',#3539,#3551,#2415,.T.);
#8997=EDGE_CURVE('',#3543,#3549,#2431,.T.);
#8999=EDGE_CURVE('',#3543,#3539,#2419,.T.);
#9016=EDGE_CURVE('',#3538,#3539,#2403,.T.);
#9055=EDGE_CURVE('',#3529,#3522,#2423,.T.);
#9113=EDGE_CURVE('',#3581,#3577,#2443,.T.);
#9115=EDGE_CURVE('',#3555,#3577,#2555,.T.);
#9118=EDGE_CURVE('',#3554,#3581,#2447,.T.);
#9135=EDGE_CURVE('',#3597,#3593,#2451,.T.);
#9137=EDGE_CURVE('',#3593,#3562,#2455,.T.);
#9140=EDGE_CURVE('',#3597,#3563,#2563,.T.);
#9158=EDGE_CURVE('',#3581,#3583,#2463,.T.);
#9160=EDGE_CURVE('',#3583,#3579,#2475,.T.);
#9162=EDGE_CURVE('',#3577,#3579,#2459,.T.);
#9179=EDGE_CURVE('',#3575,#3583,#2479,.T.);
#9182=EDGE_CURVE('',#3571,#3581,#2503,.T.);
#9184=EDGE_CURVE('',#3571,#3575,#2483,.T.);
#9201=EDGE_CURVE('',#3574,#3575,#2467,.T.);
#9203=EDGE_CURVE('',#3579,#3574,#2471,.T.);
#9222=EDGE_CURVE('',#3570,#3571,#2487,.T.);
#9224=EDGE_CURVE('',#3570,#3574,#2567,.T.);
#9244=EDGE_CURVE('',#3559,#3571,#2507,.T.);
#9247=EDGE_CURVE('',#3557,#3570,#2491,.T.);
#9264=EDGE_CURVE('',#3590,#3591,#2495,.T.);
#9266=EDGE_CURVE('',#3591,#3565,#2499,.T.);
#9269=EDGE_CURVE('',#3590,#3567,#2515,.T.);
#9305=EDGE_CURVE('',#3593,#3590,#2511,.T.);
#9326=EDGE_CURVE('',#3593,#3595,#2523,.T.);
#9328=EDGE_CURVE('',#3595,#3586,#2535,.T.);
#9330=EDGE_CURVE('',#3590,#3586,#2519,.T.);
#9348=EDGE_CURVE('',#3597,#3599,#2527,.T.);
#9350=EDGE_CURVE('',#3599,#3595,#2539,.T.);
#9368=EDGE_CURVE('',#3587,#3599,#2543,.T.);
#9371=EDGE_CURVE('',#3591,#3597,#2559,.T.);
#9373=EDGE_CURVE('',#3591,#3587,#2547,.T.);
#9390=EDGE_CURVE('',#3586,#3587,#2531,.T.);
#9429=EDGE_CURVE('',#3577,#3570,#2551,.T.);
#9487=EDGE_CURVE('',#3629,#3625,#2571,.T.);
#9489=EDGE_CURVE('',#3603,#3625,#2683,.T.);
#9492=EDGE_CURVE('',#3602,#3629,#2575,.T.);
#9509=EDGE_CURVE('',#3645,#3641,#2579,.T.);
#9511=EDGE_CURVE('',#3641,#3610,#2583,.T.);
#9514=EDGE_CURVE('',#3645,#3611,#2691,.T.);
#9532=EDGE_CURVE('',#3629,#3631,#2591,.T.);
#9534=EDGE_CURVE('',#3631,#3627,#2603,.T.);
#9536=EDGE_CURVE('',#3625,#3627,#2587,.T.);
#9553=EDGE_CURVE('',#3623,#3631,#2607,.T.);
#9556=EDGE_CURVE('',#3619,#3629,#2631,.T.);
#9558=EDGE_CURVE('',#3619,#3623,#2611,.T.);
#9575=EDGE_CURVE('',#3622,#3623,#2595,.T.);
#9577=EDGE_CURVE('',#3627,#3622,#2599,.T.);
#9596=EDGE_CURVE('',#3618,#3619,#2615,.T.);
#9598=EDGE_CURVE('',#3618,#3622,#2695,.T.);
#9618=EDGE_CURVE('',#3607,#3619,#2635,.T.);
#9621=EDGE_CURVE('',#3605,#3618,#2619,.T.);
#9638=EDGE_CURVE('',#3638,#3639,#2623,.T.);
#9640=EDGE_CURVE('',#3639,#3613,#2627,.T.);
#9643=EDGE_CURVE('',#3638,#3615,#2643,.T.);
#9679=EDGE_CURVE('',#3641,#3638,#2639,.T.);
#9700=EDGE_CURVE('',#3641,#3643,#2651,.T.);
#9702=EDGE_CURVE('',#3643,#3634,#2663,.T.);
#9704=EDGE_CURVE('',#3638,#3634,#2647,.T.);
#9722=EDGE_CURVE('',#3645,#3647,#2655,.T.);
#9724=EDGE_CURVE('',#3647,#3643,#2667,.T.);
#9742=EDGE_CURVE('',#3635,#3647,#2671,.T.);
#9745=EDGE_CURVE('',#3639,#3645,#2687,.T.);
#9747=EDGE_CURVE('',#3639,#3635,#2675,.T.);
#9764=EDGE_CURVE('',#3634,#3635,#2659,.T.);
#9803=EDGE_CURVE('',#3625,#3618,#2679,.T.);
#9861=EDGE_CURVE('',#3677,#3673,#2699,.T.);
#9863=EDGE_CURVE('',#3651,#3673,#2811,.T.);
#9866=EDGE_CURVE('',#3650,#3677,#2703,.T.);
#9883=EDGE_CURVE('',#3693,#3689,#2707,.T.);
#9885=EDGE_CURVE('',#3689,#3658,#2711,.T.);
#9888=EDGE_CURVE('',#3693,#3659,#2819,.T.);
#9906=EDGE_CURVE('',#3677,#3679,#2719,.T.);
#9908=EDGE_CURVE('',#3679,#3675,#2731,.T.);
#9910=EDGE_CURVE('',#3673,#3675,#2715,.T.);
#9927=EDGE_CURVE('',#3671,#3679,#2735,.T.);
#9930=EDGE_CURVE('',#3667,#3677,#2759,.T.);
#9932=EDGE_CURVE('',#3667,#3671,#2739,.T.);
#9949=EDGE_CURVE('',#3670,#3671,#2723,.T.);
#9951=EDGE_CURVE('',#3675,#3670,#2727,.T.);
#9970=EDGE_CURVE('',#3666,#3667,#2743,.T.);
#9972=EDGE_CURVE('',#3666,#3670,#2823,.T.);
#9992=EDGE_CURVE('',#3655,#3667,#2763,.T.);
#9995=EDGE_CURVE('',#3653,#3666,#2747,.T.);
#10012=EDGE_CURVE('',#3686,#3687,#2751,.T.);
#10014=EDGE_CURVE('',#3687,#3661,#2755,.T.);
#10017=EDGE_CURVE('',#3686,#3663,#2771,.T.);
#10053=EDGE_CURVE('',#3689,#3686,#2767,.T.);
#10074=EDGE_CURVE('',#3689,#3691,#2779,.T.);
#10076=EDGE_CURVE('',#3691,#3682,#2791,.T.);
#10078=EDGE_CURVE('',#3686,#3682,#2775,.T.);
#10096=EDGE_CURVE('',#3693,#3695,#2783,.T.);
#10098=EDGE_CURVE('',#3695,#3691,#2795,.T.);
#10116=EDGE_CURVE('',#3683,#3695,#2799,.T.);
#10119=EDGE_CURVE('',#3687,#3693,#2815,.T.);
#10121=EDGE_CURVE('',#3687,#3683,#2803,.T.);
#10138=EDGE_CURVE('',#3682,#3683,#2787,.T.);
#10177=EDGE_CURVE('',#3673,#3666,#2807,.T.);
#10230=CLOSED_SHELL('',(#3971,#3993,#4015,#4037,#4059,#4081,#4103,#4125,#4147,
#4169,#4191,#4213,#4235,#4256,#4277,#4546,#4566,#4585,#4605,#4624,#4644,#4663,
#4683,#4702,#4722,#4741,#4761,#4780,#4800,#4819,#4839,#4858,#4878,#4897,#4917,
#4936,#4955,#4975,#4995,#5015,#5035,#5056,#5077,#5098,#5119,#5140,#5161,#5182,
#5203,#5224,#5245,#5266,#5286,#5305,#5325,#5344,#5364,#5383,#5403,#5422,#5442,
#5461,#5481,#5500,#5520,#5539,#5559,#5578,#5598,#5617,#5637,#5656,#5676,#5695,
#5715,#5734,#5756,#5778,#5800,#5822,#5843,#5864,#5885,#5907,#5926,#5946,#5968,
#5989,#6011,#6031,#6050,#6070,#6089,#6108,#6130,#6152,#6174,#6196,#6217,#6238,
#6259,#6281,#6300,#6320,#6342,#6363,#6385,#6405,#6424,#6444,#6463,#6482,#6504,
#6526,#6548,#6570,#6591,#6612,#6633,#6655,#6674,#6694,#6716,#6737,#6759,#6779,
#6798,#6818,#6837,#6856,#6878,#6900,#6922,#6944,#6965,#6986,#7007,#7029,#7048,
#7068,#7090,#7111,#7133,#7153,#7172,#7192,#7211,#7230,#7252,#7274,#7296,#7318,
#7339,#7360,#7381,#7403,#7422,#7442,#7464,#7485,#7507,#7527,#7546,#7566,#7585,
#7604,#7626,#7648,#7670,#7692,#7713,#7734,#7755,#7777,#7796,#7816,#7838,#7859,
#7881,#7901,#7920,#7940,#7959,#7978,#8000,#8022,#8044,#8066,#8087,#8108,#8129,
#8151,#8170,#8190,#8212,#8233,#8255,#8275,#8294,#8314,#8333,#8352,#8374,#8396,
#8418,#8440,#8461,#8482,#8503,#8525,#8544,#8564,#8586,#8607,#8629,#8649,#8668,
#8688,#8707,#8726,#8748,#8770,#8792,#8814,#8835,#8856,#8877,#8899,#8918,#8938,
#8960,#8981,#9003,#9023,#9042,#9062,#9081,#9100,#9122,#9144,#9166,#9188,#9209,
#9230,#9251,#9273,#9292,#9312,#9334,#9355,#9377,#9397,#9416,#9436,#9455,#9474,
#9496,#9518,#9540,#9562,#9583,#9604,#9625,#9647,#9666,#9686,#9708,#9729,#9751,
#9771,#9790,#9810,#9829,#9848,#9870,#9892,#9914,#9936,#9957,#9978,#9999,#10021,
#10040,#10060,#10082,#10103,#10125,#10145,#10164,#10184,#10203,#10222));
#10235=CIRCLE('',#10234,2.490569530119E-2);
#10240=CIRCLE('',#10239,2.490569530119E-2);
#10269=B_SPLINE_CURVE_WITH_KNOTS('',3,(#10265,#10266,#10267,#10268),
.UNSPECIFIED.,.F.,.F.,(4,4),(0.E0,1.E0),.UNSPECIFIED.);
#10279=B_SPLINE_CURVE_WITH_KNOTS('',3,(#10270,#10271,#10272,#10273,#10274,
#10275,#10276,#10277,#10278),.UNSPECIFIED.,.F.,.F.,(4,1,1,1,1,1,4),(0.E0,
1.567352323530E-1,3.198909263438E-1,4.971733109209E-1,6.842997664824E-1,
8.571876190287E-1,1.E0),.UNSPECIFIED.);
#10284=B_SPLINE_CURVE_WITH_KNOTS('',3,(#10280,#10281,#10282,#10283),
.UNSPECIFIED.,.F.,.F.,(4,4),(0.E0,1.E0),.UNSPECIFIED.);
#10294=B_SPLINE_CURVE_WITH_KNOTS('',3,(#10285,#10286,#10287,#10288,#10289,
#10290,#10291,#10292,#10293),.UNSPECIFIED.,.F.,.F.,(4,1,1,1,1,1,4),(0.E0,
1.152280785021E-1,3.048615611636E-1,5.034943846616E-1,6.872880068543E-1,
8.644343574720E-1,1.E0),.UNSPECIFIED.);
#10347=B_SPLINE_CURVE_WITH_KNOTS('',3,(#10343,#10344,#10345,#10346),
.UNSPECIFIED.,.F.,.F.,(4,4),(0.E0,1.E0),.UNSPECIFIED.);
#10355=B_SPLINE_CURVE_WITH_KNOTS('',3,(#10348,#10349,#10350,#10351,#10352,
#10353,#10354),.UNSPECIFIED.,.F.,.F.,(4,1,1,1,4),(0.E0,2.466247974286E-1,
4.922313053978E-1,7.440230975145E-1,1.E0),.UNSPECIFIED.);
#10360=B_SPLINE_CURVE_WITH_KNOTS('',3,(#10356,#10357,#10358,#10359),
.UNSPECIFIED.,.F.,.F.,(4,4),(0.E0,1.E0),.UNSPECIFIED.);
#10365=B_SPLINE_CURVE_WITH_KNOTS('',3,(#10361,#10362,#10363,#10364),
.UNSPECIFIED.,.F.,.F.,(4,4),(0.E0,1.E0),.UNSPECIFIED.);
#10370=B_SPLINE_CURVE_WITH_KNOTS('',3,(#10366,#10367,#10368,#10369),
.UNSPECIFIED.,.F.,.F.,(4,4),(0.E0,1.E0),.UNSPECIFIED.);
#10378=B_SPLINE_CURVE_WITH_KNOTS('',3,(#10371,#10372,#10373,#10374,#10375,
#10376,#10377),.UNSPECIFIED.,.F.,.F.,(4,1,1,1,4),(0.E0,2.578376410223E-1,
5.089732696791E-1,7.497847226165E-1,1.E0),.UNSPECIFIED.);
#10383=B_SPLINE_CURVE_WITH_KNOTS('',3,(#10379,#10380,#10381,#10382),
.UNSPECIFIED.,.F.,.F.,(4,4),(0.E0,1.E0),.UNSPECIFIED.);
#10388=B_SPLINE_CURVE_WITH_KNOTS('',3,(#10384,#10385,#10386,#10387),
.UNSPECIFIED.,.F.,.F.,(4,4),(0.E0,1.E0),.UNSPECIFIED.);
#10393=B_SPLINE_CURVE_WITH_KNOTS('',3,(#10389,#10390,#10391,#10392),
.UNSPECIFIED.,.F.,.F.,(4,4),(0.E0,1.E0),.UNSPECIFIED.);
#10398=B_SPLINE_CURVE_WITH_KNOTS('',3,(#10394,#10395,#10396,#10397),
.UNSPECIFIED.,.F.,.F.,(4,4),(0.E0,1.E0),.UNSPECIFIED.);
#10403=B_SPLINE_CURVE_WITH_KNOTS('',3,(#10399,#10400,#10401,#10402),
.UNSPECIFIED.,.F.,.F.,(4,4),(0.E0,1.E0),.UNSPECIFIED.);
#10408=B_SPLINE_CURVE_WITH_KNOTS('',3,(#10404,#10405,#10406,#10407),
.UNSPECIFIED.,.F.,.F.,(4,4),(0.E0,1.E0),.UNSPECIFIED.);
#10413=B_SPLINE_CURVE_WITH_KNOTS('',3,(#10409,#10410,#10411,#10412),
.UNSPECIFIED.,.F.,.F.,(4,4),(0.E0,1.E0),.UNSPECIFIED.);
#10498=B_SPLINE_CURVE_WITH_KNOTS('',3,(#10494,#10495,#10496,#10497),
.UNSPECIFIED.,.F.,.F.,(4,4),(0.E0,1.E0),.UNSPECIFIED.);
#10503=B_SPLINE_CURVE_WITH_KNOTS('',3,(#10499,#10500,#10501,#10502),
.UNSPECIFIED.,.F.,.F.,(4,4),(0.E0,1.E0),.UNSPECIFIED.);
#10513=B_SPLINE_CURVE_WITH_KNOTS('',3,(#10504,#10505,#10506,#10507,#10508,
#10509,#10510,#10511,#10512),.UNSPECIFIED.,.F.,.F.,(4,1,1,1,1,1,4),(0.E0,
2.155736124154E-1,4.209781367553E-1,5.610333349159E-1,6.872232534200E-1,
8.210542296683E-1,1.E0),.UNSPECIFIED.);
#10518=B_SPLINE_CURVE_WITH_KNOTS('',3,(#10514,#10515,#10516,#10517),
.UNSPECIFIED.,.F.,.F.,(4,4),(0.E0,1.E0),.UNSPECIFIED.);
#10523=B_SPLINE_CURVE_WITH_KNOTS('',3,(#10519,#10520,#10521,#10522),
.UNSPECIFIED.,.F.,.F.,(4,4),(0.E0,1.E0),.UNSPECIFIED.);
#10528=B_SPLINE_CURVE_WITH_KNOTS('',3,(#10524,#10525,#10526,#10527),
.UNSPECIFIED.,.F.,.F.,(4,4),(0.E0,1.E0),.UNSPECIFIED.);
#10534=B_SPLINE_CURVE_WITH_KNOTS('',3,(#10529,#10530,#10531,#10532,#10533),
.UNSPECIFIED.,.F.,.F.,(4,1,4),(0.E0,5.950198726789E-1,1.E0),.UNSPECIFIED.);
#10539=B_SPLINE_CURVE_WITH_KNOTS('',3,(#10535,#10536,#10537,#10538),
.UNSPECIFIED.,.F.,.F.,(4,4),(0.E0,1.E0),.UNSPECIFIED.);
#10545=B_SPLINE_CURVE_WITH_KNOTS('',3,(#10540,#10541,#10542,#10543,#10544),
.UNSPECIFIED.,.F.,.F.,(4,1,4),(0.E0,5.237524283500E-1,1.E0),.UNSPECIFIED.);
#10550=B_SPLINE_CURVE_WITH_KNOTS('',3,(#10546,#10547,#10548,#10549),
.UNSPECIFIED.,.F.,.F.,(4,4),(0.E0,1.E0),.UNSPECIFIED.);
#10558=B_SPLINE_CURVE_WITH_KNOTS('',3,(#10551,#10552,#10553,#10554,#10555,
#10556,#10557),.UNSPECIFIED.,.F.,.F.,(4,1,1,1,4),(0.E0,3.587265467628E-1,
5.354544245452E-1,7.237078634641E-1,1.E0),.UNSPECIFIED.);
#10563=B_SPLINE_CURVE_WITH_KNOTS('',3,(#10559,#10560,#10561,#10562),
.UNSPECIFIED.,.F.,.F.,(4,4),(0.E0,1.E0),.UNSPECIFIED.);
#10577=B_SPLINE_CURVE_WITH_KNOTS('',3,(#10564,#10565,#10566,#10567,#10568,
#10569,#10570,#10571,#10572,#10573,#10574,#10575,#10576),.UNSPECIFIED.,.F.,.F.,(
4,1,1,1,1,1,1,1,1,1,4),(0.E0,1.341444812189E-1,2.800839735467E-1,
3.979117310528E-1,4.827091168545E-1,6.086883703528E-1,7.008952093107E-1,
7.495267048497E-1,8.031709464644E-1,8.723180716025E-1,1.E0),.UNSPECIFIED.);
#10582=B_SPLINE_CURVE_WITH_KNOTS('',3,(#10578,#10579,#10580,#10581),
.UNSPECIFIED.,.F.,.F.,(4,4),(0.E0,1.E0),.UNSPECIFIED.);
#10595=B_SPLINE_CURVE_WITH_KNOTS('',3,(#10583,#10584,#10585,#10586,#10587,
#10588,#10589,#10590,#10591,#10592,#10593,#10594),.UNSPECIFIED.,.F.,.F.,(4,1,1,
1,1,1,1,1,1,4),(0.E0,1.175653292804E-1,2.581187029197E-1,3.757089100175E-1,
4.565875832280E-1,5.800796653547E-1,6.796938943118E-1,7.310713197671E-1,
8.516242549624E-1,1.E0),.UNSPECIFIED.);
#10600=B_SPLINE_CURVE_WITH_KNOTS('',3,(#10596,#10597,#10598,#10599),
.UNSPECIFIED.,.F.,.F.,(4,4),(0.E0,1.E0),.UNSPECIFIED.);
#10605=B_SPLINE_CURVE_WITH_KNOTS('',3,(#10601,#10602,#10603,#10604),
.UNSPECIFIED.,.F.,.F.,(4,4),(0.E0,1.E0),.UNSPECIFIED.);
#10610=B_SPLINE_CURVE_WITH_KNOTS('',3,(#10606,#10607,#10608,#10609),
.UNSPECIFIED.,.F.,.F.,(4,4),(0.E0,1.E0),.UNSPECIFIED.);
#10615=B_SPLINE_CURVE_WITH_KNOTS('',3,(#10611,#10612,#10613,#10614),
.UNSPECIFIED.,.F.,.F.,(4,4),(0.E0,1.E0),.UNSPECIFIED.);
#10620=B_SPLINE_CURVE_WITH_KNOTS('',3,(#10616,#10617,#10618,#10619),
.UNSPECIFIED.,.F.,.F.,(4,4),(0.E0,1.E0),.UNSPECIFIED.);
#10626=B_SPLINE_CURVE_WITH_KNOTS('',3,(#10621,#10622,#10623,#10624,#10625),
.UNSPECIFIED.,.F.,.F.,(4,1,4),(0.E0,6.923374456522E-1,1.E0),.UNSPECIFIED.);
#10631=B_SPLINE_CURVE_WITH_KNOTS('',3,(#10627,#10628,#10629,#10630),
.UNSPECIFIED.,.F.,.F.,(4,4),(0.E0,1.E0),.UNSPECIFIED.);
#10637=B_SPLINE_CURVE_WITH_KNOTS('',3,(#10632,#10633,#10634,#10635,#10636),
.UNSPECIFIED.,.F.,.F.,(4,1,4),(0.E0,1.921533577342E-1,1.E0),.UNSPECIFIED.);
#10642=B_SPLINE_CURVE_WITH_KNOTS('',3,(#10638,#10639,#10640,#10641),
.UNSPECIFIED.,.F.,.F.,(4,4),(0.E0,1.E0),.UNSPECIFIED.);
#10647=B_SPLINE_CURVE_WITH_KNOTS('',3,(#10643,#10644,#10645,#10646),
.UNSPECIFIED.,.F.,.F.,(4,4),(0.E0,1.E0),.UNSPECIFIED.);
#10652=B_SPLINE_CURVE_WITH_KNOTS('',3,(#10648,#10649,#10650,#10651),
.UNSPECIFIED.,.F.,.F.,(4,4),(0.E0,1.E0),.UNSPECIFIED.);
#10657=B_SPLINE_CURVE_WITH_KNOTS('',3,(#10653,#10654,#10655,#10656),
.UNSPECIFIED.,.F.,.F.,(4,4),(0.E0,1.E0),.UNSPECIFIED.);
#10710=B_SPLINE_CURVE_WITH_KNOTS('',3,(#10706,#10707,#10708,#10709),
.UNSPECIFIED.,.F.,.F.,(4,4),(0.E0,1.E0),.UNSPECIFIED.);
#10718=B_SPLINE_CURVE_WITH_KNOTS('',3,(#10711,#10712,#10713,#10714,#10715,
#10716,#10717),.UNSPECIFIED.,.F.,.F.,(4,1,1,1,4),(0.E0,2.466247974256E-1,
4.922313053899E-1,7.440230975121E-1,1.E0),.UNSPECIFIED.);
#10723=B_SPLINE_CURVE_WITH_KNOTS('',3,(#10719,#10720,#10721,#10722),
.UNSPECIFIED.,.F.,.F.,(4,4),(0.E0,1.E0),.UNSPECIFIED.);
#10728=B_SPLINE_CURVE_WITH_KNOTS('',3,(#10724,#10725,#10726,#10727),
.UNSPECIFIED.,.F.,.F.,(4,4),(0.E0,1.E0),.UNSPECIFIED.);
#10733=B_SPLINE_CURVE_WITH_KNOTS('',3,(#10729,#10730,#10731,#10732),
.UNSPECIFIED.,.F.,.F.,(4,4),(0.E0,1.E0),.UNSPECIFIED.);
#10741=B_SPLINE_CURVE_WITH_KNOTS('',3,(#10734,#10735,#10736,#10737,#10738,
#10739,#10740),.UNSPECIFIED.,.F.,.F.,(4,1,1,1,4),(0.E0,2.578376410199E-1,
5.089732696746E-1,7.497847226177E-1,1.E0),.UNSPECIFIED.);
#10746=B_SPLINE_CURVE_WITH_KNOTS('',3,(#10742,#10743,#10744,#10745),
.UNSPECIFIED.,.F.,.F.,(4,4),(0.E0,1.E0),.UNSPECIFIED.);
#10751=B_SPLINE_CURVE_WITH_KNOTS('',3,(#10747,#10748,#10749,#10750),
.UNSPECIFIED.,.F.,.F.,(4,4),(0.E0,1.E0),.UNSPECIFIED.);
#10756=B_SPLINE_CURVE_WITH_KNOTS('',3,(#10752,#10753,#10754,#10755),
.UNSPECIFIED.,.F.,.F.,(4,4),(0.E0,1.E0),.UNSPECIFIED.);
#10761=B_SPLINE_CURVE_WITH_KNOTS('',3,(#10757,#10758,#10759,#10760),
.UNSPECIFIED.,.F.,.F.,(4,4),(0.E0,1.E0),.UNSPECIFIED.);
#10766=B_SPLINE_CURVE_WITH_KNOTS('',3,(#10762,#10763,#10764,#10765),
.UNSPECIFIED.,.F.,.F.,(4,4),(0.E0,1.E0),.UNSPECIFIED.);
#10771=B_SPLINE_CURVE_WITH_KNOTS('',3,(#10767,#10768,#10769,#10770),
.UNSPECIFIED.,.F.,.F.,(4,4),(0.E0,1.E0),.UNSPECIFIED.);
#10776=B_SPLINE_CURVE_WITH_KNOTS('',3,(#10772,#10773,#10774,#10775),
.UNSPECIFIED.,.F.,.F.,(4,4),(0.E0,1.E0),.UNSPECIFIED.);
#10816=B_SPLINE_CURVE_WITH_KNOTS('',3,(#10809,#10810,#10811,#10812,#10813,
#10814,#10815),.UNSPECIFIED.,.F.,.F.,(4,1,1,1,4),(0.E0,2.226963329829E-1,
5.615438495888E-1,8.551881585072E-1,1.E0),.UNSPECIFIED.);
#10825=B_SPLINE_CURVE_WITH_KNOTS('',3,(#10817,#10818,#10819,#10820,#10821,
#10822,#10823,#10824),.UNSPECIFIED.,.F.,.F.,(4,1,1,1,1,4),(0.E0,
4.798572530125E-2,3.069980039736E-1,5.632939930434E-1,8.060865076554E-1,1.E0),
.UNSPECIFIED.);
#10832=B_SPLINE_CURVE_WITH_KNOTS('',3,(#10826,#10827,#10828,#10829,#10830,
#10831),.UNSPECIFIED.,.F.,.F.,(4,1,1,4),(0.E0,4.355221245185E-1,
9.627213829328E-1,1.E0),.UNSPECIFIED.);
#10837=B_SPLINE_CURVE_WITH_KNOTS('',3,(#10833,#10834,#10835,#10836),
.UNSPECIFIED.,.F.,.F.,(4,4),(0.E0,1.E0),.UNSPECIFIED.);
#10842=B_SPLINE_CURVE_WITH_KNOTS('',3,(#10838,#10839,#10840,#10841),
.UNSPECIFIED.,.F.,.F.,(4,4),(0.E0,1.E0),.UNSPECIFIED.);
#10847=B_SPLINE_CURVE_WITH_KNOTS('',3,(#10843,#10844,#10845,#10846),
.UNSPECIFIED.,.F.,.F.,(4,4),(0.E0,1.E0),.UNSPECIFIED.);
#10853=B_SPLINE_CURVE_WITH_KNOTS('',3,(#10848,#10849,#10850,#10851,#10852),
.UNSPECIFIED.,.F.,.F.,(4,1,4),(0.E0,4.175733561965E-1,1.E0),.UNSPECIFIED.);
#10860=B_SPLINE_CURVE_WITH_KNOTS('',3,(#10854,#10855,#10856,#10857,#10858,
#10859),.UNSPECIFIED.,.F.,.F.,(4,1,1,4),(0.E0,3.585443611440E-1,
8.201936862644E-1,1.E0),.UNSPECIFIED.);
#10866=B_SPLINE_CURVE_WITH_KNOTS('',3,(#10861,#10862,#10863,#10864,#10865),
.UNSPECIFIED.,.F.,.F.,(4,1,4),(0.E0,4.675992636402E-1,1.E0),.UNSPECIFIED.);
#10873=B_SPLINE_CURVE_WITH_KNOTS('',3,(#10867,#10868,#10869,#10870,#10871,
#10872),.UNSPECIFIED.,.F.,.F.,(4,1,1,4),(0.E0,3.564114353987E-2,
5.270824027251E-1,1.E0),.UNSPECIFIED.);
#10878=B_SPLINE_CURVE_WITH_KNOTS('',3,(#10874,#10875,#10876,#10877),
.UNSPECIFIED.,.F.,.F.,(4,4),(0.E0,1.E0),.UNSPECIFIED.);
#10885=B_SPLINE_CURVE_WITH_KNOTS('',3,(#10879,#10880,#10881,#10882,#10883,
#10884),.UNSPECIFIED.,.F.,.F.,(4,1,1,4),(0.E0,6.584959150851E-2,
5.404520185202E-1,1.E0),.UNSPECIFIED.);
#10890=B_SPLINE_CURVE_WITH_KNOTS('',3,(#10886,#10887,#10888,#10889),
.UNSPECIFIED.,.F.,.F.,(4,4),(0.E0,1.E0),.UNSPECIFIED.);
#10895=B_SPLINE_CURVE_WITH_KNOTS('',3,(#10891,#10892,#10893,#10894),
.UNSPECIFIED.,.F.,.F.,(4,4),(0.E0,1.E0),.UNSPECIFIED.);
#10900=B_SPLINE_CURVE_WITH_KNOTS('',3,(#10896,#10897,#10898,#10899),
.UNSPECIFIED.,.F.,.F.,(4,4),(0.E0,1.E0),.UNSPECIFIED.);
#10907=B_SPLINE_CURVE_WITH_KNOTS('',3,(#10901,#10902,#10903,#10904,#10905,
#10906),.UNSPECIFIED.,.F.,.F.,(4,1,1,4),(0.E0,2.761126116402E-1,
5.534015859397E-1,1.E0),.UNSPECIFIED.);
#10920=CIRCLE('',#10919,2.490569530119E-2);
#10925=CIRCLE('',#10924,2.490569530119E-2);
#10954=B_SPLINE_CURVE_WITH_KNOTS('',3,(#10950,#10951,#10952,#10953),
.UNSPECIFIED.,.F.,.F.,(4,4),(0.E0,1.E0),.UNSPECIFIED.);
#10964=B_SPLINE_CURVE_WITH_KNOTS('',3,(#10955,#10956,#10957,#10958,#10959,
#10960,#10961,#10962,#10963),.UNSPECIFIED.,.F.,.F.,(4,1,1,1,1,1,4),(0.E0,
1.152280785021E-1,3.048615611636E-1,5.034943846616E-1,6.872880068543E-1,
8.644343574720E-1,1.E0),.UNSPECIFIED.);
#10969=B_SPLINE_CURVE_WITH_KNOTS('',3,(#10965,#10966,#10967,#10968),
.UNSPECIFIED.,.F.,.F.,(4,4),(0.E0,1.E0),.UNSPECIFIED.);
#10979=B_SPLINE_CURVE_WITH_KNOTS('',3,(#10970,#10971,#10972,#10973,#10974,
#10975,#10976,#10977,#10978),.UNSPECIFIED.,.F.,.F.,(4,1,1,1,1,1,4),(0.E0,
1.567352323530E-1,3.198909263438E-1,4.971733109209E-1,6.842997664824E-1,
8.571876190287E-1,1.E0),.UNSPECIFIED.);
#11032=B_SPLINE_CURVE_WITH_KNOTS('',3,(#11028,#11029,#11030,#11031),
.UNSPECIFIED.,.F.,.F.,(4,4),(0.E0,1.E0),.UNSPECIFIED.);
#11037=B_SPLINE_CURVE_WITH_KNOTS('',3,(#11033,#11034,#11035,#11036),
.UNSPECIFIED.,.F.,.F.,(4,4),(0.E0,1.E0),.UNSPECIFIED.);
#11042=B_SPLINE_CURVE_WITH_KNOTS('',3,(#11038,#11039,#11040,#11041),
.UNSPECIFIED.,.F.,.F.,(4,4),(0.E0,1.E0),.UNSPECIFIED.);
#11050=B_SPLINE_CURVE_WITH_KNOTS('',3,(#11043,#11044,#11045,#11046,#11047,
#11048,#11049),.UNSPECIFIED.,.F.,.F.,(4,1,1,1,4),(0.E0,2.466247974286E-1,
4.922313053978E-1,7.440230975145E-1,1.E0),.UNSPECIFIED.);
#11055=B_SPLINE_CURVE_WITH_KNOTS('',3,(#11051,#11052,#11053,#11054),
.UNSPECIFIED.,.F.,.F.,(4,4),(0.E0,1.E0),.UNSPECIFIED.);
#11060=B_SPLINE_CURVE_WITH_KNOTS('',3,(#11056,#11057,#11058,#11059),
.UNSPECIFIED.,.F.,.F.,(4,4),(0.E0,1.E0),.UNSPECIFIED.);
#11065=B_SPLINE_CURVE_WITH_KNOTS('',3,(#11061,#11062,#11063,#11064),
.UNSPECIFIED.,.F.,.F.,(4,4),(0.E0,1.E0),.UNSPECIFIED.);
#11073=B_SPLINE_CURVE_WITH_KNOTS('',3,(#11066,#11067,#11068,#11069,#11070,
#11071,#11072),.UNSPECIFIED.,.F.,.F.,(4,1,1,1,4),(0.E0,2.578376410223E-1,
5.089732696791E-1,7.497847226165E-1,1.E0),.UNSPECIFIED.);
#11078=B_SPLINE_CURVE_WITH_KNOTS('',3,(#11074,#11075,#11076,#11077),
.UNSPECIFIED.,.F.,.F.,(4,4),(0.E0,1.E0),.UNSPECIFIED.);
#11083=B_SPLINE_CURVE_WITH_KNOTS('',3,(#11079,#11080,#11081,#11082),
.UNSPECIFIED.,.F.,.F.,(4,4),(0.E0,1.E0),.UNSPECIFIED.);
#11088=B_SPLINE_CURVE_WITH_KNOTS('',3,(#11084,#11085,#11086,#11087),
.UNSPECIFIED.,.F.,.F.,(4,4),(0.E0,1.E0),.UNSPECIFIED.);
#11093=B_SPLINE_CURVE_WITH_KNOTS('',3,(#11089,#11090,#11091,#11092),
.UNSPECIFIED.,.F.,.F.,(4,4),(0.E0,1.E0),.UNSPECIFIED.);
#11098=B_SPLINE_CURVE_WITH_KNOTS('',3,(#11094,#11095,#11096,#11097),
.UNSPECIFIED.,.F.,.F.,(4,4),(0.E0,1.E0),.UNSPECIFIED.);
#11183=B_SPLINE_CURVE_WITH_KNOTS('',3,(#11179,#11180,#11181,#11182),
.UNSPECIFIED.,.F.,.F.,(4,4),(0.E0,1.E0),.UNSPECIFIED.);
#11193=B_SPLINE_CURVE_WITH_KNOTS('',3,(#11184,#11185,#11186,#11187,#11188,
#11189,#11190,#11191,#11192),.UNSPECIFIED.,.F.,.F.,(4,1,1,1,1,1,4),(0.E0,
2.155736124154E-1,4.209781367553E-1,5.610333349159E-1,6.872232534200E-1,
8.210542296683E-1,1.E0),.UNSPECIFIED.);
#11198=B_SPLINE_CURVE_WITH_KNOTS('',3,(#11194,#11195,#11196,#11197),
.UNSPECIFIED.,.F.,.F.,(4,4),(0.E0,1.E0),.UNSPECIFIED.);
#11203=B_SPLINE_CURVE_WITH_KNOTS('',3,(#11199,#11200,#11201,#11202),
.UNSPECIFIED.,.F.,.F.,(4,4),(0.E0,1.E0),.UNSPECIFIED.);
#11211=B_SPLINE_CURVE_WITH_KNOTS('',3,(#11204,#11205,#11206,#11207,#11208,
#11209,#11210),.UNSPECIFIED.,.F.,.F.,(4,1,1,1,4),(0.E0,3.587265467628E-1,
5.354544245452E-1,7.237078634641E-1,1.E0),.UNSPECIFIED.);
#11216=B_SPLINE_CURVE_WITH_KNOTS('',3,(#11212,#11213,#11214,#11215),
.UNSPECIFIED.,.F.,.F.,(4,4),(0.E0,1.E0),.UNSPECIFIED.);
#11222=B_SPLINE_CURVE_WITH_KNOTS('',3,(#11217,#11218,#11219,#11220,#11221),
.UNSPECIFIED.,.F.,.F.,(4,1,4),(0.E0,5.237524283500E-1,1.E0),.UNSPECIFIED.);
#11227=B_SPLINE_CURVE_WITH_KNOTS('',3,(#11223,#11224,#11225,#11226),
.UNSPECIFIED.,.F.,.F.,(4,4),(0.E0,1.E0),.UNSPECIFIED.);
#11233=B_SPLINE_CURVE_WITH_KNOTS('',3,(#11228,#11229,#11230,#11231,#11232),
.UNSPECIFIED.,.F.,.F.,(4,1,4),(0.E0,5.950198726789E-1,1.E0),.UNSPECIFIED.);
#11238=B_SPLINE_CURVE_WITH_KNOTS('',3,(#11234,#11235,#11236,#11237),
.UNSPECIFIED.,.F.,.F.,(4,4),(0.E0,1.E0),.UNSPECIFIED.);
#11243=B_SPLINE_CURVE_WITH_KNOTS('',3,(#11239,#11240,#11241,#11242),
.UNSPECIFIED.,.F.,.F.,(4,4),(0.E0,1.E0),.UNSPECIFIED.);
#11248=B_SPLINE_CURVE_WITH_KNOTS('',3,(#11244,#11245,#11246,#11247),
.UNSPECIFIED.,.F.,.F.,(4,4),(0.E0,1.E0),.UNSPECIFIED.);
#11261=B_SPLINE_CURVE_WITH_KNOTS('',3,(#11249,#11250,#11251,#11252,#11253,
#11254,#11255,#11256,#11257,#11258,#11259,#11260),.UNSPECIFIED.,.F.,.F.,(4,1,1,
1,1,1,1,1,1,4),(0.E0,1.175653292804E-1,2.581187029197E-1,3.757089100175E-1,
4.565875832280E-1,5.800796653547E-1,6.796938943118E-1,7.310713197671E-1,
8.516242549624E-1,1.E0),.UNSPECIFIED.);
#11266=B_SPLINE_CURVE_WITH_KNOTS('',3,(#11262,#11263,#11264,#11265),
.UNSPECIFIED.,.F.,.F.,(4,4),(0.E0,1.E0),.UNSPECIFIED.);
#11280=B_SPLINE_CURVE_WITH_KNOTS('',3,(#11267,#11268,#11269,#11270,#11271,
#11272,#11273,#11274,#11275,#11276,#11277,#11278,#11279),.UNSPECIFIED.,.F.,.F.,(
4,1,1,1,1,1,1,1,1,1,4),(0.E0,1.341444812189E-1,2.800839735467E-1,
3.979117310528E-1,4.827091168545E-1,6.086883703528E-1,7.008952093107E-1,
7.495267048497E-1,8.031709464644E-1,8.723180716025E-1,1.E0),.UNSPECIFIED.);
#11285=B_SPLINE_CURVE_WITH_KNOTS('',3,(#11281,#11282,#11283,#11284),
.UNSPECIFIED.,.F.,.F.,(4,4),(0.E0,1.E0),.UNSPECIFIED.);
#11290=B_SPLINE_CURVE_WITH_KNOTS('',3,(#11286,#11287,#11288,#11289),
.UNSPECIFIED.,.F.,.F.,(4,4),(0.E0,1.E0),.UNSPECIFIED.);
#11295=B_SPLINE_CURVE_WITH_KNOTS('',3,(#11291,#11292,#11293,#11294),
.UNSPECIFIED.,.F.,.F.,(4,4),(0.E0,1.E0),.UNSPECIFIED.);
#11300=B_SPLINE_CURVE_WITH_KNOTS('',3,(#11296,#11297,#11298,#11299),
.UNSPECIFIED.,.F.,.F.,(4,4),(0.E0,1.E0),.UNSPECIFIED.);
#11305=B_SPLINE_CURVE_WITH_KNOTS('',3,(#11301,#11302,#11303,#11304),
.UNSPECIFIED.,.F.,.F.,(4,4),(0.E0,1.E0),.UNSPECIFIED.);
#11311=B_SPLINE_CURVE_WITH_KNOTS('',3,(#11306,#11307,#11308,#11309,#11310),
.UNSPECIFIED.,.F.,.F.,(4,1,4),(0.E0,1.921533577342E-1,1.E0),.UNSPECIFIED.);
#11316=B_SPLINE_CURVE_WITH_KNOTS('',3,(#11312,#11313,#11314,#11315),
.UNSPECIFIED.,.F.,.F.,(4,4),(0.E0,1.E0),.UNSPECIFIED.);
#11322=B_SPLINE_CURVE_WITH_KNOTS('',3,(#11317,#11318,#11319,#11320,#11321),
.UNSPECIFIED.,.F.,.F.,(4,1,4),(0.E0,6.923374456522E-1,1.E0),.UNSPECIFIED.);
#11327=B_SPLINE_CURVE_WITH_KNOTS('',3,(#11323,#11324,#11325,#11326),
.UNSPECIFIED.,.F.,.F.,(4,4),(0.E0,1.E0),.UNSPECIFIED.);
#11332=B_SPLINE_CURVE_WITH_KNOTS('',3,(#11328,#11329,#11330,#11331),
.UNSPECIFIED.,.F.,.F.,(4,4),(0.E0,1.E0),.UNSPECIFIED.);
#11337=B_SPLINE_CURVE_WITH_KNOTS('',3,(#11333,#11334,#11335,#11336),
.UNSPECIFIED.,.F.,.F.,(4,4),(0.E0,1.E0),.UNSPECIFIED.);
#11342=B_SPLINE_CURVE_WITH_KNOTS('',3,(#11338,#11339,#11340,#11341),
.UNSPECIFIED.,.F.,.F.,(4,4),(0.E0,1.E0),.UNSPECIFIED.);
#11395=B_SPLINE_CURVE_WITH_KNOTS('',3,(#11391,#11392,#11393,#11394),
.UNSPECIFIED.,.F.,.F.,(4,4),(0.E0,1.E0),.UNSPECIFIED.);
#11400=B_SPLINE_CURVE_WITH_KNOTS('',3,(#11396,#11397,#11398,#11399),
.UNSPECIFIED.,.F.,.F.,(4,4),(0.E0,1.E0),.UNSPECIFIED.);
#11405=B_SPLINE_CURVE_WITH_KNOTS('',3,(#11401,#11402,#11403,#11404),
.UNSPECIFIED.,.F.,.F.,(4,4),(0.E0,1.E0),.UNSPECIFIED.);
#11413=B_SPLINE_CURVE_WITH_KNOTS('',3,(#11406,#11407,#11408,#11409,#11410,
#11411,#11412),.UNSPECIFIED.,.F.,.F.,(4,1,1,1,4),(0.E0,2.466247974256E-1,
4.922313053899E-1,7.440230975121E-1,1.E0),.UNSPECIFIED.);
#11418=B_SPLINE_CURVE_WITH_KNOTS('',3,(#11414,#11415,#11416,#11417),
.UNSPECIFIED.,.F.,.F.,(4,4),(0.E0,1.E0),.UNSPECIFIED.);
#11423=B_SPLINE_CURVE_WITH_KNOTS('',3,(#11419,#11420,#11421,#11422),
.UNSPECIFIED.,.F.,.F.,(4,4),(0.E0,1.E0),.UNSPECIFIED.);
#11428=B_SPLINE_CURVE_WITH_KNOTS('',3,(#11424,#11425,#11426,#11427),
.UNSPECIFIED.,.F.,.F.,(4,4),(0.E0,1.E0),.UNSPECIFIED.);
#11436=B_SPLINE_CURVE_WITH_KNOTS('',3,(#11429,#11430,#11431,#11432,#11433,
#11434,#11435),.UNSPECIFIED.,.F.,.F.,(4,1,1,1,4),(0.E0,2.578376410199E-1,
5.089732696746E-1,7.497847226177E-1,1.E0),.UNSPECIFIED.);
#11441=B_SPLINE_CURVE_WITH_KNOTS('',3,(#11437,#11438,#11439,#11440),
.UNSPECIFIED.,.F.,.F.,(4,4),(0.E0,1.E0),.UNSPECIFIED.);
#11446=B_SPLINE_CURVE_WITH_KNOTS('',3,(#11442,#11443,#11444,#11445),
.UNSPECIFIED.,.F.,.F.,(4,4),(0.E0,1.E0),.UNSPECIFIED.);
#11451=B_SPLINE_CURVE_WITH_KNOTS('',3,(#11447,#11448,#11449,#11450),
.UNSPECIFIED.,.F.,.F.,(4,4),(0.E0,1.E0),.UNSPECIFIED.);
#11456=B_SPLINE_CURVE_WITH_KNOTS('',3,(#11452,#11453,#11454,#11455),
.UNSPECIFIED.,.F.,.F.,(4,4),(0.E0,1.E0),.UNSPECIFIED.);
#11461=B_SPLINE_CURVE_WITH_KNOTS('',3,(#11457,#11458,#11459,#11460),
.UNSPECIFIED.,.F.,.F.,(4,4),(0.E0,1.E0),.UNSPECIFIED.);
#11501=B_SPLINE_CURVE_WITH_KNOTS('',3,(#11494,#11495,#11496,#11497,#11498,
#11499,#11500),.UNSPECIFIED.,.F.,.F.,(4,1,1,1,4),(0.E0,2.226963329829E-1,
5.615438495888E-1,8.551881585072E-1,1.E0),.UNSPECIFIED.);
#11508=B_SPLINE_CURVE_WITH_KNOTS('',3,(#11502,#11503,#11504,#11505,#11506,
#11507),.UNSPECIFIED.,.F.,.F.,(4,1,1,4),(0.E0,2.761126116402E-1,
5.534015859397E-1,1.E0),.UNSPECIFIED.);
#11513=B_SPLINE_CURVE_WITH_KNOTS('',3,(#11509,#11510,#11511,#11512),
.UNSPECIFIED.,.F.,.F.,(4,4),(0.E0,1.E0),.UNSPECIFIED.);
#11518=B_SPLINE_CURVE_WITH_KNOTS('',3,(#11514,#11515,#11516,#11517),
.UNSPECIFIED.,.F.,.F.,(4,4),(0.E0,1.E0),.UNSPECIFIED.);
#11523=B_SPLINE_CURVE_WITH_KNOTS('',3,(#11519,#11520,#11521,#11522),
.UNSPECIFIED.,.F.,.F.,(4,4),(0.E0,1.E0),.UNSPECIFIED.);
#11530=B_SPLINE_CURVE_WITH_KNOTS('',3,(#11524,#11525,#11526,#11527,#11528,
#11529),.UNSPECIFIED.,.F.,.F.,(4,1,1,4),(0.E0,6.584959150851E-2,
5.404520185202E-1,1.E0),.UNSPECIFIED.);
#11535=B_SPLINE_CURVE_WITH_KNOTS('',3,(#11531,#11532,#11533,#11534),
.UNSPECIFIED.,.F.,.F.,(4,4),(0.E0,1.E0),.UNSPECIFIED.);
#11542=B_SPLINE_CURVE_WITH_KNOTS('',3,(#11536,#11537,#11538,#11539,#11540,
#11541),.UNSPECIFIED.,.F.,.F.,(4,1,1,4),(0.E0,3.564114353987E-2,
5.270824027251E-1,1.E0),.UNSPECIFIED.);
#11548=B_SPLINE_CURVE_WITH_KNOTS('',3,(#11543,#11544,#11545,#11546,#11547),
.UNSPECIFIED.,.F.,.F.,(4,1,4),(0.E0,4.675992636402E-1,1.E0),.UNSPECIFIED.);
#11555=B_SPLINE_CURVE_WITH_KNOTS('',3,(#11549,#11550,#11551,#11552,#11553,
#11554),.UNSPECIFIED.,.F.,.F.,(4,1,1,4),(0.E0,3.585443611440E-1,
8.201936862644E-1,1.E0),.UNSPECIFIED.);
#11561=B_SPLINE_CURVE_WITH_KNOTS('',3,(#11556,#11557,#11558,#11559,#11560),
.UNSPECIFIED.,.F.,.F.,(4,1,4),(0.E0,4.175733561965E-1,1.E0),.UNSPECIFIED.);
#11566=B_SPLINE_CURVE_WITH_KNOTS('',3,(#11562,#11563,#11564,#11565),
.UNSPECIFIED.,.F.,.F.,(4,4),(0.E0,1.E0),.UNSPECIFIED.);
#11571=B_SPLINE_CURVE_WITH_KNOTS('',3,(#11567,#11568,#11569,#11570),
.UNSPECIFIED.,.F.,.F.,(4,4),(0.E0,1.E0),.UNSPECIFIED.);
#11576=B_SPLINE_CURVE_WITH_KNOTS('',3,(#11572,#11573,#11574,#11575),
.UNSPECIFIED.,.F.,.F.,(4,4),(0.E0,1.E0),.UNSPECIFIED.);
#11583=B_SPLINE_CURVE_WITH_KNOTS('',3,(#11577,#11578,#11579,#11580,#11581,
#11582),.UNSPECIFIED.,.F.,.F.,(4,1,1,4),(0.E0,4.355221245185E-1,
9.627213829328E-1,1.E0),.UNSPECIFIED.);
#11592=B_SPLINE_CURVE_WITH_KNOTS('',3,(#11584,#11585,#11586,#11587,#11588,
#11589,#11590,#11591),.UNSPECIFIED.,.F.,.F.,(4,1,1,1,1,4),(0.E0,
4.798572530125E-2,3.069980039736E-1,5.632939930434E-1,8.060865076554E-1,1.E0),
.UNSPECIFIED.);
#12508=EDGE_CURVE('',#12123,#12124,#10244,.T.);
#12510=EDGE_CURVE('',#12124,#12126,#10248,.T.);
#12512=EDGE_CURVE('',#12126,#12128,#10252,.T.);
#12514=EDGE_CURVE('',#12128,#12130,#10256,.T.);
#12516=EDGE_CURVE('',#12130,#12132,#10260,.T.);
#12518=EDGE_CURVE('',#12132,#12123,#10264,.T.);
#12528=EDGE_CURVE('',#12133,#12134,#10269,.T.);
#12530=EDGE_CURVE('',#12134,#12135,#10279,.T.);
#12532=EDGE_CURVE('',#12135,#12136,#10284,.T.);
#12534=EDGE_CURVE('',#12136,#12133,#10294,.T.);
#12544=EDGE_CURVE('',#12139,#12140,#10298,.T.);
#12546=EDGE_CURVE('',#12140,#12142,#10302,.T.);
#12548=EDGE_CURVE('',#12142,#12144,#10306,.T.);
#12550=EDGE_CURVE('',#12144,#12146,#10310,.T.);
#12552=EDGE_CURVE('',#12146,#12148,#10314,.T.);
#12554=EDGE_CURVE('',#12148,#12150,#10318,.T.);
#12556=EDGE_CURVE('',#12150,#12152,#10322,.T.);
#12558=EDGE_CURVE('',#12152,#12154,#10326,.T.);
#12560=EDGE_CURVE('',#12154,#12156,#10330,.T.);
#12562=EDGE_CURVE('',#12156,#12158,#10334,.T.);
#12564=EDGE_CURVE('',#12158,#12160,#10338,.T.);
#12566=EDGE_CURVE('',#12160,#12139,#10342,.T.);
#12576=EDGE_CURVE('',#12165,#12166,#10370,.T.);
#12578=EDGE_CURVE('',#12166,#12167,#10378,.T.);
#12580=EDGE_CURVE('',#12167,#12168,#10383,.T.);
#12582=EDGE_CURVE('',#12168,#12165,#10388,.T.);
#12586=EDGE_CURVE('',#12161,#12162,#10347,.T.);
#12588=EDGE_CURVE('',#12162,#12163,#10355,.T.);
#12590=EDGE_CURVE('',#12163,#12164,#10360,.T.);
#12592=EDGE_CURVE('',#12164,#12161,#10365,.T.);
#12602=EDGE_CURVE('',#12176,#12177,#10417,.T.);
#12604=EDGE_CURVE('',#12177,#12179,#10421,.T.);
#12606=EDGE_CURVE('',#12179,#12181,#10425,.T.);
#12608=EDGE_CURVE('',#12181,#12183,#10429,.T.);
#12610=EDGE_CURVE('',#12183,#12185,#10433,.T.);
#12612=EDGE_CURVE('',#12185,#12187,#10437,.T.);
#12614=EDGE_CURVE('',#12187,#12189,#10441,.T.);
#12616=EDGE_CURVE('',#12189,#12176,#10445,.T.);
#12620=EDGE_CURVE('',#12169,#12170,#10393,.T.);
#12622=EDGE_CURVE('',#12170,#12171,#10398,.T.);
#12624=EDGE_CURVE('',#12171,#12172,#10403,.T.);
#12626=EDGE_CURVE('',#12172,#12173,#10408,.T.);
#12628=EDGE_CURVE('',#12173,#12169,#10413,.T.);
#12638=EDGE_CURVE('',#12192,#12193,#10449,.T.);
#12640=EDGE_CURVE('',#12193,#12195,#10453,.T.);
#12642=EDGE_CURVE('',#12195,#12197,#10457,.T.);
#12644=EDGE_CURVE('',#12197,#12199,#10461,.T.);
#12646=EDGE_CURVE('',#12199,#12201,#10465,.T.);
#12648=EDGE_CURVE('',#12201,#12203,#10469,.T.);
#12650=EDGE_CURVE('',#12203,#12205,#10473,.T.);
#12652=EDGE_CURVE('',#12205,#12207,#10477,.T.);
#12654=EDGE_CURVE('',#12207,#12209,#10481,.T.);
#12656=EDGE_CURVE('',#12209,#12211,#10485,.T.);
#12658=EDGE_CURVE('',#12211,#12213,#10489,.T.);
#12660=EDGE_CURVE('',#12213,#12192,#10493,.T.);
#12670=EDGE_CURVE('',#12217,#12218,#10518,.T.);
#12672=EDGE_CURVE('',#12218,#12219,#10523,.T.);
#12674=EDGE_CURVE('',#12219,#12220,#10528,.T.);
#12676=EDGE_CURVE('',#12220,#12221,#10534,.T.);
#12678=EDGE_CURVE('',#12221,#12222,#10539,.T.);
#12680=EDGE_CURVE('',#12222,#12223,#10545,.T.);
#12682=EDGE_CURVE('',#12223,#12224,#10550,.T.);
#12684=EDGE_CURVE('',#12224,#12217,#10558,.T.);
#12688=EDGE_CURVE('',#12214,#12215,#10498,.T.);
#12690=EDGE_CURVE('',#12215,#12216,#10503,.T.);
#12692=EDGE_CURVE('',#12216,#12214,#10513,.T.);
#12702=EDGE_CURVE('',#12225,#12226,#10563,.T.);
#12704=EDGE_CURVE('',#12226,#12227,#10577,.T.);
#12706=EDGE_CURVE('',#12227,#12228,#10582,.T.);
#12708=EDGE_CURVE('',#12228,#12225,#10595,.T.);
#12718=EDGE_CURVE('',#12229,#12230,#10600,.T.);
#12720=EDGE_CURVE('',#12230,#12231,#10605,.T.);
#12722=EDGE_CURVE('',#12231,#12232,#10610,.T.);
#12724=EDGE_CURVE('',#12232,#12233,#10615,.T.);
#12726=EDGE_CURVE('',#12233,#12234,#10620,.T.);
#12728=EDGE_CURVE('',#12234,#12235,#10626,.T.);
#12730=EDGE_CURVE('',#12235,#12236,#10631,.T.);
#12732=EDGE_CURVE('',#12236,#12237,#10637,.T.);
#12734=EDGE_CURVE('',#12237,#12238,#10642,.T.);
#12736=EDGE_CURVE('',#12238,#12239,#10647,.T.);
#12738=EDGE_CURVE('',#12239,#12240,#10652,.T.);
#12740=EDGE_CURVE('',#12240,#12229,#10657,.T.);
#12750=EDGE_CURVE('',#12243,#12244,#10661,.T.);
#12752=EDGE_CURVE('',#12244,#12246,#10665,.T.);
#12754=EDGE_CURVE('',#12246,#12248,#10669,.T.);
#12756=EDGE_CURVE('',#12248,#12250,#10673,.T.);
#12758=EDGE_CURVE('',#12250,#12252,#10677,.T.);
#12760=EDGE_CURVE('',#12252,#12254,#10681,.T.);
#12762=EDGE_CURVE('',#12254,#12256,#10685,.T.);
#12764=EDGE_CURVE('',#12256,#12258,#10689,.T.);
#12766=EDGE_CURVE('',#12258,#12260,#10693,.T.);
#12768=EDGE_CURVE('',#12260,#12262,#10697,.T.);
#12770=EDGE_CURVE('',#12262,#12264,#10701,.T.);
#12772=EDGE_CURVE('',#12264,#12243,#10705,.T.);
#12782=EDGE_CURVE('',#12269,#12270,#10733,.T.);
#12784=EDGE_CURVE('',#12270,#12271,#10741,.T.);
#12786=EDGE_CURVE('',#12271,#12272,#10746,.T.);
#12788=EDGE_CURVE('',#12272,#12269,#10751,.T.);
#12792=EDGE_CURVE('',#12265,#12266,#10710,.T.);
#12794=EDGE_CURVE('',#12266,#12267,#10718,.T.);
#12796=EDGE_CURVE('',#12267,#12268,#10723,.T.);
#12798=EDGE_CURVE('',#12268,#12265,#10728,.T.);
#12808=EDGE_CURVE('',#12280,#12281,#10780,.T.);
#12810=EDGE_CURVE('',#12281,#12283,#10784,.T.);
#12812=EDGE_CURVE('',#12283,#12285,#10788,.T.);
#12814=EDGE_CURVE('',#12285,#12287,#10792,.T.);
#12816=EDGE_CURVE('',#12287,#12289,#10796,.T.);
#12818=EDGE_CURVE('',#12289,#12291,#10800,.T.);
#12820=EDGE_CURVE('',#12291,#12293,#10804,.T.);
#12822=EDGE_CURVE('',#12293,#12280,#10808,.T.);
#12826=EDGE_CURVE('',#12273,#12274,#10756,.T.);
#12828=EDGE_CURVE('',#12274,#12275,#10761,.T.);
#12830=EDGE_CURVE('',#12275,#12276,#10766,.T.);
#12832=EDGE_CURVE('',#12276,#12277,#10771,.T.);
#12834=EDGE_CURVE('',#12277,#12273,#10776,.T.);
#12844=EDGE_CURVE('',#12294,#12295,#10816,.T.);
#12846=EDGE_CURVE('',#12295,#12296,#10825,.T.);
#12848=EDGE_CURVE('',#12296,#12297,#10832,.T.);
#12850=EDGE_CURVE('',#12297,#12298,#10837,.T.);
#12852=EDGE_CURVE('',#12298,#12299,#10842,.T.);
#12854=EDGE_CURVE('',#12299,#12300,#10847,.T.);
#12856=EDGE_CURVE('',#12300,#12301,#10853,.T.);
#12858=EDGE_CURVE('',#12301,#12302,#10860,.T.);
#12860=EDGE_CURVE('',#12302,#12303,#10866,.T.);
#12862=EDGE_CURVE('',#12303,#12304,#10873,.T.);
#12864=EDGE_CURVE('',#12304,#12305,#10878,.T.);
#12866=EDGE_CURVE('',#12305,#12306,#10885,.T.);
#12868=EDGE_CURVE('',#12306,#12307,#10890,.T.);
#12870=EDGE_CURVE('',#12307,#12308,#10895,.T.);
#12872=EDGE_CURVE('',#12308,#12309,#10900,.T.);
#12874=EDGE_CURVE('',#12309,#12294,#10907,.T.);
#12878=EDGE_CURVE('',#12119,#12120,#10235,.T.);
#12880=EDGE_CURVE('',#12120,#12119,#10240,.T.);
#12891=EDGE_CURVE('',#12119,#12312,#10911,.T.);
#12893=EDGE_CURVE('',#12312,#12313,#10920,.T.);
#12895=EDGE_CURVE('',#12120,#12313,#10915,.T.);
#12914=EDGE_CURVE('',#12313,#12312,#10925,.T.);
#12932=EDGE_CURVE('',#12316,#12317,#10929,.T.);
#12934=EDGE_CURVE('',#12325,#12316,#10933,.T.);
#12936=EDGE_CURVE('',#12323,#12325,#10937,.T.);
#12938=EDGE_CURVE('',#12321,#12323,#10941,.T.);
#12940=EDGE_CURVE('',#12319,#12321,#10945,.T.);
#12942=EDGE_CURVE('',#12317,#12319,#10949,.T.);
#12959=EDGE_CURVE('',#12326,#12327,#10954,.T.);
#12961=EDGE_CURVE('',#12329,#12326,#10964,.T.);
#12963=EDGE_CURVE('',#12328,#12329,#10969,.T.);
#12965=EDGE_CURVE('',#12327,#12328,#10979,.T.);
#12982=EDGE_CURVE('',#12332,#12333,#10983,.T.);
#12984=EDGE_CURVE('',#12353,#12332,#10987,.T.);
#12986=EDGE_CURVE('',#12351,#12353,#10991,.T.);
#12988=EDGE_CURVE('',#12349,#12351,#10995,.T.);
#12990=EDGE_CURVE('',#12347,#12349,#10999,.T.);
#12992=EDGE_CURVE('',#12345,#12347,#11003,.T.);
#12994=EDGE_CURVE('',#12343,#12345,#11007,.T.);
#12996=EDGE_CURVE('',#12341,#12343,#11011,.T.);
#12998=EDGE_CURVE('',#12339,#12341,#11015,.T.);
#13000=EDGE_CURVE('',#12337,#12339,#11019,.T.);
#13002=EDGE_CURVE('',#12335,#12337,#11023,.T.);
#13004=EDGE_CURVE('',#12333,#12335,#11027,.T.);
#13021=EDGE_CURVE('',#12358,#12359,#11055,.T.);
#13023=EDGE_CURVE('',#12361,#12358,#11060,.T.);
#13025=EDGE_CURVE('',#12360,#12361,#11065,.T.);
#13027=EDGE_CURVE('',#12359,#12360,#11073,.T.);
#13031=EDGE_CURVE('',#12354,#12355,#11032,.T.);
#13033=EDGE_CURVE('',#12357,#12354,#11037,.T.);
#13035=EDGE_CURVE('',#12356,#12357,#11042,.T.);
#13037=EDGE_CURVE('',#12355,#12356,#11050,.T.);
#13054=EDGE_CURVE('',#12369,#12370,#11102,.T.);
#13056=EDGE_CURVE('',#12382,#12369,#11106,.T.);
#13058=EDGE_CURVE('',#12380,#12382,#11110,.T.);
#13060=EDGE_CURVE('',#12378,#12380,#11114,.T.);
#13062=EDGE_CURVE('',#12376,#12378,#11118,.T.);
#13064=EDGE_CURVE('',#12374,#12376,#11122,.T.);
#13066=EDGE_CURVE('',#12372,#12374,#11126,.T.);
#13068=EDGE_CURVE('',#12370,#12372,#11130,.T.);
#13072=EDGE_CURVE('',#12362,#12363,#11078,.T.);
#13074=EDGE_CURVE('',#12366,#12362,#11083,.T.);
#13076=EDGE_CURVE('',#12365,#12366,#11088,.T.);
#13078=EDGE_CURVE('',#12364,#12365,#11093,.T.);
#13080=EDGE_CURVE('',#12363,#12364,#11098,.T.);
#13097=EDGE_CURVE('',#12385,#12386,#11134,.T.);
#13099=EDGE_CURVE('',#12406,#12385,#11138,.T.);
#13101=EDGE_CURVE('',#12404,#12406,#11142,.T.);
#13103=EDGE_CURVE('',#12402,#12404,#11146,.T.);
#13105=EDGE_CURVE('',#12400,#12402,#11150,.T.);
#13107=EDGE_CURVE('',#12398,#12400,#11154,.T.);
#13109=EDGE_CURVE('',#12396,#12398,#11158,.T.);
#13111=EDGE_CURVE('',#12394,#12396,#11162,.T.);
#13113=EDGE_CURVE('',#12392,#12394,#11166,.T.);
#13115=EDGE_CURVE('',#12390,#12392,#11170,.T.);
#13117=EDGE_CURVE('',#12388,#12390,#11174,.T.);
#13119=EDGE_CURVE('',#12386,#12388,#11178,.T.);
#13136=EDGE_CURVE('',#12410,#12411,#11203,.T.);
#13138=EDGE_CURVE('',#12417,#12410,#11211,.T.);
#13140=EDGE_CURVE('',#12416,#12417,#11216,.T.);
#13142=EDGE_CURVE('',#12415,#12416,#11222,.T.);
#13144=EDGE_CURVE('',#12414,#12415,#11227,.T.);
#13146=EDGE_CURVE('',#12413,#12414,#11233,.T.);
#13148=EDGE_CURVE('',#12412,#12413,#11238,.T.);
#13150=EDGE_CURVE('',#12411,#12412,#11243,.T.);
#13154=EDGE_CURVE('',#12407,#12408,#11183,.T.);
#13156=EDGE_CURVE('',#12409,#12407,#11193,.T.);
#13158=EDGE_CURVE('',#12408,#12409,#11198,.T.);
#13175=EDGE_CURVE('',#12418,#12419,#11248,.T.);
#13177=EDGE_CURVE('',#12421,#12418,#11261,.T.);
#13179=EDGE_CURVE('',#12420,#12421,#11266,.T.);
#13181=EDGE_CURVE('',#12419,#12420,#11280,.T.);
#13198=EDGE_CURVE('',#12422,#12423,#11285,.T.);
#13200=EDGE_CURVE('',#12433,#12422,#11290,.T.);
#13202=EDGE_CURVE('',#12432,#12433,#11295,.T.);
#13204=EDGE_CURVE('',#12431,#12432,#11300,.T.);
#13206=EDGE_CURVE('',#12430,#12431,#11305,.T.);
#13208=EDGE_CURVE('',#12429,#12430,#11311,.T.);
#13210=EDGE_CURVE('',#12428,#12429,#11316,.T.);
#13212=EDGE_CURVE('',#12427,#12428,#11322,.T.);
#13214=EDGE_CURVE('',#12426,#12427,#11327,.T.);
#13216=EDGE_CURVE('',#12425,#12426,#11332,.T.);
#13218=EDGE_CURVE('',#12424,#12425,#11337,.T.);
#13220=EDGE_CURVE('',#12423,#12424,#11342,.T.);
#13237=EDGE_CURVE('',#12436,#12437,#11346,.T.);
#13239=EDGE_CURVE('',#12457,#12436,#11350,.T.);
#13241=EDGE_CURVE('',#12455,#12457,#11354,.T.);
#13243=EDGE_CURVE('',#12453,#12455,#11358,.T.);
#13245=EDGE_CURVE('',#12451,#12453,#11362,.T.);
#13247=EDGE_CURVE('',#12449,#12451,#11366,.T.);
#13249=EDGE_CURVE('',#12447,#12449,#11370,.T.);
#13251=EDGE_CURVE('',#12445,#12447,#11374,.T.);
#13253=EDGE_CURVE('',#12443,#12445,#11378,.T.);
#13255=EDGE_CURVE('',#12441,#12443,#11382,.T.);
#13257=EDGE_CURVE('',#12439,#12441,#11386,.T.);
#13259=EDGE_CURVE('',#12437,#12439,#11390,.T.);
#13276=EDGE_CURVE('',#12462,#12463,#11418,.T.);
#13278=EDGE_CURVE('',#12465,#12462,#11423,.T.);
#13280=EDGE_CURVE('',#12464,#12465,#11428,.T.);
#13282=EDGE_CURVE('',#12463,#12464,#11436,.T.);
#13286=EDGE_CURVE('',#12458,#12459,#11395,.T.);
#13288=EDGE_CURVE('',#12461,#12458,#11400,.T.);
#13290=EDGE_CURVE('',#12460,#12461,#11405,.T.);
#13292=EDGE_CURVE('',#12459,#12460,#11413,.T.);
#13309=EDGE_CURVE('',#12473,#12474,#11465,.T.);
#13311=EDGE_CURVE('',#12486,#12473,#11469,.T.);
#13313=EDGE_CURVE('',#12484,#12486,#11473,.T.);
#13315=EDGE_CURVE('',#12482,#12484,#11477,.T.);
#13317=EDGE_CURVE('',#12480,#12482,#11481,.T.);
#13319=EDGE_CURVE('',#12478,#12480,#11485,.T.);
#13321=EDGE_CURVE('',#12476,#12478,#11489,.T.);
#13323=EDGE_CURVE('',#12474,#12476,#11493,.T.);
#13327=EDGE_CURVE('',#12466,#12467,#11441,.T.);
#13329=EDGE_CURVE('',#12470,#12466,#11446,.T.);
#13331=EDGE_CURVE('',#12469,#12470,#11451,.T.);
#13333=EDGE_CURVE('',#12468,#12469,#11456,.T.);
#13335=EDGE_CURVE('',#12467,#12468,#11461,.T.);
#13352=EDGE_CURVE('',#12487,#12488,#11501,.T.);
#13354=EDGE_CURVE('',#12502,#12487,#11508,.T.);
#13356=EDGE_CURVE('',#12501,#12502,#11513,.T.);
#13358=EDGE_CURVE('',#12500,#12501,#11518,.T.);
#13360=EDGE_CURVE('',#12499,#12500,#11523,.T.);
#13362=EDGE_CURVE('',#12498,#12499,#11530,.T.);
#13364=EDGE_CURVE('',#12497,#12498,#11535,.T.);
#13366=EDGE_CURVE('',#12496,#12497,#11542,.T.);
#13368=EDGE_CURVE('',#12495,#12496,#11548,.T.);
#13370=EDGE_CURVE('',#12494,#12495,#11555,.T.);
#13372=EDGE_CURVE('',#12493,#12494,#11561,.T.);
#13374=EDGE_CURVE('',#12492,#12493,#11566,.T.);
#13376=EDGE_CURVE('',#12491,#12492,#11571,.T.);
#13378=EDGE_CURVE('',#12490,#12491,#11576,.T.);
#13380=EDGE_CURVE('',#12489,#12490,#11583,.T.);
#13382=EDGE_CURVE('',#12488,#12489,#11592,.T.);
#13404=EDGE_CURVE('',#12123,#12316,#11596,.T.);
#13407=EDGE_CURVE('',#12124,#12317,#11616,.T.);
#13425=EDGE_CURVE('',#12132,#12325,#11600,.T.);
#13445=EDGE_CURVE('',#12130,#12323,#11604,.T.);
#13465=EDGE_CURVE('',#12128,#12321,#11608,.T.);
#13485=EDGE_CURVE('',#12126,#12319,#11612,.T.);
#13524=B_SPLINE_CURVE_WITH_KNOTS('',3,(#13518,#13519,#13520,#13521,#13522,
#13523),.UNSPECIFIED.,.F.,.F.,(4,1,1,4),(0.E0,1.923076923077E-2,
9.807692307692E-1,1.E0),.UNSPECIFIED.);
#13533=EDGE_CURVE('',#12133,#12326,#11620,.T.);
#13536=EDGE_CURVE('',#12134,#12327,#11632,.T.);
#13559=B_SPLINE_CURVE_WITH_KNOTS('',3,(#13548,#13549,#13550,#13551,#13552,
#13553,#13554,#13555,#13556,#13557,#13558),.UNSPECIFIED.,.F.,.F.,(4,1,1,1,1,1,1,
1,4),(0.E0,4.833507660513E-2,1.707382298130E-1,3.306848910064E-1,
4.966334195301E-1,6.759803652117E-1,8.472017440119E-1,9.512419704566E-1,1.E0),
.UNSPECIFIED.);
#13567=EDGE_CURVE('',#12136,#12329,#11624,.T.);
#13587=B_SPLINE_CURVE_WITH_KNOTS('',3,(#13581,#13582,#13583,#13584,#13585,
#13586),.UNSPECIFIED.,.F.,.F.,(4,1,1,4),(0.E0,1.923076923077E-2,
9.807692307692E-1,1.E0),.UNSPECIFIED.);
#13595=EDGE_CURVE('',#12135,#12328,#11628,.T.);
#13620=B_SPLINE_CURVE_WITH_KNOTS('',3,(#13609,#13610,#13611,#13612,#13613,
#13614,#13615,#13616,#13617,#13618,#13619),.UNSPECIFIED.,.F.,.F.,(4,1,1,1,1,1,1,
1,4),(0.E0,5.857897651051E-2,1.847492506006E-1,3.374902636293E-1,
5.028106373050E-1,6.594340820042E-1,8.035770371889E-1,9.420477152285E-1,1.E0),
.UNSPECIFIED.);
#13647=EDGE_CURVE('',#12139,#12332,#11636,.T.);
#13650=EDGE_CURVE('',#12140,#12333,#11680,.T.);
#13668=EDGE_CURVE('',#12160,#12353,#11640,.T.);
#13688=EDGE_CURVE('',#12158,#12351,#11644,.T.);
#13708=EDGE_CURVE('',#12156,#12349,#11648,.T.);
#13728=EDGE_CURVE('',#12154,#12347,#11652,.T.);
#13748=EDGE_CURVE('',#12152,#12345,#11656,.T.);
#13768=EDGE_CURVE('',#12150,#12343,#11660,.T.);
#13788=EDGE_CURVE('',#12148,#12341,#11664,.T.);
#13808=EDGE_CURVE('',#12146,#12339,#11668,.T.);
#13828=EDGE_CURVE('',#12144,#12337,#11672,.T.);
#13848=EDGE_CURVE('',#12142,#12335,#11676,.T.);
#13887=B_SPLINE_CURVE_WITH_KNOTS('',3,(#13881,#13882,#13883,#13884,#13885,
#13886),.UNSPECIFIED.,.F.,.F.,(4,1,1,4),(0.E0,1.923076923077E-2,
9.807692307692E-1,1.E0),.UNSPECIFIED.);
#13895=EDGE_CURVE('',#12161,#12354,#11684,.T.);
#13898=EDGE_CURVE('',#12162,#12355,#11696,.T.);
#13916=B_SPLINE_CURVE_WITH_KNOTS('',3,(#13910,#13911,#13912,#13913,#13914,
#13915),.UNSPECIFIED.,.F.,.F.,(4,1,1,4),(0.E0,1.815571969981E-1,
8.184428030019E-1,1.E0),.UNSPECIFIED.);
#13924=EDGE_CURVE('',#12164,#12357,#11688,.T.);
#13944=B_SPLINE_CURVE_WITH_KNOTS('',3,(#13938,#13939,#13940,#13941,#13942,
#13943),.UNSPECIFIED.,.F.,.F.,(4,1,1,4),(0.E0,1.923076923077E-2,
9.807692307692E-1,1.E0),.UNSPECIFIED.);
#13952=EDGE_CURVE('',#12163,#12356,#11692,.T.);
#13975=B_SPLINE_CURVE_WITH_KNOTS('',3,(#13966,#13967,#13968,#13969,#13970,
#13971,#13972,#13973,#13974),.UNSPECIFIED.,.F.,.F.,(4,1,1,1,1,1,4),(0.E0,
8.076515780238E-2,2.970820534045E-1,5.098622623996E-1,7.174155096954E-1,
9.258292768762E-1,1.E0),.UNSPECIFIED.);
#14002=B_SPLINE_CURVE_WITH_KNOTS('',3,(#13996,#13997,#13998,#13999,#14000,
#14001),.UNSPECIFIED.,.F.,.F.,(4,1,1,4),(0.E0,1.923076923077E-2,
9.807692307692E-1,1.E0),.UNSPECIFIED.);
#14010=EDGE_CURVE('',#12165,#12358,#11700,.T.);
#14013=EDGE_CURVE('',#12166,#12359,#11712,.T.);
#14031=B_SPLINE_CURVE_WITH_KNOTS('',3,(#14025,#14026,#14027,#14028,#14029,
#14030),.UNSPECIFIED.,.F.,.F.,(4,1,1,4),(0.E0,1.526707601875E-1,
8.473292398125E-1,1.E0),.UNSPECIFIED.);
#14039=EDGE_CURVE('',#12168,#12361,#11704,.T.);
#14059=B_SPLINE_CURVE_WITH_KNOTS('',3,(#14053,#14054,#14055,#14056,#14057,
#14058),.UNSPECIFIED.,.F.,.F.,(4,1,1,4),(0.E0,1.923076923077E-2,
9.807692307692E-1,1.E0),.UNSPECIFIED.);
#14067=EDGE_CURVE('',#12167,#12360,#11708,.T.);
#14090=B_SPLINE_CURVE_WITH_KNOTS('',3,(#14081,#14082,#14083,#14084,#14085,
#14086,#14087,#14088,#14089),.UNSPECIFIED.,.F.,.F.,(4,1,1,1,1,1,4),(0.E0,
6.326853299069E-2,2.825571985243E-1,4.936043524473E-1,7.136996138237E-1,
9.396685187417E-1,1.E0),.UNSPECIFIED.);
#14117=B_SPLINE_CURVE_WITH_KNOTS('',3,(#14111,#14112,#14113,#14114,#14115,
#14116),.UNSPECIFIED.,.F.,.F.,(4,1,1,4),(0.E0,1.923076923077E-2,
9.807692307692E-1,1.E0),.UNSPECIFIED.);
#14125=EDGE_CURVE('',#12169,#12362,#11716,.T.);
#14128=EDGE_CURVE('',#12170,#12363,#11732,.T.);
#14146=B_SPLINE_CURVE_WITH_KNOTS('',3,(#14140,#14141,#14142,#14143,#14144,
#14145),.UNSPECIFIED.,.F.,.F.,(4,1,1,4),(0.E0,1.923076923077E-2,
9.807692307692E-1,1.E0),.UNSPECIFIED.);
#14154=EDGE_CURVE('',#12173,#12366,#11720,.T.);
#14174=B_SPLINE_CURVE_WITH_KNOTS('',3,(#14168,#14169,#14170,#14171,#14172,
#14173),.UNSPECIFIED.,.F.,.F.,(4,1,1,4),(0.E0,2.493843826404E-1,
7.506156173596E-1,1.E0),.UNSPECIFIED.);
#14182=EDGE_CURVE('',#12172,#12365,#11724,.T.);
#14202=B_SPLINE_CURVE_WITH_KNOTS('',3,(#14196,#14197,#14198,#14199,#14200,
#14201),.UNSPECIFIED.,.F.,.F.,(4,1,1,4),(0.E0,2.835151161914E-1,
7.164848838086E-1,1.E0),.UNSPECIFIED.);
#14210=EDGE_CURVE('',#12171,#12364,#11728,.T.);
#14230=B_SPLINE_CURVE_WITH_KNOTS('',3,(#14224,#14225,#14226,#14227,#14228,
#14229),.UNSPECIFIED.,.F.,.F.,(4,1,1,4),(0.E0,2.492368737559E-1,
7.507631262441E-1,1.E0),.UNSPECIFIED.);
#14257=EDGE_CURVE('',#12176,#12369,#11736,.T.);
#14260=EDGE_CURVE('',#12177,#12370,#11764,.T.);
#14278=EDGE_CURVE('',#12189,#12382,#11740,.T.);
#14298=EDGE_CURVE('',#12187,#12380,#11744,.T.);
#14318=EDGE_CURVE('',#12185,#12378,#11748,.T.);
#14338=EDGE_CURVE('',#12183,#12376,#11752,.T.);
#14358=EDGE_CURVE('',#12181,#12374,#11756,.T.);
#14378=EDGE_CURVE('',#12179,#12372,#11760,.T.);
#14417=EDGE_CURVE('',#12192,#12385,#11768,.T.);
#14420=EDGE_CURVE('',#12193,#12386,#11812,.T.);
#14438=EDGE_CURVE('',#12213,#12406,#11772,.T.);
#14458=EDGE_CURVE('',#12211,#12404,#11776,.T.);
#14478=EDGE_CURVE('',#12209,#12402,#11780,.T.);
#14498=EDGE_CURVE('',#12207,#12400,#11784,.T.);
#14518=EDGE_CURVE('',#12205,#12398,#11788,.T.);
#14538=EDGE_CURVE('',#12203,#12396,#11792,.T.);
#14558=EDGE_CURVE('',#12201,#12394,#11796,.T.);
#14578=EDGE_CURVE('',#12199,#12392,#11800,.T.);
#14598=EDGE_CURVE('',#12197,#12390,#11804,.T.);
#14618=EDGE_CURVE('',#12195,#12388,#11808,.T.);
#14657=B_SPLINE_CURVE_WITH_KNOTS('',3,(#14651,#14652,#14653,#14654,#14655,
#14656),.UNSPECIFIED.,.F.,.F.,(4,1,1,4),(0.E0,1.923076923077E-2,
9.807692307692E-1,1.E0),.UNSPECIFIED.);
#14665=EDGE_CURVE('',#12214,#12407,#11816,.T.);
#14668=EDGE_CURVE('',#12215,#12408,#11824,.T.);
#14691=B_SPLINE_CURVE_WITH_KNOTS('',3,(#14680,#14681,#14682,#14683,#14684,
#14685,#14686,#14687,#14688,#14689,#14690),.UNSPECIFIED.,.F.,.F.,(4,1,1,1,1,1,1,
1,4),(0.E0,1.380203187700E-1,2.722743687799E-1,3.726810481041E-1,
4.673550244613E-1,5.724314257819E-1,7.265361538897E-1,8.882702395202E-1,1.E0),
.UNSPECIFIED.);
#14699=EDGE_CURVE('',#12216,#12409,#11820,.T.);
#14719=B_SPLINE_CURVE_WITH_KNOTS('',3,(#14713,#14714,#14715,#14716,#14717,
#14718),.UNSPECIFIED.,.F.,.F.,(4,1,1,4),(0.E0,1.923076923077E-2,
9.807692307692E-1,1.E0),.UNSPECIFIED.);
#14746=B_SPLINE_CURVE_WITH_KNOTS('',3,(#14740,#14741,#14742,#14743,#14744,
#14745),.UNSPECIFIED.,.F.,.F.,(4,1,1,4),(0.E0,1.923076923077E-2,
9.807692307692E-1,1.E0),.UNSPECIFIED.);
#14754=EDGE_CURVE('',#12217,#12410,#11828,.T.);
#14757=EDGE_CURVE('',#12218,#12411,#11856,.T.);
#14778=B_SPLINE_CURVE_WITH_KNOTS('',3,(#14769,#14770,#14771,#14772,#14773,
#14774,#14775,#14776,#14777),.UNSPECIFIED.,.F.,.F.,(4,1,1,1,1,1,4),(0.E0,
1.012871741076E-1,3.237170837460E-1,4.752711450842E-1,6.175465148380E-1,
9.063405224479E-1,1.E0),.UNSPECIFIED.);
#14786=EDGE_CURVE('',#12224,#12417,#11832,.T.);
#14806=B_SPLINE_CURVE_WITH_KNOTS('',3,(#14800,#14801,#14802,#14803,#14804,
#14805),.UNSPECIFIED.,.F.,.F.,(4,1,1,4),(0.E0,1.923076923077E-2,
9.807692307692E-1,1.E0),.UNSPECIFIED.);
#14814=EDGE_CURVE('',#12223,#12416,#11836,.T.);
#14835=B_SPLINE_CURVE_WITH_KNOTS('',3,(#14828,#14829,#14830,#14831,#14832,
#14833,#14834),.UNSPECIFIED.,.F.,.F.,(4,1,1,1,4),(0.E0,1.703858674121E-1,
4.940292284710E-1,8.499554449275E-1,1.E0),.UNSPECIFIED.);
#14843=EDGE_CURVE('',#12222,#12415,#11840,.T.);
#14863=B_SPLINE_CURVE_WITH_KNOTS('',3,(#14857,#14858,#14859,#14860,#14861,
#14862),.UNSPECIFIED.,.F.,.F.,(4,1,1,4),(0.E0,1.923076923077E-2,
9.807692307692E-1,1.E0),.UNSPECIFIED.);
#14871=EDGE_CURVE('',#12221,#12414,#11844,.T.);
#14892=B_SPLINE_CURVE_WITH_KNOTS('',3,(#14885,#14886,#14887,#14888,#14889,
#14890,#14891),.UNSPECIFIED.,.F.,.F.,(4,1,1,1,4),(0.E0,1.393795373475E-1,
4.338699112072E-1,8.665519440719E-1,1.E0),.UNSPECIFIED.);
#14900=EDGE_CURVE('',#12220,#12413,#11848,.T.);
#14920=B_SPLINE_CURVE_WITH_KNOTS('',3,(#14914,#14915,#14916,#14917,#14918,
#14919),.UNSPECIFIED.,.F.,.F.,(4,1,1,4),(0.E0,2.444239720010E-1,
7.555760279990E-1,1.E0),.UNSPECIFIED.);
#14928=EDGE_CURVE('',#12219,#12412,#11852,.T.);
#14948=B_SPLINE_CURVE_WITH_KNOTS('',3,(#14942,#14943,#14944,#14945,#14946,
#14947),.UNSPECIFIED.,.F.,.F.,(4,1,1,4),(0.E0,1.923076923077E-2,
9.807692307692E-1,1.E0),.UNSPECIFIED.);
#14975=B_SPLINE_CURVE_WITH_KNOTS('',3,(#14969,#14970,#14971,#14972,#14973,
#14974),.UNSPECIFIED.,.F.,.F.,(4,1,1,4),(0.E0,1.923076923077E-2,
9.807692307692E-1,1.E0),.UNSPECIFIED.);
#14983=EDGE_CURVE('',#12225,#12418,#11860,.T.);
#14986=EDGE_CURVE('',#12226,#12419,#11872,.T.);
#15012=B_SPLINE_CURVE_WITH_KNOTS('',3,(#14998,#14999,#15000,#15001,#15002,
#15003,#15004,#15005,#15006,#15007,#15008,#15009,#15010,#15011),.UNSPECIFIED.,
.F.,.F.,(4,1,1,1,1,1,1,1,1,1,1,4),(0.E0,6.679505710169E-2,1.952810585366E-1,
2.996738930969E-1,3.441641833334E-1,4.304251416960E-1,5.373631310372E-1,
6.074000317419E-1,7.092272914067E-1,8.309395090102E-1,9.327452257247E-1,1.E0),
.UNSPECIFIED.);
#15020=EDGE_CURVE('',#12228,#12421,#11864,.T.);
#15040=B_SPLINE_CURVE_WITH_KNOTS('',3,(#15034,#15035,#15036,#15037,#15038,
#15039),.UNSPECIFIED.,.F.,.F.,(4,1,1,4),(0.E0,1.923076923077E-2,
9.807692307692E-1,1.E0),.UNSPECIFIED.);
#15048=EDGE_CURVE('',#12227,#12420,#11868,.T.);
#15077=B_SPLINE_CURVE_WITH_KNOTS('',3,(#15062,#15063,#15064,#15065,#15066,
#15067,#15068,#15069,#15070,#15071,#15072,#15073,#15074,#15075,#15076),
.UNSPECIFIED.,.F.,.F.,(4,1,1,1,1,1,1,1,1,1,1,1,4),(0.E0,6.565091529267E-2,
1.764483808791E-1,2.364515960094E-1,2.830020052084E-1,3.252025462013E-1,
4.052160938858E-1,5.145360436960E-1,5.881199529704E-1,6.903663481436E-1,
8.170070253469E-1,9.334124456597E-1,1.E0),.UNSPECIFIED.);
#15104=B_SPLINE_CURVE_WITH_KNOTS('',3,(#15098,#15099,#15100,#15101,#15102,
#15103),.UNSPECIFIED.,.F.,.F.,(4,1,1,4),(0.E0,1.923076923077E-2,
9.807692307692E-1,1.E0),.UNSPECIFIED.);
#15112=EDGE_CURVE('',#12229,#12422,#11876,.T.);
#15115=EDGE_CURVE('',#12230,#12423,#11920,.T.);
#15133=B_SPLINE_CURVE_WITH_KNOTS('',3,(#15127,#15128,#15129,#15130,#15131,
#15132),.UNSPECIFIED.,.F.,.F.,(4,1,1,4),(0.E0,1.923076923077E-2,
9.807692307692E-1,1.E0),.UNSPECIFIED.);
#15141=EDGE_CURVE('',#12240,#12433,#11880,.T.);
#15161=B_SPLINE_CURVE_WITH_KNOTS('',3,(#15155,#15156,#15157,#15158,#15159,
#15160),.UNSPECIFIED.,.F.,.F.,(4,1,1,4),(0.E0,2.172447189352E-1,
7.827552810648E-1,1.E0),.UNSPECIFIED.);
#15169=EDGE_CURVE('',#12239,#12432,#11884,.T.);
#15189=B_SPLINE_CURVE_WITH_KNOTS('',3,(#15183,#15184,#15185,#15186,#15187,
#15188),.UNSPECIFIED.,.F.,.F.,(4,1,1,4),(0.E0,1.923076923077E-2,
9.807692307692E-1,1.E0),.UNSPECIFIED.);
#15197=EDGE_CURVE('',#12238,#12431,#11888,.T.);
#15217=B_SPLINE_CURVE_WITH_KNOTS('',3,(#15211,#15212,#15213,#15214,#15215,
#15216),.UNSPECIFIED.,.F.,.F.,(4,1,1,4),(0.E0,1.660916943601E-1,
8.339083056399E-1,1.E0),.UNSPECIFIED.);
#15225=EDGE_CURVE('',#12237,#12430,#11892,.T.);
#15246=B_SPLINE_CURVE_WITH_KNOTS('',3,(#15239,#15240,#15241,#15242,#15243,
#15244,#15245),.UNSPECIFIED.,.F.,.F.,(4,1,1,1,4),(0.E0,1.912027261740E-1,
7.094711069817E-1,8.327457538878E-1,1.E0),.UNSPECIFIED.);
#15254=EDGE_CURVE('',#12236,#12429,#11896,.T.);
#15274=B_SPLINE_CURVE_WITH_KNOTS('',3,(#15268,#15269,#15270,#15271,#15272,
#15273),.UNSPECIFIED.,.F.,.F.,(4,1,1,4),(0.E0,1.923076923077E-2,
9.807692307692E-1,1.E0),.UNSPECIFIED.);
#15282=EDGE_CURVE('',#12235,#12428,#11900,.T.);
#15303=B_SPLINE_CURVE_WITH_KNOTS('',3,(#15296,#15297,#15298,#15299,#15300,
#15301,#15302),.UNSPECIFIED.,.F.,.F.,(4,1,1,1,4),(0.E0,1.923076923077E-2,
3.150601484114E-1,9.807692307692E-1,1.E0),.UNSPECIFIED.);
#15311=EDGE_CURVE('',#12234,#12427,#11904,.T.);
#15331=B_SPLINE_CURVE_WITH_KNOTS('',3,(#15325,#15326,#15327,#15328,#15329,
#15330),.UNSPECIFIED.,.F.,.F.,(4,1,1,4),(0.E0,1.923076923077E-2,
9.807692307692E-1,1.E0),.UNSPECIFIED.);
#15339=EDGE_CURVE('',#12233,#12426,#11908,.T.);
#15359=B_SPLINE_CURVE_WITH_KNOTS('',3,(#15353,#15354,#15355,#15356,#15357,
#15358),.UNSPECIFIED.,.F.,.F.,(4,1,1,4),(0.E0,1.823392118686E-1,
8.176607881314E-1,1.E0),.UNSPECIFIED.);
#15367=EDGE_CURVE('',#12232,#12425,#11912,.T.);
#15387=B_SPLINE_CURVE_WITH_KNOTS('',3,(#15381,#15382,#15383,#15384,#15385,
#15386),.UNSPECIFIED.,.F.,.F.,(4,1,1,4),(0.E0,1.923076923077E-2,
9.807692307692E-1,1.E0),.UNSPECIFIED.);
#15395=EDGE_CURVE('',#12231,#12424,#11916,.T.);
#15415=B_SPLINE_CURVE_WITH_KNOTS('',3,(#15409,#15410,#15411,#15412,#15413,
#15414),.UNSPECIFIED.,.F.,.F.,(4,1,1,4),(0.E0,2.180608901088E-1,
7.819391098912E-1,1.E0),.UNSPECIFIED.);
#15442=EDGE_CURVE('',#12243,#12436,#11924,.T.);
#15445=EDGE_CURVE('',#12244,#12437,#11968,.T.);
#15463=EDGE_CURVE('',#12264,#12457,#11928,.T.);
#15483=EDGE_CURVE('',#12262,#12455,#11932,.T.);
#15503=EDGE_CURVE('',#12260,#12453,#11936,.T.);
#15523=EDGE_CURVE('',#12258,#12451,#11940,.T.);
#15543=EDGE_CURVE('',#12256,#12449,#11944,.T.);
#15563=EDGE_CURVE('',#12254,#12447,#11948,.T.);
#15583=EDGE_CURVE('',#12252,#12445,#11952,.T.);
#15603=EDGE_CURVE('',#12250,#12443,#11956,.T.);
#15623=EDGE_CURVE('',#12248,#12441,#11960,.T.);
#15643=EDGE_CURVE('',#12246,#12439,#11964,.T.);
#15682=B_SPLINE_CURVE_WITH_KNOTS('',3,(#15676,#15677,#15678,#15679,#15680,
#15681),.UNSPECIFIED.,.F.,.F.,(4,1,1,4),(0.E0,1.923076923077E-2,
9.807692307692E-1,1.E0),.UNSPECIFIED.);
#15690=EDGE_CURVE('',#12265,#12458,#11972,.T.);
#15693=EDGE_CURVE('',#12266,#12459,#11984,.T.);
#15711=B_SPLINE_CURVE_WITH_KNOTS('',3,(#15705,#15706,#15707,#15708,#15709,
#15710),.UNSPECIFIED.,.F.,.F.,(4,1,1,4),(0.E0,1.815571969981E-1,
8.184428030019E-1,1.E0),.UNSPECIFIED.);
#15719=EDGE_CURVE('',#12268,#12461,#11976,.T.);
#15739=B_SPLINE_CURVE_WITH_KNOTS('',3,(#15733,#15734,#15735,#15736,#15737,
#15738),.UNSPECIFIED.,.F.,.F.,(4,1,1,4),(0.E0,1.923076923077E-2,
9.807692307692E-1,1.E0),.UNSPECIFIED.);
#15747=EDGE_CURVE('',#12267,#12460,#11980,.T.);
#15770=B_SPLINE_CURVE_WITH_KNOTS('',3,(#15761,#15762,#15763,#15764,#15765,
#15766,#15767,#15768,#15769),.UNSPECIFIED.,.F.,.F.,(4,1,1,1,1,1,4),(0.E0,
8.076515780347E-2,2.970820534073E-1,5.098622624067E-1,7.174155096980E-1,
9.258292768759E-1,1.E0),.UNSPECIFIED.);
#15797=B_SPLINE_CURVE_WITH_KNOTS('',3,(#15791,#15792,#15793,#15794,#15795,
#15796),.UNSPECIFIED.,.F.,.F.,(4,1,1,4),(0.E0,1.923076923077E-2,
9.807692307692E-1,1.E0),.UNSPECIFIED.);
#15805=EDGE_CURVE('',#12269,#12462,#11988,.T.);
#15808=EDGE_CURVE('',#12270,#12463,#12000,.T.);
#15826=B_SPLINE_CURVE_WITH_KNOTS('',3,(#15820,#15821,#15822,#15823,#15824,
#15825),.UNSPECIFIED.,.F.,.F.,(4,1,1,4),(0.E0,1.526707601875E-1,
8.473292398125E-1,1.E0),.UNSPECIFIED.);
#15834=EDGE_CURVE('',#12272,#12465,#11992,.T.);
#15854=B_SPLINE_CURVE_WITH_KNOTS('',3,(#15848,#15849,#15850,#15851,#15852,
#15853),.UNSPECIFIED.,.F.,.F.,(4,1,1,4),(0.E0,1.923076923077E-2,
9.807692307692E-1,1.E0),.UNSPECIFIED.);
#15862=EDGE_CURVE('',#12271,#12464,#11996,.T.);
#15885=B_SPLINE_CURVE_WITH_KNOTS('',3,(#15876,#15877,#15878,#15879,#15880,
#15881,#15882,#15883,#15884),.UNSPECIFIED.,.F.,.F.,(4,1,1,1,1,1,4),(0.E0,
6.326853299070E-2,2.825571985232E-1,4.936043524510E-1,7.136996138255E-1,
9.396685187413E-1,1.E0),.UNSPECIFIED.);
#15912=B_SPLINE_CURVE_WITH_KNOTS('',3,(#15906,#15907,#15908,#15909,#15910,
#15911),.UNSPECIFIED.,.F.,.F.,(4,1,1,4),(0.E0,1.923076923077E-2,
9.807692307692E-1,1.E0),.UNSPECIFIED.);
#15920=EDGE_CURVE('',#12273,#12466,#12004,.T.);
#15923=EDGE_CURVE('',#12274,#12467,#12020,.T.);
#15941=B_SPLINE_CURVE_WITH_KNOTS('',3,(#15935,#15936,#15937,#15938,#15939,
#15940),.UNSPECIFIED.,.F.,.F.,(4,1,1,4),(0.E0,1.923076923077E-2,
9.807692307692E-1,1.E0),.UNSPECIFIED.);
#15949=EDGE_CURVE('',#12277,#12470,#12008,.T.);
#15969=B_SPLINE_CURVE_WITH_KNOTS('',3,(#15963,#15964,#15965,#15966,#15967,
#15968),.UNSPECIFIED.,.F.,.F.,(4,1,1,4),(0.E0,2.493843826413E-1,
7.506156173587E-1,1.E0),.UNSPECIFIED.);
#15977=EDGE_CURVE('',#12276,#12469,#12012,.T.);
#15997=B_SPLINE_CURVE_WITH_KNOTS('',3,(#15991,#15992,#15993,#15994,#15995,
#15996),.UNSPECIFIED.,.F.,.F.,(4,1,1,4),(0.E0,2.835151161914E-1,
7.164848838086E-1,1.E0),.UNSPECIFIED.);
#16005=EDGE_CURVE('',#12275,#12468,#12016,.T.);
#16025=B_SPLINE_CURVE_WITH_KNOTS('',3,(#16019,#16020,#16021,#16022,#16023,
#16024),.UNSPECIFIED.,.F.,.F.,(4,1,1,4),(0.E0,2.492368737550E-1,
7.507631262450E-1,1.E0),.UNSPECIFIED.);
#16052=EDGE_CURVE('',#12280,#12473,#12024,.T.);
#16055=EDGE_CURVE('',#12281,#12474,#12052,.T.);
#16073=EDGE_CURVE('',#12293,#12486,#12028,.T.);
#16093=EDGE_CURVE('',#12291,#12484,#12032,.T.);
#16113=EDGE_CURVE('',#12289,#12482,#12036,.T.);
#16133=EDGE_CURVE('',#12287,#12480,#12040,.T.);
#16153=EDGE_CURVE('',#12285,#12478,#12044,.T.);
#16173=EDGE_CURVE('',#12283,#12476,#12048,.T.);
#16215=B_SPLINE_CURVE_WITH_KNOTS('',3,(#16206,#16207,#16208,#16209,#16210,
#16211,#16212,#16213,#16214),.UNSPECIFIED.,.F.,.F.,(4,1,1,1,1,1,4),(0.E0,
3.409259853073E-2,2.416325721940E-1,5.574186640901E-1,8.310780069406E-1,
9.660341841123E-1,1.E0),.UNSPECIFIED.);
#16223=EDGE_CURVE('',#12294,#12487,#12056,.T.);
#16226=EDGE_CURVE('',#12295,#12488,#12116,.T.);
#16246=B_SPLINE_CURVE_WITH_KNOTS('',3,(#16238,#16239,#16240,#16241,#16242,
#16243,#16244,#16245),.UNSPECIFIED.,.F.,.F.,(4,1,1,1,1,4),(0.E0,
4.033367454350E-2,2.943126760937E-1,5.493737412697E-1,9.601721420497E-1,1.E0),
.UNSPECIFIED.);
#16254=EDGE_CURVE('',#12309,#12502,#12060,.T.);
#16274=B_SPLINE_CURVE_WITH_KNOTS('',3,(#16268,#16269,#16270,#16271,#16272,
#16273),.UNSPECIFIED.,.F.,.F.,(4,1,1,4),(0.E0,1.923076923077E-2,
9.807692307692E-1,1.E0),.UNSPECIFIED.);
#16282=EDGE_CURVE('',#12308,#12501,#12064,.T.);
#16302=B_SPLINE_CURVE_WITH_KNOTS('',3,(#16296,#16297,#16298,#16299,#16300,
#16301),.UNSPECIFIED.,.F.,.F.,(4,1,1,4),(0.E0,1.923076923077E-2,
9.807692307692E-1,1.E0),.UNSPECIFIED.);
#16310=EDGE_CURVE('',#12307,#12500,#12068,.T.);
#16330=B_SPLINE_CURVE_WITH_KNOTS('',3,(#16324,#16325,#16326,#16327,#16328,
#16329),.UNSPECIFIED.,.F.,.F.,(4,1,1,4),(0.E0,2.692103320819E-1,
7.307896679181E-1,1.E0),.UNSPECIFIED.);
#16338=EDGE_CURVE('',#12306,#12499,#12072,.T.);
#16360=B_SPLINE_CURVE_WITH_KNOTS('',3,(#16352,#16353,#16354,#16355,#16356,
#16357,#16358,#16359),.UNSPECIFIED.,.F.,.F.,(4,1,1,1,1,4),(0.E0,
6.740589920034E-2,1.196950689662E-1,4.965625074542E-1,8.614756658912E-1,1.E0),
.UNSPECIFIED.);
#16368=EDGE_CURVE('',#12305,#12498,#12076,.T.);
#16388=B_SPLINE_CURVE_WITH_KNOTS('',3,(#16382,#16383,#16384,#16385,#16386,
#16387),.UNSPECIFIED.,.F.,.F.,(4,1,1,4),(0.E0,2.893715096002E-1,
7.106284903998E-1,1.E0),.UNSPECIFIED.);
#16396=EDGE_CURVE('',#12304,#12497,#12080,.T.);
#16418=B_SPLINE_CURVE_WITH_KNOTS('',3,(#16410,#16411,#16412,#16413,#16414,
#16415,#16416,#16417),.UNSPECIFIED.,.F.,.F.,(4,1,1,1,1,4),(0.E0,
6.447700587586E-2,9.554730947915E-2,5.239631123837E-1,9.362308419597E-1,1.E0),
.UNSPECIFIED.);
#16426=EDGE_CURVE('',#12303,#12496,#12084,.T.);
#16447=B_SPLINE_CURVE_WITH_KNOTS('',3,(#16440,#16441,#16442,#16443,#16444,
#16445,#16446),.UNSPECIFIED.,.F.,.F.,(4,1,1,1,4),(0.E0,4.343491093317E-2,
4.708266369122E-1,9.574477403202E-1,1.E0),.UNSPECIFIED.);
#16455=EDGE_CURVE('',#12302,#12495,#12088,.T.);
#16477=B_SPLINE_CURVE_WITH_KNOTS('',3,(#16469,#16470,#16471,#16472,#16473,
#16474,#16475,#16476),.UNSPECIFIED.,.F.,.F.,(4,1,1,1,1,4),(0.E0,
4.932930136097E-2,3.730608838948E-1,7.898864786972E-1,9.522345415965E-1,1.E0),
.UNSPECIFIED.);
#16485=EDGE_CURVE('',#12301,#12494,#12092,.T.);
#16506=B_SPLINE_CURVE_WITH_KNOTS('',3,(#16499,#16500,#16501,#16502,#16503,
#16504,#16505),.UNSPECIFIED.,.F.,.F.,(4,1,1,1,4),(0.E0,7.122091270294E-2,
4.299757662764E-1,9.303630209093E-1,1.E0),.UNSPECIFIED.);
#16514=EDGE_CURVE('',#12300,#12493,#12096,.T.);
#16534=B_SPLINE_CURVE_WITH_KNOTS('',3,(#16528,#16529,#16530,#16531,#16532,
#16533),.UNSPECIFIED.,.F.,.F.,(4,1,1,4),(0.E0,1.451212615816E-1,
8.548787384184E-1,1.E0),.UNSPECIFIED.);
#16542=EDGE_CURVE('',#12299,#12492,#12100,.T.);
#16562=B_SPLINE_CURVE_WITH_KNOTS('',3,(#16556,#16557,#16558,#16559,#16560,
#16561),.UNSPECIFIED.,.F.,.F.,(4,1,1,4),(0.E0,2.508578471883E-1,
7.491421528117E-1,1.E0),.UNSPECIFIED.);
#16570=EDGE_CURVE('',#12298,#12491,#12104,.T.);
#16590=B_SPLINE_CURVE_WITH_KNOTS('',3,(#16584,#16585,#16586,#16587,#16588,
#16589),.UNSPECIFIED.,.F.,.F.,(4,1,1,4),(0.E0,1.403940986678E-1,
8.596059013322E-1,1.E0),.UNSPECIFIED.);
#16598=EDGE_CURVE('',#12297,#12490,#12108,.T.);
#16620=B_SPLINE_CURVE_WITH_KNOTS('',3,(#16612,#16613,#16614,#16615,#16616,
#16617,#16618,#16619),.UNSPECIFIED.,.F.,.F.,(4,1,1,1,1,4),(0.E0,
5.592125844213E-2,4.430491676637E-1,9.116672588313E-1,9.448035618373E-1,1.E0),
.UNSPECIFIED.);
#16628=EDGE_CURVE('',#12296,#12489,#12112,.T.);
#16652=B_SPLINE_CURVE_WITH_KNOTS('',3,(#16642,#16643,#16644,#16645,#16646,
#16647,#16648,#16649,#16650,#16651),.UNSPECIFIED.,.F.,.F.,(4,1,1,1,1,1,1,4),(
0.E0,3.082105757888E-2,7.585569529451E-2,3.189389051592E-1,5.594728752778E-1,
7.873338249035E-1,9.693217769682E-1,1.E0),.UNSPECIFIED.);
#16673=OPEN_SHELL('',(#12522,#12538,#12570,#12596,#12632,#12664,#12696,#12712,
#12744,#12776,#12802,#12838,#12884,#12899,#12919,#12946,#12969,#13008,#13041,
#13084,#13123,#13162,#13185,#13224,#13263,#13296,#13339,#13390,#13411,#13431,
#13451,#13471,#13491,#13510,#13540,#13573,#13601,#13633,#13654,#13674,#13694,
#13714,#13734,#13754,#13774,#13794,#13814,#13834,#13854,#13873,#13902,#13930,
#13958,#13988,#14017,#14045,#14073,#14103,#14132,#14160,#14188,#14216,#14243,
#14264,#14284,#14304,#14324,#14344,#14364,#14384,#14403,#14424,#14444,#14464,
#14484,#14504,#14524,#14544,#14564,#14584,#14604,#14624,#14643,#14672,#14705,
#14732,#14761,#14792,#14820,#14849,#14877,#14906,#14934,#14961,#14990,#15026,
#15054,#15090,#15119,#15147,#15175,#15203,#15231,#15260,#15288,#15317,#15345,
#15373,#15401,#15428,#15449,#15469,#15489,#15509,#15529,#15549,#15569,#15589,
#15609,#15629,#15649,#15668,#15697,#15725,#15753,#15783,#15812,#15840,#15868,
#15898,#15927,#15955,#15983,#16011,#16038,#16059,#16079,#16099,#16119,#16139,
#16159,#16179,#16198,#16230,#16260,#16288,#16316,#16344,#16374,#16402,#16432,
#16461,#16491,#16520,#16548,#16576,#16604,#16634,#16665));
#16674=MANIFOLD_SOLID_BREP('',#10230);
#16675=SHELL_BASED_SURFACE_MODEL('',(#16673));
#16678=(LENGTH_UNIT()NAMED_UNIT(*)SI_UNIT(.MILLI.,.METRE.));
#16680=(NAMED_UNIT(*)PLANE_ANGLE_UNIT()SI_UNIT($,.RADIAN.));
#16683=(NAMED_UNIT(*)SI_UNIT($,.STERADIAN.)SOLID_ANGLE_UNIT());
#16686=ADVANCED_BREP_SHAPE_REPRESENTATION('',(#16674),#16685);
#16687=MANIFOLD_SURFACE_SHAPE_REPRESENTATION('',(#16675),#16685);
#16691=AXIS2_PLACEMENT_3D('',#16688,#16689,#16690);
#16692=SHAPE_REPRESENTATION('',(#16691),#16685);
#16702=PRODUCT_DEFINITION('design','',#16701,#16698);
#16703=PRODUCT_DEFINITION_SHAPE('','SHAPE FOR HDR-TH_12P-P.',#16702);
#16704=SHAPE_ASPECT('','solid data associated with HDR-TH_12P-P',#16703,.F.);
#16705=PROPERTY_DEFINITION('',
'shape for solid data with which properties are associated',#16704);
#16706=SHAPE_REPRESENTATION('',(#16674),#16685);
#16707=SHAPE_DEFINITION_REPRESENTATION(#16705,#16706);
#16708=(LENGTH_UNIT()NAMED_UNIT(*)SI_UNIT(.MILLI.,.METRE.));
#16712=PROPERTY_DEFINITION('geometric validation property',
'area of HDR-TH_12P-P',#16704);
#16713=REPRESENTATION('surface area',(#16711),#16685);
#16714=PROPERTY_DEFINITION_REPRESENTATION(#16712,#16713);
#16715=(LENGTH_UNIT()NAMED_UNIT(*)SI_UNIT(.MILLI.,.METRE.));
#16719=PROPERTY_DEFINITION('geometric validation property',
'volume of HDR-TH_12P-P',#16704);
#16720=REPRESENTATION('volume',(#16718),#16685);
#16721=PROPERTY_DEFINITION_REPRESENTATION(#16719,#16720);
#16723=PROPERTY_DEFINITION('geometric validation property',
'centroid of HDR-TH_12P-P',#16704);
#16724=REPRESENTATION('centroid',(#16722),#16685);
#16725=PROPERTY_DEFINITION_REPRESENTATION(#16723,#16724);
#16726=SHAPE_ASPECT('','surface data associated with HDR-TH_12P-P',#16703,.F.);
#16727=PROPERTY_DEFINITION('',
'shape for surface data with which properties are associated',#16726);
#16728=SHAPE_REPRESENTATION('',(#16675),#16685);
#16729=SHAPE_DEFINITION_REPRESENTATION(#16727,#16728);
#16730=(LENGTH_UNIT()NAMED_UNIT(*)SI_UNIT(.MILLI.,.METRE.));
#16734=PROPERTY_DEFINITION('geometric validation property',
'area of HDR-TH_12P-P',#16726);
#16735=REPRESENTATION('surface area',(#16733),#16685);
#16736=PROPERTY_DEFINITION_REPRESENTATION(#16734,#16735);
#16737=(LENGTH_UNIT()NAMED_UNIT(*)SI_UNIT(.MILLI.,.METRE.));
#16741=PROPERTY_DEFINITION('geometric validation property',
'area of HDR-TH_12P-P',#16703);
#16742=REPRESENTATION('surface area',(#16740),#16685);
#16743=PROPERTY_DEFINITION_REPRESENTATION(#16741,#16742);
#16744=(LENGTH_UNIT()NAMED_UNIT(*)SI_UNIT(.MILLI.,.METRE.));
#16748=PROPERTY_DEFINITION('geometric validation property',
'volume of HDR-TH_12P-P',#16703);
#16749=REPRESENTATION('volume',(#16747),#16685);
#16750=PROPERTY_DEFINITION_REPRESENTATION(#16748,#16749);
#16752=PROPERTY_DEFINITION('geometric validation property',
'centroid of HDR-TH_12P-P',#16703);
#16753=REPRESENTATION('centroid',(#16751),#16685);
#16754=PROPERTY_DEFINITION_REPRESENTATION(#16752,#16753);
#16755=SHAPE_DEFINITION_REPRESENTATION(#16703,#16692);
ENDSEC;
END-ISO-10303-21;
