#VRML V2.0 utf8
# 3D model generated by kicad-lcsc-manager
# Based on easyeda2kicad.py v1.0.1

Shape{
    appearance Appearance {
        material  Material {
            diffuseColor 0.6666666666666666 0.6666666666666666 0.6666666666666666
            specularColor 0.4666666666666667 0.4666666666666667 0.4666666666666667
            ambientIntensity 0.6667
            transparency 0.0
            shininess 0.5
        }
    }
    geometry IndexedFaceSet {
        ccw TRUE
        solid FALSE
        coord DEF co Coordinate {
            point [
                0.8544 -0.2047 1.0669, 0.8544 -0.3555 1.0669, 0.9221 -0.3555 1.0669, 1.123 -0.6456 1.0669, 1.1161 -0.6464 1.0669, 1.1586 -0.6464 1.0669, 0.9916 -0.2048 1.0669, 1.0044 -0.2032 1.0669, 0.9367 -0.2032 1.0669, 1.1586 -0.2982 1.0669, 1.1126 -0.2982 1.0669, 1.1586 -0.3555 1.0669, 1.1126 -0.3555 1.0669, 1.1983 -0.2032 1.0669, 1.1586 -0.2032 1.0669, 1.1783 -0.2047 1.0669, 1.1586 -0.2047 1.0669, 1.1735 -0.2982 1.0669, 1.1822 -0.3555 1.0669, 1.1735 -0.2787 1.0669, 1.1783 -0.2243 1.0669, 1.1586 -0.2787 1.0669, 1.1586 -0.2243 1.0669, 1.1126 -0.2243 1.0669, 1.1126 -0.2787 1.0669, 1.0906 -0.3749 1.0669, 1.0808 -0.3763 1.0669, 1.1586 -0.3763 1.0669, 1.1983 -0.3763 1.0669, 1.1822 -0.3749 1.0669, 1.1586 -0.3749 1.0669, 1.0906 -0.2047 1.0669, 1.0808 -0.2032 1.0669, 1.403 -0.3284 1.0669, 1.3867 -0.3749 1.0669, 1.4114 -0.3763 1.0669, 1.5155 -0.3749 1.0669, 1.4913 -0.3749 1.0669, 1.3577 -0.3763 1.0669, 1.3624 -0.3749 1.0669, 1.3577 -0.2032 1.0669, 1.4114 -0.2461 1.0669, 1.4114 -0.2032 1.0669, 1.4272 -0.2047 1.0669, 1.4507 -0.2047 1.0669, 1.4114 -0.3284 1.0669, 1.4739 -0.3284 1.0669, 2.0472 -0.3763 1.0669, 2.0472 -0.2032 1.0669, 1.0385 -0.2036 1.0669, 1.0566 -0.2088 1.0669, 1.0566 -0.2318 1.0669, 1.0566 -0.3468 1.0669, 1.0566 -0.3679 1.0669, 1.0164 -0.2217 1.0669, 1.0084 -0.2221 1.0669, 1.0537 -0.3693 1.0669, 1.0354 -0.3753 1.0669, 1.0245 -0.3763 1.0669, 1.0374 -0.2242 1.0669, 1.0547 -0.2307 1.0669, 0.9938 -0.2252 1.0669, 0.9806 -0.2317 1.0669, 0.9701 -0.2405 1.0669, 0.9689 -0.2418 1.0669, 0.9607 -0.2537 1.0669, 0.955 -0.2684 1.0669, 0.9522 -0.2917 1.0669, 0.9525 -0.2994 1.0669, 1.0398 -0.3543 1.0669, 1.0205 -0.3579 1.0669, 1.0126 -0.3582 1.0669, 0.9554 -0.3161 1.0669, 0.9611 -0.3296 1.0669, 0.9689 -0.3403 1.0669, 0.9737 -0.3449 1.0669, 0.9977 -0.3567 1.0669, 0.9852 -0.3524 1.0669, 1.0162 -0.2018 1.0669, 1.0345 -0.2032 1.0669, 0.9367 2.4018 1.0669, 1.0808 2.4018 1.0669, 0.9414 -0.243 1.0669, 0.9537 -0.2269 1.0669, 0.9579 -0.2229 1.0669, 0.9739 -0.2117 1.0669, 0.9265 -0.2032 1.0669, 0.9333 -0.2619 1.0669, 0.9367 -0.2538 1.0669, 0.9367 -0.3316 1.0669, 0.9325 -0.3207 1.0669, 0.9265 -0.3763 1.0669, 0.9291 -0.293 1.0669, 0.9294 -0.2841 1.0669, 0.9807 -0.3735 1.0669, 0.9646 -0.3659 1.0669, 0.9367 -0.3763 1.0669, 0.951 -0.3545 1.0669, 0.9495 -0.353 1.0669, 0.9394 -0.3385 1.0669, 0.9945 -0.3763 1.0669, 0.9367 -0.4263 1.0669, 0.9991 -0.3773 1.0669, 1.0094 -0.3778 1.0669, 1.0808 -0.4263 1.0669, 1.3483 -0.3184 1.0669, 1.3399 -0.336 1.0669, 1.2923 -0.2032 1.0669, 1.2923 -0.2088 1.0669, 1.3094 -0.2151 1.0669, 1.2923 -0.3705 1.0669, 1.2923 -0.3763 1.0669, 1.3094 -0.3638 1.0669, 1.3273 -0.3511 1.0669, 1.3273 -0.2272 1.0669, 1.3333 -0.2331 1.0669, 1.3438 -0.248 1.0669, 1.3501 -0.2642 1.0669, 1.3529 -0.2876 1.0669, 1.3524 -0.2985 1.0669, 1.2629 -0.2047 1.0669, 1.2889 -0.2076 1.0669, 1.29 -0.3714 1.0669, 1.2612 -0.3749 1.0669, 1.2143 -0.3749 1.0669, 1.2143 -0.2047 1.0669, 0.9532 -0.5867 1.0669, 0.9562 -0.5526 1.0669, 0.9489 -0.5927 1.0669, 0.9459 -0.6002 1.0669, 1.0207 -0.645 1.0669, 0.9945 -0.6464 1.0669, 1.042 -0.645 1.0669, 1.0808 -0.6464 1.0669, 0.9701 -0.6463 1.0669, 0.962 -0.6433 1.0669, 0.9367 -0.6464 1.0669, 0.948 -0.6293 1.0669, 0.9454 -0.6221 1.0669, 0.9562 -0.5319 1.0669, 0.9607 -0.5293 1.0669, 1.0202 -0.5246 1.0669, 1.0744 -0.5417 1.0669, 1.0784 -0.5359 1.0669, 0.9599 -0.5811 1.0669, 0.9693 -0.5764 1.0669, 0.9688 -0.5444 1.0669, 0.9847 -0.5727 1.0669, 1.0033 -0.5387 1.0669, 0.9961 -0.5379 1.0669, 0.9821 -0.5395 1.0669, 1.0207 -0.6262 1.0669, 1.0201 -0.6262 1.0669, 1.0145 -0.6341 1.0669, 1.0075 -0.6405 1.0669, 0.9548 -0.6383 1.0669, 0.9524 -0.6359 1.0669, 1.0035 -0.643 1.0669, 0.995 -0.6463 1.0669, 0.9765 -0.5232 1.0669, 0.9981 -0.5206 1.0669, 1.0113 -0.5218 1.0669, 0.9443 -0.6124 1.0669, 0.9444 -0.6092 1.0669, 1.0272 -0.5287 1.0669, 1.0329 -0.5342 1.0669, 1.0719 -0.5486 1.0669, 1.0372 -0.5412 1.0669, 1.0405 -0.551 1.0669, 1.0207 -0.5677 1.0669, 1.02 -0.5582 1.0669, 1.0178 -0.5507 1.0669, 1.0153 -0.5463 1.0669, 1.0806 -0.5791 1.0669, 1.0709 -0.6187 1.0669, 1.0808 -0.5792 1.0669, 1.0795 -0.6239 1.0669, 1.0808 -0.6244 1.0669, 1.0771 -0.5754 1.0669, 1.0743 -0.571 1.0669, 1.042 -0.5667 1.0669, 1.072 -0.5645 1.0669, 1.0711 -0.5562 1.0669, 1.012 -0.5428 1.0669, 1.0082 -0.5404 1.0669, 0.9367 -0.7138 1.0669, 0.9829 -0.6478 1.0669, 0.9705 -0.6464 1.0669, -1.0632 -0.6464 1.0669, -2.029 -0.7138 1.0669, -1.0632 -0.7138 1.0669, -1.6209 -1.1219 1.0669, -1.0632 -1.1219 1.0669, 2.0472 1.9755 1.0669, 1.6209 2.4018 1.0669, 1.2587 -0.5234 1.0669, 1.2808 -0.5234 1.0669, 1.2923 -0.4263 1.0669, 1.2197 -0.6148 1.0669, 1.2224 -0.6248 1.0669, 1.2229 -0.6248 1.0669, 1.1983 -0.4263 1.0669, 1.1983 -0.553 1.0669, 1.2255 -0.6149 1.0669, 1.2239 -0.6206 1.0669, 1.1983 -0.6464 1.0669, 1.1983 -0.6102 1.0669, 1.1641 -0.5234 1.0669, 1.1586 -0.4263 1.0669, 1.188 -0.5234 1.0669, 1.2118 -0.6447 1.0669, 1.2111 -0.6464 1.0669, 1.2025 -0.6668 1.0669, 1.1586 -0.7138 1.0669, 1.1685 -0.7005 1.0669, 1.1685 -0.6815 1.0669, 1.1943 -0.679 1.0669, 1.1982 -0.6745 1.0669, 1.1983 -0.6745 1.0669, 1.1983 -0.6984 1.0669, 1.1909 -0.7012 1.0669, 1.1983 -0.7138 1.0669, 1.1823 -0.7022 1.0669, 1.1776 -0.7021 1.0669, 1.1806 -0.6839 1.0669, 1.186 -0.6833 1.0669, 1.1906 -0.6815 1.0669, 1.2257 -0.6633 1.0669, 1.216 -0.6821 1.0669, 1.2923 -0.7138 1.0669, 1.2323 -0.6464 1.0669, 1.2082 -0.6915 1.0669, 1.2067 -0.6928 1.0669, 1.1993 -0.698 1.0669, 1.1459 -0.5918 1.0669, 1.1499 -0.5977 1.0669, 1.1472 -0.5467 1.0669, 1.0847 -0.5303 1.0669, 1.0916 -0.5262 1.0669, 1.0808 -0.5338 1.0669, 1.1522 -0.6039 1.0669, 1.153 -0.6119 1.0669, 1.152 -0.6205 1.0669, 1.1494 -0.6272 1.0669, 1.1454 -0.6328 1.0669, 1.1035 -0.5221 1.0669, 1.1184 -0.5206 1.0669, 1.1472 -0.526 1.0669, 1.1334 -0.5219 1.0669, 1.1393 -0.6382 1.0669, 1.1342 -0.6413 1.0669, 1.1163 -0.5379 1.0669, 1.11 -0.5384 1.0669, 1.093 -0.5543 1.0669, 1.1043 -0.5399 1.0669, 1.0995 -0.5424 1.0669, 1.0932 -0.5571 1.0669, 1.0941 -0.5604 1.0669, 1.0956 -0.5633 1.0669, 1.0977 -0.5656 1.0669, 1.1052 -0.5703 1.0669, 1.13 -0.5394 1.0669, 1.1184 -0.576 1.0669, 1.142 -0.5438 1.0669, 1.1267 -0.5794 1.0669, 1.1408 -0.5872 1.0669, 1.0963 -0.5453 1.0669, 1.0945 -0.548 1.0669, 1.0934 -0.5509 1.0669, 1.0928 -0.6289 1.0669, 1.1033 -0.5915 1.0669, 1.0906 -0.5857 1.0669, 1.106 -0.6304 1.0669, 1.1069 -0.6304 1.0669, 1.1173 -0.5974 1.0669, 1.1179 -0.6292 1.0669, 1.1311 -0.614 1.0669, 1.1309 -0.6113 1.0669, 1.1234 -0.6272 1.0669, 1.1253 -0.626 1.0669, 1.1278 -0.6238 1.0669, 1.1296 -0.6211 1.0669, 1.1307 -0.618 1.0669, 1.13 -0.608 1.0669, 1.1283 -0.6052 1.0669, 1.1257 -0.6024 1.0669, 1.0709 -0.6407 1.0669, 1.0808 -0.6443 1.0669, 1.0839 -0.6455 1.0669, 1.0916 -0.6464 1.0669, 1.1039 -0.6478 1.0669, 1.0808 -0.7138 1.0669, 1.1729 -0.6829 1.0669, 0.6151 -0.3374 1.0669, 0.6479 -0.3652 1.0669, 0.7627 -0.2032 1.0669, 0.4604 -0.1891 1.0669, 0.4808 -0.2032 1.0669, 0.5078 -0.2219 1.0669, 0.5496 -0.2709 1.0669, 0.5731 -0.3176 1.0669, 0.5791 -0.3196 1.0669, 0.2323 -0.1854 1.0669, 0.2884 -0.1652 1.0669, -1.0632 2.4018 1.0669, 0.7627 2.4018 1.0669, 0.4004 -0.1659 1.0669, 0.3432 -0.159 1.0669, 0.2029 -0.2032 1.0669, -1.0632 -0.2032 1.0669, 0.198 -0.2062 1.0669, -1.0632 -0.3763 1.0669, -0.062 -0.3763 1.0669, -0.0514 -0.3524 1.0669, -0.0223 -0.3151 1.0669, 0.0692 -0.2629 1.0669, 0.1169 -0.257 1.0669, 0.1695 -0.2306 1.0669, 0.1308 -0.2578 1.0669, 0.1447 -0.2595 1.0669, -0.0141 -0.3074 1.0669, 0.0244 -0.2803 1.0669, 0.0094 -0.6173 1.0669, -0.0284 -0.585 1.0669, 0.0532 -0.6386 1.0669, -0.056 -0.5456 1.0669, -0.0734 -0.5005 1.0669, -1.0632 -0.4263 1.0669, -0.0792 -0.4531 1.0669, -0.0789 -0.4415 1.0669, -0.0761 -0.4263 1.0669, -0.0707 -0.396 1.0669, 0.0685 -0.6431 1.0669, 0.07 -0.6464 1.0669, 0.0806 -0.6691 1.0669, 0.0986 -0.6913 1.0669, 0.2335 -0.7138 1.0669, 0.2127 -0.7218 1.0669, 0.7627 -1.1219 1.0669, 0.1834 -0.7254 1.0669, 0.1788 -0.7253 1.0669, 0.1502 -0.7209 1.0669, 0.1334 -0.7138 1.0669, 0.1223 -0.7092 1.0669, 0.2968 -0.6464 1.0669, 0.2967 -0.6469 1.0669, 0.7627 -0.7138 1.0669, 0.2824 -0.6738 1.0669, 0.2638 -0.6947 1.0669, 0.2397 -0.7115 1.0669, 0.4514 -0.575 1.0669, 0.4597 -0.5717 1.0669, 0.4739 -0.5027 1.0669, 0.6482 -0.5911 1.0669, 0.6152 -0.619 1.0669, 0.7627 -0.6464 1.0669, 0.2742 -0.5233 1.0669, 0.4364 -0.4386 1.0669, 0.2531 -0.5041 1.0669, 0.2274 -0.4903 1.0669, 0.4439 -0.5803 1.0669, 0.6722 -0.5576 1.0669, 0.6173 -0.4667 1.0669, 0.6117 -0.4435 1.0669, 0.6024 -0.4263 1.0669, 0.0001 -0.4263 1.0669, 0.6833 -0.4263 1.0669, 0.6874 -0.4366 1.0669, 0.7627 -0.4263 1.0669, 0.693 -0.4761 1.0669, 0.6874 -0.5193 1.0669, 0.4691 -0.5705 1.0669, 0.4702 -0.5706 1.0669, 0.4739 -0.5714 1.0669, 0.0072 -0.499 1.0669, 0.0216 -0.5235 1.0669, 0.083 -0.536 1.0669, 0.0433 -0.5458 1.0669, 0.0697 -0.562 1.0669, 0.1278 -0.4959 1.0669, 0.1031 -0.5131 1.0669, -0.003 -0.4507 1.0669, -0.0015 -0.4693 1.0669, 0.1545 -0.4857 1.0669, 0.1834 -0.4822 1.0669, 0.1982 -0.483 1.0669, 0.4315 -0.608 1.0669, 0.4318 -0.6033 1.0669, 0.3045 -0.5923 1.0669, 0.4343 -0.594 1.0669, 0.4389 -0.5858 1.0669, 0.5934 -0.5413 1.0669, 0.6067 -0.5225 1.0669, 0.615 -0.5009 1.0669, 0.6179 -0.4773 1.0669, 0.4598 -0.6445 1.0669, 0.4518 -0.6413 1.0669, 0.444 -0.6357 1.0669, 0.4412 -0.6329 1.0669, 0.4359 -0.6253 1.0669, 0.4327 -0.617 1.0669, 0.3038 -0.617 1.0669, 0.3045 -0.6044 1.0669, 0.5783 -0.637 1.0669, 0.538 -0.6455 1.0669, 0.4666 -0.6455 1.0669, 0.4763 -0.5717 1.0669, 0.5308 -0.5717 1.0669, 0.5525 -0.5676 1.0669, 0.5739 -0.5577 1.0669, 0.5918 -0.5431 1.0669, 0.5138 -0.3829 1.0669, 0.011 -0.3944 1.0669, 0.0007 -0.4214 1.0669, 0.5235 -0.3829 1.0669, 0.6004 -0.4226 1.0669, 0.5864 -0.407 1.0669, 0.5677 -0.3939 1.0669, 0.5465 -0.3858 1.0669, 0.4878 -0.3102 1.0669, 0.4605 -0.2776 1.0669, 0.1822 -0.3478 1.0669, 0.4574 -0.2748 1.0669, 0.4234 -0.2512 1.0669, 0.2007 -0.3095 1.0669, 0.0236 -0.3763 1.0669, 0.1736 -0.3431 1.0669, 0.5124 -0.3763 1.0669, 0.5064 -0.3492 1.0669, 0.1464 -0.3332 1.0669, 0.1181 -0.3297 1.0669, 0.1055 -0.3303 1.0669, 0.2278 -0.2771 1.0669, 0.3854 -0.2367 1.0669, 0.2603 -0.2534 1.0669, 0.3444 -0.2316 1.0669, 0.2999 -0.2374 1.0669, 0.0756 -0.3374 1.0669, 0.0486 -0.3517 1.0669, 0.0278 -0.3703 1.0669, 0.6726 -0.3997 1.0669, 0.7627 -0.3763 1.0669, 0.6559 -0.3763 1.0669, 1.3577 -0.5683 1.0669, 1.3258 -0.5683 1.0669, 1.3577 -0.6256 1.0669, 1.3258 -0.6256 1.0669, 1.3915 -0.4747 1.0669, 1.3915 -0.4943 1.0669, 1.4114 -0.4263 1.0669, 1.3954 -0.6256 1.0669, 1.4114 -0.6464 1.0669, 1.3954 -0.645 1.0669, 1.3577 -0.6464 1.0669, 1.3867 -0.5683 1.0669, 1.3867 -0.5488 1.0669, 1.3577 -0.5488 1.0669, 1.3577 -0.4943 1.0669, 1.3258 -0.4943 1.0669, 1.3258 -0.5488 1.0669, 1.3577 -0.645 1.0669, 1.3038 -0.645 1.0669, 1.2923 -0.6464 1.0669, 1.3038 -0.4747 1.0669, 1.3577 -0.4747 1.0669, 1.3577 -0.4263 1.0669, 1.4114 2.4018 1.0669, 1.3577 2.4018 1.0669, 1.2923 2.4018 1.0669, 1.1983 2.4018 1.0669, 1.1586 2.4018 1.0669, 0.9265 2.4018 1.0669, 0.8324 -0.3749 1.0669, 0.8324 -0.2047 1.0669, 0.9221 -0.3749 1.0669, 0.9265 -0.4263 1.0669, 1.5998 -0.645 1.0669, 1.5756 -0.645 1.0669, 1.7044 -0.645 1.0669, 1.6871 -0.5984 1.0669, 1.6162 -0.5984 1.0669, 1.7287 -0.645 1.0669, 2.0472 -0.6464 1.0669, 1.6639 -0.4747 1.0669, 2.0472 -0.4263 1.0669, 1.5615 -0.5885 1.0669, 1.5656 -0.5685 1.0669, 1.6404 -0.4747 1.0669, 1.5661 -0.5577 1.0669, 1.5633 -0.5343 1.0669, 1.5531 -0.6061 1.0669, 1.5404 -0.6211 1.0669, 1.5226 -0.6339 1.0669, 1.4275 -0.4747 1.0669, 1.4275 -0.645 1.0669, 1.4743 -0.645 1.0669, 1.5032 -0.6415 1.0669, 1.5404 -0.4973 1.0669, 1.5465 -0.5032 1.0669, 1.557 -0.518 1.0669, 1.4761 -0.4747 1.0669, 1.5021 -0.4776 1.0669, 1.5226 -0.4851 1.0669, 0.9265 -0.6464 1.0669, 0.8324 -0.645 1.0669, 0.9239 -0.645 1.0669, 0.9239 -0.6256 1.0669, 0.9201 -0.4943 1.0669, 0.8324 -0.4747 1.0669, 0.9201 -0.4747 1.0669, 0.8544 -0.5683 1.0669, 0.8544 -0.6256 1.0669, 0.9152 -0.5683 1.0669, 0.9152 -0.5488 1.0669, 0.8544 -0.5488 1.0669, 0.8544 -0.4943 1.0669, -2.0472 2.4018 1.0669, -2.0472 -0.2032 1.0669, -2.0472 -0.3763 1.0669, -2.0472 -0.4263 1.0669, -2.0472 -0.6464 1.0669, -2.0472 -0.6955 1.0669, 1.3577 -0.7138 1.0669, 1.4114 -0.7138 1.0669, 2.0472 -0.7138 1.0669, 0.9265 -0.7138 1.0669, 0.9265 -1.1219 1.0669, 0.9367 -1.1219 1.0669, 1.0808 -1.1219 1.0669, 1.1586 -1.1219 1.0669, 1.1983 -1.1219 1.0669, 1.2923 -1.1219 1.0669, 1.3577 -1.1219 1.0669, 1.4114 -1.1219 1.0669, 2.0472 -1.1219 1.0669
            ]
        }
        coordIndex [
            0,1,2,-1,3,4,5,-1,6,7,8,-1,9,10,11,-1,11,10,12,-1,13,14,15,-1,15,14,16,-1,9,11,17,-1,17,11,18,-1,17,18,19,-1,19,18,20,-1,19,20,21,-1,20,22,21,-1,21,22,23,-1,21,23,24,-1,25,26,27,-1,15,20,13,-1,13,20,18,-1,13,18,28,-1,28,18,29,-1,28,29,27,-1,27,29,30,-1,27,30,25,-1,16,14,31,-1,31,14,32,-1,31,32,25,-1,33,34,35,-1,36,37,35,-1,35,34,38,-1,38,34,39,-1,38,39,40,-1,40,39,41,-1,40,41,42,-1,42,41,43,-1,42,43,44,-1,33,35,45,-1,45,35,37,-1,45,37,46,-1,44,47,48,-1,49,50,32,-1,32,50,51,-1,52,53,26,-1,54,55,52,-1,53,56,26,-1,26,56,57,-1,26,57,58,-1,54,52,59,-1,25,32,26,-1,26,32,51,-1,26,51,52,-1,52,51,60,-1,52,60,59,-1,55,61,52,-1,52,61,62,-1,52,62,63,-1,63,64,52,-1,52,64,65,-1,52,65,66,-1,66,67,52,-1,52,67,68,-1,52,68,69,-1,69,68,70,-1,70,68,71,-1,71,68,72,-1,71,72,73,-1,73,74,71,-1,71,74,75,-1,71,75,76,-1,76,75,77,-1,78,79,80,-1,80,79,81,-1,8,82,83,-1,83,84,8,-1,8,84,85,-1,8,85,6,-1,86,87,8,-1,8,87,88,-1,8,88,82,-1,89,90,91,-1,91,90,92,-1,91,92,86,-1,86,92,93,-1,86,93,87,-1,94,95,96,-1,95,97,96,-1,96,97,98,-1,96,98,99,-1,94,96,100,-1,100,96,101,-1,100,101,102,-1,102,101,103,-1,103,101,104,-1,103,104,58,-1,105,106,38,-1,107,108,40,-1,40,108,109,-1,110,111,112,-1,112,111,38,-1,112,38,113,-1,113,38,106,-1,109,114,40,-1,40,114,115,-1,40,115,116,-1,116,117,40,-1,40,117,118,-1,40,118,38,-1,38,118,119,-1,38,119,105,-1,13,120,107,-1,107,120,121,-1,107,121,108,-1,110,122,111,-1,111,122,123,-1,111,123,28,-1,28,123,124,-1,28,124,13,-1,13,124,125,-1,13,125,120,-1,126,127,128,-1,128,127,129,-1,130,131,132,-1,132,131,133,-1,134,135,136,-1,136,137,138,-1,101,139,140,-1,141,142,143,-1,126,144,127,-1,127,144,145,-1,127,145,146,-1,146,145,147,-1,148,149,147,-1,147,149,150,-1,147,150,146,-1,151,152,130,-1,130,152,153,-1,130,153,154,-1,135,155,136,-1,136,155,156,-1,136,156,137,-1,154,157,130,-1,130,157,158,-1,130,158,131,-1,140,159,101,-1,101,159,160,-1,101,160,161,-1,138,162,136,-1,136,162,163,-1,136,163,101,-1,101,163,129,-1,101,129,139,-1,139,129,127,-1,141,164,142,-1,142,164,165,-1,142,165,166,-1,166,165,167,-1,166,167,168,-1,169,170,147,-1,147,170,171,-1,147,171,172,-1,173,174,175,-1,175,174,176,-1,175,176,177,-1,178,179,180,-1,180,179,181,-1,180,181,168,-1,168,181,182,-1,168,182,166,-1,172,183,147,-1,147,183,184,-1,147,184,148,-1,185,186,187,-1,188,189,190,-1,190,189,191,-1,190,191,192,-1,44,48,42,-1,42,48,193,-1,42,193,194,-1,195,196,197,-1,198,199,200,-1,197,201,195,-1,195,201,202,-1,195,202,203,-1,203,202,198,-1,203,198,204,-1,204,198,200,-1,205,206,5,-1,5,206,207,-1,5,207,208,-1,208,207,201,-1,201,207,209,-1,201,209,202,-1,210,206,211,-1,211,206,205,-1,211,205,212,-1,213,214,215,-1,216,217,205,-1,205,217,218,-1,205,218,212,-1,219,220,221,-1,221,220,222,-1,221,222,213,-1,213,222,223,-1,213,223,214,-1,224,225,205,-1,205,225,226,-1,205,226,216,-1,227,228,229,-1,227,229,230,-1,228,231,229,-1,229,231,232,-1,229,232,221,-1,221,232,233,-1,221,233,219,-1,234,235,236,-1,237,238,104,-1,161,141,101,-1,101,141,143,-1,101,143,104,-1,104,143,239,-1,104,239,237,-1,240,241,5,-1,241,242,5,-1,5,242,243,-1,5,243,244,-1,238,245,104,-1,104,245,246,-1,104,246,208,-1,235,240,236,-1,236,240,5,-1,236,5,247,-1,247,5,208,-1,247,208,248,-1,248,208,246,-1,244,249,5,-1,5,249,250,-1,5,250,3,-1,251,252,253,-1,253,252,254,-1,253,254,255,-1,253,256,251,-1,251,256,257,-1,251,257,258,-1,258,259,251,-1,251,259,260,-1,251,260,261,-1,261,260,262,-1,261,262,263,-1,263,262,264,-1,263,264,236,-1,236,264,265,-1,236,265,234,-1,266,267,255,-1,255,267,268,-1,255,268,253,-1,269,270,177,-1,177,270,271,-1,177,271,175,-1,269,272,270,-1,270,272,273,-1,270,273,274,-1,274,273,275,-1,274,276,277,-1,275,278,274,-1,274,278,279,-1,274,279,280,-1,280,281,274,-1,274,281,282,-1,274,282,276,-1,277,283,274,-1,274,283,284,-1,274,284,285,-1,173,178,174,-1,174,178,180,-1,174,180,286,-1,286,180,132,-1,286,132,287,-1,287,132,133,-1,287,133,288,-1,288,133,289,-1,290,289,291,-1,291,289,133,-1,291,133,185,-1,185,133,131,-1,185,131,186,-1,290,291,4,-1,4,291,213,-1,4,213,5,-1,5,213,215,-1,5,215,205,-1,205,215,292,-1,205,292,224,-1,293,294,295,-1,296,297,295,-1,295,297,298,-1,295,298,299,-1,299,300,295,-1,295,300,301,-1,295,301,293,-1,302,303,304,-1,305,306,296,-1,304,303,305,-1,305,303,307,-1,305,307,306,-1,302,304,308,-1,308,304,309,-1,308,309,310,-1,311,312,309,-1,309,312,313,-1,309,313,314,-1,309,315,310,-1,310,315,316,-1,310,316,317,-1,317,316,318,-1,317,318,319,-1,314,320,309,-1,309,320,321,-1,309,321,315,-1,322,323,188,-1,322,188,324,-1,323,325,188,-1,188,325,326,-1,188,326,327,-1,327,326,328,-1,328,329,327,-1,327,329,330,-1,327,330,311,-1,311,330,331,-1,311,331,312,-1,332,324,333,-1,333,324,188,-1,333,188,334,-1,334,188,335,-1,336,337,338,-1,338,337,339,-1,338,339,192,-1,339,340,192,-1,192,340,341,-1,192,341,190,-1,190,341,342,-1,190,342,188,-1,188,342,343,-1,188,343,335,-1,344,345,346,-1,346,345,347,-1,347,348,346,-1,346,348,349,-1,346,349,336,-1,350,351,352,-1,353,354,355,-1,356,357,358,-1,358,357,359,-1,350,352,360,-1,353,355,361,-1,362,363,357,-1,357,363,364,-1,357,364,365,-1,366,367,368,-1,368,367,369,-1,368,369,355,-1,355,369,370,-1,355,370,361,-1,351,371,352,-1,352,371,372,-1,352,372,373,-1,374,375,376,-1,376,375,377,-1,376,377,378,-1,379,365,380,-1,380,365,381,-1,380,381,376,-1,376,381,382,-1,376,382,374,-1,379,383,365,-1,365,383,384,-1,365,384,357,-1,357,384,385,-1,357,385,359,-1,386,387,388,-1,388,387,389,-1,388,389,352,-1,352,389,390,-1,352,390,360,-1,391,392,352,-1,352,392,393,-1,352,393,357,-1,357,393,394,-1,357,394,362,-1,395,396,344,-1,344,396,397,-1,344,397,398,-1,398,399,344,-1,344,399,400,-1,344,400,401,-1,401,400,386,-1,401,386,402,-1,402,386,388,-1,354,403,355,-1,355,403,404,-1,355,404,344,-1,344,404,405,-1,344,405,395,-1,373,406,352,-1,352,406,407,-1,352,407,408,-1,408,409,352,-1,352,409,410,-1,352,410,391,-1,411,412,413,-1,413,365,411,-1,411,365,364,-1,411,364,414,-1,414,364,415,-1,415,416,414,-1,414,416,417,-1,414,417,418,-1,419,420,421,-1,420,422,421,-1,421,422,423,-1,421,423,424,-1,425,421,426,-1,412,411,425,-1,425,411,427,-1,425,427,421,-1,421,427,428,-1,421,428,419,-1,426,429,425,-1,425,429,430,-1,425,430,431,-1,424,423,432,-1,432,423,433,-1,432,433,434,-1,434,433,435,-1,434,435,436,-1,437,438,431,-1,431,438,439,-1,431,439,425,-1,366,368,440,-1,440,368,441,-1,440,441,442,-1,443,444,445,-1,445,444,446,-1,447,448,449,-1,449,448,450,-1,449,450,451,-1,451,450,452,-1,451,452,453,-1,443,445,454,-1,454,445,450,-1,454,450,455,-1,455,450,448,-1,455,448,456,-1,448,457,456,-1,456,457,458,-1,456,458,459,-1,452,460,453,-1,453,460,461,-1,453,461,462,-1,462,461,463,-1,447,449,464,-1,464,449,465,-1,464,465,463,-1,463,465,197,-1,463,197,462,-1,462,197,196,-1,462,196,230,-1,194,466,42,-1,42,466,467,-1,42,467,40,-1,40,467,468,-1,40,468,107,-1,107,468,469,-1,107,469,13,-1,13,469,470,-1,13,470,14,-1,14,470,81,-1,14,81,32,-1,32,81,79,-1,32,79,49,-1,296,295,305,-1,305,295,86,-1,305,86,471,-1,471,86,8,-1,471,8,80,-1,80,8,7,-1,80,7,78,-1,472,295,441,-1,441,295,294,-1,441,294,442,-1,472,473,295,-1,295,473,0,-1,295,0,86,-1,86,0,2,-1,86,2,91,-1,91,2,474,-1,58,104,26,-1,26,104,208,-1,26,208,27,-1,27,208,201,-1,27,201,28,-1,28,201,197,-1,28,197,111,-1,111,197,465,-1,111,465,38,-1,38,465,449,-1,38,449,35,-1,474,472,91,-1,91,472,441,-1,91,441,475,-1,475,441,368,-1,476,477,451,-1,478,479,480,-1,480,476,478,-1,478,476,451,-1,478,451,481,-1,481,451,482,-1,481,482,483,-1,483,482,484,-1,485,477,486,-1,486,477,487,-1,486,487,488,-1,488,487,489,-1,485,490,477,-1,477,490,491,-1,477,491,492,-1,493,449,494,-1,494,449,451,-1,494,451,495,-1,495,451,477,-1,495,477,496,-1,496,477,492,-1,44,36,47,-1,47,36,35,-1,47,35,484,-1,484,35,449,-1,484,449,483,-1,483,449,487,-1,497,498,487,-1,487,498,499,-1,487,499,489,-1,493,500,449,-1,449,500,501,-1,449,501,487,-1,487,501,502,-1,487,502,497,-1,99,89,96,-1,96,89,91,-1,96,91,101,-1,101,91,475,-1,101,475,136,-1,136,475,503,-1,355,503,504,-1,504,503,505,-1,505,503,506,-1,506,503,475,-1,506,475,507,-1,355,504,368,-1,368,504,508,-1,368,508,475,-1,475,508,509,-1,475,509,507,-1,510,511,512,-1,512,511,506,-1,512,506,513,-1,513,506,507,-1,513,507,514,-1,514,507,515,-1,304,516,309,-1,309,516,517,-1,309,517,311,-1,311,517,518,-1,311,518,327,-1,327,518,519,-1,327,519,188,-1,188,519,520,-1,188,520,189,-1,189,520,521,-1,230,229,462,-1,462,229,522,-1,462,522,453,-1,453,522,523,-1,453,523,451,-1,451,523,524,-1,451,524,482,-1,344,346,355,-1,355,346,525,-1,355,525,503,-1,503,525,185,-1,503,185,136,-1,136,185,187,-1,136,187,134,-1,336,338,346,-1,346,338,526,-1,346,526,525,-1,525,526,527,-1,525,527,185,-1,185,527,528,-1,185,528,291,-1,291,528,529,-1,291,529,213,-1,213,529,530,-1,213,530,221,-1,221,530,531,-1,221,531,229,-1,229,531,532,-1,229,532,522,-1,522,532,533,-1,522,533,523,-1,523,533,534,-1,523,534,524,-1,
        ]
    }
}
Shape{
    appearance Appearance {
        material  Material {
            diffuseColor 0.7019607843137254 0.7019607843137254 0.7019607843137254
            specularColor 0.050980392156862744 0.050980392156862744 0.050980392156862744
            ambientIntensity 1.0
            transparency 0.0
            shininess 0.5
        }
    }
    geometry IndexedFaceSet {
        ccw TRUE
        solid FALSE
        coord DEF co Coordinate {
            point [
                2.3823 2.0474 0.3189, 2.5591 2.0474 0.3189, 2.5591 2.2443 0.3189, 2.3823 1.4963 0.3189, 2.5591 1.4963 0.3189, 2.5591 1.6931 0.3189, -1.6209 -1.2006 0.3189, -1.752 -2.2443 0.3189, -1.5551 -2.2443 0.3189, -1.752 -2.4211 0.3189, -1.5551 -2.4211 0.3189, 2.3823 1.6931 0.3189, 2.126 1.9755 0.3189, 2.1233 1.9958 0.3189, 2.3823 2.2443 0.3189, 2.1154 2.0148 0.3189, -1.2008 -2.4211 0.3189, -1.0039 -2.4211 0.3189, -1.2008 -2.2443 0.3189, -1.0039 -2.2443 0.3189, 2.0472 -1.2006 0.3189, 2.0676 -1.1979 0.3189, -0.6496 -2.2443 0.3189, 2.5591 0.9451 0.3189, 2.5591 1.1419 0.3189, 2.3823 0.9451 0.3189, 2.3823 1.1419 0.3189, -2.5591 6.5159 0.3189, -2.5591 2.5986 0.3189, -2.3823 2.5986 0.3189, -2.3823 2.2443 0.3189, -2.5591 2.2443 0.3189, -2.5591 2.0474 0.3189, 2.3823 -0.7085 0.3189, 2.5591 -0.7085 0.3189, 2.5591 -0.5116 0.3189, 1.6209 2.4805 0.3189, 1.6363 2.479 0.3189, 0.9843 3.1104 0.3189, 1.6511 2.4745 0.3189, 1.6647 2.4672 0.3189, 2.3823 2.5986 0.3189, 1.6766 2.4574 0.3189, 2.1029 2.0311 0.3189, 0.9843 6.201 0.3189, 2.5591 6.5159 0.3189, -0.9843 6.201 0.3189, 2.5591 2.5986 0.3189, -2.126 2.4018 0.3189, -2.3823 2.0474 0.3189, -2.3823 1.6931 0.3189, -2.5591 1.6931 0.3189, -2.5591 1.4963 0.3189, -2.3823 1.4963 0.3189, -2.3823 1.1419 0.3189, -2.5591 1.1419 0.3189, -2.5591 0.9451 0.3189, -2.3823 0.9451 0.3189, -2.3823 0.5907 0.3189, -2.3823 -0.5116 0.3189, -2.5591 -0.5116 0.3189, -2.5591 -0.7085 0.3189, -0.6496 -2.4211 0.3189, -0.4528 -2.4211 0.3189, -0.4528 -2.2443 0.3189, -0.0984 -2.2443 0.3189, 1.0039 -2.4211 0.3189, 1.2008 -2.4211 0.3189, 1.0039 -2.2443 0.3189, 1.2008 -2.2443 0.3189, 1.5551 -2.4211 0.3189, 1.752 -2.4211 0.3189, 1.5551 -2.2443 0.3189, 1.752 -2.2443 0.3189, -2.5591 0.5907 0.3189, -2.5591 0.3939 0.3189, -2.3823 0.3939 0.3189, -2.3823 0.0396 0.3189, -2.126 -0.6955 0.3189, -2.3823 -0.7085 0.3189, 2.126 -1.1219 0.3189, 2.3823 0.5907 0.3189, 2.1063 -2.4211 0.3189, 2.5591 -2.4211 0.3189, 2.1063 -2.2443 0.3189, 2.5591 -1.614 0.3189, 2.3823 -1.614 0.3189, -2.5591 0.0396 0.3189, -2.5591 -0.1573 0.3189, -2.3823 -0.1573 0.3189, -2.5591 -2.4211 0.3189, -2.1063 -2.4211 0.3189, -2.5591 -1.614 0.3189, -2.1063 -2.2443 0.3189, -2.3823 -1.614 0.3189, -0.0984 -2.4211 0.3189, 0.0984 -2.4211 0.3189, 0.0984 -2.2443 0.3189, 0.4528 -2.2443 0.3189, 2.0866 -1.19 0.3189, -2.1233 2.4222 0.3189, -2.1154 2.4411 0.3189, -2.1029 2.4574 0.3189, -2.0866 2.47 0.3189, 2.3823 0.3939 0.3189, 2.5591 0.3939 0.3189, 2.5591 0.5907 0.3189, -0.9843 3.1104 0.3189, -2.0676 2.4778 0.3189, -2.0472 2.4805 0.3189, 2.5591 -1.2596 0.3189, 2.5591 -1.0628 0.3189, 2.3823 -1.2596 0.3189, 2.3823 -1.0628 0.3189, 2.1154 -1.1612 0.3189, 2.1029 -1.1775 0.3189, 0.6496 -2.2443 0.3189, 0.6496 -2.4211 0.3189, 0.4528 -2.4211 0.3189, -1.6766 -1.1775 0.3189, -2.1029 -0.7512 0.3189, -2.3823 -1.0628 0.3189, -2.1154 -0.7349 0.3189, -2.1233 -0.7159 0.3189, 2.3823 -0.5116 0.3189, 2.3823 -0.1573 0.3189, -1.6413 -1.1979 0.3189, -1.6603 -1.19 0.3189, -2.3823 -1.2596 0.3189, -2.5591 -1.2596 0.3189, -2.5591 -1.0628 0.3189, 2.1233 -1.1422 0.3189, 2.3823 0.0396 0.3189, 2.5591 0.0396 0.3189, 2.5591 -0.1573 0.3189, -1.5551 -2.4211 0.0039, -1.752 -2.4211 0.0039, -1.0039 -2.4211 0.0039, -1.2008 -2.4211 0.0039, -0.4528 -2.4211 0.0039, -0.6496 -2.4211 0.0039, 0.0984 -2.4211 0.0039, -0.0984 -2.4211 0.0039, 0.6496 -2.4211 0.0039, 0.4528 -2.4211 0.0039, 1.2008 -2.4211 0.0039, 1.0039 -2.4211 0.0039, 1.752 -2.4211 0.0039, 1.5551 -2.4211 0.0039, -2.1063 -2.4211 0.0039, -2.5591 -2.4211 0.0039, -2.2248 -1.0628 0.0039, -2.2248 -0.7085 0.0039, 2.2248 2.5986 0.0039, -2.1063 -2.0868 0.0039, -2.5591 -1.614 0.0039, -2.2248 -1.614 0.0039, -2.2248 -1.2596 0.0039, -2.5591 -1.2596 0.0039, -2.5591 -1.0628 0.0039, -2.2248 -0.5116 0.0039, -2.2248 -0.1573 0.0039, 2.5591 6.5159 0.0039, 2.5591 -2.4211 0.0039, 2.1063 -2.4211 0.0039, 2.5591 -1.614 0.0039, 2.1063 -2.0868 0.0039, 2.2248 -1.614 0.0039, 1.752 -2.0868 0.0039, 2.2248 -1.2596 0.0039, 2.5591 2.2443 0.0039, 2.5591 2.0474 0.0039, 2.2248 2.2443 0.0039, 2.2248 2.0474 0.0039, 2.5591 -1.0628 0.0039, 2.5591 -1.2596 0.0039, 2.2248 -1.0628 0.0039, 2.2248 -0.7085 0.0039, 1.2008 -2.0868 0.0039, 1.5551 -2.0868 0.0039, 2.5591 -0.5116 0.0039, 2.5591 -0.7085 0.0039, 2.2248 -0.5116 0.0039, 2.2248 -0.1573 0.0039, 0.6496 -2.0868 0.0039, 1.0039 -2.0868 0.0039, -2.2248 0.5907 0.0039, -2.2248 0.9451 0.0039, 2.5591 0.0396 0.0039, 2.5591 -0.1573 0.0039, 2.2248 0.0396 0.0039, 2.2248 0.3939 0.0039, 0.0984 -2.0868 0.0039, 0.4528 -2.0868 0.0039, -1.5551 -2.0868 0.0039, -1.752 -2.0868 0.0039, -2.2248 0.3939 0.0039, -2.5591 0.3939 0.0039, -2.5591 0.5907 0.0039, 2.5591 0.5907 0.0039, 2.5591 0.3939 0.0039, 2.2248 0.5907 0.0039, 2.2248 0.9451 0.0039, -0.4528 -2.0868 0.0039, -0.0984 -2.0868 0.0039, -2.5591 -0.7085 0.0039, -2.5591 -0.5116 0.0039, 2.5591 2.5986 0.0039, -2.2248 0.0396 0.0039, -2.5591 0.0396 0.0039, -2.5591 -0.1573 0.0039, -2.2248 1.4963 0.0039, -2.5591 1.4963 0.0039, -2.5591 1.6931 0.0039, 2.5591 1.1419 0.0039, 2.5591 0.9451 0.0039, 2.2248 1.1419 0.0039, 2.2248 1.4963 0.0039, -1.0039 -2.0868 0.0039, -0.6496 -2.0868 0.0039, 2.5591 1.6931 0.0039, 2.5591 1.4963 0.0039, 2.2248 1.6931 0.0039, -1.2008 -2.0868 0.0039, -2.2248 1.6931 0.0039, -2.2248 2.0474 0.0039, -2.2248 1.1419 0.0039, -2.5591 1.1419 0.0039, -2.5591 0.9451 0.0039, -2.5591 2.5986 0.0039, -2.5591 6.5159 0.0039, -2.2248 2.5986 0.0039, -2.2248 2.2443 0.0039, -2.5591 2.2443 0.0039, -2.5591 2.0474 0.0039
            ]
        }
        coordIndex [
            0,1,2,-1,3,4,5,-1,6,7,8,-1,8,7,9,-1,8,9,10,-1,11,0,12,-1,12,0,2,-1,12,2,13,-1,13,2,14,-1,13,14,15,-1,16,17,18,-1,18,17,19,-1,6,8,20,-1,20,8,18,-1,20,18,21,-1,21,18,19,-1,21,19,22,-1,23,24,25,-1,25,24,26,-1,27,28,29,-1,30,31,32,-1,33,34,35,-1,36,37,38,-1,38,37,39,-1,38,39,40,-1,41,42,14,-1,14,42,43,-1,14,43,15,-1,44,45,46,-1,46,45,27,-1,40,42,38,-1,38,42,41,-1,38,41,44,-1,44,41,47,-1,44,47,45,-1,48,49,50,-1,51,52,50,-1,50,52,53,-1,50,53,48,-1,48,53,54,-1,55,56,54,-1,54,56,57,-1,54,57,48,-1,48,57,58,-1,59,60,61,-1,62,63,22,-1,22,63,64,-1,22,64,21,-1,21,64,65,-1,66,67,68,-1,68,67,69,-1,70,71,72,-1,72,71,73,-1,74,75,58,-1,58,75,76,-1,58,76,48,-1,48,76,77,-1,78,48,79,-1,5,11,3,-1,3,11,12,-1,3,12,26,-1,26,12,80,-1,26,80,25,-1,25,80,81,-1,82,83,84,-1,84,83,85,-1,84,85,73,-1,73,85,86,-1,73,86,72,-1,87,88,77,-1,77,88,89,-1,77,89,48,-1,48,89,59,-1,48,59,79,-1,79,59,61,-1,90,91,92,-1,92,91,93,-1,92,93,94,-1,94,93,7,-1,95,96,65,-1,65,96,97,-1,65,97,21,-1,21,97,98,-1,21,98,99,-1,100,29,48,-1,48,29,30,-1,48,30,49,-1,49,30,32,-1,100,101,29,-1,29,101,102,-1,29,102,103,-1,104,105,106,-1,27,29,46,-1,46,29,103,-1,46,103,107,-1,107,103,108,-1,107,108,38,-1,38,108,109,-1,38,109,36,-1,110,111,112,-1,112,111,113,-1,113,114,115,-1,86,112,72,-1,72,112,113,-1,72,113,69,-1,69,113,115,-1,69,115,68,-1,68,115,99,-1,68,99,116,-1,116,99,98,-1,116,98,117,-1,117,98,118,-1,119,120,121,-1,121,120,122,-1,121,122,79,-1,79,122,123,-1,79,123,78,-1,124,125,80,-1,6,126,7,-1,7,126,127,-1,7,127,94,-1,94,127,119,-1,94,119,128,-1,128,119,121,-1,128,121,129,-1,129,121,130,-1,35,124,33,-1,33,124,80,-1,33,80,113,-1,113,80,131,-1,113,131,114,-1,106,81,104,-1,104,81,80,-1,104,80,132,-1,132,80,125,-1,132,125,133,-1,133,125,134,-1,10,9,135,-1,135,9,136,-1,17,16,137,-1,137,16,138,-1,63,62,139,-1,139,62,140,-1,96,95,141,-1,141,95,142,-1,117,118,143,-1,143,118,144,-1,67,66,145,-1,145,66,146,-1,71,70,147,-1,147,70,148,-1,91,90,149,-1,149,90,150,-1,151,152,153,-1,149,150,154,-1,154,150,155,-1,154,155,156,-1,157,158,159,-1,160,161,162,-1,163,164,165,-1,165,164,166,-1,165,166,167,-1,167,166,168,-1,167,168,169,-1,170,171,172,-1,172,171,173,-1,174,175,176,-1,176,175,169,-1,177,176,178,-1,178,176,169,-1,178,169,179,-1,179,169,168,-1,179,168,148,-1,148,168,147,-1,180,181,182,-1,182,181,177,-1,183,182,184,-1,184,182,177,-1,184,177,185,-1,185,177,178,-1,185,178,146,-1,146,178,145,-1,186,187,162,-1,188,189,190,-1,190,189,183,-1,191,190,192,-1,192,190,183,-1,192,183,193,-1,193,183,184,-1,193,184,144,-1,144,184,143,-1,135,136,194,-1,194,136,195,-1,194,195,173,-1,173,195,154,-1,173,154,172,-1,172,154,156,-1,172,156,153,-1,153,156,157,-1,153,157,151,-1,151,157,159,-1,196,197,198,-1,199,200,201,-1,201,200,191,-1,202,201,203,-1,203,201,191,-1,203,191,204,-1,204,191,192,-1,204,192,142,-1,142,192,141,-1,205,206,152,-1,152,206,160,-1,152,160,153,-1,153,160,162,-1,153,162,207,-1,198,186,196,-1,196,186,162,-1,196,162,208,-1,208,162,161,-1,208,161,209,-1,209,161,210,-1,211,212,213,-1,214,215,216,-1,216,215,202,-1,217,216,218,-1,218,216,202,-1,218,202,219,-1,219,202,203,-1,219,203,140,-1,140,203,139,-1,220,221,222,-1,222,221,217,-1,173,222,194,-1,194,222,217,-1,194,217,223,-1,223,217,218,-1,223,218,138,-1,138,218,137,-1,224,225,162,-1,213,224,211,-1,211,224,162,-1,211,162,226,-1,226,162,187,-1,226,187,227,-1,227,187,228,-1,229,230,231,-1,231,230,162,-1,231,162,232,-1,232,162,225,-1,232,225,233,-1,233,225,234,-1,1,171,2,-1,2,171,170,-1,162,45,207,-1,207,45,47,-1,4,221,5,-1,5,221,220,-1,23,215,24,-1,24,215,214,-1,105,200,106,-1,106,200,199,-1,134,189,133,-1,133,189,188,-1,34,181,35,-1,35,181,180,-1,110,175,111,-1,111,175,174,-1,83,163,85,-1,85,163,165,-1,206,205,60,-1,60,205,61,-1,209,210,87,-1,87,210,88,-1,198,197,74,-1,74,197,75,-1,227,228,55,-1,55,228,56,-1,213,212,51,-1,51,212,52,-1,233,234,31,-1,31,234,32,-1,28,27,229,-1,229,27,230,-1,159,158,130,-1,130,158,129,-1,27,45,230,-1,230,45,162,-1,155,150,92,-1,92,150,90,-1,164,163,82,-1,82,163,83,-1,
        ]
    }
}
Shape{
    appearance Appearance {
        material  Material {
            diffuseColor 0.6666666666666666 0.6666666666666666 0.6666666666666666
            specularColor 0.4666666666666667 0.4666666666666667 0.4666666666666667
            ambientIntensity 0.6667
            transparency 0.0
            shininess 0.5
        }
    }
    geometry IndexedFaceSet {
        ccw TRUE
        solid FALSE
        coord DEF co Coordinate {
            point [
                1.6209 2.4805 0.3189, -2.0472 2.4805 0.3189, 1.6209 2.4805 0.9882, -2.0472 2.4805 0.9882, -2.126 -0.6955 0.9882, -2.126 2.4018 0.9882, -2.126 -0.6955 0.3189, -2.126 2.4018 0.3189, -1.6766 -1.1775 0.9882, -2.1029 -0.7512 0.9882, -1.6766 -1.1775 0.3189, -2.1029 -0.7512 0.3189, -1.6209 -1.2006 0.3189, 2.0472 -1.2006 0.3189, -1.6209 -1.2006 0.9882, 2.0472 -1.2006 0.9882, 2.126 1.9755 0.9882, 2.126 -1.1219 0.9882, 2.126 1.9755 0.3189, 2.126 -1.1219 0.3189, 1.6766 2.4574 0.9882, 2.1029 2.0311 0.9882, 1.6766 2.4574 0.3189, 2.1029 2.0311 0.3189, -1.6603 -1.19 0.3189, -1.6603 -1.19 0.9882, -1.6413 -1.1979 0.3189, -1.6413 -1.1979 0.9882, -1.6209 -1.1219 1.0669, -2.0472 -0.6955 1.0669, -2.0617 -0.7099 1.0642, -1.6353 -1.1363 1.0642, -2.0751 -0.7234 1.0564, -1.6488 -1.1497 1.0564, -2.0866 -0.7349 1.0439, -1.6603 -1.1612 1.0439, -2.0955 -0.7438 1.0276, -1.6691 -1.1701 1.0276, -2.101 -0.7493 1.0086, -1.6747 -1.1756 1.0086, -2.1233 -0.7159 0.3189, -2.1233 -0.7159 0.9882, -2.1154 -0.7349 0.3189, -2.1154 -0.7349 0.9882, -1.6406 -1.1953 1.0086, -1.6209 -1.1979 1.0086, -1.6386 -1.1877 1.0276, -1.6209 -1.19 1.0276, -1.6353 -1.1756 1.0439, -1.6209 -1.1775 1.0439, -1.6311 -1.1599 1.0564, -1.6209 -1.1612 1.0564, -1.6262 -1.1415 1.0642, -1.6311 -1.1395 1.0642, -1.6406 -1.1559 1.0564, -1.6488 -1.1701 1.0439, -1.655 -1.1809 1.0276, -1.659 -1.1877 1.0086, -1.6209 -1.1422 1.0642, -2.1131 -0.7336 1.0086, -2.1063 -0.7296 1.0276, -2.0955 -0.7234 1.0439, -2.0813 -0.7152 1.0564, -2.0649 -0.7057 1.0642, -2.0669 -0.7008 1.0642, -2.0853 -0.7057 1.0564, -2.101 -0.7099 1.0439, -2.1131 -0.7132 1.0276, -2.1207 -0.7152 1.0086, -2.1233 -0.6955 1.0086, -2.1154 -0.6955 1.0276, -2.1029 -0.6955 1.0439, -2.0866 -0.6955 1.0564, -2.0676 -0.6955 1.0642, 2.0676 -1.1979 0.3189, 2.0676 -1.1979 0.9882, 2.0866 -1.19 0.3189, 2.0866 -1.19 0.9882, 2.1029 -1.1775 0.3189, 2.1029 -1.1775 0.9882, 2.1154 -1.1612 0.3189, 2.1154 -1.1612 0.9882, 2.1233 -1.1422 0.3189, 2.1233 -1.1422 0.9882, 2.0472 -1.1219 1.0669, 2.0472 -1.1422 1.0642, 2.0472 -1.1612 1.0564, 2.0472 -1.1775 1.0439, 2.0472 -1.19 1.0276, 2.0472 -1.1979 1.0086, -2.0472 2.4018 1.0669, -2.0676 2.4018 1.0642, -2.0866 2.4018 1.0564, -2.1029 2.4018 1.0439, -2.1154 2.4018 1.0276, -2.1233 2.4018 1.0086, -2.0648 2.4785 0.9882, -2.0675 2.4776 0.9882, -2.0676 2.4778 0.3189, -2.0814 2.4727 0.9882, -2.0866 2.47 0.3189, -2.0864 2.4696 0.9882, -2.0963 2.4633 0.9882, -2.1029 2.4574 0.3189, -2.1026 2.4571 0.9882, -2.1088 2.4509 0.9882, -2.1154 2.4411 0.3189, -2.1151 2.4409 0.9882, -2.1182 2.4359 0.9882, -2.1233 2.4222 0.3189, -2.123 2.4221 0.9882, -2.124 2.4193 0.9882, 2.1233 -1.1219 1.0086, 2.1207 -1.1415 1.0086, 2.0813 -1.1415 1.0564, 2.0649 -1.132 1.0642, 2.0617 -1.1363 1.0642, 2.0525 -1.1415 1.0642, 2.0669 -1.1271 1.0642, 2.0853 -1.132 1.0564, 2.101 -1.1363 1.0439, 2.0676 -1.1219 1.0642, 2.0751 -1.1497 1.0564, 2.0574 -1.1395 1.0642, 2.0669 -1.1559 1.0564, 2.0574 -1.1599 1.0564, 2.0866 -1.1219 1.0564, 2.1029 -1.1219 1.0439, 2.1154 -1.1219 1.0276, 2.0955 -1.1497 1.0439, 2.0866 -1.1612 1.0439, 2.0751 -1.1701 1.0439, 2.0617 -1.1756 1.0439, 2.1131 -1.1395 1.0276, 2.1063 -1.1559 1.0276, 2.0955 -1.1701 1.0276, 2.0813 -1.1809 1.0276, 2.0649 -1.1877 1.0276, 2.1131 -1.1599 1.0086, 2.101 -1.1756 1.0086, 2.0853 -1.1877 1.0086, 2.0669 -1.1953 1.0086, -2.0802 2.4703 1.0086, -2.0947 2.4612 1.0086, -2.1067 2.4492 1.0086, -2.078 2.4263 1.0564, -2.0632 2.4145 1.0642, -2.06 2.4177 1.0642, -2.0656 2.4106 1.0642, -2.0827 2.4189 1.0564, -2.0974 2.4259 1.0439, -2.0671 2.4063 1.0642, -2.0856 2.4105 1.0564, -2.1015 2.4142 1.0439, -2.1137 2.4169 1.0276, -2.1087 2.4314 1.0276, -2.1158 2.4348 1.0086, -2.1214 2.4187 1.0086, -2.1006 2.4443 1.0276, -2.0908 2.4365 1.0439, -2.0898 2.4551 1.0276, -2.082 2.4453 1.0439, -2.0718 2.4326 1.0564, -2.0768 2.4632 1.0276, -2.0714 2.4519 1.0439, -2.0643 2.4372 1.0564, -2.0561 2.4201 1.0642, -2.0642 2.4759 1.0086, -2.0624 2.4683 1.0276, -2.0596 2.4561 1.0439, -2.056 2.4402 1.0564, -2.0518 2.4216 1.0642, -2.0472 2.4778 1.0086, -2.0472 2.47 1.0276, -2.0472 2.4574 1.0439, -2.0472 2.4411 1.0564, -2.0472 2.4222 1.0642, 2.1233 1.9958 0.3189, 2.1233 1.9958 0.9882, 2.1154 2.0148 0.3189, 2.1154 2.0148 0.9882, 2.0472 1.9755 1.0669, 2.0676 1.9755 1.0642, 2.0866 1.9755 1.0564, 2.1029 1.9755 1.0439, 2.1154 1.9755 1.0276, 2.1233 1.9755 1.0086, 1.6209 2.4018 1.0669, 1.6209 2.4222 1.0642, 1.6209 2.4411 1.0564, 1.6209 2.4574 1.0439, 1.6209 2.47 1.0276, 1.6209 2.4778 1.0086, 1.6647 2.4672 0.3189, 1.6647 2.4672 0.9882, 1.6511 2.4745 0.3189, 1.6511 2.4745 0.9882, 1.6363 2.479 0.3189, 1.6363 2.479 0.9882, 2.1131 2.0135 1.0086, 2.101 2.0292 1.0086, 2.1063 2.0096 1.0276, 2.0955 2.0237 1.0276, 2.0955 2.0033 1.0439, 2.0866 2.0148 1.0439, 2.0813 1.9951 1.0564, 2.0751 2.0033 1.0564, 2.0649 1.9856 1.0642, 2.0669 1.9807 1.0642, 2.0853 1.9856 1.0564, 2.101 1.9899 1.0439, 2.1131 1.9931 1.0276, 2.1207 1.9951 1.0086, 2.0617 1.9899 1.0642, 1.6249 2.4218 1.0642, 1.6358 2.4764 1.0086, 1.6342 2.4687 1.0276, 1.6318 2.4564 1.0439, 1.6286 2.4404 1.0564, 1.65 2.472 1.0086, 1.647 2.4648 1.0276, 1.6422 2.4532 1.0439, 1.636 2.4381 1.0564, 1.6287 2.4206 1.0642, 1.6323 2.4187 1.0642, 1.6428 2.4345 1.0564, 1.6519 2.4481 1.0439, 1.6588 2.4585 1.0276, 1.6632 2.465 1.0086, 1.6747 2.4556 1.0086, 1.6691 2.45 1.0276, 1.6603 2.4411 1.0439, 1.6488 2.4296 1.0564, 1.6353 2.4162 1.0642
            ]
        }
        coordIndex [
            0,1,2,-1,2,1,3,-1,4,5,6,-1,6,5,7,-1,8,9,10,-1,10,9,11,-1,12,13,14,-1,14,13,15,-1,16,17,18,-1,18,17,19,-1,20,21,22,-1,22,21,23,-1,8,10,24,-1,8,24,25,-1,25,24,26,-1,25,26,27,-1,27,26,12,-1,27,12,14,-1,28,29,30,-1,28,30,31,-1,31,30,32,-1,31,32,33,-1,33,32,34,-1,33,34,35,-1,35,34,36,-1,35,36,37,-1,37,36,38,-1,37,38,39,-1,39,38,9,-1,39,9,8,-1,4,6,40,-1,4,40,41,-1,41,40,42,-1,41,42,43,-1,43,42,11,-1,43,11,9,-1,27,14,44,-1,44,14,45,-1,44,45,46,-1,46,45,47,-1,46,47,48,-1,48,47,49,-1,48,49,50,-1,50,49,51,-1,50,51,52,-1,52,53,50,-1,50,53,54,-1,50,54,48,-1,48,54,55,-1,48,55,46,-1,46,55,56,-1,46,56,44,-1,44,56,57,-1,44,57,27,-1,27,57,25,-1,8,25,39,-1,39,25,57,-1,39,57,37,-1,37,57,56,-1,37,56,35,-1,35,56,55,-1,35,55,33,-1,33,55,54,-1,33,54,31,-1,31,54,53,-1,31,53,28,-1,52,28,53,-1,51,58,52,-1,52,58,28,-1,43,9,59,-1,59,9,38,-1,59,38,60,-1,60,38,36,-1,60,36,61,-1,61,36,34,-1,61,34,62,-1,62,34,32,-1,62,32,63,-1,63,64,62,-1,62,64,65,-1,62,65,61,-1,61,65,66,-1,61,66,60,-1,60,66,67,-1,60,67,59,-1,59,67,68,-1,59,68,43,-1,43,68,41,-1,4,41,69,-1,69,41,68,-1,69,68,70,-1,70,68,67,-1,70,67,71,-1,71,67,66,-1,71,66,72,-1,72,66,65,-1,72,65,73,-1,73,65,64,-1,73,64,29,-1,63,29,64,-1,32,30,63,-1,63,30,29,-1,15,13,74,-1,15,74,75,-1,75,74,76,-1,75,76,77,-1,77,76,78,-1,77,78,79,-1,79,78,80,-1,79,80,81,-1,81,80,82,-1,81,82,83,-1,83,82,19,-1,83,19,17,-1,84,28,58,-1,84,58,85,-1,85,58,51,-1,85,51,86,-1,86,51,49,-1,86,49,87,-1,87,49,47,-1,87,47,88,-1,88,47,45,-1,88,45,89,-1,89,45,14,-1,89,14,15,-1,29,90,91,-1,29,91,73,-1,73,91,92,-1,73,92,72,-1,72,92,93,-1,72,93,71,-1,71,93,94,-1,71,94,70,-1,70,94,95,-1,70,95,69,-1,69,95,5,-1,69,5,4,-1,96,3,1,-1,96,1,97,-1,97,1,98,-1,97,98,99,-1,99,98,100,-1,99,100,101,-1,101,100,102,-1,102,100,103,-1,102,103,104,-1,104,103,105,-1,105,103,106,-1,105,106,107,-1,107,106,108,-1,108,106,109,-1,108,109,110,-1,110,109,111,-1,111,109,7,-1,111,7,5,-1,17,112,113,-1,114,115,116,-1,84,85,117,-1,116,115,84,-1,118,84,115,-1,118,115,119,-1,119,115,114,-1,119,114,120,-1,121,84,118,-1,122,123,124,-1,124,123,117,-1,124,117,125,-1,125,117,85,-1,125,85,86,-1,121,118,126,-1,126,118,119,-1,126,119,127,-1,127,119,120,-1,127,120,128,-1,129,122,130,-1,130,122,124,-1,130,124,131,-1,131,124,125,-1,131,125,132,-1,132,125,86,-1,132,86,87,-1,133,129,134,-1,134,129,130,-1,134,130,135,-1,135,130,131,-1,135,131,136,-1,136,131,132,-1,136,132,137,-1,137,132,87,-1,137,87,88,-1,112,133,113,-1,113,133,134,-1,113,134,138,-1,138,134,135,-1,138,135,139,-1,139,135,136,-1,139,136,140,-1,140,136,137,-1,140,137,141,-1,141,137,88,-1,141,88,89,-1,17,113,83,-1,83,113,138,-1,83,138,81,-1,81,138,139,-1,81,139,79,-1,79,139,140,-1,79,140,77,-1,77,140,141,-1,77,141,75,-1,75,141,89,-1,75,89,15,-1,123,84,117,-1,112,128,133,-1,133,128,120,-1,133,120,129,-1,129,120,114,-1,129,114,122,-1,122,114,116,-1,122,116,123,-1,123,116,84,-1,97,99,142,-1,101,102,143,-1,104,105,144,-1,145,146,147,-1,147,146,90,-1,148,90,146,-1,148,146,149,-1,149,146,145,-1,149,145,150,-1,151,90,148,-1,151,148,152,-1,152,148,149,-1,152,149,153,-1,153,149,150,-1,153,150,154,-1,91,90,151,-1,91,151,92,-1,92,151,152,-1,92,152,93,-1,93,152,153,-1,93,153,94,-1,94,153,154,-1,94,154,95,-1,155,156,157,-1,107,108,156,-1,156,108,110,-1,156,110,157,-1,157,110,111,-1,157,111,5,-1,105,107,144,-1,144,107,156,-1,144,156,158,-1,158,156,155,-1,158,155,159,-1,102,104,143,-1,143,104,144,-1,143,144,160,-1,160,144,158,-1,160,158,161,-1,161,158,159,-1,161,159,162,-1,99,101,142,-1,142,101,143,-1,142,143,163,-1,163,143,160,-1,163,160,164,-1,164,160,161,-1,164,161,165,-1,165,161,162,-1,165,162,166,-1,96,97,167,-1,167,97,142,-1,167,142,168,-1,168,142,163,-1,168,163,169,-1,169,163,164,-1,169,164,170,-1,170,164,165,-1,170,165,171,-1,171,165,166,-1,3,96,172,-1,172,96,167,-1,172,167,173,-1,173,167,168,-1,173,168,174,-1,174,168,169,-1,174,169,175,-1,175,169,170,-1,175,170,176,-1,176,170,171,-1,176,171,90,-1,166,90,171,-1,5,95,157,-1,157,95,154,-1,157,154,155,-1,155,154,150,-1,155,150,159,-1,159,150,145,-1,159,145,162,-1,162,145,147,-1,162,147,166,-1,166,147,90,-1,16,18,177,-1,16,177,178,-1,178,177,179,-1,178,179,180,-1,180,179,23,-1,180,23,21,-1,181,84,121,-1,181,121,182,-1,182,121,126,-1,182,126,183,-1,183,126,127,-1,183,127,184,-1,184,127,128,-1,184,128,185,-1,185,128,112,-1,185,112,186,-1,186,112,17,-1,186,17,16,-1,90,187,188,-1,90,188,176,-1,176,188,189,-1,176,189,175,-1,175,189,190,-1,175,190,174,-1,174,190,191,-1,174,191,173,-1,173,191,192,-1,173,192,172,-1,172,192,2,-1,172,2,3,-1,20,22,193,-1,20,193,194,-1,194,193,195,-1,194,195,196,-1,196,195,197,-1,196,197,198,-1,198,197,0,-1,198,0,2,-1,180,21,199,-1,199,21,200,-1,199,200,201,-1,201,200,202,-1,201,202,203,-1,203,202,204,-1,203,204,205,-1,205,204,206,-1,205,206,207,-1,207,208,205,-1,205,208,209,-1,205,209,203,-1,203,209,210,-1,203,210,201,-1,201,210,211,-1,201,211,199,-1,199,211,212,-1,199,212,180,-1,180,212,178,-1,16,178,186,-1,186,178,212,-1,186,212,185,-1,185,212,211,-1,185,211,184,-1,184,211,210,-1,184,210,183,-1,183,210,209,-1,183,209,182,-1,182,209,208,-1,182,208,181,-1,207,181,208,-1,206,213,207,-1,207,213,181,-1,189,188,214,-1,214,188,187,-1,198,2,215,-1,215,2,192,-1,215,192,216,-1,216,192,191,-1,216,191,217,-1,217,191,190,-1,217,190,218,-1,196,198,219,-1,219,198,215,-1,219,215,220,-1,220,215,216,-1,220,216,221,-1,221,216,217,-1,221,217,222,-1,222,217,218,-1,222,218,223,-1,223,224,222,-1,222,224,225,-1,222,225,221,-1,221,225,226,-1,221,226,220,-1,220,226,227,-1,220,227,219,-1,219,227,228,-1,219,228,196,-1,196,228,194,-1,20,194,229,-1,229,194,228,-1,229,228,230,-1,230,228,227,-1,230,227,231,-1,231,227,226,-1,231,226,232,-1,232,226,225,-1,232,225,233,-1,233,225,224,-1,233,224,187,-1,223,187,224,-1,190,189,218,-1,218,189,214,-1,218,214,223,-1,223,214,187,-1,187,181,213,-1,187,213,233,-1,233,213,206,-1,233,206,232,-1,232,206,204,-1,232,204,231,-1,231,204,202,-1,231,202,230,-1,230,202,200,-1,230,200,229,-1,229,200,21,-1,229,21,20,-1,
        ]
    }
}
Shape{
    appearance Appearance {
        material  Material {
            diffuseColor 0.8274509803921568 0.6666666666666666 0.12941176470588237
            specularColor 0.8274509803921568 0.6666666666666666 0.12941176470588237
            ambientIntensity 0.6535
            transparency 0.0
            shininess 0.5
        }
    }
    geometry IndexedFaceSet {
        ccw TRUE
        solid FALSE
        coord DEF co Coordinate {
            point [
                -2.2248 -1.2596 0.0039, -2.2248 -1.2596 0.0, -2.5591 -1.2596 0.0039, -2.5594 -1.2596 0.0, -2.5591 -1.2596 0.3189, -2.5594 -1.2596 0.3228, -2.3823 -1.2596 0.3189, -2.3823 -1.2596 0.3228, -2.3823 -1.614 0.3228, -2.3823 -1.614 0.3189, -2.5591 -1.614 0.3189, -2.5594 -1.614 0.3228, -2.5591 -1.614 0.0039, -2.5594 -1.614 0.0, -2.2248 -1.614 0.0039, -2.2248 -1.614 0.0, -2.5591 -1.3384 0.3228, -2.5594 -1.3384 0.3228, -2.5591 -1.3384 0.0, -2.5594 -1.3384 0.0, -2.5594 -1.5352 0.3228, -2.5594 -1.5352 0.0, -2.5591 -1.5352 0.3228, -2.5591 -1.5352 0.0, -2.4895 -1.5064 0.0, -2.4738 -1.486 0.0, -2.464 -1.4623 0.0, -2.4606 -1.4368 0.0, -2.464 -1.4113 0.0, -2.4738 -1.3876 0.0, -2.5336 -1.5319 0.0, -2.5098 -1.522 0.0, -2.4895 -1.3672 0.0, -2.5098 -1.3516 0.0, -2.5336 -1.3417 0.0, -2.4895 -1.3672 0.3228, -2.4738 -1.3876 0.3228, -2.464 -1.4113 0.3228, -2.4606 -1.4368 0.3228, -2.464 -1.4623 0.3228, -2.4738 -1.486 0.3228, -2.5336 -1.3417 0.3228, -2.5098 -1.3516 0.3228, -2.4895 -1.5064 0.3228, -2.5098 -1.522 0.3228, -2.5336 -1.5319 0.3228, -2.2248 -0.7085 0.0039, -2.2248 -0.7085 0.0, -2.5591 -0.7085 0.0039, -2.5594 -0.7085 0.0, -2.5591 -0.7085 0.3189, -2.5594 -0.7085 0.3228, -2.3823 -0.7085 0.3189, -2.3823 -0.7085 0.3228, -2.3823 -1.0628 0.3228, -2.3823 -1.0628 0.3189, -2.5591 -1.0628 0.3189, -2.5594 -1.0628 0.3228, -2.5591 -1.0628 0.0039, -2.5594 -1.0628 0.0, -2.2248 -1.0628 0.0039, -2.2248 -1.0628 0.0, -2.5591 -0.7872 0.3228, -2.5594 -0.7872 0.3228, -2.5591 -0.7872 0.0, -2.5594 -0.7872 0.0, -2.5594 -0.9841 0.3228, -2.5594 -0.9841 0.0, -2.5591 -0.9841 0.3228, -2.5591 -0.9841 0.0, -2.4895 -0.9552 0.0, -2.4738 -0.9348 0.0, -2.5336 -0.9807 0.0, -2.5098 -0.9709 0.0, -2.4738 -0.8364 0.0, -2.4895 -0.816 0.0, -2.5098 -0.8004 0.0, -2.5336 -0.7906 0.0, -2.464 -0.9111 0.0, -2.4606 -0.8856 0.0, -2.464 -0.8602 0.0, -2.4895 -0.816 0.3228, -2.4738 -0.8364 0.3228, -2.5336 -0.7906 0.3228, -2.5098 -0.8004 0.3228, -2.4738 -0.9348 0.3228, -2.4895 -0.9552 0.3228, -2.5098 -0.9709 0.3228, -2.5336 -0.9807 0.3228, -2.464 -0.8602 0.3228, -2.4606 -0.8856 0.3228, -2.464 -0.9111 0.3228, -2.2248 -0.1573 0.0039, -2.2248 -0.1573 0.0, -2.5591 -0.1573 0.0039, -2.5594 -0.1573 0.0, -2.5591 -0.1573 0.3189, -2.5594 -0.1573 0.3228, -2.3823 -0.1573 0.3189, -2.3823 -0.1573 0.3228, -2.3823 -0.5116 0.3228, -2.3823 -0.5116 0.3189, -2.5591 -0.5116 0.3189, -2.5594 -0.5116 0.3228, -2.5591 -0.5116 0.0039, -2.5594 -0.5116 0.0, -2.2248 -0.5116 0.0039, -2.2248 -0.5116 0.0, -2.5591 -0.236 0.3228, -2.5594 -0.236 0.3228, -2.5591 -0.236 0.0, -2.5594 -0.236 0.0, -2.5594 -0.4329 0.3228, -2.5594 -0.4329 0.0, -2.5591 -0.4329 0.3228, -2.5591 -0.4329 0.0, -2.4895 -0.404 0.0, -2.4738 -0.3837 0.0, -2.5336 -0.4295 0.0, -2.5098 -0.4197 0.0, -2.4738 -0.2852 0.0, -2.4895 -0.2649 0.0, -2.5098 -0.2492 0.0, -2.5336 -0.2394 0.0, -2.464 -0.3599 0.0, -2.4606 -0.3344 0.0, -2.464 -0.309 0.0, -2.4895 -0.2649 0.3228, -2.4738 -0.2852 0.3228, -2.5336 -0.2394 0.3228, -2.5098 -0.2492 0.3228, -2.4738 -0.3837 0.3228, -2.4895 -0.404 0.3228, -2.5098 -0.4197 0.3228, -2.5336 -0.4295 0.3228, -2.464 -0.309 0.3228, -2.4606 -0.3344 0.3228, -2.464 -0.3599 0.3228, -2.2248 0.3939 0.0039, -2.2248 0.3939 0.0, -2.5591 0.3939 0.0039, -2.5594 0.3939 0.0, -2.5591 0.3939 0.3189, -2.5594 0.3939 0.3228, -2.3823 0.3939 0.3189, -2.3823 0.3939 0.3228, -2.3823 0.0396 0.3228, -2.3823 0.0396 0.3189, -2.5591 0.0396 0.3189, -2.5594 0.0396 0.3228, -2.5591 0.0396 0.0039, -2.5594 0.0396 0.0, -2.2248 0.0396 0.0039, -2.2248 0.0396 0.0, -2.5591 0.3152 0.3228, -2.5594 0.3152 0.3228, -2.5591 0.3152 0.0, -2.5594 0.3152 0.0, -2.5594 0.1183 0.3228, -2.5594 0.1183 0.0, -2.5591 0.1183 0.3228, -2.5591 0.1183 0.0, -2.4895 0.1471 0.0, -2.4738 0.1675 0.0, -2.5336 0.1217 0.0, -2.5098 0.1315 0.0, -2.464 0.1913 0.0, -2.4606 0.2167 0.0, -2.464 0.2422 0.0, -2.4738 0.2659 0.0, -2.4895 0.2863 0.0, -2.5098 0.302 0.0, -2.5336 0.3118 0.0, -2.4895 0.2863 0.3228, -2.4738 0.2659 0.3228, -2.5336 0.3118 0.3228, -2.5098 0.302 0.3228, -2.4738 0.1675 0.3228, -2.4895 0.1471 0.3228, -2.5098 0.1315 0.3228, -2.5336 0.1217 0.3228, -2.464 0.2422 0.3228, -2.4606 0.2167 0.3228, -2.464 0.1913 0.3228, -2.2248 0.9451 0.0039, -2.2248 0.9451 0.0, -2.5591 0.9451 0.0039, -2.5594 0.9451 0.0, -2.5591 0.9451 0.3189, -2.5594 0.9451 0.3228, -2.3823 0.9451 0.3189, -2.3823 0.9451 0.3228, -2.3823 0.5907 0.3228, -2.3823 0.5907 0.3189, -2.5591 0.5907 0.3189, -2.5594 0.5907 0.3228, -2.5591 0.5907 0.0039, -2.5594 0.5907 0.0, -2.2248 0.5907 0.0039, -2.2248 0.5907 0.0, -2.5591 0.8663 0.3228, -2.5594 0.8663 0.3228, -2.5591 0.8663 0.0, -2.5594 0.8663 0.0, -2.5594 0.6695 0.3228, -2.5594 0.6695 0.0, -2.5591 0.6695 0.3228, -2.5591 0.6695 0.0, -2.5336 0.6728 0.0, -2.5098 0.6827 0.0, -2.4895 0.6983 0.0, -2.4738 0.7187 0.0, -2.464 0.7424 0.0, -2.4606 0.7679 0.0, -2.464 0.7934 0.0, -2.4738 0.8171 0.0, -2.4895 0.8375 0.0, -2.5098 0.8532 0.0, -2.5336 0.863 0.0, -2.4895 0.8375 0.3228, -2.4738 0.8171 0.3228, -2.5336 0.863 0.3228, -2.5098 0.8532 0.3228, -2.4738 0.7187 0.3228, -2.4895 0.6983 0.3228, -2.5098 0.6827 0.3228, -2.5336 0.6728 0.3228, -2.464 0.7934 0.3228, -2.4606 0.7679 0.3228, -2.464 0.7424 0.3228, -2.2248 1.4963 0.0039, -2.2248 1.4963 0.0, -2.5591 1.4963 0.0039, -2.5594 1.4963 0.0, -2.5591 1.4963 0.3189, -2.5594 1.4963 0.3228, -2.3823 1.4963 0.3189, -2.3823 1.4963 0.3228, -2.3823 1.1419 0.3228, -2.3823 1.1419 0.3189, -2.5591 1.1419 0.3189, -2.5594 1.1419 0.3228, -2.5591 1.1419 0.0039, -2.5594 1.1419 0.0, -2.2248 1.1419 0.0039, -2.2248 1.1419 0.0, -2.5591 1.4175 0.3228, -2.5594 1.4175 0.3228, -2.5591 1.4175 0.0, -2.5594 1.4175 0.0, -2.5594 1.2207 0.3228, -2.5594 1.2207 0.0, -2.5591 1.2207 0.3228, -2.5591 1.2207 0.0, -2.5336 1.224 0.0, -2.5098 1.2339 0.0, -2.4895 1.2495 0.0, -2.4738 1.2699 0.0, -2.464 1.2936 0.0, -2.4606 1.3191 0.0, -2.464 1.3446 0.0, -2.4738 1.3683 0.0, -2.4895 1.3887 0.0, -2.5098 1.4043 0.0, -2.5336 1.4142 0.0, -2.4895 1.3887 0.3228, -2.4738 1.3683 0.3228, -2.5336 1.4142 0.3228, -2.5098 1.4043 0.3228, -2.4738 1.2699 0.3228, -2.4895 1.2495 0.3228, -2.5098 1.2339 0.3228, -2.5336 1.224 0.3228, -2.464 1.3446 0.3228, -2.4606 1.3191 0.3228, -2.464 1.2936 0.3228, -2.2248 2.0474 0.0039, -2.2248 2.0474 0.0, -2.5591 2.0474 0.0039, -2.5594 2.0474 0.0, -2.5591 2.0474 0.3189, -2.5594 2.0474 0.3228, -2.3823 2.0474 0.3189, -2.3823 2.0474 0.3228, -2.3823 1.6931 0.3228, -2.3823 1.6931 0.3189, -2.5591 1.6931 0.3189, -2.5594 1.6931 0.3228, -2.5591 1.6931 0.0039, -2.5594 1.6931 0.0, -2.2248 1.6931 0.0039, -2.2248 1.6931 0.0, -2.5591 1.9687 0.3228, -2.5594 1.9687 0.3228, -2.5591 1.9687 0.0, -2.5594 1.9687 0.0, -2.5594 1.7719 0.3228, -2.5594 1.7719 0.0, -2.5591 1.7719 0.3228, -2.5591 1.7719 0.0, -2.4606 1.8703 0.0, -2.464 1.8958 0.0, -2.4738 1.9195 0.0, -2.5336 1.7752 0.0, -2.5098 1.785 0.0, -2.4895 1.8007 0.0, -2.4738 1.8211 0.0, -2.464 1.8448 0.0, -2.4895 1.9399 0.0, -2.5098 1.9555 0.0, -2.5336 1.9653 0.0, -2.4895 1.9399 0.3228, -2.4738 1.9195 0.3228, -2.5336 1.9653 0.3228, -2.5098 1.9555 0.3228, -2.464 1.8958 0.3228, -2.4606 1.8703 0.3228, -2.464 1.8448 0.3228, -2.4738 1.8211 0.3228, -2.4895 1.8007 0.3228, -2.5098 1.785 0.3228, -2.5336 1.7752 0.3228, -2.2248 2.5986 0.0039, -2.2248 2.5986 0.0, -2.5591 2.5986 0.0039, -2.5594 2.5986 0.0, -2.5591 2.5986 0.3189, -2.5594 2.5986 0.3228, -2.3823 2.5986 0.3189, -2.3823 2.5986 0.3228, -2.3823 2.2443 0.3228, -2.3823 2.2443 0.3189, -2.5591 2.2443 0.3189, -2.5594 2.2443 0.3228, -2.5591 2.2443 0.0039, -2.5594 2.2443 0.0, -2.2248 2.2443 0.0039, -2.2248 2.2443 0.0, -2.5591 2.5199 0.3228, -2.5594 2.5199 0.3228, -2.5591 2.5199 0.0, -2.5594 2.5199 0.0, -2.5594 2.323 0.3228, -2.5594 2.323 0.0, -2.5591 2.323 0.3228, -2.5591 2.323 0.0, -2.4606 2.4215 0.0, -2.464 2.4469 0.0, -2.4738 2.4707 0.0, -2.5336 2.3264 0.0, -2.5098 2.3362 0.0, -2.4895 2.3519 0.0, -2.4738 2.3722 0.0, -2.464 2.396 0.0, -2.4895 2.4911 0.0, -2.5098 2.5067 0.0, -2.5336 2.5165 0.0, -2.4895 2.4911 0.3228, -2.4738 2.4707 0.3228, -2.5336 2.5165 0.3228, -2.5098 2.5067 0.3228, -2.464 2.4469 0.3228, -2.4606 2.4215 0.3228, -2.464 2.396 0.3228, -2.4738 2.3722 0.3228, -2.4895 2.3519 0.3228, -2.5098 2.3362 0.3228, -2.5336 2.3264 0.3228, 2.2248 -1.614 0.0039, 2.2248 -1.614 0.0, 2.5591 -1.614 0.0039, 2.5594 -1.614 0.0, 2.5591 -1.614 0.3189, 2.5594 -1.614 0.3228, 2.3823 -1.614 0.3189, 2.3823 -1.614 0.3228, 2.3823 -1.2596 0.3189, 2.3823 -1.2596 0.3228, 2.5591 -1.2596 0.3189, 2.5594 -1.2596 0.3228, 2.5591 -1.2596 0.0039, 2.5594 -1.2596 0.0, 2.2248 -1.2596 0.0039, 2.2248 -1.2596 0.0, 2.5591 -1.5352 0.3228, 2.5594 -1.5352 0.3228, 2.5591 -1.5352 0.0, 2.5594 -1.5352 0.0, 2.5594 -1.3384 0.3228, 2.5594 -1.3384 0.0, 2.5591 -1.3384 0.3228, 2.5591 -1.3384 0.0, 2.464 -1.4623 0.0, 2.4738 -1.486 0.0, 2.4895 -1.5064 0.0, 2.5098 -1.522 0.0, 2.5336 -1.5319 0.0, 2.5336 -1.3417 0.0, 2.5098 -1.3516 0.0, 2.4895 -1.3672 0.0, 2.4738 -1.3876 0.0, 2.464 -1.4113 0.0, 2.4606 -1.4368 0.0, 2.5336 -1.5319 0.3228, 2.5098 -1.522 0.3228, 2.4895 -1.5064 0.3228, 2.4738 -1.486 0.3228, 2.464 -1.4623 0.3228, 2.4606 -1.4368 0.3228, 2.464 -1.4113 0.3228, 2.4738 -1.3876 0.3228, 2.4895 -1.3672 0.3228, 2.5098 -1.3516 0.3228, 2.5336 -1.3417 0.3228, 2.2248 -1.0628 0.0039, 2.2248 -1.0628 0.0, 2.5591 -1.0628 0.0039, 2.5594 -1.0628 0.0, 2.5591 -1.0628 0.3189, 2.5594 -1.0628 0.3228, 2.3823 -1.0628 0.3189, 2.3823 -1.0628 0.3228, 2.3823 -0.7085 0.3189, 2.3823 -0.7085 0.3228, 2.5591 -0.7085 0.3189, 2.5594 -0.7085 0.3228, 2.5591 -0.7085 0.0039, 2.5594 -0.7085 0.0, 2.2248 -0.7085 0.0039, 2.2248 -0.7085 0.0, 2.5591 -0.9841 0.3228, 2.5594 -0.9841 0.3228, 2.5591 -0.9841 0.0, 2.5594 -0.9841 0.0, 2.5594 -0.7872 0.3228, 2.5594 -0.7872 0.0, 2.5591 -0.7872 0.3228, 2.5591 -0.7872 0.0, 2.464 -0.9111 0.0, 2.4738 -0.9348 0.0, 2.4895 -0.816 0.0, 2.4738 -0.8364 0.0, 2.464 -0.8602 0.0, 2.4606 -0.8856 0.0, 2.4895 -0.9552 0.0, 2.5098 -0.9709 0.0, 2.5336 -0.9807 0.0, 2.5336 -0.7906 0.0, 2.5098 -0.8004 0.0, 2.4895 -0.9552 0.3228, 2.4738 -0.9348 0.3228, 2.5336 -0.9807 0.3228, 2.5098 -0.9709 0.3228, 2.464 -0.9111 0.3228, 2.4606 -0.8856 0.3228, 2.464 -0.8602 0.3228, 2.4738 -0.8364 0.3228, 2.4895 -0.816 0.3228, 2.5098 -0.8004 0.3228, 2.5336 -0.7906 0.3228, 2.3823 -0.5116 0.3189, 2.3823 -0.5116 0.3228, 2.3823 -0.1573 0.3189, 2.3823 -0.1573 0.3228, 2.2248 -0.5116 0.0039, 2.2248 -0.5116 0.0, 2.5591 -0.5116 0.0039, 2.5594 -0.5116 0.0, 2.5591 -0.5116 0.3189, 2.5594 -0.5116 0.3228, 2.5591 -0.1573 0.3189, 2.5594 -0.1573 0.3228, 2.5591 -0.1573 0.0039, 2.5594 -0.1573 0.0, 2.2248 -0.1573 0.0039, 2.2248 -0.1573 0.0, 2.5591 -0.4329 0.3228, 2.5594 -0.4329 0.3228, 2.5591 -0.4329 0.0, 2.5594 -0.4329 0.0, 2.5594 -0.236 0.3228, 2.5594 -0.236 0.0, 2.5591 -0.236 0.3228, 2.5591 -0.236 0.0, 2.464 -0.3599 0.0, 2.4738 -0.3837 0.0, 2.4895 -0.2649 0.0, 2.4738 -0.2852 0.0, 2.464 -0.309 0.0, 2.4606 -0.3344 0.0, 2.4895 -0.404 0.0, 2.5098 -0.4197 0.0, 2.5336 -0.4295 0.0, 2.5336 -0.2394 0.0, 2.5098 -0.2492 0.0, 2.4895 -0.404 0.3228, 2.4738 -0.3837 0.3228, 2.5336 -0.4295 0.3228, 2.5098 -0.4197 0.3228, 2.464 -0.3599 0.3228, 2.4606 -0.3344 0.3228, 2.464 -0.309 0.3228, 2.4738 -0.2852 0.3228, 2.4895 -0.2649 0.3228, 2.5098 -0.2492 0.3228, 2.5336 -0.2394 0.3228, 2.3823 0.0396 0.3189, 2.3823 0.0396 0.3228, 2.3823 0.3939 0.3189, 2.3823 0.3939 0.3228, 2.2248 0.0396 0.0039, 2.2248 0.0396 0.0, 2.5591 0.0396 0.0039, 2.5594 0.0396 0.0, 2.5591 0.0396 0.3189, 2.5594 0.0396 0.3228, 2.5591 0.3939 0.3189, 2.5594 0.3939 0.3228, 2.5591 0.3939 0.0039, 2.5594 0.3939 0.0, 2.2248 0.3939 0.0039, 2.2248 0.3939 0.0, 2.5591 0.1183 0.3228, 2.5594 0.1183 0.3228, 2.5591 0.1183 0.0, 2.5594 0.1183 0.0, 2.5594 0.3152 0.3228, 2.5594 0.3152 0.0, 2.5591 0.3152 0.3228, 2.5591 0.3152 0.0, 2.464 0.1913 0.0, 2.4738 0.1675 0.0, 2.4895 0.2863 0.0, 2.4738 0.2659 0.0, 2.464 0.2422 0.0, 2.4606 0.2167 0.0, 2.4895 0.1471 0.0, 2.5098 0.1315 0.0, 2.5336 0.1217 0.0, 2.5336 0.3118 0.0, 2.5098 0.302 0.0, 2.4895 0.1471 0.3228, 2.4738 0.1675 0.3228, 2.5336 0.1217 0.3228, 2.5098 0.1315 0.3228, 2.464 0.1913 0.3228, 2.4606 0.2167 0.3228, 2.464 0.2422 0.3228, 2.4738 0.2659 0.3228, 2.4895 0.2863 0.3228, 2.5098 0.302 0.3228, 2.5336 0.3118 0.3228, 2.3823 0.5907 0.3189, 2.3823 0.5907 0.3228, 2.3823 0.9451 0.3189, 2.3823 0.9451 0.3228, 2.2248 0.5907 0.0039, 2.2248 0.5907 0.0, 2.5591 0.5907 0.0039, 2.5594 0.5907 0.0, 2.5591 0.5907 0.3189, 2.5594 0.5907 0.3228, 2.5591 0.9451 0.3189, 2.5594 0.9451 0.3228, 2.5591 0.9451 0.0039, 2.5594 0.9451 0.0, 2.2248 0.9451 0.0039, 2.2248 0.9451 0.0, 2.5591 0.6695 0.3228, 2.5594 0.6695 0.3228, 2.5591 0.6695 0.0, 2.5594 0.6695 0.0, 2.5594 0.8663 0.3228, 2.5594 0.8663 0.0, 2.5591 0.8663 0.3228, 2.5591 0.8663 0.0, 2.4895 0.8375 0.0, 2.4738 0.8171 0.0, 2.464 0.7934 0.0, 2.5336 0.863 0.0, 2.5098 0.8532 0.0, 2.4606 0.7679 0.0, 2.464 0.7424 0.0, 2.4738 0.7187 0.0, 2.4895 0.6983 0.0, 2.5098 0.6827 0.0, 2.5336 0.6728 0.0, 2.4895 0.6983 0.3228, 2.4738 0.7187 0.3228, 2.464 0.7424 0.3228, 2.4606 0.7679 0.3228, 2.464 0.7934 0.3228, 2.4738 0.8171 0.3228, 2.5336 0.6728 0.3228, 2.5098 0.6827 0.3228, 2.4895 0.8375 0.3228, 2.5098 0.8532 0.3228, 2.5336 0.863 0.3228, 2.3823 1.1419 0.3189, 2.3823 1.1419 0.3228, 2.3823 1.4963 0.3189, 2.3823 1.4963 0.3228, 2.2248 1.1419 0.0039, 2.2248 1.1419 0.0, 2.5591 1.1419 0.0039, 2.5594 1.1419 0.0, 2.5591 1.1419 0.3189, 2.5594 1.1419 0.3228, 2.5591 1.4963 0.3189, 2.5594 1.4963 0.3228, 2.5591 1.4963 0.0039, 2.5594 1.4963 0.0, 2.2248 1.4963 0.0039, 2.2248 1.4963 0.0, 2.5591 1.2207 0.3228, 2.5594 1.2207 0.3228, 2.5591 1.2207 0.0, 2.5594 1.2207 0.0, 2.5594 1.4175 0.3228, 2.5594 1.4175 0.0, 2.5591 1.4175 0.3228, 2.5591 1.4175 0.0, 2.4895 1.3887 0.0, 2.4738 1.3683 0.0, 2.464 1.3446 0.0, 2.5336 1.4142 0.0, 2.5098 1.4043 0.0, 2.4606 1.3191 0.0, 2.464 1.2936 0.0, 2.4738 1.2699 0.0, 2.4895 1.2495 0.0, 2.5098 1.2339 0.0, 2.5336 1.224 0.0, 2.4895 1.2495 0.3228, 2.4738 1.2699 0.3228, 2.464 1.2936 0.3228, 2.4606 1.3191 0.3228, 2.464 1.3446 0.3228, 2.4738 1.3683 0.3228, 2.4895 1.3887 0.3228, 2.5098 1.4043 0.3228, 2.5336 1.4142 0.3228, 2.5336 1.224 0.3228, 2.5098 1.2339 0.3228, 2.3823 1.6931 0.3189, 2.3823 1.6931 0.3228, 2.3823 2.0474 0.3189, 2.3823 2.0474 0.3228, 2.2248 1.6931 0.0039, 2.2248 1.6931 0.0, 2.5591 1.6931 0.0039, 2.5594 1.6931 0.0, 2.5591 1.6931 0.3189, 2.5594 1.6931 0.3228, 2.5591 2.0474 0.3189, 2.5594 2.0474 0.3228, 2.5591 2.0474 0.0039, 2.5594 2.0474 0.0, 2.2248 2.0474 0.0039, 2.2248 2.0474 0.0, 2.5591 1.7719 0.3228, 2.5594 1.7719 0.3228, 2.5591 1.7719 0.0, 2.5594 1.7719 0.0, 2.5594 1.9687 0.3228, 2.5594 1.9687 0.0, 2.5591 1.9687 0.3228, 2.5591 1.9687 0.0, 2.4895 1.9399 0.0, 2.4738 1.9195 0.0, 2.464 1.8958 0.0, 2.5336 1.9653 0.0, 2.5098 1.9555 0.0, 2.4606 1.8703 0.0, 2.464 1.8448 0.0, 2.4738 1.8211 0.0, 2.4895 1.8007 0.0, 2.5098 1.785 0.0, 2.5336 1.7752 0.0, 2.4895 1.8007 0.3228, 2.4738 1.8211 0.3228, 2.5336 1.7752 0.3228, 2.5098 1.785 0.3228, 2.464 1.8448 0.3228, 2.4606 1.8703 0.3228, 2.464 1.8958 0.3228, 2.4738 1.9195 0.3228, 2.4895 1.9399 0.3228, 2.5098 1.9555 0.3228, 2.5336 1.9653 0.3228, 2.3823 2.2443 0.3189, 2.3823 2.2443 0.3228, 2.3823 2.5986 0.3189, 2.3823 2.5986 0.3228, 2.2248 2.2443 0.0039, 2.2248 2.2443 0.0, 2.5591 2.2443 0.0039, 2.5594 2.2443 0.0, 2.5591 2.2443 0.3189, 2.5594 2.2443 0.3228, 2.5591 2.5986 0.3189, 2.5594 2.5986 0.3228, 2.5591 2.5986 0.0039, 2.5594 2.5986 0.0, 2.2248 2.5986 0.0039, 2.2248 2.5986 0.0, 2.5591 2.323 0.3228, 2.5594 2.323 0.3228, 2.5591 2.323 0.0, 2.5594 2.323 0.0, 2.5594 2.5199 0.3228, 2.5594 2.5199 0.0, 2.5591 2.5199 0.3228, 2.5591 2.5199 0.0, 2.4895 2.4911 0.0, 2.4738 2.4707 0.0, 2.464 2.4469 0.0, 2.4606 2.4215 0.0, 2.464 2.396 0.0, 2.4738 2.3722 0.0, 2.5336 2.5165 0.0, 2.5098 2.5067 0.0, 2.4895 2.3519 0.0, 2.5098 2.3362 0.0, 2.5336 2.3264 0.0, 2.4895 2.3519 0.3228, 2.4738 2.3722 0.3228, 2.5336 2.3264 0.3228, 2.5098 2.3362 0.3228, 2.464 2.396 0.3228, 2.4606 2.4215 0.3228, 2.464 2.4469 0.3228, 2.4738 2.4707 0.3228, 2.4895 2.4911 0.3228, 2.5098 2.5067 0.3228, 2.5336 2.5165 0.3228, -2.1063 -2.2443 0.3228, -1.752 -2.2443 0.3228, -2.1063 -2.2443 0.3189, -1.752 -2.2443 0.3189, -1.752 -2.4211 0.3189, -1.752 -2.4215 0.3228, -1.752 -2.4211 0.0039, -1.752 -2.4215 0.0, -1.752 -2.0868 0.0039, -1.752 -2.0868 0.0, -1.8311 -2.4215 0.3228, -1.8311 -2.4215 0.0, -1.8311 -2.4211 0.3228, -1.8311 -2.4211 0.0, -1.8344 -2.3957 0.0, -1.8344 -2.3957 0.3228, -1.8442 -2.372 0.0, -1.8442 -2.372 0.3228, -1.8598 -2.3517 0.0, -1.8598 -2.3517 0.3228, -1.8801 -2.3362 0.0, -1.8801 -2.3362 0.3228, -1.9038 -2.3264 0.0, -1.9038 -2.3264 0.3228, -1.9291 -2.323 0.0, -1.9291 -2.323 0.3228, -1.9545 -2.3264 0.0, -1.9545 -2.3264 0.3228, -1.9781 -2.3362 0.0, -1.9781 -2.3362 0.3228, -1.9985 -2.3517 0.0, -1.9985 -2.3517 0.3228, -2.014 -2.372 0.0, -2.014 -2.372 0.3228, -2.0238 -2.3957 0.0, -2.0238 -2.3957 0.3228, -2.0272 -2.4211 0.0, -2.0272 -2.4211 0.3228, -2.0272 -2.4215 0.3228, -2.0272 -2.4215 0.0, -2.1063 -2.4215 0.3228, -2.1063 -2.4215 0.0, -2.1063 -2.0868 0.0039, -2.1063 -2.0868 0.0, -2.1063 -2.4211 0.0039, -2.1063 -2.4211 0.3189, -1.5551 -2.2443 0.3228, -1.2008 -2.2443 0.3228, -1.5551 -2.2443 0.3189, -1.2008 -2.2443 0.3189, -1.2008 -2.4211 0.3189, -1.2008 -2.4215 0.3228, -1.2008 -2.4211 0.0039, -1.2008 -2.4215 0.0, -1.2008 -2.0868 0.0039, -1.2008 -2.0868 0.0, -1.2799 -2.4215 0.3228, -1.2799 -2.4215 0.0, -1.2799 -2.4211 0.3228, -1.2799 -2.4211 0.0, -1.2833 -2.3957 0.0, -1.2833 -2.3957 0.3228, -1.2931 -2.372 0.0, -1.2931 -2.372 0.3228, -1.3086 -2.3517 0.0, -1.3086 -2.3517 0.3228, -1.3289 -2.3362 0.0, -1.3289 -2.3362 0.3228, -1.3526 -2.3264 0.0, -1.3526 -2.3264 0.3228, -1.378 -2.323 0.0, -1.378 -2.323 0.3228, -1.4033 -2.3264 0.0, -1.4033 -2.3264 0.3228, -1.427 -2.3362 0.0, -1.427 -2.3362 0.3228, -1.4473 -2.3517 0.0, -1.4473 -2.3517 0.3228, -1.4629 -2.372 0.0, -1.4629 -2.372 0.3228, -1.4726 -2.3957 0.0, -1.4726 -2.3957 0.3228, -1.476 -2.4211 0.0, -1.476 -2.4211 0.3228, -1.476 -2.4215 0.3228, -1.476 -2.4215 0.0, -1.5551 -2.4215 0.3228, -1.5551 -2.4215 0.0, -1.5551 -2.0868 0.0039, -1.5551 -2.0868 0.0, -1.5551 -2.4211 0.0039, -1.5551 -2.4211 0.3189, -1.0039 -2.2443 0.3228, -0.6496 -2.2443 0.3228, -1.0039 -2.2443 0.3189, -0.6496 -2.2443 0.3189, -0.6496 -2.4211 0.3189, -0.6496 -2.4215 0.3228, -0.6496 -2.4211 0.0039, -0.6496 -2.4215 0.0, -0.6496 -2.0868 0.0039, -0.6496 -2.0868 0.0, -0.7287 -2.4215 0.3228, -0.7287 -2.4215 0.0, -0.7287 -2.4211 0.3228, -0.7287 -2.4211 0.0, -0.7321 -2.3957 0.0, -0.7321 -2.3957 0.3228, -0.7419 -2.372 0.0, -0.7419 -2.372 0.3228, -0.7575 -2.3517 0.0, -0.7575 -2.3517 0.3228, -0.7778 -2.3362 0.0, -0.7778 -2.3362 0.3228, -0.8014 -2.3264 0.0, -0.8014 -2.3264 0.3228, -0.8268 -2.323 0.0, -0.8268 -2.323 0.3228, -0.8521 -2.3264 0.0, -0.8521 -2.3264 0.3228, -0.8758 -2.3362 0.0, -0.8758 -2.3362 0.3228, -0.8961 -2.3517 0.0, -0.8961 -2.3517 0.3228, -0.9117 -2.372 0.0, -0.9117 -2.372 0.3228, -0.9215 -2.3957 0.0, -0.9215 -2.3957 0.3228, -0.9248 -2.4211 0.0, -0.9248 -2.4211 0.3228, -0.9248 -2.4215 0.3228, -0.9248 -2.4215 0.0, -1.0039 -2.4215 0.3228, -1.0039 -2.4215 0.0, -1.0039 -2.0868 0.0039, -1.0039 -2.0868 0.0, -1.0039 -2.4211 0.0039, -1.0039 -2.4211 0.3189, -0.4528 -2.2443 0.3228, -0.0984 -2.2443 0.3228, -0.4528 -2.2443 0.3189, -0.0984 -2.2443 0.3189, -0.0984 -2.4211 0.3189, -0.0984 -2.4215 0.3228, -0.0984 -2.4211 0.0039, -0.0984 -2.4215 0.0, -0.0984 -2.0868 0.0039, -0.0984 -2.0868 0.0, -0.1776 -2.4215 0.3228, -0.1776 -2.4215 0.0, -0.1776 -2.4211 0.3228, -0.1776 -2.4211 0.0, -0.1809 -2.3957 0.0, -0.1809 -2.3957 0.3228, -0.1907 -2.372 0.0, -0.1907 -2.372 0.3228, -0.2063 -2.3517 0.0, -0.2063 -2.3517 0.3228, -0.2266 -2.3362 0.0, -0.2266 -2.3362 0.3228, -0.2502 -2.3264 0.0, -0.2502 -2.3264 0.3228, -0.2756 -2.323 0.0, -0.2756 -2.323 0.3228, -0.301 -2.3264 0.0, -0.301 -2.3264 0.3228, -0.3246 -2.3362 0.0, -0.3246 -2.3362 0.3228, -0.3449 -2.3517 0.0, -0.3449 -2.3517 0.3228, -0.3605 -2.372 0.0, -0.3605 -2.372 0.3228, -0.3703 -2.3957 0.0, -0.3703 -2.3957 0.3228, -0.3736 -2.4211 0.0, -0.3736 -2.4211 0.3228, -0.3736 -2.4215 0.3228, -0.3736 -2.4215 0.0, -0.4528 -2.4215 0.3228, -0.4528 -2.4215 0.0, -0.4528 -2.0868 0.0039, -0.4528 -2.0868 0.0, -0.4528 -2.4211 0.0039, -0.4528 -2.4211 0.3189, 0.0984 -2.2443 0.3228, 0.4528 -2.2443 0.3228, 0.0984 -2.2443 0.3189, 0.4528 -2.2443 0.3189, 0.4528 -2.4211 0.3189, 0.4528 -2.4215 0.3228, 0.4528 -2.4211 0.0039, 0.4528 -2.4215 0.0, 0.4528 -2.0868 0.0039, 0.4528 -2.0868 0.0, 0.3736 -2.4215 0.3228, 0.3736 -2.4215 0.0, 0.3736 -2.4211 0.3228, 0.3736 -2.4211 0.0, 0.3703 -2.3957 0.0, 0.3703 -2.3957 0.3228, 0.3605 -2.372 0.0, 0.3605 -2.372 0.3228, 0.3449 -2.3517 0.0, 0.3449 -2.3517 0.3228, 0.3246 -2.3362 0.0, 0.3246 -2.3362 0.3228, 0.301 -2.3264 0.0, 0.301 -2.3264 0.3228, 0.2756 -2.323 0.0, 0.2756 -2.323 0.3228, 0.2502 -2.3264 0.0, 0.2502 -2.3264 0.3228, 0.2266 -2.3362 0.0, 0.2266 -2.3362 0.3228, 0.2063 -2.3517 0.0, 0.2063 -2.3517 0.3228, 0.1907 -2.372 0.0, 0.1907 -2.372 0.3228, 0.1809 -2.3957 0.0, 0.1809 -2.3957 0.3228, 0.1776 -2.4211 0.0, 0.1776 -2.4211 0.3228, 0.1776 -2.4215 0.3228, 0.1776 -2.4215 0.0, 0.0984 -2.4215 0.3228, 0.0984 -2.4215 0.0, 0.0984 -2.0868 0.0039, 0.0984 -2.0868 0.0, 0.0984 -2.4211 0.0039, 0.0984 -2.4211 0.3189, 0.6496 -2.2443 0.3228, 1.0039 -2.2443 0.3228, 0.6496 -2.2443 0.3189, 1.0039 -2.2443 0.3189, 1.0039 -2.4211 0.3189, 1.0039 -2.4215 0.3228, 1.0039 -2.4211 0.0039, 1.0039 -2.4215 0.0, 1.0039 -2.0868 0.0039, 1.0039 -2.0868 0.0, 0.9248 -2.4215 0.3228, 0.9248 -2.4215 0.0, 0.9248 -2.4211 0.3228, 0.9248 -2.4211 0.0, 0.9215 -2.3957 0.0, 0.9215 -2.3957 0.3228, 0.9117 -2.372 0.0, 0.9117 -2.372 0.3228, 0.8961 -2.3517 0.0, 0.8961 -2.3517 0.3228, 0.8758 -2.3362 0.0, 0.8758 -2.3362 0.3228, 0.8521 -2.3264 0.0, 0.8521 -2.3264 0.3228, 0.8268 -2.323 0.0, 0.8268 -2.323 0.3228, 0.8014 -2.3264 0.0, 0.8014 -2.3264 0.3228, 0.7778 -2.3362 0.0, 0.7778 -2.3362 0.3228, 0.7575 -2.3517 0.0, 0.7575 -2.3517 0.3228, 0.7419 -2.372 0.0, 0.7419 -2.372 0.3228, 0.7321 -2.3957 0.0, 0.7321 -2.3957 0.3228, 0.7287 -2.4211 0.0, 0.7287 -2.4211 0.3228, 0.7287 -2.4215 0.3228, 0.7287 -2.4215 0.0, 0.6496 -2.4215 0.3228, 0.6496 -2.4215 0.0, 0.6496 -2.0868 0.0039, 0.6496 -2.0868 0.0, 0.6496 -2.4211 0.0039, 0.6496 -2.4211 0.3189, 1.2008 -2.2443 0.3228, 1.5551 -2.2443 0.3228, 1.2008 -2.2443 0.3189, 1.5551 -2.2443 0.3189, 1.5551 -2.4211 0.3189, 1.5551 -2.4215 0.3228, 1.5551 -2.4211 0.0039, 1.5551 -2.4215 0.0, 1.5551 -2.0868 0.0039, 1.5551 -2.0868 0.0, 1.476 -2.4215 0.3228, 1.476 -2.4215 0.0, 1.476 -2.4211 0.3228, 1.476 -2.4211 0.0, 1.4726 -2.3957 0.0, 1.4726 -2.3957 0.3228, 1.4629 -2.372 0.0, 1.4629 -2.372 0.3228, 1.4473 -2.3517 0.0, 1.4473 -2.3517 0.3228, 1.427 -2.3362 0.0, 1.427 -2.3362 0.3228, 1.4033 -2.3264 0.0, 1.4033 -2.3264 0.3228, 1.378 -2.323 0.0, 1.378 -2.323 0.3228, 1.3526 -2.3264 0.0, 1.3526 -2.3264 0.3228, 1.3289 -2.3362 0.0, 1.3289 -2.3362 0.3228, 1.3086 -2.3517 0.0, 1.3086 -2.3517 0.3228, 1.2931 -2.372 0.0, 1.2931 -2.372 0.3228, 1.2833 -2.3957 0.0, 1.2833 -2.3957 0.3228, 1.2799 -2.4211 0.0, 1.2799 -2.4211 0.3228, 1.2799 -2.4215 0.3228, 1.2799 -2.4215 0.0, 1.2008 -2.4215 0.3228, 1.2008 -2.4215 0.0, 1.2008 -2.0868 0.0039, 1.2008 -2.0868 0.0, 1.2008 -2.4211 0.0039, 1.2008 -2.4211 0.3189, 1.752 -2.2443 0.3228, 2.1063 -2.2443 0.3228, 1.752 -2.2443 0.3189, 2.1063 -2.2443 0.3189, 2.1063 -2.4211 0.3189, 2.1063 -2.4215 0.3228, 2.1063 -2.4211 0.0039, 2.1063 -2.4215 0.0, 2.1063 -2.0868 0.0039, 2.1063 -2.0868 0.0, 2.0272 -2.4215 0.3228, 2.0272 -2.4215 0.0, 2.0272 -2.4211 0.3228, 2.0272 -2.4211 0.0, 2.0238 -2.3957 0.0, 2.0238 -2.3957 0.3228, 2.014 -2.372 0.0, 2.014 -2.372 0.3228, 1.9985 -2.3517 0.0, 1.9985 -2.3517 0.3228, 1.9781 -2.3362 0.0, 1.9781 -2.3362 0.3228, 1.9545 -2.3264 0.0, 1.9545 -2.3264 0.3228, 1.9291 -2.323 0.0, 1.9291 -2.323 0.3228, 1.9038 -2.3264 0.0, 1.9038 -2.3264 0.3228, 1.8801 -2.3362 0.0, 1.8801 -2.3362 0.3228, 1.8598 -2.3517 0.0, 1.8598 -2.3517 0.3228, 1.8442 -2.372 0.0, 1.8442 -2.372 0.3228, 1.8344 -2.3957 0.0, 1.8344 -2.3957 0.3228, 1.8311 -2.4211 0.0, 1.8311 -2.4211 0.3228, 1.8311 -2.4215 0.3228, 1.8311 -2.4215 0.0, 1.752 -2.4215 0.3228, 1.752 -2.4215 0.0, 1.752 -2.0868 0.0039, 1.752 -2.0868 0.0, 1.752 -2.4211 0.0039, 1.752 -2.4211 0.3189
            ]
        }
        coordIndex [
            0,1,2,-1,2,1,3,-1,2,3,4,-1,4,3,5,-1,4,5,6,-1,6,5,7,-1,7,8,6,-1,6,8,9,-1,9,8,10,-1,10,8,11,-1,10,11,12,-1,12,11,13,-1,12,13,14,-1,14,13,15,-1,16,17,18,-1,18,17,19,-1,5,3,17,-1,17,3,19,-1,20,21,11,-1,11,21,13,-1,22,23,20,-1,20,23,21,-1,18,19,3,-1,15,24,25,-1,25,26,15,-1,15,26,27,-1,15,27,1,-1,1,27,28,-1,1,28,29,-1,21,23,13,-1,13,23,30,-1,13,30,15,-1,15,30,31,-1,15,31,24,-1,29,32,1,-1,1,32,33,-1,1,33,3,-1,3,33,34,-1,3,34,18,-1,22,20,11,-1,7,35,36,-1,36,37,7,-1,7,37,38,-1,7,38,8,-1,8,38,39,-1,8,39,40,-1,17,16,5,-1,5,16,41,-1,5,41,7,-1,7,41,42,-1,7,42,35,-1,40,43,8,-1,8,43,44,-1,8,44,11,-1,11,44,45,-1,11,45,22,-1,23,22,30,-1,30,22,45,-1,30,45,31,-1,31,45,44,-1,31,44,24,-1,24,44,43,-1,24,43,25,-1,25,43,40,-1,25,40,26,-1,26,40,39,-1,26,39,27,-1,27,39,38,-1,27,38,28,-1,28,38,37,-1,28,37,29,-1,29,37,36,-1,29,36,32,-1,32,36,35,-1,32,35,33,-1,33,35,42,-1,33,42,34,-1,34,42,41,-1,34,41,18,-1,18,41,16,-1,0,14,1,-1,1,14,15,-1,46,47,48,-1,48,47,49,-1,48,49,50,-1,50,49,51,-1,50,51,52,-1,52,51,53,-1,53,54,52,-1,52,54,55,-1,55,54,56,-1,56,54,57,-1,56,57,58,-1,58,57,59,-1,58,59,60,-1,60,59,61,-1,62,63,64,-1,64,63,65,-1,51,49,63,-1,63,49,65,-1,66,67,57,-1,57,67,59,-1,68,69,66,-1,66,69,67,-1,64,65,49,-1,61,70,71,-1,67,69,59,-1,59,69,72,-1,59,72,61,-1,61,72,73,-1,61,73,70,-1,74,75,47,-1,47,75,76,-1,47,76,49,-1,49,76,77,-1,49,77,64,-1,71,78,61,-1,61,78,79,-1,61,79,47,-1,47,79,80,-1,47,80,74,-1,68,66,57,-1,53,81,82,-1,63,62,51,-1,51,62,83,-1,51,83,53,-1,53,83,84,-1,53,84,81,-1,85,86,54,-1,54,86,87,-1,54,87,57,-1,57,87,88,-1,57,88,68,-1,82,89,53,-1,53,89,90,-1,53,90,54,-1,54,90,91,-1,54,91,85,-1,69,68,72,-1,72,68,88,-1,72,88,73,-1,73,88,87,-1,73,87,70,-1,70,87,86,-1,70,86,71,-1,71,86,85,-1,71,85,78,-1,78,85,91,-1,78,91,79,-1,79,91,90,-1,79,90,80,-1,80,90,89,-1,80,89,74,-1,74,89,82,-1,74,82,75,-1,75,82,81,-1,75,81,76,-1,76,81,84,-1,76,84,77,-1,77,84,83,-1,77,83,64,-1,64,83,62,-1,92,93,94,-1,94,93,95,-1,94,95,96,-1,96,95,97,-1,96,97,98,-1,98,97,99,-1,99,100,98,-1,98,100,101,-1,101,100,102,-1,102,100,103,-1,102,103,104,-1,104,103,105,-1,104,105,106,-1,106,105,107,-1,108,109,110,-1,110,109,111,-1,97,95,109,-1,109,95,111,-1,112,113,103,-1,103,113,105,-1,114,115,112,-1,112,115,113,-1,110,111,95,-1,107,116,117,-1,113,115,105,-1,105,115,118,-1,105,118,107,-1,107,118,119,-1,107,119,116,-1,120,121,93,-1,93,121,122,-1,93,122,95,-1,95,122,123,-1,95,123,110,-1,117,124,107,-1,107,124,125,-1,107,125,93,-1,93,125,126,-1,93,126,120,-1,114,112,103,-1,99,127,128,-1,109,108,97,-1,97,108,129,-1,97,129,99,-1,99,129,130,-1,99,130,127,-1,131,132,100,-1,100,132,133,-1,100,133,103,-1,103,133,134,-1,103,134,114,-1,128,135,99,-1,99,135,136,-1,99,136,100,-1,100,136,137,-1,100,137,131,-1,115,114,118,-1,118,114,134,-1,118,134,119,-1,119,134,133,-1,119,133,116,-1,116,133,132,-1,116,132,117,-1,117,132,131,-1,117,131,124,-1,124,131,137,-1,124,137,125,-1,125,137,136,-1,125,136,126,-1,126,136,135,-1,126,135,120,-1,120,135,128,-1,120,128,121,-1,121,128,127,-1,121,127,122,-1,122,127,130,-1,122,130,123,-1,123,130,129,-1,123,129,110,-1,110,129,108,-1,138,139,140,-1,140,139,141,-1,140,141,142,-1,142,141,143,-1,142,143,144,-1,144,143,145,-1,145,146,144,-1,144,146,147,-1,147,146,148,-1,148,146,149,-1,148,149,150,-1,150,149,151,-1,150,151,152,-1,152,151,153,-1,154,155,156,-1,156,155,157,-1,143,141,155,-1,155,141,157,-1,158,159,149,-1,149,159,151,-1,160,161,158,-1,158,161,159,-1,156,157,141,-1,153,162,163,-1,159,161,151,-1,151,161,164,-1,151,164,153,-1,153,164,165,-1,153,165,162,-1,163,166,153,-1,153,166,167,-1,153,167,139,-1,139,167,168,-1,139,168,169,-1,169,170,139,-1,139,170,171,-1,139,171,141,-1,141,171,172,-1,141,172,156,-1,160,158,149,-1,145,173,174,-1,155,154,143,-1,143,154,175,-1,143,175,145,-1,145,175,176,-1,145,176,173,-1,177,178,146,-1,146,178,179,-1,146,179,149,-1,149,179,180,-1,149,180,160,-1,174,181,145,-1,145,181,182,-1,145,182,146,-1,146,182,183,-1,146,183,177,-1,161,160,164,-1,164,160,180,-1,164,180,165,-1,165,180,179,-1,165,179,162,-1,162,179,178,-1,162,178,163,-1,163,178,177,-1,163,177,166,-1,166,177,183,-1,166,183,167,-1,167,183,182,-1,167,182,168,-1,168,182,181,-1,168,181,169,-1,169,181,174,-1,169,174,170,-1,170,174,173,-1,170,173,171,-1,171,173,176,-1,171,176,172,-1,172,176,175,-1,172,175,156,-1,156,175,154,-1,184,185,186,-1,186,185,187,-1,186,187,188,-1,188,187,189,-1,188,189,190,-1,190,189,191,-1,191,192,190,-1,190,192,193,-1,193,192,194,-1,194,192,195,-1,194,195,196,-1,196,195,197,-1,196,197,198,-1,198,197,199,-1,200,201,202,-1,202,201,203,-1,189,187,201,-1,201,187,203,-1,204,205,195,-1,195,205,197,-1,206,207,204,-1,204,207,205,-1,202,203,187,-1,205,207,197,-1,197,207,208,-1,197,208,199,-1,208,209,199,-1,199,209,210,-1,199,210,211,-1,211,212,199,-1,199,212,213,-1,199,213,185,-1,185,213,214,-1,185,214,215,-1,215,216,185,-1,185,216,217,-1,185,217,187,-1,187,217,218,-1,187,218,202,-1,206,204,195,-1,191,219,220,-1,201,200,189,-1,189,200,221,-1,189,221,191,-1,191,221,222,-1,191,222,219,-1,223,224,192,-1,192,224,225,-1,192,225,195,-1,195,225,226,-1,195,226,206,-1,220,227,191,-1,191,227,228,-1,191,228,192,-1,192,228,229,-1,192,229,223,-1,207,206,208,-1,208,206,226,-1,208,226,209,-1,209,226,225,-1,209,225,210,-1,210,225,224,-1,210,224,211,-1,211,224,223,-1,211,223,212,-1,212,223,229,-1,212,229,213,-1,213,229,228,-1,213,228,214,-1,214,228,227,-1,214,227,215,-1,215,227,220,-1,215,220,216,-1,216,220,219,-1,216,219,217,-1,217,219,222,-1,217,222,218,-1,218,222,221,-1,218,221,202,-1,202,221,200,-1,230,231,232,-1,232,231,233,-1,232,233,234,-1,234,233,235,-1,234,235,236,-1,236,235,237,-1,237,238,236,-1,236,238,239,-1,239,238,240,-1,240,238,241,-1,240,241,242,-1,242,241,243,-1,242,243,244,-1,244,243,245,-1,246,247,248,-1,248,247,249,-1,235,233,247,-1,247,233,249,-1,250,251,241,-1,241,251,243,-1,252,253,250,-1,250,253,251,-1,248,249,233,-1,251,253,243,-1,243,253,254,-1,243,254,245,-1,254,255,245,-1,245,255,256,-1,245,256,257,-1,257,258,245,-1,245,258,259,-1,245,259,231,-1,231,259,260,-1,231,260,261,-1,261,262,231,-1,231,262,263,-1,231,263,233,-1,233,263,264,-1,233,264,248,-1,252,250,241,-1,237,265,266,-1,247,246,235,-1,235,246,267,-1,235,267,237,-1,237,267,268,-1,237,268,265,-1,269,270,238,-1,238,270,271,-1,238,271,241,-1,241,271,272,-1,241,272,252,-1,266,273,237,-1,237,273,274,-1,237,274,238,-1,238,274,275,-1,238,275,269,-1,253,252,254,-1,254,252,272,-1,254,272,255,-1,255,272,271,-1,255,271,256,-1,256,271,270,-1,256,270,257,-1,257,270,269,-1,257,269,258,-1,258,269,275,-1,258,275,259,-1,259,275,274,-1,259,274,260,-1,260,274,273,-1,260,273,261,-1,261,273,266,-1,261,266,262,-1,262,266,265,-1,262,265,263,-1,263,265,268,-1,263,268,264,-1,264,268,267,-1,264,267,248,-1,248,267,246,-1,276,277,278,-1,278,277,279,-1,278,279,280,-1,280,279,281,-1,280,281,282,-1,282,281,283,-1,283,284,282,-1,282,284,285,-1,285,284,286,-1,286,284,287,-1,286,287,288,-1,288,287,289,-1,288,289,290,-1,290,289,291,-1,292,293,294,-1,294,293,295,-1,281,279,293,-1,293,279,295,-1,296,297,287,-1,287,297,289,-1,298,299,296,-1,296,299,297,-1,294,295,279,-1,291,300,277,-1,277,300,301,-1,277,301,302,-1,297,299,289,-1,289,299,303,-1,289,303,291,-1,291,303,304,-1,291,304,305,-1,305,306,291,-1,291,306,307,-1,291,307,300,-1,302,308,277,-1,277,308,309,-1,277,309,279,-1,279,309,310,-1,279,310,294,-1,298,296,287,-1,283,311,312,-1,293,292,281,-1,281,292,313,-1,281,313,283,-1,283,313,314,-1,283,314,311,-1,312,315,283,-1,283,315,316,-1,283,316,284,-1,284,316,317,-1,284,317,318,-1,318,319,284,-1,284,319,320,-1,284,320,287,-1,287,320,321,-1,287,321,298,-1,299,298,303,-1,303,298,321,-1,303,321,304,-1,304,321,320,-1,304,320,305,-1,305,320,319,-1,305,319,306,-1,306,319,318,-1,306,318,307,-1,307,318,317,-1,307,317,300,-1,300,317,316,-1,300,316,301,-1,301,316,315,-1,301,315,302,-1,302,315,312,-1,302,312,308,-1,308,312,311,-1,308,311,309,-1,309,311,314,-1,309,314,310,-1,310,314,313,-1,310,313,294,-1,294,313,292,-1,322,323,324,-1,324,323,325,-1,324,325,326,-1,326,325,327,-1,326,327,328,-1,328,327,329,-1,329,330,328,-1,328,330,331,-1,331,330,332,-1,332,330,333,-1,332,333,334,-1,334,333,335,-1,334,335,336,-1,336,335,337,-1,338,339,340,-1,340,339,341,-1,327,325,339,-1,339,325,341,-1,342,343,333,-1,333,343,335,-1,344,345,342,-1,342,345,343,-1,340,341,325,-1,337,346,323,-1,323,346,347,-1,323,347,348,-1,343,345,335,-1,335,345,349,-1,335,349,337,-1,337,349,350,-1,337,350,351,-1,351,352,337,-1,337,352,353,-1,337,353,346,-1,348,354,323,-1,323,354,355,-1,323,355,325,-1,325,355,356,-1,325,356,340,-1,344,342,333,-1,329,357,358,-1,339,338,327,-1,327,338,359,-1,327,359,329,-1,329,359,360,-1,329,360,357,-1,358,361,329,-1,329,361,362,-1,329,362,330,-1,330,362,363,-1,330,363,364,-1,364,365,330,-1,330,365,366,-1,330,366,333,-1,333,366,367,-1,333,367,344,-1,345,344,349,-1,349,344,367,-1,349,367,350,-1,350,367,366,-1,350,366,351,-1,351,366,365,-1,351,365,352,-1,352,365,364,-1,352,364,353,-1,353,364,363,-1,353,363,346,-1,346,363,362,-1,346,362,347,-1,347,362,361,-1,347,361,348,-1,348,361,358,-1,348,358,354,-1,354,358,357,-1,354,357,355,-1,355,357,360,-1,355,360,356,-1,356,360,359,-1,356,359,340,-1,340,359,338,-1,46,60,47,-1,47,60,61,-1,92,106,93,-1,93,106,107,-1,138,152,139,-1,139,152,153,-1,184,198,185,-1,185,198,199,-1,230,244,231,-1,231,244,245,-1,276,290,277,-1,277,290,291,-1,322,336,323,-1,323,336,337,-1,368,369,370,-1,370,369,371,-1,370,371,372,-1,372,371,373,-1,372,373,374,-1,374,373,375,-1,374,375,376,-1,376,375,377,-1,376,377,378,-1,378,377,379,-1,378,379,380,-1,380,379,381,-1,380,381,382,-1,382,381,383,-1,384,385,386,-1,386,385,387,-1,373,371,385,-1,385,371,387,-1,388,389,379,-1,379,389,381,-1,390,391,388,-1,388,391,389,-1,386,387,371,-1,369,392,393,-1,393,394,369,-1,369,394,395,-1,369,395,371,-1,371,395,396,-1,371,396,386,-1,389,391,381,-1,381,391,397,-1,381,397,383,-1,383,397,398,-1,383,398,399,-1,399,400,383,-1,383,400,401,-1,383,401,369,-1,369,401,402,-1,369,402,392,-1,390,388,379,-1,385,384,373,-1,373,384,403,-1,373,403,375,-1,403,404,375,-1,375,404,405,-1,375,405,406,-1,406,407,375,-1,375,407,408,-1,375,408,377,-1,377,408,409,-1,377,409,410,-1,410,411,377,-1,377,411,412,-1,377,412,379,-1,379,412,413,-1,379,413,390,-1,391,390,397,-1,397,390,413,-1,397,413,398,-1,398,413,412,-1,398,412,399,-1,399,412,411,-1,399,411,400,-1,400,411,410,-1,400,410,401,-1,401,410,409,-1,401,409,402,-1,402,409,408,-1,402,408,392,-1,392,408,407,-1,392,407,393,-1,393,407,406,-1,393,406,394,-1,394,406,405,-1,394,405,395,-1,395,405,404,-1,395,404,396,-1,396,404,403,-1,396,403,386,-1,386,403,384,-1,414,415,416,-1,416,415,417,-1,416,417,418,-1,418,417,419,-1,418,419,420,-1,420,419,421,-1,420,421,422,-1,422,421,423,-1,422,423,424,-1,424,423,425,-1,424,425,426,-1,426,425,427,-1,426,427,428,-1,428,427,429,-1,430,431,432,-1,432,431,433,-1,419,417,431,-1,431,417,433,-1,434,435,425,-1,425,435,427,-1,436,437,434,-1,434,437,435,-1,432,433,417,-1,415,438,439,-1,440,441,429,-1,429,441,442,-1,429,442,415,-1,415,442,443,-1,415,443,438,-1,439,444,415,-1,415,444,445,-1,415,445,417,-1,417,445,446,-1,417,446,432,-1,435,437,427,-1,427,437,447,-1,427,447,429,-1,429,447,448,-1,429,448,440,-1,436,434,425,-1,449,450,421,-1,431,430,419,-1,419,430,451,-1,419,451,421,-1,421,451,452,-1,421,452,449,-1,450,453,421,-1,421,453,454,-1,421,454,423,-1,423,454,455,-1,423,455,456,-1,456,457,423,-1,423,457,458,-1,423,458,425,-1,425,458,459,-1,425,459,436,-1,437,436,447,-1,447,436,459,-1,447,459,448,-1,448,459,458,-1,448,458,440,-1,440,458,457,-1,440,457,441,-1,441,457,456,-1,441,456,442,-1,442,456,455,-1,442,455,443,-1,443,455,454,-1,443,454,438,-1,438,454,453,-1,438,453,439,-1,439,453,450,-1,439,450,444,-1,444,450,449,-1,444,449,445,-1,445,449,452,-1,445,452,446,-1,446,452,451,-1,446,451,432,-1,432,451,430,-1,460,461,462,-1,462,461,463,-1,464,465,466,-1,466,465,467,-1,466,467,468,-1,468,467,469,-1,468,469,460,-1,460,469,461,-1,462,463,470,-1,470,463,471,-1,470,471,472,-1,472,471,473,-1,472,473,474,-1,474,473,475,-1,476,477,478,-1,478,477,479,-1,469,467,477,-1,477,467,479,-1,480,481,471,-1,471,481,473,-1,482,483,480,-1,480,483,481,-1,478,479,467,-1,465,484,485,-1,486,487,475,-1,475,487,488,-1,475,488,465,-1,465,488,489,-1,465,489,484,-1,485,490,465,-1,465,490,491,-1,465,491,467,-1,467,491,492,-1,467,492,478,-1,481,483,473,-1,473,483,493,-1,473,493,475,-1,475,493,494,-1,475,494,486,-1,482,480,471,-1,495,496,461,-1,477,476,469,-1,469,476,497,-1,469,497,461,-1,461,497,498,-1,461,498,495,-1,496,499,461,-1,461,499,500,-1,461,500,463,-1,463,500,501,-1,463,501,502,-1,502,503,463,-1,463,503,504,-1,463,504,471,-1,471,504,505,-1,471,505,482,-1,483,482,493,-1,493,482,505,-1,493,505,494,-1,494,505,504,-1,494,504,486,-1,486,504,503,-1,486,503,487,-1,487,503,502,-1,487,502,488,-1,488,502,501,-1,488,501,489,-1,489,501,500,-1,489,500,484,-1,484,500,499,-1,484,499,485,-1,485,499,496,-1,485,496,490,-1,490,496,495,-1,490,495,491,-1,491,495,498,-1,491,498,492,-1,492,498,497,-1,492,497,478,-1,478,497,476,-1,506,507,508,-1,508,507,509,-1,510,511,512,-1,512,511,513,-1,512,513,514,-1,514,513,515,-1,514,515,506,-1,506,515,507,-1,508,509,516,-1,516,509,517,-1,516,517,518,-1,518,517,519,-1,518,519,520,-1,520,519,521,-1,522,523,524,-1,524,523,525,-1,515,513,523,-1,523,513,525,-1,526,527,517,-1,517,527,519,-1,528,529,526,-1,526,529,527,-1,524,525,513,-1,511,530,531,-1,532,533,521,-1,521,533,534,-1,521,534,511,-1,511,534,535,-1,511,535,530,-1,531,536,511,-1,511,536,537,-1,511,537,513,-1,513,537,538,-1,513,538,524,-1,527,529,519,-1,519,529,539,-1,519,539,521,-1,521,539,540,-1,521,540,532,-1,528,526,517,-1,541,542,507,-1,523,522,515,-1,515,522,543,-1,515,543,507,-1,507,543,544,-1,507,544,541,-1,542,545,507,-1,507,545,546,-1,507,546,509,-1,509,546,547,-1,509,547,548,-1,548,549,509,-1,509,549,550,-1,509,550,517,-1,517,550,551,-1,517,551,528,-1,529,528,539,-1,539,528,551,-1,539,551,540,-1,540,551,550,-1,540,550,532,-1,532,550,549,-1,532,549,533,-1,533,549,548,-1,533,548,534,-1,534,548,547,-1,534,547,535,-1,535,547,546,-1,535,546,530,-1,530,546,545,-1,530,545,531,-1,531,545,542,-1,531,542,536,-1,536,542,541,-1,536,541,537,-1,537,541,544,-1,537,544,538,-1,538,544,543,-1,538,543,524,-1,524,543,522,-1,552,553,554,-1,554,553,555,-1,556,557,558,-1,558,557,559,-1,558,559,560,-1,560,559,561,-1,560,561,552,-1,552,561,553,-1,554,555,562,-1,562,555,563,-1,562,563,564,-1,564,563,565,-1,564,565,566,-1,566,565,567,-1,568,569,570,-1,570,569,571,-1,561,559,569,-1,569,559,571,-1,572,573,563,-1,563,573,565,-1,574,575,572,-1,572,575,573,-1,570,571,559,-1,576,577,567,-1,567,577,578,-1,567,578,557,-1,573,575,565,-1,565,575,579,-1,565,579,567,-1,567,579,580,-1,567,580,576,-1,578,581,557,-1,557,581,582,-1,557,582,583,-1,583,584,557,-1,557,584,585,-1,557,585,559,-1,559,585,586,-1,559,586,570,-1,574,572,563,-1,587,588,553,-1,588,589,553,-1,553,589,590,-1,553,590,555,-1,555,590,591,-1,555,591,592,-1,569,568,561,-1,561,568,593,-1,561,593,553,-1,553,593,594,-1,553,594,587,-1,592,595,555,-1,555,595,596,-1,555,596,563,-1,563,596,597,-1,563,597,574,-1,575,574,579,-1,579,574,597,-1,579,597,580,-1,580,597,596,-1,580,596,576,-1,576,596,595,-1,576,595,577,-1,577,595,592,-1,577,592,578,-1,578,592,591,-1,578,591,581,-1,581,591,590,-1,581,590,582,-1,582,590,589,-1,582,589,583,-1,583,589,588,-1,583,588,584,-1,584,588,587,-1,584,587,585,-1,585,587,594,-1,585,594,586,-1,586,594,593,-1,586,593,570,-1,570,593,568,-1,598,599,600,-1,600,599,601,-1,602,603,604,-1,604,603,605,-1,604,605,606,-1,606,605,607,-1,606,607,598,-1,598,607,599,-1,600,601,608,-1,608,601,609,-1,608,609,610,-1,610,609,611,-1,610,611,612,-1,612,611,613,-1,614,615,616,-1,616,615,617,-1,607,605,615,-1,615,605,617,-1,618,619,609,-1,609,619,611,-1,620,621,618,-1,618,621,619,-1,616,617,605,-1,622,623,613,-1,613,623,624,-1,613,624,603,-1,619,621,611,-1,611,621,625,-1,611,625,613,-1,613,625,626,-1,613,626,622,-1,624,627,603,-1,603,627,628,-1,603,628,629,-1,629,630,603,-1,603,630,631,-1,603,631,605,-1,605,631,632,-1,605,632,616,-1,620,618,609,-1,633,634,599,-1,634,635,599,-1,599,635,636,-1,599,636,601,-1,601,636,637,-1,601,637,638,-1,638,639,601,-1,601,639,640,-1,601,640,609,-1,609,640,641,-1,609,641,620,-1,615,614,607,-1,607,614,642,-1,607,642,599,-1,599,642,643,-1,599,643,633,-1,621,620,625,-1,625,620,641,-1,625,641,626,-1,626,641,640,-1,626,640,622,-1,622,640,639,-1,622,639,623,-1,623,639,638,-1,623,638,624,-1,624,638,637,-1,624,637,627,-1,627,637,636,-1,627,636,628,-1,628,636,635,-1,628,635,629,-1,629,635,634,-1,629,634,630,-1,630,634,633,-1,630,633,631,-1,631,633,643,-1,631,643,632,-1,632,643,642,-1,632,642,616,-1,616,642,614,-1,644,645,646,-1,646,645,647,-1,648,649,650,-1,650,649,651,-1,650,651,652,-1,652,651,653,-1,652,653,644,-1,644,653,645,-1,646,647,654,-1,654,647,655,-1,654,655,656,-1,656,655,657,-1,656,657,658,-1,658,657,659,-1,660,661,662,-1,662,661,663,-1,653,651,661,-1,661,651,663,-1,664,665,655,-1,655,665,657,-1,666,667,664,-1,664,667,665,-1,662,663,651,-1,668,669,659,-1,659,669,670,-1,659,670,649,-1,665,667,657,-1,657,667,671,-1,657,671,659,-1,659,671,672,-1,659,672,668,-1,670,673,649,-1,649,673,674,-1,649,674,675,-1,675,676,649,-1,649,676,677,-1,649,677,651,-1,651,677,678,-1,651,678,662,-1,666,664,655,-1,645,679,680,-1,661,660,653,-1,653,660,681,-1,653,681,645,-1,645,681,682,-1,645,682,679,-1,680,683,645,-1,645,683,684,-1,645,684,647,-1,647,684,685,-1,647,685,686,-1,686,687,647,-1,647,687,688,-1,647,688,655,-1,655,688,689,-1,655,689,666,-1,667,666,671,-1,671,666,689,-1,671,689,672,-1,672,689,688,-1,672,688,668,-1,668,688,687,-1,668,687,669,-1,669,687,686,-1,669,686,670,-1,670,686,685,-1,670,685,673,-1,673,685,684,-1,673,684,674,-1,674,684,683,-1,674,683,675,-1,675,683,680,-1,675,680,676,-1,676,680,679,-1,676,679,677,-1,677,679,682,-1,677,682,678,-1,678,682,681,-1,678,681,662,-1,662,681,660,-1,690,691,692,-1,692,691,693,-1,694,695,696,-1,696,695,697,-1,696,697,698,-1,698,697,699,-1,698,699,690,-1,690,699,691,-1,692,693,700,-1,700,693,701,-1,700,701,702,-1,702,701,703,-1,702,703,704,-1,704,703,705,-1,706,707,708,-1,708,707,709,-1,699,697,707,-1,707,697,709,-1,710,711,701,-1,701,711,703,-1,712,713,710,-1,710,713,711,-1,708,709,697,-1,714,715,705,-1,705,715,716,-1,705,716,695,-1,716,717,695,-1,695,717,718,-1,695,718,719,-1,711,713,703,-1,703,713,720,-1,703,720,705,-1,705,720,721,-1,705,721,714,-1,719,722,695,-1,695,722,723,-1,695,723,697,-1,697,723,724,-1,697,724,708,-1,712,710,701,-1,691,725,726,-1,707,706,699,-1,699,706,727,-1,699,727,691,-1,691,727,728,-1,691,728,725,-1,726,729,691,-1,691,729,730,-1,691,730,693,-1,693,730,731,-1,693,731,732,-1,732,733,693,-1,693,733,734,-1,693,734,701,-1,701,734,735,-1,701,735,712,-1,713,712,720,-1,720,712,735,-1,720,735,721,-1,721,735,734,-1,721,734,714,-1,714,734,733,-1,714,733,715,-1,715,733,732,-1,715,732,716,-1,716,732,731,-1,716,731,717,-1,717,731,730,-1,717,730,718,-1,718,730,729,-1,718,729,719,-1,719,729,726,-1,719,726,722,-1,722,726,725,-1,722,725,723,-1,723,725,728,-1,723,728,724,-1,724,728,727,-1,724,727,708,-1,708,727,706,-1,368,382,369,-1,369,382,383,-1,414,428,415,-1,415,428,429,-1,464,474,465,-1,465,474,475,-1,510,520,511,-1,511,520,521,-1,556,566,557,-1,557,566,567,-1,602,612,603,-1,603,612,613,-1,648,658,649,-1,649,658,659,-1,694,704,695,-1,695,704,705,-1,736,737,738,-1,738,737,739,-1,739,737,740,-1,740,737,741,-1,740,741,742,-1,742,741,743,-1,742,743,744,-1,744,743,745,-1,746,747,741,-1,741,747,743,-1,748,749,746,-1,746,749,747,-1,749,748,750,-1,750,748,751,-1,750,751,752,-1,752,751,753,-1,752,753,754,-1,754,753,755,-1,754,755,756,-1,756,755,757,-1,756,757,758,-1,758,757,759,-1,758,759,760,-1,760,759,761,-1,760,761,762,-1,762,761,763,-1,762,763,764,-1,764,763,765,-1,764,765,766,-1,766,765,767,-1,766,767,768,-1,768,767,769,-1,768,769,770,-1,770,769,771,-1,770,771,772,-1,772,771,773,-1,774,775,773,-1,773,775,772,-1,776,777,774,-1,774,777,775,-1,778,779,780,-1,780,779,777,-1,780,777,781,-1,781,777,776,-1,781,776,738,-1,738,776,736,-1,772,775,777,-1,747,749,743,-1,743,749,750,-1,743,750,745,-1,750,752,745,-1,745,752,754,-1,745,754,756,-1,756,758,745,-1,745,758,760,-1,745,760,779,-1,779,760,762,-1,779,762,764,-1,764,766,779,-1,779,766,768,-1,779,768,777,-1,777,768,770,-1,777,770,772,-1,748,746,741,-1,736,761,737,-1,737,761,759,-1,737,759,757,-1,757,755,737,-1,737,755,753,-1,737,753,741,-1,741,753,751,-1,741,751,748,-1,767,765,736,-1,736,765,763,-1,736,763,761,-1,774,773,776,-1,776,773,771,-1,776,771,736,-1,736,771,769,-1,736,769,767,-1,778,744,779,-1,779,744,745,-1,782,783,784,-1,784,783,785,-1,785,783,786,-1,786,783,787,-1,786,787,788,-1,788,787,789,-1,788,789,790,-1,790,789,791,-1,792,793,787,-1,787,793,789,-1,794,795,792,-1,792,795,793,-1,795,794,796,-1,796,794,797,-1,796,797,798,-1,798,797,799,-1,798,799,800,-1,800,799,801,-1,800,801,802,-1,802,801,803,-1,802,803,804,-1,804,803,805,-1,804,805,806,-1,806,805,807,-1,806,807,808,-1,808,807,809,-1,808,809,810,-1,810,809,811,-1,810,811,812,-1,812,811,813,-1,812,813,814,-1,814,813,815,-1,814,815,816,-1,816,815,817,-1,816,817,818,-1,818,817,819,-1,820,821,819,-1,819,821,818,-1,822,823,820,-1,820,823,821,-1,824,825,826,-1,826,825,823,-1,826,823,827,-1,827,823,822,-1,827,822,784,-1,784,822,782,-1,818,821,823,-1,793,795,789,-1,789,795,796,-1,789,796,791,-1,796,798,791,-1,791,798,800,-1,791,800,802,-1,802,804,791,-1,791,804,806,-1,791,806,825,-1,825,806,808,-1,825,808,810,-1,810,812,825,-1,825,812,814,-1,825,814,823,-1,823,814,816,-1,823,816,818,-1,794,792,787,-1,820,819,822,-1,822,819,817,-1,822,817,782,-1,817,815,782,-1,782,815,813,-1,782,813,811,-1,811,809,782,-1,782,809,807,-1,782,807,783,-1,783,807,805,-1,783,805,803,-1,803,801,783,-1,783,801,799,-1,783,799,787,-1,787,799,797,-1,787,797,794,-1,828,829,830,-1,830,829,831,-1,831,829,832,-1,832,829,833,-1,832,833,834,-1,834,833,835,-1,834,835,836,-1,836,835,837,-1,838,839,833,-1,833,839,835,-1,840,841,838,-1,838,841,839,-1,841,840,842,-1,842,840,843,-1,842,843,844,-1,844,843,845,-1,844,845,846,-1,846,845,847,-1,846,847,848,-1,848,847,849,-1,848,849,850,-1,850,849,851,-1,850,851,852,-1,852,851,853,-1,852,853,854,-1,854,853,855,-1,854,855,856,-1,856,855,857,-1,856,857,858,-1,858,857,859,-1,858,859,860,-1,860,859,861,-1,860,861,862,-1,862,861,863,-1,862,863,864,-1,864,863,865,-1,866,867,865,-1,865,867,864,-1,868,869,866,-1,866,869,867,-1,870,871,872,-1,872,871,869,-1,872,869,873,-1,873,869,868,-1,873,868,830,-1,830,868,828,-1,864,867,869,-1,837,846,848,-1,839,841,835,-1,835,841,842,-1,835,842,837,-1,837,842,844,-1,837,844,846,-1,848,850,837,-1,837,850,852,-1,837,852,871,-1,871,852,854,-1,871,854,856,-1,856,858,871,-1,871,858,860,-1,871,860,869,-1,869,860,862,-1,869,862,864,-1,840,838,833,-1,828,853,829,-1,829,853,851,-1,829,851,849,-1,866,865,868,-1,868,865,863,-1,868,863,828,-1,828,863,861,-1,828,861,859,-1,859,857,828,-1,828,857,855,-1,828,855,853,-1,849,847,829,-1,829,847,845,-1,829,845,833,-1,833,845,843,-1,833,843,840,-1,874,875,876,-1,876,875,877,-1,877,875,878,-1,878,875,879,-1,878,879,880,-1,880,879,881,-1,880,881,882,-1,882,881,883,-1,884,885,879,-1,879,885,881,-1,886,887,884,-1,884,887,885,-1,887,886,888,-1,888,886,889,-1,888,889,890,-1,890,889,891,-1,890,891,892,-1,892,891,893,-1,892,893,894,-1,894,893,895,-1,894,895,896,-1,896,895,897,-1,896,897,898,-1,898,897,899,-1,898,899,900,-1,900,899,901,-1,900,901,902,-1,902,901,903,-1,902,903,904,-1,904,903,905,-1,904,905,906,-1,906,905,907,-1,906,907,908,-1,908,907,909,-1,908,909,910,-1,910,909,911,-1,912,913,911,-1,911,913,910,-1,914,915,912,-1,912,915,913,-1,916,917,918,-1,918,917,915,-1,918,915,919,-1,919,915,914,-1,919,914,876,-1,876,914,874,-1,910,913,915,-1,883,892,894,-1,894,896,883,-1,883,896,898,-1,883,898,917,-1,917,898,900,-1,917,900,902,-1,885,887,881,-1,881,887,888,-1,881,888,883,-1,883,888,890,-1,883,890,892,-1,902,904,917,-1,917,904,906,-1,917,906,915,-1,915,906,908,-1,915,908,910,-1,886,884,879,-1,874,905,903,-1,903,901,874,-1,874,901,899,-1,874,899,875,-1,875,899,897,-1,875,897,895,-1,912,911,914,-1,914,911,909,-1,914,909,874,-1,874,909,907,-1,874,907,905,-1,895,893,875,-1,875,893,891,-1,875,891,879,-1,879,891,889,-1,879,889,886,-1,920,921,922,-1,922,921,923,-1,923,921,924,-1,924,921,925,-1,924,925,926,-1,926,925,927,-1,926,927,928,-1,928,927,929,-1,930,931,925,-1,925,931,927,-1,932,933,930,-1,930,933,931,-1,933,932,934,-1,934,932,935,-1,934,935,936,-1,936,935,937,-1,936,937,938,-1,938,937,939,-1,938,939,940,-1,940,939,941,-1,940,941,942,-1,942,941,943,-1,942,943,944,-1,944,943,945,-1,944,945,946,-1,946,945,947,-1,946,947,948,-1,948,947,949,-1,948,949,950,-1,950,949,951,-1,950,951,952,-1,952,951,953,-1,952,953,954,-1,954,953,955,-1,954,955,956,-1,956,955,957,-1,958,959,957,-1,957,959,956,-1,960,961,958,-1,958,961,959,-1,962,963,964,-1,964,963,961,-1,964,961,965,-1,965,961,960,-1,965,960,922,-1,922,960,920,-1,956,959,961,-1,929,938,940,-1,940,942,929,-1,929,942,944,-1,929,944,963,-1,963,944,946,-1,963,946,948,-1,931,933,927,-1,927,933,934,-1,927,934,929,-1,929,934,936,-1,929,936,938,-1,948,950,963,-1,963,950,952,-1,963,952,961,-1,961,952,954,-1,961,954,956,-1,932,930,925,-1,920,951,949,-1,949,947,920,-1,920,947,945,-1,920,945,921,-1,921,945,943,-1,921,943,941,-1,958,957,960,-1,960,957,955,-1,960,955,920,-1,920,955,953,-1,920,953,951,-1,941,939,921,-1,921,939,937,-1,921,937,925,-1,925,937,935,-1,925,935,932,-1,966,967,968,-1,968,967,969,-1,969,967,970,-1,970,967,971,-1,970,971,972,-1,972,971,973,-1,972,973,974,-1,974,973,975,-1,976,977,971,-1,971,977,973,-1,978,979,976,-1,976,979,977,-1,979,978,980,-1,980,978,981,-1,980,981,982,-1,982,981,983,-1,982,983,984,-1,984,983,985,-1,984,985,986,-1,986,985,987,-1,986,987,988,-1,988,987,989,-1,988,989,990,-1,990,989,991,-1,990,991,992,-1,992,991,993,-1,992,993,994,-1,994,993,995,-1,994,995,996,-1,996,995,997,-1,996,997,998,-1,998,997,999,-1,998,999,1000,-1,1000,999,1001,-1,1000,1001,1002,-1,1002,1001,1003,-1,1004,1005,1003,-1,1003,1005,1002,-1,1006,1007,1004,-1,1004,1007,1005,-1,1008,1009,1010,-1,1010,1009,1007,-1,1010,1007,1011,-1,1011,1007,1006,-1,1011,1006,968,-1,968,1006,966,-1,1002,1005,1007,-1,975,990,1009,-1,1009,990,992,-1,1009,992,994,-1,977,979,973,-1,973,979,980,-1,973,980,975,-1,975,980,982,-1,975,982,984,-1,984,986,975,-1,975,986,988,-1,975,988,990,-1,994,996,1009,-1,1009,996,998,-1,1009,998,1007,-1,1007,998,1000,-1,1007,1000,1002,-1,978,976,971,-1,966,997,995,-1,1004,1003,1006,-1,1006,1003,1001,-1,1006,1001,966,-1,966,1001,999,-1,966,999,997,-1,995,993,966,-1,966,993,991,-1,966,991,967,-1,967,991,989,-1,967,989,987,-1,987,985,967,-1,967,985,983,-1,967,983,971,-1,971,983,981,-1,971,981,978,-1,1012,1013,1014,-1,1014,1013,1015,-1,1015,1013,1016,-1,1016,1013,1017,-1,1016,1017,1018,-1,1018,1017,1019,-1,1018,1019,1020,-1,1020,1019,1021,-1,1022,1023,1017,-1,1017,1023,1019,-1,1024,1025,1022,-1,1022,1025,1023,-1,1025,1024,1026,-1,1026,1024,1027,-1,1026,1027,1028,-1,1028,1027,1029,-1,1028,1029,1030,-1,1030,1029,1031,-1,1030,1031,1032,-1,1032,1031,1033,-1,1032,1033,1034,-1,1034,1033,1035,-1,1034,1035,1036,-1,1036,1035,1037,-1,1036,1037,1038,-1,1038,1037,1039,-1,1038,1039,1040,-1,1040,1039,1041,-1,1040,1041,1042,-1,1042,1041,1043,-1,1042,1043,1044,-1,1044,1043,1045,-1,1044,1045,1046,-1,1046,1045,1047,-1,1046,1047,1048,-1,1048,1047,1049,-1,1050,1051,1049,-1,1049,1051,1048,-1,1052,1053,1050,-1,1050,1053,1051,-1,1054,1055,1056,-1,1056,1055,1053,-1,1056,1053,1057,-1,1057,1053,1052,-1,1057,1052,1014,-1,1014,1052,1012,-1,1048,1051,1053,-1,1023,1025,1019,-1,1019,1025,1026,-1,1019,1026,1021,-1,1026,1028,1021,-1,1021,1028,1030,-1,1021,1030,1032,-1,1032,1034,1021,-1,1021,1034,1036,-1,1021,1036,1055,-1,1055,1036,1038,-1,1055,1038,1040,-1,1040,1042,1055,-1,1055,1042,1044,-1,1055,1044,1053,-1,1053,1044,1046,-1,1053,1046,1048,-1,1024,1022,1017,-1,1050,1049,1052,-1,1052,1049,1047,-1,1052,1047,1012,-1,1047,1045,1012,-1,1012,1045,1043,-1,1012,1043,1041,-1,1041,1039,1012,-1,1012,1039,1037,-1,1012,1037,1013,-1,1013,1037,1035,-1,1013,1035,1033,-1,1033,1031,1013,-1,1013,1031,1029,-1,1013,1029,1017,-1,1017,1029,1027,-1,1017,1027,1024,-1,1058,1059,1060,-1,1060,1059,1061,-1,1061,1059,1062,-1,1062,1059,1063,-1,1062,1063,1064,-1,1064,1063,1065,-1,1064,1065,1066,-1,1066,1065,1067,-1,1068,1069,1063,-1,1063,1069,1065,-1,1070,1071,1068,-1,1068,1071,1069,-1,1071,1070,1072,-1,1072,1070,1073,-1,1072,1073,1074,-1,1074,1073,1075,-1,1074,1075,1076,-1,1076,1075,1077,-1,1076,1077,1078,-1,1078,1077,1079,-1,1078,1079,1080,-1,1080,1079,1081,-1,1080,1081,1082,-1,1082,1081,1083,-1,1082,1083,1084,-1,1084,1083,1085,-1,1084,1085,1086,-1,1086,1085,1087,-1,1086,1087,1088,-1,1088,1087,1089,-1,1088,1089,1090,-1,1090,1089,1091,-1,1090,1091,1092,-1,1092,1091,1093,-1,1092,1093,1094,-1,1094,1093,1095,-1,1096,1097,1095,-1,1095,1097,1094,-1,1098,1099,1096,-1,1096,1099,1097,-1,1100,1101,1102,-1,1102,1101,1099,-1,1102,1099,1103,-1,1103,1099,1098,-1,1103,1098,1060,-1,1060,1098,1058,-1,1094,1097,1099,-1,1069,1071,1065,-1,1065,1071,1072,-1,1065,1072,1067,-1,1072,1074,1067,-1,1067,1074,1076,-1,1067,1076,1078,-1,1078,1080,1067,-1,1067,1080,1082,-1,1067,1082,1101,-1,1101,1082,1084,-1,1101,1084,1086,-1,1086,1088,1101,-1,1101,1088,1090,-1,1101,1090,1099,-1,1099,1090,1092,-1,1099,1092,1094,-1,1070,1068,1063,-1,1058,1083,1059,-1,1059,1083,1081,-1,1059,1081,1079,-1,1079,1077,1059,-1,1059,1077,1075,-1,1059,1075,1063,-1,1063,1075,1073,-1,1063,1073,1070,-1,1089,1087,1058,-1,1058,1087,1085,-1,1058,1085,1083,-1,1096,1095,1098,-1,1098,1095,1093,-1,1098,1093,1058,-1,1058,1093,1091,-1,1058,1091,1089,-1,824,790,825,-1,825,790,791,-1,870,836,871,-1,871,836,837,-1,916,882,917,-1,917,882,883,-1,962,928,963,-1,963,928,929,-1,1008,974,1009,-1,1009,974,975,-1,1054,1020,1055,-1,1055,1020,1021,-1,1100,1066,1101,-1,1101,1066,1067,-1,
        ]
    }
}
Shape{
    appearance Appearance {
        material  Material {
            diffuseColor 1.0 1.0 1.0
            specularColor 0.30196078431372547 0.30196078431372547 0.30196078431372547
            ambientIntensity 1.0
            transparency 0.0
            shininess 0.5
        }
    }
    geometry IndexedFaceSet {
        ccw TRUE
        solid FALSE
        coord DEF co Coordinate {
            point [
                0.9843 6.201 0.8307, 0.9843 3.1104 0.8307, 0.9843 6.201 0.3189, 0.9843 3.1104 0.3189, -0.9843 6.201 0.8307, -0.9843 6.201 0.3189, -0.9843 3.1104 0.8307, -0.9843 3.1104 0.3189, -0.3641 3.9774 0.8307, 0.0 3.4242 0.8307, 0.3641 3.9774 0.8307
            ]
        }
        coordIndex [
            0,1,2,-1,2,1,3,-1,4,0,5,-1,5,0,2,-1,6,4,7,-1,7,4,5,-1,1,6,3,-1,3,6,7,-1,0,4,8,-1,8,4,6,-1,8,6,9,-1,9,6,1,-1,9,1,10,-1,10,1,0,-1,10,0,8,-1,
        ]
    }
}
Shape{
    appearance Appearance {
        material  Material {
            diffuseColor 0.20784313725490197 0.20784313725490197 0.20784313725490197
            specularColor 0.01568627450980392 0.01568627450980392 0.01568627450980392
            ambientIntensity 0.298
            transparency 0.0
            shininess 0.5
        }
    }
    geometry IndexedFaceSet {
        ccw TRUE
        solid FALSE
        coord DEF co Coordinate {
            point [
                0.0 3.4242 0.8303, -0.3641 3.9774 0.8303, 0.0 3.4242 0.8307, -0.3641 3.9774 0.8307, 0.3641 3.9774 0.8303, 0.3641 3.9774 0.8307
            ]
        }
        coordIndex [
            0,1,2,-1,2,1,3,-1,1,4,3,-1,3,4,5,-1,4,0,5,-1,5,0,2,-1,0,4,1,-1,
        ]
    }
}
Shape{
    appearance Appearance {
        material  Material {
            diffuseColor 0.0 0.0 0.0
            specularColor 0.0 0.0 0.0
            ambientIntensity 0.0
            transparency 0.0
            shininess 0.5
        }
    }
    geometry IndexedFaceSet {
        ccw TRUE
        solid FALSE
        coord DEF co Coordinate {
            point [
                1.5404 -0.6211 1.0709, 1.5228 -0.6097 1.0709, 1.5226 -0.6339 1.0709, 1.5118 -0.6173 1.0709, 1.5032 -0.6415 1.0709, 1.4978 -0.6227 1.0709, 1.4743 -0.645 1.0709, 1.4742 -0.6256 1.0709, 1.4275 -0.645 1.0709, 1.4495 -0.6256 1.0709, 1.4275 -0.4747 1.0709, 1.4495 -0.4943 1.0709, 1.4761 -0.4747 1.0709, 1.4752 -0.4943 1.0709, 1.4769 -0.4943 1.0709, 1.5021 -0.4776 1.0709, 1.4987 -0.4971 1.0709, 1.5226 -0.4851 1.0709, 1.5132 -0.5027 1.0709, 1.5404 -0.4973 1.0709, 1.5243 -0.5103 1.0709, 1.5465 -0.5032 1.0709, 1.5291 -0.515 1.0709, 1.557 -0.518 1.0709, 1.5357 -0.5246 1.0709, 1.5633 -0.5343 1.0709, 1.5405 -0.537 1.0709, 1.5661 -0.5577 1.0709, 1.543 -0.5583 1.0709, 1.5656 -0.5685 1.0709, 1.5423 -0.5699 1.0709, 1.5615 -0.5885 1.0709, 1.5389 -0.5853 1.0709, 1.5531 -0.6061 1.0709, 1.5329 -0.5978 1.0709, 1.5248 -0.6078 1.0709, 1.5404 -0.6211 1.0669, 1.5531 -0.6061 1.0669, 1.5615 -0.5885 1.0669, 1.5656 -0.5685 1.0669, 1.5661 -0.5577 1.0669, 1.5633 -0.5343 1.0669, 1.557 -0.518 1.0669, 1.5465 -0.5032 1.0669, 1.5404 -0.4973 1.0669, 1.5226 -0.4851 1.0669, 1.5021 -0.4776 1.0669, 1.4761 -0.4747 1.0669, 1.4275 -0.4747 1.0669, 1.4275 -0.645 1.0669, 1.4743 -0.645 1.0669, 1.5032 -0.6415 1.0669, 1.5226 -0.6339 1.0669, 1.5243 -0.5103 1.0669, 1.5291 -0.515 1.0669, 1.5357 -0.5246 1.0669, 1.5405 -0.537 1.0669, 1.543 -0.5583 1.0669, 1.4752 -0.4943 1.0669, 1.4769 -0.4943 1.0669, 1.4987 -0.4971 1.0669, 1.5132 -0.5027 1.0669, 1.4495 -0.4943 1.0669, 1.4495 -0.6256 1.0669, 1.4742 -0.6256 1.0669, 1.5248 -0.6078 1.0669, 1.5228 -0.6097 1.0669, 1.5118 -0.6173 1.0669, 1.4978 -0.6227 1.0669, 1.5423 -0.5699 1.0669, 1.5389 -0.5853 1.0669, 1.5329 -0.5978 1.0669
            ]
        }
        coordIndex [
            0,1,2,-1,2,1,3,-1,2,3,4,-1,4,3,5,-1,4,5,6,-1,6,5,7,-1,6,7,8,-1,8,7,9,-1,8,9,10,-1,10,9,11,-1,10,11,12,-1,11,13,12,-1,12,13,14,-1,12,14,15,-1,15,14,16,-1,15,16,17,-1,17,16,18,-1,17,18,19,-1,19,18,20,-1,19,20,21,-1,21,20,22,-1,21,22,23,-1,23,22,24,-1,23,24,25,-1,25,24,26,-1,25,26,27,-1,27,26,28,-1,27,28,29,-1,29,28,30,-1,29,30,31,-1,31,30,32,-1,31,32,33,-1,33,32,34,-1,33,34,0,-1,0,34,35,-1,0,35,1,-1,0,36,37,-1,0,37,33,-1,33,37,38,-1,33,38,31,-1,31,38,39,-1,31,39,29,-1,29,39,40,-1,29,40,27,-1,27,40,41,-1,27,41,25,-1,25,41,42,-1,25,42,23,-1,23,42,43,-1,23,43,21,-1,21,43,44,-1,21,44,19,-1,19,44,45,-1,19,45,17,-1,17,45,46,-1,17,46,15,-1,15,46,47,-1,15,47,12,-1,10,12,48,-1,48,12,47,-1,8,10,49,-1,49,10,48,-1,6,8,50,-1,50,8,49,-1,6,50,51,-1,6,51,4,-1,4,51,52,-1,4,52,2,-1,2,52,36,-1,2,36,0,-1,20,53,54,-1,20,54,22,-1,22,54,55,-1,22,55,24,-1,24,55,56,-1,24,56,26,-1,26,56,57,-1,26,57,28,-1,13,58,59,-1,13,59,14,-1,14,59,60,-1,14,60,16,-1,16,60,61,-1,16,61,18,-1,18,61,53,-1,18,53,20,-1,13,11,58,-1,58,11,62,-1,11,9,62,-1,62,9,63,-1,9,7,63,-1,63,7,64,-1,35,65,66,-1,35,66,1,-1,1,66,67,-1,1,67,3,-1,3,67,68,-1,3,68,5,-1,5,68,64,-1,5,64,7,-1,28,57,69,-1,28,69,30,-1,30,69,70,-1,30,70,32,-1,32,70,71,-1,32,71,34,-1,34,71,65,-1,34,65,35,-1,
        ]
    }
}
Shape{
    appearance Appearance {
        material  Material {
            diffuseColor 0.6666666666666666 0.6666666666666666 0.6666666666666666
            specularColor 0.4666666666666667 0.4666666666666667 0.4666666666666667
            ambientIntensity 0.6667
            transparency 0.0
            shininess 0.5
        }
    }
    geometry IndexedFaceSet {
        ccw TRUE
        solid FALSE
        coord DEF co Coordinate {
            point [
                1.5118 -0.6173 1.0669, 1.5228 -0.6097 1.0669, 1.4769 -0.4943 1.0669, 1.4495 -0.4943 1.0669, 1.4495 -0.6256 1.0669, 1.4752 -0.4943 1.0669, 1.4742 -0.6256 1.0669, 1.4978 -0.6227 1.0669, 1.5248 -0.6078 1.0669, 1.5329 -0.5978 1.0669, 1.5389 -0.5853 1.0669, 1.543 -0.5583 1.0669, 1.5243 -0.5103 1.0669, 1.5132 -0.5027 1.0669, 1.5405 -0.537 1.0669, 1.5357 -0.5246 1.0669, 1.5291 -0.515 1.0669, 1.5423 -0.5699 1.0669, 1.4987 -0.4971 1.0669
            ]
        }
        coordIndex [
            0,1,2,-1,3,4,5,-1,5,4,6,-1,5,6,2,-1,2,6,7,-1,2,7,0,-1,1,8,2,-1,2,8,9,-1,2,9,10,-1,11,12,13,-1,14,15,11,-1,11,15,16,-1,11,16,12,-1,10,17,2,-1,2,17,11,-1,2,11,18,-1,18,11,13,-1,
        ]
    }
}
Shape{
    appearance Appearance {
        material  Material {
            diffuseColor 0.0 0.0 0.0
            specularColor 0.0 0.0 0.0
            ambientIntensity 0.0
            transparency 0.0
            shininess 0.5
        }
    }
    geometry IndexedFaceSet {
        ccw TRUE
        solid FALSE
        coord DEF co Coordinate {
            point [
                1.2255 -0.6149 1.0709, 1.2255 -0.6149 1.0669, 1.2239 -0.6206 1.0669, 1.2239 -0.6206 1.0709, 1.2229 -0.6248 1.0669, 1.2229 -0.6248 1.0709, 1.2224 -0.6248 1.0709, 1.2224 -0.6248 1.0669, 1.2197 -0.6148 1.0709, 1.2197 -0.6148 1.0669, 1.188 -0.5234 1.0669, 1.188 -0.5234 1.0709, 1.1983 -0.553 1.0669, 1.1641 -0.5234 1.0709, 1.1641 -0.5234 1.0669, 1.2118 -0.6447 1.0669, 1.2118 -0.6447 1.0709, 1.1983 -0.6102 1.0669, 1.2025 -0.6668 1.0669, 1.2025 -0.6668 1.0709, 1.2111 -0.6464 1.0669, 1.1983 -0.6745 1.0669, 1.1982 -0.6745 1.0709, 1.1982 -0.6745 1.0669, 1.1943 -0.679 1.0669, 1.1943 -0.679 1.0709, 1.1906 -0.6815 1.0669, 1.1906 -0.6815 1.0709, 1.186 -0.6833 1.0669, 1.186 -0.6833 1.0709, 1.1806 -0.6839 1.0669, 1.1806 -0.6839 1.0709, 1.1729 -0.6829 1.0669, 1.1729 -0.6829 1.0709, 1.1685 -0.6815 1.0669, 1.1685 -0.6815 1.0709, 1.1685 -0.7005 1.0709, 1.1685 -0.7005 1.0669, 1.1776 -0.7021 1.0669, 1.1776 -0.7021 1.0709, 1.1823 -0.7022 1.0669, 1.1823 -0.7022 1.0709, 1.1909 -0.7012 1.0669, 1.1909 -0.7012 1.0709, 1.1983 -0.6984 1.0669, 1.1993 -0.698 1.0709, 1.1993 -0.698 1.0669, 1.2067 -0.6928 1.0669, 1.2067 -0.6928 1.0709, 1.2082 -0.6915 1.0669, 1.2082 -0.6915 1.0709, 1.216 -0.6821 1.0669, 1.216 -0.6821 1.0709, 1.2257 -0.6633 1.0669, 1.2257 -0.6633 1.0709, 1.2808 -0.5234 1.0669, 1.2808 -0.5234 1.0709, 1.2323 -0.6464 1.0669, 1.2587 -0.5234 1.0709, 1.2587 -0.5234 1.0669, 1.1039 -0.6478 1.0709, 1.1039 -0.6478 1.0669, 1.123 -0.6456 1.0709, 1.1161 -0.6464 1.0669, 1.123 -0.6456 1.0669, 1.1342 -0.6413 1.0669, 1.1342 -0.6413 1.0709, 1.1393 -0.6382 1.0669, 1.1393 -0.6382 1.0709, 1.1454 -0.6328 1.0669, 1.1454 -0.6328 1.0709, 1.1494 -0.6272 1.0669, 1.1494 -0.6272 1.0709, 1.152 -0.6205 1.0669, 1.152 -0.6205 1.0709, 1.153 -0.6119 1.0669, 1.153 -0.6119 1.0709, 1.1522 -0.6039 1.0669, 1.1522 -0.6039 1.0709, 1.1499 -0.5977 1.0669, 1.1499 -0.5977 1.0709, 1.1459 -0.5918 1.0669, 1.1459 -0.5918 1.0709, 1.1408 -0.5872 1.0669, 1.1408 -0.5872 1.0709, 1.1267 -0.5794 1.0669, 1.1267 -0.5794 1.0709, 1.1184 -0.576 1.0669, 1.1184 -0.576 1.0709, 1.1052 -0.5703 1.0669, 1.1052 -0.5703 1.0709, 1.0977 -0.5656 1.0669, 1.0977 -0.5656 1.0709, 1.0956 -0.5633 1.0669, 1.0956 -0.5633 1.0709, 1.0941 -0.5604 1.0669, 1.0941 -0.5604 1.0709, 1.0932 -0.5571 1.0669, 1.0932 -0.5571 1.0709, 1.093 -0.5543 1.0669, 1.093 -0.5543 1.0709, 1.0934 -0.5509 1.0669, 1.0934 -0.5509 1.0709, 1.0945 -0.548 1.0669, 1.0945 -0.548 1.0709, 1.0963 -0.5453 1.0669, 1.0963 -0.5453 1.0709, 1.0995 -0.5424 1.0669, 1.0995 -0.5424 1.0709, 1.1043 -0.5399 1.0669, 1.1043 -0.5399 1.0709, 1.11 -0.5384 1.0669, 1.11 -0.5384 1.0709, 1.1163 -0.5379 1.0669, 1.1163 -0.5379 1.0709, 1.13 -0.5394 1.0669, 1.13 -0.5394 1.0709, 1.142 -0.5438 1.0669, 1.142 -0.5438 1.0709, 1.1472 -0.5467 1.0669, 1.1472 -0.5467 1.0709, 1.1472 -0.526 1.0709, 1.1472 -0.526 1.0669, 1.1334 -0.5219 1.0669, 1.1334 -0.5219 1.0709, 1.1184 -0.5206 1.0669, 1.1184 -0.5206 1.0709, 1.1035 -0.5221 1.0669, 1.1035 -0.5221 1.0709, 1.0916 -0.5262 1.0669, 1.0916 -0.5262 1.0709, 1.0847 -0.5303 1.0669, 1.0847 -0.5303 1.0709, 1.0784 -0.5359 1.0709, 1.0808 -0.5338 1.0669, 1.0784 -0.5359 1.0669, 1.0744 -0.5417 1.0669, 1.0744 -0.5417 1.0709, 1.0719 -0.5486 1.0669, 1.0719 -0.5486 1.0709, 1.0711 -0.5562 1.0669, 1.0711 -0.5562 1.0709, 1.072 -0.5645 1.0669, 1.072 -0.5645 1.0709, 1.0743 -0.571 1.0669, 1.0743 -0.571 1.0709, 1.0771 -0.5754 1.0669, 1.0771 -0.5754 1.0709, 1.1033 -0.5915 1.0669, 1.1033 -0.5915 1.0709, 1.0906 -0.5857 1.0709, 1.0806 -0.5791 1.0669, 1.0806 -0.5791 1.0709, 1.0808 -0.5792 1.0669, 1.0906 -0.5857 1.0669, 1.1173 -0.5974 1.0669, 1.1173 -0.5974 1.0709, 1.1257 -0.6024 1.0669, 1.1257 -0.6024 1.0709, 1.1283 -0.6052 1.0669, 1.1283 -0.6052 1.0709, 1.13 -0.608 1.0669, 1.13 -0.608 1.0709, 1.1309 -0.6113 1.0669, 1.1309 -0.6113 1.0709, 1.1311 -0.614 1.0669, 1.1311 -0.614 1.0709, 1.1307 -0.618 1.0669, 1.1307 -0.618 1.0709, 1.1296 -0.6211 1.0669, 1.1296 -0.6211 1.0709, 1.1278 -0.6238 1.0669, 1.1278 -0.6238 1.0709, 1.1253 -0.626 1.0669, 1.1253 -0.626 1.0709, 1.1234 -0.6272 1.0669, 1.1234 -0.6272 1.0709, 1.1179 -0.6292 1.0669, 1.1179 -0.6292 1.0709, 1.1069 -0.6304 1.0669, 1.1069 -0.6304 1.0709, 1.106 -0.6304 1.0669, 1.106 -0.6304 1.0709, 1.0709 -0.6187 1.0669, 1.0709 -0.6187 1.0709, 1.0795 -0.6239 1.0709, 1.0928 -0.6289 1.0669, 1.0928 -0.6289 1.0709, 1.0808 -0.6244 1.0669, 1.0795 -0.6239 1.0669, 1.0709 -0.6407 1.0709, 1.0709 -0.6407 1.0669, 1.0839 -0.6455 1.0709, 1.0808 -0.6443 1.0669, 1.0916 -0.6464 1.0669, 1.0839 -0.6455 1.0669, 1.0207 -0.645 1.0709, 1.042 -0.645 1.0709, 1.0207 -0.6262 1.0709, 1.042 -0.5667 1.0709, 0.9922 -0.5878 1.0709, 1.0207 -0.584 1.0709, 1.0207 -0.5956 1.0709, 1.0201 -0.6262 1.0709, 1.0089 -0.623 1.0709, 1.0145 -0.6341 1.0709, 1.0029 -0.6271 1.0709, 0.9599 -0.5811 1.0709, 0.9532 -0.5867 1.0709, 0.9691 -0.5984 1.0709, 1.0207 -0.597 1.0709, 1.0193 -0.6065 1.0709, 1.0162 -0.6141 1.0709, 1.0116 -0.6204 1.0709, 0.9562 -0.5319 1.0709, 0.9562 -0.5526 1.0709, 0.9607 -0.5293 1.0709, 0.9688 -0.5444 1.0709, 0.9765 -0.5232 1.0709, 0.9821 -0.5395 1.0709, 0.9981 -0.5206 1.0709, 0.9961 -0.5379 1.0709, 1.0113 -0.5218 1.0709, 1.0033 -0.5387 1.0709, 1.0202 -0.5246 1.0709, 1.0082 -0.5404 1.0709, 1.0272 -0.5287 1.0709, 1.012 -0.5428 1.0709, 1.0329 -0.5342 1.0709, 1.0153 -0.5463 1.0709, 1.0372 -0.5412 1.0709, 1.0178 -0.5507 1.0709, 1.0405 -0.551 1.0709, 1.02 -0.5582 1.0709, 1.0207 -0.5677 1.0709, 0.9672 -0.6024 1.0709, 0.9489 -0.5927 1.0709, 0.9661 -0.6073 1.0709, 0.9847 -0.5727 1.0709, 0.9742 -0.5933 1.0709, 0.9791 -0.5909 1.0709, 0.9703 -0.623 1.0709, 0.9548 -0.6383 1.0709, 0.9721 -0.6249 1.0709, 0.962 -0.6433 1.0709, 0.9764 -0.6278 1.0709, 0.9701 -0.6463 1.0709, 0.9812 -0.6295 1.0709, 0.9829 -0.6478 1.0709, 0.9884 -0.6303 1.0709, 0.995 -0.6463 1.0709, 0.9964 -0.6294 1.0709, 1.0035 -0.643 1.0709, 1.0075 -0.6405 1.0709, 0.9716 -0.5953 1.0709, 0.9693 -0.5764 1.0709, 0.9459 -0.6002 1.0709, 0.9444 -0.6092 1.0709, 0.966 -0.6107 1.0709, 0.9443 -0.6124 1.0709, 0.9665 -0.6156 1.0709, 0.9454 -0.6221 1.0709, 0.9679 -0.6194 1.0709, 0.948 -0.6293 1.0709, 0.9524 -0.6359 1.0709, 0.9961 -0.5379 1.0669, 1.0033 -0.5387 1.0669, 1.0082 -0.5404 1.0669, 1.012 -0.5428 1.0669, 1.0153 -0.5463 1.0669, 1.0178 -0.5507 1.0669, 1.02 -0.5582 1.0669, 1.0207 -0.5677 1.0669, 0.9847 -0.5727 1.0669, 0.9693 -0.5764 1.0669, 0.9599 -0.5811 1.0669, 0.9532 -0.5867 1.0669, 0.9489 -0.5927 1.0669, 0.9459 -0.6002 1.0669, 0.9444 -0.6092 1.0669, 0.9443 -0.6124 1.0669, 0.9454 -0.6221 1.0669, 0.948 -0.6293 1.0669, 0.9524 -0.6359 1.0669, 0.9548 -0.6383 1.0669, 0.9829 -0.6478 1.0669, 0.9705 -0.6464 1.0669, 0.9701 -0.6463 1.0669, 0.962 -0.6433 1.0669, 0.9945 -0.6464 1.0669, 0.995 -0.6463 1.0669, 1.0035 -0.643 1.0669, 1.0075 -0.6405 1.0669, 1.0145 -0.6341 1.0669, 1.0201 -0.6262 1.0669, 1.0207 -0.6262 1.0669, 1.0207 -0.645 1.0669, 1.042 -0.645 1.0669, 1.042 -0.5667 1.0669, 1.0405 -0.551 1.0669, 1.0372 -0.5412 1.0669, 1.0329 -0.5342 1.0669, 1.0272 -0.5287 1.0669, 1.0202 -0.5246 1.0669, 1.0113 -0.5218 1.0669, 0.9981 -0.5206 1.0669, 0.9765 -0.5232 1.0669, 0.9607 -0.5293 1.0669, 0.9562 -0.5319 1.0669, 0.9562 -0.5526 1.0669, 0.9688 -0.5444 1.0669, 0.9821 -0.5395 1.0669, 1.0116 -0.6204 1.0669, 1.0089 -0.623 1.0669, 1.0029 -0.6271 1.0669, 0.9964 -0.6294 1.0669, 0.9884 -0.6303 1.0669, 1.0207 -0.5956 1.0669, 1.0207 -0.597 1.0669, 1.0193 -0.6065 1.0669, 1.0162 -0.6141 1.0669, 1.0207 -0.584 1.0669, 0.9922 -0.5878 1.0669, 0.9716 -0.5953 1.0669, 0.9742 -0.5933 1.0669, 0.9791 -0.5909 1.0669, 0.966 -0.6107 1.0669, 0.9661 -0.6073 1.0669, 0.9672 -0.6024 1.0669, 0.9691 -0.5984 1.0669, 0.9721 -0.6249 1.0669, 0.9703 -0.623 1.0669, 0.9679 -0.6194 1.0669, 0.9665 -0.6156 1.0669, 0.9812 -0.6295 1.0669, 0.9764 -0.6278 1.0669
            ]
        }
        coordIndex [
            0,1,2,-1,0,2,3,-1,3,2,4,-1,3,4,5,-1,6,5,7,-1,7,5,4,-1,8,6,9,-1,9,6,7,-1,10,11,12,-1,12,11,8,-1,12,8,9,-1,13,11,14,-1,14,11,10,-1,15,16,17,-1,17,16,13,-1,17,13,14,-1,18,19,20,-1,20,19,16,-1,20,16,15,-1,18,21,19,-1,19,21,22,-1,21,23,22,-1,22,23,24,-1,22,24,25,-1,25,24,26,-1,25,26,27,-1,27,26,28,-1,27,28,29,-1,29,28,30,-1,29,30,31,-1,31,30,32,-1,31,32,33,-1,33,32,34,-1,33,34,35,-1,36,35,37,-1,37,35,34,-1,36,37,38,-1,36,38,39,-1,39,38,40,-1,39,40,41,-1,41,40,42,-1,41,42,43,-1,43,42,44,-1,43,44,45,-1,44,46,45,-1,45,46,47,-1,45,47,48,-1,48,47,49,-1,48,49,50,-1,50,49,51,-1,50,51,52,-1,52,51,53,-1,52,53,54,-1,55,56,57,-1,57,56,54,-1,57,54,53,-1,58,56,59,-1,59,56,55,-1,0,58,1,-1,1,58,59,-1,3,5,54,-1,56,58,54,-1,54,58,0,-1,54,0,3,-1,11,13,8,-1,8,13,16,-1,8,16,6,-1,35,36,33,-1,33,36,39,-1,33,39,31,-1,31,39,41,-1,31,41,29,-1,29,41,43,-1,29,43,27,-1,27,43,45,-1,27,45,25,-1,5,6,54,-1,54,6,16,-1,54,16,52,-1,16,19,52,-1,52,19,22,-1,52,22,50,-1,50,22,25,-1,50,25,48,-1,48,25,45,-1,60,61,62,-1,62,61,63,-1,63,64,62,-1,62,64,65,-1,62,65,66,-1,66,65,67,-1,66,67,68,-1,68,67,69,-1,68,69,70,-1,70,69,71,-1,70,71,72,-1,72,71,73,-1,72,73,74,-1,74,73,75,-1,74,75,76,-1,76,75,77,-1,76,77,78,-1,78,77,79,-1,78,79,80,-1,80,79,81,-1,80,81,82,-1,82,81,83,-1,82,83,84,-1,84,83,85,-1,84,85,86,-1,86,85,87,-1,86,87,88,-1,88,87,89,-1,88,89,90,-1,90,89,91,-1,90,91,92,-1,92,91,93,-1,92,93,94,-1,94,93,95,-1,94,95,96,-1,96,95,97,-1,96,97,98,-1,98,97,99,-1,98,99,100,-1,100,99,101,-1,100,101,102,-1,102,101,103,-1,102,103,104,-1,104,103,105,-1,104,105,106,-1,106,105,107,-1,106,107,108,-1,108,107,109,-1,108,109,110,-1,110,109,111,-1,110,111,112,-1,112,111,113,-1,112,113,114,-1,114,113,115,-1,114,115,116,-1,116,115,117,-1,116,117,118,-1,118,117,119,-1,118,119,120,-1,121,120,122,-1,122,120,119,-1,121,122,123,-1,121,123,124,-1,124,123,125,-1,124,125,126,-1,126,125,127,-1,126,127,128,-1,128,127,129,-1,128,129,130,-1,130,129,131,-1,130,131,132,-1,132,131,133,-1,133,131,134,-1,134,135,133,-1,133,135,136,-1,133,136,137,-1,137,136,138,-1,137,138,139,-1,139,138,140,-1,139,140,141,-1,141,140,142,-1,141,142,143,-1,143,142,144,-1,143,144,145,-1,145,144,146,-1,145,146,147,-1,148,149,150,-1,147,146,151,-1,147,151,152,-1,152,151,153,-1,152,153,150,-1,150,153,154,-1,150,154,148,-1,149,148,155,-1,149,155,156,-1,156,155,157,-1,156,157,158,-1,158,157,159,-1,158,159,160,-1,160,159,161,-1,160,161,162,-1,162,161,163,-1,162,163,164,-1,164,163,165,-1,164,165,166,-1,166,165,167,-1,166,167,168,-1,168,167,169,-1,168,169,170,-1,170,169,171,-1,170,171,172,-1,172,171,173,-1,172,173,174,-1,174,173,175,-1,174,175,176,-1,176,175,177,-1,176,177,178,-1,178,177,179,-1,178,179,180,-1,180,179,181,-1,180,181,182,-1,183,184,185,-1,182,181,186,-1,182,186,187,-1,187,186,188,-1,187,188,185,-1,185,188,189,-1,185,189,183,-1,190,184,191,-1,191,184,183,-1,190,191,192,-1,192,191,193,-1,61,60,194,-1,194,60,192,-1,194,192,195,-1,195,192,193,-1,106,108,130,-1,130,108,128,-1,156,88,149,-1,149,88,90,-1,66,68,172,-1,172,68,70,-1,172,70,170,-1,170,70,72,-1,170,72,168,-1,168,72,74,-1,168,74,166,-1,166,74,76,-1,166,76,164,-1,164,76,78,-1,164,78,162,-1,162,78,80,-1,162,80,160,-1,160,80,82,-1,160,82,158,-1,158,82,84,-1,158,84,156,-1,156,84,86,-1,156,86,88,-1,60,182,192,-1,192,182,187,-1,192,187,190,-1,190,187,185,-1,190,185,184,-1,108,110,128,-1,128,110,112,-1,128,112,126,-1,126,112,114,-1,126,114,124,-1,124,114,116,-1,124,116,121,-1,121,116,118,-1,121,118,120,-1,172,174,66,-1,66,174,176,-1,66,176,62,-1,62,176,178,-1,62,178,60,-1,60,178,180,-1,60,180,182,-1,130,132,106,-1,106,132,133,-1,106,133,104,-1,104,133,137,-1,104,137,102,-1,102,137,139,-1,102,139,100,-1,100,139,141,-1,100,141,98,-1,98,141,143,-1,98,143,96,-1,96,143,145,-1,96,145,94,-1,94,145,147,-1,94,147,92,-1,92,147,152,-1,92,152,90,-1,90,152,150,-1,90,150,149,-1,196,197,198,-1,198,197,199,-1,200,201,199,-1,199,201,202,-1,203,204,205,-1,205,204,206,-1,207,208,209,-1,202,210,199,-1,199,210,211,-1,199,211,198,-1,198,211,212,-1,198,212,203,-1,203,212,213,-1,203,213,204,-1,214,215,216,-1,216,215,217,-1,216,217,218,-1,218,217,219,-1,218,219,220,-1,220,219,221,-1,220,221,222,-1,222,221,223,-1,222,223,224,-1,224,223,225,-1,224,225,226,-1,226,225,227,-1,226,227,228,-1,228,227,229,-1,228,229,230,-1,230,229,231,-1,230,231,232,-1,232,231,233,-1,232,233,199,-1,199,233,234,-1,199,234,200,-1,209,208,235,-1,235,208,236,-1,235,236,237,-1,238,239,234,-1,234,239,240,-1,234,240,200,-1,241,242,243,-1,243,242,244,-1,243,244,245,-1,245,244,246,-1,245,246,247,-1,247,246,248,-1,247,248,249,-1,249,248,250,-1,249,250,251,-1,251,250,252,-1,251,252,206,-1,206,252,253,-1,206,253,205,-1,209,254,207,-1,207,254,239,-1,207,239,255,-1,255,239,238,-1,236,256,237,-1,237,256,257,-1,237,257,258,-1,258,257,259,-1,258,259,260,-1,260,259,261,-1,260,261,262,-1,262,261,263,-1,262,263,241,-1,241,263,264,-1,241,264,242,-1,221,265,266,-1,221,266,223,-1,223,266,267,-1,223,267,225,-1,225,267,268,-1,225,268,227,-1,227,268,269,-1,227,269,229,-1,229,269,270,-1,229,270,231,-1,231,270,271,-1,231,271,233,-1,233,271,272,-1,233,272,234,-1,238,234,273,-1,273,234,272,-1,238,273,274,-1,238,274,255,-1,255,274,275,-1,255,275,207,-1,207,275,276,-1,207,276,208,-1,208,276,277,-1,208,277,236,-1,236,277,278,-1,236,278,256,-1,256,278,279,-1,256,279,257,-1,257,279,280,-1,257,280,259,-1,259,280,281,-1,259,281,261,-1,261,281,282,-1,261,282,263,-1,263,282,283,-1,263,283,264,-1,264,283,284,-1,264,284,242,-1,285,248,286,-1,286,248,246,-1,286,246,287,-1,287,246,244,-1,287,244,288,-1,288,244,242,-1,288,242,284,-1,285,289,248,-1,248,289,250,-1,289,290,250,-1,250,290,291,-1,250,291,252,-1,252,291,292,-1,252,292,253,-1,253,292,293,-1,253,293,205,-1,205,293,294,-1,205,294,203,-1,198,203,295,-1,295,203,294,-1,196,198,296,-1,296,198,295,-1,197,196,297,-1,297,196,296,-1,199,197,298,-1,298,197,297,-1,199,298,299,-1,199,299,232,-1,232,299,300,-1,232,300,230,-1,230,300,301,-1,230,301,228,-1,228,301,302,-1,228,302,226,-1,226,302,303,-1,226,303,224,-1,224,303,304,-1,224,304,222,-1,222,304,305,-1,222,305,220,-1,220,305,306,-1,220,306,218,-1,218,306,307,-1,218,307,216,-1,216,307,308,-1,216,308,214,-1,215,214,309,-1,309,214,308,-1,215,309,310,-1,215,310,217,-1,217,310,311,-1,217,311,219,-1,219,311,265,-1,219,265,221,-1,213,312,313,-1,213,313,204,-1,204,313,314,-1,204,314,206,-1,206,314,315,-1,206,315,251,-1,251,315,316,-1,251,316,249,-1,202,317,318,-1,202,318,210,-1,210,318,319,-1,210,319,211,-1,211,319,320,-1,211,320,212,-1,212,320,312,-1,212,312,213,-1,202,201,317,-1,317,201,321,-1,201,200,321,-1,321,200,322,-1,254,323,324,-1,254,324,239,-1,239,324,325,-1,239,325,240,-1,240,325,322,-1,240,322,200,-1,258,326,327,-1,258,327,237,-1,237,327,328,-1,237,328,235,-1,235,328,329,-1,235,329,209,-1,209,329,323,-1,209,323,254,-1,243,330,331,-1,243,331,241,-1,241,331,332,-1,241,332,262,-1,262,332,333,-1,262,333,260,-1,260,333,326,-1,260,326,258,-1,249,316,334,-1,249,334,247,-1,247,334,335,-1,247,335,245,-1,245,335,330,-1,245,330,243,-1,
        ]
    }
}
Shape{
    appearance Appearance {
        material  Material {
            diffuseColor 0.6666666666666666 0.6666666666666666 0.6666666666666666
            specularColor 0.4666666666666667 0.4666666666666667 0.4666666666666667
            ambientIntensity 0.6667
            transparency 0.0
            shininess 0.5
        }
    }
    geometry IndexedFaceSet {
        ccw TRUE
        solid FALSE
        coord DEF co Coordinate {
            point [
                1.0207 -0.597 1.0669, 1.0207 -0.5956 1.0669, 0.9716 -0.5953 1.0669, 1.0207 -0.584 1.0669, 0.9922 -0.5878 1.0669, 0.9791 -0.5909 1.0669, 0.9742 -0.5933 1.0669, 1.0193 -0.6065 1.0669, 0.9691 -0.5984 1.0669, 1.0162 -0.6141 1.0669, 0.9703 -0.623 1.0669, 0.9721 -0.6249 1.0669, 1.0089 -0.623 1.0669, 0.9679 -0.6194 1.0669, 1.0029 -0.6271 1.0669, 0.9964 -0.6294 1.0669, 0.9884 -0.6303 1.0669, 0.9672 -0.6024 1.0669, 0.9661 -0.6073 1.0669, 1.0116 -0.6204 1.0669, 0.966 -0.6107 1.0669, 0.9665 -0.6156 1.0669, 0.9764 -0.6278 1.0669, 0.9812 -0.6295 1.0669
            ]
        }
        coordIndex [
            0,1,2,-1,1,3,4,-1,4,5,1,-1,1,5,6,-1,1,6,2,-1,0,2,7,-1,7,2,8,-1,7,8,9,-1,10,11,12,-1,10,12,13,-1,14,12,15,-1,15,12,16,-1,8,17,9,-1,9,17,18,-1,9,18,19,-1,19,18,20,-1,19,20,12,-1,12,20,21,-1,12,21,13,-1,11,22,12,-1,12,22,23,-1,12,23,16,-1,
        ]
    }
}
Shape{
    appearance Appearance {
        material  Material {
            diffuseColor 0.0 0.0 0.0
            specularColor 0.0 0.0 0.0
            ambientIntensity 0.0
            transparency 0.0
            shininess 0.5
        }
    }
    geometry IndexedFaceSet {
        ccw TRUE
        solid FALSE
        coord DEF co Coordinate {
            point [
                0.0806 -0.6691 1.0709, 0.0986 -0.6913 1.0709, 0.0697 -0.562 1.0709, 0.0486 -0.3517 1.0709, 0.0756 -0.3374 1.0709, 0.0692 -0.2629 1.0709, 0.1447 -0.2595 1.0709, 0.1822 -0.3478 1.0709, 0.2007 -0.3095 1.0709, 0.3045 -0.6044 1.0709, 0.3045 -0.5923 1.0709, 0.2018 -0.5627 1.0709, 0.1904 -0.5591 1.0709, 0.0433 -0.5458 1.0709, 0.0532 -0.6386 1.0709, 0.0685 -0.6431 1.0709, 0.1169 -0.257 1.0709, 0.22 -0.5773 1.0709, 0.2256 -0.587 1.0709, 0.3038 -0.617 1.0709, 0.4739 -0.5027 1.0709, 0.4364 -0.4386 1.0709, 0.2742 -0.5233 1.0709, 0.1822 -0.5584 1.0709, 0.1707 -0.5598 1.0709, 0.1545 -0.4857 1.0709, 0.1601 -0.5639 1.0709, 0.1278 -0.4959 1.0709, 0.1506 -0.5706 1.0709, 0.1031 -0.5131 1.0709, 0.1449 -0.5767 1.0709, 0.083 -0.536 1.0709, 0.1389 -0.5869 1.0709, 0.1356 -0.5984 1.0709, 0.1352 -0.6102 1.0709, 0.2274 -0.4903 1.0709, 0.1982 -0.483 1.0709, 0.1834 -0.4822 1.0709, 0.2118 -0.5689 1.0709, 0.5138 -0.3829 1.0709, 0.5235 -0.3829 1.0709, 0.5731 -0.3176 1.0709, 0.5465 -0.3858 1.0709, 0.5791 -0.3196 1.0709, 0.5677 -0.3939 1.0709, 0.6151 -0.3374 1.0709, 0.6479 -0.3652 1.0709, 0.1695 -0.2306 1.0709, 0.2278 -0.2771 1.0709, 0.198 -0.2062 1.0709, 0.2603 -0.2534 1.0709, 0.2323 -0.1854 1.0709, 0.1055 -0.3303 1.0709, 0.1181 -0.3297 1.0709, 0.1308 -0.2578 1.0709, 0.1464 -0.3332 1.0709, 0.1736 -0.3431 1.0709, 0.1377 -0.6214 1.0709, 0.1427 -0.6315 1.0709, 0.2531 -0.5041 1.0709, 0.6482 -0.5911 1.0709, 0.5918 -0.5431 1.0709, 0.6152 -0.619 1.0709, 0.5739 -0.5577 1.0709, 0.5783 -0.637 1.0709, 0.5525 -0.5676 1.0709, 0.538 -0.6455 1.0709, 0.5308 -0.5717 1.0709, 0.4666 -0.6455 1.0709, 0.4763 -0.5717 1.0709, 0.4598 -0.6445 1.0709, 0.5864 -0.407 1.0709, 0.6004 -0.4226 1.0709, 0.6726 -0.3997 1.0709, 0.6117 -0.4435 1.0709, 0.6874 -0.4366 1.0709, 0.6173 -0.4667 1.0709, 0.693 -0.4761 1.0709, 0.6179 -0.4773 1.0709, 0.6874 -0.5193 1.0709, 0.615 -0.5009 1.0709, 0.6722 -0.5576 1.0709, 0.6067 -0.5225 1.0709, 0.5934 -0.5413 1.0709, 0.5078 -0.2219 1.0709, 0.4605 -0.2776 1.0709, 0.5496 -0.2709 1.0709, 0.4878 -0.3102 1.0709, 0.5064 -0.3492 1.0709, 0.0007 -0.4214 1.0709, -0.0789 -0.4415 1.0709, -0.003 -0.4507 1.0709, -0.0792 -0.4531 1.0709, -0.0015 -0.4693 1.0709, -0.0734 -0.5005 1.0709, 0.0072 -0.499 1.0709, -0.056 -0.5456 1.0709, 0.0216 -0.5235 1.0709, -0.0284 -0.585 1.0709, 0.0094 -0.6173 1.0709, 0.2884 -0.1652 1.0709, 0.2999 -0.2374 1.0709, 0.3432 -0.159 1.0709, 0.3444 -0.2316 1.0709, 0.4004 -0.1659 1.0709, 0.3854 -0.2367 1.0709, 0.4604 -0.1891 1.0709, 0.4234 -0.2512 1.0709, 0.4574 -0.2748 1.0709, 0.0244 -0.2803 1.0709, -0.0141 -0.3074 1.0709, 0.0278 -0.3703 1.0709, -0.0223 -0.3151 1.0709, 0.011 -0.3944 1.0709, -0.0514 -0.3524 1.0709, -0.0707 -0.396 1.0709, 0.2288 -0.598 1.0709, 0.2292 -0.6097 1.0709, 0.2967 -0.6469 1.0709, 0.2267 -0.6214 1.0709, 0.2824 -0.6738 1.0709, 0.2213 -0.632 1.0709, 0.2638 -0.6947 1.0709, 0.2136 -0.6408 1.0709, 0.2397 -0.7115 1.0709, 0.2044 -0.6473 1.0709, 0.2127 -0.7218 1.0709, 0.1938 -0.6514 1.0709, 0.1834 -0.7254 1.0709, 0.1822 -0.6528 1.0709, 0.1788 -0.7253 1.0709, 0.1802 -0.6528 1.0709, 0.1502 -0.7209 1.0709, 0.1693 -0.651 1.0709, 0.1223 -0.7092 1.0709, 0.1583 -0.6463 1.0709, 0.1491 -0.6392 1.0709, 0.4702 -0.5706 1.0709, 0.4412 -0.6329 1.0709, 0.444 -0.6357 1.0709, 0.4739 -0.5714 1.0709, 0.4518 -0.6413 1.0709, 0.4315 -0.608 1.0709, 0.4327 -0.617 1.0709, 0.4359 -0.6253 1.0709, 0.4597 -0.5717 1.0709, 0.4514 -0.575 1.0709, 0.4318 -0.6033 1.0709, 0.4439 -0.5803 1.0709, 0.4389 -0.5858 1.0709, 0.4343 -0.594 1.0709, 0.4691 -0.5705 1.0709, 0.693 -0.4761 1.0669, 0.6874 -0.4366 1.0669, 0.6559 -0.3763 1.0669, 0.6833 -0.4263 1.0669, 0.6726 -0.3997 1.0669, 0.6479 -0.3652 1.0669, 0.6151 -0.3374 1.0669, 0.5791 -0.3196 1.0669, 0.5731 -0.3176 1.0669, 0.5496 -0.2709 1.0669, 0.5078 -0.2219 1.0669, 0.4808 -0.2032 1.0669, 0.4604 -0.1891 1.0669, 0.4004 -0.1659 1.0669, 0.3432 -0.159 1.0669, 0.2884 -0.1652 1.0669, 0.2323 -0.1854 1.0669, 0.2029 -0.2032 1.0669, 0.198 -0.2062 1.0669, 0.1695 -0.2306 1.0669, 0.1447 -0.2595 1.0669, 0.1308 -0.2578 1.0669, 0.1169 -0.257 1.0669, 0.0692 -0.2629 1.0669, 0.0244 -0.2803 1.0669, -0.0141 -0.3074 1.0669, -0.0223 -0.3151 1.0669, -0.0792 -0.4531 1.0669, -0.0514 -0.3524 1.0669, -0.062 -0.3763 1.0669, -0.0707 -0.396 1.0669, -0.0761 -0.4263 1.0669, -0.0789 -0.4415 1.0669, -0.0734 -0.5005 1.0669, -0.056 -0.5456 1.0669, -0.0284 -0.585 1.0669, 0.0094 -0.6173 1.0669, 0.0532 -0.6386 1.0669, 0.0685 -0.6431 1.0669, 0.07 -0.6464 1.0669, 0.0806 -0.6691 1.0669, 0.0986 -0.6913 1.0669, 0.1223 -0.7092 1.0669, 0.1334 -0.7138 1.0669, 0.1502 -0.7209 1.0669, 0.1788 -0.7253 1.0669, 0.1834 -0.7254 1.0669, 0.3045 -0.6044 1.0669, 0.2127 -0.7218 1.0669, 0.2335 -0.7138 1.0669, 0.2397 -0.7115 1.0669, 0.2638 -0.6947 1.0669, 0.2824 -0.6738 1.0669, 0.2967 -0.6469 1.0669, 0.2968 -0.6464 1.0669, 0.3038 -0.617 1.0669, 0.3045 -0.5923 1.0669, 0.4739 -0.5027 1.0669, 0.4364 -0.4386 1.0669, 0.2742 -0.5233 1.0669, 0.2531 -0.5041 1.0669, 0.2274 -0.4903 1.0669, 0.1982 -0.483 1.0669, 0.1834 -0.4822 1.0669, 0.1545 -0.4857 1.0669, 0.1278 -0.4959 1.0669, 0.1031 -0.5131 1.0669, 0.083 -0.536 1.0669, 0.0697 -0.562 1.0669, 0.0433 -0.5458 1.0669, 0.0216 -0.5235 1.0669, 0.0072 -0.499 1.0669, -0.0015 -0.4693 1.0669, -0.003 -0.4507 1.0669, 0.0001 -0.4263 1.0669, 0.0007 -0.4214 1.0669, 0.011 -0.3944 1.0669, 0.0236 -0.3763 1.0669, 0.0278 -0.3703 1.0669, 0.0486 -0.3517 1.0669, 0.0756 -0.3374 1.0669, 0.1055 -0.3303 1.0669, 0.1181 -0.3297 1.0669, 0.1464 -0.3332 1.0669, 0.1736 -0.3431 1.0669, 0.1822 -0.3478 1.0669, 0.2007 -0.3095 1.0669, 0.2278 -0.2771 1.0669, 0.2603 -0.2534 1.0669, 0.2999 -0.2374 1.0669, 0.3444 -0.2316 1.0669, 0.3854 -0.2367 1.0669, 0.4234 -0.2512 1.0669, 0.4574 -0.2748 1.0669, 0.4605 -0.2776 1.0669, 0.4878 -0.3102 1.0669, 0.5064 -0.3492 1.0669, 0.5124 -0.3763 1.0669, 0.5138 -0.3829 1.0669, 0.5235 -0.3829 1.0669, 0.5465 -0.3858 1.0669, 0.5677 -0.3939 1.0669, 0.5864 -0.407 1.0669, 0.6004 -0.4226 1.0669, 0.6024 -0.4263 1.0669, 0.6117 -0.4435 1.0669, 0.6173 -0.4667 1.0669, 0.6179 -0.4773 1.0669, 0.615 -0.5009 1.0669, 0.6067 -0.5225 1.0669, 0.5934 -0.5413 1.0669, 0.5918 -0.5431 1.0669, 0.5739 -0.5577 1.0669, 0.5525 -0.5676 1.0669, 0.5308 -0.5717 1.0669, 0.4763 -0.5717 1.0669, 0.4739 -0.5714 1.0669, 0.4702 -0.5706 1.0669, 0.4691 -0.5705 1.0669, 0.4597 -0.5717 1.0669, 0.4514 -0.575 1.0669, 0.4439 -0.5803 1.0669, 0.4389 -0.5858 1.0669, 0.4343 -0.594 1.0669, 0.4318 -0.6033 1.0669, 0.4315 -0.608 1.0669, 0.4327 -0.617 1.0669, 0.4359 -0.6253 1.0669, 0.4412 -0.6329 1.0669, 0.444 -0.6357 1.0669, 0.4518 -0.6413 1.0669, 0.4598 -0.6445 1.0669, 0.4666 -0.6455 1.0669, 0.538 -0.6455 1.0669, 0.5783 -0.637 1.0669, 0.6152 -0.619 1.0669, 0.6482 -0.5911 1.0669, 0.6722 -0.5576 1.0669, 0.6874 -0.5193 1.0669, 0.1822 -0.5584 1.0669, 0.1904 -0.5591 1.0669, 0.2018 -0.5627 1.0669, 0.2118 -0.5689 1.0669, 0.22 -0.5773 1.0669, 0.2256 -0.587 1.0669, 0.2288 -0.598 1.0669, 0.2292 -0.6097 1.0669, 0.2267 -0.6214 1.0669, 0.2213 -0.632 1.0669, 0.2136 -0.6408 1.0669, 0.2044 -0.6473 1.0669, 0.1938 -0.6514 1.0669, 0.1822 -0.6528 1.0669, 0.1802 -0.6528 1.0669, 0.1693 -0.651 1.0669, 0.1583 -0.6463 1.0669, 0.1491 -0.6392 1.0669, 0.1427 -0.6315 1.0669, 0.1377 -0.6214 1.0669, 0.1352 -0.6102 1.0669, 0.1356 -0.5984 1.0669, 0.1389 -0.5869 1.0669, 0.1449 -0.5767 1.0669, 0.1506 -0.5706 1.0669, 0.1601 -0.5639 1.0669, 0.1707 -0.5598 1.0669
            ]
        }
        coordIndex [
            0,1,2,-1,3,4,5,-1,6,7,8,-1,9,10,11,-1,11,10,12,-1,13,14,2,-1,2,14,15,-1,2,15,0,-1,5,4,16,-1,17,18,19,-1,20,21,10,-1,10,21,22,-1,10,22,12,-1,12,22,23,-1,24,25,26,-1,26,25,27,-1,26,27,28,-1,28,27,29,-1,28,29,30,-1,30,29,31,-1,30,31,32,-1,32,31,2,-1,32,2,33,-1,33,2,34,-1,35,36,24,-1,24,36,37,-1,24,37,25,-1,9,11,19,-1,19,11,38,-1,19,38,17,-1,39,40,41,-1,41,40,42,-1,41,42,43,-1,43,42,44,-1,43,44,45,-1,45,44,46,-1,6,8,47,-1,47,8,48,-1,47,48,49,-1,49,48,50,-1,49,50,51,-1,4,52,16,-1,16,52,53,-1,16,53,54,-1,54,53,55,-1,54,55,6,-1,6,55,56,-1,6,56,7,-1,34,2,57,-1,57,2,1,-1,57,1,58,-1,23,22,24,-1,24,22,59,-1,24,59,35,-1,60,61,62,-1,62,61,63,-1,62,63,64,-1,64,63,65,-1,64,65,66,-1,66,65,67,-1,66,67,68,-1,68,67,69,-1,68,69,70,-1,44,71,46,-1,46,71,72,-1,46,72,73,-1,73,72,74,-1,73,74,75,-1,75,74,76,-1,75,76,77,-1,77,76,78,-1,77,78,79,-1,79,78,80,-1,79,80,81,-1,81,80,82,-1,81,82,60,-1,60,82,83,-1,60,83,61,-1,84,85,86,-1,86,85,87,-1,86,87,41,-1,41,87,88,-1,41,88,39,-1,89,90,91,-1,91,90,92,-1,91,92,93,-1,93,92,94,-1,93,94,95,-1,95,94,96,-1,95,96,97,-1,97,96,98,-1,97,98,13,-1,13,98,99,-1,13,99,14,-1,51,50,100,-1,100,50,101,-1,100,101,102,-1,102,101,103,-1,102,103,104,-1,104,103,105,-1,104,105,106,-1,106,105,107,-1,106,107,84,-1,84,107,108,-1,84,108,85,-1,5,109,3,-1,3,109,110,-1,3,110,111,-1,111,110,112,-1,111,112,113,-1,113,112,114,-1,113,114,89,-1,89,114,115,-1,89,115,90,-1,18,116,19,-1,19,116,117,-1,19,117,118,-1,118,117,119,-1,118,119,120,-1,120,119,121,-1,120,121,122,-1,122,121,123,-1,122,123,124,-1,124,123,125,-1,124,125,126,-1,126,125,127,-1,126,127,128,-1,128,127,129,-1,128,129,130,-1,130,129,131,-1,130,131,132,-1,132,131,133,-1,132,133,134,-1,134,133,135,-1,134,135,1,-1,1,135,136,-1,1,136,58,-1,137,138,139,-1,69,140,70,-1,70,140,137,-1,70,137,141,-1,141,137,139,-1,142,143,137,-1,137,143,144,-1,137,144,138,-1,145,146,147,-1,146,148,147,-1,147,148,149,-1,147,149,150,-1,142,137,147,-1,147,137,151,-1,147,151,145,-1,77,152,153,-1,154,46,73,-1,77,153,75,-1,75,153,155,-1,75,155,73,-1,73,155,156,-1,73,156,154,-1,154,157,46,-1,46,157,158,-1,46,158,45,-1,45,158,159,-1,45,159,43,-1,43,159,160,-1,43,160,41,-1,41,160,161,-1,41,161,86,-1,86,161,162,-1,86,162,84,-1,106,84,163,-1,163,84,162,-1,163,164,106,-1,106,164,165,-1,106,165,104,-1,104,165,166,-1,104,166,102,-1,102,166,167,-1,102,167,100,-1,100,167,168,-1,100,168,51,-1,51,168,49,-1,49,168,169,-1,49,169,170,-1,49,170,171,-1,49,171,47,-1,47,171,172,-1,47,172,6,-1,6,172,173,-1,6,173,54,-1,54,173,174,-1,54,174,16,-1,16,174,175,-1,16,175,5,-1,5,175,176,-1,5,176,109,-1,109,176,177,-1,109,177,110,-1,110,177,178,-1,110,178,112,-1,179,92,90,-1,112,178,180,-1,112,180,114,-1,114,180,181,-1,114,181,115,-1,181,182,115,-1,115,182,183,-1,115,183,90,-1,90,183,184,-1,90,184,179,-1,92,179,185,-1,92,185,94,-1,94,185,186,-1,94,186,96,-1,96,186,187,-1,96,187,98,-1,98,187,188,-1,98,188,99,-1,99,188,189,-1,99,189,14,-1,14,189,190,-1,14,190,15,-1,15,190,191,-1,15,191,0,-1,191,192,0,-1,0,192,193,-1,0,193,1,-1,1,193,194,-1,1,194,134,-1,134,194,195,-1,134,195,132,-1,195,196,132,-1,132,196,197,-1,132,197,130,-1,130,197,198,-1,130,198,128,-1,199,9,19,-1,128,198,200,-1,201,124,200,-1,200,124,126,-1,200,126,128,-1,201,202,124,-1,124,202,203,-1,124,203,122,-1,122,203,204,-1,122,204,120,-1,120,204,205,-1,120,205,118,-1,118,205,206,-1,118,206,19,-1,19,206,207,-1,19,207,199,-1,10,9,208,-1,208,9,199,-1,20,10,209,-1,209,10,208,-1,21,20,210,-1,210,20,209,-1,22,21,211,-1,211,21,210,-1,22,211,212,-1,22,212,59,-1,59,212,213,-1,59,213,35,-1,35,213,214,-1,35,214,36,-1,36,214,215,-1,36,215,37,-1,37,215,216,-1,37,216,25,-1,25,216,217,-1,25,217,27,-1,27,217,218,-1,27,218,29,-1,29,218,219,-1,29,219,31,-1,31,219,220,-1,31,220,2,-1,2,220,221,-1,2,221,13,-1,13,221,222,-1,13,222,97,-1,97,222,223,-1,97,223,95,-1,95,223,224,-1,95,224,93,-1,93,224,225,-1,93,225,91,-1,89,91,225,-1,225,226,89,-1,89,226,227,-1,89,227,228,-1,229,111,228,-1,228,111,113,-1,228,113,89,-1,229,230,111,-1,111,230,231,-1,111,231,3,-1,3,231,232,-1,3,232,4,-1,4,232,233,-1,4,233,52,-1,52,233,234,-1,52,234,53,-1,53,234,235,-1,53,235,55,-1,55,235,236,-1,55,236,56,-1,56,236,237,-1,56,237,7,-1,7,237,238,-1,7,238,8,-1,8,238,239,-1,8,239,48,-1,48,239,240,-1,48,240,50,-1,50,240,241,-1,50,241,101,-1,101,241,242,-1,101,242,103,-1,103,242,243,-1,103,243,105,-1,105,243,244,-1,105,244,107,-1,107,244,245,-1,107,245,108,-1,108,245,246,-1,108,246,85,-1,85,246,247,-1,85,247,87,-1,87,247,248,-1,87,248,88,-1,88,248,39,-1,39,248,249,-1,39,249,250,-1,40,39,251,-1,251,39,250,-1,40,251,252,-1,40,252,42,-1,42,252,253,-1,42,253,44,-1,44,253,254,-1,44,254,71,-1,71,254,255,-1,71,255,72,-1,72,255,256,-1,72,256,74,-1,256,257,74,-1,74,257,258,-1,74,258,76,-1,76,258,259,-1,76,259,78,-1,78,259,260,-1,78,260,80,-1,80,260,261,-1,80,261,82,-1,82,261,262,-1,82,262,83,-1,83,262,263,-1,83,263,61,-1,61,263,264,-1,61,264,63,-1,63,264,265,-1,63,265,65,-1,65,265,266,-1,65,266,67,-1,69,67,267,-1,267,67,266,-1,69,267,268,-1,69,268,140,-1,140,268,269,-1,140,269,137,-1,137,269,270,-1,137,270,151,-1,151,270,271,-1,151,271,145,-1,145,271,272,-1,145,272,146,-1,146,272,273,-1,146,273,148,-1,148,273,274,-1,148,274,149,-1,149,274,275,-1,149,275,150,-1,150,275,276,-1,150,276,147,-1,147,276,277,-1,147,277,142,-1,142,277,278,-1,142,278,143,-1,143,278,279,-1,143,279,144,-1,144,279,280,-1,144,280,138,-1,138,280,281,-1,138,281,139,-1,139,281,282,-1,139,282,141,-1,141,282,283,-1,141,283,70,-1,70,283,284,-1,70,284,68,-1,66,68,285,-1,285,68,284,-1,66,285,286,-1,66,286,64,-1,64,286,287,-1,64,287,62,-1,62,287,288,-1,62,288,60,-1,60,288,289,-1,60,289,81,-1,81,289,290,-1,81,290,79,-1,79,290,152,-1,79,152,77,-1,23,291,292,-1,23,292,12,-1,12,292,293,-1,12,293,11,-1,11,293,294,-1,11,294,38,-1,38,294,295,-1,38,295,17,-1,17,295,296,-1,17,296,18,-1,18,296,297,-1,18,297,116,-1,116,297,298,-1,116,298,117,-1,117,298,299,-1,117,299,119,-1,119,299,300,-1,119,300,121,-1,121,300,301,-1,121,301,123,-1,123,301,302,-1,123,302,125,-1,125,302,303,-1,125,303,127,-1,127,303,304,-1,127,304,129,-1,129,304,305,-1,129,305,131,-1,131,305,306,-1,131,306,133,-1,133,306,307,-1,133,307,135,-1,135,307,308,-1,135,308,136,-1,136,308,309,-1,136,309,58,-1,58,309,310,-1,58,310,57,-1,57,310,311,-1,57,311,34,-1,34,311,312,-1,34,312,33,-1,33,312,313,-1,33,313,32,-1,32,313,314,-1,32,314,30,-1,30,314,315,-1,30,315,28,-1,28,315,316,-1,28,316,26,-1,26,316,317,-1,26,317,24,-1,24,317,291,-1,24,291,23,-1,
        ]
    }
}
Shape{
    appearance Appearance {
        material  Material {
            diffuseColor 0.6666666666666666 0.6666666666666666 0.6666666666666666
            specularColor 0.4666666666666667 0.4666666666666667 0.4666666666666667
            ambientIntensity 0.6667
            transparency 0.0
            shininess 0.5
        }
    }
    geometry IndexedFaceSet {
        ccw TRUE
        solid FALSE
        coord DEF co Coordinate {
            point [
                0.1707 -0.5598 1.0669, 0.1601 -0.5639 1.0669, 0.1802 -0.6528 1.0669, 0.1506 -0.5706 1.0669, 0.1449 -0.5767 1.0669, 0.1904 -0.5591 1.0669, 0.1822 -0.6528 1.0669, 0.1938 -0.6514 1.0669, 0.1822 -0.5584 1.0669, 0.1377 -0.6214 1.0669, 0.1427 -0.6315 1.0669, 0.1491 -0.6392 1.0669, 0.2136 -0.6408 1.0669, 0.22 -0.5773 1.0669, 0.2118 -0.5689 1.0669, 0.1389 -0.5869 1.0669, 0.1356 -0.5984 1.0669, 0.1352 -0.6102 1.0669, 0.1583 -0.6463 1.0669, 0.1693 -0.651 1.0669, 0.2044 -0.6473 1.0669, 0.2018 -0.5627 1.0669, 0.2267 -0.6214 1.0669, 0.2292 -0.6097 1.0669, 0.2213 -0.632 1.0669, 0.2288 -0.598 1.0669, 0.2256 -0.587 1.0669
            ]
        }
        coordIndex [
            0,1,2,-1,2,1,3,-1,2,3,4,-1,5,6,7,-1,6,5,2,-1,2,5,8,-1,2,8,0,-1,9,10,4,-1,4,10,11,-1,12,13,14,-1,15,16,4,-1,4,16,17,-1,4,17,9,-1,11,18,4,-1,4,18,19,-1,4,19,2,-1,7,20,5,-1,5,20,12,-1,5,12,21,-1,21,12,14,-1,22,23,24,-1,24,23,25,-1,24,25,12,-1,12,25,26,-1,12,26,13,-1,
        ]
    }
}
Shape{
    appearance Appearance {
        material  Material {
            diffuseColor 0.0 0.0 0.0
            specularColor 0.0 0.0 0.0
            ambientIntensity 0.0
            transparency 0.0
            shininess 0.5
        }
    }
    geometry IndexedFaceSet {
        ccw TRUE
        solid FALSE
        coord DEF co Coordinate {
            point [
                1.3273 -0.3511 1.0709, 1.3096 -0.3396 1.0709, 1.3094 -0.3638 1.0709, 1.2986 -0.3472 1.0709, 1.29 -0.3714 1.0709, 1.2846 -0.3527 1.0709, 1.2612 -0.3749 1.0709, 1.261 -0.3555 1.0709, 1.2143 -0.3749 1.0709, 1.2363 -0.3555 1.0709, 1.2143 -0.2047 1.0709, 1.2363 -0.2243 1.0709, 1.2629 -0.2047 1.0709, 1.262 -0.2243 1.0709, 1.2637 -0.2243 1.0709, 1.2889 -0.2076 1.0709, 1.2855 -0.2271 1.0709, 1.3094 -0.2151 1.0709, 1.3 -0.2327 1.0709, 1.3273 -0.2272 1.0709, 1.3112 -0.2403 1.0709, 1.3333 -0.2331 1.0709, 1.3159 -0.245 1.0709, 1.3438 -0.248 1.0709, 1.3225 -0.2545 1.0709, 1.3501 -0.2642 1.0709, 1.3273 -0.267 1.0709, 1.3529 -0.2876 1.0709, 1.3298 -0.2882 1.0709, 1.3524 -0.2985 1.0709, 1.3292 -0.2999 1.0709, 1.3483 -0.3184 1.0709, 1.3257 -0.3153 1.0709, 1.3399 -0.336 1.0709, 1.3198 -0.3278 1.0709, 1.3116 -0.3378 1.0709, 1.3273 -0.3511 1.0669, 1.3399 -0.336 1.0669, 1.3483 -0.3184 1.0669, 1.3524 -0.2985 1.0669, 1.3529 -0.2876 1.0669, 1.3501 -0.2642 1.0669, 1.3438 -0.248 1.0669, 1.3333 -0.2331 1.0669, 1.3273 -0.2272 1.0669, 1.3094 -0.2151 1.0669, 1.2923 -0.2088 1.0669, 1.2889 -0.2076 1.0669, 1.2629 -0.2047 1.0669, 1.2143 -0.2047 1.0669, 1.2143 -0.3749 1.0669, 1.2612 -0.3749 1.0669, 1.29 -0.3714 1.0669, 1.2923 -0.3705 1.0669, 1.3094 -0.3638 1.0669, 1.3112 -0.2403 1.0669, 1.3159 -0.245 1.0669, 1.3225 -0.2545 1.0669, 1.3273 -0.267 1.0669, 1.3298 -0.2882 1.0669, 1.262 -0.2243 1.0669, 1.2637 -0.2243 1.0669, 1.2855 -0.2271 1.0669, 1.3 -0.2327 1.0669, 1.2363 -0.2243 1.0669, 1.2363 -0.3555 1.0669, 1.261 -0.3555 1.0669, 1.3116 -0.3378 1.0669, 1.3096 -0.3396 1.0669, 1.2986 -0.3472 1.0669, 1.2846 -0.3527 1.0669, 1.3292 -0.2999 1.0669, 1.3257 -0.3153 1.0669, 1.3198 -0.3278 1.0669
            ]
        }
        coordIndex [
            0,1,2,-1,2,1,3,-1,2,3,4,-1,4,3,5,-1,4,5,6,-1,6,5,7,-1,6,7,8,-1,8,7,9,-1,8,9,10,-1,10,9,11,-1,10,11,12,-1,11,13,12,-1,12,13,14,-1,12,14,15,-1,15,14,16,-1,15,16,17,-1,17,16,18,-1,17,18,19,-1,19,18,20,-1,19,20,21,-1,21,20,22,-1,21,22,23,-1,23,22,24,-1,23,24,25,-1,25,24,26,-1,25,26,27,-1,27,26,28,-1,27,28,29,-1,29,28,30,-1,29,30,31,-1,31,30,32,-1,31,32,33,-1,33,32,34,-1,33,34,0,-1,0,34,35,-1,0,35,1,-1,0,36,37,-1,0,37,33,-1,33,37,38,-1,33,38,31,-1,31,38,39,-1,31,39,29,-1,29,39,40,-1,29,40,27,-1,27,40,41,-1,27,41,25,-1,25,41,42,-1,25,42,23,-1,23,42,43,-1,23,43,21,-1,21,43,44,-1,21,44,19,-1,19,44,45,-1,46,15,45,-1,45,15,17,-1,45,17,19,-1,46,47,15,-1,15,47,48,-1,15,48,12,-1,10,12,49,-1,49,12,48,-1,8,10,50,-1,50,10,49,-1,6,8,51,-1,51,8,50,-1,36,0,2,-1,6,51,52,-1,6,52,4,-1,4,52,53,-1,4,53,2,-1,2,53,54,-1,2,54,36,-1,20,55,56,-1,20,56,22,-1,22,56,57,-1,22,57,24,-1,24,57,58,-1,24,58,26,-1,26,58,59,-1,26,59,28,-1,13,60,61,-1,13,61,14,-1,14,61,62,-1,14,62,16,-1,16,62,63,-1,16,63,18,-1,18,63,55,-1,18,55,20,-1,13,11,60,-1,60,11,64,-1,11,9,64,-1,64,9,65,-1,9,7,65,-1,65,7,66,-1,35,67,68,-1,35,68,1,-1,1,68,69,-1,1,69,3,-1,3,69,70,-1,3,70,5,-1,5,70,66,-1,5,66,7,-1,28,59,71,-1,28,71,30,-1,30,71,72,-1,30,72,32,-1,32,72,73,-1,32,73,34,-1,34,73,67,-1,34,67,35,-1,
        ]
    }
}
Shape{
    appearance Appearance {
        material  Material {
            diffuseColor 0.6666666666666666 0.6666666666666666 0.6666666666666666
            specularColor 0.4666666666666667 0.4666666666666667 0.4666666666666667
            ambientIntensity 0.6667
            transparency 0.0
            shininess 0.5
        }
    }
    geometry IndexedFaceSet {
        ccw TRUE
        solid FALSE
        coord DEF co Coordinate {
            point [
                1.2986 -0.3472 1.0669, 1.3096 -0.3396 1.0669, 1.2637 -0.2243 1.0669, 1.2363 -0.2243 1.0669, 1.2363 -0.3555 1.0669, 1.262 -0.2243 1.0669, 1.261 -0.3555 1.0669, 1.2846 -0.3527 1.0669, 1.3116 -0.3378 1.0669, 1.3198 -0.3278 1.0669, 1.3257 -0.3153 1.0669, 1.3298 -0.2882 1.0669, 1.3112 -0.2403 1.0669, 1.3 -0.2327 1.0669, 1.3273 -0.267 1.0669, 1.3225 -0.2545 1.0669, 1.3159 -0.245 1.0669, 1.3292 -0.2999 1.0669, 1.2855 -0.2271 1.0669
            ]
        }
        coordIndex [
            0,1,2,-1,3,4,5,-1,5,4,6,-1,5,6,2,-1,2,6,7,-1,2,7,0,-1,1,8,2,-1,2,8,9,-1,2,9,10,-1,11,12,13,-1,14,15,11,-1,11,15,16,-1,11,16,12,-1,10,17,2,-1,2,17,11,-1,2,11,18,-1,18,11,13,-1,
        ]
    }
}
Shape{
    appearance Appearance {
        material  Material {
            diffuseColor 0.0 0.0 0.0
            specularColor 0.0 0.0 0.0
            ambientIntensity 0.0
            transparency 0.0
            shininess 0.5
        }
    }
    geometry IndexedFaceSet {
        ccw TRUE
        solid FALSE
        coord DEF co Coordinate {
            point [
                1.0126 -0.3582 1.0709, 1.0126 -0.3582 1.0669, 0.9977 -0.3567 1.0669, 0.9977 -0.3567 1.0709, 0.9852 -0.3524 1.0669, 0.9852 -0.3524 1.0709, 0.9737 -0.3449 1.0669, 0.9737 -0.3449 1.0709, 0.9689 -0.3403 1.0669, 0.9689 -0.3403 1.0709, 0.9611 -0.3296 1.0669, 0.9611 -0.3296 1.0709, 0.9554 -0.3161 1.0669, 0.9554 -0.3161 1.0709, 0.9525 -0.2994 1.0669, 0.9525 -0.2994 1.0709, 0.9522 -0.2917 1.0669, 0.9522 -0.2917 1.0709, 0.955 -0.2684 1.0669, 0.955 -0.2684 1.0709, 0.9607 -0.2537 1.0669, 0.9607 -0.2537 1.0709, 0.9689 -0.2418 1.0669, 0.9689 -0.2418 1.0709, 0.9701 -0.2405 1.0669, 0.9701 -0.2405 1.0709, 0.9806 -0.2317 1.0669, 0.9806 -0.2317 1.0709, 0.9938 -0.2252 1.0669, 0.9938 -0.2252 1.0709, 1.0084 -0.2221 1.0669, 1.0084 -0.2221 1.0709, 1.0164 -0.2217 1.0669, 1.0164 -0.2217 1.0709, 1.0374 -0.2242 1.0669, 1.0374 -0.2242 1.0709, 1.0547 -0.2307 1.0669, 1.0547 -0.2307 1.0709, 1.0566 -0.2318 1.0669, 1.0566 -0.2318 1.0709, 1.0566 -0.2088 1.0709, 1.0566 -0.2088 1.0669, 1.0162 -0.2018 1.0669, 1.0162 -0.2018 1.0709, 1.0345 -0.2032 1.0669, 1.0385 -0.2036 1.0709, 1.0385 -0.2036 1.0669, 1.0044 -0.2032 1.0669, 0.9916 -0.2048 1.0709, 0.9916 -0.2048 1.0669, 0.9739 -0.2117 1.0669, 0.9739 -0.2117 1.0709, 0.9579 -0.2229 1.0669, 0.9579 -0.2229 1.0709, 0.9537 -0.2269 1.0669, 0.9537 -0.2269 1.0709, 0.9414 -0.243 1.0669, 0.9367 -0.2538 1.0669, 0.9333 -0.2619 1.0709, 0.9414 -0.243 1.0709, 0.9333 -0.2619 1.0669, 0.9294 -0.2841 1.0669, 0.9294 -0.2841 1.0709, 0.9291 -0.293 1.0669, 0.9291 -0.293 1.0709, 0.9325 -0.3207 1.0669, 0.9367 -0.3316 1.0669, 0.9394 -0.3385 1.0709, 0.9325 -0.3207 1.0709, 0.9394 -0.3385 1.0669, 0.9495 -0.353 1.0669, 0.9495 -0.353 1.0709, 0.951 -0.3545 1.0669, 0.951 -0.3545 1.0709, 0.9807 -0.3735 1.0669, 0.9646 -0.3659 1.0709, 0.9646 -0.3659 1.0669, 0.9945 -0.3763 1.0669, 0.9991 -0.3773 1.0709, 0.9807 -0.3735 1.0709, 0.9991 -0.3773 1.0669, 1.0094 -0.3778 1.0669, 1.0094 -0.3778 1.0709, 1.0354 -0.3753 1.0709, 1.0245 -0.3763 1.0669, 1.0354 -0.3753 1.0669, 1.0537 -0.3693 1.0669, 1.0537 -0.3693 1.0709, 1.0566 -0.3679 1.0669, 1.0566 -0.3679 1.0709, 1.0566 -0.3468 1.0709, 1.0566 -0.3468 1.0669, 1.0398 -0.3543 1.0669, 1.0398 -0.3543 1.0709, 1.0205 -0.3579 1.0669, 1.0205 -0.3579 1.0709, 1.6232 -0.5792 1.0709, 1.6162 -0.5984 1.0709, 1.6803 -0.5792 1.0709, 1.6871 -0.5984 1.0709, 1.6486 -0.5084 1.0709, 1.6404 -0.4747 1.0709, 1.5756 -0.645 1.0709, 1.5998 -0.645 1.0709, 1.6501 -0.5033 1.0709, 1.6514 -0.4965 1.0709, 1.6639 -0.4747 1.0709, 1.6519 -0.4965 1.0709, 1.6533 -0.5037 1.0709, 1.6546 -0.5084 1.0709, 1.7287 -0.645 1.0709, 1.7044 -0.645 1.0709, 1.6404 -0.4747 1.0669, 1.6639 -0.4747 1.0669, 1.5756 -0.645 1.0669, 1.5998 -0.645 1.0669, 1.6162 -0.5984 1.0669, 1.6871 -0.5984 1.0669, 1.7044 -0.645 1.0669, 1.7287 -0.645 1.0669, 1.6486 -0.5084 1.0669, 1.6501 -0.5033 1.0669, 1.6514 -0.4965 1.0669, 1.6232 -0.5792 1.0669, 1.6803 -0.5792 1.0669, 1.6546 -0.5084 1.0669, 1.6519 -0.4965 1.0669, 1.6533 -0.5037 1.0669
            ]
        }
        coordIndex [
            0,1,2,-1,0,2,3,-1,3,2,4,-1,3,4,5,-1,5,4,6,-1,5,6,7,-1,7,6,8,-1,7,8,9,-1,9,8,10,-1,9,10,11,-1,11,10,12,-1,11,12,13,-1,13,12,14,-1,13,14,15,-1,15,14,16,-1,15,16,17,-1,17,16,18,-1,17,18,19,-1,19,18,20,-1,19,20,21,-1,21,20,22,-1,21,22,23,-1,23,22,24,-1,23,24,25,-1,25,24,26,-1,25,26,27,-1,27,26,28,-1,27,28,29,-1,29,28,30,-1,29,30,31,-1,31,30,32,-1,31,32,33,-1,33,32,34,-1,33,34,35,-1,35,34,36,-1,35,36,37,-1,37,36,38,-1,37,38,39,-1,40,39,41,-1,41,39,38,-1,42,43,44,-1,44,43,45,-1,44,45,46,-1,46,45,40,-1,46,40,41,-1,43,42,47,-1,43,47,48,-1,47,49,48,-1,48,49,50,-1,48,50,51,-1,51,50,52,-1,51,52,53,-1,53,52,54,-1,53,54,55,-1,55,54,56,-1,57,58,56,-1,56,58,59,-1,56,59,55,-1,57,60,58,-1,58,60,61,-1,58,61,62,-1,62,61,63,-1,62,63,64,-1,64,63,65,-1,66,67,65,-1,65,67,68,-1,65,68,64,-1,66,69,67,-1,67,69,70,-1,67,70,71,-1,71,70,72,-1,71,72,73,-1,74,75,76,-1,76,75,73,-1,76,73,72,-1,77,78,74,-1,74,78,79,-1,74,79,75,-1,77,80,78,-1,78,80,81,-1,78,81,82,-1,82,81,83,-1,83,81,84,-1,84,85,83,-1,83,85,86,-1,83,86,87,-1,87,86,88,-1,87,88,89,-1,90,89,91,-1,91,89,88,-1,90,91,92,-1,90,92,93,-1,93,92,94,-1,93,94,95,-1,95,94,1,-1,95,1,0,-1,27,29,48,-1,19,21,59,-1,59,21,55,-1,48,29,43,-1,64,17,62,-1,62,17,19,-1,62,19,58,-1,58,19,59,-1,29,31,43,-1,43,31,33,-1,43,33,45,-1,45,33,35,-1,45,35,40,-1,40,35,37,-1,40,37,39,-1,89,90,87,-1,87,90,93,-1,87,93,83,-1,83,93,95,-1,83,95,82,-1,82,95,0,-1,82,0,78,-1,78,0,3,-1,78,3,79,-1,79,3,5,-1,79,5,75,-1,75,5,7,-1,75,7,73,-1,73,7,9,-1,73,9,71,-1,71,9,11,-1,71,11,67,-1,67,11,68,-1,68,11,13,-1,68,13,64,-1,64,13,15,-1,64,15,17,-1,21,23,55,-1,55,23,25,-1,55,25,53,-1,53,25,27,-1,53,27,51,-1,51,27,48,-1,96,97,98,-1,98,97,99,-1,100,101,96,-1,96,101,102,-1,96,102,97,-1,97,102,103,-1,100,104,101,-1,101,104,105,-1,101,105,106,-1,106,105,107,-1,106,107,108,-1,108,109,106,-1,106,109,98,-1,106,98,110,-1,110,98,99,-1,110,99,111,-1,101,106,112,-1,112,106,113,-1,102,101,114,-1,114,101,112,-1,103,102,115,-1,115,102,114,-1,97,103,116,-1,116,103,115,-1,99,97,117,-1,117,97,116,-1,111,99,118,-1,118,99,117,-1,110,111,119,-1,119,111,118,-1,106,110,113,-1,113,110,119,-1,100,120,121,-1,100,121,104,-1,104,121,122,-1,104,122,105,-1,100,96,120,-1,120,96,123,-1,96,98,123,-1,123,98,124,-1,98,109,124,-1,124,109,125,-1,107,126,127,-1,107,127,108,-1,108,127,125,-1,108,125,109,-1,107,105,126,-1,126,105,122,-1,
        ]
    }
}
Shape{
    appearance Appearance {
        material  Material {
            diffuseColor 0.6666666666666666 0.6666666666666666 0.6666666666666666
            specularColor 0.4666666666666667 0.4666666666666667 0.4666666666666667
            ambientIntensity 0.6667
            transparency 0.0
            shininess 0.5
        }
    }
    geometry IndexedFaceSet {
        ccw TRUE
        solid FALSE
        coord DEF co Coordinate {
            point [
                1.6519 -0.4965 1.0669, 1.6514 -0.4965 1.0669, 1.6533 -0.5037 1.0669, 1.6501 -0.5033 1.0669, 1.6546 -0.5084 1.0669, 1.6486 -0.5084 1.0669, 1.6803 -0.5792 1.0669, 1.6232 -0.5792 1.0669
            ]
        }
        coordIndex [
            0,1,2,-1,2,1,3,-1,2,3,4,-1,4,3,5,-1,4,5,6,-1,6,5,7,-1,
        ]
    }
}
Shape{
    appearance Appearance {
        material  Material {
            diffuseColor 0.0 0.0 0.0
            specularColor 0.0 0.0 0.0
            ambientIntensity 0.0
            transparency 0.0
            shininess 0.5
        }
    }
    geometry IndexedFaceSet {
        ccw TRUE
        solid FALSE
        coord DEF co Coordinate {
            point [
                1.3258 -0.6256 1.0669, 1.3258 -0.6256 1.0709, 1.3577 -0.6256 1.0669, 1.3954 -0.6256 1.0709, 1.3954 -0.6256 1.0669, 1.3258 -0.5683 1.0709, 1.3258 -0.5683 1.0669, 1.3867 -0.5683 1.0669, 1.3867 -0.5683 1.0709, 1.3577 -0.5683 1.0669, 1.3867 -0.5488 1.0709, 1.3867 -0.5488 1.0669, 1.3258 -0.5488 1.0669, 1.3258 -0.5488 1.0709, 1.3577 -0.5488 1.0669, 1.3258 -0.4943 1.0709, 1.3258 -0.4943 1.0669, 1.3915 -0.4943 1.0669, 1.3915 -0.4943 1.0709, 1.3577 -0.4943 1.0669, 1.3915 -0.4747 1.0709, 1.3915 -0.4747 1.0669, 1.3038 -0.4747 1.0669, 1.3038 -0.4747 1.0709, 1.3577 -0.4747 1.0669, 1.3038 -0.645 1.0709, 1.3038 -0.645 1.0669, 1.3954 -0.645 1.0669, 1.3954 -0.645 1.0709, 1.3577 -0.645 1.0669, 0.8544 -0.6256 1.0709, 0.9239 -0.6256 1.0709, 0.8544 -0.6256 1.0669, 0.9239 -0.6256 1.0669, 0.8544 -0.5683 1.0709, 0.8544 -0.5683 1.0669, 0.9152 -0.5683 1.0709, 0.9152 -0.5683 1.0669, 0.9152 -0.5488 1.0709, 0.9152 -0.5488 1.0669, 0.8544 -0.5488 1.0709, 0.8544 -0.5488 1.0669, 0.8544 -0.4943 1.0709, 0.8544 -0.4943 1.0669, 0.9201 -0.4943 1.0709, 0.9201 -0.4943 1.0669, 0.9201 -0.4747 1.0709, 0.9201 -0.4747 1.0669, 0.8324 -0.4747 1.0709, 0.8324 -0.4747 1.0669, 0.8324 -0.645 1.0709, 0.8324 -0.645 1.0669, 0.9239 -0.645 1.0709, 0.9239 -0.645 1.0669, 1.41 -0.3091 1.0709, 1.403 -0.3284 1.0709, 1.4671 -0.3091 1.0709, 1.4739 -0.3284 1.0709, 1.4354 -0.2384 1.0709, 1.4272 -0.2047 1.0709, 1.3624 -0.3749 1.0709, 1.3867 -0.3749 1.0709, 1.4369 -0.2333 1.0709, 1.4382 -0.2264 1.0709, 1.4507 -0.2047 1.0709, 1.4387 -0.2264 1.0709, 1.4401 -0.2336 1.0709, 1.4414 -0.2384 1.0709, 1.5155 -0.3749 1.0709, 1.4913 -0.3749 1.0709, 1.4272 -0.2047 1.0669, 1.4507 -0.2047 1.0669, 1.3624 -0.3749 1.0669, 1.4114 -0.2461 1.0669, 1.3867 -0.3749 1.0669, 1.403 -0.3284 1.0669, 1.4739 -0.3284 1.0669, 1.4114 -0.3284 1.0669, 1.4913 -0.3749 1.0669, 1.5155 -0.3749 1.0669, 1.4354 -0.2384 1.0669, 1.4369 -0.2333 1.0669, 1.4382 -0.2264 1.0669, 1.41 -0.3091 1.0669, 1.4671 -0.3091 1.0669, 1.4414 -0.2384 1.0669, 1.4387 -0.2264 1.0669, 1.4401 -0.2336 1.0669
            ]
        }
        coordIndex [
            0,1,2,-1,2,1,3,-1,2,3,4,-1,5,1,6,-1,6,1,0,-1,7,8,9,-1,9,8,5,-1,9,5,6,-1,10,8,11,-1,11,8,7,-1,12,13,14,-1,14,13,10,-1,14,10,11,-1,15,13,16,-1,16,13,12,-1,17,18,19,-1,19,18,15,-1,19,15,16,-1,20,18,21,-1,21,18,17,-1,22,23,24,-1,24,23,20,-1,24,20,21,-1,25,23,26,-1,26,23,22,-1,27,28,29,-1,29,28,25,-1,29,25,26,-1,3,28,4,-1,4,28,27,-1,25,28,3,-1,3,1,25,-1,25,1,5,-1,25,5,23,-1,18,20,15,-1,15,20,23,-1,15,23,13,-1,13,23,5,-1,13,5,10,-1,10,5,8,-1,30,31,32,-1,32,31,33,-1,34,30,35,-1,35,30,32,-1,36,34,37,-1,37,34,35,-1,38,36,39,-1,39,36,37,-1,40,38,41,-1,41,38,39,-1,42,40,43,-1,43,40,41,-1,44,42,45,-1,45,42,43,-1,46,44,47,-1,47,44,45,-1,48,46,49,-1,49,46,47,-1,50,48,51,-1,51,48,49,-1,52,50,53,-1,53,50,51,-1,31,52,33,-1,33,52,53,-1,50,52,31,-1,31,30,50,-1,50,30,34,-1,50,34,48,-1,44,46,42,-1,42,46,48,-1,42,48,40,-1,40,48,34,-1,40,34,38,-1,38,34,36,-1,54,55,56,-1,56,55,57,-1,58,59,54,-1,54,59,60,-1,54,60,55,-1,55,60,61,-1,58,62,59,-1,59,62,63,-1,59,63,64,-1,64,63,65,-1,64,65,66,-1,66,67,64,-1,64,67,56,-1,64,56,68,-1,68,56,57,-1,68,57,69,-1,59,64,70,-1,70,64,71,-1,72,60,73,-1,73,60,59,-1,73,59,70,-1,61,60,74,-1,74,60,72,-1,55,61,75,-1,75,61,74,-1,76,57,77,-1,77,57,55,-1,77,55,75,-1,69,57,78,-1,78,57,76,-1,68,69,79,-1,79,69,78,-1,64,68,71,-1,71,68,79,-1,58,80,81,-1,58,81,62,-1,62,81,82,-1,62,82,63,-1,58,54,80,-1,80,54,83,-1,54,56,83,-1,83,56,84,-1,56,67,84,-1,84,67,85,-1,65,86,87,-1,65,87,66,-1,66,87,85,-1,66,85,67,-1,65,63,86,-1,86,63,82,-1,
        ]
    }
}
Shape{
    appearance Appearance {
        material  Material {
            diffuseColor 0.6666666666666666 0.6666666666666666 0.6666666666666666
            specularColor 0.4666666666666667 0.4666666666666667 0.4666666666666667
            ambientIntensity 0.6667
            transparency 0.0
            shininess 0.5
        }
    }
    geometry IndexedFaceSet {
        ccw TRUE
        solid FALSE
        coord DEF co Coordinate {
            point [
                1.4387 -0.2264 1.0669, 1.4382 -0.2264 1.0669, 1.4401 -0.2336 1.0669, 1.4369 -0.2333 1.0669, 1.4414 -0.2384 1.0669, 1.4354 -0.2384 1.0669, 1.4671 -0.3091 1.0669, 1.41 -0.3091 1.0669
            ]
        }
        coordIndex [
            0,1,2,-1,2,1,3,-1,2,3,4,-1,4,3,5,-1,4,5,6,-1,6,5,7,-1,
        ]
    }
}
Shape{
    appearance Appearance {
        material  Material {
            diffuseColor 0.0 0.0 0.0
            specularColor 0.0 0.0 0.0
            ambientIntensity 0.0
            transparency 0.0
            shininess 0.5
        }
    }
    geometry IndexedFaceSet {
        ccw TRUE
        solid FALSE
        coord DEF co Coordinate {
            point [
                1.1126 -0.3555 1.0669, 1.1126 -0.3555 1.0709, 1.1586 -0.3555 1.0669, 1.1822 -0.3555 1.0709, 1.1822 -0.3555 1.0669, 1.1126 -0.2982 1.0709, 1.1126 -0.2982 1.0669, 1.1735 -0.2982 1.0669, 1.1735 -0.2982 1.0709, 1.1586 -0.2982 1.0669, 1.1735 -0.2787 1.0709, 1.1735 -0.2787 1.0669, 1.1126 -0.2787 1.0669, 1.1126 -0.2787 1.0709, 1.1586 -0.2787 1.0669, 1.1126 -0.2243 1.0709, 1.1126 -0.2243 1.0669, 1.1783 -0.2243 1.0669, 1.1783 -0.2243 1.0709, 1.1586 -0.2243 1.0669, 1.1783 -0.2047 1.0709, 1.1783 -0.2047 1.0669, 1.0906 -0.2047 1.0669, 1.0906 -0.2047 1.0709, 1.1586 -0.2047 1.0669, 1.0906 -0.3749 1.0709, 1.0906 -0.3749 1.0669, 1.1822 -0.3749 1.0669, 1.1822 -0.3749 1.0709, 1.1586 -0.3749 1.0669, 0.8544 -0.3555 1.0709, 0.9221 -0.3555 1.0709, 0.8544 -0.3555 1.0669, 0.9221 -0.3555 1.0669, 0.8544 -0.2047 1.0709, 0.8544 -0.2047 1.0669, 0.8324 -0.2047 1.0709, 0.8324 -0.2047 1.0669, 0.8324 -0.3749 1.0709, 0.8324 -0.3749 1.0669, 0.9221 -0.3749 1.0709, 0.9221 -0.3749 1.0669
            ]
        }
        coordIndex [
            0,1,2,-1,2,1,3,-1,2,3,4,-1,5,1,6,-1,6,1,0,-1,7,8,9,-1,9,8,5,-1,9,5,6,-1,10,8,11,-1,11,8,7,-1,12,13,14,-1,14,13,10,-1,14,10,11,-1,15,13,16,-1,16,13,12,-1,17,18,19,-1,19,18,15,-1,19,15,16,-1,20,18,21,-1,21,18,17,-1,22,23,24,-1,24,23,20,-1,24,20,21,-1,25,23,26,-1,26,23,22,-1,27,28,29,-1,29,28,25,-1,29,25,26,-1,3,28,4,-1,4,28,27,-1,25,28,3,-1,3,1,25,-1,25,1,5,-1,25,5,23,-1,18,20,15,-1,15,20,23,-1,15,23,13,-1,13,23,5,-1,13,5,10,-1,10,5,8,-1,30,31,32,-1,32,31,33,-1,34,30,35,-1,35,30,32,-1,36,34,37,-1,37,34,35,-1,38,36,39,-1,39,36,37,-1,40,38,41,-1,41,38,39,-1,31,40,33,-1,33,40,41,-1,34,36,30,-1,30,36,38,-1,30,38,31,-1,31,38,40,-1,
        ]
    }
}