#VRML V2.0 utf8
# 3D model generated by kicad-lcsc-manager
# Based on easyeda2kicad.py v1.0.1

Shape{
    appearance Appearance {
        material  Material {
            diffuseColor 0.9686274509803922 0.8784313725490196 0.6
            specularColor 0.6784313725490196 0.615686274509804 0.4196078431372549
            ambientIntensity 0.8737
            transparency 0.0
            shininess 0.5
        }
    }
    geometry IndexedFaceSet {
        ccw TRUE
        solid FALSE
        coord DEF co Coordinate {
            point [
                0.4928 -0.9318 0.0591, 0.5239 -0.9498 0.0591, 0.4581 -1.1958 0.0591, 0.5674 -1.1119 0.0591, 0.5494 -1.143 0.0591, 0.524 -1.1685 0.0591, 0.4221 -1.1958 0.0591, 0.3874 -1.1865 0.0591, 0.4221 -0.9225 0.0591, 0.3562 -1.1685 0.0591, 0.458 -0.9225 0.0591, 0.5494 -0.9753 0.0591, 0.5674 -1.0064 0.0591, 0.5767 -1.0412 0.0591, 0.5767 -1.0771 0.0591, 0.4928 -1.1865 0.0591, 0.3308 -1.1431 0.0591, 0.3128 -1.1119 0.0591, 0.3873 -0.9319 0.0591, 0.3562 -0.9498 0.0591, 0.3035 -1.0772 0.0591, 0.3035 -1.0412 0.0591, 0.3307 -0.9753 0.0591, 0.3128 -1.0064 0.0591, 0.3128 -1.1119 0.0, 0.3035 -1.0772 0.0, 0.3035 -1.0412 0.0, 0.3128 -1.0064 0.0, 0.3307 -0.9753 0.0, 0.3562 -0.9498 0.0, 0.3873 -0.9319 0.0, 0.4221 -0.9225 0.0, 0.458 -0.9225 0.0, 0.4928 -0.9318 0.0, 0.5239 -0.9498 0.0, 0.5494 -0.9753 0.0, 0.5674 -1.0064 0.0, 0.5767 -1.0412 0.0, 0.5767 -1.0771 0.0, 0.5674 -1.1119 0.0, 0.5494 -1.143 0.0, 0.524 -1.1685 0.0, 0.4928 -1.1865 0.0, 0.4581 -1.1958 0.0, 0.4221 -1.1958 0.0, 0.3874 -1.1865 0.0, 0.3562 -1.1685 0.0, 0.3308 -1.1431 0.0, -0.2364 1.1493 0.0, -0.2364 1.1493 0.5984, -0.2652 1.1992 0.0, -0.2652 1.1992 0.5984, -0.3059 1.2399 0.0, -0.3059 1.2399 0.5984, -0.3557 1.2686 0.0, -0.3557 1.2686 0.5984, -0.4113 1.2835 0.0, -0.4113 1.2835 0.5984, -0.4689 1.2835 0.0, -0.4689 1.2835 0.5984, -0.5245 1.2686 0.0, -0.5245 1.2686 0.5984, -0.5743 1.2398 0.0, -0.5743 1.2398 0.5984, -0.615 1.1991 0.0, -0.615 1.1991 0.5984, -0.6438 1.1493 0.0, -0.6438 1.1493 0.5984, -0.6587 1.0937 0.0, -0.6587 1.0937 0.5984, -0.6587 1.0361 0.0, -0.6587 1.0361 0.5984, -0.6438 0.9805 0.0, -0.6438 0.9805 0.5984, -0.615 0.9307 0.0, -0.615 0.9307 0.5984, -0.5743 0.89 0.0, -0.5743 0.89 0.5984, -0.5244 0.8612 0.0, -0.5244 0.8612 0.5984, -0.4688 0.8463 0.0, -0.4688 0.8463 0.5984, -0.4113 0.8463 0.0, -0.4113 0.8463 0.5984, -0.3557 0.8612 0.0, -0.3557 0.8612 0.5984, -0.3058 0.89 0.0, -0.3058 0.89 0.5984, -0.2651 0.9307 0.0, -0.2651 0.9307 0.5984, -0.2364 0.9806 0.0, -0.2364 0.9806 0.5984, -0.2215 1.0362 0.0, -0.2215 1.0362 0.5984, -0.2215 1.0937 0.0, -0.2215 1.0937 0.5984, 0.2361 0.9806 0.5984, 0.2361 0.9806 0.0, 0.2212 1.0362 0.5984, 0.2212 1.0362 0.0, 0.2212 1.0938 0.5984, 0.2212 1.0938 0.0, 0.2361 1.1494 0.5984, 0.2361 1.1494 0.0, 0.2649 1.1992 0.5984, 0.2649 1.1992 0.0, 0.3056 1.2399 0.5984, 0.3056 1.2399 0.0, 0.3554 1.2687 0.5984, 0.3554 1.2687 0.0, 0.411 1.2836 0.5984, 0.411 1.2836 0.0, 0.4685 1.2836 0.5984, 0.4685 1.2836 0.0, 0.5241 1.2687 0.5984, 0.5241 1.2687 0.0, 0.574 1.24 0.5984, 0.574 1.24 0.0, 0.6147 1.1993 0.5984, 0.6147 1.1993 0.0, 0.6435 1.1494 0.5984, 0.6435 1.1494 0.0, 0.6584 1.0938 0.5984, 0.6584 1.0938 0.0, 0.6584 1.0363 0.5984, 0.6584 1.0363 0.0, 0.6435 0.9807 0.5984, 0.6435 0.9807 0.0, 0.6147 0.9308 0.5984, 0.6147 0.9308 0.0, 0.574 0.8901 0.5984, 0.574 0.8901 0.0, 0.5242 0.8614 0.5984, 0.5242 0.8614 0.0, 0.4686 0.8465 0.5984, 0.4686 0.8465 0.0, 0.411 0.8464 0.5984, 0.411 0.8464 0.0, 0.3554 0.8613 0.5984, 0.3554 0.8613 0.0, 0.3056 0.8901 0.5984, 0.3056 0.8901 0.0, 0.2649 0.9308 0.5984, 0.2649 0.9308 0.0, 1.3699 0.7845 0.5197, 1.3271 0.8579 0.5197, 1.3249 0.8565 0.5401, 1.1329 1.101 0.5197, 1.0518 1.1802 0.5197, 1.05 1.1782 0.5401, 0.6489 1.4404 0.5197, 0.5711 1.4747 0.5197, 0.5701 1.4722 0.5401, 0.2711 1.5571 0.5197, 0.1589 1.5736 0.5197, 0.1587 1.5709 0.5401, -0.32 1.5473 0.5197, -0.4031 1.5293 0.5197, -0.4024 1.5267 0.5401, -0.6943 1.4196 0.5197, -0.7947 1.367 0.5197, -0.7933 1.3647 0.5401, -1.1667 1.0642 0.5197, -1.2233 1.0008 0.5197, -1.2212 0.9991 0.5401, -1.3944 0.741 0.5197, -1.4447 0.6394 0.5197, -1.4423 0.6383 0.5401, -1.5677 0.1758 0.5197, -1.5763 0.0912 0.5197, -1.5736 0.091 0.5401, -1.562 -0.2196 0.5197, -1.543 -0.3313 0.5197, -1.5403 -0.3308 0.5401, -1.4316 -0.4448 0.5984, -1.466 -0.3147 0.5984, -1.4511 -0.4509 0.5957, -1.4859 -0.319 0.5957, -1.4692 -0.4566 0.5879, -1.5045 -0.323 0.5879, -1.4848 -0.4614 0.5754, -1.5204 -0.3265 0.5754, -1.4967 -0.4652 0.5591, -1.5326 -0.3291 0.5591, -1.5042 -0.4675 0.5401, -1.4991 -0.0478 0.5984, -1.4977 0.0868 0.5984, -1.5195 -0.0485 0.5957, -1.518 0.0879 0.5957, -1.5385 -0.0491 0.5879, -1.537 0.089 0.5879, -1.5548 -0.0497 0.5754, -1.5532 0.0899 0.5754, -1.5673 -0.0501 0.5591, -1.5657 0.0906 0.5591, -1.5752 -0.0504 0.5401, -1.4214 0.4822 0.5984, -1.3727 0.6077 0.5984, -1.4407 0.4887 0.5957, -1.3913 0.6159 0.5957, -1.4587 0.4948 0.5879, -1.4087 0.6235 0.5879, -1.4741 0.5 0.5754, -1.4236 0.6301 0.5754, -1.486 0.504 0.5591, -1.4351 0.6352 0.5591, -1.4934 0.5065 0.5401, -1.2426 0.8431 0.5984, -1.1623 0.9511 0.5984, -1.2595 0.8545 0.5957, -1.1781 0.9639 0.5957, -1.2752 0.8651 0.5879, -1.1928 0.9759 0.5879, -1.2887 0.8742 0.5754, -1.2055 0.9863 0.5754, -1.2991 0.8812 0.5591, -1.2151 0.9942 0.5591, -1.3056 0.8857 0.5401, -0.8682 1.2261 0.5984, -0.755 1.299 0.5984, -0.88 1.2427 0.5957, -0.7653 1.3166 0.5957, -0.891 1.2582 0.5879, -0.7748 1.333 0.5879, -0.9004 1.2715 0.5754, -0.7831 1.3471 0.5754, -0.9076 1.2817 0.5591, -0.7894 1.3579 0.5591, -0.9122 1.2881 0.5401, -0.5115 1.413 0.5984, -0.383 1.4532 0.5984, -0.5184 1.4321 0.5957, -0.3882 1.4729 0.5957, -0.5249 1.45 0.5879, -0.3931 1.4912 0.5879, -0.5304 1.4653 0.5754, -0.3972 1.507 0.5754, -0.5347 1.4771 0.5591, -0.4004 1.5191 0.5591, -0.5374 1.4845 0.5401, 0.0166 1.5028 0.5984, 0.151 1.4953 0.5984, 0.0169 1.5232 0.5957, 0.1531 1.5155 0.5957, 0.0171 1.5422 0.5879, 0.155 1.5344 0.5879, 0.0172 1.5585 0.5754, 0.1566 1.5507 0.5754, 0.0174 1.571 0.5591, 0.1579 1.5631 0.5591, 0.0175 1.5788 0.5401, 0.4151 1.4443 0.5984, 0.5426 1.4013 0.5984, 0.4207 1.4639 0.5957, 0.55 1.4203 0.5957, 0.426 1.4821 0.5879, 0.5568 1.438 0.5879, 0.4305 1.4978 0.5754, 0.5627 1.4532 0.5754, 0.4339 1.5098 0.5591, 0.5673 1.4649 0.5591, 0.4361 1.5174 0.5401, 0.8951 1.2066 0.5984, 0.9994 1.1215 0.5984, 0.9072 1.2229 0.5957, 1.0129 1.1367 0.5957, 0.9186 1.2382 0.5879, 1.0256 1.1508 0.5879, 0.9283 1.2512 0.5754, 1.0365 1.163 0.5754, 0.9358 1.2613 0.5591, 1.0448 1.1723 0.5591, 0.9405 1.2676 0.5401, 1.183 0.9251 0.5984, 1.2609 0.8153 0.5984, 1.1991 0.9376 0.5957, 1.2781 0.8263 0.5957, 1.2141 0.9493 0.5879, 1.294 0.8366 0.5879, 1.227 0.9593 0.5754, 1.3077 0.8455 0.5754, 1.2368 0.967 0.5591, 1.3183 0.8522 0.5591, 1.243 0.9718 0.5401, -1.3857 -0.5713 0.5984, -1.4046 -0.5791 0.5957, -1.4221 -0.5864 0.5879, -1.4372 -0.5926 0.5754, -1.4487 -0.5974 0.5591, -1.456 -0.6004 0.5401, -1.4585 -0.6015 0.5197, -1.5068 -0.4683 0.5197, -1.5213 -0.4135 0.5197, -1.5667 -0.1917 0.5197, -1.564 -0.1914 0.5401, -1.5562 -0.1904 0.5591, -1.5438 -0.1888 0.5754, -1.5276 -0.1868 0.5879, -1.5088 -0.1845 0.5957, -1.4886 -0.182 0.5984, -1.5778 -0.0505 0.5197, -1.5775 -0.0221 0.5197, -1.562 0.2321 0.5197, -1.5594 0.2317 0.5401, -1.5516 0.2306 0.5591, -1.5392 0.2288 0.5754, -1.5231 0.2264 0.5879, -1.5043 0.2237 0.5957, -1.4841 0.2207 0.5984, -1.4586 0.3529 0.5984, -1.4784 0.3576 0.5957, -1.4969 0.362 0.5879, -1.5127 0.3658 0.5754, -1.5249 0.3688 0.5591, -1.5326 0.3706 0.5401, -1.5352 0.3712 0.5197, -1.496 0.5074 0.5197, -1.4755 0.5602 0.5197, -1.3819 0.7664 0.5197, -1.3795 0.7651 0.5401, -1.3726 0.7613 0.5591, -1.3617 0.7552 0.5754, -1.3474 0.7473 0.5879, -1.3308 0.7381 0.5957, -1.3129 0.7283 0.5984, -1.3079 0.8872 0.5197, -1.291 0.9099 0.5197, -1.1289 1.1065 0.5197, -1.127 1.1046 0.5401, -1.1214 1.0991 0.5591, -1.1125 1.0903 0.5754, -1.1008 1.0789 0.5879, -1.0872 1.0657 0.5957, -1.0726 1.0514 0.5984, -0.9743 1.1434 0.5984, -0.9876 1.1589 0.5957, -0.9999 1.1733 0.5879, -1.0105 1.1857 0.5754, -1.0186 1.1952 0.5591, -1.0237 1.2012 0.5401, -1.0255 1.2032 0.5197, -0.9137 1.2903 0.5197, -0.8661 1.321 0.5197, -0.6692 1.4328 0.5197, -0.668 1.4304 0.5401, -0.6647 1.4232 0.5591, -0.6594 1.4119 0.5754, -0.6525 1.3971 0.5879, -0.6444 1.3799 0.5957, -0.6358 1.3615 0.5984, -0.5383 1.487 0.5197, -0.5113 1.4955 0.5197, -0.2647 1.5593 0.5197, -0.2642 1.5566 0.5401, -0.2629 1.5489 0.5591, -0.2608 1.5365 0.5754, -0.2581 1.5205 0.5879, -0.2549 1.5017 0.5957, -0.2515 1.4817 0.5984, -0.1179 1.4982 0.5984, -0.1195 1.5186 0.5957, -0.121 1.5375 0.5879, -0.1223 1.5537 0.5754, -0.1233 1.5662 0.5591, -0.1239 1.5741 0.5401, -0.1241 1.5767 0.5197, 0.0175 1.5815 0.5197, 0.0741 1.5784 0.5197, 0.2991 1.553 0.5197, 0.2986 1.5504 0.5401, 0.2971 1.5427 0.5591, 0.2947 1.5304 0.5754, 0.2916 1.5144 0.5879, 0.288 1.4957 0.5957, 0.2842 1.4757 0.5984, 0.4368 1.52 0.5197, 0.4637 1.5109 0.5197, 0.7007 1.4176 0.5197, 0.6995 1.4152 0.5401, 0.696 1.4081 0.5591, 0.6905 1.3969 0.5754, 0.6832 1.3823 0.5879, 0.6748 1.3653 0.5957, 0.6658 1.347 0.5984, 0.7836 1.2819 0.5984, 0.7942 1.2993 0.5957, 0.8041 1.3155 0.5879, 0.8127 1.3294 0.5754, 0.8192 1.3401 0.5591, 0.8233 1.3468 0.5401, 0.8247 1.3491 0.5197, 0.9421 1.2697 0.5197, 0.986 1.2339 0.5197, 1.1531 1.0812 0.5197, 1.1512 1.0793 0.5401, 1.1454 1.074 0.5591, 1.1363 1.0654 0.5754, 1.1244 1.0543 0.5879, 1.1105 1.0413 0.5957, 1.0956 1.0274 0.5984, 1.2451 0.9735 0.5197, 1.2615 0.9504 0.5197, 1.3984 0.7355 0.5197, 1.3961 0.7343 0.5401, 1.3891 0.7306 0.5591, 1.378 0.7248 0.5754, 1.3636 0.7173 0.5879, 1.3467 0.7085 0.5957, 1.3287 0.699 0.5984, 1.3857 0.5771 0.5984, 1.4046 0.5849 0.5957, 1.4221 0.5922 0.5879, 1.4372 0.5984 0.5754, 1.4487 0.6032 0.5591, 1.456 0.6062 0.5401, 1.4585 0.6072 0.5197, -1.3699 -0.7787 0.5197, -1.3271 -0.8522 0.5197, -1.3249 -0.8507 0.5401, -1.1329 -1.0952 0.5197, -1.0518 -1.1744 0.5197, -1.05 -1.1724 0.5401, -0.6489 -1.4347 0.5197, -0.5711 -1.469 0.5197, -0.5701 -1.4664 0.5401, -0.2711 -1.5514 0.5197, -0.1589 -1.5678 0.5197, -0.1587 -1.5652 0.5401, 0.32 -1.5415 0.5197, 0.4031 -1.5235 0.5197, 0.4024 -1.5209 0.5401, 0.6943 -1.4139 0.5197, 0.7947 -1.3613 0.5197, 0.7933 -1.359 0.5401, 1.1667 -1.0585 0.5197, 1.2233 -0.9951 0.5197, 1.2212 -0.9934 0.5401, 1.3944 -0.7352 0.5197, 1.4447 -0.6337 0.5197, 1.4423 -0.6326 0.5401, 1.5677 -0.17 0.5197, 1.5763 -0.0854 0.5197, 1.5736 -0.0853 0.5401, 1.562 0.2254 0.5197, 1.543 0.3371 0.5197, 1.5403 0.3365 0.5401, 1.4316 0.4506 0.5984, 1.466 0.3204 0.5984, 1.4511 0.4566 0.5957, 1.4859 0.3247 0.5957, 1.4692 0.4623 0.5879, 1.5045 0.3288 0.5879, 1.4848 0.4672 0.5754, 1.5204 0.3322 0.5754, 1.4967 0.4709 0.5591, 1.5326 0.3349 0.5591, 1.5042 0.4733 0.5401, 1.4991 0.0536 0.5984, 1.4977 -0.081 0.5984, 1.5195 0.0543 0.5957, 1.518 -0.0822 0.5957, 1.5385 0.0549 0.5879, 1.537 -0.0832 0.5879, 1.5548 0.0554 0.5754, 1.5532 -0.0841 0.5754, 1.5673 0.0559 0.5591, 1.5657 -0.0848 0.5591, 1.5752 0.0561 0.5401, 1.4214 -0.4764 0.5984, 1.3727 -0.6019 0.5984, 1.4407 -0.4829 0.5957, 1.3913 -0.6101 0.5957, 1.4587 -0.489 0.5879, 1.4087 -0.6178 0.5879, 1.4741 -0.4942 0.5754, 1.4236 -0.6244 0.5754, 1.486 -0.4982 0.5591, 1.4351 -0.6294 0.5591, 1.4934 -0.5007 0.5401, 1.2426 -0.8373 0.5984, 1.1623 -0.9453 0.5984, 1.2595 -0.8487 0.5957, 1.1781 -0.9582 0.5957, 1.2752 -0.8593 0.5879, 1.1928 -0.9702 0.5879, 1.2887 -0.8685 0.5754, 1.2055 -0.9805 0.5754, 1.2991 -0.8755 0.5591, 1.2151 -0.9884 0.5591, 1.3056 -0.8799 0.5401, 0.8682 -1.2203 0.5984, 0.755 -1.2932 0.5984, 0.88 -1.237 0.5957, 0.7653 -1.3108 0.5957, 0.891 -1.2524 0.5879, 0.7748 -1.3273 0.5879, 0.9004 -1.2657 0.5754, 0.7831 -1.3414 0.5754, 0.9076 -1.276 0.5591, 0.7894 -1.3522 0.5591, 0.9122 -1.2824 0.5401, 0.5115 -1.4072 0.5984, 0.383 -1.4474 0.5984, 0.5184 -1.4264 0.5957, 0.3882 -1.4671 0.5957, 0.5249 -1.4442 0.5879, 0.3931 -1.4855 0.5879, 0.5304 -1.4596 0.5754, 0.3972 -1.5012 0.5754, 0.5347 -1.4713 0.5591, 0.4004 -1.5133 0.5591, 0.5374 -1.4787 0.5401, -0.0166 -1.497 0.5984, -0.151 -1.4895 0.5984, -0.0169 -1.5174 0.5957, -0.1531 -1.5098 0.5957, -0.0171 -1.5364 0.5879, -0.155 -1.5287 0.5879, -0.0172 -1.5527 0.5754, -0.1566 -1.5449 0.5754, -0.0174 -1.5652 0.5591, -0.1579 -1.5573 0.5591, -0.0175 -1.5731 0.5401, -0.4151 -1.4386 0.5984, -0.5426 -1.3955 0.5984, -0.4207 -1.4581 0.5957, -0.55 -1.4145 0.5957, -0.426 -1.4764 0.5879, -0.5568 -1.4322 0.5879, -0.4305 -1.4921 0.5754, -0.5627 -1.4475 0.5754, -0.4339 -1.5041 0.5591, -0.5673 -1.4591 0.5591, -0.4361 -1.5116 0.5401, -0.8951 -1.2008 0.5984, -0.9994 -1.1157 0.5984, -0.9072 -1.2172 0.5957, -1.0129 -1.1309 0.5957, -0.9186 -1.2324 0.5879, -1.0256 -1.1451 0.5879, -0.9283 -1.2455 0.5754, -1.0365 -1.1572 0.5754, -0.9358 -1.2555 0.5591, -1.0448 -1.1666 0.5591, -0.9405 -1.2618 0.5401, -1.183 -0.9193 0.5984, -1.2609 -0.8095 0.5984, -1.1991 -0.9318 0.5957, -1.2781 -0.8206 0.5957, -1.2141 -0.9435 0.5879, -1.294 -0.8309 0.5879, -1.227 -0.9535 0.5754, -1.3077 -0.8397 0.5754, -1.2368 -0.9612 0.5591, -1.3183 -0.8465 0.5591, -1.243 -0.9661 0.5401, 1.5068 0.4741 0.5197, 1.5213 0.4193 0.5197, 1.5667 0.1974 0.5197, 1.564 0.1971 0.5401, 1.5562 0.1961 0.5591, 1.5438 0.1946 0.5754, 1.5276 0.1926 0.5879, 1.5088 0.1903 0.5957, 1.4886 0.1877 0.5984, 1.5778 0.0562 0.5197, 1.5775 0.0279 0.5197, 1.562 -0.2264 0.5197, 1.5594 -0.226 0.5401, 1.5516 -0.2248 0.5591, 1.5392 -0.223 0.5754, 1.5231 -0.2206 0.5879, 1.5043 -0.2179 0.5957, 1.4841 -0.2149 0.5984, 1.4586 -0.3471 0.5984, 1.4784 -0.3518 0.5957, 1.4969 -0.3563 0.5879, 1.5127 -0.3601 0.5754, 1.5249 -0.363 0.5591, 1.5326 -0.3648 0.5401, 1.5352 -0.3655 0.5197, 1.496 -0.5016 0.5197, 1.4755 -0.5544 0.5197, 1.3819 -0.7606 0.5197, 1.3795 -0.7593 0.5401, 1.3726 -0.7555 0.5591, 1.3617 -0.7494 0.5754, 1.3474 -0.7416 0.5879, 1.3308 -0.7324 0.5957, 1.3129 -0.7225 0.5984, 1.3079 -0.8814 0.5197, 1.291 -0.9041 0.5197, 1.1289 -1.1007 0.5197, 1.127 -1.0988 0.5401, 1.1214 -1.0933 0.5591, 1.1125 -1.0846 0.5754, 1.1008 -1.0732 0.5879, 1.0872 -1.0599 0.5957, 1.0726 -1.0457 0.5984, 0.9743 -1.1376 0.5984, 0.9876 -1.1531 0.5957, 0.9999 -1.1675 0.5879, 1.0105 -1.1799 0.5754, 1.0186 -1.1894 0.5591, 1.0237 -1.1954 0.5401, 1.0255 -1.1975 0.5197, 0.9137 -1.2846 0.5197, 0.8661 -1.3152 0.5197, 0.6692 -1.427 0.5197, 0.668 -1.4246 0.5401, 0.6647 -1.4175 0.5591, 0.6594 -1.4061 0.5754, 0.6525 -1.3914 0.5879, 0.6444 -1.3742 0.5957, 0.6358 -1.3557 0.5984, 0.5383 -1.4812 0.5197, 0.5113 -1.4897 0.5197, 0.2647 -1.5535 0.5197, 0.2642 -1.5509 0.5401, 0.2629 -1.5431 0.5591, 0.2608 -1.5308 0.5754, 0.2581 -1.5147 0.5879, 0.2549 -1.496 0.5957, 0.2515 -1.4759 0.5984, 0.1179 -1.4925 0.5984, 0.1195 -1.5128 0.5957, 0.121 -1.5317 0.5879, 0.1223 -1.548 0.5754, 0.1233 -1.5605 0.5591, 0.1239 -1.5683 0.5401, 0.1241 -1.571 0.5197, -0.0175 -1.5758 0.5197, -0.0741 -1.5726 0.5197, -0.2991 -1.5473 0.5197, -0.2986 -1.5446 0.5401, -0.2971 -1.5369 0.5591, -0.2947 -1.5246 0.5754, -0.2916 -1.5086 0.5879, -0.288 -1.49 0.5957, -0.2842 -1.47 0.5984, -0.4368 -1.5142 0.5197, -0.4637 -1.5052 0.5197, -0.7007 -1.4118 0.5197, -0.6995 -1.4094 0.5401, -0.696 -1.4024 0.5591, -0.6905 -1.3912 0.5754, -0.6832 -1.3766 0.5879, -0.6748 -1.3595 0.5957, -0.6658 -1.3413 0.5984, -0.7836 -1.2762 0.5984, -0.7942 -1.2936 0.5957, -0.8041 -1.3098 0.5879, -0.8127 -1.3237 0.5754, -0.8192 -1.3343 0.5591, -0.8233 -1.341 0.5401, -0.8247 -1.3433 0.5197, -0.9421 -1.264 0.5197, -0.986 -1.2282 0.5197, -1.1531 -1.0754 0.5197, -1.1512 -1.0736 0.5401, -1.1454 -1.0682 0.5591, -1.1363 -1.0597 0.5754, -1.1244 -1.0485 0.5879, -1.1105 -1.0356 0.5957, -1.0956 -1.0216 0.5984, -1.2451 -0.9677 0.5197, -1.2615 -0.9446 0.5197, -1.3984 -0.7298 0.5197, -1.3961 -0.7285 0.5401, -1.3891 -0.7249 0.5591, -1.378 -0.7191 0.5754, -1.3636 -0.7115 0.5879, -1.3467 -0.7027 0.5957, -1.3287 -0.6932 0.5984, -0.411 -1.2779 0.5984, -0.3056 -0.8843 0.5984, -0.2649 -0.925 0.5984, -0.2649 -1.1935 0.5984, -0.2361 -1.1436 0.5984, -0.2212 -1.088 0.5984, -0.3554 -1.263 0.5984, -0.3056 -1.2342 0.5984, -0.6584 -1.0305 0.5984, -0.6435 -0.9749 0.5984, -0.6147 -0.9251 0.5984, -0.574 -0.8844 0.5984, -0.3554 -0.8556 0.5984, -0.5242 -0.8556 0.5984, -0.4686 -0.8407 0.5984, -0.2361 -0.9749 0.5984, -0.2212 -1.0305 0.5984, -0.4685 -1.2779 0.5984, -0.5241 -1.263 0.5984, -0.574 -1.2342 0.5984, -0.6147 -1.1935 0.5984, -0.6435 -1.1437 0.5984, -0.6584 -1.0881 0.5984, -0.411 -0.8407 0.5984, -0.2361 -0.9749 0.0, -0.2649 -0.925 0.0, -0.3056 -0.8843 0.0, -0.3554 -0.8556 0.0, -0.411 -0.8407 0.0, -0.4686 -0.8407 0.0, -0.5242 -0.8556 0.0, -0.574 -0.8844 0.0, -0.6147 -0.9251 0.0, -0.6435 -0.9749 0.0, -0.6584 -1.0305 0.0, -0.6584 -1.0881 0.0, -0.6435 -1.1437 0.0, -0.6147 -1.1935 0.0, -0.574 -1.2342 0.0, -0.5241 -1.263 0.0, -0.4685 -1.2779 0.0, -0.411 -1.2779 0.0, -0.3554 -1.263 0.0, -0.3056 -1.2342 0.0, -0.2649 -1.1935 0.0, -0.2361 -1.1436 0.0, -0.2212 -1.088 0.0, -0.2212 -1.0305 0.0, -0.1561 1.8632 0.1575, -0.1561 1.8632 0.0, -0.1581 1.845 0.1575, -0.1581 1.845 0.0, -0.1642 1.8278 0.1575, -0.1642 1.8278 0.0, -0.1741 1.8125 0.1575, -0.1741 1.8125 0.0, -0.1873 1.7999 0.1575, -0.1873 1.7999 0.0, -0.2031 1.7906 0.1575, -0.2031 1.7906 0.0, -0.1572 2.022 0.1575, -0.1572 2.022 0.0, -0.0785 2.1013 0.1575, -0.0785 2.1013 0.0, -0.0961 2.0993 0.0, -0.0961 2.0993 0.1575, -0.1128 2.0934 0.0, -0.1128 2.0934 0.1575, -0.1278 2.084 0.0, -0.1278 2.084 0.1575, -0.1402 2.0714 0.0, -0.1402 2.0714 0.1575, -0.1496 2.0564 0.0, -0.1496 2.0564 0.1575, -0.1553 2.0396 0.0, -0.1553 2.0396 0.1575, 0.0785 2.1013 0.1575, 0.0785 2.1013 0.0, 0.1512 2.0527 0.1575, 0.1512 2.0527 0.0, 0.1422 2.0689 0.0, 0.1422 2.0689 0.1575, 0.1296 2.0825 0.0, 0.1296 2.0825 0.1575, 0.1142 2.0927 0.0, 0.1142 2.0927 0.1575, 0.0969 2.0991 0.0, 0.0969 2.0991 0.1575, 0.1572 2.0226 0.1575, 0.1572 2.0226 0.0, 0.1557 2.038 0.0, 0.1557 2.038 0.1575, 0.1573 1.8627 0.1575, 0.1573 1.8627 0.0, 0.2051 1.7904 0.1575, 0.2051 1.7904 0.0, 0.1892 1.7995 0.1575, 0.1892 1.7995 0.0, 0.1758 1.812 0.1575, 0.1758 1.812 0.0, 0.1657 1.8273 0.1575, 0.1657 1.8273 0.0, 0.1633 1.8326 0.1575, 0.1633 1.8326 0.0, 0.1594 1.8445 0.1575, 0.1594 1.8445 0.0, 0.4144 1.7537 0.1575, 0.4144 1.7537 0.0, 0.618 1.6926 0.1575, 0.618 1.6926 0.0, 0.8129 1.608 0.1575, 0.8129 1.608 0.0, 0.9965 1.5009 0.1575, 0.9965 1.5009 0.0, 1.1662 1.373 0.1575, 1.1662 1.373 0.0, 1.3196 1.2259 0.1575, 1.3196 1.2259 0.0, 1.4546 1.0617 0.1575, 1.4546 1.0617 0.0, 1.5694 0.8828 0.1575, 1.5694 0.8828 0.0, 1.6622 0.6916 0.1575, 1.6622 0.6916 0.0, 1.7331 0.4863 0.1575, 1.7331 0.4863 0.0, 1.7787 0.2738 0.1575, 1.7787 0.2738 0.0, 1.7984 0.0575 0.1575, 1.7984 0.0575 0.0, 1.7919 -0.1597 0.1575, 1.7919 -0.1597 0.0, 1.7592 -0.3745 0.1575, 1.7592 -0.3745 0.0, 1.7009 -0.5838 0.1575, 1.7009 -0.5838 0.0, 1.6178 -0.7845 0.1575, 1.6178 -0.7845 0.0, 1.511 -0.9738 0.1575, 1.511 -0.9738 0.0, 1.3823 -1.1488 0.1575, 1.3823 -1.1488 0.0, 1.2334 -1.307 0.1575, 1.2334 -1.307 0.0, 1.0665 -1.4462 0.1575, 1.0665 -1.4462 0.0, 0.8841 -1.5641 0.1575, 0.8841 -1.5641 0.0, 0.6888 -1.6593 0.1575, 0.6888 -1.6593 0.0, 0.4834 -1.7302 0.1575, 0.4834 -1.7302 0.0, 0.271 -1.7758 0.1575, 0.271 -1.7758 0.0, 0.0546 -1.7955 0.1575, 0.0546 -1.7955 0.0, -0.1626 -1.789 0.1575, -0.1626 -1.789 0.0, -0.3774 -1.7563 0.1575, -0.3774 -1.7563 0.0, -0.5867 -1.698 0.1575, -0.5867 -1.698 0.0, -0.7874 -1.6149 0.1575, -0.7874 -1.6149 0.0, -0.9767 -1.5082 0.1575, -0.9767 -1.5082 0.0, -1.1517 -1.3794 0.1575, -1.1517 -1.3794 0.0, -1.3099 -1.2305 0.1575, -1.3099 -1.2305 0.0, -1.449 -1.0636 0.1575, -1.449 -1.0636 0.0, -1.567 -0.8812 0.1575, -1.567 -0.8812 0.0, -1.6622 -0.6859 0.1575, -1.6622 -0.6859 0.0, -0.408 1.7552 0.0, -0.6075 1.6964 0.0, -1.7973 -0.0796 0.0, -1.7758 -0.2865 0.0, -1.7305 -0.4895 0.0, -1.4344 1.089 0.0, -1.2995 1.2473 0.0, -1.1472 1.3889 0.0, -0.9796 1.512 0.0, -0.7989 1.615 0.0, -1.6452 0.7312 0.0, -1.5502 0.9162 0.0, -1.7948 0.1284 0.0, -1.7684 0.3346 0.0, -1.7183 0.5365 0.0, -1.7305 -0.4895 0.1575, -1.7758 -0.2865 0.1575, -1.7973 -0.0796 0.1575, -1.7948 0.1284 0.1575, -1.7684 0.3346 0.1575, -1.7183 0.5365 0.1575, -1.6452 0.7312 0.1575, -1.5502 0.9162 0.1575, -1.4344 1.089 0.1575, -1.2995 1.2473 0.1575, -1.1472 1.3889 0.1575, -0.9796 1.512 0.1575, -0.7989 1.615 0.1575, -0.6075 1.6964 0.1575, -0.408 1.7552 0.1575, 0.3585 1.6211 0.1575, 1.6433 -0.2132 0.1575, 1.6182 -0.3556 0.1575, 1.5808 -0.4953 0.1575, 1.6181 0.3618 0.1575, 1.6433 0.2194 0.1575, 1.6559 0.0754 0.1575, 1.6559 -0.0692 0.1575, 1.4701 0.7684 0.1575, 1.5312 0.6374 0.1575, 1.5807 0.5015 0.1575, 0.2161 1.6462 0.1575, 0.0721 1.6588 0.1575, -0.0725 1.6588 0.1575, 1.5314 -0.6312 0.1575, 1.4703 -0.7623 0.1575, 1.398 -0.8875 0.1575, 0.7655 -1.4672 0.1575, 0.6345 -1.5283 0.1575, 0.4982 1.5837 0.1575, 0.6341 1.5343 0.1575, 0.7651 1.4732 0.1575, 0.8904 1.4009 0.1575, 1.0088 1.318 0.1575, 1.1196 1.2251 0.1575, 1.2219 1.1228 0.1575, 1.3148 1.0121 0.1575, 1.3978 0.8936 0.1575, -0.7655 1.473 0.1575, -0.6345 1.5341 0.1575, -0.4986 1.5836 0.1575, 1.3151 -1.006 0.1575, 1.2222 -1.1167 0.1575, 1.1199 -1.219 0.1575, 1.0092 -1.3119 0.1575, 0.8908 -1.3949 0.1575, 0.4986 -1.5778 0.1575, 0.359 -1.6153 0.1575, 0.2166 -1.6404 0.1575, 0.0725 -1.653 0.1575, -1.6433 -0.2137 0.1575, -1.6559 -0.0696 0.1575, -1.6559 0.075 0.1575, -1.0092 1.3177 0.1575, -0.8908 1.4007 0.1575, -0.2166 1.6462 0.1575, -0.359 1.621 0.1575, -1.4701 -0.7627 0.1575, -1.5312 -0.6316 0.1575, -1.5807 -0.4957 0.1575, -1.6181 -0.3561 0.1575, -0.6341 -1.5285 0.1575, -0.7651 -1.4674 0.1575, -0.8904 -1.3951 0.1575, -1.6433 0.219 0.1575, -1.6182 0.3614 0.1575, -1.5808 0.5011 0.1575, -1.5314 0.637 0.1575, -0.0721 -1.653 0.1575, -0.2161 -1.6404 0.1575, -0.3585 -1.6154 0.1575, -0.4982 -1.578 0.1575, -1.0088 -1.3122 0.1575, -1.1196 -1.2193 0.1575, -1.2219 -1.1171 0.1575, -1.3148 -1.0063 0.1575, -1.3978 -0.8879 0.1575, -1.4703 0.768 0.1575, -1.398 0.8933 0.1575, -1.3151 1.0117 0.1575, -1.2222 1.1225 0.1575, -1.1199 1.2248 0.1575, -1.5082 -0.4729 0.2158, -1.461 -0.6025 0.2158, -1.4585 -0.6015 0.2362, -1.5056 -0.4721 0.2362, -1.5213 -0.4135 0.2362, -1.5439 -0.3396 0.2158, -1.5413 -0.339 0.2362, -1.5679 -0.2037 0.2158, -1.5623 -0.2197 0.2362, -1.5652 -0.2034 0.2362, -1.5799 -0.0663 0.2158, -1.5772 -0.0662 0.2362, -1.5772 -0.0221 0.2362, -1.5799 0.0716 0.2158, -1.5772 0.0715 0.2362, -1.5679 0.2091 0.2158, -1.5681 0.1758 0.2362, -1.5653 0.2087 0.2362, -1.544 0.345 0.2158, -1.5414 0.3444 0.2362, -1.5342 0.371 0.2362, -1.5083 0.4782 0.2158, -1.5057 0.4774 0.2362, -1.4611 0.6079 0.2158, -1.4756 0.5603 0.2362, -1.4586 0.6068 0.2362, -1.4028 0.7329 0.2158, -1.2905 0.9096 0.2362, -1.2548 0.9654 0.2158, -1.3339 0.8524 0.2158, -1.4005 0.7317 0.2362, -1.395 0.7412 0.2362, -1.3316 0.851 0.2362, -1.2526 0.9638 0.2362, -1.1677 1.0651 0.2362, -1.1661 1.0711 0.2158, -1.1641 1.0693 0.2362, -1.0686 1.1687 0.2158, -1.0667 1.1667 0.2362, -1.0245 1.2021 0.2362, -0.9629 1.2574 0.2158, -0.9612 1.2552 0.2362, -0.8499 1.3365 0.2158, -0.8665 1.3216 0.2362, -0.8484 1.3343 0.2362, -0.7304 1.4055 0.2158, -0.7292 1.4031 0.2362, -0.6942 1.4194 0.2362, -0.6054 1.4638 0.2158, -0.6044 1.4614 0.2362, -0.4757 1.511 0.2158, -0.5112 1.4953 0.2362, -0.4749 1.5085 0.2362, -0.3425 1.5468 0.2158, -0.3419 1.5442 0.2362, -0.3202 1.548 0.2362, -0.2066 1.5707 0.2158, -0.2063 1.5681 0.2362, -0.0692 1.5828 0.2158, -0.124 1.5753 0.2362, -0.0691 1.5801 0.2362, 0.0688 1.5828 0.2158, 0.0686 1.5801 0.2362, 0.0741 1.5796 0.2362, 0.2062 1.5708 0.2158, 0.2059 1.5681 0.2362, 0.271 1.5567 0.2362, 0.3421 1.5469 0.2158, 0.3415 1.5442 0.2362, 0.4639 1.5115 0.2362, 0.4753 1.5112 0.2158, 0.4745 1.5086 0.2362, 0.605 1.464 0.2158, 0.604 1.4615 0.2362, 0.6489 1.4406 0.2362, 0.73 1.4057 0.2158, 0.7288 1.4033 0.2362, 0.8495 1.3368 0.2158, 0.8242 1.3483 0.2362, 0.8481 1.3345 0.2362, 0.9625 1.2576 0.2158, 0.9609 1.2555 0.2362, 0.9862 1.2343 0.2362, 1.0682 1.169 0.2158, 1.0664 1.167 0.2362, 1.1658 1.0714 0.2158, 1.1327 1.1008 0.2362, 1.1638 1.0696 0.2362, 1.2545 0.9658 0.2158, 1.2524 0.9641 0.2362, 1.2618 0.9506 0.2362, 1.3336 0.8528 0.2158, 1.3314 0.8513 0.2362, 1.4026 0.7333 0.2158, 1.4585 0.6072 0.2362, 1.461 0.6083 0.2158, 1.4003 0.7321 0.2362, 1.37 0.7845 0.2362, 1.4682 0.6113 0.1969, 1.4096 0.7369 0.1969, 1.3403 0.857 0.1969, 1.2607 0.9706 0.1969, 1.1716 1.0767 0.1969, 1.0735 1.1748 0.1969, 0.9673 1.2639 0.1969, 0.8537 1.3434 0.1969, 0.7337 1.4127 0.1969, 0.608 1.4713 0.1969, 0.4777 1.5187 0.1969, 0.3438 1.5545 0.1969, 0.2072 1.5786 0.1969, 0.0691 1.5907 0.1969, -0.0695 1.5906 0.1969, -0.2077 1.5785 0.1969, -0.3442 1.5545 0.1969, -0.4781 1.5185 0.1969, -0.6084 1.4711 0.1969, -0.734 1.4125 0.1969, -0.8541 1.3432 0.1969, -0.9677 1.2636 0.1969, -1.0739 1.1745 0.1969, -1.1719 1.0764 0.1969, -1.261 0.9702 0.1969, -1.3405 0.8566 0.1969, -1.4098 0.7365 0.1969, -1.4684 0.6109 0.1969, -1.5158 0.4806 0.1969, -1.5517 0.3467 0.1969, -1.5757 0.2101 0.1969, -1.5878 0.072 0.1969, -1.5878 -0.0667 0.1969, -1.5757 -0.2048 0.1969, -1.5516 -0.3413 0.1969, -1.5157 -0.4752 0.1969, -1.4682 -0.6055 0.1969, 1.4798 0.6161 0.1805, 1.4207 0.7427 0.1805, 1.3508 0.8637 0.1805, 1.2707 0.9782 0.1805, 1.1808 1.0852 0.1805, 1.082 1.184 0.1805, 0.9749 1.2738 0.1805, 0.8605 1.3539 0.1805, 0.7394 1.4238 0.1805, 0.6128 1.4828 0.1805, 0.4815 1.5306 0.1805, 0.3465 1.5668 0.1805, 0.2089 1.591 0.1805, 0.0697 1.6032 0.1805, -0.0701 1.6031 0.1805, -0.2093 1.591 0.1805, -0.3469 1.5667 0.1805, -0.4819 1.5305 0.1805, -0.6132 1.4827 0.1805, -0.7398 1.4236 0.1805, -0.8608 1.3537 0.1805, -0.9753 1.2735 0.1805, -1.0823 1.1837 0.1805, -1.1811 1.0849 0.1805, -1.2709 0.9778 0.1805, -1.3511 0.8633 0.1805, -1.4209 0.7423 0.1805, -1.48 0.6157 0.1805, -1.5277 0.4843 0.1805, -1.5639 0.3494 0.1805, -1.5881 0.2117 0.1805, -1.6003 0.0725 0.1805, -1.6003 -0.0672 0.1805, -1.5881 -0.2064 0.1805, -1.5638 -0.344 0.1805, -1.5276 -0.479 0.1805, -1.4798 -0.6103 0.1805, 1.4949 0.6223 0.168, 1.4352 0.7502 0.168, 1.3646 0.8725 0.168, 1.2836 0.9881 0.168, 1.1928 1.0962 0.168, 1.093 1.196 0.168, 0.9849 1.2867 0.168, 0.8692 1.3677 0.168, 0.747 1.4383 0.168, 0.619 1.4979 0.168, 0.4864 1.5462 0.168, 0.35 1.5827 0.168, 0.211 1.6072 0.168, 0.0704 1.6195 0.168, -0.0708 1.6194 0.168, -0.2114 1.6071 0.168, -0.3504 1.5826 0.168, -0.4868 1.546 0.168, -0.6194 1.4977 0.168, -0.7474 1.4381 0.168, -0.8696 1.3675 0.168, -0.9852 1.2865 0.168, -1.0933 1.1957 0.168, -1.1931 1.0959 0.168, -1.2839 0.9877 0.168, -1.3648 0.8721 0.168, -1.4354 0.7498 0.168, -1.495 0.6219 0.168, -1.5433 0.4892 0.168, -1.5798 0.3529 0.168, -1.6043 0.2139 0.168, -1.6166 0.0732 0.168, -1.6166 -0.0679 0.168, -1.6042 -0.2085 0.168, -1.5797 -0.3476 0.168, -1.5432 -0.4839 0.168, -1.4949 -0.6165 0.168, 1.5124 0.6296 0.1602, 1.452 0.759 0.1602, 1.3806 0.8827 0.1602, 1.2987 0.9997 0.1602, 1.2068 1.1091 0.1602, 1.1058 1.21 0.1602, 0.9964 1.3018 0.1602, 0.8794 1.3837 0.1602, 0.7557 1.4551 0.1602, 0.6263 1.5155 0.1602, 0.4921 1.5643 0.1602, 0.3541 1.6012 0.1602, 0.2135 1.626 0.1602, 0.0712 1.6384 0.1602, -0.0716 1.6384 0.1602, -0.2139 1.6259 0.1602, -0.3546 1.6011 0.1602, -0.4925 1.5641 0.1602, -0.6267 1.5153 0.1602, -0.7561 1.4549 0.1602, -0.8798 1.3835 0.1602, -0.9968 1.3015 0.1602, -1.1062 1.2097 0.1602, -1.2071 1.1087 0.1602, -1.2989 0.9993 0.1602, -1.3808 0.8823 0.1602, -1.4522 0.7586 0.1602, -1.5126 0.6292 0.1602, -1.5614 0.495 0.1602, -1.5983 0.357 0.1602, -1.6231 0.2163 0.1602, -1.6356 0.0741 0.1602, -1.6355 -0.0688 0.1602, -1.6231 -0.211 0.1602, -1.5982 -0.3517 0.1602, -1.5613 -0.4896 0.1602, -1.5124 -0.6238 0.1602, 1.5082 0.4786 0.2158, 1.5056 0.4778 0.2362, 1.5213 0.4193 0.2362, 1.5439 0.3454 0.2158, 1.5413 0.3448 0.2362, 1.5679 0.2095 0.2158, 1.5623 0.2254 0.2362, 1.5652 0.2092 0.2362, 1.5799 0.0721 0.2158, 1.5772 0.072 0.2362, 1.5772 0.0279 0.2362, 1.5799 -0.0659 0.2158, 1.5772 -0.0658 0.2362, 1.5679 -0.2033 0.2158, 1.5681 -0.1701 0.2362, 1.5653 -0.203 0.2362, 1.544 -0.3392 0.2158, 1.5414 -0.3386 0.2362, 1.5342 -0.3652 0.2362, 1.5083 -0.4725 0.2158, 1.5057 -0.4717 0.2362, 1.4611 -0.6021 0.2158, 1.4756 -0.5545 0.2362, 1.4586 -0.6011 0.2362, 1.4028 -0.7271 0.2158, 1.2905 -0.9039 0.2362, 1.2548 -0.9597 0.2158, 1.3339 -0.8466 0.2158, 1.4005 -0.7259 0.2362, 1.395 -0.7354 0.2362, 1.3316 -0.8452 0.2362, 1.2526 -0.958 0.2362, 1.1677 -1.0593 0.2362, 1.1661 -1.0654 0.2158, 1.1641 -1.0635 0.2362, 1.0686 -1.1629 0.2158, 1.0667 -1.1609 0.2362, 1.0245 -1.1964 0.2362, 0.9629 -1.2516 0.2158, 0.9612 -1.2495 0.2362, 0.8499 -1.3308 0.2158, 0.8665 -1.3159 0.2362, 0.8484 -1.3285 0.2362, 0.7304 -1.3998 0.2158, 0.7292 -1.3974 0.2362, 0.6942 -1.4137 0.2362, 0.6054 -1.4581 0.2158, 0.6044 -1.4556 0.2362, 0.4757 -1.5053 0.2158, 0.5112 -1.4895 0.2362, 0.4749 -1.5027 0.2362, 0.3425 -1.541 0.2158, 0.3419 -1.5384 0.2362, 0.3202 -1.5422 0.2362, 0.2066 -1.565 0.2158, 0.2063 -1.5623 0.2362, 0.0692 -1.577 0.2158, 0.124 -1.5695 0.2362, 0.0691 -1.5743 0.2362, -0.0688 -1.577 0.2158, -0.0686 -1.5744 0.2362, -0.0741 -1.5739 0.2362, -0.2062 -1.565 0.2158, -0.2059 -1.5624 0.2362, -0.271 -1.5509 0.2362, -0.3421 -1.5411 0.2158, -0.3415 -1.5385 0.2362, -0.4639 -1.5057 0.2362, -0.4753 -1.5054 0.2158, -0.4745 -1.5029 0.2362, -0.605 -1.4582 0.2158, -0.604 -1.4558 0.2362, -0.6489 -1.4348 0.2362, -0.73 -1.4 0.2158, -0.7288 -1.3976 0.2362, -0.8495 -1.331 0.2158, -0.8242 -1.3425 0.2362, -0.8481 -1.3287 0.2362, -0.9625 -1.2519 0.2158, -0.9609 -1.2497 0.2362, -0.9862 -1.2285 0.2362, -1.0682 -1.1632 0.2158, -1.0664 -1.1612 0.2362, -1.1658 -1.0657 0.2158, -1.1327 -1.095 0.2362, -1.1638 -1.0639 0.2362, -1.2545 -0.96 0.2158, -1.2524 -0.9584 0.2362, -1.2618 -0.9448 0.2362, -1.3336 -0.847 0.2158, -1.3314 -0.8456 0.2362, -1.4026 -0.7275 0.2158, -1.4003 -0.7263 0.2362, -1.37 -0.7788 0.2362, -1.4096 -0.7312 0.1969, -1.3403 -0.8512 0.1969, -1.2607 -0.9648 0.1969, -1.1716 -1.071 0.1969, -1.0735 -1.169 0.1969, -0.9673 -1.2581 0.1969, -0.8537 -1.3376 0.1969, -0.7337 -1.4069 0.1969, -0.608 -1.4655 0.1969, -0.4777 -1.5129 0.1969, -0.3438 -1.5488 0.1969, -0.2072 -1.5728 0.1969, -0.0691 -1.5849 0.1969, 0.0695 -1.5849 0.1969, 0.2077 -1.5728 0.1969, 0.3442 -1.5487 0.1969, 0.4781 -1.5128 0.1969, 0.6084 -1.4653 0.1969, 0.734 -1.4067 0.1969, 0.8541 -1.3374 0.1969, 0.9677 -1.2579 0.1969, 1.0739 -1.1687 0.1969, 1.1719 -1.0707 0.1969, 1.261 -0.9644 0.1969, 1.3405 -0.8509 0.1969, 1.4098 -0.7308 0.1969, 1.4684 -0.6051 0.1969, 1.5158 -0.4748 0.1969, 1.5517 -0.3409 0.1969, 1.5757 -0.2043 0.1969, 1.5878 -0.0662 0.1969, 1.5878 0.0724 0.1969, 1.5757 0.2105 0.1969, 1.5516 0.3471 0.1969, 1.5157 0.481 0.1969, -1.4207 -0.7369 0.1805, -1.3508 -0.858 0.1805, -1.2707 -0.9724 0.1805, -1.1808 -1.0794 0.1805, -1.082 -1.1782 0.1805, -0.9749 -1.268 0.1805, -0.8605 -1.3482 0.1805, -0.7394 -1.418 0.1805, -0.6128 -1.4771 0.1805, -0.4815 -1.5249 0.1805, -0.3465 -1.561 0.1805, -0.2089 -1.5852 0.1805, -0.0697 -1.5974 0.1805, 0.0701 -1.5974 0.1805, 0.2093 -1.5852 0.1805, 0.3469 -1.5609 0.1805, 0.4819 -1.5247 0.1805, 0.6132 -1.4769 0.1805, 0.7398 -1.4178 0.1805, 0.8608 -1.3479 0.1805, 0.9753 -1.2678 0.1805, 1.0823 -1.1779 0.1805, 1.1811 -1.0791 0.1805, 1.2709 -0.9721 0.1805, 1.3511 -0.8576 0.1805, 1.4209 -0.7366 0.1805, 1.48 -0.6099 0.1805, 1.5277 -0.4786 0.1805, 1.5639 -0.3436 0.1805, 1.5881 -0.206 0.1805, 1.6003 -0.0668 0.1805, 1.6003 0.073 0.1805, 1.5881 0.2122 0.1805, 1.5638 0.3498 0.1805, 1.5276 0.4848 0.1805, -1.4352 -0.7445 0.168, -1.3646 -0.8667 0.168, -1.2836 -0.9823 0.168, -1.1928 -1.0905 0.168, -1.093 -1.1903 0.168, -0.9849 -1.281 0.168, -0.8692 -1.3619 0.168, -0.747 -1.4325 0.168, -0.619 -1.4921 0.168, -0.4864 -1.5404 0.168, -0.35 -1.5769 0.168, -0.211 -1.6014 0.168, -0.0704 -1.6137 0.168, 0.0708 -1.6137 0.168, 0.2114 -1.6014 0.168, 0.3504 -1.5768 0.168, 0.4868 -1.5403 0.168, 0.6194 -1.492 0.168, 0.7474 -1.4323 0.168, 0.8696 -1.3617 0.168, 0.9852 -1.2807 0.168, 1.0933 -1.19 0.168, 1.1931 -1.0901 0.168, 1.2839 -0.982 0.168, 1.3648 -0.8663 0.168, 1.4354 -0.7441 0.168, 1.495 -0.6161 0.168, 1.5433 -0.4835 0.168, 1.5798 -0.3471 0.168, 1.6043 -0.2081 0.168, 1.6166 -0.0675 0.168, 1.6166 0.0737 0.168, 1.6042 0.2143 0.168, 1.5797 0.3533 0.168, 1.5432 0.4897 0.168, -1.452 -0.7532 0.1602, -1.3806 -0.8769 0.1602, -1.2987 -0.9939 0.1602, -1.2068 -1.1033 0.1602, -1.1058 -1.2043 0.1602, -0.9964 -1.2961 0.1602, -0.8794 -1.378 0.1602, -0.7557 -1.4493 0.1602, -0.6263 -1.5097 0.1602, -0.4921 -1.5585 0.1602, -0.3541 -1.5955 0.1602, -0.2135 -1.6202 0.1602, -0.0712 -1.6327 0.1602, 0.0716 -1.6327 0.1602, 0.2139 -1.6202 0.1602, 0.3546 -1.5954 0.1602, 0.4925 -1.5584 0.1602, 0.6267 -1.5095 0.1602, 0.7561 -1.4491 0.1602, 0.8798 -1.3777 0.1602, 0.9968 -1.2958 0.1602, 1.1062 -1.204 0.1602, 1.2071 -1.103 0.1602, 1.2989 -0.9935 0.1602, 1.3808 -0.8765 0.1602, 1.4522 -0.7529 0.1602, 1.5126 -0.6234 0.1602, 1.5614 -0.4892 0.1602, 1.5983 -0.3512 0.1602, 1.6231 -0.2106 0.1602, 1.6356 -0.0683 0.1602, 1.6355 0.0745 0.1602, 1.6231 0.2168 0.1602, 1.5982 0.3574 0.1602, 1.5613 0.4954 0.1602
            ]
        }
        coordIndex [
            0,1,2,-1,3,4,5,-1,6,7,8,-1,8,7,9,-1,6,8,2,-1,2,8,10,-1,2,10,0,-1,1,11,2,-1,2,11,12,-1,2,12,13,-1,13,14,2,-1,2,14,3,-1,2,3,15,-1,15,3,5,-1,9,16,8,-1,8,16,17,-1,8,17,18,-1,18,17,19,-1,17,20,19,-1,19,20,21,-1,19,21,22,-1,22,21,23,-1,17,24,20,-1,20,24,25,-1,20,25,21,-1,21,25,26,-1,21,26,23,-1,23,26,27,-1,23,27,22,-1,22,27,28,-1,22,28,19,-1,19,28,29,-1,19,29,18,-1,18,29,30,-1,18,30,8,-1,8,30,31,-1,8,31,10,-1,10,31,32,-1,10,32,0,-1,0,32,33,-1,0,33,1,-1,1,33,34,-1,1,34,11,-1,11,34,35,-1,11,35,12,-1,12,35,36,-1,12,36,13,-1,13,36,37,-1,13,37,14,-1,14,37,38,-1,14,38,3,-1,3,38,39,-1,3,39,4,-1,4,39,40,-1,4,40,5,-1,5,40,41,-1,5,41,15,-1,15,41,42,-1,15,42,2,-1,2,42,43,-1,2,43,6,-1,6,43,44,-1,6,44,7,-1,7,44,45,-1,7,45,9,-1,9,45,46,-1,9,46,16,-1,16,46,47,-1,16,47,17,-1,17,47,24,-1,48,49,50,-1,50,49,51,-1,50,51,52,-1,52,51,53,-1,52,53,54,-1,54,53,55,-1,54,55,56,-1,56,55,57,-1,56,57,58,-1,58,57,59,-1,58,59,60,-1,60,59,61,-1,60,61,62,-1,62,61,63,-1,62,63,64,-1,64,63,65,-1,64,65,66,-1,66,65,67,-1,66,67,68,-1,68,67,69,-1,68,69,70,-1,70,69,71,-1,70,71,72,-1,72,71,73,-1,72,73,74,-1,74,73,75,-1,74,75,76,-1,76,75,77,-1,76,77,78,-1,78,77,79,-1,78,79,80,-1,80,79,81,-1,80,81,82,-1,82,81,83,-1,82,83,84,-1,84,83,85,-1,84,85,86,-1,86,85,87,-1,86,87,88,-1,88,87,89,-1,88,89,90,-1,90,89,91,-1,90,91,92,-1,92,91,93,-1,92,93,94,-1,94,93,95,-1,94,95,48,-1,48,95,49,-1,96,97,98,-1,98,97,99,-1,98,99,100,-1,100,99,101,-1,100,101,102,-1,102,101,103,-1,102,103,104,-1,104,103,105,-1,104,105,106,-1,106,105,107,-1,106,107,108,-1,108,107,109,-1,108,109,110,-1,110,109,111,-1,110,111,112,-1,112,111,113,-1,112,113,114,-1,114,113,115,-1,114,115,116,-1,116,115,117,-1,116,117,118,-1,118,117,119,-1,118,119,120,-1,120,119,121,-1,120,121,122,-1,122,121,123,-1,122,123,124,-1,124,123,125,-1,124,125,126,-1,126,125,127,-1,126,127,128,-1,128,127,129,-1,128,129,130,-1,130,129,131,-1,130,131,132,-1,132,131,133,-1,132,133,134,-1,134,133,135,-1,134,135,136,-1,136,135,137,-1,136,137,138,-1,138,137,139,-1,138,139,140,-1,140,139,141,-1,140,141,142,-1,142,141,143,-1,142,143,96,-1,96,143,97,-1,144,145,146,-1,147,148,149,-1,150,151,152,-1,153,154,155,-1,156,157,158,-1,159,160,161,-1,162,163,164,-1,165,166,167,-1,168,169,170,-1,171,172,173,-1,174,175,176,-1,176,175,177,-1,176,177,178,-1,178,177,179,-1,178,179,180,-1,180,179,181,-1,180,181,182,-1,182,181,183,-1,182,183,184,-1,184,183,173,-1,185,186,187,-1,187,186,188,-1,187,188,189,-1,189,188,190,-1,189,190,191,-1,191,190,192,-1,191,192,193,-1,193,192,194,-1,193,194,195,-1,195,194,170,-1,196,197,198,-1,198,197,199,-1,198,199,200,-1,200,199,201,-1,200,201,202,-1,202,201,203,-1,202,203,204,-1,204,203,205,-1,204,205,206,-1,206,205,167,-1,207,208,209,-1,209,208,210,-1,209,210,211,-1,211,210,212,-1,211,212,213,-1,213,212,214,-1,213,214,215,-1,215,214,216,-1,215,216,217,-1,217,216,164,-1,218,219,220,-1,220,219,221,-1,220,221,222,-1,222,221,223,-1,222,223,224,-1,224,223,225,-1,224,225,226,-1,226,225,227,-1,226,227,228,-1,228,227,161,-1,229,230,231,-1,231,230,232,-1,231,232,233,-1,233,232,234,-1,233,234,235,-1,235,234,236,-1,235,236,237,-1,237,236,238,-1,237,238,239,-1,239,238,158,-1,240,241,242,-1,242,241,243,-1,242,243,244,-1,244,243,245,-1,244,245,246,-1,246,245,247,-1,246,247,248,-1,248,247,249,-1,248,249,250,-1,250,249,155,-1,251,252,253,-1,253,252,254,-1,253,254,255,-1,255,254,256,-1,255,256,257,-1,257,256,258,-1,257,258,259,-1,259,258,260,-1,259,260,261,-1,261,260,152,-1,262,263,264,-1,264,263,265,-1,264,265,266,-1,266,265,267,-1,266,267,268,-1,268,267,269,-1,268,269,270,-1,270,269,271,-1,270,271,272,-1,272,271,149,-1,273,274,275,-1,275,274,276,-1,275,276,277,-1,277,276,278,-1,277,278,279,-1,279,278,280,-1,279,280,281,-1,281,280,282,-1,281,282,283,-1,283,282,146,-1,284,174,285,-1,285,174,176,-1,285,176,286,-1,286,176,178,-1,286,178,287,-1,287,178,180,-1,287,180,288,-1,288,180,182,-1,288,182,289,-1,289,182,184,-1,289,184,290,-1,290,184,291,-1,173,172,184,-1,184,172,292,-1,184,292,291,-1,293,171,294,-1,294,171,173,-1,294,173,295,-1,295,173,183,-1,295,183,296,-1,296,183,181,-1,296,181,297,-1,297,181,179,-1,297,179,298,-1,298,179,177,-1,298,177,299,-1,299,177,175,-1,299,185,298,-1,298,185,187,-1,298,187,297,-1,297,187,189,-1,297,189,296,-1,296,189,191,-1,296,191,295,-1,295,191,193,-1,295,193,294,-1,294,193,195,-1,294,195,293,-1,293,195,300,-1,170,169,195,-1,195,169,301,-1,195,301,300,-1,302,168,303,-1,303,168,170,-1,303,170,304,-1,304,170,194,-1,304,194,305,-1,305,194,192,-1,305,192,306,-1,306,192,190,-1,306,190,307,-1,307,190,188,-1,307,188,308,-1,308,188,186,-1,308,309,307,-1,307,309,310,-1,307,310,306,-1,306,310,311,-1,306,311,305,-1,305,311,312,-1,305,312,304,-1,304,312,313,-1,304,313,303,-1,303,313,314,-1,303,314,302,-1,302,314,315,-1,309,196,310,-1,310,196,198,-1,310,198,311,-1,311,198,200,-1,311,200,312,-1,312,200,202,-1,312,202,313,-1,313,202,204,-1,313,204,314,-1,314,204,206,-1,314,206,315,-1,315,206,316,-1,167,166,206,-1,206,166,317,-1,206,317,316,-1,318,165,319,-1,319,165,167,-1,319,167,320,-1,320,167,205,-1,320,205,321,-1,321,205,203,-1,321,203,322,-1,322,203,201,-1,322,201,323,-1,323,201,199,-1,323,199,324,-1,324,199,197,-1,324,207,323,-1,323,207,209,-1,323,209,322,-1,322,209,211,-1,322,211,321,-1,321,211,213,-1,321,213,320,-1,320,213,215,-1,320,215,319,-1,319,215,217,-1,319,217,318,-1,318,217,325,-1,164,163,217,-1,217,163,326,-1,217,326,325,-1,327,162,328,-1,328,162,164,-1,328,164,329,-1,329,164,216,-1,329,216,330,-1,330,216,214,-1,330,214,331,-1,331,214,212,-1,331,212,332,-1,332,212,210,-1,332,210,333,-1,333,210,208,-1,333,334,332,-1,332,334,335,-1,332,335,331,-1,331,335,336,-1,331,336,330,-1,330,336,337,-1,330,337,329,-1,329,337,338,-1,329,338,328,-1,328,338,339,-1,328,339,327,-1,327,339,340,-1,334,218,335,-1,335,218,220,-1,335,220,336,-1,336,220,222,-1,336,222,337,-1,337,222,224,-1,337,224,338,-1,338,224,226,-1,338,226,339,-1,339,226,228,-1,339,228,340,-1,340,228,341,-1,161,160,228,-1,228,160,342,-1,228,342,341,-1,343,159,344,-1,344,159,161,-1,344,161,345,-1,345,161,227,-1,345,227,346,-1,346,227,225,-1,346,225,347,-1,347,225,223,-1,347,223,348,-1,348,223,221,-1,348,221,349,-1,349,221,219,-1,349,229,348,-1,348,229,231,-1,348,231,347,-1,347,231,233,-1,347,233,346,-1,346,233,235,-1,346,235,345,-1,345,235,237,-1,345,237,344,-1,344,237,239,-1,344,239,343,-1,343,239,350,-1,158,157,239,-1,239,157,351,-1,239,351,350,-1,352,156,353,-1,353,156,158,-1,353,158,354,-1,354,158,238,-1,354,238,355,-1,355,238,236,-1,355,236,356,-1,356,236,234,-1,356,234,357,-1,357,234,232,-1,357,232,358,-1,358,232,230,-1,358,359,357,-1,357,359,360,-1,357,360,356,-1,356,360,361,-1,356,361,355,-1,355,361,362,-1,355,362,354,-1,354,362,363,-1,354,363,353,-1,353,363,364,-1,353,364,352,-1,352,364,365,-1,359,240,360,-1,360,240,242,-1,360,242,361,-1,361,242,244,-1,361,244,362,-1,362,244,246,-1,362,246,363,-1,363,246,248,-1,363,248,364,-1,364,248,250,-1,364,250,365,-1,365,250,366,-1,155,154,250,-1,250,154,367,-1,250,367,366,-1,368,153,369,-1,369,153,155,-1,369,155,370,-1,370,155,249,-1,370,249,371,-1,371,249,247,-1,371,247,372,-1,372,247,245,-1,372,245,373,-1,373,245,243,-1,373,243,374,-1,374,243,241,-1,374,251,373,-1,373,251,253,-1,373,253,372,-1,372,253,255,-1,372,255,371,-1,371,255,257,-1,371,257,370,-1,370,257,259,-1,370,259,369,-1,369,259,261,-1,369,261,368,-1,368,261,375,-1,152,151,261,-1,261,151,376,-1,261,376,375,-1,377,150,378,-1,378,150,152,-1,378,152,379,-1,379,152,260,-1,379,260,380,-1,380,260,258,-1,380,258,381,-1,381,258,256,-1,381,256,382,-1,382,256,254,-1,382,254,383,-1,383,254,252,-1,383,384,382,-1,382,384,385,-1,382,385,381,-1,381,385,386,-1,381,386,380,-1,380,386,387,-1,380,387,379,-1,379,387,388,-1,379,388,378,-1,378,388,389,-1,378,389,377,-1,377,389,390,-1,384,262,385,-1,385,262,264,-1,385,264,386,-1,386,264,266,-1,386,266,387,-1,387,266,268,-1,387,268,388,-1,388,268,270,-1,388,270,389,-1,389,270,272,-1,389,272,390,-1,390,272,391,-1,149,148,272,-1,272,148,392,-1,272,392,391,-1,393,147,394,-1,394,147,149,-1,394,149,395,-1,395,149,271,-1,395,271,396,-1,396,271,269,-1,396,269,397,-1,397,269,267,-1,397,267,398,-1,398,267,265,-1,398,265,399,-1,399,265,263,-1,399,273,398,-1,398,273,275,-1,398,275,397,-1,397,275,277,-1,397,277,396,-1,396,277,279,-1,396,279,395,-1,395,279,281,-1,395,281,394,-1,394,281,283,-1,394,283,393,-1,393,283,400,-1,146,145,283,-1,283,145,401,-1,283,401,400,-1,402,144,403,-1,403,144,146,-1,403,146,404,-1,404,146,282,-1,404,282,405,-1,405,282,280,-1,405,280,406,-1,406,280,278,-1,406,278,407,-1,407,278,276,-1,407,276,408,-1,408,276,274,-1,408,409,407,-1,407,409,410,-1,407,410,406,-1,406,410,411,-1,406,411,405,-1,405,411,412,-1,405,412,404,-1,404,412,413,-1,404,413,403,-1,403,413,414,-1,403,414,402,-1,402,414,415,-1,416,417,418,-1,419,420,421,-1,422,423,424,-1,425,426,427,-1,428,429,430,-1,431,432,433,-1,434,435,436,-1,437,438,439,-1,440,441,442,-1,443,444,445,-1,446,447,448,-1,448,447,449,-1,448,449,450,-1,450,449,451,-1,450,451,452,-1,452,451,453,-1,452,453,454,-1,454,453,455,-1,454,455,456,-1,456,455,445,-1,457,458,459,-1,459,458,460,-1,459,460,461,-1,461,460,462,-1,461,462,463,-1,463,462,464,-1,463,464,465,-1,465,464,466,-1,465,466,467,-1,467,466,442,-1,468,469,470,-1,470,469,471,-1,470,471,472,-1,472,471,473,-1,472,473,474,-1,474,473,475,-1,474,475,476,-1,476,475,477,-1,476,477,478,-1,478,477,439,-1,479,480,481,-1,481,480,482,-1,481,482,483,-1,483,482,484,-1,483,484,485,-1,485,484,486,-1,485,486,487,-1,487,486,488,-1,487,488,489,-1,489,488,436,-1,490,491,492,-1,492,491,493,-1,492,493,494,-1,494,493,495,-1,494,495,496,-1,496,495,497,-1,496,497,498,-1,498,497,499,-1,498,499,500,-1,500,499,433,-1,501,502,503,-1,503,502,504,-1,503,504,505,-1,505,504,506,-1,505,506,507,-1,507,506,508,-1,507,508,509,-1,509,508,510,-1,509,510,511,-1,511,510,430,-1,512,513,514,-1,514,513,515,-1,514,515,516,-1,516,515,517,-1,516,517,518,-1,518,517,519,-1,518,519,520,-1,520,519,521,-1,520,521,522,-1,522,521,427,-1,523,524,525,-1,525,524,526,-1,525,526,527,-1,527,526,528,-1,527,528,529,-1,529,528,530,-1,529,530,531,-1,531,530,532,-1,531,532,533,-1,533,532,424,-1,534,535,536,-1,536,535,537,-1,536,537,538,-1,538,537,539,-1,538,539,540,-1,540,539,541,-1,540,541,542,-1,542,541,543,-1,542,543,544,-1,544,543,421,-1,545,546,547,-1,547,546,548,-1,547,548,549,-1,549,548,550,-1,549,550,551,-1,551,550,552,-1,551,552,553,-1,553,552,554,-1,553,554,555,-1,555,554,418,-1,409,446,410,-1,410,446,448,-1,410,448,411,-1,411,448,450,-1,411,450,412,-1,412,450,452,-1,412,452,413,-1,413,452,454,-1,413,454,414,-1,414,454,456,-1,414,456,415,-1,415,456,556,-1,445,444,456,-1,456,444,557,-1,456,557,556,-1,558,443,559,-1,559,443,445,-1,559,445,560,-1,560,445,455,-1,560,455,561,-1,561,455,453,-1,561,453,562,-1,562,453,451,-1,562,451,563,-1,563,451,449,-1,563,449,564,-1,564,449,447,-1,564,457,563,-1,563,457,459,-1,563,459,562,-1,562,459,461,-1,562,461,561,-1,561,461,463,-1,561,463,560,-1,560,463,465,-1,560,465,559,-1,559,465,467,-1,559,467,558,-1,558,467,565,-1,442,441,467,-1,467,441,566,-1,467,566,565,-1,567,440,568,-1,568,440,442,-1,568,442,569,-1,569,442,466,-1,569,466,570,-1,570,466,464,-1,570,464,571,-1,571,464,462,-1,571,462,572,-1,572,462,460,-1,572,460,573,-1,573,460,458,-1,573,574,572,-1,572,574,575,-1,572,575,571,-1,571,575,576,-1,571,576,570,-1,570,576,577,-1,570,577,569,-1,569,577,578,-1,569,578,568,-1,568,578,579,-1,568,579,567,-1,567,579,580,-1,574,468,575,-1,575,468,470,-1,575,470,576,-1,576,470,472,-1,576,472,577,-1,577,472,474,-1,577,474,578,-1,578,474,476,-1,578,476,579,-1,579,476,478,-1,579,478,580,-1,580,478,581,-1,439,438,478,-1,478,438,582,-1,478,582,581,-1,583,437,584,-1,584,437,439,-1,584,439,585,-1,585,439,477,-1,585,477,586,-1,586,477,475,-1,586,475,587,-1,587,475,473,-1,587,473,588,-1,588,473,471,-1,588,471,589,-1,589,471,469,-1,589,479,588,-1,588,479,481,-1,588,481,587,-1,587,481,483,-1,587,483,586,-1,586,483,485,-1,586,485,585,-1,585,485,487,-1,585,487,584,-1,584,487,489,-1,584,489,583,-1,583,489,590,-1,436,435,489,-1,489,435,591,-1,489,591,590,-1,592,434,593,-1,593,434,436,-1,593,436,594,-1,594,436,488,-1,594,488,595,-1,595,488,486,-1,595,486,596,-1,596,486,484,-1,596,484,597,-1,597,484,482,-1,597,482,598,-1,598,482,480,-1,598,599,597,-1,597,599,600,-1,597,600,596,-1,596,600,601,-1,596,601,595,-1,595,601,602,-1,595,602,594,-1,594,602,603,-1,594,603,593,-1,593,603,604,-1,593,604,592,-1,592,604,605,-1,599,490,600,-1,600,490,492,-1,600,492,601,-1,601,492,494,-1,601,494,602,-1,602,494,496,-1,602,496,603,-1,603,496,498,-1,603,498,604,-1,604,498,500,-1,604,500,605,-1,605,500,606,-1,433,432,500,-1,500,432,607,-1,500,607,606,-1,608,431,609,-1,609,431,433,-1,609,433,610,-1,610,433,499,-1,610,499,611,-1,611,499,497,-1,611,497,612,-1,612,497,495,-1,612,495,613,-1,613,495,493,-1,613,493,614,-1,614,493,491,-1,614,501,613,-1,613,501,503,-1,613,503,612,-1,612,503,505,-1,612,505,611,-1,611,505,507,-1,611,507,610,-1,610,507,509,-1,610,509,609,-1,609,509,511,-1,609,511,608,-1,608,511,615,-1,430,429,511,-1,511,429,616,-1,511,616,615,-1,617,428,618,-1,618,428,430,-1,618,430,619,-1,619,430,510,-1,619,510,620,-1,620,510,508,-1,620,508,621,-1,621,508,506,-1,621,506,622,-1,622,506,504,-1,622,504,623,-1,623,504,502,-1,623,624,622,-1,622,624,625,-1,622,625,621,-1,621,625,626,-1,621,626,620,-1,620,626,627,-1,620,627,619,-1,619,627,628,-1,619,628,618,-1,618,628,629,-1,618,629,617,-1,617,629,630,-1,624,512,625,-1,625,512,514,-1,625,514,626,-1,626,514,516,-1,626,516,627,-1,627,516,518,-1,627,518,628,-1,628,518,520,-1,628,520,629,-1,629,520,522,-1,629,522,630,-1,630,522,631,-1,427,426,522,-1,522,426,632,-1,522,632,631,-1,633,425,634,-1,634,425,427,-1,634,427,635,-1,635,427,521,-1,635,521,636,-1,636,521,519,-1,636,519,637,-1,637,519,517,-1,637,517,638,-1,638,517,515,-1,638,515,639,-1,639,515,513,-1,639,523,638,-1,638,523,525,-1,638,525,637,-1,637,525,527,-1,637,527,636,-1,636,527,529,-1,636,529,635,-1,635,529,531,-1,635,531,634,-1,634,531,533,-1,634,533,633,-1,633,533,640,-1,424,423,533,-1,533,423,641,-1,533,641,640,-1,642,422,643,-1,643,422,424,-1,643,424,644,-1,644,424,532,-1,644,532,645,-1,645,532,530,-1,645,530,646,-1,646,530,528,-1,646,528,647,-1,647,528,526,-1,647,526,648,-1,648,526,524,-1,648,649,647,-1,647,649,650,-1,647,650,646,-1,646,650,651,-1,646,651,645,-1,645,651,652,-1,645,652,644,-1,644,652,653,-1,644,653,643,-1,643,653,654,-1,643,654,642,-1,642,654,655,-1,649,534,650,-1,650,534,536,-1,650,536,651,-1,651,536,538,-1,651,538,652,-1,652,538,540,-1,652,540,653,-1,653,540,542,-1,653,542,654,-1,654,542,544,-1,654,544,655,-1,655,544,656,-1,421,420,544,-1,544,420,657,-1,544,657,656,-1,658,419,659,-1,659,419,421,-1,659,421,660,-1,660,421,543,-1,660,543,661,-1,661,543,541,-1,661,541,662,-1,662,541,539,-1,662,539,663,-1,663,539,537,-1,663,537,664,-1,664,537,535,-1,664,545,663,-1,663,545,547,-1,663,547,662,-1,662,547,549,-1,662,549,661,-1,661,549,551,-1,661,551,660,-1,660,551,553,-1,660,553,659,-1,659,553,555,-1,659,555,658,-1,658,555,665,-1,418,417,555,-1,555,417,666,-1,555,666,665,-1,667,416,668,-1,668,416,418,-1,668,418,669,-1,669,418,554,-1,669,554,670,-1,670,554,552,-1,670,552,671,-1,671,552,550,-1,671,550,672,-1,672,550,548,-1,672,548,673,-1,673,548,546,-1,673,284,672,-1,672,284,285,-1,672,285,671,-1,671,285,286,-1,671,286,670,-1,670,286,287,-1,670,287,669,-1,669,287,288,-1,669,288,668,-1,668,288,289,-1,668,289,667,-1,667,289,290,-1,93,140,142,-1,524,523,674,-1,675,676,83,-1,100,95,98,-1,98,95,93,-1,98,93,96,-1,96,93,142,-1,252,251,110,-1,677,624,678,-1,678,624,623,-1,614,679,501,-1,501,679,678,-1,501,678,502,-1,502,678,623,-1,674,523,680,-1,680,523,639,-1,680,639,681,-1,681,639,513,-1,681,513,677,-1,677,513,512,-1,677,512,624,-1,73,71,208,-1,349,219,65,-1,110,251,108,-1,108,251,374,-1,108,374,106,-1,106,374,241,-1,106,241,104,-1,682,683,546,-1,447,446,676,-1,185,299,77,-1,77,299,175,-1,77,175,79,-1,79,175,174,-1,79,174,284,-1,208,207,73,-1,73,207,324,-1,73,324,75,-1,75,324,197,-1,75,197,196,-1,65,219,67,-1,67,219,218,-1,67,218,69,-1,69,218,334,-1,69,334,71,-1,71,334,333,-1,71,333,208,-1,65,63,349,-1,349,63,61,-1,349,61,229,-1,229,61,59,-1,229,59,230,-1,230,59,57,-1,230,57,358,-1,358,57,55,-1,358,55,359,-1,359,55,53,-1,359,53,51,-1,110,112,252,-1,252,112,114,-1,252,114,383,-1,383,114,116,-1,383,116,384,-1,384,116,118,-1,384,118,262,-1,262,118,120,-1,262,120,263,-1,263,120,122,-1,263,122,399,-1,399,122,124,-1,399,124,273,-1,684,685,79,-1,675,83,686,-1,447,676,564,-1,683,684,546,-1,546,684,79,-1,546,79,673,-1,673,79,284,-1,196,309,75,-1,75,309,308,-1,75,308,77,-1,77,308,186,-1,77,186,185,-1,241,240,104,-1,104,240,359,-1,104,359,102,-1,102,359,51,-1,102,51,100,-1,100,51,49,-1,100,49,95,-1,685,687,79,-1,79,687,688,-1,79,688,81,-1,469,468,689,-1,689,468,574,-1,614,491,679,-1,679,491,490,-1,679,490,690,-1,690,490,599,-1,690,599,598,-1,674,691,524,-1,524,691,692,-1,524,692,648,-1,648,692,693,-1,648,693,649,-1,649,693,694,-1,649,694,534,-1,534,694,695,-1,534,695,535,-1,535,695,696,-1,535,696,664,-1,664,696,682,-1,664,682,545,-1,545,682,546,-1,273,124,274,-1,274,124,126,-1,274,126,408,-1,408,126,409,-1,409,126,128,-1,409,128,446,-1,140,93,138,-1,138,93,91,-1,138,91,136,-1,128,130,446,-1,446,130,132,-1,446,132,676,-1,676,132,134,-1,676,134,136,-1,574,573,689,-1,689,573,458,-1,689,458,676,-1,676,458,457,-1,676,457,564,-1,91,89,136,-1,136,89,87,-1,136,87,676,-1,676,87,85,-1,676,85,83,-1,598,480,690,-1,690,480,479,-1,690,479,689,-1,689,479,589,-1,689,589,469,-1,81,688,83,-1,83,688,697,-1,83,697,686,-1,698,689,699,-1,699,689,676,-1,699,676,700,-1,700,676,675,-1,700,675,701,-1,701,675,686,-1,701,686,702,-1,702,686,697,-1,702,697,703,-1,703,697,688,-1,703,688,704,-1,704,688,687,-1,704,687,705,-1,705,687,685,-1,705,685,706,-1,706,685,684,-1,706,684,707,-1,707,684,683,-1,707,683,708,-1,708,683,682,-1,708,682,709,-1,709,682,696,-1,709,696,710,-1,710,696,695,-1,710,695,711,-1,711,695,694,-1,711,694,712,-1,712,694,693,-1,712,693,713,-1,713,693,692,-1,713,692,714,-1,714,692,691,-1,714,691,715,-1,715,691,674,-1,715,674,716,-1,716,674,680,-1,716,680,717,-1,717,680,681,-1,717,681,718,-1,718,681,677,-1,718,677,719,-1,719,677,678,-1,719,678,720,-1,720,678,679,-1,720,679,721,-1,721,679,690,-1,721,690,698,-1,698,690,689,-1,722,723,724,-1,724,723,725,-1,724,725,726,-1,726,725,727,-1,726,727,728,-1,728,727,729,-1,728,729,730,-1,730,729,731,-1,730,731,732,-1,732,731,733,-1,734,735,722,-1,722,735,723,-1,736,737,738,-1,736,738,739,-1,739,738,740,-1,739,740,741,-1,741,740,742,-1,741,742,743,-1,743,742,744,-1,743,744,745,-1,745,744,746,-1,745,746,747,-1,747,746,748,-1,747,748,749,-1,749,748,735,-1,749,735,734,-1,750,751,736,-1,736,751,737,-1,752,753,754,-1,752,754,755,-1,755,754,756,-1,755,756,757,-1,757,756,758,-1,757,758,759,-1,759,758,760,-1,759,760,761,-1,761,760,751,-1,761,751,750,-1,762,763,764,-1,762,764,765,-1,765,764,753,-1,765,753,752,-1,766,767,762,-1,762,767,763,-1,768,769,770,-1,770,769,771,-1,770,771,772,-1,772,771,773,-1,772,773,774,-1,774,773,775,-1,774,775,776,-1,776,775,777,-1,776,777,778,-1,778,777,779,-1,778,779,766,-1,766,779,767,-1,769,768,780,-1,769,780,781,-1,781,780,782,-1,781,782,783,-1,783,782,784,-1,783,784,785,-1,785,784,786,-1,785,786,787,-1,787,786,788,-1,787,788,789,-1,789,788,790,-1,789,790,791,-1,791,790,792,-1,791,792,793,-1,793,792,794,-1,793,794,795,-1,795,794,796,-1,795,796,797,-1,797,796,798,-1,797,798,799,-1,799,798,800,-1,799,800,801,-1,801,800,802,-1,801,802,803,-1,803,802,804,-1,803,804,805,-1,805,804,806,-1,805,806,807,-1,807,806,808,-1,807,808,809,-1,809,808,810,-1,809,810,811,-1,811,810,812,-1,811,812,813,-1,813,812,814,-1,813,814,815,-1,815,814,816,-1,815,816,817,-1,817,816,818,-1,817,818,819,-1,819,818,820,-1,819,820,821,-1,821,820,822,-1,821,822,823,-1,823,822,824,-1,823,824,825,-1,825,824,826,-1,825,826,827,-1,827,826,828,-1,827,828,829,-1,829,828,830,-1,829,830,831,-1,831,830,832,-1,831,832,833,-1,833,832,834,-1,833,834,835,-1,835,834,836,-1,835,836,837,-1,837,836,838,-1,837,838,839,-1,839,838,840,-1,839,840,841,-1,841,840,842,-1,841,842,843,-1,843,842,844,-1,843,844,845,-1,845,844,846,-1,845,846,847,-1,847,846,848,-1,847,848,849,-1,117,115,733,-1,733,115,113,-1,733,113,111,-1,50,52,850,-1,729,773,731,-1,731,773,733,-1,721,698,26,-1,52,54,850,-1,850,54,56,-1,850,56,851,-1,729,727,773,-1,773,727,725,-1,773,725,775,-1,775,725,777,-1,833,715,716,-1,123,793,125,-1,125,793,795,-1,125,795,127,-1,852,74,853,-1,853,74,76,-1,853,76,854,-1,26,698,27,-1,27,698,699,-1,27,699,700,-1,70,855,68,-1,68,855,856,-1,68,856,66,-1,66,856,857,-1,66,857,64,-1,64,857,858,-1,64,858,62,-1,62,858,859,-1,62,859,60,-1,60,859,851,-1,60,851,58,-1,58,851,56,-1,715,833,714,-1,714,833,835,-1,714,835,713,-1,718,719,47,-1,781,117,769,-1,769,117,733,-1,769,733,771,-1,771,733,773,-1,781,783,117,-1,117,783,785,-1,117,785,119,-1,119,785,787,-1,119,787,121,-1,121,787,789,-1,121,789,123,-1,123,789,791,-1,123,791,793,-1,72,860,70,-1,70,860,861,-1,70,861,855,-1,84,30,82,-1,82,30,29,-1,702,703,78,-1,78,703,704,-1,78,704,705,-1,34,135,133,-1,852,862,74,-1,74,862,863,-1,74,863,72,-1,72,863,864,-1,72,864,860,-1,700,701,27,-1,27,701,702,-1,27,702,28,-1,28,702,78,-1,28,78,29,-1,29,78,80,-1,29,80,82,-1,854,76,849,-1,849,76,78,-1,849,78,847,-1,847,78,705,-1,847,705,706,-1,735,763,723,-1,723,763,767,-1,723,767,725,-1,725,767,779,-1,725,779,777,-1,706,707,847,-1,847,707,708,-1,847,708,845,-1,845,708,709,-1,713,835,712,-1,712,835,837,-1,712,837,711,-1,711,837,839,-1,711,839,710,-1,710,839,841,-1,710,841,709,-1,709,841,843,-1,709,843,845,-1,718,47,717,-1,795,797,127,-1,127,797,799,-1,127,799,129,-1,129,799,131,-1,143,141,30,-1,30,141,139,-1,30,139,137,-1,746,744,742,-1,740,738,735,-1,735,738,737,-1,735,737,763,-1,763,737,751,-1,763,751,764,-1,764,751,753,-1,721,26,720,-1,720,26,25,-1,720,25,719,-1,719,25,24,-1,719,24,47,-1,716,717,833,-1,833,717,47,-1,833,47,831,-1,831,47,46,-1,831,46,829,-1,829,46,45,-1,829,45,827,-1,827,45,44,-1,827,44,825,-1,825,44,43,-1,825,43,823,-1,823,43,42,-1,823,42,821,-1,821,42,41,-1,821,41,819,-1,819,41,40,-1,819,40,817,-1,817,40,39,-1,817,39,815,-1,815,39,38,-1,815,38,813,-1,813,38,37,-1,813,37,811,-1,811,37,36,-1,803,805,35,-1,35,805,807,-1,35,807,36,-1,36,807,809,-1,36,809,811,-1,803,35,801,-1,801,35,34,-1,801,34,799,-1,799,34,133,-1,799,133,131,-1,740,735,742,-1,742,735,748,-1,742,748,746,-1,760,758,756,-1,34,33,135,-1,135,33,32,-1,135,32,137,-1,137,32,31,-1,137,31,30,-1,760,756,751,-1,751,756,754,-1,751,754,753,-1,84,86,30,-1,30,86,88,-1,30,88,143,-1,143,88,90,-1,143,90,97,-1,97,90,92,-1,97,92,99,-1,99,92,101,-1,111,109,733,-1,733,109,107,-1,733,107,850,-1,850,107,105,-1,850,105,50,-1,50,105,103,-1,50,103,48,-1,48,103,101,-1,48,101,94,-1,94,101,92,-1,849,848,865,-1,849,865,854,-1,854,865,866,-1,854,866,853,-1,853,866,867,-1,853,867,852,-1,852,867,868,-1,852,868,862,-1,862,868,869,-1,862,869,863,-1,863,869,870,-1,863,870,864,-1,864,870,871,-1,864,871,860,-1,860,871,872,-1,860,872,861,-1,861,872,873,-1,861,873,855,-1,855,873,874,-1,855,874,856,-1,856,874,875,-1,856,875,857,-1,857,875,876,-1,857,876,858,-1,858,876,877,-1,858,877,859,-1,859,877,878,-1,859,878,851,-1,851,878,879,-1,851,879,850,-1,850,879,732,-1,850,732,733,-1,782,780,880,-1,804,881,806,-1,806,881,882,-1,806,882,808,-1,808,882,883,-1,808,883,810,-1,798,884,800,-1,800,884,885,-1,800,885,802,-1,802,885,886,-1,802,886,804,-1,804,886,887,-1,804,887,881,-1,794,888,796,-1,796,888,889,-1,796,889,798,-1,798,889,890,-1,798,890,884,-1,776,778,724,-1,724,778,766,-1,880,780,891,-1,891,780,768,-1,891,768,892,-1,892,768,770,-1,892,770,893,-1,893,770,772,-1,893,772,726,-1,883,894,810,-1,810,894,895,-1,810,895,812,-1,812,895,896,-1,812,896,814,-1,820,897,822,-1,822,897,898,-1,822,898,824,-1,880,899,782,-1,782,899,900,-1,782,900,784,-1,784,900,901,-1,784,901,786,-1,786,901,902,-1,786,902,788,-1,902,903,788,-1,788,903,904,-1,788,904,790,-1,790,904,905,-1,790,905,792,-1,792,905,906,-1,792,906,794,-1,794,906,907,-1,794,907,888,-1,726,772,724,-1,724,772,774,-1,724,774,776,-1,879,908,732,-1,732,908,909,-1,732,909,910,-1,896,911,814,-1,814,911,912,-1,814,912,816,-1,816,912,913,-1,816,913,818,-1,818,913,914,-1,818,914,820,-1,820,914,915,-1,820,915,897,-1,898,916,824,-1,824,916,917,-1,824,917,826,-1,826,917,918,-1,826,918,828,-1,828,918,919,-1,828,919,830,-1,866,920,867,-1,867,920,921,-1,867,921,868,-1,868,921,922,-1,868,922,869,-1,875,923,876,-1,876,923,924,-1,876,924,877,-1,877,924,908,-1,877,908,878,-1,878,908,879,-1,726,728,893,-1,893,728,730,-1,893,730,925,-1,925,730,732,-1,925,732,926,-1,926,732,910,-1,846,927,848,-1,848,927,928,-1,848,928,865,-1,865,928,929,-1,865,929,866,-1,866,929,930,-1,866,930,920,-1,762,734,766,-1,766,734,722,-1,766,722,724,-1,834,931,836,-1,836,931,932,-1,836,932,838,-1,838,932,933,-1,838,933,840,-1,922,934,869,-1,869,934,935,-1,869,935,870,-1,870,935,936,-1,870,936,871,-1,871,936,937,-1,871,937,872,-1,919,938,830,-1,830,938,939,-1,830,939,832,-1,832,939,940,-1,832,940,834,-1,834,940,941,-1,834,941,931,-1,933,942,840,-1,840,942,943,-1,840,943,842,-1,842,943,944,-1,842,944,844,-1,844,944,945,-1,844,945,846,-1,846,945,946,-1,846,946,927,-1,937,947,872,-1,872,947,948,-1,872,948,873,-1,873,948,949,-1,873,949,874,-1,874,949,950,-1,874,950,875,-1,875,950,951,-1,875,951,923,-1,747,749,736,-1,736,749,734,-1,736,734,750,-1,750,734,762,-1,741,743,745,-1,747,736,745,-1,745,736,739,-1,745,739,741,-1,762,765,750,-1,750,765,752,-1,750,752,755,-1,755,757,750,-1,750,757,759,-1,750,759,761,-1,952,953,954,-1,954,955,952,-1,952,955,956,-1,952,956,957,-1,957,956,958,-1,957,958,959,-1,958,960,959,-1,959,960,961,-1,959,961,962,-1,961,963,962,-1,962,963,964,-1,962,964,965,-1,965,964,966,-1,965,966,967,-1,966,968,967,-1,967,968,969,-1,967,969,970,-1,969,971,970,-1,970,971,972,-1,970,972,973,-1,973,972,974,-1,973,974,975,-1,974,976,975,-1,975,976,977,-1,975,977,978,-1,979,980,981,-1,977,982,978,-1,978,982,983,-1,978,983,981,-1,981,983,984,-1,981,984,979,-1,979,985,980,-1,980,985,986,-1,980,986,987,-1,987,986,988,-1,987,988,989,-1,988,990,989,-1,989,990,991,-1,989,991,992,-1,992,991,993,-1,992,993,994,-1,993,995,994,-1,994,995,996,-1,994,996,997,-1,996,998,997,-1,997,998,999,-1,997,999,1000,-1,1000,999,1001,-1,1000,1001,1002,-1,1001,1003,1002,-1,1002,1003,1004,-1,1002,1004,1005,-1,1004,1006,1005,-1,1005,1006,1007,-1,1005,1007,1008,-1,1008,1007,1009,-1,1008,1009,1010,-1,1009,1011,1010,-1,1010,1011,1012,-1,1010,1012,1013,-1,1012,1014,1013,-1,1013,1014,1015,-1,1013,1015,1016,-1,1015,1017,1016,-1,1016,1017,1018,-1,1016,1018,1019,-1,1018,1020,1019,-1,1019,1020,1021,-1,1019,1021,1022,-1,1022,1021,1023,-1,1022,1023,1024,-1,1023,1025,1024,-1,1024,1025,1026,-1,1024,1026,1027,-1,1027,1026,1028,-1,1027,1028,1029,-1,1028,1030,1029,-1,1029,1030,1031,-1,1029,1031,1032,-1,1031,1033,1032,-1,1032,1033,1034,-1,1032,1034,1035,-1,1035,1034,1036,-1,1035,1036,1037,-1,1036,1038,1037,-1,1037,1038,1039,-1,1037,1039,1040,-1,1039,1041,1040,-1,1040,1041,1042,-1,1040,1042,1043,-1,1043,1042,1044,-1,1043,1044,1045,-1,1046,1047,1048,-1,1048,1047,1045,-1,1048,1045,1049,-1,1049,1045,1044,-1,1047,1050,1045,-1,1045,1050,1051,-1,1045,1051,1043,-1,1043,1051,1052,-1,1043,1052,1040,-1,1040,1052,1053,-1,1040,1053,1037,-1,1037,1053,1054,-1,1037,1054,1035,-1,1035,1054,1055,-1,1035,1055,1032,-1,1032,1055,1056,-1,1032,1056,1029,-1,1029,1056,1057,-1,1029,1057,1027,-1,1027,1057,1058,-1,1027,1058,1024,-1,1024,1058,1059,-1,1024,1059,1022,-1,1022,1059,1060,-1,1022,1060,1019,-1,1019,1060,1061,-1,1019,1061,1016,-1,1016,1061,1062,-1,1016,1062,1013,-1,1013,1062,1063,-1,1013,1063,1010,-1,1010,1063,1064,-1,1010,1064,1008,-1,1008,1064,1065,-1,1008,1065,1005,-1,1005,1065,1066,-1,1005,1066,1002,-1,1002,1066,1067,-1,1002,1067,1000,-1,1000,1067,1068,-1,1000,1068,997,-1,997,1068,1069,-1,997,1069,994,-1,994,1069,1070,-1,994,1070,992,-1,992,1070,1071,-1,992,1071,989,-1,989,1071,1072,-1,989,1072,987,-1,987,1072,1073,-1,987,1073,980,-1,980,1073,1074,-1,980,1074,981,-1,981,1074,1075,-1,981,1075,978,-1,978,1075,1076,-1,978,1076,975,-1,975,1076,1077,-1,975,1077,973,-1,973,1077,1078,-1,973,1078,970,-1,970,1078,1079,-1,970,1079,967,-1,967,1079,1080,-1,967,1080,965,-1,965,1080,1081,-1,965,1081,962,-1,962,1081,1082,-1,962,1082,959,-1,959,1082,1083,-1,959,1083,957,-1,957,1083,1084,-1,957,1084,952,-1,952,1084,1085,-1,952,1085,953,-1,953,1085,1086,-1,1050,1087,1051,-1,1051,1087,1088,-1,1051,1088,1052,-1,1052,1088,1089,-1,1052,1089,1053,-1,1053,1089,1090,-1,1053,1090,1054,-1,1054,1090,1091,-1,1054,1091,1055,-1,1055,1091,1092,-1,1055,1092,1056,-1,1056,1092,1093,-1,1056,1093,1057,-1,1057,1093,1094,-1,1057,1094,1058,-1,1058,1094,1095,-1,1058,1095,1059,-1,1059,1095,1096,-1,1059,1096,1060,-1,1060,1096,1097,-1,1060,1097,1061,-1,1061,1097,1098,-1,1061,1098,1062,-1,1062,1098,1099,-1,1062,1099,1063,-1,1063,1099,1100,-1,1063,1100,1064,-1,1064,1100,1101,-1,1064,1101,1065,-1,1065,1101,1102,-1,1065,1102,1066,-1,1066,1102,1103,-1,1066,1103,1067,-1,1067,1103,1104,-1,1067,1104,1068,-1,1068,1104,1105,-1,1068,1105,1069,-1,1069,1105,1106,-1,1069,1106,1070,-1,1070,1106,1107,-1,1070,1107,1071,-1,1071,1107,1108,-1,1071,1108,1072,-1,1072,1108,1109,-1,1072,1109,1073,-1,1073,1109,1110,-1,1073,1110,1074,-1,1074,1110,1111,-1,1074,1111,1075,-1,1075,1111,1112,-1,1075,1112,1076,-1,1076,1112,1113,-1,1076,1113,1077,-1,1077,1113,1114,-1,1077,1114,1078,-1,1078,1114,1115,-1,1078,1115,1079,-1,1079,1115,1116,-1,1079,1116,1080,-1,1080,1116,1117,-1,1080,1117,1081,-1,1081,1117,1118,-1,1081,1118,1082,-1,1082,1118,1119,-1,1082,1119,1083,-1,1083,1119,1120,-1,1083,1120,1084,-1,1084,1120,1121,-1,1084,1121,1085,-1,1085,1121,1122,-1,1085,1122,1086,-1,1086,1122,1123,-1,1087,1124,1088,-1,1088,1124,1125,-1,1088,1125,1089,-1,1089,1125,1126,-1,1089,1126,1090,-1,1090,1126,1127,-1,1090,1127,1091,-1,1091,1127,1128,-1,1091,1128,1092,-1,1092,1128,1129,-1,1092,1129,1093,-1,1093,1129,1130,-1,1093,1130,1094,-1,1094,1130,1131,-1,1094,1131,1095,-1,1095,1131,1132,-1,1095,1132,1096,-1,1096,1132,1133,-1,1096,1133,1097,-1,1097,1133,1134,-1,1097,1134,1098,-1,1098,1134,1135,-1,1098,1135,1099,-1,1099,1135,1136,-1,1099,1136,1100,-1,1100,1136,1137,-1,1100,1137,1101,-1,1101,1137,1138,-1,1101,1138,1102,-1,1102,1138,1139,-1,1102,1139,1103,-1,1103,1139,1140,-1,1103,1140,1104,-1,1104,1140,1141,-1,1104,1141,1105,-1,1105,1141,1142,-1,1105,1142,1106,-1,1106,1142,1143,-1,1106,1143,1107,-1,1107,1143,1144,-1,1107,1144,1108,-1,1108,1144,1145,-1,1108,1145,1109,-1,1109,1145,1146,-1,1109,1146,1110,-1,1110,1146,1147,-1,1110,1147,1111,-1,1111,1147,1148,-1,1111,1148,1112,-1,1112,1148,1149,-1,1112,1149,1113,-1,1113,1149,1150,-1,1113,1150,1114,-1,1114,1150,1151,-1,1114,1151,1115,-1,1115,1151,1152,-1,1115,1152,1116,-1,1116,1152,1153,-1,1116,1153,1117,-1,1117,1153,1154,-1,1117,1154,1118,-1,1118,1154,1155,-1,1118,1155,1119,-1,1119,1155,1156,-1,1119,1156,1120,-1,1120,1156,1157,-1,1120,1157,1121,-1,1121,1157,1158,-1,1121,1158,1122,-1,1122,1158,1159,-1,1122,1159,1123,-1,1123,1159,1160,-1,1124,1161,1125,-1,1125,1161,1162,-1,1125,1162,1126,-1,1126,1162,1163,-1,1126,1163,1127,-1,1127,1163,1164,-1,1127,1164,1128,-1,1128,1164,1165,-1,1128,1165,1129,-1,1129,1165,1166,-1,1129,1166,1130,-1,1130,1166,1167,-1,1130,1167,1131,-1,1131,1167,1168,-1,1131,1168,1132,-1,1132,1168,1169,-1,1132,1169,1133,-1,1133,1169,1170,-1,1133,1170,1134,-1,1134,1170,1171,-1,1134,1171,1135,-1,1135,1171,1172,-1,1135,1172,1136,-1,1136,1172,1173,-1,1136,1173,1137,-1,1137,1173,1174,-1,1137,1174,1138,-1,1138,1174,1175,-1,1138,1175,1139,-1,1139,1175,1176,-1,1139,1176,1140,-1,1140,1176,1177,-1,1140,1177,1141,-1,1141,1177,1178,-1,1141,1178,1142,-1,1142,1178,1179,-1,1142,1179,1143,-1,1143,1179,1180,-1,1143,1180,1144,-1,1144,1180,1181,-1,1144,1181,1145,-1,1145,1181,1182,-1,1145,1182,1146,-1,1146,1182,1183,-1,1146,1183,1147,-1,1147,1183,1184,-1,1147,1184,1148,-1,1148,1184,1185,-1,1148,1185,1149,-1,1149,1185,1186,-1,1149,1186,1150,-1,1150,1186,1187,-1,1150,1187,1151,-1,1151,1187,1188,-1,1151,1188,1152,-1,1152,1188,1189,-1,1152,1189,1153,-1,1153,1189,1190,-1,1153,1190,1154,-1,1154,1190,1191,-1,1154,1191,1155,-1,1155,1191,1192,-1,1155,1192,1156,-1,1156,1192,1193,-1,1156,1193,1157,-1,1157,1193,1194,-1,1157,1194,1158,-1,1158,1194,1195,-1,1158,1195,1159,-1,1159,1195,1196,-1,1159,1196,1160,-1,1160,1196,1197,-1,1161,889,1162,-1,1162,889,888,-1,1162,888,1163,-1,1163,888,907,-1,1163,907,1164,-1,1164,907,906,-1,1164,906,1165,-1,1165,906,905,-1,1165,905,1166,-1,1166,905,904,-1,1166,904,1167,-1,1167,904,903,-1,1167,903,1168,-1,1168,903,902,-1,1168,902,1169,-1,1169,902,901,-1,1169,901,1170,-1,1170,901,900,-1,1170,900,1171,-1,1171,900,899,-1,1171,899,1172,-1,1172,899,880,-1,1172,880,1173,-1,1173,880,891,-1,1173,891,1174,-1,1174,891,892,-1,1174,892,1175,-1,1175,892,893,-1,1175,893,1176,-1,1176,893,925,-1,1176,925,1177,-1,1177,925,926,-1,1177,926,1178,-1,1178,926,910,-1,1178,910,1179,-1,1179,910,909,-1,1179,909,1180,-1,1180,909,908,-1,1180,908,1181,-1,1181,908,924,-1,1181,924,1182,-1,1182,924,923,-1,1182,923,1183,-1,1183,923,951,-1,1183,951,1184,-1,1184,951,950,-1,1184,950,1185,-1,1185,950,949,-1,1185,949,1186,-1,1186,949,948,-1,1186,948,1187,-1,1187,948,947,-1,1187,947,1188,-1,1188,947,937,-1,1188,937,1189,-1,1189,937,936,-1,1189,936,1190,-1,1190,936,935,-1,1190,935,1191,-1,1191,935,934,-1,1191,934,1192,-1,1192,934,922,-1,1192,922,1193,-1,1193,922,921,-1,1193,921,1194,-1,1194,921,920,-1,1194,920,1195,-1,1195,920,930,-1,1195,930,1196,-1,1196,930,929,-1,1196,929,1197,-1,1197,929,928,-1,1198,1047,1046,-1,1046,1199,1198,-1,1198,1199,1200,-1,1198,1200,1201,-1,1201,1200,1202,-1,1201,1202,1203,-1,1202,1204,1203,-1,1203,1204,1205,-1,1203,1205,1206,-1,1205,1207,1206,-1,1206,1207,1208,-1,1206,1208,1209,-1,1209,1208,1210,-1,1209,1210,1211,-1,1210,1212,1211,-1,1211,1212,1213,-1,1211,1213,1214,-1,1213,1215,1214,-1,1214,1215,1216,-1,1214,1216,1217,-1,1217,1216,1218,-1,1217,1218,1219,-1,1218,1220,1219,-1,1219,1220,1221,-1,1219,1221,1222,-1,1223,1224,1225,-1,1221,1226,1222,-1,1222,1226,1227,-1,1222,1227,1225,-1,1225,1227,1228,-1,1225,1228,1223,-1,1223,1229,1224,-1,1224,1229,1230,-1,1224,1230,1231,-1,1231,1230,1232,-1,1231,1232,1233,-1,1232,1234,1233,-1,1233,1234,1235,-1,1233,1235,1236,-1,1236,1235,1237,-1,1236,1237,1238,-1,1237,1239,1238,-1,1238,1239,1240,-1,1238,1240,1241,-1,1240,1242,1241,-1,1241,1242,1243,-1,1241,1243,1244,-1,1244,1243,1245,-1,1244,1245,1246,-1,1245,1247,1246,-1,1246,1247,1248,-1,1246,1248,1249,-1,1248,1250,1249,-1,1249,1250,1251,-1,1249,1251,1252,-1,1252,1251,1253,-1,1252,1253,1254,-1,1253,1255,1254,-1,1254,1255,1256,-1,1254,1256,1257,-1,1256,1258,1257,-1,1257,1258,1259,-1,1257,1259,1260,-1,1259,1261,1260,-1,1260,1261,1262,-1,1260,1262,1263,-1,1262,1264,1263,-1,1263,1264,1265,-1,1263,1265,1266,-1,1266,1265,1267,-1,1266,1267,1268,-1,1267,1269,1268,-1,1268,1269,1270,-1,1268,1270,1271,-1,1271,1270,1272,-1,1271,1272,1273,-1,1272,1274,1273,-1,1273,1274,1275,-1,1273,1275,1276,-1,1275,1277,1276,-1,1276,1277,1278,-1,1276,1278,1279,-1,1279,1278,1280,-1,1279,1280,1281,-1,1280,1282,1281,-1,1281,1282,1283,-1,1281,1283,1284,-1,1283,1285,1284,-1,1284,1285,1286,-1,1284,1286,1287,-1,1287,1286,1288,-1,1287,1288,1289,-1,954,953,1290,-1,1290,953,1289,-1,1290,1289,1291,-1,1291,1289,1288,-1,953,1086,1289,-1,1289,1086,1292,-1,1289,1292,1287,-1,1287,1292,1293,-1,1287,1293,1284,-1,1284,1293,1294,-1,1284,1294,1281,-1,1281,1294,1295,-1,1281,1295,1279,-1,1279,1295,1296,-1,1279,1296,1276,-1,1276,1296,1297,-1,1276,1297,1273,-1,1273,1297,1298,-1,1273,1298,1271,-1,1271,1298,1299,-1,1271,1299,1268,-1,1268,1299,1300,-1,1268,1300,1266,-1,1266,1300,1301,-1,1266,1301,1263,-1,1263,1301,1302,-1,1263,1302,1260,-1,1260,1302,1303,-1,1260,1303,1257,-1,1257,1303,1304,-1,1257,1304,1254,-1,1254,1304,1305,-1,1254,1305,1252,-1,1252,1305,1306,-1,1252,1306,1249,-1,1249,1306,1307,-1,1249,1307,1246,-1,1246,1307,1308,-1,1246,1308,1244,-1,1244,1308,1309,-1,1244,1309,1241,-1,1241,1309,1310,-1,1241,1310,1238,-1,1238,1310,1311,-1,1238,1311,1236,-1,1236,1311,1312,-1,1236,1312,1233,-1,1233,1312,1313,-1,1233,1313,1231,-1,1231,1313,1314,-1,1231,1314,1224,-1,1224,1314,1315,-1,1224,1315,1225,-1,1225,1315,1316,-1,1225,1316,1222,-1,1222,1316,1317,-1,1222,1317,1219,-1,1219,1317,1318,-1,1219,1318,1217,-1,1217,1318,1319,-1,1217,1319,1214,-1,1214,1319,1320,-1,1214,1320,1211,-1,1211,1320,1321,-1,1211,1321,1209,-1,1209,1321,1322,-1,1209,1322,1206,-1,1206,1322,1323,-1,1206,1323,1203,-1,1203,1323,1324,-1,1203,1324,1201,-1,1201,1324,1325,-1,1201,1325,1198,-1,1198,1325,1326,-1,1198,1326,1047,-1,1047,1326,1050,-1,1086,1123,1292,-1,1292,1123,1327,-1,1292,1327,1293,-1,1293,1327,1328,-1,1293,1328,1294,-1,1294,1328,1329,-1,1294,1329,1295,-1,1295,1329,1330,-1,1295,1330,1296,-1,1296,1330,1331,-1,1296,1331,1297,-1,1297,1331,1332,-1,1297,1332,1298,-1,1298,1332,1333,-1,1298,1333,1299,-1,1299,1333,1334,-1,1299,1334,1300,-1,1300,1334,1335,-1,1300,1335,1301,-1,1301,1335,1336,-1,1301,1336,1302,-1,1302,1336,1337,-1,1302,1337,1303,-1,1303,1337,1338,-1,1303,1338,1304,-1,1304,1338,1339,-1,1304,1339,1305,-1,1305,1339,1340,-1,1305,1340,1306,-1,1306,1340,1341,-1,1306,1341,1307,-1,1307,1341,1342,-1,1307,1342,1308,-1,1308,1342,1343,-1,1308,1343,1309,-1,1309,1343,1344,-1,1309,1344,1310,-1,1310,1344,1345,-1,1310,1345,1311,-1,1311,1345,1346,-1,1311,1346,1312,-1,1312,1346,1347,-1,1312,1347,1313,-1,1313,1347,1348,-1,1313,1348,1314,-1,1314,1348,1349,-1,1314,1349,1315,-1,1315,1349,1350,-1,1315,1350,1316,-1,1316,1350,1351,-1,1316,1351,1317,-1,1317,1351,1352,-1,1317,1352,1318,-1,1318,1352,1353,-1,1318,1353,1319,-1,1319,1353,1354,-1,1319,1354,1320,-1,1320,1354,1355,-1,1320,1355,1321,-1,1321,1355,1356,-1,1321,1356,1322,-1,1322,1356,1357,-1,1322,1357,1323,-1,1323,1357,1358,-1,1323,1358,1324,-1,1324,1358,1359,-1,1324,1359,1325,-1,1325,1359,1360,-1,1325,1360,1326,-1,1326,1360,1361,-1,1326,1361,1050,-1,1050,1361,1087,-1,1123,1160,1327,-1,1327,1160,1362,-1,1327,1362,1328,-1,1328,1362,1363,-1,1328,1363,1329,-1,1329,1363,1364,-1,1329,1364,1330,-1,1330,1364,1365,-1,1330,1365,1331,-1,1331,1365,1366,-1,1331,1366,1332,-1,1332,1366,1367,-1,1332,1367,1333,-1,1333,1367,1368,-1,1333,1368,1334,-1,1334,1368,1369,-1,1334,1369,1335,-1,1335,1369,1370,-1,1335,1370,1336,-1,1336,1370,1371,-1,1336,1371,1337,-1,1337,1371,1372,-1,1337,1372,1338,-1,1338,1372,1373,-1,1338,1373,1339,-1,1339,1373,1374,-1,1339,1374,1340,-1,1340,1374,1375,-1,1340,1375,1341,-1,1341,1375,1376,-1,1341,1376,1342,-1,1342,1376,1377,-1,1342,1377,1343,-1,1343,1377,1378,-1,1343,1378,1344,-1,1344,1378,1379,-1,1344,1379,1345,-1,1345,1379,1380,-1,1345,1380,1346,-1,1346,1380,1381,-1,1346,1381,1347,-1,1347,1381,1382,-1,1347,1382,1348,-1,1348,1382,1383,-1,1348,1383,1349,-1,1349,1383,1384,-1,1349,1384,1350,-1,1350,1384,1385,-1,1350,1385,1351,-1,1351,1385,1386,-1,1351,1386,1352,-1,1352,1386,1387,-1,1352,1387,1353,-1,1353,1387,1388,-1,1353,1388,1354,-1,1354,1388,1389,-1,1354,1389,1355,-1,1355,1389,1390,-1,1355,1390,1356,-1,1356,1390,1391,-1,1356,1391,1357,-1,1357,1391,1392,-1,1357,1392,1358,-1,1358,1392,1393,-1,1358,1393,1359,-1,1359,1393,1394,-1,1359,1394,1360,-1,1360,1394,1395,-1,1360,1395,1361,-1,1361,1395,1396,-1,1361,1396,1087,-1,1087,1396,1124,-1,1160,1197,1362,-1,1362,1197,1397,-1,1362,1397,1363,-1,1363,1397,1398,-1,1363,1398,1364,-1,1364,1398,1399,-1,1364,1399,1365,-1,1365,1399,1400,-1,1365,1400,1366,-1,1366,1400,1401,-1,1366,1401,1367,-1,1367,1401,1402,-1,1367,1402,1368,-1,1368,1402,1403,-1,1368,1403,1369,-1,1369,1403,1404,-1,1369,1404,1370,-1,1370,1404,1405,-1,1370,1405,1371,-1,1371,1405,1406,-1,1371,1406,1372,-1,1372,1406,1407,-1,1372,1407,1373,-1,1373,1407,1408,-1,1373,1408,1374,-1,1374,1408,1409,-1,1374,1409,1375,-1,1375,1409,1410,-1,1375,1410,1376,-1,1376,1410,1411,-1,1376,1411,1377,-1,1377,1411,1412,-1,1377,1412,1378,-1,1378,1412,1413,-1,1378,1413,1379,-1,1379,1413,1414,-1,1379,1414,1380,-1,1380,1414,1415,-1,1380,1415,1381,-1,1381,1415,1416,-1,1381,1416,1382,-1,1382,1416,1417,-1,1382,1417,1383,-1,1383,1417,1418,-1,1383,1418,1384,-1,1384,1418,1419,-1,1384,1419,1385,-1,1385,1419,1420,-1,1385,1420,1386,-1,1386,1420,1421,-1,1386,1421,1387,-1,1387,1421,1422,-1,1387,1422,1388,-1,1388,1422,1423,-1,1388,1423,1389,-1,1389,1423,1424,-1,1389,1424,1390,-1,1390,1424,1425,-1,1390,1425,1391,-1,1391,1425,1426,-1,1391,1426,1392,-1,1392,1426,1427,-1,1392,1427,1393,-1,1393,1427,1428,-1,1393,1428,1394,-1,1394,1428,1429,-1,1394,1429,1395,-1,1395,1429,1430,-1,1395,1430,1396,-1,1396,1430,1431,-1,1396,1431,1124,-1,1124,1431,1161,-1,1197,928,1397,-1,1397,928,927,-1,1397,927,1398,-1,1398,927,946,-1,1398,946,1399,-1,1399,946,945,-1,1399,945,1400,-1,1400,945,944,-1,1400,944,1401,-1,1401,944,943,-1,1401,943,1402,-1,1402,943,942,-1,1402,942,1403,-1,1403,942,933,-1,1403,933,1404,-1,1404,933,932,-1,1404,932,1405,-1,1405,932,931,-1,1405,931,1406,-1,1406,931,941,-1,1406,941,1407,-1,1407,941,940,-1,1407,940,1408,-1,1408,940,939,-1,1408,939,1409,-1,1409,939,938,-1,1409,938,1410,-1,1410,938,919,-1,1410,919,1411,-1,1411,919,918,-1,1411,918,1412,-1,1412,918,917,-1,1412,917,1413,-1,1413,917,916,-1,1413,916,1414,-1,1414,916,898,-1,1414,898,1415,-1,1415,898,897,-1,1415,897,1416,-1,1416,897,915,-1,1416,915,1417,-1,1417,915,914,-1,1417,914,1418,-1,1418,914,913,-1,1418,913,1419,-1,1419,913,912,-1,1419,912,1420,-1,1420,912,911,-1,1420,911,1421,-1,1421,911,896,-1,1421,896,1422,-1,1422,896,895,-1,1422,895,1423,-1,1423,895,894,-1,1423,894,1424,-1,1424,894,883,-1,1424,883,1425,-1,1425,883,882,-1,1425,882,1426,-1,1426,882,881,-1,1426,881,1427,-1,1427,881,887,-1,1427,887,1428,-1,1428,887,886,-1,1428,886,1429,-1,1429,886,885,-1,1429,885,1430,-1,1430,885,884,-1,1430,884,1431,-1,1431,884,890,-1,1431,890,1161,-1,1161,890,889,-1,1046,415,1199,-1,1199,415,556,-1,1199,556,1200,-1,1200,556,557,-1,1200,557,1202,-1,1202,557,444,-1,1202,444,1204,-1,1204,444,443,-1,1204,443,1205,-1,1205,443,558,-1,1205,558,1207,-1,1207,558,565,-1,1207,565,1208,-1,1208,565,566,-1,1208,566,1210,-1,1210,566,441,-1,1210,441,1212,-1,1212,441,440,-1,1212,440,1213,-1,1213,440,567,-1,1213,567,1215,-1,1215,567,580,-1,605,1234,592,-1,592,1234,1232,-1,592,1232,434,-1,434,1232,1230,-1,434,1230,435,-1,435,1230,1229,-1,435,1229,591,-1,591,1229,1223,-1,591,1223,590,-1,590,1223,1228,-1,590,1228,583,-1,583,1228,1227,-1,583,1227,437,-1,437,1227,1226,-1,437,1226,438,-1,438,1226,1221,-1,438,1221,582,-1,582,1221,1220,-1,582,1220,581,-1,581,1220,1218,-1,581,1218,580,-1,580,1218,1216,-1,580,1216,1215,-1,428,1250,429,-1,429,1250,1248,-1,429,1248,616,-1,616,1248,1247,-1,616,1247,615,-1,615,1247,1245,-1,615,1245,608,-1,608,1245,1243,-1,608,1243,431,-1,431,1243,1242,-1,431,1242,432,-1,432,1242,1240,-1,432,1240,607,-1,607,1240,1239,-1,607,1239,606,-1,606,1239,1237,-1,606,1237,605,-1,605,1237,1235,-1,605,1235,1234,-1,632,1259,1258,-1,632,1258,631,-1,631,1258,1256,-1,631,1256,630,-1,630,1256,1255,-1,630,1255,617,-1,617,1255,1253,-1,617,1253,428,-1,428,1253,1251,-1,428,1251,1250,-1,1259,632,1261,-1,1261,632,426,-1,1261,426,1262,-1,426,425,1262,-1,1262,425,633,-1,1262,633,1264,-1,1264,633,640,-1,1264,640,1265,-1,1265,640,641,-1,1265,641,1267,-1,1267,641,423,-1,655,1274,642,-1,642,1274,1272,-1,642,1272,422,-1,422,1272,1270,-1,422,1270,423,-1,423,1270,1269,-1,423,1269,1267,-1,290,954,667,-1,667,954,1290,-1,667,1290,416,-1,416,1290,1291,-1,416,1291,417,-1,417,1291,1288,-1,417,1288,666,-1,666,1288,1286,-1,666,1286,665,-1,665,1286,1285,-1,665,1285,658,-1,658,1285,1283,-1,658,1283,419,-1,419,1283,1282,-1,419,1282,420,-1,420,1282,1280,-1,420,1280,657,-1,657,1280,1278,-1,657,1278,656,-1,656,1278,1277,-1,656,1277,655,-1,655,1277,1275,-1,655,1275,1274,-1,954,290,955,-1,955,290,291,-1,955,291,956,-1,956,291,292,-1,956,292,958,-1,958,292,172,-1,958,172,960,-1,960,172,171,-1,960,171,961,-1,961,171,293,-1,961,293,963,-1,963,293,300,-1,963,300,964,-1,964,300,301,-1,964,301,966,-1,966,301,169,-1,966,169,968,-1,968,169,168,-1,968,168,969,-1,969,168,302,-1,969,302,971,-1,971,302,315,-1,340,990,327,-1,327,990,988,-1,327,988,162,-1,162,988,986,-1,162,986,163,-1,163,986,985,-1,163,985,326,-1,326,985,979,-1,326,979,325,-1,325,979,984,-1,325,984,318,-1,318,984,983,-1,318,983,165,-1,165,983,982,-1,165,982,166,-1,166,982,977,-1,166,977,317,-1,317,977,976,-1,317,976,316,-1,316,976,974,-1,316,974,315,-1,315,974,972,-1,315,972,971,-1,157,1004,351,-1,351,1004,1003,-1,351,1003,350,-1,350,1003,1001,-1,350,1001,343,-1,343,1001,999,-1,343,999,159,-1,159,999,998,-1,159,998,160,-1,160,998,996,-1,160,996,342,-1,342,996,995,-1,342,995,341,-1,341,995,993,-1,341,993,340,-1,340,993,991,-1,340,991,990,-1,367,1015,1014,-1,367,1014,366,-1,366,1014,1012,-1,366,1012,365,-1,365,1012,1011,-1,365,1011,352,-1,352,1011,1009,-1,352,1009,156,-1,156,1009,1007,-1,156,1007,157,-1,157,1007,1006,-1,157,1006,1004,-1,1015,367,1017,-1,1017,367,154,-1,1017,154,1018,-1,1018,154,153,-1,1018,153,1020,-1,1020,153,368,-1,1020,368,1021,-1,368,375,1021,-1,1021,375,376,-1,1021,376,1023,-1,1023,376,151,-1,391,1031,390,-1,390,1031,1030,-1,390,1030,377,-1,377,1030,1028,-1,377,1028,150,-1,150,1028,1026,-1,150,1026,151,-1,151,1026,1025,-1,151,1025,1023,-1,415,1046,402,-1,402,1046,1048,-1,402,1048,144,-1,144,1048,1049,-1,144,1049,145,-1,145,1049,1044,-1,145,1044,401,-1,401,1044,1042,-1,401,1042,400,-1,400,1042,1041,-1,400,1041,393,-1,393,1041,1039,-1,393,1039,147,-1,147,1039,1038,-1,147,1038,148,-1,148,1038,1036,-1,148,1036,392,-1,392,1036,1034,-1,392,1034,391,-1,391,1034,1033,-1,391,1033,1031,-1,
        ]
    }
}
Shape{
    appearance Appearance {
        material  Material {
            diffuseColor 0.2235294117647059 0.2235294117647059 0.2235294117647059
            specularColor 0.11372549019607843 0.11372549019607843 0.11372549019607843
            ambientIntensity 0.2235
            transparency 0.0
            shininess 0.5
        }
    }
    geometry IndexedFaceSet {
        ccw TRUE
        solid FALSE
        coord DEF co Coordinate {
            point [
                0.5873 0.9016 0.5984, 0.5957 0.9092 0.5984, 0.5886 0.9163 0.5897, 0.6574 1.0314 0.5984, 0.6592 1.0435 0.5984, 0.6492 1.0444 0.5897, 0.4301 0.9669 0.5897, 0.4206 0.9683 0.5897, 0.4184 0.9573 0.5825, 0.3617 1.0233 0.5984, 0.358 1.0311 0.5984, 0.3487 1.0273 0.5897, 0.3661 1.0158 0.5984, 0.3528 1.0185 0.5897, 0.4348 0.9767 0.5984, 0.4311 0.9769 0.5984, 0.4485 0.9769 0.5984, 0.4398 0.9765 0.5984, 0.4398 0.9664 0.5897, 0.4655 0.9803 0.5984, 0.4571 0.9782 0.5984, 0.459 0.9683 0.5897, 0.5024 1.0024 0.5984, 0.496 0.9966 0.5984, 0.5024 0.9888 0.5897, 0.5135 1.0158 0.5984, 0.5083 1.0089 0.5984, 0.516 1.0025 0.5897, 0.5216 1.0312 0.5984, 0.5179 1.0233 0.5984, 0.5268 1.0186 0.5897, 0.5279 1.0564 0.5984, 0.5267 1.0478 0.5984, 0.5365 1.0458 0.5897, 0.5279 1.0737 0.5984, 0.5284 1.0651 0.5984, 0.5384 1.0651 0.5897, 0.5246 1.0908 0.5984, 0.5267 1.0823 0.5984, 0.5365 1.0843 0.5897, 0.4225 0.9782 0.5984, 0.4153 0.98 0.5984, 0.3933 0.978 0.5897, 0.398 0.9869 0.5984, 0.397 0.9875 0.5984, 0.3772 0.9888 0.5897, 0.3836 0.9966 0.5984, 0.3808 0.9991 0.5984, 0.3636 1.0025 0.5897, 0.3713 1.0088 0.5984, 0.3676 1.0138 0.5984, 0.5449 1.0969 0.5825, 0.5413 1.1071 0.5825, 0.5309 1.1028 0.5897, 0.4044 0.9483 0.577, 0.4079 0.9599 0.5825, 0.4112 0.9706 0.5897, 0.4141 0.9803 0.5984, 0.3883 0.9406 0.5732, 0.3931 0.9524 0.577, 0.3978 0.9636 0.5825, 0.4021 0.9739 0.5897, 0.4059 0.9832 0.5984, 0.3701 0.9346 0.5713, 0.3763 0.9462 0.5732, 0.3823 0.9575 0.577, 0.388 0.9682 0.5825, 0.5813 1.108 0.5713, 0.5764 1.1216 0.5713, 0.5642 1.1166 0.5732, 0.3503 0.931 0.5713, 0.3577 0.9421 0.5713, 0.365 0.953 0.5732, 0.3721 0.9636 0.577, 0.3788 0.9737 0.5825, 0.385 0.983 0.5897, 0.3906 0.9914 0.5984, 0.3292 0.9302 0.5732, 0.3376 0.9404 0.5713, 0.346 0.9507 0.5713, 0.3543 0.9609 0.5732, 0.3624 0.9708 0.577, 0.3701 0.9801 0.5825, 0.3075 0.9327 0.577, 0.3165 0.9417 0.5732, 0.3258 0.9511 0.5713, 0.3352 0.9605 0.5713, 0.3446 0.9698 0.5732, 0.3536 0.9788 0.577, 0.3621 0.9874 0.5825, 0.3701 0.9953 0.5897, 0.3772 1.0024 0.5984, 0.2858 0.9386 0.5825, 0.2952 0.9463 0.577, 0.305 0.9544 0.5732, 0.3152 0.9628 0.5713, 0.3255 0.9712 0.5713, 0.3357 0.9796 0.5732, 0.3455 0.9877 0.577, 0.3549 0.9954 0.5825, 0.6352 1.1039 0.5825, 0.6304 1.1229 0.5825, 0.6188 1.1194 0.577, 0.2649 0.9481 0.5897, 0.2742 0.9543 0.5825, 0.2842 0.9611 0.577, 0.2948 0.9682 0.5732, 0.3058 0.9755 0.5713, 0.3168 0.9829 0.5713, 0.3278 0.9902 0.5732, 0.3384 0.9973 0.577, 0.3485 1.004 0.5825, 0.3578 1.0102 0.5897, 0.6411 1.1261 0.5897, 0.6462 1.1061 0.5897, 0.6492 1.0857 0.5897, 0.6601 1.0613 0.5984, 0.6603 1.0651 0.5984, 0.6502 1.0651 0.5897, 0.6381 1.0846 0.5825, 0.6233 1.1016 0.577, 0.6066 1.1157 0.5732, 0.6412 1.004 0.5897, 0.6462 1.024 0.5897, 0.6352 1.0262 0.5825, 0.6381 1.0455 0.5825, 0.626 1.0467 0.577, 0.6269 1.0651 0.577, 0.6141 1.0651 0.5732, 0.6133 1.0822 0.5732, 0.6002 1.0809 0.5713, 0.5979 1.0965 0.5713, 0.5848 1.0939 0.5713, 0.5687 1.1042 0.5732, 0.5524 1.1117 0.577, 0.6403 0.9739 0.5984, 0.6435 0.9807 0.5984, 0.6342 0.9845 0.5897, 0.6304 1.0072 0.5825, 0.6233 1.0286 0.577, 0.6133 1.048 0.5732, 0.601 1.0651 0.5713, 0.587 1.0796 0.5713, 0.5719 1.0913 0.5732, 0.5565 1.1005 0.577, 0.6148 0.9482 0.5897, 0.6254 0.9659 0.5897, 0.6155 0.9711 0.5825, 0.6239 0.9888 0.5825, 0.6127 0.9935 0.577, 0.6189 1.0107 0.577, 0.6066 1.0144 0.5732, 0.6108 1.031 0.5732, 0.5979 1.0336 0.5713, 0.6002 1.0493 0.5713, 0.587 1.0506 0.5713, 0.5877 1.0651 0.5713, 0.5745 1.0651 0.5732, 0.5738 1.0783 0.5732, 0.5611 1.077 0.577, 0.5594 1.0888 0.577, 0.5475 1.0865 0.5825, 0.5342 1.0937 0.5897, 0.5216 1.0989 0.5984, 0.5491 1.0758 0.5825, 0.5617 1.0651 0.577, 0.5738 1.0519 0.5732, 0.5848 1.0362 0.5713, 0.594 1.0183 0.5713, 0.6009 0.9983 0.5732, 0.6048 0.9769 0.577, 0.6055 0.9544 0.5825, 0.6025 0.9316 0.5897, 0.6102 0.9252 0.5984, 0.6083 0.9231 0.5984, 0.5281 1.0601 0.5984, 0.538 1.0554 0.5897, 0.5491 1.0543 0.5825, 0.5475 1.0436 0.5825, 0.5594 1.0413 0.577, 0.5565 1.0297 0.577, 0.5687 1.026 0.5732, 0.5642 1.0135 0.5732, 0.5764 1.0085 0.5713, 0.5702 0.9953 0.5713, 0.5819 0.9891 0.5713, 0.5738 0.9755 0.5713, 0.5848 0.9682 0.5732, 0.5746 0.9544 0.5732, 0.5845 0.9464 0.577, 0.5721 0.9327 0.577, 0.5807 0.9242 0.5825, 0.5662 0.9111 0.5825, 0.5733 0.9024 0.5897, 0.5567 0.8901 0.5897, 0.5449 1.0332 0.5825, 0.5525 1.0184 0.577, 0.5586 1.0016 0.5732, 0.5628 0.9829 0.5713, 0.5644 0.9628 0.5713, 0.5631 0.9418 0.5732, 0.5585 0.9204 0.577, 0.5505 0.8994 0.5825, 0.539 0.8795 0.5897, 0.5437 0.8706 0.5984, 0.5378 0.8678 0.5984, 0.5249 1.0405 0.5984, 0.5246 1.0393 0.5984, 0.5342 1.0364 0.5897, 0.5309 1.0273 0.5897, 0.5413 1.023 0.5825, 0.5367 1.0133 0.5825, 0.5473 1.0076 0.577, 0.5412 0.9973 0.577, 0.5518 0.9902 0.5732, 0.5439 0.9796 0.5732, 0.5541 0.9712 0.5713, 0.5444 0.9605 0.5713, 0.5538 0.9511 0.5713, 0.5421 0.9405 0.5713, 0.5504 0.9303 0.5732, 0.5367 0.9201 0.5732, 0.5438 0.9095 0.577, 0.528 0.9 0.577, 0.5337 0.8894 0.5825, 0.5161 0.881 0.5825, 0.5203 0.8707 0.5897, 0.5009 0.8637 0.5897, 0.5311 1.004 0.5825, 0.5341 0.9877 0.577, 0.5351 0.9698 0.5732, 0.5336 0.9507 0.5713, 0.5294 0.931 0.5713, 0.522 0.9113 0.5732, 0.5114 0.8922 0.577, 0.4976 0.8744 0.5825, 0.4809 0.8587 0.5897, 0.4828 0.8488 0.5984, 0.481 0.8485 0.5984, 0.5173 1.0222 0.5984, 0.5218 1.0102 0.5897, 0.5247 0.9954 0.5825, 0.5175 0.9874 0.5825, 0.526 0.9788 0.577, 0.5172 0.9708 0.577, 0.5253 0.9609 0.5732, 0.5146 0.953 0.5732, 0.522 0.9421 0.5713, 0.5095 0.9346 0.5713, 0.5158 0.9229 0.5713, 0.5015 0.9161 0.5713, 0.5065 0.904 0.5732, 0.4904 0.8982 0.5732, 0.4941 0.886 0.577, 0.4763 0.8815 0.577, 0.4787 0.8696 0.5825, 0.4593 0.8668 0.5825, 0.4604 0.8556 0.5897, 0.4398 0.8546 0.5897, 0.5058 1.0061 0.5984, 0.5095 0.9953 0.5897, 0.5095 0.9801 0.5825, 0.5075 0.9637 0.577, 0.5033 0.9462 0.5732, 0.4964 0.9284 0.5713, 0.4866 0.9108 0.5713, 0.4738 0.894 0.5732, 0.4582 0.8788 0.577, 0.4398 0.8658 0.5825, 0.4192 0.8556 0.5897, 0.5008 0.9737 0.5825, 0.4973 0.9575 0.577, 0.4914 0.9406 0.5732, 0.4827 0.9235 0.5713, 0.4713 0.907 0.5713, 0.4569 0.8915 0.5732, 0.4398 0.8779 0.577, 0.4203 0.8668 0.5825, 0.3988 0.8587 0.5897, 0.3968 0.8488 0.5984, 0.3913 0.8502 0.5984, 0.491 0.9929 0.5984, 0.489 0.9914 0.5984, 0.4946 0.983 0.5897, 0.4863 0.9781 0.5897, 0.4916 0.9682 0.5825, 0.4818 0.9636 0.5825, 0.4865 0.9524 0.577, 0.4752 0.9484 0.577, 0.4789 0.9361 0.5732, 0.4661 0.9329 0.5732, 0.4687 0.92 0.5713, 0.4543 0.9179 0.5713, 0.4556 0.9046 0.5713, 0.4398 0.9039 0.5713, 0.4398 0.8907 0.5732, 0.4227 0.8915 0.5732, 0.4215 0.8788 0.577, 0.4033 0.8815 0.577, 0.401 0.8696 0.5825, 0.382 0.8744 0.5825, 0.3787 0.8637 0.5897, 0.3593 0.8706 0.5897, 0.4816 0.9869 0.5984, 0.4776 0.9739 0.5897, 0.4717 0.9599 0.5825, 0.4636 0.9454 0.577, 0.453 0.931 0.5732, 0.4398 0.9172 0.5713, 0.424 0.9046 0.5713, 0.4058 0.894 0.5732, 0.3855 0.886 0.577, 0.3636 0.881 0.5825, 0.3406 0.8795 0.5897, 0.3359 0.8706 0.5984, 0.3351 0.8711 0.5984, 0.4737 0.9832 0.5984, 0.4684 0.9707 0.5897, 0.4612 0.9573 0.5825, 0.4506 0.9557 0.5825, 0.4518 0.9437 0.577, 0.4398 0.9431 0.577, 0.4398 0.9303 0.5732, 0.4266 0.931 0.5732, 0.4253 0.9179 0.5713, 0.411 0.92 0.5713, 0.4084 0.907 0.5713, 0.393 0.9108 0.5713, 0.3892 0.8982 0.5732, 0.3731 0.9039 0.5732, 0.3682 0.8922 0.577, 0.3516 0.9 0.577, 0.3459 0.8893 0.5825, 0.3291 0.8994 0.5825, 0.3229 0.8901 0.5897, 0.3063 0.9024 0.5897, 0.4546 0.9778 0.5984, 0.4495 0.9669 0.5897, 0.4398 0.9552 0.5825, 0.4279 0.9437 0.577, 0.4135 0.9329 0.5732, 0.3969 0.9235 0.5713, 0.3781 0.9161 0.5713, 0.3576 0.9113 0.5732, 0.3359 0.9094 0.577, 0.3134 0.911 0.5825, 0.291 0.9162 0.5897, 0.429 0.9557 0.5825, 0.416 0.9454 0.577, 0.4007 0.9361 0.5732, 0.3832 0.9284 0.5713, 0.3638 0.9229 0.5713, 0.3429 0.9201 0.5732, 0.3211 0.9204 0.577, 0.2989 0.9241 0.5825, 0.2772 0.9315 0.5897, 0.2694 0.9251 0.5984, 0.2666 0.9289 0.5984, 0.5887 1.1267 0.5713, 0.6009 1.1318 0.5732, 0.6127 1.1367 0.577, 0.6238 1.1413 0.5825, 0.6342 1.1456 0.5897, 0.6508 1.1291 0.5984, 0.6435 1.1494 0.5984, 0.6592 1.0867 0.5984, 0.6585 1.0913 0.5984, 0.656 1.1081 0.5984, 0.6528 1.1209 0.5984, 0.639 1.0651 0.5825, 0.626 1.0834 0.577, 0.6108 1.0991 0.5732, 0.594 1.1118 0.5713, 0.6508 1.0011 0.5984, 0.651 1.002 0.5984, 0.656 1.0221 0.5984, 0.6231 0.9426 0.5984, 0.626 0.9474 0.5984, 0.6342 0.9611 0.5984, 0.5938 0.9387 0.5825, 0.5954 0.9611 0.577, 0.5936 0.9829 0.5732, 0.5887 1.0034 0.5713, 0.5813 1.0221 0.5713, 0.5719 1.0388 0.5732, 0.5611 1.0531 0.577, 0.5496 1.0651 0.5825, 0.538 1.0747 0.5897, 0.527 1.0799 0.5984, 0.5623 0.8817 0.5984, 0.5638 0.8829 0.5984, 0.5797 0.8946 0.5984, 0.5038 0.8541 0.5984, 0.51 0.8563 0.5984, 0.5242 0.8614 0.5984, 0.4614 0.8456 0.5984, 0.4182 0.8456 0.5984, 0.421 0.8455 0.5984, 0.4398 0.8446 0.5984, 0.4511 0.8451 0.5984, 0.3554 0.8613 0.5984, 0.3625 0.8588 0.5984, 0.3758 0.8541 0.5984, 0.3173 0.8817 0.5984, 0.2839 0.9091 0.5984, 0.2867 0.9066 0.5984, 0.2999 0.8946 0.5984, 0.3098 0.8873 0.5984, 0.2565 0.9425 0.5984, 0.2542 0.9658 0.5897, 0.2454 0.9611 0.5984, 0.2497 0.9538 0.5984, 0.3429 1.0133 0.5825, 0.3323 1.0075 0.577, 0.321 1.0015 0.5732, 0.3094 0.9953 0.5713, 0.2977 0.989 0.5713, 0.286 0.9828 0.5732, 0.2748 0.9768 0.577, 0.2641 0.9711 0.5825, 0.3383 1.023 0.5825, 0.3271 1.0184 0.577, 0.3153 1.0135 0.5732, 0.3032 1.0084 0.5713, 0.2909 1.0033 0.5713, 0.2787 0.9983 0.5732, 0.2669 0.9934 0.577, 0.2557 0.9888 0.5825, 0.2454 0.9845 0.5897, 0.2361 0.9806 0.5984, 0.3624 1.0219 -0.0394, 0.358 1.0311 -0.0394, 0.3676 1.0138 -0.0394, 0.368 1.0132 -0.0394, 0.3745 1.0052 -0.0394, 0.3808 0.999 -0.0394, 0.3819 0.998 -0.0394, 0.3901 0.9917 -0.0394, 0.397 0.9876 -0.0394, 0.3989 0.9865 -0.0394, 0.4083 0.9822 -0.0394, 0.4153 0.98 -0.0394, 0.4181 0.9791 -0.0394, 0.4282 0.9772 -0.0394, 0.4348 0.9767 -0.0394, 0.4385 0.9765 -0.0394, 0.4488 0.9769 -0.0394, 0.4546 0.9779 -0.0394, 0.459 0.9786 -0.0394, 0.4689 0.9814 -0.0394, 0.4736 0.9833 -0.0394, 0.4784 0.9853 -0.0394, 0.4874 0.9903 -0.0394, 0.491 0.9929 -0.0394, 0.4957 0.9964 -0.0394, 0.5033 1.0033 -0.0394, 0.5057 1.0061 -0.0394, 0.5101 1.0111 -0.0394, 0.5159 1.0196 -0.0394, 0.5172 1.0223 -0.0394, 0.5206 1.0288 -0.0394, 0.5248 1.0406 -0.0394, 0.5243 1.0384 -0.0394, 0.5281 1.0586 -0.0394, 0.5282 1.0601 -0.0394, 0.5268 1.0484 -0.0394, 0.5283 1.0689 -0.0394, 0.5272 1.0792 -0.0394, 0.5216 1.0989 -0.0394, 0.525 1.0892 -0.0394, 0.5271 1.0799 -0.0394, 0.3725 0.9358 -0.0009, 0.358 0.9445 -0.0009, 0.3645 0.9541 -0.0035, 0.3023 0.9883 0.0, 0.2943 1.0048 0.0, 0.3052 1.0093 -0.0009, 0.5799 1.1048 -0.0009, 0.5744 1.1208 -0.0009, 0.5853 1.1253 0.0, 0.3514 0.9347 0.0, 0.3671 0.9253 0.0, 0.3838 0.9178 0.0, 0.3593 0.9719 -0.0078, 0.3521 0.9636 -0.0035, 0.3446 0.9548 -0.0009, 0.3368 0.9459 0.0, 0.3567 0.9888 -0.0137, 0.3491 0.9819 -0.0078, 0.3409 0.9744 -0.0035, 0.3324 0.9666 -0.0009, 0.3237 0.9586 0.0, 0.3559 1.0045 -0.021, 0.3484 0.999 -0.0137, 0.34 0.993 -0.0078, 0.3311 0.9865 -0.0035, 0.3217 0.9797 -0.0009, 0.3121 0.9728 0.0, 0.5432 1.0696 -0.021, 0.5419 1.0815 -0.021, 0.5511 1.083 -0.0137, 0.3565 1.0186 -0.0296, 0.3495 1.0146 -0.021, 0.3413 1.0101 -0.0137, 0.3323 1.0051 -0.0078, 0.3227 0.9997 -0.0035, 0.3126 0.994 -0.0009, 0.5339 1.0802 -0.0296, 0.535 1.0692 -0.0296, 0.5349 1.0581 -0.0296, 0.5334 1.0471 -0.0296, 0.543 1.0575 -0.021, 0.5525 1.07 -0.0137, 0.5613 1.0847 -0.0078, 0.5913 1.108 0.0, 0.5836 1.0883 -0.0009, 0.5722 1.0864 -0.0035, 0.5738 1.0709 -0.0035, 0.5627 1.0704 -0.0078, 0.5625 1.0561 -0.0078, 0.5523 1.0569 -0.0137, 0.5506 1.0439 -0.0137, 0.5414 1.0456 -0.021, 0.5385 1.0339 -0.021, 0.5307 1.0364 -0.0296, 0.5268 1.026 -0.0296, 0.5953 1.0901 0.0, 0.5853 1.0714 -0.0009, 0.5735 1.0553 -0.0035, 0.5607 1.0419 -0.0078, 0.5473 1.0311 -0.0137, 0.5342 1.0227 -0.021, 0.5217 1.0162 -0.0296, 0.5971 1.0719 0.0, 0.5851 1.0545 -0.0009, 0.5715 1.0399 -0.0035, 0.5572 1.0281 -0.0078, 0.5427 1.0189 -0.0137, 0.5286 1.012 -0.021, 0.5154 1.007 -0.0296, 0.5969 1.0536 0.0, 0.5945 1.0355 0.0, 0.5829 1.0377 -0.0009, 0.5787 1.0213 -0.0009, 0.5677 1.0247 -0.0035, 0.5621 1.0102 -0.0035, 0.5521 1.0147 -0.0078, 0.5455 1.002 -0.0078, 0.5366 1.0073 -0.0137, 0.5293 0.9964 -0.0137, 0.5219 1.0021 -0.021, 0.514 0.993 -0.021, 0.5082 0.9986 -0.0296, 0.5 0.9911 -0.0296, 0.59 1.0177 0.0, 0.5727 1.0054 -0.0009, 0.5549 0.9963 -0.0035, 0.5374 0.9901 -0.0078, 0.5207 0.9865 -0.0137, 0.5051 0.9848 -0.021, 0.491 0.9846 -0.0296, 0.5835 1.0006 0.0, 0.5649 0.9904 -0.0009, 0.5462 0.9834 -0.0035, 0.5281 0.9793 -0.0078, 0.511 0.9776 -0.0137, 0.4954 0.9778 -0.021, 0.4813 0.9792 -0.0296, 0.575 0.9843 0.0, 0.5647 0.9692 0.0, 0.5554 0.9764 -0.0009, 0.5443 0.9636 -0.0009, 0.536 0.9716 -0.0035, 0.5245 0.9611 -0.0035, 0.5175 0.9696 -0.0078, 0.5059 0.9613 -0.0078, 0.5004 0.9699 -0.0137, 0.4889 0.9635 -0.0137, 0.4849 0.9719 -0.021, 0.4738 0.9673 -0.021, 0.4711 0.975 -0.0296, 0.4604 0.972 -0.0296, 0.5528 0.9553 0.0, 0.5318 0.9521 -0.0009, 0.5119 0.9519 -0.0035, 0.4934 0.9543 -0.0078, 0.4768 0.9585 -0.0137, 0.4622 0.964 -0.021, 0.4495 0.9702 -0.0296, 0.5393 0.943 0.0, 0.5181 0.9422 -0.0009, 0.4982 0.9443 -0.0035, 0.4802 0.9488 -0.0078, 0.4642 0.9549 -0.0137, 0.4503 0.9621 -0.021, 0.4384 0.9697 -0.0296, 0.5244 0.9322 0.0, 0.5084 0.9233 0.0, 0.5033 0.9339 -0.0009, 0.4876 0.9275 -0.0009, 0.4838 0.9384 -0.0035, 0.4688 0.9341 -0.0035, 0.4664 0.9449 -0.0078, 0.4523 0.9426 -0.0078, 0.4513 0.9529 -0.0137, 0.4382 0.9523 -0.0137, 0.4383 0.9616 -0.021, 0.4263 0.9625 -0.021, 0.4274 0.9705 -0.0296, 0.4165 0.9726 -0.0296, 0.4915 0.9163 0.0, 0.4713 0.9228 -0.0009, 0.4534 0.9316 -0.0035, 0.438 0.942 -0.0078, 0.4251 0.9532 -0.0137, 0.4145 0.9647 -0.021, 0.4059 0.9759 -0.0296, 0.4739 0.9113 0.0, 0.4546 0.9201 -0.0009, 0.4379 0.9309 -0.0035, 0.4237 0.943 -0.0078, 0.4122 0.9557 -0.0137, 0.403 0.9683 -0.021, 0.3958 0.9805 -0.0296, 0.4558 0.9084 0.0, 0.4375 0.9076 0.0, 0.4377 0.9194 -0.0009, 0.4208 0.9206 -0.0009, 0.4223 0.9321 -0.0035, 0.407 0.935 -0.0035, 0.4097 0.9457 -0.0078, 0.396 0.95 -0.0078, 0.3997 0.9596 -0.0137, 0.3877 0.965 -0.0137, 0.392 0.9733 -0.021, 0.3817 0.9794 -0.021, 0.3863 0.9861 -0.0296, 0.3775 0.9929 -0.0296, 0.4193 0.9089 0.0, 0.4042 0.9238 -0.0009, 0.3921 0.9397 -0.0035, 0.383 0.9559 -0.0078, 0.3765 0.9717 -0.0137, 0.3722 0.9867 -0.021, 0.3695 1.0006 -0.0296, 0.4013 0.9123 0.0, 0.388 0.9289 -0.0009, 0.3779 0.9461 -0.0035, 0.3707 0.9632 -0.0078, 0.3661 0.9797 -0.0137, 0.3635 0.9951 -0.021, 0.3625 1.0092 -0.0296, 0.5688 1.1016 -0.0035, 0.5637 1.1164 -0.0035, 0.5582 1.0986 -0.0078, 0.5535 1.1121 -0.0078, 0.5483 1.0958 -0.0137, 0.544 1.1082 -0.0137, 0.5393 1.0933 -0.021, 0.5354 1.1046 -0.021, 0.5315 1.0911 -0.0296, 0.5279 1.1015 -0.0296, 0.3159 1.0137 -0.0035, 0.3261 1.0179 -0.0078, 0.3356 1.0219 -0.0137, 0.3442 1.0254 -0.021, 0.3517 1.0285 -0.0296, 0.507 1.1943 -0.0009, 0.5216 1.1856 -0.0009, 0.5151 1.176 -0.0035, 0.5773 1.1418 0.0, 0.2997 1.0253 -0.0009, 0.5282 1.1954 0.0, 0.5125 1.2047 0.0, 0.4958 1.2122 0.0, 0.5202 1.1582 -0.0078, 0.5275 1.1665 -0.0035, 0.535 1.1753 -0.0009, 0.5427 1.1842 0.0, 0.5229 1.1412 -0.0137, 0.5305 1.1482 -0.0078, 0.5386 1.1557 -0.0035, 0.5472 1.1635 -0.0009, 0.5559 1.1714 0.0, 0.5237 1.1256 -0.021, 0.5312 1.1311 -0.0137, 0.5395 1.1371 -0.0078, 0.5485 1.1436 -0.0035, 0.5579 1.1503 -0.0009, 0.5675 1.1572 0.0, 0.3364 1.0605 -0.021, 0.3377 1.0485 -0.021, 0.3285 1.0471 -0.0137, 0.523 1.1115 -0.0296, 0.5301 1.1155 -0.021, 0.5383 1.12 -0.0137, 0.5472 1.125 -0.0078, 0.5569 1.1304 -0.0035, 0.567 1.136 -0.0009, 0.3457 1.0498 -0.0296, 0.3445 1.0609 -0.0296, 0.3447 1.072 -0.0296, 0.3548 1.0895 -0.0394, 0.3528 1.0817 -0.0394, 0.3461 1.0829 -0.0296, 0.3366 1.0725 -0.021, 0.3271 1.0601 -0.0137, 0.3183 1.0454 -0.0078, 0.2883 1.0221 0.0, 0.296 1.0418 -0.0009, 0.3074 1.0437 -0.0035, 0.3058 1.0592 -0.0035, 0.3169 1.0597 -0.0078, 0.3171 1.074 -0.0078, 0.3273 1.0732 -0.0137, 0.329 1.0862 -0.0137, 0.3382 1.0845 -0.021, 0.3411 1.0961 -0.021, 0.3489 1.0937 -0.0296, 0.3528 1.1041 -0.0296, 0.2843 1.0399 0.0, 0.2943 1.0587 -0.0009, 0.306 1.0748 -0.0035, 0.3189 1.0882 -0.0078, 0.3322 1.0989 -0.0137, 0.3454 1.1074 -0.021, 0.3579 1.1139 -0.0296, 0.2825 1.0581 0.0, 0.2945 1.0756 -0.0009, 0.3081 1.0902 -0.0035, 0.3224 1.102 -0.0078, 0.3369 1.1112 -0.0137, 0.3509 1.1181 -0.021, 0.3641 1.1231 -0.0296, 0.3695 1.119 -0.0394, 0.3738 1.124 -0.0394, 0.2827 1.0765 0.0, 0.2851 1.0946 0.0, 0.2967 1.0924 -0.0009, 0.3009 1.1088 -0.0009, 0.3119 1.1053 -0.0035, 0.3174 1.1199 -0.0035, 0.3275 1.1154 -0.0078, 0.3341 1.1281 -0.0078, 0.343 1.1228 -0.0137, 0.3503 1.1337 -0.0137, 0.3577 1.128 -0.021, 0.3656 1.1371 -0.021, 0.3714 1.1315 -0.0296, 0.3796 1.1389 -0.0296, 0.2896 1.1124 0.0, 0.3069 1.1247 -0.0009, 0.3246 1.1338 -0.0035, 0.3422 1.1399 -0.0078, 0.3589 1.1436 -0.0137, 0.3744 1.1452 -0.021, 0.3886 1.1454 -0.0296, 0.2961 1.1295 0.0, 0.3147 1.1397 -0.0009, 0.3334 1.1467 -0.0035, 0.3515 1.1508 -0.0078, 0.3686 1.1525 -0.0137, 0.3842 1.1523 -0.021, 0.3982 1.1508 -0.0296, 0.4012 1.1448 -0.0394, 0.4059 1.1467 -0.0394, 0.3046 1.1457 0.0, 0.3148 1.1609 0.0, 0.3242 1.1537 -0.0009, 0.3353 1.1665 -0.0009, 0.3436 1.1585 -0.0035, 0.3551 1.169 -0.0035, 0.3621 1.1604 -0.0078, 0.3737 1.1688 -0.0078, 0.3792 1.1601 -0.0137, 0.3906 1.1665 -0.0137, 0.3947 1.1582 -0.021, 0.4058 1.1628 -0.021, 0.4085 1.1551 -0.0296, 0.4191 1.1581 -0.0296, 0.3268 1.1747 0.0, 0.3478 1.178 -0.0009, 0.3677 1.1781 -0.0035, 0.3862 1.1758 -0.0078, 0.4028 1.1716 -0.0137, 0.4174 1.166 -0.021, 0.4301 1.1599 -0.0296, 0.3403 1.1871 0.0, 0.3615 1.1879 -0.0009, 0.3813 1.1857 -0.0035, 0.3994 1.1813 -0.0078, 0.4154 1.1751 -0.0137, 0.4293 1.168 -0.021, 0.4412 1.1604 -0.0296, 0.4411 1.1536 -0.0394, 0.4447 1.1533 -0.0394, 0.3552 1.1978 0.0, 0.3711 1.2068 0.0, 0.3763 1.1961 -0.0009, 0.3919 1.2026 -0.0009, 0.3957 1.1917 -0.0035, 0.4107 1.196 -0.0035, 0.4131 1.1852 -0.0078, 0.4273 1.1875 -0.0078, 0.4283 1.1772 -0.0137, 0.4414 1.1778 -0.0137, 0.4413 1.1685 -0.021, 0.4533 1.1676 -0.021, 0.4522 1.1596 -0.0296, 0.4631 1.1575 -0.0296, 0.3881 1.2138 0.0, 0.4082 1.2072 -0.0009, 0.4261 1.1984 -0.0035, 0.4416 1.1881 -0.0078, 0.4545 1.1768 -0.0137, 0.4651 1.1654 -0.021, 0.4737 1.1541 -0.0296, 0.4057 1.2188 0.0, 0.425 1.2099 -0.0009, 0.4417 1.1991 -0.0035, 0.4558 1.187 -0.0078, 0.4674 1.1744 -0.0137, 0.4766 1.1617 -0.021, 0.4838 1.1496 -0.0296, 0.4807 1.1436 -0.0394, 0.4826 1.1425 -0.0394, 0.4238 1.2217 0.0, 0.4421 1.2225 0.0, 0.4419 1.2107 -0.0009, 0.4588 1.2095 -0.0009, 0.4573 1.198 -0.0035, 0.4726 1.1951 -0.0035, 0.4699 1.1844 -0.0078, 0.4835 1.1801 -0.0078, 0.4799 1.1704 -0.0137, 0.4918 1.1651 -0.0137, 0.4876 1.1568 -0.021, 0.4979 1.1507 -0.021, 0.4933 1.1439 -0.0296, 0.5021 1.1372 -0.0296, 0.4603 1.2212 0.0, 0.4754 1.2063 -0.0009, 0.4875 1.1904 -0.0035, 0.4966 1.1742 -0.0078, 0.5031 1.1584 -0.0137, 0.5074 1.1433 -0.021, 0.5101 1.1295 -0.0296, 0.4783 1.2177 0.0, 0.4916 1.2012 -0.0009, 0.5017 1.184 -0.0035, 0.5089 1.1669 -0.0078, 0.5135 1.1504 -0.0137, 0.5161 1.1349 -0.021, 0.5171 1.1209 -0.0296, 0.5116 1.1169 -0.0394, 0.512 1.1163 -0.0394, 0.3108 1.0284 -0.0035, 0.3214 1.0314 -0.0078, 0.3313 1.0343 -0.0137, 0.3403 1.0368 -0.021, 0.3481 1.039 -0.0296, 0.3546 1.0409 -0.0394, 0.3525 1.0502 -0.0394, 0.3514 1.0715 -0.0394, 0.3514 1.07 -0.0394, 0.3513 1.0612 -0.0394, 0.3523 1.0509 -0.0394, 0.3637 1.1104 -0.0394, 0.3624 1.1078 -0.0394, 0.359 1.1013 -0.0394, 0.3553 1.0917 -0.0394, 0.3922 1.1397 -0.0394, 0.3886 1.1372 -0.0394, 0.3838 1.1337 -0.0394, 0.3762 1.1267 -0.0394, 0.4308 1.1532 -0.0394, 0.425 1.1522 -0.0394, 0.4206 1.1515 -0.0394, 0.4107 1.1487 -0.0394, 0.4713 1.1478 -0.0394, 0.4643 1.15 -0.0394, 0.4615 1.1509 -0.0394, 0.4513 1.1529 -0.0394, 0.5051 1.1249 -0.0394, 0.4988 1.131 -0.0394, 0.4977 1.1321 -0.0394, 0.4895 1.1383 -0.0394, 0.5171 1.1082 -0.0394, 0.5179 1.1068 0.5984, 0.5134 1.1143 0.5984, 0.512 1.1163 0.5984, 0.5083 1.1212 0.5984, 0.5024 1.1277 0.5984, 0.4987 1.131 0.5984, 0.496 1.1335 0.5984, 0.489 1.1387 0.5984, 0.4826 1.1425 0.5984, 0.4815 1.1432 0.5984, 0.4737 1.1469 0.5984, 0.4655 1.1498 0.5984, 0.4643 1.1501 0.5984, 0.4571 1.1519 0.5984, 0.4485 1.1532 0.5984, 0.4447 1.1534 0.5984, 0.4398 1.1536 0.5984, 0.4311 1.1532 0.5984, 0.425 1.1523 0.5984, 0.4225 1.1519 0.5984, 0.4141 1.1498 0.5984, 0.4059 1.1469 0.5984, 0.398 1.1432 0.5984, 0.3906 1.1387 0.5984, 0.3886 1.1372 0.5984, 0.3836 1.1335 0.5984, 0.3771 1.1277 0.5984, 0.3738 1.124 0.5984, 0.3713 1.1212 0.5984, 0.3661 1.1142 0.5984, 0.3623 1.1079 0.5984, 0.355 1.0393 0.5984, 0.3617 1.1068 0.5984, 0.3579 1.0989 0.5984, 0.355 1.0907 0.5984, 0.3547 1.0895 0.5984, 0.3529 1.0823 0.5984, 0.3516 1.0737 0.5984, 0.3515 1.07 0.5984, 0.3512 1.065 0.5984, 0.3516 1.0563 0.5984, 0.3525 1.0502 0.5984, 0.3529 1.0477 0.5984, 0.2922 1.2285 0.5984, 0.2839 1.2209 0.5984, 0.291 1.2138 0.5897, 0.2222 1.0987 0.5984, 0.2204 1.0866 0.5984, 0.2304 1.0856 0.5897, 0.4494 1.1632 0.5897, 0.459 1.1618 0.5897, 0.4612 1.1728 0.5825, 0.5268 1.1115 0.5897, 0.4398 1.1637 0.5897, 0.4205 1.1618 0.5897, 0.3772 1.1413 0.5897, 0.3635 1.1276 0.5897, 0.3528 1.1115 0.5897, 0.343 1.0843 0.5897, 0.3412 1.065 0.5897, 0.343 1.0458 0.5897, 0.4863 1.152 0.5897, 0.5024 1.1413 0.5897, 0.516 1.1276 0.5897, 0.3347 1.0331 0.5825, 0.4752 1.1817 0.577, 0.4717 1.1701 0.5825, 0.4684 1.1594 0.5897, 0.4913 1.1895 0.5732, 0.4864 1.1777 0.577, 0.4818 1.1665 0.5825, 0.4775 1.1562 0.5897, 0.5095 1.1955 0.5713, 0.5033 1.1838 0.5732, 0.4973 1.1726 0.577, 0.4916 1.1619 0.5825, 0.2983 1.0221 0.5713, 0.5293 1.1991 0.5713, 0.5219 1.188 0.5713, 0.5146 1.1771 0.5732, 0.5075 1.1664 0.577, 0.5008 1.1564 0.5825, 0.4946 1.1471 0.5897, 0.5504 1.1998 0.5732, 0.542 1.1896 0.5713, 0.5336 1.1794 0.5713, 0.5252 1.1692 0.5732, 0.5171 1.1593 0.577, 0.5095 1.15 0.5825, 0.5721 1.1974 0.577, 0.5631 1.1883 0.5732, 0.5537 1.179 0.5713, 0.5443 1.1696 0.5713, 0.535 1.1603 0.5732, 0.526 1.1513 0.577, 0.5174 1.1427 0.5825, 0.5095 1.1348 0.5897, 0.5938 1.1914 0.5825, 0.5844 1.1838 0.577, 0.5746 1.1757 0.5732, 0.5644 1.1673 0.5713, 0.5541 1.1589 0.5713, 0.5439 1.1505 0.5732, 0.534 1.1424 0.577, 0.5247 1.1347 0.5825, 0.2444 1.0261 0.5825, 0.2492 1.0072 0.5825, 0.2607 1.0107 0.577, 0.6147 1.182 0.5897, 0.6054 1.1757 0.5825, 0.5954 1.169 0.577, 0.5847 1.1619 0.5732, 0.5738 1.1546 0.5713, 0.5627 1.1472 0.5713, 0.5518 1.1399 0.5732, 0.5412 1.1328 0.577, 0.5311 1.1261 0.5825, 0.5218 1.1199 0.5897, 0.2384 1.0039 0.5897, 0.2334 1.024 0.5897, 0.2304 1.0444 0.5897, 0.2195 1.0688 0.5984, 0.2193 1.065 0.5984, 0.2294 1.065 0.5897, 0.2415 1.0455 0.5825, 0.2563 1.0285 0.577, 0.273 1.0144 0.5732, 0.2384 1.1261 0.5897, 0.2334 1.1061 0.5897, 0.2444 1.1039 0.5825, 0.2415 1.0845 0.5825, 0.2536 1.0834 0.577, 0.2527 1.065 0.577, 0.2654 1.065 0.5732, 0.2663 1.0479 0.5732, 0.2794 1.0492 0.5713, 0.2817 1.0336 0.5713, 0.2948 1.0362 0.5713, 0.3109 1.0259 0.5732, 0.2393 1.1562 0.5984, 0.2361 1.1494 0.5984, 0.2454 1.1455 0.5897, 0.2491 1.1228 0.5825, 0.2563 1.1015 0.577, 0.2663 1.0821 0.5732, 0.2786 1.065 0.5713, 0.2926 1.0505 0.5713, 0.3077 1.0387 0.5732, 0.3231 1.0296 0.577, 0.2648 1.1819 0.5897, 0.2542 1.1642 0.5897, 0.2641 1.1589 0.5825, 0.2557 1.1413 0.5825, 0.2669 1.1366 0.577, 0.2607 1.1193 0.577, 0.2729 1.1156 0.5732, 0.2688 1.099 0.5732, 0.2817 1.0965 0.5713, 0.2794 1.0808 0.5713, 0.2926 1.0795 0.5713, 0.2919 1.065 0.5713, 0.3051 1.065 0.5732, 0.3057 1.0518 0.5732, 0.3184 1.0531 0.577, 0.3202 1.0412 0.577, 0.3321 1.0436 0.5825, 0.3454 1.0364 0.5897, 0.3305 1.0543 0.5825, 0.3179 1.065 0.577, 0.3057 1.0782 0.5732, 0.2948 1.0939 0.5713, 0.2855 1.1118 0.5713, 0.2787 1.1317 0.5732, 0.2748 1.1532 0.577, 0.2741 1.1757 0.5825, 0.2771 1.1985 0.5897, 0.2693 1.2049 0.5984, 0.2712 1.207 0.5984, 0.3416 1.0747 0.5897, 0.3305 1.0758 0.5825, 0.3321 1.0865 0.5825, 0.3202 1.0888 0.577, 0.3231 1.1004 0.577, 0.3109 1.1041 0.5732, 0.3153 1.1166 0.5732, 0.3032 1.1216 0.5713, 0.3094 1.1347 0.5713, 0.2976 1.141 0.5713, 0.3058 1.1546 0.5713, 0.2948 1.1619 0.5732, 0.305 1.1756 0.5732, 0.2951 1.1837 0.577, 0.3075 1.1973 0.577, 0.2989 1.2059 0.5825, 0.3134 1.219 0.5825, 0.3063 1.2277 0.5897, 0.3229 1.24 0.5897, 0.3347 1.0969 0.5825, 0.3271 1.1117 0.577, 0.321 1.1285 0.5732, 0.3168 1.1472 0.5713, 0.3152 1.1673 0.5713, 0.3165 1.1883 0.5732, 0.3211 1.2097 0.577, 0.3291 1.2307 0.5825, 0.3406 1.2506 0.5897, 0.3358 1.2595 0.5984, 0.3418 1.2623 0.5984, 0.3454 1.0937 0.5897, 0.3487 1.1028 0.5897, 0.3383 1.1071 0.5825, 0.3429 1.1168 0.5825, 0.3322 1.1225 0.577, 0.3384 1.1328 0.577, 0.3278 1.1399 0.5732, 0.3357 1.1505 0.5732, 0.3255 1.1588 0.5713, 0.3352 1.1696 0.5713, 0.3258 1.179 0.5713, 0.3375 1.1896 0.5713, 0.3292 1.1998 0.5732, 0.3429 1.21 0.5732, 0.3358 1.2206 0.577, 0.3516 1.2301 0.577, 0.3459 1.2407 0.5825, 0.3635 1.2491 0.5825, 0.3592 1.2594 0.5897, 0.3787 1.2664 0.5897, 0.3485 1.126 0.5825, 0.3455 1.1424 0.577, 0.3445 1.1603 0.5732, 0.346 1.1793 0.5713, 0.3502 1.199 0.5713, 0.3576 1.2188 0.5732, 0.3682 1.2379 0.577, 0.3819 1.2557 0.5825, 0.3987 1.2714 0.5897, 0.3967 1.2813 0.5984, 0.3986 1.2815 0.5984, 0.3578 1.1198 0.5897, 0.3549 1.1347 0.5825, 0.3621 1.1427 0.5825, 0.3536 1.1512 0.577, 0.3624 1.1593 0.577, 0.3543 1.1692 0.5732, 0.3649 1.177 0.5732, 0.3576 1.188 0.5713, 0.3701 1.1954 0.5713, 0.3638 1.2072 0.5713, 0.3781 1.2139 0.5713, 0.373 1.2261 0.5732, 0.3892 1.2319 0.5732, 0.3854 1.2441 0.577, 0.4033 1.2486 0.577, 0.4009 1.2604 0.5825, 0.4202 1.2633 0.5825, 0.4191 1.2744 0.5897, 0.4398 1.2755 0.5897, 0.37 1.1348 0.5897, 0.3701 1.1499 0.5825, 0.372 1.1664 0.577, 0.3763 1.1838 0.5732, 0.3832 1.2016 0.5713, 0.393 1.2193 0.5713, 0.4058 1.236 0.5732, 0.4214 1.2513 0.577, 0.4398 1.2643 0.5825, 0.4604 1.2744 0.5897, 0.3788 1.1564 0.5825, 0.3823 1.1726 0.577, 0.3882 1.1895 0.5732, 0.3968 1.2065 0.5713, 0.4083 1.2231 0.5713, 0.4227 1.2385 0.5732, 0.4398 1.2522 0.577, 0.4593 1.2633 0.5825, 0.4808 1.2714 0.5897, 0.4828 1.2813 0.5984, 0.4882 1.2799 0.5984, 0.385 1.147 0.5897, 0.3933 1.152 0.5897, 0.388 1.1619 0.5825, 0.3977 1.1665 0.5825, 0.3931 1.1777 0.577, 0.4044 1.1817 0.577, 0.4007 1.1939 0.5732, 0.4135 1.1972 0.5732, 0.4109 1.2101 0.5713, 0.4253 1.2122 0.5713, 0.424 1.2254 0.5713, 0.4398 1.2262 0.5713, 0.4398 1.2394 0.5732, 0.4569 1.2386 0.5732, 0.4581 1.2513 0.577, 0.4763 1.2486 0.577, 0.4786 1.2604 0.5825, 0.4976 1.2557 0.5825, 0.5008 1.2664 0.5897, 0.5203 1.2594 0.5897, 0.402 1.1562 0.5897, 0.4079 1.1701 0.5825, 0.416 1.1846 0.577, 0.4266 1.1991 0.5732, 0.4398 1.2129 0.5713, 0.4556 1.2254 0.5713, 0.4738 1.236 0.5732, 0.4941 1.2441 0.577, 0.516 1.2491 0.5825, 0.539 1.2506 0.5897, 0.5437 1.2595 0.5984, 0.5445 1.259 0.5984, 0.4111 1.1594 0.5897, 0.4183 1.1728 0.5825, 0.429 1.1743 0.5825, 0.4278 1.1864 0.577, 0.4398 1.187 0.577, 0.4398 1.1997 0.5732, 0.453 1.1991 0.5732, 0.4543 1.2122 0.5713, 0.4686 1.2101 0.5713, 0.4712 1.2231 0.5713, 0.4866 1.2193 0.5713, 0.4904 1.2319 0.5732, 0.5065 1.2261 0.5732, 0.5114 1.2379 0.577, 0.528 1.2301 0.577, 0.5337 1.2407 0.5825, 0.5505 1.2307 0.5825, 0.5567 1.24 0.5897, 0.5733 1.2277 0.5897, 0.4301 1.1632 0.5897, 0.4398 1.1749 0.5825, 0.4517 1.1864 0.577, 0.4661 1.1972 0.5732, 0.4827 1.2066 0.5713, 0.5015 1.214 0.5713, 0.522 1.2188 0.5732, 0.5437 1.2206 0.577, 0.5662 1.2191 0.5825, 0.5886 1.2138 0.5897, 0.4505 1.1743 0.5825, 0.4636 1.1846 0.577, 0.4789 1.1939 0.5732, 0.4964 1.2017 0.5713, 0.5158 1.2072 0.5713, 0.5366 1.21 0.5732, 0.5585 1.2097 0.577, 0.5806 1.2059 0.5825, 0.6024 1.1985 0.5897, 0.6102 1.2049 0.5984, 0.613 1.2012 0.5984, 0.2288 1.001 0.5984, 0.2204 1.0434 0.5984, 0.2211 1.0387 0.5984, 0.2236 1.022 0.5984, 0.2268 1.0092 0.5984, 0.2406 1.065 0.5825, 0.2536 1.0467 0.577, 0.2688 1.031 0.5732, 0.2856 1.0182 0.5713, 0.2288 1.129 0.5984, 0.2286 1.1281 0.5984, 0.2235 1.108 0.5984, 0.2565 1.1875 0.5984, 0.2536 1.1827 0.5984, 0.2453 1.1689 0.5984, 0.2858 1.1914 0.5825, 0.2842 1.169 0.577, 0.286 1.1472 0.5732, 0.2909 1.1267 0.5713, 0.2983 1.1079 0.5713, 0.3077 1.0913 0.5732, 0.3184 1.077 0.577, 0.33 1.065 0.5825, 0.3416 1.0554 0.5897, 0.3173 1.2483 0.5984, 0.3158 1.2472 0.5984, 0.2999 1.2354 0.5984, 0.3758 1.276 0.5984, 0.3696 1.2738 0.5984, 0.3554 1.2687 0.5984, 0.4182 1.2844 0.5984, 0.4614 1.2845 0.5984, 0.4586 1.2846 0.5984, 0.4398 1.2855 0.5984, 0.4285 1.285 0.5984, 0.5241 1.2687 0.5984, 0.517 1.2713 0.5984, 0.5038 1.276 0.5984, 0.5623 1.2484 0.5984, 0.5957 1.221 0.5984, 0.5929 1.2235 0.5984, 0.5796 1.2355 0.5984, 0.5698 1.2428 0.5984, 0.6231 1.1876 0.5984, 0.6253 1.1643 0.5897, 0.6342 1.169 0.5984, 0.6299 1.1763 0.5984, 0.5366 1.1168 0.5825, 0.5473 1.1225 0.577, 0.5586 1.1286 0.5732, 0.5702 1.1348 0.5713, 0.5819 1.141 0.5713, 0.5935 1.1472 0.5732, 0.6048 1.1533 0.577, 0.6155 1.159 0.5825, 0.2361 0.9806 0.0, 0.2265 1.0092 0.0, 0.2209 1.0387 0.0, 0.2193 1.0688 0.0, 0.2219 1.0988 0.0, 0.2285 1.1281 0.0, 0.2391 1.1563 0.0, 0.2534 1.1828 0.0, 0.2711 1.2071 0.0, 0.2921 1.2287 0.0, 0.3157 1.2473 0.0, 0.3417 1.2625 0.0, 0.3695 1.274 0.0, 0.3986 1.2816 0.0, 0.4285 1.2852 0.0, 0.4586 1.2847 0.0, 0.4883 1.2801 0.0, 0.5171 1.2715 0.0, 0.5445 1.259 0.0, 0.57 1.243 0.0, 0.593 1.2236 0.0, 0.6131 1.2013 0.0, 0.6301 1.1764 0.0, 0.6435 1.1494 0.0, 0.6531 1.1209 0.0, 0.6587 1.0914 0.0, 0.6602 1.0613 0.0, 0.6577 1.0313 0.0, 0.651 1.002 0.0, 0.6405 0.9738 0.0, 0.6262 0.9473 0.0, 0.6084 0.923 0.0, 0.5875 0.9014 0.0, 0.5639 0.8828 0.0, 0.5379 0.8676 0.0, 0.5101 0.8561 0.0, 0.481 0.8484 0.0, 0.4511 0.8449 0.0, 0.421 0.8454 0.0, 0.3913 0.85 0.0, 0.3625 0.8586 0.0, 0.3351 0.871 0.0, 0.3096 0.8871 0.0, 0.2866 0.9065 0.0, 0.2664 0.9288 0.0, 0.2495 0.9537 0.0
            ]
        }
        coordIndex [
            0,1,2,-1,3,4,5,-1,6,7,8,-1,9,10,11,-1,12,9,13,-1,14,15,6,-1,16,17,18,-1,19,20,21,-1,22,23,24,-1,25,26,27,-1,28,29,30,-1,31,32,33,-1,34,35,36,-1,37,38,39,-1,6,15,7,-1,7,15,40,-1,7,40,41,-1,42,43,44,-1,45,46,47,-1,48,49,50,-1,51,52,53,-1,54,8,55,-1,55,8,7,-1,55,7,56,-1,56,7,41,-1,56,41,57,-1,58,54,59,-1,59,54,55,-1,59,55,60,-1,60,55,56,-1,60,56,61,-1,61,56,57,-1,61,57,62,-1,63,58,64,-1,64,58,59,-1,64,59,65,-1,65,59,60,-1,65,60,66,-1,66,60,61,-1,66,61,42,-1,42,61,62,-1,42,62,43,-1,67,68,69,-1,70,63,71,-1,71,63,64,-1,71,64,72,-1,72,64,65,-1,72,65,73,-1,73,65,66,-1,73,66,74,-1,74,66,42,-1,74,42,75,-1,75,42,44,-1,75,44,76,-1,77,70,78,-1,78,70,71,-1,78,71,79,-1,79,71,72,-1,79,72,80,-1,80,72,73,-1,80,73,81,-1,81,73,74,-1,81,74,82,-1,82,74,75,-1,82,75,45,-1,45,75,76,-1,45,76,46,-1,83,77,84,-1,84,77,78,-1,84,78,85,-1,85,78,79,-1,85,79,86,-1,86,79,80,-1,86,80,87,-1,87,80,81,-1,87,81,88,-1,88,81,82,-1,88,82,89,-1,89,82,45,-1,89,45,90,-1,90,45,47,-1,90,47,91,-1,92,83,93,-1,93,83,84,-1,93,84,94,-1,94,84,85,-1,94,85,95,-1,95,85,86,-1,95,86,96,-1,96,86,87,-1,96,87,97,-1,97,87,88,-1,97,88,98,-1,98,88,89,-1,98,89,99,-1,99,89,90,-1,99,90,48,-1,48,90,91,-1,48,91,49,-1,100,101,102,-1,103,92,104,-1,104,92,93,-1,104,93,105,-1,105,93,94,-1,105,94,106,-1,106,94,95,-1,106,95,107,-1,107,95,96,-1,107,96,108,-1,108,96,97,-1,108,97,109,-1,109,97,98,-1,109,98,110,-1,110,98,99,-1,110,99,111,-1,111,99,48,-1,111,48,112,-1,112,48,50,-1,112,50,12,-1,113,101,114,-1,114,101,100,-1,114,100,115,-1,116,117,118,-1,118,117,115,-1,118,115,119,-1,119,115,100,-1,119,100,120,-1,120,100,102,-1,120,102,121,-1,122,123,124,-1,124,123,125,-1,124,125,126,-1,126,125,127,-1,126,127,128,-1,128,127,129,-1,128,129,130,-1,130,129,131,-1,130,131,132,-1,132,131,67,-1,132,67,133,-1,133,67,69,-1,133,69,134,-1,135,136,137,-1,137,136,122,-1,137,122,138,-1,138,122,124,-1,138,124,139,-1,139,124,126,-1,139,126,140,-1,140,126,128,-1,140,128,141,-1,141,128,130,-1,141,130,142,-1,142,130,132,-1,142,132,143,-1,143,132,133,-1,143,133,144,-1,144,133,134,-1,144,134,52,-1,145,146,147,-1,147,146,148,-1,147,148,149,-1,149,148,150,-1,149,150,151,-1,151,150,152,-1,151,152,153,-1,153,152,154,-1,153,154,155,-1,155,154,156,-1,155,156,157,-1,157,156,158,-1,157,158,159,-1,159,158,160,-1,159,160,161,-1,161,160,51,-1,161,51,162,-1,162,51,53,-1,162,53,163,-1,163,37,162,-1,162,37,39,-1,162,39,161,-1,161,39,164,-1,161,164,159,-1,159,164,165,-1,159,165,157,-1,157,165,166,-1,157,166,155,-1,155,166,167,-1,155,167,153,-1,153,167,168,-1,153,168,151,-1,151,168,169,-1,151,169,149,-1,149,169,170,-1,149,170,147,-1,147,170,171,-1,147,171,145,-1,145,171,172,-1,145,172,173,-1,173,172,174,-1,35,175,36,-1,36,175,176,-1,36,176,177,-1,177,176,178,-1,177,178,179,-1,179,178,180,-1,179,180,181,-1,181,180,182,-1,181,182,183,-1,183,182,184,-1,183,184,185,-1,185,184,186,-1,185,186,187,-1,187,186,188,-1,187,188,189,-1,189,188,190,-1,189,190,191,-1,191,190,192,-1,191,192,193,-1,193,192,194,-1,175,31,176,-1,176,31,33,-1,176,33,178,-1,178,33,195,-1,178,195,180,-1,180,195,196,-1,180,196,182,-1,182,196,197,-1,182,197,184,-1,184,197,198,-1,184,198,186,-1,186,198,199,-1,186,199,188,-1,188,199,200,-1,188,200,190,-1,190,200,201,-1,190,201,192,-1,192,201,202,-1,192,202,194,-1,194,202,203,-1,194,203,204,-1,204,203,205,-1,206,207,208,-1,208,207,209,-1,208,209,210,-1,210,209,211,-1,210,211,212,-1,212,211,213,-1,212,213,214,-1,214,213,215,-1,214,215,216,-1,216,215,217,-1,216,217,218,-1,218,217,219,-1,218,219,220,-1,220,219,221,-1,220,221,222,-1,222,221,223,-1,222,223,224,-1,224,223,225,-1,224,225,226,-1,226,225,227,-1,207,28,209,-1,209,28,30,-1,209,30,211,-1,211,30,228,-1,211,228,213,-1,213,228,229,-1,213,229,215,-1,215,229,230,-1,215,230,217,-1,217,230,231,-1,217,231,219,-1,219,231,232,-1,219,232,221,-1,221,232,233,-1,221,233,223,-1,223,233,234,-1,223,234,225,-1,225,234,235,-1,225,235,227,-1,227,235,236,-1,227,236,237,-1,237,236,238,-1,239,25,240,-1,240,25,27,-1,240,27,241,-1,241,27,242,-1,241,242,243,-1,243,242,244,-1,243,244,245,-1,245,244,246,-1,245,246,247,-1,247,246,248,-1,247,248,249,-1,249,248,250,-1,249,250,251,-1,251,250,252,-1,251,252,253,-1,253,252,254,-1,253,254,255,-1,255,254,256,-1,255,256,257,-1,257,256,258,-1,26,259,27,-1,27,259,260,-1,27,260,242,-1,242,260,261,-1,242,261,244,-1,244,261,262,-1,244,262,246,-1,246,262,263,-1,246,263,248,-1,248,263,264,-1,248,264,250,-1,250,264,265,-1,250,265,252,-1,252,265,266,-1,252,266,254,-1,254,266,267,-1,254,267,256,-1,256,267,268,-1,256,268,258,-1,258,268,269,-1,259,22,260,-1,260,22,24,-1,260,24,261,-1,261,24,270,-1,261,270,262,-1,262,270,271,-1,262,271,263,-1,263,271,272,-1,263,272,264,-1,264,272,273,-1,264,273,265,-1,265,273,274,-1,265,274,266,-1,266,274,275,-1,266,275,267,-1,267,275,276,-1,267,276,268,-1,268,276,277,-1,268,277,269,-1,269,277,278,-1,269,278,279,-1,279,278,280,-1,281,282,283,-1,283,282,284,-1,283,284,285,-1,285,284,286,-1,285,286,287,-1,287,286,288,-1,287,288,289,-1,289,288,290,-1,289,290,291,-1,291,290,292,-1,291,292,293,-1,293,292,294,-1,293,294,295,-1,295,294,296,-1,295,296,297,-1,297,296,298,-1,297,298,299,-1,299,298,300,-1,299,300,301,-1,301,300,302,-1,282,303,284,-1,284,303,304,-1,284,304,286,-1,286,304,305,-1,286,305,288,-1,288,305,306,-1,288,306,290,-1,290,306,307,-1,290,307,292,-1,292,307,308,-1,292,308,294,-1,294,308,309,-1,294,309,296,-1,296,309,310,-1,296,310,298,-1,298,310,311,-1,298,311,300,-1,300,311,312,-1,300,312,302,-1,302,312,313,-1,302,313,314,-1,314,313,315,-1,316,19,317,-1,317,19,21,-1,317,21,318,-1,318,21,319,-1,318,319,320,-1,320,319,321,-1,320,321,322,-1,322,321,323,-1,322,323,324,-1,324,323,325,-1,324,325,326,-1,326,325,327,-1,326,327,328,-1,328,327,329,-1,328,329,330,-1,330,329,331,-1,330,331,332,-1,332,331,333,-1,332,333,334,-1,334,333,335,-1,20,336,21,-1,21,336,337,-1,21,337,319,-1,319,337,338,-1,319,338,321,-1,321,338,339,-1,321,339,323,-1,323,339,340,-1,323,340,325,-1,325,340,341,-1,325,341,327,-1,327,341,342,-1,327,342,329,-1,329,342,343,-1,329,343,331,-1,331,343,344,-1,331,344,333,-1,333,344,345,-1,333,345,335,-1,335,345,346,-1,336,16,337,-1,337,16,18,-1,337,18,338,-1,338,18,347,-1,338,347,339,-1,339,347,348,-1,339,348,340,-1,340,348,349,-1,340,349,341,-1,341,349,350,-1,341,350,342,-1,342,350,351,-1,342,351,343,-1,343,351,352,-1,343,352,344,-1,344,352,353,-1,344,353,345,-1,345,353,354,-1,345,354,346,-1,346,354,355,-1,346,355,356,-1,356,355,357,-1,358,121,359,-1,359,121,102,-1,359,102,360,-1,360,102,101,-1,360,101,361,-1,361,101,113,-1,361,113,362,-1,362,113,363,-1,362,363,364,-1,117,365,115,-1,115,365,366,-1,115,366,114,-1,114,366,367,-1,114,367,113,-1,113,367,368,-1,113,368,363,-1,4,116,5,-1,5,116,118,-1,5,118,369,-1,369,118,119,-1,369,119,370,-1,370,119,120,-1,370,120,371,-1,371,120,121,-1,371,121,372,-1,372,121,358,-1,372,358,68,-1,68,67,372,-1,372,67,131,-1,372,131,371,-1,371,131,129,-1,371,129,370,-1,370,129,127,-1,370,127,369,-1,369,127,125,-1,369,125,5,-1,5,125,123,-1,5,123,3,-1,136,373,122,-1,122,373,374,-1,122,374,123,-1,123,374,375,-1,123,375,3,-1,52,51,144,-1,144,51,160,-1,144,160,143,-1,143,160,158,-1,143,158,142,-1,142,158,156,-1,142,156,141,-1,141,156,154,-1,141,154,140,-1,140,154,152,-1,140,152,139,-1,139,152,150,-1,139,150,138,-1,138,150,148,-1,138,148,137,-1,137,148,146,-1,137,146,135,-1,173,376,145,-1,145,376,377,-1,145,377,146,-1,146,377,378,-1,146,378,135,-1,1,174,2,-1,2,174,172,-1,2,172,379,-1,379,172,171,-1,379,171,380,-1,380,171,170,-1,380,170,381,-1,381,170,169,-1,381,169,382,-1,382,169,168,-1,382,168,383,-1,383,168,167,-1,383,167,384,-1,384,167,166,-1,384,166,385,-1,385,166,165,-1,385,165,386,-1,386,165,164,-1,386,164,387,-1,387,164,39,-1,387,39,388,-1,388,39,38,-1,388,34,387,-1,387,34,36,-1,387,36,386,-1,386,36,177,-1,386,177,385,-1,385,177,179,-1,385,179,384,-1,384,179,181,-1,384,181,383,-1,383,181,183,-1,383,183,382,-1,382,183,185,-1,382,185,381,-1,381,185,187,-1,381,187,380,-1,380,187,189,-1,380,189,379,-1,379,189,191,-1,379,191,2,-1,2,191,193,-1,2,193,0,-1,204,389,194,-1,194,389,390,-1,194,390,193,-1,193,390,391,-1,193,391,0,-1,32,206,33,-1,33,206,208,-1,33,208,195,-1,195,208,210,-1,195,210,196,-1,196,210,212,-1,196,212,197,-1,197,212,214,-1,197,214,198,-1,198,214,216,-1,198,216,199,-1,199,216,218,-1,199,218,200,-1,200,218,220,-1,200,220,201,-1,201,220,222,-1,201,222,202,-1,202,222,224,-1,202,224,203,-1,203,224,226,-1,203,226,205,-1,237,392,227,-1,227,392,393,-1,227,393,226,-1,226,393,394,-1,226,394,205,-1,395,238,257,-1,257,238,236,-1,257,236,255,-1,255,236,235,-1,255,235,253,-1,253,235,234,-1,253,234,251,-1,251,234,233,-1,251,233,249,-1,249,233,232,-1,249,232,247,-1,247,232,231,-1,247,231,245,-1,245,231,230,-1,245,230,243,-1,243,230,229,-1,243,229,241,-1,241,229,228,-1,241,228,240,-1,240,228,30,-1,240,30,239,-1,239,30,29,-1,279,396,269,-1,269,396,397,-1,269,397,258,-1,258,397,398,-1,258,398,257,-1,257,398,399,-1,257,399,395,-1,23,281,24,-1,24,281,283,-1,24,283,270,-1,270,283,285,-1,270,285,271,-1,271,285,287,-1,271,287,272,-1,272,287,289,-1,272,289,273,-1,273,289,291,-1,273,291,274,-1,274,291,293,-1,274,293,275,-1,275,293,295,-1,275,295,276,-1,276,295,297,-1,276,297,277,-1,277,297,299,-1,277,299,278,-1,278,299,301,-1,278,301,280,-1,314,400,302,-1,302,400,401,-1,302,401,301,-1,301,401,402,-1,301,402,280,-1,403,315,334,-1,334,315,313,-1,334,313,332,-1,332,313,312,-1,332,312,330,-1,330,312,311,-1,330,311,328,-1,328,311,310,-1,328,310,326,-1,326,310,309,-1,326,309,324,-1,324,309,308,-1,324,308,322,-1,322,308,307,-1,322,307,320,-1,320,307,306,-1,320,306,318,-1,318,306,305,-1,318,305,317,-1,317,305,304,-1,317,304,316,-1,316,304,303,-1,356,404,346,-1,346,404,405,-1,346,405,335,-1,335,405,406,-1,335,406,334,-1,334,406,407,-1,334,407,403,-1,408,357,103,-1,103,357,355,-1,103,355,92,-1,92,355,354,-1,92,354,83,-1,83,354,353,-1,83,353,77,-1,77,353,352,-1,77,352,70,-1,70,352,351,-1,70,351,63,-1,63,351,350,-1,63,350,58,-1,58,350,349,-1,58,349,54,-1,54,349,348,-1,54,348,8,-1,8,348,347,-1,8,347,6,-1,6,347,18,-1,6,18,14,-1,14,18,17,-1,409,410,411,-1,12,13,112,-1,112,13,412,-1,112,412,111,-1,111,412,413,-1,111,413,110,-1,110,413,414,-1,110,414,109,-1,109,414,415,-1,109,415,108,-1,108,415,416,-1,108,416,107,-1,107,416,417,-1,107,417,106,-1,106,417,418,-1,106,418,105,-1,105,418,419,-1,105,419,104,-1,104,419,409,-1,104,409,103,-1,103,409,411,-1,103,411,408,-1,9,11,13,-1,13,11,420,-1,13,420,412,-1,412,420,421,-1,412,421,413,-1,413,421,422,-1,413,422,414,-1,414,422,423,-1,414,423,415,-1,415,423,424,-1,415,424,416,-1,416,424,425,-1,416,425,417,-1,417,425,426,-1,417,426,418,-1,418,426,427,-1,418,427,419,-1,419,427,428,-1,419,428,409,-1,409,428,429,-1,409,429,410,-1,430,431,10,-1,10,9,430,-1,430,9,12,-1,430,12,432,-1,432,12,50,-1,432,50,433,-1,433,50,49,-1,433,49,434,-1,434,49,91,-1,434,91,435,-1,435,91,47,-1,435,47,436,-1,436,47,46,-1,436,46,437,-1,437,46,76,-1,437,76,438,-1,438,76,44,-1,438,44,439,-1,439,44,43,-1,439,43,440,-1,43,62,440,-1,440,62,57,-1,440,57,441,-1,441,57,41,-1,441,41,442,-1,442,41,40,-1,442,40,443,-1,443,40,15,-1,443,15,444,-1,444,15,14,-1,444,14,445,-1,445,14,17,-1,445,17,446,-1,446,17,16,-1,446,16,447,-1,447,16,336,-1,447,336,448,-1,448,336,20,-1,448,20,449,-1,449,20,19,-1,449,19,450,-1,450,19,316,-1,450,316,451,-1,451,316,303,-1,451,303,452,-1,452,303,282,-1,452,282,453,-1,453,282,281,-1,453,281,454,-1,454,281,23,-1,454,23,455,-1,455,23,22,-1,455,22,456,-1,456,22,259,-1,456,259,457,-1,457,259,458,-1,259,26,458,-1,458,26,25,-1,458,25,459,-1,459,25,239,-1,459,239,460,-1,460,239,29,-1,28,461,29,-1,29,461,462,-1,29,462,460,-1,206,32,463,-1,463,32,31,-1,463,31,464,-1,28,207,461,-1,461,207,206,-1,461,206,465,-1,465,206,463,-1,31,175,464,-1,464,175,35,-1,464,35,466,-1,466,35,34,-1,466,34,467,-1,163,468,37,-1,37,468,469,-1,467,34,470,-1,470,34,388,-1,470,388,469,-1,469,388,38,-1,469,38,37,-1,471,472,473,-1,474,475,476,-1,477,478,479,-1,480,472,481,-1,481,472,471,-1,481,471,482,-1,483,473,484,-1,484,473,472,-1,484,472,485,-1,485,472,480,-1,485,480,486,-1,487,483,488,-1,488,483,484,-1,488,484,489,-1,489,484,485,-1,489,485,490,-1,490,485,486,-1,490,486,491,-1,492,487,493,-1,493,487,488,-1,493,488,494,-1,494,488,489,-1,494,489,495,-1,495,489,490,-1,495,490,496,-1,496,490,491,-1,496,491,497,-1,498,499,500,-1,501,492,502,-1,502,492,493,-1,502,493,503,-1,503,493,494,-1,503,494,504,-1,504,494,495,-1,504,495,505,-1,505,495,496,-1,505,496,506,-1,506,496,497,-1,506,497,474,-1,507,499,508,-1,508,499,498,-1,508,498,509,-1,461,465,510,-1,510,465,509,-1,510,509,511,-1,511,509,498,-1,511,498,512,-1,512,498,500,-1,512,500,513,-1,479,514,477,-1,477,514,515,-1,477,515,516,-1,516,515,517,-1,516,517,518,-1,518,517,519,-1,518,519,520,-1,520,519,521,-1,520,521,522,-1,522,521,523,-1,522,523,524,-1,524,523,525,-1,514,526,515,-1,515,526,527,-1,515,527,517,-1,517,527,528,-1,517,528,519,-1,519,528,529,-1,519,529,521,-1,521,529,530,-1,521,530,523,-1,523,530,531,-1,523,531,525,-1,525,531,532,-1,526,533,527,-1,527,533,534,-1,527,534,528,-1,528,534,535,-1,528,535,529,-1,529,535,536,-1,529,536,530,-1,530,536,537,-1,530,537,531,-1,531,537,538,-1,531,538,532,-1,532,538,539,-1,532,539,457,-1,457,539,456,-1,540,541,542,-1,542,541,543,-1,542,543,544,-1,544,543,545,-1,544,545,546,-1,546,545,547,-1,546,547,548,-1,548,547,549,-1,548,549,550,-1,550,549,551,-1,550,551,552,-1,552,551,553,-1,541,554,543,-1,543,554,555,-1,543,555,545,-1,545,555,556,-1,545,556,547,-1,547,556,557,-1,547,557,549,-1,549,557,558,-1,549,558,551,-1,551,558,559,-1,551,559,553,-1,553,559,560,-1,554,561,555,-1,555,561,562,-1,555,562,556,-1,556,562,563,-1,556,563,557,-1,557,563,564,-1,557,564,558,-1,558,564,565,-1,558,565,559,-1,559,565,566,-1,559,566,560,-1,560,566,567,-1,560,567,451,-1,451,567,450,-1,568,569,570,-1,570,569,571,-1,570,571,572,-1,572,571,573,-1,572,573,574,-1,574,573,575,-1,574,575,576,-1,576,575,577,-1,576,577,578,-1,578,577,579,-1,578,579,580,-1,580,579,581,-1,569,582,571,-1,571,582,583,-1,571,583,573,-1,573,583,584,-1,573,584,575,-1,575,584,585,-1,575,585,577,-1,577,585,586,-1,577,586,579,-1,579,586,587,-1,579,587,581,-1,581,587,588,-1,582,589,583,-1,583,589,590,-1,583,590,584,-1,584,590,591,-1,584,591,585,-1,585,591,592,-1,585,592,586,-1,586,592,593,-1,586,593,587,-1,587,593,594,-1,587,594,588,-1,588,594,595,-1,588,595,445,-1,445,595,444,-1,596,597,598,-1,598,597,599,-1,598,599,600,-1,600,599,601,-1,600,601,602,-1,602,601,603,-1,602,603,604,-1,604,603,605,-1,604,605,606,-1,606,605,607,-1,606,607,608,-1,608,607,609,-1,597,610,599,-1,599,610,611,-1,599,611,601,-1,601,611,612,-1,601,612,603,-1,603,612,613,-1,603,613,605,-1,605,613,614,-1,605,614,607,-1,607,614,615,-1,607,615,609,-1,609,615,616,-1,610,617,611,-1,611,617,618,-1,611,618,612,-1,612,618,619,-1,612,619,613,-1,613,619,620,-1,613,620,614,-1,614,620,621,-1,614,621,615,-1,615,621,622,-1,615,622,616,-1,616,622,623,-1,616,623,439,-1,439,623,438,-1,624,625,626,-1,626,625,627,-1,626,627,628,-1,628,627,629,-1,628,629,630,-1,630,629,631,-1,630,631,632,-1,632,631,633,-1,632,633,634,-1,634,633,635,-1,634,635,636,-1,636,635,637,-1,625,638,627,-1,627,638,639,-1,627,639,629,-1,629,639,640,-1,629,640,631,-1,631,640,641,-1,631,641,633,-1,633,641,642,-1,633,642,635,-1,635,642,643,-1,635,643,637,-1,637,643,644,-1,638,645,639,-1,639,645,646,-1,639,646,640,-1,640,646,647,-1,640,647,641,-1,641,647,648,-1,641,648,642,-1,642,648,649,-1,642,649,643,-1,643,649,650,-1,643,650,644,-1,644,650,651,-1,644,651,433,-1,433,651,432,-1,478,652,653,-1,653,652,654,-1,653,654,655,-1,655,654,656,-1,655,656,657,-1,657,656,658,-1,657,658,659,-1,659,658,660,-1,659,660,661,-1,661,660,469,-1,661,469,468,-1,652,513,654,-1,654,513,500,-1,654,500,656,-1,656,500,499,-1,656,499,658,-1,658,499,507,-1,658,507,660,-1,660,507,470,-1,660,470,469,-1,465,463,509,-1,509,463,464,-1,509,464,508,-1,508,464,466,-1,508,466,507,-1,507,466,467,-1,507,467,470,-1,478,477,652,-1,652,477,516,-1,652,516,513,-1,513,516,518,-1,513,518,512,-1,512,518,520,-1,512,520,511,-1,511,520,522,-1,511,522,510,-1,510,522,524,-1,510,524,461,-1,457,458,532,-1,532,458,459,-1,532,459,525,-1,525,459,460,-1,525,460,524,-1,524,460,462,-1,524,462,461,-1,533,540,534,-1,534,540,542,-1,534,542,535,-1,535,542,544,-1,535,544,536,-1,536,544,546,-1,536,546,537,-1,537,546,548,-1,537,548,538,-1,538,548,550,-1,538,550,539,-1,539,550,552,-1,539,552,456,-1,451,452,560,-1,560,452,453,-1,560,453,553,-1,553,453,454,-1,553,454,552,-1,552,454,455,-1,552,455,456,-1,561,568,562,-1,562,568,570,-1,562,570,563,-1,563,570,572,-1,563,572,564,-1,564,572,574,-1,564,574,565,-1,565,574,576,-1,565,576,566,-1,566,576,578,-1,566,578,567,-1,567,578,580,-1,567,580,450,-1,445,446,588,-1,588,446,447,-1,588,447,581,-1,581,447,448,-1,581,448,580,-1,580,448,449,-1,580,449,450,-1,589,596,590,-1,590,596,598,-1,590,598,591,-1,591,598,600,-1,591,600,592,-1,592,600,602,-1,592,602,593,-1,593,602,604,-1,593,604,594,-1,594,604,606,-1,594,606,595,-1,595,606,608,-1,595,608,444,-1,439,440,616,-1,616,440,441,-1,616,441,609,-1,609,441,442,-1,609,442,608,-1,608,442,443,-1,608,443,444,-1,617,624,618,-1,618,624,626,-1,618,626,619,-1,619,626,628,-1,619,628,620,-1,620,628,630,-1,620,630,621,-1,621,630,632,-1,621,632,622,-1,622,632,634,-1,622,634,623,-1,623,634,636,-1,623,636,438,-1,433,434,644,-1,644,434,435,-1,644,435,637,-1,637,435,436,-1,637,436,636,-1,636,436,437,-1,636,437,438,-1,430,432,501,-1,501,432,651,-1,501,651,492,-1,492,651,650,-1,492,650,487,-1,487,650,649,-1,487,649,483,-1,483,649,648,-1,483,648,473,-1,473,648,647,-1,473,647,471,-1,471,647,646,-1,471,646,482,-1,482,646,645,-1,474,476,506,-1,506,476,662,-1,506,662,505,-1,505,662,663,-1,505,663,504,-1,504,663,664,-1,504,664,503,-1,503,664,665,-1,503,665,502,-1,502,665,666,-1,502,666,501,-1,501,666,431,-1,501,431,430,-1,667,668,669,-1,670,479,478,-1,671,476,475,-1,672,668,673,-1,673,668,667,-1,673,667,674,-1,675,669,676,-1,676,669,668,-1,676,668,677,-1,677,668,672,-1,677,672,678,-1,679,675,680,-1,680,675,676,-1,680,676,681,-1,681,676,677,-1,681,677,682,-1,682,677,678,-1,682,678,683,-1,684,679,685,-1,685,679,680,-1,685,680,686,-1,686,680,681,-1,686,681,687,-1,687,681,682,-1,687,682,688,-1,688,682,683,-1,688,683,689,-1,690,691,692,-1,693,684,694,-1,694,684,685,-1,694,685,695,-1,695,685,686,-1,695,686,696,-1,696,686,687,-1,696,687,697,-1,697,687,688,-1,697,688,698,-1,698,688,689,-1,698,689,670,-1,699,691,700,-1,700,691,690,-1,700,690,701,-1,702,703,704,-1,704,703,701,-1,704,701,705,-1,705,701,690,-1,705,690,706,-1,706,690,692,-1,706,692,707,-1,475,708,671,-1,671,708,709,-1,671,709,710,-1,710,709,711,-1,710,711,712,-1,712,711,713,-1,712,713,714,-1,714,713,715,-1,714,715,716,-1,716,715,717,-1,716,717,718,-1,718,717,719,-1,708,720,709,-1,709,720,721,-1,709,721,711,-1,711,721,722,-1,711,722,713,-1,713,722,723,-1,713,723,715,-1,715,723,724,-1,715,724,717,-1,717,724,725,-1,717,725,719,-1,719,725,726,-1,720,727,721,-1,721,727,728,-1,721,728,722,-1,722,728,729,-1,722,729,723,-1,723,729,730,-1,723,730,724,-1,724,730,731,-1,724,731,725,-1,725,731,732,-1,725,732,726,-1,726,732,733,-1,726,733,734,-1,734,733,735,-1,736,737,738,-1,738,737,739,-1,738,739,740,-1,740,739,741,-1,740,741,742,-1,742,741,743,-1,742,743,744,-1,744,743,745,-1,744,745,746,-1,746,745,747,-1,746,747,748,-1,748,747,749,-1,737,750,739,-1,739,750,751,-1,739,751,741,-1,741,751,752,-1,741,752,743,-1,743,752,753,-1,743,753,745,-1,745,753,754,-1,745,754,747,-1,747,754,755,-1,747,755,749,-1,749,755,756,-1,750,757,751,-1,751,757,758,-1,751,758,752,-1,752,758,759,-1,752,759,753,-1,753,759,760,-1,753,760,754,-1,754,760,761,-1,754,761,755,-1,755,761,762,-1,755,762,756,-1,756,762,763,-1,756,763,764,-1,764,763,765,-1,766,767,768,-1,768,767,769,-1,768,769,770,-1,770,769,771,-1,770,771,772,-1,772,771,773,-1,772,773,774,-1,774,773,775,-1,774,775,776,-1,776,775,777,-1,776,777,778,-1,778,777,779,-1,767,780,769,-1,769,780,781,-1,769,781,771,-1,771,781,782,-1,771,782,773,-1,773,782,783,-1,773,783,775,-1,775,783,784,-1,775,784,777,-1,777,784,785,-1,777,785,779,-1,779,785,786,-1,780,787,781,-1,781,787,788,-1,781,788,782,-1,782,788,789,-1,782,789,783,-1,783,789,790,-1,783,790,784,-1,784,790,791,-1,784,791,785,-1,785,791,792,-1,785,792,786,-1,786,792,793,-1,786,793,794,-1,794,793,795,-1,796,797,798,-1,798,797,799,-1,798,799,800,-1,800,799,801,-1,800,801,802,-1,802,801,803,-1,802,803,804,-1,804,803,805,-1,804,805,806,-1,806,805,807,-1,806,807,808,-1,808,807,809,-1,797,810,799,-1,799,810,811,-1,799,811,801,-1,801,811,812,-1,801,812,803,-1,803,812,813,-1,803,813,805,-1,805,813,814,-1,805,814,807,-1,807,814,815,-1,807,815,809,-1,809,815,816,-1,810,817,811,-1,811,817,818,-1,811,818,812,-1,812,818,819,-1,812,819,813,-1,813,819,820,-1,813,820,814,-1,814,820,821,-1,814,821,815,-1,815,821,822,-1,815,822,816,-1,816,822,823,-1,816,823,824,-1,824,823,825,-1,826,827,828,-1,828,827,829,-1,828,829,830,-1,830,829,831,-1,830,831,832,-1,832,831,833,-1,832,833,834,-1,834,833,835,-1,834,835,836,-1,836,835,837,-1,836,837,838,-1,838,837,839,-1,827,840,829,-1,829,840,841,-1,829,841,831,-1,831,841,842,-1,831,842,833,-1,833,842,843,-1,833,843,835,-1,835,843,844,-1,835,844,837,-1,837,844,845,-1,837,845,839,-1,839,845,846,-1,840,847,841,-1,841,847,848,-1,841,848,842,-1,842,848,849,-1,842,849,843,-1,843,849,850,-1,843,850,844,-1,844,850,851,-1,844,851,845,-1,845,851,852,-1,845,852,846,-1,846,852,853,-1,846,853,854,-1,854,853,855,-1,476,856,662,-1,662,856,857,-1,662,857,663,-1,663,857,858,-1,663,858,664,-1,664,858,859,-1,664,859,665,-1,665,859,860,-1,665,860,666,-1,666,860,861,-1,666,861,431,-1,856,707,857,-1,857,707,692,-1,857,692,858,-1,858,692,691,-1,858,691,859,-1,859,691,699,-1,859,699,860,-1,860,699,862,-1,860,862,861,-1,703,863,701,-1,701,863,864,-1,701,864,700,-1,700,864,865,-1,700,865,699,-1,699,865,866,-1,699,866,862,-1,476,671,856,-1,856,671,710,-1,856,710,707,-1,707,710,712,-1,707,712,706,-1,706,712,714,-1,706,714,705,-1,705,714,716,-1,705,716,704,-1,704,716,718,-1,704,718,702,-1,734,867,726,-1,726,867,868,-1,726,868,719,-1,719,868,869,-1,719,869,718,-1,718,869,870,-1,718,870,702,-1,727,736,728,-1,728,736,738,-1,728,738,729,-1,729,738,740,-1,729,740,730,-1,730,740,742,-1,730,742,731,-1,731,742,744,-1,731,744,732,-1,732,744,746,-1,732,746,733,-1,733,746,748,-1,733,748,735,-1,764,871,756,-1,756,871,872,-1,756,872,749,-1,749,872,873,-1,749,873,748,-1,748,873,874,-1,748,874,735,-1,757,766,758,-1,758,766,768,-1,758,768,759,-1,759,768,770,-1,759,770,760,-1,760,770,772,-1,760,772,761,-1,761,772,774,-1,761,774,762,-1,762,774,776,-1,762,776,763,-1,763,776,778,-1,763,778,765,-1,794,875,786,-1,786,875,876,-1,786,876,779,-1,779,876,877,-1,779,877,778,-1,778,877,878,-1,778,878,765,-1,787,796,788,-1,788,796,798,-1,788,798,789,-1,789,798,800,-1,789,800,790,-1,790,800,802,-1,790,802,791,-1,791,802,804,-1,791,804,792,-1,792,804,806,-1,792,806,793,-1,793,806,808,-1,793,808,795,-1,824,879,816,-1,816,879,880,-1,816,880,809,-1,809,880,881,-1,809,881,808,-1,808,881,882,-1,808,882,795,-1,817,826,818,-1,818,826,828,-1,818,828,819,-1,819,828,830,-1,819,830,820,-1,820,830,832,-1,820,832,821,-1,821,832,834,-1,821,834,822,-1,822,834,836,-1,822,836,823,-1,823,836,838,-1,823,838,825,-1,854,883,846,-1,846,883,884,-1,846,884,839,-1,839,884,885,-1,839,885,838,-1,838,885,886,-1,838,886,825,-1,887,855,693,-1,693,855,853,-1,693,853,684,-1,684,853,852,-1,684,852,679,-1,679,852,851,-1,679,851,675,-1,675,851,850,-1,675,850,669,-1,669,850,849,-1,669,849,667,-1,667,849,848,-1,667,848,674,-1,674,848,847,-1,670,478,698,-1,698,478,653,-1,698,653,697,-1,697,653,655,-1,697,655,696,-1,696,655,657,-1,696,657,695,-1,695,657,659,-1,695,659,694,-1,694,659,661,-1,694,661,693,-1,693,661,468,-1,693,468,887,-1,887,468,163,-1,163,888,887,-1,887,888,889,-1,887,889,855,-1,855,889,890,-1,855,890,854,-1,854,890,891,-1,854,891,883,-1,883,891,892,-1,883,892,884,-1,884,892,893,-1,884,893,885,-1,885,893,894,-1,885,894,886,-1,886,894,895,-1,886,895,825,-1,825,895,896,-1,825,896,824,-1,824,896,897,-1,824,897,879,-1,879,897,898,-1,879,898,880,-1,898,899,880,-1,880,899,900,-1,880,900,881,-1,881,900,901,-1,881,901,882,-1,882,901,902,-1,882,902,795,-1,795,902,903,-1,795,903,794,-1,794,903,904,-1,794,904,875,-1,875,904,905,-1,875,905,876,-1,876,905,906,-1,876,906,877,-1,877,906,907,-1,877,907,878,-1,878,907,908,-1,878,908,765,-1,765,908,909,-1,765,909,764,-1,764,909,910,-1,764,910,871,-1,871,910,911,-1,871,911,872,-1,872,911,912,-1,872,912,873,-1,873,912,913,-1,873,913,874,-1,874,913,914,-1,874,914,735,-1,735,914,915,-1,735,915,734,-1,734,915,916,-1,734,916,867,-1,867,916,917,-1,867,917,868,-1,868,917,918,-1,868,918,869,-1,10,431,919,-1,919,431,861,-1,918,920,869,-1,869,920,921,-1,869,921,870,-1,870,921,922,-1,870,922,702,-1,702,922,923,-1,702,923,703,-1,703,923,924,-1,703,924,863,-1,863,924,925,-1,863,925,864,-1,864,925,926,-1,864,926,865,-1,865,926,927,-1,865,927,866,-1,866,927,928,-1,866,928,862,-1,862,928,929,-1,862,929,861,-1,861,929,930,-1,861,930,919,-1,931,932,933,-1,934,935,936,-1,937,938,939,-1,888,163,53,-1,889,888,940,-1,903,902,937,-1,905,904,941,-1,908,907,942,-1,914,913,943,-1,917,916,944,-1,921,920,945,-1,925,924,946,-1,928,927,947,-1,919,930,948,-1,937,902,938,-1,938,902,901,-1,938,901,900,-1,949,897,896,-1,950,894,893,-1,951,891,890,-1,952,420,11,-1,953,939,954,-1,954,939,938,-1,954,938,955,-1,955,938,900,-1,955,900,899,-1,956,953,957,-1,957,953,954,-1,957,954,958,-1,958,954,955,-1,958,955,959,-1,959,955,899,-1,959,899,898,-1,960,956,961,-1,961,956,957,-1,961,957,962,-1,962,957,958,-1,962,958,963,-1,963,958,959,-1,963,959,949,-1,949,959,898,-1,949,898,897,-1,964,423,422,-1,965,960,966,-1,966,960,961,-1,966,961,967,-1,967,961,962,-1,967,962,968,-1,968,962,963,-1,968,963,969,-1,969,963,949,-1,969,949,970,-1,970,949,896,-1,970,896,895,-1,971,965,972,-1,972,965,966,-1,972,966,973,-1,973,966,967,-1,973,967,974,-1,974,967,968,-1,974,968,975,-1,975,968,969,-1,975,969,976,-1,976,969,970,-1,976,970,950,-1,950,970,895,-1,950,895,894,-1,977,971,978,-1,978,971,972,-1,978,972,979,-1,979,972,973,-1,979,973,980,-1,980,973,974,-1,980,974,981,-1,981,974,975,-1,981,975,982,-1,982,975,976,-1,982,976,983,-1,983,976,950,-1,983,950,984,-1,984,950,893,-1,984,893,892,-1,985,977,986,-1,986,977,978,-1,986,978,987,-1,987,978,979,-1,987,979,988,-1,988,979,980,-1,988,980,989,-1,989,980,981,-1,989,981,990,-1,990,981,982,-1,990,982,991,-1,991,982,983,-1,991,983,992,-1,992,983,984,-1,992,984,951,-1,951,984,892,-1,951,892,891,-1,993,994,995,-1,996,985,997,-1,997,985,986,-1,997,986,998,-1,998,986,987,-1,998,987,999,-1,999,987,988,-1,999,988,1000,-1,1000,988,989,-1,1000,989,1001,-1,1001,989,990,-1,1001,990,1002,-1,1002,990,991,-1,1002,991,1003,-1,1003,991,992,-1,1003,992,1004,-1,1004,992,951,-1,1004,951,1005,-1,1005,951,890,-1,1005,890,889,-1,1006,994,1007,-1,1007,994,993,-1,1007,993,1008,-1,1009,1010,1011,-1,1011,1010,1008,-1,1011,1008,1012,-1,1012,1008,993,-1,1012,993,1013,-1,1013,993,995,-1,1013,995,1014,-1,1015,1016,1017,-1,1017,1016,1018,-1,1017,1018,1019,-1,1019,1018,1020,-1,1019,1020,1021,-1,1021,1020,1022,-1,1021,1022,1023,-1,1023,1022,1024,-1,1023,1024,1025,-1,1025,1024,964,-1,1025,964,1026,-1,1026,964,422,-1,1026,422,421,-1,1027,1028,1029,-1,1029,1028,1015,-1,1029,1015,1030,-1,1030,1015,1017,-1,1030,1017,1031,-1,1031,1017,1019,-1,1031,1019,1032,-1,1032,1019,1021,-1,1032,1021,1033,-1,1033,1021,1023,-1,1033,1023,1034,-1,1034,1023,1025,-1,1034,1025,1035,-1,1035,1025,1026,-1,1035,1026,1036,-1,1036,1026,421,-1,1036,421,420,-1,1037,1038,1039,-1,1039,1038,1040,-1,1039,1040,1041,-1,1041,1040,1042,-1,1041,1042,1043,-1,1043,1042,1044,-1,1043,1044,1045,-1,1045,1044,1046,-1,1045,1046,1047,-1,1047,1046,1048,-1,1047,1048,1049,-1,1049,1048,1050,-1,1049,1050,1051,-1,1051,1050,1052,-1,1051,1052,1053,-1,1053,1052,952,-1,1053,952,1054,-1,1054,952,11,-1,1054,11,10,-1,10,919,1054,-1,1054,919,948,-1,1054,948,1053,-1,1053,948,1055,-1,1053,1055,1051,-1,1051,1055,1056,-1,1051,1056,1049,-1,1049,1056,1057,-1,1049,1057,1047,-1,1047,1057,1058,-1,1047,1058,1045,-1,1045,1058,1059,-1,1045,1059,1043,-1,1043,1059,1060,-1,1043,1060,1041,-1,1041,1060,1061,-1,1041,1061,1039,-1,1039,1061,1062,-1,1039,1062,1037,-1,1037,1062,1063,-1,1037,1063,1064,-1,1064,1063,1065,-1,927,926,947,-1,947,926,1066,-1,947,1066,1067,-1,1067,1066,1068,-1,1067,1068,1069,-1,1069,1068,1070,-1,1069,1070,1071,-1,1071,1070,1072,-1,1071,1072,1073,-1,1073,1072,1074,-1,1073,1074,1075,-1,1075,1074,1076,-1,1075,1076,1077,-1,1077,1076,1078,-1,1077,1078,1079,-1,1079,1078,1080,-1,1079,1080,1081,-1,1081,1080,1082,-1,1081,1082,1083,-1,1083,1082,1084,-1,926,925,1066,-1,1066,925,946,-1,1066,946,1068,-1,1068,946,1085,-1,1068,1085,1070,-1,1070,1085,1086,-1,1070,1086,1072,-1,1072,1086,1087,-1,1072,1087,1074,-1,1074,1087,1088,-1,1074,1088,1076,-1,1076,1088,1089,-1,1076,1089,1078,-1,1078,1089,1090,-1,1078,1090,1080,-1,1080,1090,1091,-1,1080,1091,1082,-1,1082,1091,1092,-1,1082,1092,1084,-1,1084,1092,1093,-1,1084,1093,1094,-1,1094,1093,1095,-1,923,922,1096,-1,1096,922,1097,-1,1096,1097,1098,-1,1098,1097,1099,-1,1098,1099,1100,-1,1100,1099,1101,-1,1100,1101,1102,-1,1102,1101,1103,-1,1102,1103,1104,-1,1104,1103,1105,-1,1104,1105,1106,-1,1106,1105,1107,-1,1106,1107,1108,-1,1108,1107,1109,-1,1108,1109,1110,-1,1110,1109,1111,-1,1110,1111,1112,-1,1112,1111,1113,-1,1112,1113,1114,-1,1114,1113,1115,-1,922,921,1097,-1,1097,921,945,-1,1097,945,1099,-1,1099,945,1116,-1,1099,1116,1101,-1,1101,1116,1117,-1,1101,1117,1103,-1,1103,1117,1118,-1,1103,1118,1105,-1,1105,1118,1119,-1,1105,1119,1107,-1,1107,1119,1120,-1,1107,1120,1109,-1,1109,1120,1121,-1,1109,1121,1111,-1,1111,1121,1122,-1,1111,1122,1113,-1,1113,1122,1123,-1,1113,1123,1115,-1,1115,1123,1124,-1,1115,1124,1125,-1,1125,1124,1126,-1,918,917,1127,-1,1127,917,944,-1,1127,944,1128,-1,1128,944,1129,-1,1128,1129,1130,-1,1130,1129,1131,-1,1130,1131,1132,-1,1132,1131,1133,-1,1132,1133,1134,-1,1134,1133,1135,-1,1134,1135,1136,-1,1136,1135,1137,-1,1136,1137,1138,-1,1138,1137,1139,-1,1138,1139,1140,-1,1140,1139,1141,-1,1140,1141,1142,-1,1142,1141,1143,-1,1142,1143,1144,-1,1144,1143,1145,-1,916,915,944,-1,944,915,1146,-1,944,1146,1129,-1,1129,1146,1147,-1,1129,1147,1131,-1,1131,1147,1148,-1,1131,1148,1133,-1,1133,1148,1149,-1,1133,1149,1135,-1,1135,1149,1150,-1,1135,1150,1137,-1,1137,1150,1151,-1,1137,1151,1139,-1,1139,1151,1152,-1,1139,1152,1141,-1,1141,1152,1153,-1,1141,1153,1143,-1,1143,1153,1154,-1,1143,1154,1145,-1,1145,1154,1155,-1,915,914,1146,-1,1146,914,943,-1,1146,943,1147,-1,1147,943,1156,-1,1147,1156,1148,-1,1148,1156,1157,-1,1148,1157,1149,-1,1149,1157,1158,-1,1149,1158,1150,-1,1150,1158,1159,-1,1150,1159,1151,-1,1151,1159,1160,-1,1151,1160,1152,-1,1152,1160,1161,-1,1152,1161,1153,-1,1153,1161,1162,-1,1153,1162,1154,-1,1154,1162,1163,-1,1154,1163,1155,-1,1155,1163,1164,-1,1155,1164,1165,-1,1165,1164,1166,-1,912,911,1167,-1,1167,911,1168,-1,1167,1168,1169,-1,1169,1168,1170,-1,1169,1170,1171,-1,1171,1170,1172,-1,1171,1172,1173,-1,1173,1172,1174,-1,1173,1174,1175,-1,1175,1174,1176,-1,1175,1176,1177,-1,1177,1176,1178,-1,1177,1178,1179,-1,1179,1178,1180,-1,1179,1180,1181,-1,1181,1180,1182,-1,1181,1182,1183,-1,1183,1182,1184,-1,1183,1184,1185,-1,1185,1184,1186,-1,911,910,1168,-1,1168,910,1187,-1,1168,1187,1170,-1,1170,1187,1188,-1,1170,1188,1172,-1,1172,1188,1189,-1,1172,1189,1174,-1,1174,1189,1190,-1,1174,1190,1176,-1,1176,1190,1191,-1,1176,1191,1178,-1,1178,1191,1192,-1,1178,1192,1180,-1,1180,1192,1193,-1,1180,1193,1182,-1,1182,1193,1194,-1,1182,1194,1184,-1,1184,1194,1195,-1,1184,1195,1186,-1,1186,1195,1196,-1,1186,1196,1197,-1,1197,1196,1198,-1,909,908,1199,-1,1199,908,942,-1,1199,942,1200,-1,1200,942,1201,-1,1200,1201,1202,-1,1202,1201,1203,-1,1202,1203,1204,-1,1204,1203,1205,-1,1204,1205,1206,-1,1206,1205,1207,-1,1206,1207,1208,-1,1208,1207,1209,-1,1208,1209,1210,-1,1210,1209,1211,-1,1210,1211,1212,-1,1212,1211,1213,-1,1212,1213,1214,-1,1214,1213,1215,-1,1214,1215,1216,-1,1216,1215,1217,-1,907,906,942,-1,942,906,1218,-1,942,1218,1201,-1,1201,1218,1219,-1,1201,1219,1203,-1,1203,1219,1220,-1,1203,1220,1205,-1,1205,1220,1221,-1,1205,1221,1207,-1,1207,1221,1222,-1,1207,1222,1209,-1,1209,1222,1223,-1,1209,1223,1211,-1,1211,1223,1224,-1,1211,1224,1213,-1,1213,1224,1225,-1,1213,1225,1215,-1,1215,1225,1226,-1,1215,1226,1217,-1,1217,1226,1227,-1,906,905,1218,-1,1218,905,941,-1,1218,941,1219,-1,1219,941,1228,-1,1219,1228,1220,-1,1220,1228,1229,-1,1220,1229,1221,-1,1221,1229,1230,-1,1221,1230,1222,-1,1222,1230,1231,-1,1222,1231,1223,-1,1223,1231,1232,-1,1223,1232,1224,-1,1224,1232,1233,-1,1224,1233,1225,-1,1225,1233,1234,-1,1225,1234,1226,-1,1226,1234,1235,-1,1226,1235,1227,-1,1227,1235,1236,-1,1227,1236,1237,-1,1237,1236,1238,-1,424,1014,425,-1,425,1014,995,-1,425,995,426,-1,426,995,994,-1,426,994,427,-1,427,994,1006,-1,427,1006,428,-1,428,1006,1239,-1,428,1239,429,-1,1010,1240,1008,-1,1008,1240,1241,-1,1008,1241,1007,-1,1007,1241,1242,-1,1007,1242,1006,-1,1006,1242,1243,-1,1006,1243,1239,-1,935,1009,936,-1,936,1009,1011,-1,936,1011,1244,-1,1244,1011,1012,-1,1244,1012,1245,-1,1245,1012,1013,-1,1245,1013,1246,-1,1246,1013,1014,-1,1246,1014,1247,-1,1247,1014,424,-1,1247,424,423,-1,423,964,1247,-1,1247,964,1024,-1,1247,1024,1246,-1,1246,1024,1022,-1,1246,1022,1245,-1,1245,1022,1020,-1,1245,1020,1244,-1,1244,1020,1018,-1,1244,1018,936,-1,936,1018,1016,-1,936,1016,934,-1,1028,1248,1015,-1,1015,1248,1249,-1,1015,1249,1016,-1,1016,1249,1250,-1,1016,1250,934,-1,420,952,1036,-1,1036,952,1052,-1,1036,1052,1035,-1,1035,1052,1050,-1,1035,1050,1034,-1,1034,1050,1048,-1,1034,1048,1033,-1,1033,1048,1046,-1,1033,1046,1032,-1,1032,1046,1044,-1,1032,1044,1031,-1,1031,1044,1042,-1,1031,1042,1030,-1,1030,1042,1040,-1,1030,1040,1029,-1,1029,1040,1038,-1,1029,1038,1027,-1,1064,1251,1037,-1,1037,1251,1252,-1,1037,1252,1038,-1,1038,1252,1253,-1,1038,1253,1027,-1,932,1065,933,-1,933,1065,1063,-1,933,1063,1254,-1,1254,1063,1062,-1,1254,1062,1255,-1,1255,1062,1061,-1,1255,1061,1256,-1,1256,1061,1060,-1,1256,1060,1257,-1,1257,1060,1059,-1,1257,1059,1258,-1,1258,1059,1058,-1,1258,1058,1259,-1,1259,1058,1057,-1,1259,1057,1260,-1,1260,1057,1056,-1,1260,1056,1261,-1,1261,1056,1055,-1,1261,1055,1262,-1,1262,1055,948,-1,1262,948,929,-1,929,948,930,-1,929,928,1262,-1,1262,928,947,-1,1262,947,1261,-1,1261,947,1067,-1,1261,1067,1260,-1,1260,1067,1069,-1,1260,1069,1259,-1,1259,1069,1071,-1,1259,1071,1258,-1,1258,1071,1073,-1,1258,1073,1257,-1,1257,1073,1075,-1,1257,1075,1256,-1,1256,1075,1077,-1,1256,1077,1255,-1,1255,1077,1079,-1,1255,1079,1254,-1,1254,1079,1081,-1,1254,1081,933,-1,933,1081,1083,-1,933,1083,931,-1,1094,1263,1084,-1,1084,1263,1264,-1,1084,1264,1083,-1,1083,1264,1265,-1,1083,1265,931,-1,924,923,946,-1,946,923,1096,-1,946,1096,1085,-1,1085,1096,1098,-1,1085,1098,1086,-1,1086,1098,1100,-1,1086,1100,1087,-1,1087,1100,1102,-1,1087,1102,1088,-1,1088,1102,1104,-1,1088,1104,1089,-1,1089,1104,1106,-1,1089,1106,1090,-1,1090,1106,1108,-1,1090,1108,1091,-1,1091,1108,1110,-1,1091,1110,1092,-1,1092,1110,1112,-1,1092,1112,1093,-1,1093,1112,1114,-1,1093,1114,1095,-1,1125,1266,1115,-1,1115,1266,1267,-1,1115,1267,1114,-1,1114,1267,1268,-1,1114,1268,1095,-1,1269,1126,1144,-1,1144,1126,1124,-1,1144,1124,1142,-1,1142,1124,1123,-1,1142,1123,1140,-1,1140,1123,1122,-1,1140,1122,1138,-1,1138,1122,1121,-1,1138,1121,1136,-1,1136,1121,1120,-1,1136,1120,1134,-1,1134,1120,1119,-1,1134,1119,1132,-1,1132,1119,1118,-1,1132,1118,1130,-1,1130,1118,1117,-1,1130,1117,1128,-1,1128,1117,1116,-1,1128,1116,1127,-1,1127,1116,945,-1,1127,945,918,-1,918,945,920,-1,1165,1270,1155,-1,1155,1270,1271,-1,1155,1271,1145,-1,1145,1271,1272,-1,1145,1272,1144,-1,1144,1272,1273,-1,1144,1273,1269,-1,913,912,943,-1,943,912,1167,-1,943,1167,1156,-1,1156,1167,1169,-1,1156,1169,1157,-1,1157,1169,1171,-1,1157,1171,1158,-1,1158,1171,1173,-1,1158,1173,1159,-1,1159,1173,1175,-1,1159,1175,1160,-1,1160,1175,1177,-1,1160,1177,1161,-1,1161,1177,1179,-1,1161,1179,1162,-1,1162,1179,1181,-1,1162,1181,1163,-1,1163,1181,1183,-1,1163,1183,1164,-1,1164,1183,1185,-1,1164,1185,1166,-1,1197,1274,1186,-1,1186,1274,1275,-1,1186,1275,1185,-1,1185,1275,1276,-1,1185,1276,1166,-1,1277,1198,1216,-1,1216,1198,1196,-1,1216,1196,1214,-1,1214,1196,1195,-1,1214,1195,1212,-1,1212,1195,1194,-1,1212,1194,1210,-1,1210,1194,1193,-1,1210,1193,1208,-1,1208,1193,1192,-1,1208,1192,1206,-1,1206,1192,1191,-1,1206,1191,1204,-1,1204,1191,1190,-1,1204,1190,1202,-1,1202,1190,1189,-1,1202,1189,1200,-1,1200,1189,1188,-1,1200,1188,1199,-1,1199,1188,1187,-1,1199,1187,909,-1,909,1187,910,-1,1237,1278,1227,-1,1227,1278,1279,-1,1227,1279,1217,-1,1217,1279,1280,-1,1217,1280,1216,-1,1216,1280,1281,-1,1216,1281,1277,-1,1282,1238,996,-1,996,1238,1236,-1,996,1236,985,-1,985,1236,1235,-1,985,1235,977,-1,977,1235,1234,-1,977,1234,971,-1,971,1234,1233,-1,971,1233,965,-1,965,1233,1232,-1,965,1232,960,-1,960,1232,1231,-1,960,1231,956,-1,956,1231,1230,-1,956,1230,953,-1,953,1230,1229,-1,953,1229,939,-1,939,1229,1228,-1,939,1228,937,-1,937,1228,941,-1,937,941,903,-1,903,941,904,-1,1283,1284,1285,-1,889,940,1005,-1,1005,940,1286,-1,1005,1286,1004,-1,1004,1286,1287,-1,1004,1287,1003,-1,1003,1287,1288,-1,1003,1288,1002,-1,1002,1288,1289,-1,1002,1289,1001,-1,1001,1289,1290,-1,1001,1290,1000,-1,1000,1290,1291,-1,1000,1291,999,-1,999,1291,1292,-1,999,1292,998,-1,998,1292,1293,-1,998,1293,997,-1,997,1293,1283,-1,997,1283,996,-1,996,1283,1285,-1,996,1285,1282,-1,888,53,940,-1,940,53,52,-1,940,52,1286,-1,1286,52,134,-1,1286,134,1287,-1,1287,134,69,-1,1287,69,1288,-1,1288,69,68,-1,1288,68,1289,-1,1289,68,358,-1,1289,358,1290,-1,1290,358,359,-1,1290,359,1291,-1,1291,359,360,-1,1291,360,1292,-1,1292,360,361,-1,1292,361,1293,-1,1293,361,362,-1,1293,362,1283,-1,1283,362,364,-1,1283,364,1284,-1,429,1239,1294,-1,1294,1239,1295,-1,1241,1296,1242,-1,1242,1296,1295,-1,1242,1295,1243,-1,1243,1295,1239,-1,1241,1240,1296,-1,1296,1240,1010,-1,1296,1010,1297,-1,1010,1009,1297,-1,1297,1009,935,-1,1297,935,1298,-1,935,934,1298,-1,1298,934,1250,-1,1298,1250,1299,-1,1299,1250,1249,-1,1299,1249,1300,-1,1300,1249,1248,-1,1300,1248,1028,-1,1252,1301,1253,-1,1253,1301,1300,-1,1253,1300,1027,-1,1027,1300,1028,-1,1252,1251,1301,-1,1301,1251,1064,-1,1301,1064,1302,-1,1064,1065,1302,-1,1302,1065,932,-1,1302,932,1303,-1,932,931,1303,-1,1303,931,1265,-1,1303,1265,1304,-1,1304,1265,1264,-1,1304,1264,1305,-1,1305,1264,1263,-1,1305,1263,1094,-1,1267,1306,1268,-1,1268,1306,1305,-1,1268,1305,1095,-1,1095,1305,1094,-1,1267,1266,1306,-1,1306,1266,1125,-1,1306,1125,1307,-1,1125,1126,1307,-1,1307,1126,1269,-1,1307,1269,1308,-1,1269,1273,1308,-1,1308,1273,1272,-1,1308,1272,1309,-1,1309,1272,1271,-1,1309,1271,1310,-1,1310,1271,1270,-1,1310,1270,1165,-1,1275,1311,1276,-1,1276,1311,1310,-1,1276,1310,1166,-1,1166,1310,1165,-1,1275,1274,1311,-1,1311,1274,1197,-1,1311,1197,1312,-1,1197,1198,1312,-1,1312,1198,1277,-1,1312,1277,1313,-1,1279,1314,1280,-1,1280,1314,1313,-1,1280,1313,1281,-1,1281,1313,1277,-1,1279,1278,1314,-1,1314,1278,1237,-1,1314,1237,1315,-1,1237,1238,1315,-1,1315,1238,1282,-1,1315,1282,1316,-1,364,1317,1284,-1,1284,1317,1316,-1,1284,1316,1285,-1,1285,1316,1282,-1,364,363,1317,-1,1317,363,1318,-1,363,368,1318,-1,1318,368,367,-1,1318,367,1319,-1,117,1320,365,-1,365,1320,1319,-1,365,1319,366,-1,366,1319,367,-1,117,116,1320,-1,1320,116,4,-1,1320,4,1321,-1,4,3,1321,-1,1321,3,375,-1,1321,375,1322,-1,1322,375,374,-1,1322,374,1323,-1,1323,374,373,-1,1323,373,136,-1,136,135,1323,-1,1323,135,378,-1,1323,378,1324,-1,173,1325,376,-1,376,1325,1324,-1,376,1324,377,-1,377,1324,378,-1,173,174,1325,-1,1325,174,1,-1,1325,1,1326,-1,1,0,1326,-1,1326,0,391,-1,1326,391,1327,-1,1327,391,390,-1,1327,390,1328,-1,1328,390,389,-1,1328,389,204,-1,204,205,1328,-1,1328,205,394,-1,1328,394,1329,-1,237,1330,392,-1,392,1330,1329,-1,392,1329,393,-1,393,1329,394,-1,237,238,1330,-1,1330,238,395,-1,1330,395,1331,-1,395,399,1331,-1,1331,399,398,-1,1331,398,1332,-1,1332,398,397,-1,1332,397,1333,-1,1333,397,396,-1,1333,396,279,-1,279,280,1333,-1,1333,280,402,-1,1333,402,1334,-1,314,1335,400,-1,400,1335,1334,-1,400,1334,401,-1,401,1334,402,-1,314,315,1335,-1,1335,315,403,-1,1335,403,1336,-1,403,407,1336,-1,1336,407,406,-1,1336,406,1337,-1,356,1338,404,-1,404,1338,1337,-1,404,1337,405,-1,405,1337,406,-1,356,357,1338,-1,1338,357,408,-1,1338,408,1339,-1,429,1294,410,-1,410,1294,1339,-1,410,1339,411,-1,411,1339,408,-1,1297,727,1296,-1,1296,727,720,-1,1296,720,1295,-1,1295,720,708,-1,1295,708,1294,-1,1294,708,475,-1,1294,475,1339,-1,1339,475,474,-1,1339,474,1338,-1,1338,474,497,-1,1338,497,1337,-1,497,491,1337,-1,1337,491,486,-1,1337,486,1336,-1,1336,486,480,-1,1336,480,1335,-1,1335,480,481,-1,1335,481,1334,-1,1334,481,482,-1,1334,482,1333,-1,1333,482,645,-1,1333,645,1332,-1,1332,645,638,-1,1332,638,1331,-1,638,625,1331,-1,1331,625,624,-1,1331,624,1330,-1,1330,624,617,-1,1330,617,1329,-1,1329,617,610,-1,1329,610,1328,-1,1328,610,597,-1,1328,597,1327,-1,1327,597,596,-1,1327,596,1326,-1,1303,780,1302,-1,1302,780,767,-1,1302,767,1301,-1,1301,767,766,-1,1301,766,1300,-1,1300,766,757,-1,1300,757,1299,-1,1299,757,750,-1,1299,750,1298,-1,1298,750,737,-1,1298,737,1297,-1,1297,737,736,-1,1297,736,727,-1,1320,533,1319,-1,1319,533,526,-1,1319,526,1318,-1,1318,526,514,-1,1318,514,1317,-1,1317,514,479,-1,1317,479,1316,-1,1316,479,670,-1,1316,670,1315,-1,1315,670,689,-1,1315,689,1314,-1,689,683,1314,-1,1314,683,678,-1,1314,678,1313,-1,1313,678,672,-1,1313,672,1312,-1,1312,672,673,-1,1312,673,1311,-1,1311,673,674,-1,1311,674,1310,-1,1310,674,847,-1,1310,847,1309,-1,1309,847,840,-1,1309,840,1308,-1,596,589,1326,-1,1326,589,582,-1,1326,582,1325,-1,1325,582,569,-1,1325,569,1324,-1,1324,569,568,-1,1324,568,1323,-1,1323,568,561,-1,1323,561,1322,-1,1322,561,554,-1,1322,554,1321,-1,1321,554,541,-1,1321,541,1320,-1,1320,541,540,-1,1320,540,533,-1,840,827,1308,-1,1308,827,826,-1,1308,826,1307,-1,1307,826,817,-1,1307,817,1306,-1,1306,817,810,-1,1306,810,1305,-1,1305,810,797,-1,1305,797,1304,-1,1304,797,796,-1,1304,796,1303,-1,1303,796,787,-1,1303,787,780,-1,
        ]
    }
}
Shape{
    appearance Appearance {
        material  Material {
            diffuseColor 0.9686274509803922 0.8784313725490196 0.6
            specularColor 0.6784313725490196 0.615686274509804 0.4196078431372549
            ambientIntensity 0.8737
            transparency 0.0
            shininess 0.5
        }
    }
    geometry IndexedFaceSet {
        ccw TRUE
        solid FALSE
        coord DEF co Coordinate {
            point [
                -0.5104 1.1188 0.7559, -0.5219 1.0988 0.7559, -0.3861 0.9946 0.7559, -0.3582 1.031 0.7559, -0.3523 1.0534 0.7559, -0.494 1.1352 0.7559, -0.3523 1.0765 0.7559, -0.3582 1.0988 0.7559, -0.5279 1.0765 0.7559, -0.5279 1.0533 0.7559, -0.5219 1.031 0.7559, -0.5103 1.011 0.7559, -0.4285 0.9771 0.7559, -0.4062 0.9831 0.7559, -0.494 0.9946 0.7559, -0.474 0.9831 0.7559, -0.4516 0.9771 0.7559, -0.3698 1.011 0.7559, -0.3698 1.1189 0.7559, -0.4517 1.1527 0.7559, -0.474 1.1468 0.7559, -0.3862 1.1352 0.7559, -0.4062 1.1468 0.7559, -0.4285 1.1527 0.7559, -0.5219 1.031 -2.3622, -0.5103 1.011 -2.3622, -0.494 0.9946 -2.3622, -0.474 0.9831 -2.3622, -0.4516 0.9771 -2.3622, -0.4285 0.9771 -2.3622, -0.4062 0.9831 -2.3622, -0.3861 0.9946 -2.3622, -0.3698 1.011 -2.3622, -0.3582 1.031 -2.3622, -0.3523 1.0534 -2.3622, -0.3523 1.0765 -2.3622, -0.3582 1.0988 -2.3622, -0.3698 1.1189 -2.3622, -0.3862 1.1352 -2.3622, -0.4062 1.1468 -2.3622, -0.4285 1.1527 -2.3622, -0.4517 1.1527 -2.3622, -0.474 1.1468 -2.3622, -0.494 1.1352 -2.3622, -0.5104 1.1188 -2.3622, -0.5219 1.0988 -2.3622, -0.5279 1.0765 -2.3622, -0.5279 1.0533 -2.3622
            ]
        }
        coordIndex [
            0,1,2,-1,3,4,5,-1,5,4,6,-1,5,6,7,-1,1,8,2,-1,2,8,9,-1,2,9,10,-1,11,12,10,-1,10,12,13,-1,10,13,2,-1,11,14,12,-1,12,14,15,-1,12,15,16,-1,0,2,5,-1,5,2,17,-1,5,17,3,-1,18,19,7,-1,7,19,20,-1,7,20,5,-1,18,21,19,-1,19,21,22,-1,19,22,23,-1,10,24,25,-1,10,25,11,-1,11,25,26,-1,11,26,14,-1,14,26,27,-1,14,27,15,-1,15,27,28,-1,15,28,16,-1,16,28,29,-1,16,29,12,-1,12,29,30,-1,12,30,13,-1,13,30,31,-1,13,31,2,-1,2,31,32,-1,2,32,17,-1,17,32,33,-1,17,33,3,-1,3,33,34,-1,3,34,4,-1,4,34,35,-1,4,35,6,-1,6,35,36,-1,6,36,7,-1,7,36,37,-1,7,37,18,-1,18,37,38,-1,18,38,21,-1,21,38,39,-1,21,39,22,-1,22,39,40,-1,22,40,23,-1,23,40,41,-1,23,41,19,-1,19,41,42,-1,19,42,20,-1,20,42,43,-1,20,43,5,-1,5,43,44,-1,5,44,0,-1,0,44,45,-1,0,45,1,-1,1,45,46,-1,1,46,8,-1,8,46,47,-1,8,47,9,-1,9,47,24,-1,9,24,10,-1,34,43,35,-1,35,43,36,-1,38,41,39,-1,39,41,40,-1,43,42,36,-1,36,42,41,-1,36,41,37,-1,37,41,38,-1,34,33,43,-1,43,33,32,-1,43,32,31,-1,29,28,27,-1,27,26,29,-1,29,26,25,-1,29,25,24,-1,31,30,43,-1,43,30,29,-1,43,29,44,-1,44,29,45,-1,24,47,29,-1,29,47,46,-1,29,46,45,-1,
        ]
    }
}
Shape{
    appearance Appearance {
        material  Material {
            diffuseColor 0.8509803921568627 0.8509803921568627 0.8509803921568627
            specularColor 0.4235294117647059 0.4235294117647059 0.4235294117647059
            ambientIntensity 0.851
            transparency 0.0
            shininess 0.5
        }
    }
    geometry IndexedFaceSet {
        ccw TRUE
        solid FALSE
        coord DEF co Coordinate {
            point [
                1.3463 0.5607 2.4971, 1.3437 0.5597 2.498, 1.2847 0.6849 2.498, -1.3464 -0.555 2.4973, -1.3589 -0.5602 2.4917, -1.4065 -0.4286 2.4922, 1.3637 0.568 2.4891, 1.3591 0.5661 2.4922, 1.2994 0.6927 2.4922, -1.3639 -0.5623 2.4895, -1.3725 -0.5659 2.4823, -1.4208 -0.4329 2.4828, 1.3787 0.5742 2.4766, 1.3729 0.5718 2.4828, 1.3126 0.6997 2.4828, -1.379 -0.5685 2.4769, -1.3839 -0.5706 2.47, -1.4327 -0.4366 2.4704, 1.3902 0.5789 2.4604, 1.3844 0.5765 2.4704, 1.3236 0.7055 2.4704, -1.3905 -0.5733 2.4606, -1.3926 -0.5742 2.4552, -1.4416 -0.4393 2.4554, 1.3976 0.582 2.4415, 1.3931 0.5801 2.4554, 1.3319 0.7099 2.4554, -1.3978 -0.5763 2.4416, -1.3982 -0.5765 2.4387, -1.4472 -0.441 2.4388, -1.4003 -0.5774 2.4213, -1.4491 -0.4416 2.4213, -1.4625 -0.3892 2.4213, -1.4829 -0.3015 2.4388, -1.4848 -0.3019 2.4213, -1.5051 -0.1591 2.4388, -1.5015 -0.195 2.4213, -1.507 -0.1593 2.4213, -1.5137 -0.0153 2.4388, -1.5156 -0.0154 2.4213, -1.515 0.0026 2.4213, -1.5085 0.1286 2.4388, -1.5105 0.1288 2.4213, -1.5011 0.2003 2.4213, -1.4898 0.2715 2.4388, -1.4917 0.2718 2.4213, -1.4575 0.4118 2.4388, -1.4634 0.3948 2.4213, -1.4594 0.4124 2.4213, -1.412 0.5485 2.4388, -1.4139 0.5493 2.4213, -1.3993 0.5822 2.4213, -1.3537 0.6803 2.4388, -1.3555 0.6812 2.4213, -1.2832 0.8059 2.4388, -1.3114 0.7598 2.4213, -1.2849 0.807 2.4213, -1.2011 0.9242 2.4388, -1.2026 0.9254 2.4213, -1.1081 1.0342 2.4388, -1.1095 1.0356 2.4213, -1.0708 1.0734 2.4213, -1.005 1.1349 2.4388, -1.0063 1.1364 2.4213, -0.8929 1.2253 2.4388, -0.9221 1.2043 2.4213, -0.894 1.2269 2.4213, -0.7726 1.3046 2.4388, -0.7736 1.3063 2.4213, -0.7577 1.3148 2.4213, -0.6454 1.3722 2.4388, -0.6462 1.374 2.4213, -0.5796 1.4016 2.4213, -0.5123 1.4273 2.4388, -0.513 1.4292 2.4213, -0.3746 1.4696 2.4388, -0.3923 1.4662 2.4213, -0.3751 1.4715 2.4213, -0.2335 1.4985 2.4388, -0.2338 1.5005 2.4213, -0.1979 1.5044 2.4213, -0.0902 1.514 2.4388, -0.0903 1.5159 2.4213, 0.0538 1.5157 2.4388, -0.0002 1.517 2.4213, 0.0539 1.5177 2.4213, 0.1974 1.5037 2.4388, 0.1976 1.5057 2.4213, 0.3392 1.4782 2.4388, 0.3396 1.4801 2.4213, 0.3917 1.4655 2.4213, 0.4779 1.4393 2.4388, 0.4785 1.4411 2.4213, 0.6122 1.3873 2.4388, 0.5794 1.4021 2.4213, 0.613 1.3891 2.4213, 0.7411 1.3229 2.4388, 0.742 1.3246 2.4213, 0.7573 1.315 2.4213, 0.8632 1.2464 2.4388, 0.8643 1.2481 2.4213, 0.9215 1.2042 2.4213, 0.9775 1.1588 2.4388, 0.9787 1.1603 2.4213, 1.0829 1.0606 2.4388, 1.0711 1.0743 2.4213, 1.0843 1.062 2.4213, 1.1786 0.9529 2.4388, 1.1801 0.9541 2.4213, 1.2014 0.925 2.4213, 1.2635 0.8366 2.4388, 1.2652 0.8376 2.4213, 1.3371 0.7127 2.4388, 1.4003 0.5831 2.4213, 1.3985 0.5824 2.4388, 1.3388 0.7136 2.4213, 1.3112 0.7601 2.4213, 1.2587 0.8333 2.4554, 1.174 0.9492 2.4554, 1.0788 1.0565 2.4554, 0.9737 1.1543 2.4554, 0.8599 1.2417 2.4554, 0.7382 1.3178 2.4554, 0.6099 1.382 2.4554, 0.476 1.4337 2.4554, 0.3378 1.4725 2.4554, 0.1966 1.498 2.4554, 0.0536 1.5099 2.4554, -0.0899 1.5082 2.4554, -0.2326 1.4928 2.4554, -0.3731 1.4639 2.4554, -0.5103 1.4219 2.4554, -0.6429 1.3669 2.4554, -0.7696 1.2996 2.4554, -0.8894 1.2206 2.4554, -1.0011 1.1305 2.4554, -1.1038 1.0303 2.4554, -1.1965 0.9207 2.4554, -1.2783 0.8028 2.4554, -1.3485 0.6777 2.4554, -1.4066 0.5464 2.4554, -1.4519 0.4103 2.4554, -1.484 0.2704 2.4554, -1.5027 0.1281 2.4554, -1.5078 -0.0153 2.4554, -1.4993 -0.1585 2.4554, -1.4772 -0.3003 2.4554, 1.2508 0.8282 2.4704, 1.1667 0.9433 2.4704, 1.072 1.05 2.4704, 0.9677 1.1472 2.4704, 0.8545 1.234 2.4704, 0.7336 1.3096 2.4704, 0.6061 1.3734 2.4704, 0.4731 1.4248 2.4704, 0.3357 1.4634 2.4704, 0.1954 1.4887 2.4704, 0.0533 1.5005 2.4704, -0.0893 1.4988 2.4704, -0.2311 1.4835 2.4704, -0.3708 1.4549 2.4704, -0.5071 1.413 2.4704, -0.6389 1.3584 2.4704, -0.7649 1.2916 2.4704, -0.8839 1.213 2.4704, -0.9949 1.1235 2.4704, -1.0969 1.0239 2.4704, -1.189 0.915 2.4704, -1.2703 0.7978 2.4704, -1.3401 0.6735 2.4704, -1.3978 0.5431 2.4704, -1.4428 0.4077 2.4704, -1.4748 0.2688 2.4704, -1.4934 0.1274 2.4704, -1.4985 -0.0152 2.4704, -1.49 -0.1575 2.4704, -1.468 -0.2984 2.4704, 1.2404 0.8213 2.4828, 1.157 0.9355 2.4828, 1.0631 1.0413 2.4828, 0.9596 1.1376 2.4828, 0.8474 1.2237 2.4828, 0.7275 1.2987 2.4828, 0.601 1.362 2.4828, 0.4691 1.413 2.4828, 0.333 1.4512 2.4828, 0.1938 1.4763 2.4828, 0.0528 1.488 2.4828, -0.0886 1.4863 2.4828, -0.2292 1.4712 2.4828, -0.3677 1.4428 2.4828, -0.5029 1.4013 2.4828, -0.6336 1.3472 2.4828, -0.7585 1.2808 2.4828, -0.8765 1.203 2.4828, -0.9866 1.1142 2.4828, -1.0878 1.0154 2.4828, -1.1791 0.9074 2.4828, -1.2598 0.7912 2.4828, -1.329 0.6679 2.4828, -1.3862 0.5386 2.4828, -1.4308 0.4044 2.4828, -1.4625 0.2665 2.4828, -1.481 0.1263 2.4828, -1.486 -0.015 2.4828, -1.4776 -0.1562 2.4828, -1.4558 -0.2959 2.4828, 1.228 0.8131 2.4922, 1.1454 0.9262 2.4922, 1.0524 1.0308 2.4922, 0.95 1.1262 2.4922, 0.8389 1.2114 2.4922, 0.7202 1.2857 2.4922, 0.595 1.3484 2.4922, 0.4644 1.3988 2.4922, 0.3296 1.4367 2.4922, 0.1918 1.4615 2.4922, 0.0523 1.4731 2.4922, -0.0877 1.4714 2.4922, -0.2269 1.4565 2.4922, -0.364 1.4283 2.4922, -0.4979 1.3872 2.4922, -0.6272 1.3337 2.4922, -0.7509 1.268 2.4922, -0.8677 1.1909 2.4922, -0.9767 1.103 2.4922, -1.0769 1.0052 2.4922, -1.1673 0.8983 2.4922, -1.2471 0.7833 2.4922, -1.3156 0.6612 2.4922, -1.3723 0.5332 2.4922, -1.4165 0.4003 2.4922, -1.4478 0.2639 2.4922, -1.4661 0.1251 2.4922, -1.4711 -0.0148 2.4922, -1.4627 -0.1546 2.4922, -1.4411 -0.2929 2.4922, 1.2141 0.8039 2.498, 1.1324 0.9157 2.498, 1.0405 1.0192 2.498, 0.9392 1.1135 2.498, 0.8294 1.1978 2.498, 0.7121 1.2712 2.498, 0.5883 1.3331 2.498, 0.4592 1.383 2.498, 0.3259 1.4204 2.498, 0.1897 1.445 2.498, 0.0517 1.4565 2.498, -0.0867 1.4548 2.498, -0.2243 1.44 2.498, -0.3599 1.4122 2.498, -0.4922 1.3716 2.498, -0.6201 1.3186 2.498, -0.7424 1.2537 2.498, -0.8579 1.1775 2.498, -0.9657 1.0906 2.498, -1.0647 0.9939 2.498, -1.1541 0.8882 2.498, -1.233 0.7745 2.498, -1.3008 0.6538 2.498, -1.3567 0.5272 2.498, -1.4004 0.3958 2.498, -1.4315 0.2609 2.498, -1.4495 0.1237 2.498, -1.4544 -0.0146 2.498, -1.4462 -0.1528 2.498, -1.4248 -0.2896 2.498, -1.3906 -0.4237 2.498, -1.3437 -0.5539 2.4977, 1.3275 0.553 2.5, 1.2692 0.6767 2.5, 1.1995 0.7943 2.5, 1.1188 0.9047 2.5, 1.028 1.007 2.5, 0.9279 1.1001 2.5, 0.8194 1.1834 2.5, 0.7035 1.2559 2.5, 0.5812 1.3171 2.5, 0.4536 1.3664 2.5, 0.322 1.4034 2.5, 0.1874 1.4276 2.5, 0.0511 1.439 2.5, -0.0856 1.4373 2.5, -0.2216 1.4227 2.5, -0.3556 1.3952 2.5, -0.4863 1.3551 2.5, -0.6126 1.3028 2.5, -0.7334 1.2386 2.5, -0.8476 1.1633 2.5, -0.954 1.0775 2.5, -1.0519 0.9819 2.5, -1.1402 0.8775 2.5, -1.2182 0.7652 2.5, -1.2851 0.6459 2.5, -1.3404 0.5209 2.5, -1.3836 0.3911 2.5, -1.4142 0.2578 2.5, -1.432 0.1223 2.5, -1.4369 -0.0144 2.5, -1.4288 -0.1509 2.5, -1.4077 -0.286 2.5, -1.3738 -0.4185 2.5, -1.3275 -0.5472 2.5, -1.2692 -0.6709 2.5, 1.3933 0.4303 2.4973, -1.2872 -0.6805 2.4973, 1.4115 0.4358 2.4895, -1.304 -0.6894 2.4895, 1.4271 0.4406 2.4769, -1.3184 -0.697 2.4769, 1.439 0.4443 2.4606, -1.3295 -0.7029 2.4606, -1.3364 -0.7066 2.4416, 1.4491 0.4474 2.4213, 1.4465 0.4466 2.4416, 1.4625 0.395 2.4213, 1.4822 0.3071 2.4416, 1.4848 0.3076 2.4213, 1.5044 0.1648 2.4416, 1.5015 0.2007 2.4213, 1.507 0.1651 2.4213, 1.513 0.0211 2.4416, 1.5156 0.0211 2.4213, 1.515 0.0031 2.4213, 1.5078 -0.1228 2.4416, 1.5105 -0.123 2.4213, 1.5011 -0.1945 2.4213, 1.4891 -0.2656 2.4416, 1.4917 -0.266 2.4213, 1.4568 -0.4059 2.4416, 1.4634 -0.3891 2.4213, 1.4594 -0.4066 2.4213, 1.4113 -0.5425 2.4416, 1.4139 -0.5435 2.4213, 1.3993 -0.5765 2.4213, 1.3531 -0.6742 2.4416, 1.3555 -0.6754 2.4213, 1.2826 -0.7998 2.4416, 1.3114 -0.754 2.4213, 1.2849 -0.8012 2.4213, 1.2005 -0.9181 2.4416, 1.2026 -0.9197 2.4213, 1.1075 -1.028 2.4416, 1.1095 -1.0298 2.4213, 1.0708 -1.0676 2.4213, 1.0045 -1.1286 2.4416, 1.0063 -1.1306 2.4213, 0.8924 -1.219 2.4416, 0.9221 -1.1985 2.4213, 0.894 -1.2211 2.4213, 0.7722 -1.2983 2.4416, 0.7736 -1.3006 2.4213, 0.7577 -1.309 2.4213, 0.6451 -1.3658 2.4416, 0.6462 -1.3682 2.4213, 0.5796 -1.3958 2.4213, 0.512 -1.4209 2.4416, 0.513 -1.4234 2.4213, 0.3744 -1.4631 2.4416, 0.3923 -1.4604 2.4213, 0.3751 -1.4657 2.4213, 0.2333 -1.4921 2.4416, 0.2338 -1.4947 2.4213, 0.1979 -1.4986 2.4213, 0.0902 -1.5075 2.4416, 0.0903 -1.5102 2.4213, -0.0538 -1.5092 2.4416, 0.0002 -1.5113 2.4213, -0.0539 -1.5119 2.4213, -0.1973 -1.4973 2.4416, -0.1976 -1.4999 2.4213, -0.339 -1.4717 2.4416, -0.3396 -1.4743 2.4213, -0.3917 -1.4597 2.4213, -0.4776 -1.4328 2.4416, -0.4785 -1.4354 2.4213, -0.6119 -1.3809 2.4416, -0.5794 -1.3964 2.4213, -0.613 -1.3834 2.4213, -0.7407 -1.3165 2.4416, -0.742 -1.3188 2.4213, -0.7573 -1.3093 2.4213, -0.8628 -1.2401 2.4416, -0.8643 -1.2423 2.4213, -0.9215 -1.1984 2.4213, -0.977 -1.1525 2.4416, -0.9787 -1.1545 2.4213, -1.0824 -1.0544 2.4416, -1.0711 -1.0685 2.4213, -1.0843 -1.0562 2.4213, -1.178 -0.9467 2.4416, -1.1801 -0.9484 2.4213, -1.2014 -0.9193 2.4213, -1.2629 -0.8304 2.4416, -1.2652 -0.8319 2.4213, -1.3388 -0.7078 2.4213, -1.3112 -0.7543 2.4213, -1.2564 -0.8261 2.4606, -1.1719 -0.9417 2.4606, -1.0768 -1.0489 2.4606, -0.9719 -1.1465 2.4606, -0.8583 -1.2336 2.4606, -0.7369 -1.3096 2.4606, -0.6088 -1.3737 2.4606, -0.4751 -1.4254 2.4606, -0.3372 -1.4641 2.4606, -0.1963 -1.4895 2.4606, -0.0535 -1.5014 2.4606, 0.0897 -1.4996 2.4606, 0.2321 -1.4843 2.4606, 0.3724 -1.4555 2.4606, 0.5094 -1.4135 2.4606, 0.6417 -1.3587 2.4606, 0.7682 -1.2915 2.4606, 0.8878 -1.2126 2.4606, 0.9993 -1.1227 2.4606, 1.1018 -1.0226 2.4606, 1.1943 -0.9133 2.4606, 1.276 -0.7956 2.4606, 1.3461 -0.6707 2.4606, 1.404 -0.5397 2.4606, 1.4492 -0.4038 2.4606, 1.4813 -0.2642 2.4606, 1.5 -0.1222 2.4606, 1.5051 0.021 2.4606, 1.4966 0.164 2.4606, 1.4745 0.3055 2.4606, -1.2459 -0.8192 2.4769, -1.1621 -0.9339 2.4769, -1.0678 -1.0401 2.4769, -0.9639 -1.1369 2.4769, -0.8511 -1.2234 2.4769, -0.7307 -1.2987 2.4769, -0.6037 -1.3623 2.4769, -0.4712 -1.4135 2.4769, -0.3344 -1.4519 2.4769, -0.1946 -1.4771 2.4769, -0.0531 -1.4889 2.4769, 0.089 -1.4872 2.4769, 0.2302 -1.4719 2.4769, 0.3693 -1.4434 2.4769, 0.5052 -1.4017 2.4769, 0.6364 -1.3474 2.4769, 0.7618 -1.2807 2.4769, 0.8804 -1.2025 2.4769, 0.991 -1.1134 2.4769, 1.0926 -1.0141 2.4769, 1.1844 -0.9056 2.4769, 1.2653 -0.789 2.4769, 1.3349 -0.6651 2.4769, 1.3923 -0.5352 2.4769, 1.4372 -0.4004 2.4769, 1.469 -0.262 2.4769, 1.4875 -0.1211 2.4769, 1.4926 0.0208 2.4769, 1.4841 0.1626 2.4769, 1.4622 0.303 2.4769, -1.2323 -0.8102 2.4895, -1.1494 -0.9237 2.4895, -1.0562 -1.0287 2.4895, -0.9533 -1.1244 2.4895, -0.8418 -1.21 2.4895, -0.7227 -1.2845 2.4895, -0.5971 -1.3474 2.4895, -0.466 -1.398 2.4895, -0.3308 -1.436 2.4895, -0.1925 -1.4609 2.4895, -0.0525 -1.4726 2.4895, 0.088 -1.4709 2.4895, 0.2277 -1.4558 2.4895, 0.3653 -1.4276 2.4895, 0.4996 -1.3864 2.4895, 0.6294 -1.3326 2.4895, 0.7535 -1.2667 2.4895, 0.8708 -1.1893 2.4895, 0.9802 -1.1012 2.4895, 1.0807 -1.003 2.4895, 1.1714 -0.8957 2.4895, 1.2515 -0.7803 2.4895, 1.3203 -0.6578 2.4895, 1.3771 -0.5293 2.4895, 1.4215 -0.396 2.4895, 1.453 -0.2591 2.4895, 1.4713 -0.1198 2.4895, 1.4763 0.0207 2.4895, 1.4679 0.1609 2.4895, 1.4462 0.2997 2.4895, -1.2165 -0.7997 2.4973, -1.1347 -0.9117 2.4973, -1.0426 -1.0155 2.4973, -0.9411 -1.1099 2.4973, -0.831 -1.1944 2.4973, -0.7135 -1.2679 2.4973, -0.5894 -1.33 2.4973, -0.4601 -1.38 2.4973, -0.3265 -1.4175 2.4973, -0.19 -1.4421 2.4973, -0.0518 -1.4536 2.4973, 0.0869 -1.4519 2.4973, 0.2248 -1.4371 2.4973, 0.3606 -1.4092 2.4973, 0.4932 -1.3685 2.4973, 0.6213 -1.3154 2.4973, 0.7438 -1.2504 2.4973, 0.8596 -1.174 2.4973, 0.9676 -1.087 2.4973, 1.0668 -0.9901 2.4973, 1.1563 -0.8842 2.4973, 1.2354 -0.7702 2.4973, 1.3033 -0.6493 2.4973, 1.3594 -0.5225 2.4973, 1.4032 -0.3909 2.4973, 1.4343 -0.2557 2.4973, 1.4524 -0.1182 2.4973, 1.4573 0.0204 2.4973, 1.449 0.1589 2.4973, 1.4276 0.2959 2.4973, -1.1995 -0.7885 2.5, -1.1188 -0.8989 2.5, -1.028 -1.0012 2.5, -0.9279 -1.0944 2.5, -0.8194 -1.1776 2.5, -0.7035 -1.2502 2.5, -0.5812 -1.3114 2.5, -0.4536 -1.3607 2.5, -0.322 -1.3976 2.5, -0.1874 -1.4219 2.5, -0.0511 -1.4332 2.5, 0.0856 -1.4316 2.5, 0.2216 -1.4169 2.5, 0.3556 -1.3894 2.5, 0.4863 -1.3493 2.5, 0.6126 -1.297 2.5, 0.7334 -1.2329 2.5, 0.8476 -1.1576 2.5, 0.954 -1.0717 2.5, 1.0519 -0.9762 2.5, 1.1402 -0.8718 2.5, 1.2182 -0.7594 2.5, 1.2851 -0.6402 2.5, 1.3404 -0.5151 2.5, 1.3836 -0.3853 2.5, 1.4142 -0.2521 2.5, 1.432 -0.1165 2.5, 1.4369 0.0202 2.5, 1.4288 0.1567 2.5, 1.4077 0.2918 2.5, 1.3738 0.4243 2.5, -0.7577 0.1264 2.5, -0.7675 -0.015 2.5, -0.7512 -0.1557 2.5, -0.6619 0.3918 2.5, -0.7221 0.2635 2.5, 0.4768 -0.5989 2.5, 0.5792 -0.501 2.5, 0.6619 -0.386 2.5, 0.7221 -0.2577 2.5, 0.7577 -0.1206 2.5, 0.7675 0.0207 2.5, -0.4768 0.6046 2.5, -0.5792 0.5068 2.5, 0.0886 -0.7597 2.5, 0.2272 -0.7304 2.5, 0.3581 -0.6762 2.5, 0.7512 0.1614 2.5, -0.3581 0.682 2.5, -0.2272 0.7362 2.5, -0.7092 -0.291 2.5, -0.6432 -0.4163 2.5, -0.5552 -0.5274 2.5, -0.4483 -0.6204 2.5, -0.3261 -0.6921 2.5, -0.1929 -0.7402 2.5, -0.0531 -0.763 2.5, 0.7092 0.2968 2.5, 0.5552 0.5331 2.5, 0.4483 0.6261 2.5, 0.1929 0.746 2.5, 0.0531 0.7688 2.5, -0.0886 0.7655 2.5, 0.6432 0.4221 2.5, 0.3261 0.6979 2.5, 0.7092 0.2968 2.5984, 0.6432 0.4221 2.5984, 0.5552 0.5331 2.5984, 0.4483 0.6261 2.5984, 0.3261 0.6979 2.5984, 0.1929 0.746 2.5984, 0.0531 0.7688 2.5984, -0.0886 0.7655 2.5984, -0.2272 0.7362 2.5984, -0.3581 0.682 2.5984, -0.4768 0.6046 2.5984, -0.5792 0.5068 2.5984, -0.6619 0.3918 2.5984, -0.7221 0.2635 2.5984, -0.7577 0.1264 2.5984, -0.7675 -0.015 2.5984, -0.7512 -0.1557 2.5984, -0.7092 -0.291 2.5984, -0.6432 -0.4163 2.5984, -0.5552 -0.5274 2.5984, -0.4483 -0.6204 2.5984, -0.3261 -0.6921 2.5984, -0.1929 -0.7402 2.5984, -0.0531 -0.763 2.5984, 0.0886 -0.7597 2.5984, 0.2272 -0.7304 2.5984, 0.3581 -0.6762 2.5984, 0.4768 -0.5989 2.5984, 0.5792 -0.501 2.5984, 0.6619 -0.386 2.5984, 0.7221 -0.2577 2.5984, 0.7577 -0.1206 2.5984, 0.7675 0.0207 2.5984, 0.7512 0.1614 2.5984, 1.4532 -0.0978 2.5984, 1.1825 -0.8477 2.5984, 1.2885 0.6823 2.5984, 1.3914 0.434 2.5984, 1.3457 0.5605 2.5984, 1.4563 0.0367 2.5984, 1.447 0.171 2.5984, 1.4253 0.3037 2.5984, 1.0061 -1.0505 2.5984, 1.099 -0.9532 2.5984, 0.7954 -1.2175 2.5984, 0.9046 -1.1389 2.5984, 0.5576 -1.3429 2.5984, 0.6794 -1.2857 2.5984, -0.2343 -1.4348 2.5984, 0.4945 1.3731 2.5984, 0.7379 1.2589 2.5984, 0.6188 1.3216 2.5984, 0.9561 1.1019 2.5984, 0.8506 1.1854 2.5984, 1.2204 0.7983 2.5984, 1.1418 0.9075 2.5984, 1.0534 1.009 2.5984, 1.41 -0.3631 2.5984, 1.4377 -0.2314 2.5984, 1.256 -0.735 2.5984, 1.3187 -0.616 2.5984, 1.3702 -0.4916 2.5984, 0.3009 -1.4224 2.5984, 0.4311 -1.3886 2.5984, -0.1007 -1.4503 2.5984, 0.0338 -1.4534 2.5984, 0.1681 -1.4441 2.5984, -0.0338 1.4592 2.5984, 0.366 1.4128 2.5984, 0.2343 1.4406 2.5984, 0.1007 1.4561 2.5984, -0.7379 -1.2531 2.5984, -1.1418 -0.9017 2.5984, -1.2885 -0.6765 2.5984, -1.2204 -0.7925 2.5984, -1.3914 -0.4282 2.5984, -1.3457 -0.5548 2.5984, -0.6188 -1.3158 2.5984, -0.4945 -1.3673 2.5984, -0.366 -1.4071 2.5984, -1.0534 -1.0032 2.5984, -0.9561 -1.0961 2.5984, -0.8506 -1.1797 2.5984, -1.41 0.3689 2.5984, -1.3187 0.6217 2.5984, -1.3702 0.4974 2.5984, -1.447 -0.1652 2.5984, -1.4253 -0.298 2.5984, -1.4377 0.2372 2.5984, -1.4532 0.1036 2.5984, -1.4563 -0.031 2.5984, -0.5576 1.3486 2.5984, -0.1681 1.4498 2.5984, -0.3009 1.4282 2.5984, -0.4311 1.3943 2.5984, -1.1825 0.8535 2.5984, -1.256 0.7407 2.5984, -1.0061 1.0563 2.5984, -1.099 0.959 2.5984, -0.6794 1.2914 2.5984, -0.7954 1.2232 2.5984, -0.9046 1.1446 2.5984, 1.3964 0.8093 2.4409, 1.3523 0.8843 2.4409, 1.3478 0.8814 2.4817, 1.1403 1.1435 2.4409, 1.0595 1.2207 2.4409, 1.0559 1.2167 2.4817, 0.8067 1.4004 2.4409, 0.6857 1.4642 2.4409, 0.6835 1.4593 2.4817, 0.4174 1.5616 2.4409, 0.4055 1.5653 2.4409, 0.4042 1.5601 2.4817, 0.2103 1.6018 2.4409, 0.1116 1.6132 2.4409, 0.1112 1.6078 2.4817, -0.2108 1.6023 2.4409, -0.3334 1.5823 2.4409, -0.3323 1.577 2.4817, -0.8064 1.3992 2.4409, -0.8814 1.3552 2.4409, -0.8785 1.3507 2.4817, -1.1406 1.1432 2.4409, -1.2178 1.0623 2.4409, -1.2138 1.0588 2.4817, -1.3976 0.8095 2.4409, -1.4613 0.6886 2.4409, -1.4564 0.6863 2.4817, -1.4898 0.6197 2.4409, -1.5183 0.5509 2.4409, -1.5133 0.549 2.4817, -1.5587 0.4203 2.4409, -1.5624 0.4084 2.4409, -1.5572 0.4071 2.4817, -1.5989 0.2132 2.4409, -1.6103 0.1144 2.4409, -1.605 0.1141 2.4817, -1.5994 -0.2079 2.4409, -1.5794 -0.3305 2.4409, -1.5741 -0.3294 2.4817, -1.4304 -0.4403 2.5931, -1.4652 -0.3064 2.5931, -1.4667 -0.4515 2.5773, -1.5023 -0.3142 2.5773, -1.4978 -0.4612 2.5523, -1.5342 -0.321 2.5523, -1.5217 -0.4686 2.5197, -1.5587 -0.3261 2.5197, -1.5367 -0.4732 2.4817, -1.497 -0.0319 2.5931, -1.4939 0.1064 2.5931, -1.535 -0.0328 2.5773, -1.5318 0.109 2.5773, -1.5676 -0.0336 2.5523, -1.5643 0.1112 2.5523, -1.5926 -0.0341 2.5197, -1.5893 0.113 2.5197, -1.6084 -0.0345 2.4817, -1.2156 0.8773 2.5931, -1.1298 0.9857 2.5931, -1.2465 0.8995 2.5773, -1.1584 1.0107 2.5773, -1.2729 0.9185 2.5523, -1.183 1.0321 2.5523, -1.2933 0.9331 2.5197, -1.2019 1.0485 2.5197, -1.306 0.9423 2.4817, -0.9299 1.1766 2.5931, -0.8177 1.2574 2.5931, -0.9535 1.2064 2.5773, -0.8384 1.2892 2.5773, -0.9738 1.2319 2.5523, -0.8562 1.3165 2.5523, -0.9893 1.2515 2.5197, -0.8699 1.3375 2.5197, -0.9991 1.2639 2.4817, -0.4431 1.4333 2.5931, -0.3093 1.468 2.5931, -0.4544 1.4695 2.5773, -0.3171 1.5052 2.5773, -0.464 1.5007 2.5523, -0.3239 1.5371 2.5523, -0.4714 1.5246 2.5197, -0.329 1.5616 2.5197, -0.4761 1.5396 2.4817, -0.0348 1.4999 2.5931, 0.1035 1.4968 2.5931, -0.0357 1.5379 2.5773, 0.1061 1.5346 2.5773, -0.0364 1.5705 2.5523, 0.1084 1.5672 2.5523, -0.037 1.5955 2.5197, 0.1101 1.5921 2.5197, -0.0374 1.6113 2.4817, 0.5084 1.4114 2.5931, 0.6361 1.3585 2.5931, 0.5212 1.4471 2.5773, 0.6523 1.3929 2.5773, 0.5323 1.4778 2.5523, 0.6661 1.4224 2.5523, 0.5408 1.5013 2.5197, 0.6768 1.4451 2.5197, 0.5462 1.5161 2.4817, 0.8744 1.2185 2.5931, 0.9828 1.1327 2.5931, 0.8966 1.2494 2.5773, 1.0078 1.1613 2.5773, 0.9156 1.2758 2.5523, 1.0292 1.1859 2.5523, 0.9302 1.2961 2.5197, 1.0456 1.2048 2.5197, 0.9394 1.3089 2.4817, 1.1737 0.9328 2.5931, 1.2545 0.8206 2.5931, 1.2035 0.9564 2.5773, 1.2863 0.8413 2.5773, 1.229 0.9767 2.5523, 1.3136 0.8591 2.5523, 1.2487 0.9922 2.5197, 1.3346 0.8728 2.5197, 1.261 1.002 2.4817, -1.3834 -0.5704 2.5931, -1.4185 -0.5849 2.5773, -1.4486 -0.5974 2.5523, -1.4717 -0.607 2.5197, -1.4863 -0.613 2.4817, -1.4912 -0.615 2.4409, -1.5419 -0.4748 2.4409, -1.5575 -0.4147 2.4409, -1.6034 -0.1834 2.4409, -1.5981 -0.1827 2.4817, -1.5824 -0.1809 2.5197, -1.5576 -0.178 2.5523, -1.5252 -0.1743 2.5773, -1.4875 -0.1699 2.5931, -1.6137 -0.0346 2.4409, -1.6129 0.0026 2.4409, -1.5932 0.2625 2.4409, -1.5879 0.2617 2.4817, -1.5723 0.2591 2.5197, -1.5476 0.2551 2.5523, -1.5154 0.2499 2.5773, -1.478 0.2438 2.5931, -1.4494 0.3791 2.5931, -1.4862 0.3886 2.5773, -1.5178 0.3968 2.5523, -1.542 0.4031 2.5197, -1.4985 0.5437 2.5197, -1.4749 0.5352 2.5523, -1.4442 0.5241 2.5773, -1.4085 0.5112 2.5931, -1.4422 0.6797 2.5197, -1.4195 0.669 2.5523, -1.39 0.6552 2.5773, -1.3556 0.639 2.5931, -1.3918 0.8205 2.4409, -1.3871 0.8178 2.4817, -1.3736 0.8098 2.5197, -1.352 0.7972 2.5523, -1.3239 0.7806 2.5773, -1.2911 0.7614 2.5931, -1.3104 0.9454 2.4409, -1.2795 0.9844 2.4409, -1.1149 1.1702 2.4409, -1.1112 1.1663 2.4817, -1.1003 1.1549 2.5197, -1.083 1.1368 2.5523, -1.0605 1.1132 2.5773, -1.0343 1.0858 2.5931, -1.0024 1.2681 2.4409, -0.9823 1.2826 2.4409, -0.7529 1.4307 2.4409, -0.7504 1.426 2.4817, -0.743 1.4121 2.5197, -0.7314 1.3899 2.5523, -0.7162 1.3611 2.5773, -0.6984 1.3275 2.5931, -0.5732 1.3863 2.5931, -0.5878 1.4214 2.5773, -0.6003 1.4515 2.5523, -0.6098 1.4746 2.5197, -0.6159 1.4891 2.4817, -0.6179 1.4941 2.4409, -0.4777 1.5448 2.4409, -0.4176 1.5604 2.4409, -0.1862 1.6063 2.4409, -0.1856 1.6009 2.4817, -0.1838 1.5853 2.5197, -0.1809 1.5605 2.5523, -0.1772 1.5281 2.5773, -0.1728 1.4903 2.5931, -0.0375 1.6166 2.4409, -0.0002 1.6158 2.4409, 0.2597 1.596 2.4409, 0.2588 1.5907 2.4817, 0.2563 1.5752 2.5197, 0.2522 1.5505 2.5523, 0.247 1.5183 2.5773, 0.2409 1.4808 2.5931, 0.3762 1.4523 2.5931, 0.3858 1.4891 2.5773, 0.394 1.5206 2.5523, 0.4002 1.5449 2.5197, 0.548 1.5212 2.4409, 0.6169 1.4927 2.4409, 0.8176 1.3947 2.4409, 0.8149 1.39 2.4817, 0.807 1.3765 2.5197, 0.7943 1.3549 2.5523, 0.7778 1.3268 2.5773, 0.7585 1.294 2.5931, 0.9426 1.3133 2.4409, 0.9815 1.2824 2.4409, 1.1673 1.1178 2.4409, 1.1634 1.1141 2.4817, 1.152 1.1032 2.5197, 1.1339 1.0859 2.5523, 1.1104 1.0634 2.5773, 1.0829 1.0371 2.5931, 1.2652 1.0053 2.4409, 1.2797 0.9851 2.4409, 1.4278 0.7558 2.4409, 1.4231 0.7533 2.4817, 1.4092 0.7459 2.5197, 1.387 0.7342 2.5523, 1.3582 0.719 2.5773, 1.3246 0.7013 2.5931, 1.3834 0.5761 2.5931, 1.4185 0.5907 2.5773, 1.4486 0.6031 2.5523, 1.4717 0.6127 2.5197, 1.4863 0.6187 2.4817, 1.4912 0.6208 2.4409, -1.3964 -0.8035 2.4409, -1.3523 -0.8785 2.4409, -1.3478 -0.8756 2.4817, -1.1403 -1.1377 2.4409, -1.0595 -1.215 2.4409, -1.0559 -1.2109 2.4817, -0.8067 -1.3947 2.4409, -0.6857 -1.4584 2.4409, -0.6835 -1.4535 2.4817, -0.6169 -1.4869 2.4409, -0.548 -1.5154 2.4409, -0.5462 -1.5104 2.4817, -0.4174 -1.5558 2.4409, -0.4055 -1.5595 2.4409, -0.4042 -1.5543 2.4817, -0.2103 -1.596 2.4409, -0.1116 -1.6074 2.4409, -0.1112 -1.6021 2.4817, 0.2108 -1.5965 2.4409, 0.3334 -1.5765 2.4409, 0.3323 -1.5712 2.4817, 0.8064 -1.3935 2.4409, 0.8814 -1.3494 2.4409, 0.8785 -1.3449 2.4817, 1.1406 -1.1375 2.4409, 1.2178 -1.0566 2.4409, 1.2138 -1.053 2.4817, 1.3976 -0.8038 2.4409, 1.4613 -0.6829 2.4409, 1.4564 -0.6806 2.4817, 1.4898 -0.614 2.4409, 1.5183 -0.5451 2.4409, 1.5133 -0.5433 2.4817, 1.5587 -0.4145 2.4409, 1.5624 -0.4027 2.4409, 1.5572 -0.4013 2.4817, 1.5989 -0.2074 2.4409, 1.6103 -0.1087 2.4409, 1.605 -0.1083 2.4817, 1.5994 0.2136 2.4409, 1.5794 0.3363 2.4409, 1.5741 0.3352 2.4817, 1.4304 0.446 2.5931, 1.4652 0.3122 2.5931, 1.4667 0.4573 2.5773, 1.5023 0.32 2.5773, 1.4978 0.4669 2.5523, 1.5342 0.3267 2.5523, 1.5217 0.4743 2.5197, 1.5587 0.3319 2.5197, 1.5367 0.479 2.4817, 1.497 0.0377 2.5931, 1.4939 -0.1006 2.5931, 1.535 0.0386 2.5773, 1.5318 -0.1032 2.5773, 1.5676 0.0393 2.5523, 1.5643 -0.1055 2.5523, 1.5926 0.0399 2.5197, 1.5893 -0.1072 2.5197, 1.6084 0.0403 2.4817, 1.2156 -0.8715 2.5931, 1.1298 -0.98 2.5931, 1.2465 -0.8937 2.5773, 1.1584 -1.0049 2.5773, 1.2729 -0.9128 2.5523, 1.183 -1.0263 2.5523, 1.2933 -0.9274 2.5197, 1.2019 -1.0427 2.5197, 1.306 -0.9366 2.4817, 0.9299 -1.1708 2.5931, 0.8177 -1.2516 2.5931, 0.9535 -1.2006 2.5773, 0.8384 -1.2834 2.5773, 0.9738 -1.2262 2.5523, 0.8562 -1.3108 2.5523, 0.9893 -1.2458 2.5197, 0.8699 -1.3317 2.5197, 0.9991 -1.2581 2.4817, 0.4431 -1.4275 2.5931, 0.3093 -1.4623 2.5931, 0.4544 -1.4638 2.5773, 0.3171 -1.4994 2.5773, 0.464 -1.4949 2.5523, 0.3239 -1.5314 2.5523, 0.4714 -1.5188 2.5197, 0.329 -1.5558 2.5197, 0.4761 -1.5339 2.4817, 0.0348 -1.4942 2.5931, -0.1035 -1.491 2.5931, 0.0357 -1.5321 2.5773, -0.1061 -1.5289 2.5773, 0.0364 -1.5647 2.5523, -0.1084 -1.5614 2.5523, 0.037 -1.5898 2.5197, -0.1101 -1.5864 2.5197, 0.0374 -1.6055 2.4817, -0.8744 -1.2128 2.5931, -0.9828 -1.1269 2.5931, -0.8966 -1.2436 2.5773, -1.0078 -1.1555 2.5773, -0.9156 -1.2701 2.5523, -1.0292 -1.1802 2.5523, -0.9302 -1.2904 2.5197, -1.0456 -1.199 2.5197, -0.9394 -1.3032 2.4817, -1.1737 -0.9271 2.5931, -1.2545 -0.8148 2.5931, -1.2035 -0.9506 2.5773, -1.2863 -0.8355 2.5773, -1.229 -0.9709 2.5523, -1.3136 -0.8533 2.5523, -1.2487 -0.9864 2.5197, -1.3346 -0.867 2.5197, -1.261 -0.9962 2.4817, 1.5419 0.4806 2.4409, 1.5575 0.4205 2.4409, 1.6034 0.1891 2.4409, 1.5981 0.1885 2.4817, 1.5824 0.1867 2.5197, 1.5576 0.1838 2.5523, 1.5252 0.18 2.5773, 1.4875 0.1757 2.5931, 1.6137 0.0404 2.4409, 1.6129 0.0031 2.4409, 1.5932 -0.2568 2.4409, 1.5879 -0.2559 2.4817, 1.5723 -0.2534 2.5197, 1.5476 -0.2494 2.5523, 1.5154 -0.2441 2.5773, 1.478 -0.238 2.5931, 1.4494 -0.3733 2.5931, 1.4862 -0.3829 2.5773, 1.5178 -0.3911 2.5523, 1.542 -0.3974 2.5197, 1.4985 -0.5379 2.5197, 1.4749 -0.5294 2.5523, 1.4442 -0.5184 2.5773, 1.4085 -0.5055 2.5931, 1.4422 -0.6739 2.5197, 1.4195 -0.6633 2.5523, 1.39 -0.6494 2.5773, 1.3556 -0.6333 2.5931, 1.3918 -0.8148 2.4409, 1.3871 -0.812 2.4817, 1.3736 -0.8041 2.5197, 1.352 -0.7914 2.5523, 1.3239 -0.7749 2.5773, 1.2911 -0.7556 2.5931, 1.3104 -0.9397 2.4409, 1.2795 -0.9786 2.4409, 1.1149 -1.1644 2.4409, 1.1112 -1.1605 2.4817, 1.1003 -1.1492 2.5197, 1.083 -1.1311 2.5523, 1.0605 -1.1075 2.5773, 1.0343 -1.08 2.5931, 1.0024 -1.2623 2.4409, 0.9823 -1.2768 2.4409, 0.7529 -1.425 2.4409, 0.7504 -1.4202 2.4817, 0.743 -1.4063 2.5197, 0.7314 -1.3842 2.5523, 0.7162 -1.3553 2.5773, 0.6984 -1.3217 2.5931, 0.5732 -1.3805 2.5931, 0.5878 -1.4156 2.5773, 0.6003 -1.4457 2.5523, 0.6098 -1.4688 2.5197, 0.6159 -1.4834 2.4817, 0.6179 -1.4883 2.4409, 0.4777 -1.539 2.4409, 0.4176 -1.5546 2.4409, 0.1862 -1.6005 2.4409, 0.1856 -1.5952 2.4817, 0.1838 -1.5796 2.5197, 0.1809 -1.5547 2.5523, 0.1772 -1.5223 2.5773, 0.1728 -1.4846 2.5931, 0.0375 -1.6109 2.4409, 0.0002 -1.61 2.4409, -0.2597 -1.5903 2.4409, -0.2588 -1.585 2.4817, -0.2563 -1.5694 2.5197, -0.2522 -1.5447 2.5523, -0.247 -1.5126 2.5773, -0.2409 -1.4751 2.5931, -0.3762 -1.4465 2.5931, -0.3858 -1.4833 2.5773, -0.394 -1.5149 2.5523, -0.4002 -1.5391 2.5197, -0.5408 -1.4956 2.5197, -0.5323 -1.472 2.5523, -0.5212 -1.4414 2.5773, -0.5084 -1.4056 2.5931, -0.6768 -1.4393 2.5197, -0.6661 -1.4166 2.5523, -0.6523 -1.3871 2.5773, -0.6361 -1.3527 2.5931, -0.8176 -1.3889 2.4409, -0.8149 -1.3843 2.4817, -0.807 -1.3707 2.5197, -0.7943 -1.3491 2.5523, -0.7778 -1.321 2.5773, -0.7585 -1.2882 2.5931, -0.9426 -1.3075 2.4409, -0.9815 -1.2767 2.4409, -1.1673 -1.112 2.4409, -1.1634 -1.1083 2.4817, -1.152 -1.0974 2.5197, -1.1339 -1.0801 2.5523, -1.1104 -1.0576 2.5773, -1.0829 -1.0314 2.5931, -1.2652 -0.9995 2.4409, -1.2797 -0.9794 2.4409, -1.4278 -0.75 2.4409, -1.4231 -0.7475 2.4817, -1.4092 -0.7402 2.5197, -1.387 -0.7285 2.5523, -1.3582 -0.7133 2.5773, -1.3246 -0.6956 2.5931, 0.1269 -1.6063 0.3346, 0.2107 -1.5959 0.3346, 1.4912 0.6208 0.3346, 1.5406 0.4846 0.3346, 1.5576 0.4205 0.3346, 1.5776 0.3446 0.3346, 1.5998 0.2137 0.3346, 1.6019 0.2018 0.3346, 1.6133 0.0574 0.3346, 1.6126 0.0031 0.3346, 1.6116 -0.0874 0.3346, 1.5995 -0.2075 0.3346, 1.5971 -0.2315 0.3346, 1.5696 -0.3737 0.3346, 1.5579 -0.4143 0.3346, 1.5295 -0.5129 0.3346, 1.4902 -0.6142 0.3346, 1.4772 -0.6479 0.3346, 1.4129 -0.7777 0.3346, 1.3971 -0.8035 0.3346, 1.3372 -0.9012 0.3346, 1.2796 -0.9787 0.3346, 1.2508 -1.0175 0.3346, 1.1543 -1.1255 0.3346, 1.1411 -1.1378 0.3346, 1.0485 -1.2244 0.3346, 0.9818 -1.2763 0.3346, 0.9343 -1.3134 0.3346, 0.8125 -1.3919 0.3346, 0.8072 -1.3947 0.3346, 0.6842 -1.4591 0.3346, 0.4179 -1.556 0.3346, 0.5504 -1.5146 0.3346, 0.6173 -1.4868 0.3346, 0.2706 -1.5884 0.3346, 0.4122 -1.5578 0.3346, 0.0002 -1.6106 0.3346, -0.0179 -1.6112 0.3346, -0.1625 -1.6031 0.3346, -0.2103 -1.5961 0.3346, -0.3058 -1.5821 0.3346, -0.4173 -1.5553 0.3346, -0.4466 -1.5483 0.3346, -0.5839 -1.502 0.3346, -0.617 -1.4874 0.3346, -0.7164 -1.4436 0.3346, -0.8062 -1.394 0.3346, -0.8432 -1.3735 0.3346, -0.9632 -1.2924 0.3346, -0.9819 -1.2772 0.3346, -1.0754 -1.2009 0.3346, -1.1402 -1.1376 0.3346, -1.179 -1.0996 0.3346, -1.2731 -0.9895 0.3346, -1.4912 -0.615 0.3346, -1.4298 -0.7462 0.3346, -1.3964 -0.8036 0.3346, -1.3569 -0.8714 0.3346, -1.2801 -0.9797 0.3346, 0.3058 1.5878 0.3346, 0.2103 1.6018 0.3346, -0.8125 1.3977 0.3346, -0.8072 1.4005 0.3346, -1.5406 -0.4789 0.3346, -1.5576 -0.4147 0.3346, -1.5776 -0.3388 0.3346, -1.5998 -0.2079 0.3346, -1.6019 -0.1961 0.3346, -1.6133 -0.0517 0.3346, -1.6126 0.0026 0.3346, -1.6116 0.0932 0.3346, -1.5995 0.2133 0.3346, -1.5971 0.2373 0.3346, -1.5696 0.3795 0.3346, -1.5579 0.4201 0.3346, -1.5295 0.5187 0.3346, -1.4902 0.62 0.3346, -1.4772 0.6537 0.3346, -1.4129 0.7835 0.3346, -1.3971 0.8092 0.3346, -1.3372 0.907 0.3346, -1.2796 0.9845 0.3346, -1.2508 1.0232 0.3346, -1.1543 1.1312 0.3346, -1.1411 1.1436 0.3346, -1.0485 1.2302 0.3346, -0.9818 1.2821 0.3346, -0.9343 1.3192 0.3346, -0.6842 1.4649 0.3346, 0.1625 1.6089 0.3346, 0.0179 1.617 0.3346, -0.0002 1.6163 0.3346, -0.1269 1.6121 0.3346, -0.2107 1.6016 0.3346, -0.2706 1.5942 0.3346, -0.4122 1.5635 0.3346, -0.4179 1.5617 0.3346, -0.5504 1.5203 0.3346, -0.6173 1.4926 0.3346, 0.4173 1.5611 0.3346, 0.4466 1.554 0.3346, 0.5839 1.5077 0.3346, 0.617 1.4932 0.3346, 0.7164 1.4493 0.3346, 0.8062 1.3997 0.3346, 0.9632 1.2982 0.3346, 0.8432 1.3793 0.3346, 1.4298 0.752 0.3346, 1.3964 0.8093 0.3346, 1.3569 0.8771 0.3346, 1.2801 0.9854 0.3346, 1.2731 0.9953 0.3346, 1.179 1.1054 0.3346, 1.1402 1.1433 0.3346, 1.0754 1.2066 0.3346, 0.9819 1.2829 0.3346, -1.5432 -0.4797 0.3143, -1.4937 -0.6161 0.3143, -1.5802 -0.3394 0.3143, -1.6045 -0.1964 0.3143, -1.6159 -0.0518 0.3143, -1.6143 0.0933 0.3143, -1.5997 0.2377 0.3143, -1.5722 0.3801 0.3143, -1.5321 0.5195 0.3143, -1.4796 0.6548 0.3143, -1.4152 0.7848 0.3143, -1.3394 0.9085 0.3143, -1.2529 1.0249 0.3143, -1.1562 1.1331 0.3143, -1.0502 1.2322 0.3143, -0.9358 1.3214 0.3143, -0.8138 1.4 0.3143, -0.5513 1.5228 0.3143, -0.6853 1.4673 0.3143, -0.4128 1.5661 0.3143, -0.2711 1.5969 0.3143, -0.1271 1.6147 0.3143, 0.0179 1.6196 0.3143, 0.1628 1.6115 0.3143, 0.3063 1.5905 0.3143, 0.4474 1.5566 0.3143, 0.5849 1.5102 0.3143, 0.7176 1.4518 0.3143, 0.8446 1.3816 0.3143, 0.9648 1.3003 0.3143, 1.0772 1.2086 0.3143, 1.181 1.1072 0.3143, 1.2752 0.9969 0.3143, 1.3592 0.8786 0.3143, 1.4937 0.6218 0.3143, 1.4322 0.7532 0.3143, 1.501 0.6248 0.2953, 1.4392 0.7569 0.2953, 1.3658 0.8829 0.2953, 1.2814 1.0017 0.2953, 1.1867 1.1126 0.2953, 1.0825 1.2145 0.2953, 0.9695 1.3066 0.2953, 0.8487 1.3883 0.2953, 0.7211 1.4588 0.2953, 0.5877 1.5176 0.2953, 0.4496 1.5642 0.2953, 0.3078 1.5982 0.2953, 0.1636 1.6193 0.2953, 0.018 1.6275 0.2953, -0.1277 1.6226 0.2953, -0.2724 1.6046 0.2953, -0.4149 1.5737 0.2953, -0.554 1.5302 0.2953, -0.6887 1.4744 0.2953, -0.8178 1.4068 0.2953, -0.9404 1.3278 0.2953, -1.0553 1.2382 0.2953, -1.1618 1.1386 0.2953, -1.259 1.0299 0.2953, -1.3459 0.9129 0.2953, -1.4221 0.7886 0.2953, -1.4868 0.658 0.2953, -1.5395 0.522 0.2953, -1.5799 0.382 0.2953, -1.6075 0.2388 0.2953, -1.6222 0.0938 0.2953, -1.6238 -0.052 0.2953, -1.6123 -0.1974 0.2953, -1.5879 -0.3411 0.2953, -1.5507 -0.482 0.2953, -1.501 -0.6191 0.2953, 1.5125 0.6296 0.279, 1.4503 0.7627 0.279, 1.3763 0.8896 0.279, 1.2913 1.0094 0.279, 1.1959 1.1211 0.279, 1.0908 1.2238 0.279, 0.977 1.3167 0.279, 0.8553 1.399 0.279, 0.7267 1.47 0.279, 0.5922 1.5292 0.279, 0.453 1.5762 0.279, 0.3102 1.6105 0.279, 0.1648 1.6318 0.279, 0.0181 1.64 0.279, -0.1287 1.6351 0.279, -0.2745 1.6169 0.279, -0.418 1.5858 0.279, -0.5583 1.542 0.279, -0.694 1.4858 0.279, -0.8241 1.4176 0.279, -0.9476 1.338 0.279, -1.0635 1.2477 0.279, -1.1708 1.1474 0.279, -1.2686 1.0378 0.279, -1.3563 0.9199 0.279, -1.4331 0.7946 0.279, -1.4983 0.663 0.279, -1.5514 0.526 0.279, -1.5921 0.3849 0.279, -1.6199 0.2406 0.279, -1.6347 0.0945 0.279, -1.6363 -0.0524 0.279, -1.6248 -0.1989 0.279, -1.6001 -0.3437 0.279, -1.5626 -0.4858 0.279, -1.5125 -0.6239 0.279, 1.5276 0.6359 0.2665, 1.4647 0.7703 0.2665, 1.39 0.8985 0.2665, 1.3041 1.0195 0.2665, 1.2078 1.1323 0.2665, 1.1017 1.236 0.2665, 0.9867 1.3298 0.2665, 0.8638 1.4129 0.2665, 0.7339 1.4846 0.2665, 0.5981 1.5445 0.2665, 0.4575 1.5919 0.2665, 0.3133 1.6265 0.2665, 0.1665 1.648 0.2665, 0.0183 1.6563 0.2665, -0.13 1.6513 0.2665, -0.2772 1.633 0.2665, -0.4222 1.6016 0.2665, -0.5638 1.5573 0.2665, -0.7009 1.5005 0.2665, -0.8323 1.4317 0.2665, -0.957 1.3513 0.2665, -1.0741 1.2601 0.2665, -1.1824 1.1588 0.2665, -1.2813 1.0481 0.2665, -1.3698 0.9291 0.2665, -1.4473 0.8025 0.2665, -1.5132 0.6696 0.2665, -1.5669 0.5313 0.2665, -1.6079 0.3887 0.2665, -1.636 0.243 0.2665, -1.651 0.0954 0.2665, -1.6526 -0.053 0.2665, -1.6409 -0.2009 0.2665, -1.6161 -0.3472 0.2665, -1.5782 -0.4906 0.2665, -1.5276 -0.6301 0.2665, 1.5451 0.6431 0.2586, 1.4815 0.7791 0.2586, 1.406 0.9087 0.2586, 1.3191 1.0311 0.2586, 1.2216 1.1452 0.2586, 1.1143 1.2501 0.2586, 0.998 1.345 0.2586, 0.8737 1.4291 0.2586, 0.7423 1.5016 0.2586, 0.605 1.5622 0.2586, 0.4628 1.6101 0.2586, 0.3169 1.6451 0.2586, 0.1684 1.6669 0.2586, 0.0185 1.6753 0.2586, -0.1315 1.6702 0.2586, -0.2804 1.6517 0.2586, -0.4271 1.62 0.2586, -0.5703 1.5752 0.2586, -0.7089 1.5177 0.2586, -0.8419 1.4481 0.2586, -0.968 1.3668 0.2586, -1.0864 1.2745 0.2586, -1.196 1.172 0.2586, -1.296 1.0601 0.2586, -1.3856 0.9397 0.2586, -1.464 0.8117 0.2586, -1.5306 0.6772 0.2586, -1.5848 0.5373 0.2586, -1.6264 0.3931 0.2586, -1.6548 0.2457 0.2586, -1.6699 0.0964 0.2586, -1.6716 -0.0536 0.2586, -1.6598 -0.2032 0.2586, -1.6346 -0.3512 0.2586, -1.5963 -0.4963 0.2586, -1.5451 -0.6374 0.2586, 1.564 0.6509 0.2559, 1.4996 0.7885 0.2559, 1.4231 0.9198 0.2559, 1.3352 1.0437 0.2559, 1.2365 1.1592 0.2559, 1.1279 1.2653 0.2559, 1.0102 1.3614 0.2559, 0.8843 1.4464 0.2559, 0.7514 1.5199 0.2559, 0.6124 1.5812 0.2559, 0.4684 1.6297 0.2559, 0.3207 1.6651 0.2559, 0.1704 1.6872 0.2559, 0.0188 1.6957 0.2559, -0.1331 1.6906 0.2559, -0.2838 1.6718 0.2559, -0.4323 1.6397 0.2559, -0.5772 1.5943 0.2559, -0.7176 1.5362 0.2559, -0.8521 1.4657 0.2559, -0.9798 1.3834 0.2559, -1.0996 1.29 0.2559, -1.2106 1.1863 0.2559, -1.3118 1.073 0.2559, -1.4024 0.9511 0.2559, -1.4818 0.8216 0.2559, -1.5492 0.6855 0.2559, -1.6042 0.5438 0.2559, -1.6462 0.3979 0.2559, -1.675 0.2487 0.2559, -1.6903 0.0976 0.2559, -1.6919 -0.0543 0.2559, -1.68 -0.2058 0.2559, -1.6545 -0.3555 0.2559, -1.6158 -0.5024 0.2559, -1.564 -0.6452 0.2559, 1.5432 0.4854 0.3143, 1.5802 0.3452 0.3143, 1.6045 0.2021 0.3143, 1.6159 0.0575 0.3143, 1.6143 -0.0876 0.3143, 1.5997 -0.2319 0.3143, 1.5722 -0.3744 0.3143, 1.5321 -0.5138 0.3143, 1.4796 -0.649 0.3143, 1.4152 -0.779 0.3143, 1.3394 -0.9027 0.3143, 1.2529 -1.0192 0.3143, 1.1562 -1.1274 0.3143, 1.0502 -1.2264 0.3143, 0.9358 -1.3156 0.3143, 0.8138 -1.3942 0.3143, 0.6853 -1.4615 0.3143, 0.5513 -1.5171 0.3143, 0.4128 -1.5604 0.3143, 0.2711 -1.5911 0.3143, 0.1271 -1.609 0.3143, -0.0179 -1.6139 0.3143, -0.1628 -1.6058 0.3143, -0.3063 -1.5847 0.3143, -0.4474 -1.5508 0.3143, -0.5849 -1.5045 0.3143, -0.7176 -1.446 0.3143, -0.8446 -1.3758 0.3143, -0.9648 -1.2946 0.3143, -1.0772 -1.2029 0.3143, -1.181 -1.1014 0.3143, -1.2752 -0.9911 0.3143, -1.3592 -0.8728 0.3143, -1.4322 -0.7475 0.3143, -1.4392 -0.7511 0.2953, -1.3658 -0.8771 0.2953, -1.2814 -0.996 0.2953, -1.1867 -1.1068 0.2953, -1.0825 -1.2087 0.2953, -0.9695 -1.3009 0.2953, -0.8487 -1.3825 0.2953, -0.7211 -1.453 0.2953, -0.5877 -1.5118 0.2953, -0.4496 -1.5584 0.2953, -0.3078 -1.5924 0.2953, -0.1636 -1.6136 0.2953, -0.018 -1.6217 0.2953, 0.1277 -1.6168 0.2953, 0.2724 -1.5988 0.2953, 0.4149 -1.568 0.2953, 0.554 -1.5245 0.2953, 0.6887 -1.4687 0.2953, 0.8178 -1.401 0.2953, 0.9404 -1.3221 0.2953, 1.0553 -1.2324 0.2953, 1.1618 -1.1329 0.2953, 1.259 -1.0241 0.2953, 1.3459 -0.9071 0.2953, 1.4221 -0.7828 0.2953, 1.4868 -0.6522 0.2953, 1.5395 -0.5163 0.2953, 1.5799 -0.3762 0.2953, 1.6075 -0.233 0.2953, 1.6222 -0.088 0.2953, 1.6238 0.0578 0.2953, 1.6123 0.2031 0.2953, 1.5879 0.3468 0.2953, 1.5507 0.4878 0.2953, -1.4503 -0.7569 0.279, -1.3763 -0.8839 0.279, -1.2913 -1.0037 0.279, -1.1959 -1.1154 0.279, -1.0908 -1.2181 0.279, -0.977 -1.3109 0.279, -0.8553 -1.3932 0.279, -0.7267 -1.4643 0.279, -0.5922 -1.5235 0.279, -0.453 -1.5704 0.279, -0.3102 -1.6047 0.279, -0.1648 -1.626 0.279, -0.0181 -1.6343 0.279, 0.1287 -1.6293 0.279, 0.2745 -1.6112 0.279, 0.418 -1.5801 0.279, 0.5583 -1.5362 0.279, 0.694 -1.48 0.279, 0.8241 -1.4118 0.279, 0.9476 -1.3323 0.279, 1.0635 -1.2419 0.279, 1.1708 -1.1416 0.279, 1.2686 -1.032 0.279, 1.3563 -0.9142 0.279, 1.4331 -0.7889 0.279, 1.4983 -0.6572 0.279, 1.5514 -0.5203 0.279, 1.5921 -0.3791 0.279, 1.6199 -0.2349 0.279, 1.6347 -0.0887 0.279, 1.6363 0.0582 0.279, 1.6248 0.2047 0.279, 1.6001 0.3495 0.279, 1.5626 0.4915 0.279, -1.4647 -0.7645 0.2665, -1.39 -0.8927 0.2665, -1.3041 -1.0137 0.2665, -1.2078 -1.1265 0.2665, -1.1017 -1.2302 0.2665, -0.9867 -1.324 0.2665, -0.8638 -1.4071 0.2665, -0.7339 -1.4789 0.2665, -0.5981 -1.5387 0.2665, -0.4575 -1.5861 0.2665, -0.3133 -1.6207 0.2665, -0.1665 -1.6423 0.2665, -0.0183 -1.6506 0.2665, 0.13 -1.6455 0.2665, 0.2772 -1.6273 0.2665, 0.4222 -1.5959 0.2665, 0.5638 -1.5516 0.2665, 0.7009 -1.4948 0.2665, 0.8323 -1.4259 0.2665, 0.957 -1.3456 0.2665, 1.0741 -1.2543 0.2665, 1.1824 -1.153 0.2665, 1.2813 -1.0424 0.2665, 1.3698 -0.9233 0.2665, 1.4473 -0.7968 0.2665, 1.5132 -0.6638 0.2665, 1.5669 -0.5255 0.2665, 1.6079 -0.3829 0.2665, 1.636 -0.2372 0.2665, 1.651 -0.0896 0.2665, 1.6526 0.0588 0.2665, 1.6409 0.2067 0.2665, 1.6161 0.3529 0.2665, 1.5782 0.4964 0.2665, -1.4815 -0.7733 0.2586, -1.406 -0.903 0.2586, -1.3191 -1.0254 0.2586, -1.2216 -1.1395 0.2586, -1.1143 -1.2444 0.2586, -0.998 -1.3392 0.2586, -0.8737 -1.4233 0.2586, -0.7423 -1.4959 0.2586, -0.605 -1.5564 0.2586, -0.4628 -1.6043 0.2586, -0.3169 -1.6394 0.2586, -0.1684 -1.6612 0.2586, -0.0185 -1.6695 0.2586, 0.1315 -1.6645 0.2586, 0.2804 -1.646 0.2586, 0.4271 -1.6142 0.2586, 0.5703 -1.5694 0.2586, 0.7089 -1.512 0.2586, 0.8419 -1.4423 0.2586, 0.968 -1.361 0.2586, 1.0864 -1.2688 0.2586, 1.196 -1.1663 0.2586, 1.296 -1.0544 0.2586, 1.3856 -0.9339 0.2586, 1.464 -0.806 0.2586, 1.5306 -0.6715 0.2586, 1.5848 -0.5316 0.2586, 1.6264 -0.3873 0.2586, 1.6548 -0.24 0.2586, 1.6699 -0.0907 0.2586, 1.6716 0.0594 0.2586, 1.6598 0.209 0.2586, 1.6346 0.357 0.2586, 1.5963 0.5021 0.2586, -1.4996 -0.7828 0.2559, -1.4231 -0.914 0.2559, -1.3352 -1.0379 0.2559, -1.2365 -1.1534 0.2559, -1.1279 -1.2596 0.2559, -1.0102 -1.3556 0.2559, -0.8843 -1.4407 0.2559, -0.7514 -1.5141 0.2559, -0.6124 -1.5754 0.2559, -0.4684 -1.6239 0.2559, -0.3207 -1.6594 0.2559, -0.1704 -1.6814 0.2559, -0.0188 -1.6899 0.2559, 0.1331 -1.6848 0.2559, 0.2838 -1.6661 0.2559, 0.4323 -1.6339 0.2559, 0.5772 -1.5886 0.2559, 0.7176 -1.5304 0.2559, 0.8521 -1.4599 0.2559, 0.9798 -1.3777 0.2559, 1.0996 -1.2843 0.2559, 1.2106 -1.1805 0.2559, 1.3118 -1.0672 0.2559, 1.4024 -0.9453 0.2559, 1.4818 -0.8158 0.2559, 1.5492 -0.6797 0.2559, 1.6042 -0.5381 0.2559, 1.6462 -0.3921 0.2559, 1.675 -0.2429 0.2559, 1.6903 -0.0918 0.2559, 1.6919 0.0601 0.2559, 1.68 0.2115 0.2559, 1.6545 0.3613 0.2559, 1.6158 0.5081 0.2559, 1.6178 -0.7845 0.2559, 1.511 -0.9738 0.2559, 1.3823 -1.1488 0.2559, 1.2334 -1.307 0.2559, 1.7919 -0.1597 0.2559, 1.7592 -0.3745 0.2559, 1.7009 -0.5838 0.2559, 1.0665 -1.4462 0.2559, 0.8841 -1.5641 0.2559, 0.6888 -1.6593 0.2559, 0.4834 -1.7302 0.2559, 0.271 -1.7758 0.2559, 0.0546 -1.7955 0.2559, -1.7331 -0.4805 0.2559, -1.7787 -0.2681 0.2559, -1.7984 -0.0517 0.2559, -1.7919 0.1655 0.2559, -0.1626 -1.789 0.2559, -0.3774 -1.7563 0.2559, -0.5867 -1.698 0.2559, -0.7874 -1.6149 0.2559, -0.9767 -1.5082 0.2559, -1.1517 -1.3794 0.2559, 1.1517 1.3852 0.2559, 1.3099 1.2363 0.2559, 1.449 1.0694 0.2559, 1.567 0.887 0.2559, -1.3099 -1.2305 0.2559, -1.449 -1.0636 0.2559, -1.567 -0.8812 0.2559, -1.6622 -0.6859 0.2559, -1.7592 0.3803 0.2559, -1.7009 0.5896 0.2559, -1.6178 0.7903 0.2559, -0.6888 1.665 0.2559, -0.4834 1.7359 0.2559, -0.271 1.7816 0.2559, -0.0546 1.8013 0.2559, 0.5867 1.7038 0.2559, 0.7874 1.6206 0.2559, 0.9767 1.5139 0.2559, 1.6622 0.6916 0.2559, 1.7331 0.4863 0.2559, 1.7787 0.2738 0.2559, 1.7984 0.0575 0.2559, -1.2334 1.3128 0.2559, -1.0665 1.4519 0.2559, -0.8841 1.5699 0.2559, -1.511 0.9796 0.2559, -1.3823 1.1546 0.2559, 0.1626 1.7947 0.2559, 0.3774 1.7621 0.2559, -1.6622 -0.6859 0.1575, -1.7331 -0.4805 0.1575, -1.7787 -0.2681 0.1575, -1.7984 -0.0517 0.1575, -1.7919 0.1655 0.1575, -1.7592 0.3803 0.1575, -1.7009 0.5896 0.1575, -1.6178 0.7903 0.1575, -1.511 0.9796 0.1575, -1.3823 1.1546 0.1575, -1.2334 1.3128 0.1575, -1.0665 1.4519 0.1575, -0.8841 1.5699 0.1575, -0.6888 1.665 0.1575, -0.4834 1.7359 0.1575, -0.271 1.7816 0.1575, -0.0546 1.8013 0.1575, 0.1626 1.7947 0.1575, 0.3774 1.7621 0.1575, 0.5867 1.7038 0.1575, 0.7874 1.6206 0.1575, 0.9767 1.5139 0.1575, 1.1517 1.3852 0.1575, 1.3099 1.2363 0.1575, 1.449 1.0694 0.1575, 1.567 0.887 0.1575, 1.6622 0.6916 0.1575, 1.7331 0.4863 0.1575, 1.7787 0.2738 0.1575, 1.7984 0.0575 0.1575, 1.7919 -0.1597 0.1575, 1.7592 -0.3745 0.1575, 1.7009 -0.5838 0.1575, 1.6178 -0.7845 0.1575, 1.511 -0.9738 0.1575, 1.3823 -1.1488 0.1575, 1.2334 -1.307 0.1575, 1.0665 -1.4462 0.1575, 0.8841 -1.5641 0.1575, 0.6888 -1.6593 0.1575, 0.4834 -1.7302 0.1575, 0.271 -1.7758 0.1575, 0.0546 -1.7955 0.1575, -0.1626 -1.789 0.1575, -0.3774 -1.7563 0.1575, -0.5867 -1.698 0.1575, -0.7874 -1.6149 0.1575, -0.9767 -1.5082 0.1575, -1.1517 -1.3794 0.1575, -1.3099 -1.2305 0.1575, -1.449 -1.0636 0.1575, -1.567 -0.8812 0.1575, 0.7092 -1.5126 0.1575, 0.8422 -1.4429 0.1575, 0.9684 -1.3616 0.1575, 1.0868 -1.2693 0.1575, 1.1965 -1.1668 0.1575, 1.2965 -1.0548 0.1575, 1.3861 -0.9343 0.1575, 1.6706 -0.0907 0.1575, 1.6723 0.0594 0.1575, 1.6605 0.2091 0.1575, 1.4646 -0.8063 0.1575, 1.5312 -0.6718 0.1575, 1.5855 -0.5318 0.1575, 1.627 -0.3875 0.1575, 1.6555 -0.2401 0.1575, 1.6353 0.3571 0.1575, 1.597 0.5023 0.1575, 1.5458 0.6434 0.1575, -0.463 -1.605 0.1575, -0.317 -1.64 0.1575, -0.1684 -1.6618 0.1575, -1.6706 0.0965 0.1575, -1.6723 -0.0537 0.1575, -1.6605 -0.2033 0.1575, -0.9984 -1.3398 0.1575, -0.8741 -1.4239 0.1575, -0.7427 -1.4965 0.1575, -0.6053 -1.557 0.1575, -0.0185 -1.6702 0.1575, 0.1315 -1.6652 0.1575, 0.2805 -1.6467 0.1575, 0.4272 -1.6149 0.1575, 0.5705 -1.5701 0.1575, 0.9984 1.3456 0.1575, 0.8741 1.4297 0.1575, 0.7427 1.5023 0.1575, -1.6353 -0.3513 0.1575, -1.597 -0.4965 0.1575, -1.5458 -0.6376 0.1575, -1.4821 -0.7736 0.1575, -1.4066 -0.9034 0.1575, -1.3197 -1.0258 0.1575, -1.2221 -1.1399 0.1575, -1.1148 -1.2449 0.1575, 1.4821 0.7794 0.1575, 1.4066 0.9091 0.1575, 1.3197 1.0316 0.1575, 1.2221 1.1457 0.1575, 1.1148 1.2507 0.1575, 0.6053 1.5628 0.1575, 0.463 1.6108 0.1575, 0.317 1.6458 0.1575, 0.1684 1.6676 0.1575, -1.5312 0.6775 0.1575, -1.5855 0.5375 0.1575, -1.627 0.3933 0.1575, -1.6555 0.2458 0.1575, 0.0185 1.676 0.1575, -0.1315 1.6709 0.1575, -0.2805 1.6524 0.1575, -0.4272 1.6206 0.1575, -1.1965 1.1725 0.1575, -1.2965 1.0606 0.1575, -1.3861 0.9401 0.1575, -1.4646 0.8121 0.1575, -0.5705 1.5758 0.1575, -0.7092 1.5184 0.1575, -0.8422 1.4487 0.1575, -0.9684 1.3674 0.1575, -1.0868 1.2751 0.1575, 1.3113 0.7602 0.315, 1.2742 0.8238 0.315, 1.2787 0.8267 0.2742, 1.202 0.9255 0.315, 1.1955 0.9347 0.315, 1.1997 0.938 0.2742, 1.0706 1.0738 0.315, 1.0099 1.1332 0.315, 1.0134 1.1372 0.2742, 0.922 1.2049 0.315, 0.9045 1.2192 0.315, 0.9077 1.2235 0.2742, 0.7571 1.3146 0.315, 0.6728 1.3611 0.315, 0.6751 1.366 0.2742, 0.3919 1.4661 0.315, 0.2872 1.4912 0.315, 0.2882 1.4964 0.2742, -0.0002 1.518 0.315, -0.1191 1.5139 0.315, -0.1196 1.5193 0.2742, -0.3924 1.4667 0.315, -0.5168 1.4278 0.315, -0.5187 1.4328 0.2742, -0.5797 1.4018 0.315, -0.6425 1.3757 0.315, -0.6448 1.3806 0.2742, -0.7579 1.3152 0.315, -0.763 1.3126 0.315, -0.7657 1.3172 0.2742, -0.922 1.2041 0.315, -0.9846 1.1553 0.315, -0.988 1.1594 0.2742, -1.0715 1.074 0.315, -1.0839 1.0624 0.315, -1.0877 1.0662 0.2742, -1.2016 0.9246 0.315, -1.2557 0.8519 0.315, -1.2601 0.8549 0.2742, -1.3994 0.5823 0.315, -1.4363 0.4872 0.315, -1.4414 0.4889 0.2742, -1.502 0.2004 0.315, -1.5134 0.0877 0.315, -1.5187 0.088 0.2742, -1.5023 -0.1951 0.315, -1.4814 -0.318 0.315, -1.4866 -0.3191 0.2742, -1.5581 -0.4843 0.1628, -1.5955 -0.3427 0.1628, -1.5218 -0.473 0.1786, -1.5583 -0.3347 0.1786, -1.4907 -0.4633 0.2036, -1.5265 -0.3278 0.2036, -1.4668 -0.4558 0.2362, -1.502 -0.3225 0.2362, -1.4518 -0.4511 0.2742, -1.6315 -0.0523 0.1628, -1.6299 0.0942 0.1628, -1.5936 -0.051 0.1786, -1.592 0.0921 0.1786, -1.561 -0.0499 0.2036, -1.5594 0.0902 0.2036, -1.536 -0.049 0.2362, -1.5344 0.0888 0.2362, -1.5202 -0.0485 0.2742, -1.5874 0.3838 0.1628, -1.5469 0.5245 0.1628, -1.5505 0.3749 0.1786, -1.5109 0.5124 0.1786, -1.5188 0.3673 0.2036, -1.48 0.502 0.2036, -1.4944 0.3614 0.2362, -1.4563 0.494 0.2362, -1.4791 0.3578 0.2742, -1.4289 0.7923 0.1628, -1.3524 0.9172 0.1628, -1.3956 0.774 0.1786, -1.3209 0.896 0.1786, -1.3671 0.7582 0.2036, -1.2939 0.8777 0.2036, -1.3452 0.7461 0.2362, -1.2731 0.8637 0.2362, -1.3314 0.7385 0.2742, -0.2737 1.6122 0.1628, -0.1283 1.6303 0.1628, -0.2673 1.5748 0.1786, -0.1253 1.5924 0.1786, -0.2618 1.5427 0.2036, -0.1228 1.5599 0.2036, -0.2576 1.518 0.2362, -0.1208 1.535 0.2362, -0.255 1.5025 0.2742, 0.1643 1.6271 0.1628, 0.3093 1.6058 0.1628, 0.1605 1.5893 0.1786, 0.3021 1.5685 0.1786, 0.1572 1.5568 0.2036, 0.2959 1.5365 0.2036, 0.1547 1.5319 0.2362, 0.2912 1.5119 0.2362, 0.1531 1.5163 0.2742, 0.5905 1.5248 0.1628, 0.7246 1.4657 0.1628, 0.5768 1.4894 0.1786, 0.7077 1.4317 0.1786, 0.565 1.459 0.2036, 0.6932 1.4025 0.2036, 0.5559 1.4357 0.2362, 0.6821 1.3801 0.2362, 0.5502 1.421 0.2742, -1.5081 -0.622 0.1628, -1.473 -0.6075 0.1786, -1.4429 -0.595 0.2036, -1.4198 -0.5854 0.2362, -1.4052 -0.5794 0.2742, -1.4003 -0.5774 0.315, -1.4467 -0.4495 0.315, -1.4626 -0.3892 0.315, -1.5042 -0.1839 0.315, -1.5095 -0.1846 0.2742, -1.5251 -0.1865 0.2362, -1.55 -0.1896 0.2036, -1.5823 -0.1936 0.1786, -1.62 -0.1983 0.1628, -1.5149 -0.0483 0.315, -1.5143 0.0027 0.315, -1.4997 0.223 0.315, -1.505 0.2238 0.2742, -1.5206 0.226 0.2362, -1.5453 0.2297 0.2036, -1.5776 0.2344 0.1786, -1.6152 0.2399 0.1628, -1.4739 0.3565 0.315, -1.4629 0.3946 0.315, -1.3871 0.614 0.315, -1.392 0.6162 0.2742, -1.4064 0.6225 0.2362, -1.4293 0.6326 0.2036, -1.4591 0.6458 0.1786, -1.4939 0.6611 0.1628, -1.3267 0.7359 0.315, -1.3119 0.7601 0.315, -1.1745 0.961 0.315, -1.1787 0.9644 0.2742, -1.1909 0.9743 0.2362, -1.2103 0.9902 0.2036, -1.2355 1.0108 0.1786, -1.265 1.0348 0.1628, -1.1674 1.144 0.1628, -1.1402 1.1175 0.1786, -1.1169 1.0947 0.2036, -1.099 1.0772 0.2362, -0.9983 1.1714 0.2362, -1.0145 1.1904 0.2036, -1.0357 1.2152 0.1786, -1.0604 1.2441 0.1628, -0.8773 1.2389 0.315, -0.8804 1.2433 0.2742, -0.8895 1.2562 0.2362, -0.904 1.2766 0.2036, -0.9229 1.3032 0.1786, -0.9448 1.3341 0.1628, -0.8217 1.4135 0.1628, -0.8026 1.3806 0.1786, -0.7862 1.3525 0.2036, -0.7736 1.3308 0.2362, -0.6514 1.3948 0.2362, -0.662 1.4175 0.2036, -0.6759 1.447 0.1786, -0.692 1.4814 0.1628, -0.524 1.4476 0.2362, -0.5326 1.4712 0.2036, -0.5437 1.5018 0.1786, -0.5566 1.5375 0.1628, -0.387 1.4684 0.315, -0.3884 1.4736 0.2742, -0.3924 1.4888 0.2362, -0.3988 1.513 0.2036, -0.4071 1.5445 0.1786, -0.4168 1.5812 0.1628, -0.2541 1.4972 0.315, -0.1979 1.5042 0.315, 0.0168 1.5185 0.315, 0.0169 1.5239 0.2742, 0.017 1.5396 0.2362, 0.0173 1.5647 0.2036, 0.0177 1.5973 0.1786, 0.0181 1.6353 0.1628, 0.1526 1.5109 0.315, 0.1974 1.5043 0.315, 0.4194 1.4594 0.315, 0.4209 1.4646 0.2742, 0.4253 1.4797 0.2362, 0.4322 1.5038 0.2036, 0.4412 1.5351 0.1786, 0.4517 1.5716 0.1628, 0.5483 1.416 0.315, 0.5794 1.4023 0.315, 0.7918 1.2954 0.315, 0.7946 1.3 0.2742, 0.8028 1.3134 0.2362, 0.8159 1.3347 0.2036, 0.8329 1.3625 0.1786, 0.8528 1.3949 0.1628, 0.9741 1.3129 0.1628, 0.9515 1.2824 0.1786, 0.932 1.2562 0.2036, 0.9171 1.2361 0.2362, 1.0239 1.149 0.2362, 1.0406 1.1676 0.2036, 1.0623 1.1919 0.1786, 1.0876 1.2203 0.1628, 1.1071 1.0382 0.315, 1.111 1.0418 0.2742, 1.1225 1.0526 0.2362, 1.1408 1.0697 0.2036, 1.1646 1.0919 0.1786, 1.1924 1.1179 0.1628, 1.2875 1.0065 0.1628, 1.2576 0.9831 0.1786, 1.2318 0.9631 0.2036, 1.2121 0.9477 0.2362, 1.2919 0.8353 0.2362, 1.313 0.8488 0.2036, 1.3404 0.8665 0.1786, 1.3723 0.887 0.1628, 1.3426 0.7063 0.315, 1.3474 0.7088 0.2742, 1.3613 0.7161 0.2362, 1.3835 0.7277 0.2036, 1.4124 0.7429 0.1786, 1.446 0.7605 0.1628, 1.5081 0.6278 0.1628, 1.473 0.6133 0.1786, 1.4429 0.6008 0.2036, 1.4198 0.5912 0.2362, 1.4052 0.5852 0.2742, 1.4003 0.5831 0.315, -0.4194 -1.4537 0.315, -0.5483 -1.4102 0.315, -0.5794 -1.3965 0.315, -0.6728 -1.3554 0.315, -0.7571 -1.3088 0.315, -0.7918 -1.2896 0.315, -0.9045 -1.2134 0.315, -0.922 -1.1991 0.315, -1.0099 -1.1275 0.315, -1.0706 -1.068 0.315, -1.1071 -1.0324 0.315, -1.1955 -0.929 0.315, -1.202 -0.9197 0.315, -1.2742 -0.8181 0.315, -1.3113 -0.7544 0.315, -1.3426 -0.7005 0.315, -0.0168 -1.5128 0.315, -0.1526 -1.5052 0.315, -0.1974 -1.4986 0.315, -0.2872 -1.4854 0.315, -0.3919 -1.4603 0.315, 1.1745 -0.9552 0.315, 1.0839 -1.0567 0.315, 1.0715 -1.0683 0.315, 0.9846 -1.1496 0.315, 0.922 -1.1983 0.315, 0.8773 -1.2332 0.315, 0.763 -1.3068 0.315, 0.7579 -1.3095 0.315, 0.6425 -1.37 0.315, 0.5797 -1.396 0.315, 0.5168 -1.422 0.315, 0.3924 -1.4609 0.315, 0.387 -1.4626 0.315, 0.2541 -1.4914 0.315, 0.1979 -1.4984 0.315, 0.1191 -1.5082 0.315, 0.0002 -1.5122 0.315, 1.4363 -0.4815 0.315, 1.3994 -0.5766 0.315, 1.3871 -0.6083 0.315, 1.3267 -0.7301 0.315, 1.3119 -0.7543 0.315, 1.2557 -0.8461 0.315, 1.2016 -0.9189 0.315, 1.4629 -0.3889 0.315, 1.4739 -0.3508 0.315, 1.4997 -0.2172 0.315, 1.502 -0.1947 0.315, 1.5134 -0.0819 0.315, 1.5143 0.0031 0.315, 1.5042 0.1897 0.315, 1.5149 0.0541 0.315, 1.4467 0.4553 0.315, 1.4626 0.395 0.315, 1.4814 0.3238 0.315, 1.5023 0.2009 0.315, -1.2787 -0.821 0.2742, -1.1997 -0.9323 0.2742, -1.0134 -1.1315 0.2742, -0.9077 -1.2177 0.2742, -0.6751 -1.3602 0.2742, -0.2882 -1.4907 0.2742, 0.1196 -1.5135 0.2742, 0.5187 -1.4271 0.2742, 0.7657 -1.3115 0.2742, 0.988 -1.1536 0.2742, 1.0877 -1.0604 0.2742, 1.2601 -0.8491 0.2742, 1.4414 -0.4832 0.2742, 1.5187 -0.0822 0.2742, 1.4866 0.3249 0.2742, 1.5581 0.4901 0.1628, 1.5955 0.3485 0.1628, 1.5218 0.4788 0.1786, 1.5583 0.3404 0.1786, 1.4907 0.469 0.2036, 1.5265 0.3335 0.2036, 1.4668 0.4616 0.2362, 1.502 0.3282 0.2362, 1.4518 0.4569 0.2742, 1.6315 0.058 0.1628, 1.6299 -0.0884 0.1628, 1.5936 0.0568 0.1786, 1.592 -0.0863 0.1786, 1.561 0.0557 0.2036, 1.5594 -0.0845 0.2036, 1.536 0.0548 0.2362, 1.5344 -0.0831 0.2362, 1.5202 0.0543 0.2742, 1.5874 -0.378 0.1628, 1.5469 -0.5188 0.1628, 1.5505 -0.3691 0.1786, 1.5109 -0.5066 0.1786, 1.5188 -0.3615 0.2036, 1.48 -0.4962 0.2036, 1.4944 -0.3557 0.2362, 1.4563 -0.4882 0.2362, 1.4791 -0.352 0.2742, 1.4289 -0.7866 0.1628, 1.3524 -0.9115 0.1628, 1.3956 -0.7682 0.1786, 1.3209 -0.8902 0.1786, 1.3671 -0.7524 0.2036, 1.2939 -0.8719 0.2036, 1.3452 -0.7403 0.2362, 1.2731 -0.8579 0.2362, 1.3314 -0.7327 0.2742, 0.692 -1.4757 0.1628, 0.5566 -1.5318 0.1628, 0.6759 -1.4413 0.1786, 0.5437 -1.4961 0.1786, 0.662 -1.4117 0.2036, 0.5326 -1.4654 0.2036, 0.6514 -1.3891 0.2362, 0.524 -1.4419 0.2362, 0.6448 -1.3748 0.2742, 0.2737 -1.6065 0.1628, 0.1283 -1.6245 0.1628, 0.2673 -1.569 0.1786, 0.1253 -1.5867 0.1786, 0.2618 -1.5369 0.2036, 0.1228 -1.5542 0.2036, 0.2576 -1.5122 0.2362, 0.1208 -1.5292 0.2362, 0.255 -1.4967 0.2742, -0.1643 -1.6213 0.1628, -0.3093 -1.6 0.1628, -0.1605 -1.5835 0.1786, -0.3021 -1.5627 0.1786, -0.1572 -1.5511 0.2036, -0.2959 -1.5307 0.2036, -0.1547 -1.5262 0.2362, -0.2912 -1.5061 0.2362, -0.1531 -1.5105 0.2742, -0.5905 -1.519 0.1628, -0.7246 -1.46 0.1628, -0.5768 -1.4836 0.1786, -0.7077 -1.4259 0.1786, -0.565 -1.4532 0.2036, -0.6932 -1.3967 0.2036, -0.5559 -1.4299 0.2362, -0.6821 -1.3743 0.2362, -0.5502 -1.4152 0.2742, 1.5095 0.1903 0.2742, 1.5251 0.1923 0.2362, 1.55 0.1954 0.2036, 1.5823 0.1994 0.1786, 1.62 0.2041 0.1628, 1.505 -0.218 0.2742, 1.5206 -0.2203 0.2362, 1.5453 -0.2239 0.2036, 1.5776 -0.2287 0.1786, 1.6152 -0.2342 0.1628, 1.392 -0.6104 0.2742, 1.4064 -0.6168 0.2362, 1.4293 -0.6269 0.2036, 1.4591 -0.64 0.1786, 1.4939 -0.6553 0.1628, 1.1787 -0.9586 0.2742, 1.1909 -0.9686 0.2362, 1.2103 -0.9844 0.2036, 1.2355 -1.005 0.1786, 1.265 -1.029 0.1628, 1.1674 -1.1383 0.1628, 1.1402 -1.1117 0.1786, 1.1169 -1.0889 0.2036, 1.099 -1.0714 0.2362, 0.9983 -1.1656 0.2362, 1.0145 -1.1846 0.2036, 1.0357 -1.2094 0.1786, 1.0604 -1.2383 0.1628, 0.8804 -1.2376 0.2742, 0.8895 -1.2504 0.2362, 0.904 -1.2708 0.2036, 0.9229 -1.2974 0.1786, 0.9448 -1.3284 0.1628, 0.8217 -1.4077 0.1628, 0.8026 -1.3749 0.1786, 0.7862 -1.3467 0.2036, 0.7736 -1.3251 0.2362, 0.3884 -1.4678 0.2742, 0.3924 -1.483 0.2362, 0.3988 -1.5072 0.2036, 0.4071 -1.5388 0.1786, 0.4168 -1.5755 0.1628, -0.0169 -1.5181 0.2742, -0.017 -1.5339 0.2362, -0.0173 -1.5589 0.2036, -0.0177 -1.5915 0.1786, -0.0181 -1.6295 0.1628, -0.4209 -1.4588 0.2742, -0.4253 -1.474 0.2362, -0.4322 -1.498 0.2036, -0.4412 -1.5293 0.1786, -0.4517 -1.5658 0.1628, -0.7946 -1.2942 0.2742, -0.8028 -1.3076 0.2362, -0.8159 -1.3289 0.2036, -0.8329 -1.3568 0.1786, -0.8528 -1.3891 0.1628, -0.9741 -1.3071 0.1628, -0.9515 -1.2766 0.1786, -0.932 -1.2504 0.2036, -0.9171 -1.2304 0.2362, -1.0239 -1.1432 0.2362, -1.0406 -1.1619 0.2036, -1.0623 -1.1862 0.1786, -1.0876 -1.2145 0.1628, -1.111 -1.0361 0.2742, -1.1225 -1.0468 0.2362, -1.1408 -1.0639 0.2036, -1.1646 -1.0862 0.1786, -1.1924 -1.1121 0.1628, -1.2875 -1.0007 0.1628, -1.2576 -0.9774 0.1786, -1.2318 -0.9573 0.2036, -1.2121 -0.942 0.2362, -1.2919 -0.8295 0.2362, -1.313 -0.843 0.2036, -1.3404 -0.8607 0.1786, -1.3723 -0.8813 0.1628, -1.3474 -0.703 0.2742, -1.3613 -0.7103 0.2362, -1.3835 -0.722 0.2036, -1.4124 -0.7371 0.1786, -1.446 -0.7547 0.1628
            ]
        }
        coordIndex [
            0,1,2,-1,3,4,5,-1,6,7,8,-1,9,10,11,-1,12,13,14,-1,15,16,17,-1,18,19,20,-1,21,22,23,-1,24,25,26,-1,27,28,29,-1,29,28,30,-1,30,31,29,-1,29,31,32,-1,29,32,33,-1,33,32,34,-1,33,34,35,-1,34,36,35,-1,35,36,37,-1,35,37,38,-1,37,39,38,-1,38,39,40,-1,38,40,41,-1,40,42,41,-1,41,42,43,-1,41,43,44,-1,44,43,45,-1,44,45,46,-1,45,47,46,-1,46,47,48,-1,46,48,49,-1,48,50,49,-1,49,50,51,-1,49,51,52,-1,52,51,53,-1,52,53,54,-1,53,55,54,-1,54,55,56,-1,54,56,57,-1,57,56,58,-1,57,58,59,-1,58,60,59,-1,59,60,61,-1,59,61,62,-1,62,61,63,-1,62,63,64,-1,63,65,64,-1,64,65,66,-1,64,66,67,-1,66,68,67,-1,67,68,69,-1,67,69,70,-1,69,71,70,-1,70,71,72,-1,70,72,73,-1,73,72,74,-1,73,74,75,-1,74,76,75,-1,75,76,77,-1,75,77,78,-1,77,79,78,-1,78,79,80,-1,78,80,81,-1,81,80,82,-1,81,82,83,-1,82,84,83,-1,83,84,85,-1,83,85,86,-1,86,85,87,-1,86,87,88,-1,87,89,88,-1,88,89,90,-1,88,90,91,-1,91,90,92,-1,91,92,93,-1,92,94,93,-1,93,94,95,-1,93,95,96,-1,95,97,96,-1,96,97,98,-1,96,98,99,-1,98,100,99,-1,99,100,101,-1,99,101,102,-1,102,101,103,-1,102,103,104,-1,103,105,104,-1,104,105,106,-1,104,106,107,-1,106,108,107,-1,107,108,109,-1,107,109,110,-1,110,109,111,-1,110,111,112,-1,113,114,115,-1,115,114,112,-1,115,112,116,-1,116,112,111,-1,114,24,112,-1,112,24,26,-1,112,26,110,-1,110,26,117,-1,110,117,107,-1,107,117,118,-1,107,118,104,-1,104,118,119,-1,104,119,102,-1,102,119,120,-1,102,120,99,-1,99,120,121,-1,99,121,96,-1,96,121,122,-1,96,122,93,-1,93,122,123,-1,93,123,91,-1,91,123,124,-1,91,124,88,-1,88,124,125,-1,88,125,86,-1,86,125,126,-1,86,126,83,-1,83,126,127,-1,83,127,81,-1,81,127,128,-1,81,128,78,-1,78,128,129,-1,78,129,75,-1,75,129,130,-1,75,130,73,-1,73,130,131,-1,73,131,70,-1,70,131,132,-1,70,132,67,-1,67,132,133,-1,67,133,64,-1,64,133,134,-1,64,134,62,-1,62,134,135,-1,62,135,59,-1,59,135,136,-1,59,136,57,-1,57,136,137,-1,57,137,54,-1,54,137,138,-1,54,138,52,-1,52,138,139,-1,52,139,49,-1,49,139,140,-1,49,140,46,-1,46,140,141,-1,46,141,44,-1,44,141,142,-1,44,142,41,-1,41,142,143,-1,41,143,38,-1,38,143,144,-1,38,144,35,-1,35,144,145,-1,35,145,33,-1,33,145,146,-1,33,146,29,-1,29,146,23,-1,29,23,27,-1,27,23,22,-1,25,18,26,-1,26,18,20,-1,26,20,117,-1,117,20,147,-1,117,147,118,-1,118,147,148,-1,118,148,119,-1,119,148,149,-1,119,149,120,-1,120,149,150,-1,120,150,121,-1,121,150,151,-1,121,151,122,-1,122,151,152,-1,122,152,123,-1,123,152,153,-1,123,153,124,-1,124,153,154,-1,124,154,125,-1,125,154,155,-1,125,155,126,-1,126,155,156,-1,126,156,127,-1,127,156,157,-1,127,157,128,-1,128,157,158,-1,128,158,129,-1,129,158,159,-1,129,159,130,-1,130,159,160,-1,130,160,131,-1,131,160,161,-1,131,161,132,-1,132,161,162,-1,132,162,133,-1,133,162,163,-1,133,163,134,-1,134,163,164,-1,134,164,135,-1,135,164,165,-1,135,165,136,-1,136,165,166,-1,136,166,137,-1,137,166,167,-1,137,167,138,-1,138,167,168,-1,138,168,139,-1,139,168,169,-1,139,169,140,-1,140,169,170,-1,140,170,141,-1,141,170,171,-1,141,171,142,-1,142,171,172,-1,142,172,143,-1,143,172,173,-1,143,173,144,-1,144,173,174,-1,144,174,145,-1,145,174,175,-1,145,175,146,-1,146,175,176,-1,146,176,23,-1,23,176,17,-1,23,17,21,-1,21,17,16,-1,19,12,20,-1,20,12,14,-1,20,14,147,-1,147,14,177,-1,147,177,148,-1,148,177,178,-1,148,178,149,-1,149,178,179,-1,149,179,150,-1,150,179,180,-1,150,180,151,-1,151,180,181,-1,151,181,152,-1,152,181,182,-1,152,182,153,-1,153,182,183,-1,153,183,154,-1,154,183,184,-1,154,184,155,-1,155,184,185,-1,155,185,156,-1,156,185,186,-1,156,186,157,-1,157,186,187,-1,157,187,158,-1,158,187,188,-1,158,188,159,-1,159,188,189,-1,159,189,160,-1,160,189,190,-1,160,190,161,-1,161,190,191,-1,161,191,162,-1,162,191,192,-1,162,192,163,-1,163,192,193,-1,163,193,164,-1,164,193,194,-1,164,194,165,-1,165,194,195,-1,165,195,166,-1,166,195,196,-1,166,196,167,-1,167,196,197,-1,167,197,168,-1,168,197,198,-1,168,198,169,-1,169,198,199,-1,169,199,170,-1,170,199,200,-1,170,200,171,-1,171,200,201,-1,171,201,172,-1,172,201,202,-1,172,202,173,-1,173,202,203,-1,173,203,174,-1,174,203,204,-1,174,204,175,-1,175,204,205,-1,175,205,176,-1,176,205,206,-1,176,206,17,-1,17,206,11,-1,17,11,15,-1,15,11,10,-1,13,6,14,-1,14,6,8,-1,14,8,177,-1,177,8,207,-1,177,207,178,-1,178,207,208,-1,178,208,179,-1,179,208,209,-1,179,209,180,-1,180,209,210,-1,180,210,181,-1,181,210,211,-1,181,211,182,-1,182,211,212,-1,182,212,183,-1,183,212,213,-1,183,213,184,-1,184,213,214,-1,184,214,185,-1,185,214,215,-1,185,215,186,-1,186,215,216,-1,186,216,187,-1,187,216,217,-1,187,217,188,-1,188,217,218,-1,188,218,189,-1,189,218,219,-1,189,219,190,-1,190,219,220,-1,190,220,191,-1,191,220,221,-1,191,221,192,-1,192,221,222,-1,192,222,193,-1,193,222,223,-1,193,223,194,-1,194,223,224,-1,194,224,195,-1,195,224,225,-1,195,225,196,-1,196,225,226,-1,196,226,197,-1,197,226,227,-1,197,227,198,-1,198,227,228,-1,198,228,199,-1,199,228,229,-1,199,229,200,-1,200,229,230,-1,200,230,201,-1,201,230,231,-1,201,231,202,-1,202,231,232,-1,202,232,203,-1,203,232,233,-1,203,233,204,-1,204,233,234,-1,204,234,205,-1,205,234,235,-1,205,235,206,-1,206,235,236,-1,206,236,11,-1,11,236,5,-1,11,5,9,-1,9,5,4,-1,7,0,8,-1,8,0,2,-1,8,2,207,-1,207,2,237,-1,207,237,208,-1,208,237,238,-1,208,238,209,-1,209,238,239,-1,209,239,210,-1,210,239,240,-1,210,240,211,-1,211,240,241,-1,211,241,212,-1,212,241,242,-1,212,242,213,-1,213,242,243,-1,213,243,214,-1,214,243,244,-1,214,244,215,-1,215,244,245,-1,215,245,216,-1,216,245,246,-1,216,246,217,-1,217,246,247,-1,217,247,218,-1,218,247,248,-1,218,248,219,-1,219,248,249,-1,219,249,220,-1,220,249,250,-1,220,250,221,-1,221,250,251,-1,221,251,222,-1,222,251,252,-1,222,252,223,-1,223,252,253,-1,223,253,224,-1,224,253,254,-1,224,254,225,-1,225,254,255,-1,225,255,226,-1,226,255,256,-1,226,256,227,-1,227,256,257,-1,227,257,228,-1,228,257,258,-1,228,258,229,-1,229,258,259,-1,229,259,230,-1,230,259,260,-1,230,260,231,-1,231,260,261,-1,231,261,232,-1,232,261,262,-1,232,262,233,-1,233,262,263,-1,233,263,234,-1,234,263,264,-1,234,264,235,-1,235,264,265,-1,235,265,236,-1,236,265,266,-1,236,266,5,-1,5,266,267,-1,5,267,3,-1,3,267,268,-1,1,269,2,-1,2,269,270,-1,2,270,237,-1,237,270,271,-1,237,271,238,-1,238,271,272,-1,238,272,239,-1,239,272,273,-1,239,273,240,-1,240,273,274,-1,240,274,241,-1,241,274,275,-1,241,275,242,-1,242,275,276,-1,242,276,243,-1,243,276,277,-1,243,277,244,-1,244,277,278,-1,244,278,245,-1,245,278,279,-1,245,279,246,-1,246,279,280,-1,246,280,247,-1,247,280,281,-1,247,281,248,-1,248,281,282,-1,248,282,249,-1,249,282,283,-1,249,283,250,-1,250,283,284,-1,250,284,251,-1,251,284,285,-1,251,285,252,-1,252,285,286,-1,252,286,253,-1,253,286,287,-1,253,287,254,-1,254,287,288,-1,254,288,255,-1,255,288,289,-1,255,289,256,-1,256,289,290,-1,256,290,257,-1,257,290,291,-1,257,291,258,-1,258,291,292,-1,258,292,259,-1,259,292,293,-1,259,293,260,-1,260,293,294,-1,260,294,261,-1,261,294,295,-1,261,295,262,-1,262,295,296,-1,262,296,263,-1,263,296,297,-1,263,297,264,-1,264,297,298,-1,264,298,265,-1,265,298,299,-1,265,299,266,-1,266,299,300,-1,266,300,267,-1,267,300,301,-1,267,301,268,-1,268,301,302,-1,268,302,303,-1,1,0,304,-1,4,3,305,-1,7,6,306,-1,10,9,307,-1,13,12,308,-1,16,15,309,-1,19,18,310,-1,22,21,311,-1,28,27,312,-1,114,113,313,-1,25,24,314,-1,314,24,114,-1,114,313,314,-1,314,313,315,-1,314,315,316,-1,316,315,317,-1,316,317,318,-1,317,319,318,-1,318,319,320,-1,318,320,321,-1,320,322,321,-1,321,322,323,-1,321,323,324,-1,323,325,324,-1,324,325,326,-1,324,326,327,-1,327,326,328,-1,327,328,329,-1,328,330,329,-1,329,330,331,-1,329,331,332,-1,331,333,332,-1,332,333,334,-1,332,334,335,-1,335,334,336,-1,335,336,337,-1,336,338,337,-1,337,338,339,-1,337,339,340,-1,340,339,341,-1,340,341,342,-1,341,343,342,-1,342,343,344,-1,342,344,345,-1,345,344,346,-1,345,346,347,-1,346,348,347,-1,347,348,349,-1,347,349,350,-1,349,351,350,-1,350,351,352,-1,350,352,353,-1,352,354,353,-1,353,354,355,-1,353,355,356,-1,356,355,357,-1,356,357,358,-1,357,359,358,-1,358,359,360,-1,358,360,361,-1,360,362,361,-1,361,362,363,-1,361,363,364,-1,364,363,365,-1,364,365,366,-1,365,367,366,-1,366,367,368,-1,366,368,369,-1,369,368,370,-1,369,370,371,-1,370,372,371,-1,371,372,373,-1,371,373,374,-1,374,373,375,-1,374,375,376,-1,375,377,376,-1,376,377,378,-1,376,378,379,-1,378,380,379,-1,379,380,381,-1,379,381,382,-1,381,383,382,-1,382,383,384,-1,382,384,385,-1,385,384,386,-1,385,386,387,-1,386,388,387,-1,387,388,389,-1,387,389,390,-1,389,391,390,-1,390,391,392,-1,390,392,393,-1,393,392,394,-1,393,394,312,-1,30,28,395,-1,395,28,312,-1,395,312,396,-1,396,312,394,-1,27,22,312,-1,312,22,311,-1,312,311,393,-1,393,311,397,-1,393,397,390,-1,390,397,398,-1,390,398,387,-1,387,398,399,-1,387,399,385,-1,385,399,400,-1,385,400,382,-1,382,400,401,-1,382,401,379,-1,379,401,402,-1,379,402,376,-1,376,402,403,-1,376,403,374,-1,374,403,404,-1,374,404,371,-1,371,404,405,-1,371,405,369,-1,369,405,406,-1,369,406,366,-1,366,406,407,-1,366,407,364,-1,364,407,408,-1,364,408,361,-1,361,408,409,-1,361,409,358,-1,358,409,410,-1,358,410,356,-1,356,410,411,-1,356,411,353,-1,353,411,412,-1,353,412,350,-1,350,412,413,-1,350,413,347,-1,347,413,414,-1,347,414,345,-1,345,414,415,-1,345,415,342,-1,342,415,416,-1,342,416,340,-1,340,416,417,-1,340,417,337,-1,337,417,418,-1,337,418,335,-1,335,418,419,-1,335,419,332,-1,332,419,420,-1,332,420,329,-1,329,420,421,-1,329,421,327,-1,327,421,422,-1,327,422,324,-1,324,422,423,-1,324,423,321,-1,321,423,424,-1,321,424,318,-1,318,424,425,-1,318,425,316,-1,316,425,426,-1,316,426,314,-1,314,426,310,-1,314,310,25,-1,25,310,18,-1,21,16,311,-1,311,16,309,-1,311,309,397,-1,397,309,427,-1,397,427,398,-1,398,427,428,-1,398,428,399,-1,399,428,429,-1,399,429,400,-1,400,429,430,-1,400,430,401,-1,401,430,431,-1,401,431,402,-1,402,431,432,-1,402,432,403,-1,403,432,433,-1,403,433,404,-1,404,433,434,-1,404,434,405,-1,405,434,435,-1,405,435,406,-1,406,435,436,-1,406,436,407,-1,407,436,437,-1,407,437,408,-1,408,437,438,-1,408,438,409,-1,409,438,439,-1,409,439,410,-1,410,439,440,-1,410,440,411,-1,411,440,441,-1,411,441,412,-1,412,441,442,-1,412,442,413,-1,413,442,443,-1,413,443,414,-1,414,443,444,-1,414,444,415,-1,415,444,445,-1,415,445,416,-1,416,445,446,-1,416,446,417,-1,417,446,447,-1,417,447,418,-1,418,447,448,-1,418,448,419,-1,419,448,449,-1,419,449,420,-1,420,449,450,-1,420,450,421,-1,421,450,451,-1,421,451,422,-1,422,451,452,-1,422,452,423,-1,423,452,453,-1,423,453,424,-1,424,453,454,-1,424,454,425,-1,425,454,455,-1,425,455,426,-1,426,455,456,-1,426,456,310,-1,310,456,308,-1,310,308,19,-1,19,308,12,-1,15,10,309,-1,309,10,307,-1,309,307,427,-1,427,307,457,-1,427,457,428,-1,428,457,458,-1,428,458,429,-1,429,458,459,-1,429,459,430,-1,430,459,460,-1,430,460,431,-1,431,460,461,-1,431,461,432,-1,432,461,462,-1,432,462,433,-1,433,462,463,-1,433,463,434,-1,434,463,464,-1,434,464,435,-1,435,464,465,-1,435,465,436,-1,436,465,466,-1,436,466,437,-1,437,466,467,-1,437,467,438,-1,438,467,468,-1,438,468,439,-1,439,468,469,-1,439,469,440,-1,440,469,470,-1,440,470,441,-1,441,470,471,-1,441,471,442,-1,442,471,472,-1,442,472,443,-1,443,472,473,-1,443,473,444,-1,444,473,474,-1,444,474,445,-1,445,474,475,-1,445,475,446,-1,446,475,476,-1,446,476,447,-1,447,476,477,-1,447,477,448,-1,448,477,478,-1,448,478,449,-1,449,478,479,-1,449,479,450,-1,450,479,480,-1,450,480,451,-1,451,480,481,-1,451,481,452,-1,452,481,482,-1,452,482,453,-1,453,482,483,-1,453,483,454,-1,454,483,484,-1,454,484,455,-1,455,484,485,-1,455,485,456,-1,456,485,486,-1,456,486,308,-1,308,486,306,-1,308,306,13,-1,13,306,6,-1,9,4,307,-1,307,4,305,-1,307,305,457,-1,457,305,487,-1,457,487,458,-1,458,487,488,-1,458,488,459,-1,459,488,489,-1,459,489,460,-1,460,489,490,-1,460,490,461,-1,461,490,491,-1,461,491,462,-1,462,491,492,-1,462,492,463,-1,463,492,493,-1,463,493,464,-1,464,493,494,-1,464,494,465,-1,465,494,495,-1,465,495,466,-1,466,495,496,-1,466,496,467,-1,467,496,497,-1,467,497,468,-1,468,497,498,-1,468,498,469,-1,469,498,499,-1,469,499,470,-1,470,499,500,-1,470,500,471,-1,471,500,501,-1,471,501,472,-1,472,501,502,-1,472,502,473,-1,473,502,503,-1,473,503,474,-1,474,503,504,-1,474,504,475,-1,475,504,505,-1,475,505,476,-1,476,505,506,-1,476,506,477,-1,477,506,507,-1,477,507,478,-1,478,507,508,-1,478,508,479,-1,479,508,509,-1,479,509,480,-1,480,509,510,-1,480,510,481,-1,481,510,511,-1,481,511,482,-1,482,511,512,-1,482,512,483,-1,483,512,513,-1,483,513,484,-1,484,513,514,-1,484,514,485,-1,485,514,515,-1,485,515,486,-1,486,515,516,-1,486,516,306,-1,306,516,304,-1,306,304,7,-1,7,304,0,-1,3,268,305,-1,305,268,303,-1,305,303,487,-1,487,303,517,-1,487,517,488,-1,488,517,518,-1,488,518,489,-1,489,518,519,-1,489,519,490,-1,490,519,520,-1,490,520,491,-1,491,520,521,-1,491,521,492,-1,492,521,522,-1,492,522,493,-1,493,522,523,-1,493,523,494,-1,494,523,524,-1,494,524,495,-1,495,524,525,-1,495,525,496,-1,496,525,526,-1,496,526,497,-1,497,526,527,-1,497,527,498,-1,498,527,528,-1,498,528,499,-1,499,528,529,-1,499,529,500,-1,500,529,530,-1,500,530,501,-1,501,530,531,-1,501,531,502,-1,502,531,532,-1,502,532,503,-1,503,532,533,-1,503,533,504,-1,504,533,534,-1,504,534,505,-1,505,534,535,-1,505,535,506,-1,506,535,536,-1,506,536,507,-1,507,536,537,-1,507,537,508,-1,508,537,538,-1,508,538,509,-1,509,538,539,-1,509,539,510,-1,510,539,540,-1,510,540,511,-1,511,540,541,-1,511,541,512,-1,512,541,542,-1,512,542,513,-1,513,542,543,-1,513,543,514,-1,514,543,544,-1,514,544,515,-1,515,544,545,-1,515,545,516,-1,516,545,546,-1,516,546,304,-1,304,546,547,-1,304,547,1,-1,1,547,269,-1,297,548,549,-1,550,299,549,-1,549,299,298,-1,549,298,297,-1,293,551,552,-1,297,296,548,-1,548,296,295,-1,548,295,552,-1,552,295,294,-1,552,294,293,-1,535,553,554,-1,555,537,554,-1,554,537,536,-1,554,536,535,-1,556,539,555,-1,555,539,538,-1,555,538,537,-1,557,541,556,-1,556,541,540,-1,556,540,539,-1,558,543,557,-1,557,543,542,-1,557,542,541,-1,289,559,560,-1,293,292,551,-1,551,292,291,-1,551,291,560,-1,560,291,290,-1,560,290,289,-1,561,562,530,-1,535,534,553,-1,553,534,533,-1,553,533,563,-1,563,533,532,-1,563,532,562,-1,562,532,531,-1,562,531,530,-1,564,545,558,-1,558,545,544,-1,558,544,543,-1,289,288,559,-1,559,288,287,-1,559,287,565,-1,565,287,286,-1,565,286,566,-1,567,301,550,-1,550,301,300,-1,550,300,299,-1,568,303,567,-1,567,303,302,-1,567,302,301,-1,569,518,568,-1,568,518,517,-1,568,517,303,-1,570,520,569,-1,569,520,519,-1,569,519,518,-1,571,522,570,-1,570,522,521,-1,570,521,520,-1,572,524,571,-1,571,524,523,-1,571,523,522,-1,573,526,572,-1,572,526,525,-1,572,525,524,-1,530,529,561,-1,561,529,528,-1,561,528,573,-1,573,528,527,-1,573,527,526,-1,574,547,564,-1,564,547,546,-1,564,546,545,-1,575,576,274,-1,577,578,280,-1,579,282,578,-1,578,282,281,-1,578,281,280,-1,286,285,566,-1,566,285,284,-1,566,284,579,-1,579,284,283,-1,579,283,282,-1,580,270,574,-1,574,270,269,-1,574,269,547,-1,274,273,575,-1,575,273,272,-1,575,272,580,-1,580,272,271,-1,580,271,270,-1,581,276,576,-1,576,276,275,-1,576,275,274,-1,280,279,577,-1,577,279,278,-1,577,278,581,-1,581,278,277,-1,581,277,276,-1,574,582,580,-1,580,582,583,-1,580,583,575,-1,575,583,584,-1,575,584,576,-1,576,584,585,-1,576,585,581,-1,581,585,586,-1,581,586,577,-1,577,586,587,-1,577,587,578,-1,578,587,588,-1,578,588,579,-1,579,588,589,-1,579,589,566,-1,566,589,590,-1,566,590,565,-1,565,590,591,-1,565,591,559,-1,559,591,592,-1,559,592,560,-1,560,592,593,-1,560,593,551,-1,551,593,594,-1,551,594,552,-1,552,594,595,-1,552,595,548,-1,548,595,596,-1,548,596,549,-1,549,596,597,-1,549,597,550,-1,550,597,598,-1,550,598,567,-1,567,598,599,-1,567,599,568,-1,568,599,600,-1,568,600,569,-1,569,600,601,-1,569,601,570,-1,570,601,602,-1,570,602,571,-1,571,602,603,-1,571,603,572,-1,572,603,604,-1,572,604,573,-1,573,604,605,-1,573,605,561,-1,561,605,606,-1,561,606,562,-1,562,606,607,-1,562,607,563,-1,563,607,608,-1,563,608,553,-1,553,608,609,-1,553,609,554,-1,554,609,610,-1,554,610,555,-1,555,610,611,-1,555,611,556,-1,556,611,612,-1,556,612,557,-1,557,612,613,-1,557,613,558,-1,558,613,614,-1,558,614,564,-1,564,614,615,-1,564,615,574,-1,574,615,582,-1,616,614,613,-1,617,611,610,-1,618,583,582,-1,615,619,582,-1,582,619,620,-1,582,620,618,-1,616,621,614,-1,614,621,622,-1,614,622,615,-1,615,622,623,-1,615,623,619,-1,609,624,610,-1,610,624,625,-1,610,625,617,-1,608,626,609,-1,609,626,627,-1,609,627,624,-1,607,628,608,-1,608,628,629,-1,608,629,626,-1,630,605,604,-1,631,587,586,-1,585,632,586,-1,586,632,633,-1,586,633,631,-1,584,634,585,-1,585,634,635,-1,585,635,632,-1,618,636,583,-1,583,636,637,-1,583,637,584,-1,584,637,638,-1,584,638,634,-1,612,639,613,-1,613,639,640,-1,613,640,616,-1,617,641,611,-1,611,641,642,-1,611,642,612,-1,612,642,643,-1,612,643,639,-1,606,644,607,-1,607,644,645,-1,607,645,628,-1,630,646,605,-1,605,646,647,-1,605,647,606,-1,606,647,648,-1,606,648,644,-1,649,589,588,-1,631,650,587,-1,587,650,651,-1,587,651,588,-1,588,651,652,-1,588,652,649,-1,653,603,602,-1,654,601,600,-1,599,655,600,-1,600,655,656,-1,600,656,654,-1,598,657,599,-1,599,657,658,-1,599,658,655,-1,653,659,603,-1,603,659,660,-1,603,660,604,-1,604,660,661,-1,604,661,630,-1,654,662,601,-1,601,662,663,-1,601,663,602,-1,602,663,664,-1,602,664,653,-1,596,595,665,-1,594,666,595,-1,595,666,667,-1,595,667,665,-1,597,668,598,-1,598,668,669,-1,598,669,657,-1,665,670,596,-1,596,670,671,-1,596,671,597,-1,597,671,672,-1,597,672,668,-1,673,591,590,-1,649,674,589,-1,589,674,675,-1,589,675,590,-1,590,675,676,-1,590,676,673,-1,593,677,594,-1,594,677,678,-1,594,678,666,-1,592,679,593,-1,593,679,680,-1,593,680,677,-1,673,681,591,-1,591,681,682,-1,591,682,592,-1,592,682,683,-1,592,683,679,-1,684,685,686,-1,687,688,689,-1,690,691,692,-1,693,694,695,-1,696,697,698,-1,699,700,701,-1,702,703,704,-1,705,706,707,-1,708,709,710,-1,711,712,713,-1,714,715,716,-1,717,718,719,-1,720,721,722,-1,657,669,723,-1,723,669,724,-1,723,724,725,-1,725,724,726,-1,725,726,727,-1,727,726,728,-1,727,728,729,-1,729,728,730,-1,729,730,731,-1,731,730,722,-1,672,671,732,-1,732,671,733,-1,732,733,734,-1,734,733,735,-1,734,735,736,-1,736,735,737,-1,736,737,738,-1,738,737,739,-1,738,739,740,-1,740,739,719,-1,677,680,741,-1,741,680,742,-1,741,742,743,-1,743,742,744,-1,743,744,745,-1,745,744,746,-1,745,746,747,-1,747,746,748,-1,747,748,749,-1,749,748,707,-1,683,682,750,-1,750,682,751,-1,750,751,752,-1,752,751,753,-1,752,753,754,-1,754,753,755,-1,754,755,756,-1,756,755,757,-1,756,757,758,-1,758,757,704,-1,676,675,759,-1,759,675,760,-1,759,760,761,-1,761,760,762,-1,761,762,763,-1,763,762,764,-1,763,764,765,-1,765,764,766,-1,765,766,767,-1,767,766,701,-1,649,652,768,-1,768,652,769,-1,768,769,770,-1,770,769,771,-1,770,771,772,-1,772,771,773,-1,772,773,774,-1,774,773,775,-1,774,775,776,-1,776,775,698,-1,631,633,777,-1,777,633,778,-1,777,778,779,-1,779,778,780,-1,779,780,781,-1,781,780,782,-1,781,782,783,-1,783,782,784,-1,783,784,785,-1,785,784,692,-1,635,634,786,-1,786,634,787,-1,786,787,788,-1,788,787,789,-1,788,789,790,-1,790,789,791,-1,790,791,792,-1,792,791,793,-1,792,793,794,-1,794,793,689,-1,637,636,795,-1,795,636,796,-1,795,796,797,-1,797,796,798,-1,797,798,799,-1,799,798,800,-1,799,800,801,-1,801,800,802,-1,801,802,803,-1,803,802,686,-1,658,657,804,-1,804,657,723,-1,804,723,805,-1,805,723,725,-1,805,725,806,-1,806,725,727,-1,806,727,807,-1,807,727,729,-1,807,729,808,-1,808,729,731,-1,808,731,809,-1,809,731,810,-1,722,721,731,-1,731,721,811,-1,731,811,810,-1,812,720,813,-1,813,720,722,-1,813,722,814,-1,814,722,730,-1,814,730,815,-1,815,730,728,-1,815,728,816,-1,816,728,726,-1,816,726,817,-1,817,726,724,-1,817,724,668,-1,668,724,669,-1,668,672,817,-1,817,672,732,-1,817,732,816,-1,816,732,734,-1,816,734,815,-1,815,734,736,-1,815,736,814,-1,814,736,738,-1,814,738,813,-1,813,738,740,-1,813,740,812,-1,812,740,818,-1,719,718,740,-1,740,718,819,-1,740,819,818,-1,820,717,821,-1,821,717,719,-1,821,719,822,-1,822,719,739,-1,822,739,823,-1,823,739,737,-1,823,737,824,-1,824,737,735,-1,824,735,825,-1,825,735,733,-1,825,733,670,-1,670,733,671,-1,670,665,825,-1,825,665,826,-1,825,826,824,-1,824,826,827,-1,824,827,823,-1,823,827,828,-1,823,828,822,-1,822,828,829,-1,822,829,821,-1,821,829,716,-1,821,716,820,-1,820,716,715,-1,712,714,713,-1,713,714,716,-1,713,716,830,-1,830,716,829,-1,830,829,831,-1,831,829,828,-1,831,828,832,-1,832,828,827,-1,832,827,833,-1,833,827,826,-1,833,826,667,-1,667,826,665,-1,709,711,710,-1,710,711,713,-1,710,713,834,-1,834,713,830,-1,834,830,835,-1,835,830,831,-1,835,831,836,-1,836,831,832,-1,836,832,837,-1,837,832,833,-1,837,833,666,-1,666,833,667,-1,838,708,839,-1,839,708,710,-1,839,710,840,-1,840,710,834,-1,840,834,841,-1,841,834,835,-1,841,835,842,-1,842,835,836,-1,842,836,843,-1,843,836,837,-1,843,837,678,-1,678,837,666,-1,678,677,843,-1,843,677,741,-1,843,741,842,-1,842,741,743,-1,842,743,841,-1,841,743,745,-1,841,745,840,-1,840,745,747,-1,840,747,839,-1,839,747,749,-1,839,749,838,-1,838,749,844,-1,707,706,749,-1,749,706,845,-1,749,845,844,-1,846,705,847,-1,847,705,707,-1,847,707,848,-1,848,707,748,-1,848,748,849,-1,849,748,746,-1,849,746,850,-1,850,746,744,-1,850,744,851,-1,851,744,742,-1,851,742,679,-1,679,742,680,-1,679,683,851,-1,851,683,750,-1,851,750,850,-1,850,750,752,-1,850,752,849,-1,849,752,754,-1,849,754,848,-1,848,754,756,-1,848,756,847,-1,847,756,758,-1,847,758,846,-1,846,758,852,-1,704,703,758,-1,758,703,853,-1,758,853,852,-1,854,702,855,-1,855,702,704,-1,855,704,856,-1,856,704,757,-1,856,757,857,-1,857,757,755,-1,857,755,858,-1,858,755,753,-1,858,753,859,-1,859,753,751,-1,859,751,681,-1,681,751,682,-1,681,673,859,-1,859,673,860,-1,859,860,858,-1,858,860,861,-1,858,861,857,-1,857,861,862,-1,857,862,856,-1,856,862,863,-1,856,863,855,-1,855,863,864,-1,855,864,854,-1,854,864,865,-1,673,676,860,-1,860,676,759,-1,860,759,861,-1,861,759,761,-1,861,761,862,-1,862,761,763,-1,862,763,863,-1,863,763,765,-1,863,765,864,-1,864,765,767,-1,864,767,865,-1,865,767,866,-1,701,700,767,-1,767,700,867,-1,767,867,866,-1,868,699,869,-1,869,699,701,-1,869,701,870,-1,870,701,766,-1,870,766,871,-1,871,766,764,-1,871,764,872,-1,872,764,762,-1,872,762,873,-1,873,762,760,-1,873,760,674,-1,674,760,675,-1,674,649,873,-1,873,649,768,-1,873,768,872,-1,872,768,770,-1,872,770,871,-1,871,770,772,-1,871,772,870,-1,870,772,774,-1,870,774,869,-1,869,774,776,-1,869,776,868,-1,868,776,874,-1,698,697,776,-1,776,697,875,-1,776,875,874,-1,876,696,877,-1,877,696,698,-1,877,698,878,-1,878,698,775,-1,878,775,879,-1,879,775,773,-1,879,773,880,-1,880,773,771,-1,880,771,881,-1,881,771,769,-1,881,769,651,-1,651,769,652,-1,651,650,881,-1,881,650,882,-1,881,882,880,-1,880,882,883,-1,880,883,879,-1,879,883,884,-1,879,884,878,-1,878,884,885,-1,878,885,877,-1,877,885,695,-1,877,695,876,-1,876,695,694,-1,886,693,785,-1,785,693,695,-1,785,695,783,-1,783,695,885,-1,783,885,781,-1,781,885,884,-1,781,884,779,-1,779,884,883,-1,779,883,777,-1,777,883,882,-1,777,882,631,-1,631,882,650,-1,692,691,785,-1,785,691,887,-1,785,887,886,-1,888,690,889,-1,889,690,692,-1,889,692,890,-1,890,692,784,-1,890,784,891,-1,891,784,782,-1,891,782,892,-1,892,782,780,-1,892,780,893,-1,893,780,778,-1,893,778,632,-1,632,778,633,-1,632,635,893,-1,893,635,786,-1,893,786,892,-1,892,786,788,-1,892,788,891,-1,891,788,790,-1,891,790,890,-1,890,790,792,-1,890,792,889,-1,889,792,794,-1,889,794,888,-1,888,794,894,-1,689,688,794,-1,794,688,895,-1,794,895,894,-1,896,687,897,-1,897,687,689,-1,897,689,898,-1,898,689,793,-1,898,793,899,-1,899,793,791,-1,899,791,900,-1,900,791,789,-1,900,789,901,-1,901,789,787,-1,901,787,638,-1,638,787,634,-1,638,637,901,-1,901,637,795,-1,901,795,900,-1,900,795,797,-1,900,797,899,-1,899,797,799,-1,899,799,898,-1,898,799,801,-1,898,801,897,-1,897,801,803,-1,897,803,896,-1,896,803,902,-1,686,685,803,-1,803,685,903,-1,803,903,902,-1,904,684,905,-1,905,684,686,-1,905,686,906,-1,906,686,802,-1,906,802,907,-1,907,802,800,-1,907,800,908,-1,908,800,798,-1,908,798,909,-1,909,798,796,-1,909,796,618,-1,618,796,636,-1,618,620,909,-1,909,620,910,-1,909,910,908,-1,908,910,911,-1,908,911,907,-1,907,911,912,-1,907,912,906,-1,906,912,913,-1,906,913,905,-1,905,913,914,-1,905,914,904,-1,904,914,915,-1,916,917,918,-1,919,920,921,-1,922,923,924,-1,925,926,927,-1,928,929,930,-1,931,932,933,-1,934,935,936,-1,937,938,939,-1,940,941,942,-1,943,944,945,-1,946,947,948,-1,949,950,951,-1,952,953,954,-1,955,956,957,-1,619,623,958,-1,958,623,959,-1,958,959,960,-1,960,959,961,-1,960,961,962,-1,962,961,963,-1,962,963,964,-1,964,963,965,-1,964,965,966,-1,966,965,957,-1,621,616,967,-1,967,616,968,-1,967,968,969,-1,969,968,970,-1,969,970,971,-1,971,970,972,-1,971,972,973,-1,973,972,974,-1,973,974,975,-1,975,974,954,-1,617,625,976,-1,976,625,977,-1,976,977,978,-1,978,977,979,-1,978,979,980,-1,980,979,981,-1,980,981,982,-1,982,981,983,-1,982,983,984,-1,984,983,942,-1,627,626,985,-1,985,626,986,-1,985,986,987,-1,987,986,988,-1,987,988,989,-1,989,988,990,-1,989,990,991,-1,991,990,992,-1,991,992,993,-1,993,992,939,-1,645,644,994,-1,994,644,995,-1,994,995,996,-1,996,995,997,-1,996,997,998,-1,998,997,999,-1,998,999,1000,-1,1000,999,1001,-1,1000,1001,1002,-1,1002,1001,936,-1,647,646,1003,-1,1003,646,1004,-1,1003,1004,1005,-1,1005,1004,1006,-1,1005,1006,1007,-1,1007,1006,1008,-1,1007,1008,1009,-1,1009,1008,1010,-1,1009,1010,1011,-1,1011,1010,933,-1,664,663,1012,-1,1012,663,1013,-1,1012,1013,1014,-1,1014,1013,1015,-1,1014,1015,1016,-1,1016,1015,1017,-1,1016,1017,1018,-1,1018,1017,1019,-1,1018,1019,1020,-1,1020,1019,921,-1,654,656,1021,-1,1021,656,1022,-1,1021,1022,1023,-1,1023,1022,1024,-1,1023,1024,1025,-1,1025,1024,1026,-1,1025,1026,1027,-1,1027,1026,1028,-1,1027,1028,1029,-1,1029,1028,918,-1,620,619,910,-1,910,619,958,-1,910,958,911,-1,911,958,960,-1,911,960,912,-1,912,960,962,-1,912,962,913,-1,913,962,964,-1,913,964,914,-1,914,964,966,-1,914,966,915,-1,915,966,1030,-1,957,956,966,-1,966,956,1031,-1,966,1031,1030,-1,1032,955,1033,-1,1033,955,957,-1,1033,957,1034,-1,1034,957,965,-1,1034,965,1035,-1,1035,965,963,-1,1035,963,1036,-1,1036,963,961,-1,1036,961,1037,-1,1037,961,959,-1,1037,959,622,-1,622,959,623,-1,622,621,1037,-1,1037,621,967,-1,1037,967,1036,-1,1036,967,969,-1,1036,969,1035,-1,1035,969,971,-1,1035,971,1034,-1,1034,971,973,-1,1034,973,1033,-1,1033,973,975,-1,1033,975,1032,-1,1032,975,1038,-1,954,953,975,-1,975,953,1039,-1,975,1039,1038,-1,1040,952,1041,-1,1041,952,954,-1,1041,954,1042,-1,1042,954,974,-1,1042,974,1043,-1,1043,974,972,-1,1043,972,1044,-1,1044,972,970,-1,1044,970,1045,-1,1045,970,968,-1,1045,968,640,-1,640,968,616,-1,640,639,1045,-1,1045,639,1046,-1,1045,1046,1044,-1,1044,1046,1047,-1,1044,1047,1043,-1,1043,1047,1048,-1,1043,1048,1042,-1,1042,1048,1049,-1,1042,1049,1041,-1,1041,1049,951,-1,1041,951,1040,-1,1040,951,950,-1,947,949,948,-1,948,949,951,-1,948,951,1050,-1,1050,951,1049,-1,1050,1049,1051,-1,1051,1049,1048,-1,1051,1048,1052,-1,1052,1048,1047,-1,1052,1047,1053,-1,1053,1047,1046,-1,1053,1046,643,-1,643,1046,639,-1,944,946,945,-1,945,946,948,-1,945,948,1054,-1,1054,948,1050,-1,1054,1050,1055,-1,1055,1050,1051,-1,1055,1051,1056,-1,1056,1051,1052,-1,1056,1052,1057,-1,1057,1052,1053,-1,1057,1053,642,-1,642,1053,643,-1,1058,943,1059,-1,1059,943,945,-1,1059,945,1060,-1,1060,945,1054,-1,1060,1054,1061,-1,1061,1054,1055,-1,1061,1055,1062,-1,1062,1055,1056,-1,1062,1056,1063,-1,1063,1056,1057,-1,1063,1057,641,-1,641,1057,642,-1,641,617,1063,-1,1063,617,976,-1,1063,976,1062,-1,1062,976,978,-1,1062,978,1061,-1,1061,978,980,-1,1061,980,1060,-1,1060,980,982,-1,1060,982,1059,-1,1059,982,984,-1,1059,984,1058,-1,1058,984,1064,-1,942,941,984,-1,984,941,1065,-1,984,1065,1064,-1,1066,940,1067,-1,1067,940,942,-1,1067,942,1068,-1,1068,942,983,-1,1068,983,1069,-1,1069,983,981,-1,1069,981,1070,-1,1070,981,979,-1,1070,979,1071,-1,1071,979,977,-1,1071,977,624,-1,624,977,625,-1,624,627,1071,-1,1071,627,985,-1,1071,985,1070,-1,1070,985,987,-1,1070,987,1069,-1,1069,987,989,-1,1069,989,1068,-1,1068,989,991,-1,1068,991,1067,-1,1067,991,993,-1,1067,993,1066,-1,1066,993,1072,-1,939,938,993,-1,993,938,1073,-1,993,1073,1072,-1,1074,937,1075,-1,1075,937,939,-1,1075,939,1076,-1,1076,939,992,-1,1076,992,1077,-1,1077,992,990,-1,1077,990,1078,-1,1078,990,988,-1,1078,988,1079,-1,1079,988,986,-1,1079,986,629,-1,629,986,626,-1,629,628,1079,-1,1079,628,1080,-1,1079,1080,1078,-1,1078,1080,1081,-1,1078,1081,1077,-1,1077,1081,1082,-1,1077,1082,1076,-1,1076,1082,1083,-1,1076,1083,1075,-1,1075,1083,1084,-1,1075,1084,1074,-1,1074,1084,1085,-1,628,645,1080,-1,1080,645,994,-1,1080,994,1081,-1,1081,994,996,-1,1081,996,1082,-1,1082,996,998,-1,1082,998,1083,-1,1083,998,1000,-1,1083,1000,1084,-1,1084,1000,1002,-1,1084,1002,1085,-1,1085,1002,1086,-1,936,935,1002,-1,1002,935,1087,-1,1002,1087,1086,-1,1088,934,1089,-1,1089,934,936,-1,1089,936,1090,-1,1090,936,1001,-1,1090,1001,1091,-1,1091,1001,999,-1,1091,999,1092,-1,1092,999,997,-1,1092,997,1093,-1,1093,997,995,-1,1093,995,648,-1,648,995,644,-1,648,647,1093,-1,1093,647,1003,-1,1093,1003,1092,-1,1092,1003,1005,-1,1092,1005,1091,-1,1091,1005,1007,-1,1091,1007,1090,-1,1090,1007,1009,-1,1090,1009,1089,-1,1089,1009,1011,-1,1089,1011,1088,-1,1088,1011,1094,-1,933,932,1011,-1,1011,932,1095,-1,1011,1095,1094,-1,1096,931,1097,-1,1097,931,933,-1,1097,933,1098,-1,1098,933,1010,-1,1098,1010,1099,-1,1099,1010,1008,-1,1099,1008,1100,-1,1100,1008,1006,-1,1100,1006,1101,-1,1101,1006,1004,-1,1101,1004,630,-1,630,1004,646,-1,630,661,1101,-1,1101,661,1102,-1,1101,1102,1100,-1,1100,1102,1103,-1,1100,1103,1099,-1,1099,1103,1104,-1,1099,1104,1098,-1,1098,1104,1105,-1,1098,1105,1097,-1,1097,1105,930,-1,1097,930,1096,-1,1096,930,929,-1,926,928,927,-1,927,928,930,-1,927,930,1106,-1,1106,930,1105,-1,1106,1105,1107,-1,1107,1105,1104,-1,1107,1104,1108,-1,1108,1104,1103,-1,1108,1103,1109,-1,1109,1103,1102,-1,1109,1102,660,-1,660,1102,661,-1,923,925,924,-1,924,925,927,-1,924,927,1110,-1,1110,927,1106,-1,1110,1106,1111,-1,1111,1106,1107,-1,1111,1107,1112,-1,1112,1107,1108,-1,1112,1108,1113,-1,1113,1108,1109,-1,1113,1109,659,-1,659,1109,660,-1,1114,922,1115,-1,1115,922,924,-1,1115,924,1116,-1,1116,924,1110,-1,1116,1110,1117,-1,1117,1110,1111,-1,1117,1111,1118,-1,1118,1111,1112,-1,1118,1112,1119,-1,1119,1112,1113,-1,1119,1113,653,-1,653,1113,659,-1,653,664,1119,-1,1119,664,1012,-1,1119,1012,1118,-1,1118,1012,1014,-1,1118,1014,1117,-1,1117,1014,1016,-1,1117,1016,1116,-1,1116,1016,1018,-1,1116,1018,1115,-1,1115,1018,1020,-1,1115,1020,1114,-1,1114,1020,1120,-1,921,920,1020,-1,1020,920,1121,-1,1020,1121,1120,-1,1122,919,1123,-1,1123,919,921,-1,1123,921,1124,-1,1124,921,1019,-1,1124,1019,1125,-1,1125,1019,1017,-1,1125,1017,1126,-1,1126,1017,1015,-1,1126,1015,1127,-1,1127,1015,1013,-1,1127,1013,662,-1,662,1013,663,-1,662,654,1127,-1,1127,654,1021,-1,1127,1021,1126,-1,1126,1021,1023,-1,1126,1023,1125,-1,1125,1023,1025,-1,1125,1025,1124,-1,1124,1025,1027,-1,1124,1027,1123,-1,1123,1027,1029,-1,1123,1029,1122,-1,1122,1029,1128,-1,918,917,1029,-1,1029,917,1129,-1,1029,1129,1128,-1,1130,916,1131,-1,1131,916,918,-1,1131,918,1132,-1,1132,918,1028,-1,1132,1028,1133,-1,1133,1028,1026,-1,1133,1026,1134,-1,1134,1026,1024,-1,1134,1024,1135,-1,1135,1024,1022,-1,1135,1022,655,-1,655,1022,656,-1,655,658,1135,-1,1135,658,804,-1,1135,804,1134,-1,1134,804,805,-1,1134,805,1133,-1,1133,805,806,-1,1133,806,1132,-1,1132,806,807,-1,1132,807,1131,-1,1131,807,808,-1,1131,808,1130,-1,1130,808,809,-1,1136,1137,934,-1,1138,915,1139,-1,1139,915,1030,-1,1139,1030,1140,-1,1140,1030,1031,-1,1140,1031,1141,-1,1141,1031,956,-1,1141,956,1142,-1,1142,956,955,-1,1142,955,1143,-1,1143,955,1032,-1,1143,1032,1144,-1,1144,1032,1038,-1,1144,1038,1145,-1,1145,1038,1039,-1,1145,1039,1146,-1,1146,1039,953,-1,1146,953,1147,-1,1147,953,952,-1,1147,952,1148,-1,1148,952,1040,-1,1148,1040,1149,-1,1149,1040,950,-1,1149,950,1150,-1,1150,950,949,-1,1150,949,1151,-1,1151,949,947,-1,1151,947,1152,-1,1152,947,946,-1,1152,946,1153,-1,1153,946,944,-1,1153,944,1154,-1,1154,944,943,-1,1154,943,1155,-1,1155,943,1058,-1,1155,1058,1156,-1,1156,1058,1064,-1,1156,1064,1157,-1,1157,1064,1065,-1,1157,1065,1158,-1,1158,1065,941,-1,1158,941,1159,-1,1159,941,940,-1,1159,940,1160,-1,1160,940,1066,-1,1160,1066,1161,-1,1161,1066,1072,-1,1161,1072,1162,-1,1162,1072,1073,-1,1162,1073,1163,-1,1163,1073,938,-1,1163,938,1164,-1,1164,938,1165,-1,1085,1166,1074,-1,1074,1166,1165,-1,1074,1165,937,-1,937,1165,938,-1,1087,1167,1086,-1,1086,1167,1168,-1,1086,1168,1085,-1,1085,1168,1169,-1,1085,1169,1166,-1,934,1137,935,-1,935,1137,1170,-1,935,1170,1087,-1,1087,1170,1171,-1,1087,1171,1167,-1,934,1088,1136,-1,1136,1088,1094,-1,1136,1094,1172,-1,1172,1094,1095,-1,1172,1095,1173,-1,1173,1095,932,-1,1173,932,1174,-1,1174,932,931,-1,1174,931,1175,-1,1175,931,1176,-1,931,1096,1176,-1,1176,1096,929,-1,1176,929,1177,-1,1177,929,928,-1,1177,928,1178,-1,1178,928,926,-1,1178,926,1179,-1,1179,926,1180,-1,1180,926,925,-1,1180,925,1181,-1,1181,925,923,-1,1181,923,1182,-1,923,922,1182,-1,1182,922,1114,-1,1182,1114,1183,-1,1183,1114,1120,-1,1183,1120,1184,-1,1184,1120,1121,-1,1184,1121,1185,-1,1185,1121,1186,-1,1186,1121,920,-1,1186,920,1187,-1,1187,920,919,-1,1187,919,1188,-1,1188,919,1122,-1,1188,1122,1189,-1,1189,1122,1128,-1,1189,1128,1129,-1,809,1190,1130,-1,1130,1190,1191,-1,1130,1191,916,-1,916,1191,1192,-1,916,1192,917,-1,917,1192,1193,-1,917,1193,1129,-1,1129,1193,1194,-1,1129,1194,1189,-1,1195,1196,696,-1,696,1196,697,-1,1197,853,703,-1,1197,703,1198,-1,1190,809,1199,-1,1199,809,810,-1,1199,810,1200,-1,1200,810,811,-1,1200,811,1201,-1,1201,811,721,-1,1201,721,1202,-1,1202,721,720,-1,1202,720,1203,-1,1203,720,812,-1,1203,812,1204,-1,1204,812,818,-1,1204,818,1205,-1,1205,818,819,-1,1205,819,1206,-1,1206,819,718,-1,1206,718,1207,-1,1207,718,717,-1,1207,717,1208,-1,1208,717,820,-1,1208,820,1209,-1,1209,820,715,-1,1209,715,1210,-1,1210,715,714,-1,1210,714,1211,-1,1211,714,712,-1,1211,712,1212,-1,1212,712,711,-1,1212,711,1213,-1,1213,711,709,-1,1213,709,1214,-1,1214,709,708,-1,1214,708,1215,-1,1215,708,838,-1,1215,838,1216,-1,1216,838,844,-1,1216,844,1217,-1,1217,844,845,-1,1217,845,1218,-1,1218,845,706,-1,1218,706,1219,-1,1219,706,705,-1,1219,705,1220,-1,1220,705,846,-1,1220,846,1221,-1,1221,846,852,-1,1221,852,1222,-1,1222,852,853,-1,1222,853,1223,-1,1223,853,1197,-1,703,702,1198,-1,1198,702,854,-1,1198,854,1224,-1,1224,854,865,-1,1196,1225,697,-1,697,1225,1226,-1,697,1226,875,-1,875,1226,1227,-1,875,1227,874,-1,874,1227,1228,-1,874,1228,868,-1,868,1228,1229,-1,868,1229,699,-1,699,1229,1230,-1,699,1230,700,-1,700,1230,1231,-1,700,1231,867,-1,867,1231,1232,-1,867,1232,866,-1,866,1232,1233,-1,866,1233,865,-1,865,1233,1234,-1,865,1234,1224,-1,696,876,1195,-1,1195,876,694,-1,1195,694,1235,-1,1235,694,693,-1,1235,693,1236,-1,1236,693,886,-1,1236,886,1237,-1,1237,886,887,-1,1237,887,1238,-1,1238,887,1239,-1,1239,887,691,-1,1239,691,1240,-1,895,1241,894,-1,894,1241,1242,-1,894,1242,888,-1,888,1242,1240,-1,888,1240,690,-1,690,1240,691,-1,915,1138,904,-1,904,1138,1243,-1,904,1243,684,-1,684,1243,1244,-1,684,1244,685,-1,685,1244,1245,-1,685,1245,903,-1,903,1245,1246,-1,903,1246,902,-1,902,1246,1247,-1,902,1247,896,-1,896,1247,1248,-1,896,1248,687,-1,687,1248,1249,-1,687,1249,688,-1,688,1249,1250,-1,688,1250,895,-1,895,1250,1251,-1,895,1251,1241,-1,1252,1253,1190,-1,1190,1199,1252,-1,1252,1199,1200,-1,1252,1200,1254,-1,1254,1200,1201,-1,1254,1201,1255,-1,1201,1202,1255,-1,1255,1202,1203,-1,1255,1203,1256,-1,1203,1204,1256,-1,1256,1204,1205,-1,1256,1205,1257,-1,1257,1205,1206,-1,1257,1206,1258,-1,1206,1207,1258,-1,1258,1207,1208,-1,1258,1208,1259,-1,1208,1209,1259,-1,1259,1209,1210,-1,1259,1210,1260,-1,1260,1210,1211,-1,1260,1211,1261,-1,1211,1212,1261,-1,1261,1212,1213,-1,1261,1213,1262,-1,1213,1214,1262,-1,1262,1214,1215,-1,1262,1215,1263,-1,1263,1215,1216,-1,1263,1216,1264,-1,1216,1217,1264,-1,1264,1217,1218,-1,1264,1218,1265,-1,1218,1219,1265,-1,1265,1219,1220,-1,1265,1220,1266,-1,1266,1220,1221,-1,1266,1221,1267,-1,1221,1222,1267,-1,1267,1222,1223,-1,1267,1223,1268,-1,1234,1269,1270,-1,1223,1197,1268,-1,1268,1197,1198,-1,1268,1198,1270,-1,1270,1198,1224,-1,1270,1224,1234,-1,1234,1233,1269,-1,1269,1233,1232,-1,1269,1232,1271,-1,1271,1232,1231,-1,1271,1231,1272,-1,1231,1230,1272,-1,1272,1230,1229,-1,1272,1229,1273,-1,1273,1229,1228,-1,1273,1228,1274,-1,1228,1227,1274,-1,1274,1227,1226,-1,1274,1226,1275,-1,1226,1225,1275,-1,1275,1225,1196,-1,1275,1196,1276,-1,1276,1196,1195,-1,1276,1195,1277,-1,1195,1235,1277,-1,1277,1235,1236,-1,1277,1236,1278,-1,1236,1237,1278,-1,1278,1237,1238,-1,1278,1238,1279,-1,1279,1238,1239,-1,1279,1239,1280,-1,1239,1240,1280,-1,1280,1240,1242,-1,1280,1242,1281,-1,1242,1241,1281,-1,1281,1241,1251,-1,1281,1251,1282,-1,1282,1251,1250,-1,1282,1250,1283,-1,1250,1249,1283,-1,1283,1249,1248,-1,1283,1248,1284,-1,1248,1247,1284,-1,1284,1247,1246,-1,1284,1246,1285,-1,1138,1286,1243,-1,1243,1286,1287,-1,1243,1287,1244,-1,1244,1287,1285,-1,1244,1285,1245,-1,1245,1285,1246,-1,1286,1288,1287,-1,1287,1288,1289,-1,1287,1289,1285,-1,1285,1289,1290,-1,1285,1290,1284,-1,1284,1290,1291,-1,1284,1291,1283,-1,1283,1291,1292,-1,1283,1292,1282,-1,1282,1292,1293,-1,1282,1293,1281,-1,1281,1293,1294,-1,1281,1294,1280,-1,1280,1294,1295,-1,1280,1295,1279,-1,1279,1295,1296,-1,1279,1296,1278,-1,1278,1296,1297,-1,1278,1297,1277,-1,1277,1297,1298,-1,1277,1298,1276,-1,1276,1298,1299,-1,1276,1299,1275,-1,1275,1299,1300,-1,1275,1300,1274,-1,1274,1300,1301,-1,1274,1301,1273,-1,1273,1301,1302,-1,1273,1302,1272,-1,1272,1302,1303,-1,1272,1303,1271,-1,1271,1303,1304,-1,1271,1304,1269,-1,1269,1304,1305,-1,1269,1305,1270,-1,1270,1305,1306,-1,1270,1306,1268,-1,1268,1306,1307,-1,1268,1307,1267,-1,1267,1307,1308,-1,1267,1308,1266,-1,1266,1308,1309,-1,1266,1309,1265,-1,1265,1309,1310,-1,1265,1310,1264,-1,1264,1310,1311,-1,1264,1311,1263,-1,1263,1311,1312,-1,1263,1312,1262,-1,1262,1312,1313,-1,1262,1313,1261,-1,1261,1313,1314,-1,1261,1314,1260,-1,1260,1314,1315,-1,1260,1315,1259,-1,1259,1315,1316,-1,1259,1316,1258,-1,1258,1316,1317,-1,1258,1317,1257,-1,1257,1317,1318,-1,1257,1318,1256,-1,1256,1318,1319,-1,1256,1319,1255,-1,1255,1319,1320,-1,1255,1320,1254,-1,1254,1320,1321,-1,1254,1321,1252,-1,1252,1321,1322,-1,1252,1322,1253,-1,1253,1322,1323,-1,1288,1324,1289,-1,1289,1324,1325,-1,1289,1325,1290,-1,1290,1325,1326,-1,1290,1326,1291,-1,1291,1326,1327,-1,1291,1327,1292,-1,1292,1327,1328,-1,1292,1328,1293,-1,1293,1328,1329,-1,1293,1329,1294,-1,1294,1329,1330,-1,1294,1330,1295,-1,1295,1330,1331,-1,1295,1331,1296,-1,1296,1331,1332,-1,1296,1332,1297,-1,1297,1332,1333,-1,1297,1333,1298,-1,1298,1333,1334,-1,1298,1334,1299,-1,1299,1334,1335,-1,1299,1335,1300,-1,1300,1335,1336,-1,1300,1336,1301,-1,1301,1336,1337,-1,1301,1337,1302,-1,1302,1337,1338,-1,1302,1338,1303,-1,1303,1338,1339,-1,1303,1339,1304,-1,1304,1339,1340,-1,1304,1340,1305,-1,1305,1340,1341,-1,1305,1341,1306,-1,1306,1341,1342,-1,1306,1342,1307,-1,1307,1342,1343,-1,1307,1343,1308,-1,1308,1343,1344,-1,1308,1344,1309,-1,1309,1344,1345,-1,1309,1345,1310,-1,1310,1345,1346,-1,1310,1346,1311,-1,1311,1346,1347,-1,1311,1347,1312,-1,1312,1347,1348,-1,1312,1348,1313,-1,1313,1348,1349,-1,1313,1349,1314,-1,1314,1349,1350,-1,1314,1350,1315,-1,1315,1350,1351,-1,1315,1351,1316,-1,1316,1351,1352,-1,1316,1352,1317,-1,1317,1352,1353,-1,1317,1353,1318,-1,1318,1353,1354,-1,1318,1354,1319,-1,1319,1354,1355,-1,1319,1355,1320,-1,1320,1355,1356,-1,1320,1356,1321,-1,1321,1356,1357,-1,1321,1357,1322,-1,1322,1357,1358,-1,1322,1358,1323,-1,1323,1358,1359,-1,1324,1360,1325,-1,1325,1360,1361,-1,1325,1361,1326,-1,1326,1361,1362,-1,1326,1362,1327,-1,1327,1362,1363,-1,1327,1363,1328,-1,1328,1363,1364,-1,1328,1364,1329,-1,1329,1364,1365,-1,1329,1365,1330,-1,1330,1365,1366,-1,1330,1366,1331,-1,1331,1366,1367,-1,1331,1367,1332,-1,1332,1367,1368,-1,1332,1368,1333,-1,1333,1368,1369,-1,1333,1369,1334,-1,1334,1369,1370,-1,1334,1370,1335,-1,1335,1370,1371,-1,1335,1371,1336,-1,1336,1371,1372,-1,1336,1372,1337,-1,1337,1372,1373,-1,1337,1373,1338,-1,1338,1373,1374,-1,1338,1374,1339,-1,1339,1374,1375,-1,1339,1375,1340,-1,1340,1375,1376,-1,1340,1376,1341,-1,1341,1376,1377,-1,1341,1377,1342,-1,1342,1377,1378,-1,1342,1378,1343,-1,1343,1378,1379,-1,1343,1379,1344,-1,1344,1379,1380,-1,1344,1380,1345,-1,1345,1380,1381,-1,1345,1381,1346,-1,1346,1381,1382,-1,1346,1382,1347,-1,1347,1382,1383,-1,1347,1383,1348,-1,1348,1383,1384,-1,1348,1384,1349,-1,1349,1384,1385,-1,1349,1385,1350,-1,1350,1385,1386,-1,1350,1386,1351,-1,1351,1386,1387,-1,1351,1387,1352,-1,1352,1387,1388,-1,1352,1388,1353,-1,1353,1388,1389,-1,1353,1389,1354,-1,1354,1389,1390,-1,1354,1390,1355,-1,1355,1390,1391,-1,1355,1391,1356,-1,1356,1391,1392,-1,1356,1392,1357,-1,1357,1392,1393,-1,1357,1393,1358,-1,1358,1393,1394,-1,1358,1394,1359,-1,1359,1394,1395,-1,1360,1396,1361,-1,1361,1396,1397,-1,1361,1397,1362,-1,1362,1397,1398,-1,1362,1398,1363,-1,1363,1398,1399,-1,1363,1399,1364,-1,1364,1399,1400,-1,1364,1400,1365,-1,1365,1400,1401,-1,1365,1401,1366,-1,1366,1401,1402,-1,1366,1402,1367,-1,1367,1402,1403,-1,1367,1403,1368,-1,1368,1403,1404,-1,1368,1404,1369,-1,1369,1404,1405,-1,1369,1405,1370,-1,1370,1405,1406,-1,1370,1406,1371,-1,1371,1406,1407,-1,1371,1407,1372,-1,1372,1407,1408,-1,1372,1408,1373,-1,1373,1408,1409,-1,1373,1409,1374,-1,1374,1409,1410,-1,1374,1410,1375,-1,1375,1410,1411,-1,1375,1411,1376,-1,1376,1411,1412,-1,1376,1412,1377,-1,1377,1412,1413,-1,1377,1413,1378,-1,1378,1413,1414,-1,1378,1414,1379,-1,1379,1414,1415,-1,1379,1415,1380,-1,1380,1415,1416,-1,1380,1416,1381,-1,1381,1416,1417,-1,1381,1417,1382,-1,1382,1417,1418,-1,1382,1418,1383,-1,1383,1418,1419,-1,1383,1419,1384,-1,1384,1419,1420,-1,1384,1420,1385,-1,1385,1420,1421,-1,1385,1421,1386,-1,1386,1421,1422,-1,1386,1422,1387,-1,1387,1422,1423,-1,1387,1423,1388,-1,1388,1423,1424,-1,1388,1424,1389,-1,1389,1424,1425,-1,1389,1425,1390,-1,1390,1425,1426,-1,1390,1426,1391,-1,1391,1426,1427,-1,1391,1427,1392,-1,1392,1427,1428,-1,1392,1428,1393,-1,1393,1428,1429,-1,1393,1429,1394,-1,1394,1429,1430,-1,1394,1430,1395,-1,1395,1430,1431,-1,1396,1432,1397,-1,1397,1432,1433,-1,1397,1433,1398,-1,1398,1433,1434,-1,1398,1434,1399,-1,1399,1434,1435,-1,1399,1435,1400,-1,1400,1435,1436,-1,1400,1436,1401,-1,1401,1436,1437,-1,1401,1437,1402,-1,1402,1437,1438,-1,1402,1438,1403,-1,1403,1438,1439,-1,1403,1439,1404,-1,1404,1439,1440,-1,1404,1440,1405,-1,1405,1440,1441,-1,1405,1441,1406,-1,1406,1441,1442,-1,1406,1442,1407,-1,1407,1442,1443,-1,1407,1443,1408,-1,1408,1443,1444,-1,1408,1444,1409,-1,1409,1444,1445,-1,1409,1445,1410,-1,1410,1445,1446,-1,1410,1446,1411,-1,1411,1446,1447,-1,1411,1447,1412,-1,1412,1447,1448,-1,1412,1448,1413,-1,1413,1448,1449,-1,1413,1449,1414,-1,1414,1449,1450,-1,1414,1450,1415,-1,1415,1450,1451,-1,1415,1451,1416,-1,1416,1451,1452,-1,1416,1452,1417,-1,1417,1452,1453,-1,1417,1453,1418,-1,1418,1453,1454,-1,1418,1454,1419,-1,1419,1454,1455,-1,1419,1455,1420,-1,1420,1455,1456,-1,1420,1456,1421,-1,1421,1456,1457,-1,1421,1457,1422,-1,1422,1457,1458,-1,1422,1458,1423,-1,1423,1458,1459,-1,1423,1459,1424,-1,1424,1459,1460,-1,1424,1460,1425,-1,1425,1460,1461,-1,1425,1461,1426,-1,1426,1461,1462,-1,1426,1462,1427,-1,1427,1462,1463,-1,1427,1463,1428,-1,1428,1463,1464,-1,1428,1464,1429,-1,1429,1464,1465,-1,1429,1465,1430,-1,1430,1465,1466,-1,1430,1466,1431,-1,1431,1466,1467,-1,1468,1286,1138,-1,1138,1139,1468,-1,1468,1139,1140,-1,1468,1140,1469,-1,1469,1140,1141,-1,1469,1141,1470,-1,1141,1142,1470,-1,1470,1142,1143,-1,1470,1143,1471,-1,1143,1144,1471,-1,1471,1144,1145,-1,1471,1145,1472,-1,1472,1145,1146,-1,1472,1146,1473,-1,1146,1147,1473,-1,1473,1147,1148,-1,1473,1148,1474,-1,1148,1149,1474,-1,1474,1149,1150,-1,1474,1150,1475,-1,1475,1150,1151,-1,1475,1151,1476,-1,1151,1152,1476,-1,1476,1152,1153,-1,1476,1153,1477,-1,1153,1154,1477,-1,1477,1154,1155,-1,1477,1155,1478,-1,1478,1155,1156,-1,1478,1156,1479,-1,1156,1157,1479,-1,1479,1157,1158,-1,1479,1158,1480,-1,1158,1159,1480,-1,1480,1159,1160,-1,1480,1160,1481,-1,1481,1160,1161,-1,1481,1161,1482,-1,1161,1162,1482,-1,1482,1162,1163,-1,1482,1163,1483,-1,1163,1164,1483,-1,1483,1164,1165,-1,1483,1165,1484,-1,1165,1166,1484,-1,1484,1166,1169,-1,1484,1169,1485,-1,1169,1168,1485,-1,1485,1168,1167,-1,1485,1167,1486,-1,1486,1167,1171,-1,1486,1171,1487,-1,1171,1170,1487,-1,1487,1170,1137,-1,1487,1137,1488,-1,1488,1137,1136,-1,1488,1136,1489,-1,1136,1172,1489,-1,1489,1172,1173,-1,1489,1173,1490,-1,1173,1174,1490,-1,1490,1174,1175,-1,1490,1175,1491,-1,1491,1175,1176,-1,1491,1176,1492,-1,1176,1177,1492,-1,1492,1177,1178,-1,1492,1178,1493,-1,1178,1179,1493,-1,1493,1179,1180,-1,1493,1180,1494,-1,1494,1180,1181,-1,1494,1181,1495,-1,1181,1182,1495,-1,1495,1182,1183,-1,1495,1183,1496,-1,1183,1184,1496,-1,1496,1184,1185,-1,1496,1185,1497,-1,1497,1185,1186,-1,1497,1186,1498,-1,1186,1187,1498,-1,1498,1187,1188,-1,1498,1188,1499,-1,1188,1189,1499,-1,1499,1189,1194,-1,1499,1194,1500,-1,1190,1253,1191,-1,1191,1253,1501,-1,1191,1501,1192,-1,1192,1501,1500,-1,1192,1500,1193,-1,1193,1500,1194,-1,1253,1323,1501,-1,1501,1323,1502,-1,1501,1502,1500,-1,1500,1502,1503,-1,1500,1503,1499,-1,1499,1503,1504,-1,1499,1504,1498,-1,1498,1504,1505,-1,1498,1505,1497,-1,1497,1505,1506,-1,1497,1506,1496,-1,1496,1506,1507,-1,1496,1507,1495,-1,1495,1507,1508,-1,1495,1508,1494,-1,1494,1508,1509,-1,1494,1509,1493,-1,1493,1509,1510,-1,1493,1510,1492,-1,1492,1510,1511,-1,1492,1511,1491,-1,1491,1511,1512,-1,1491,1512,1490,-1,1490,1512,1513,-1,1490,1513,1489,-1,1489,1513,1514,-1,1489,1514,1488,-1,1488,1514,1515,-1,1488,1515,1487,-1,1487,1515,1516,-1,1487,1516,1486,-1,1486,1516,1517,-1,1486,1517,1485,-1,1485,1517,1518,-1,1485,1518,1484,-1,1484,1518,1519,-1,1484,1519,1483,-1,1483,1519,1520,-1,1483,1520,1482,-1,1482,1520,1521,-1,1482,1521,1481,-1,1481,1521,1522,-1,1481,1522,1480,-1,1480,1522,1523,-1,1480,1523,1479,-1,1479,1523,1524,-1,1479,1524,1478,-1,1478,1524,1525,-1,1478,1525,1477,-1,1477,1525,1526,-1,1477,1526,1476,-1,1476,1526,1527,-1,1476,1527,1475,-1,1475,1527,1528,-1,1475,1528,1474,-1,1474,1528,1529,-1,1474,1529,1473,-1,1473,1529,1530,-1,1473,1530,1472,-1,1472,1530,1531,-1,1472,1531,1471,-1,1471,1531,1532,-1,1471,1532,1470,-1,1470,1532,1533,-1,1470,1533,1469,-1,1469,1533,1534,-1,1469,1534,1468,-1,1468,1534,1535,-1,1468,1535,1286,-1,1286,1535,1288,-1,1323,1359,1502,-1,1502,1359,1536,-1,1502,1536,1503,-1,1503,1536,1537,-1,1503,1537,1504,-1,1504,1537,1538,-1,1504,1538,1505,-1,1505,1538,1539,-1,1505,1539,1506,-1,1506,1539,1540,-1,1506,1540,1507,-1,1507,1540,1541,-1,1507,1541,1508,-1,1508,1541,1542,-1,1508,1542,1509,-1,1509,1542,1543,-1,1509,1543,1510,-1,1510,1543,1544,-1,1510,1544,1511,-1,1511,1544,1545,-1,1511,1545,1512,-1,1512,1545,1546,-1,1512,1546,1513,-1,1513,1546,1547,-1,1513,1547,1514,-1,1514,1547,1548,-1,1514,1548,1515,-1,1515,1548,1549,-1,1515,1549,1516,-1,1516,1549,1550,-1,1516,1550,1517,-1,1517,1550,1551,-1,1517,1551,1518,-1,1518,1551,1552,-1,1518,1552,1519,-1,1519,1552,1553,-1,1519,1553,1520,-1,1520,1553,1554,-1,1520,1554,1521,-1,1521,1554,1555,-1,1521,1555,1522,-1,1522,1555,1556,-1,1522,1556,1523,-1,1523,1556,1557,-1,1523,1557,1524,-1,1524,1557,1558,-1,1524,1558,1525,-1,1525,1558,1559,-1,1525,1559,1526,-1,1526,1559,1560,-1,1526,1560,1527,-1,1527,1560,1561,-1,1527,1561,1528,-1,1528,1561,1562,-1,1528,1562,1529,-1,1529,1562,1563,-1,1529,1563,1530,-1,1530,1563,1564,-1,1530,1564,1531,-1,1531,1564,1565,-1,1531,1565,1532,-1,1532,1565,1566,-1,1532,1566,1533,-1,1533,1566,1567,-1,1533,1567,1534,-1,1534,1567,1568,-1,1534,1568,1535,-1,1535,1568,1569,-1,1535,1569,1288,-1,1288,1569,1324,-1,1359,1395,1536,-1,1536,1395,1570,-1,1536,1570,1537,-1,1537,1570,1571,-1,1537,1571,1538,-1,1538,1571,1572,-1,1538,1572,1539,-1,1539,1572,1573,-1,1539,1573,1540,-1,1540,1573,1574,-1,1540,1574,1541,-1,1541,1574,1575,-1,1541,1575,1542,-1,1542,1575,1576,-1,1542,1576,1543,-1,1543,1576,1577,-1,1543,1577,1544,-1,1544,1577,1578,-1,1544,1578,1545,-1,1545,1578,1579,-1,1545,1579,1546,-1,1546,1579,1580,-1,1546,1580,1547,-1,1547,1580,1581,-1,1547,1581,1548,-1,1548,1581,1582,-1,1548,1582,1549,-1,1549,1582,1583,-1,1549,1583,1550,-1,1550,1583,1584,-1,1550,1584,1551,-1,1551,1584,1585,-1,1551,1585,1552,-1,1552,1585,1586,-1,1552,1586,1553,-1,1553,1586,1587,-1,1553,1587,1554,-1,1554,1587,1588,-1,1554,1588,1555,-1,1555,1588,1589,-1,1555,1589,1556,-1,1556,1589,1590,-1,1556,1590,1557,-1,1557,1590,1591,-1,1557,1591,1558,-1,1558,1591,1592,-1,1558,1592,1559,-1,1559,1592,1593,-1,1559,1593,1560,-1,1560,1593,1594,-1,1560,1594,1561,-1,1561,1594,1595,-1,1561,1595,1562,-1,1562,1595,1596,-1,1562,1596,1563,-1,1563,1596,1597,-1,1563,1597,1564,-1,1564,1597,1598,-1,1564,1598,1565,-1,1565,1598,1599,-1,1565,1599,1566,-1,1566,1599,1600,-1,1566,1600,1567,-1,1567,1600,1601,-1,1567,1601,1568,-1,1568,1601,1602,-1,1568,1602,1569,-1,1569,1602,1603,-1,1569,1603,1324,-1,1324,1603,1360,-1,1395,1431,1570,-1,1570,1431,1604,-1,1570,1604,1571,-1,1571,1604,1605,-1,1571,1605,1572,-1,1572,1605,1606,-1,1572,1606,1573,-1,1573,1606,1607,-1,1573,1607,1574,-1,1574,1607,1608,-1,1574,1608,1575,-1,1575,1608,1609,-1,1575,1609,1576,-1,1576,1609,1610,-1,1576,1610,1577,-1,1577,1610,1611,-1,1577,1611,1578,-1,1578,1611,1612,-1,1578,1612,1579,-1,1579,1612,1613,-1,1579,1613,1580,-1,1580,1613,1614,-1,1580,1614,1581,-1,1581,1614,1615,-1,1581,1615,1582,-1,1582,1615,1616,-1,1582,1616,1583,-1,1583,1616,1617,-1,1583,1617,1584,-1,1584,1617,1618,-1,1584,1618,1585,-1,1585,1618,1619,-1,1585,1619,1586,-1,1586,1619,1620,-1,1586,1620,1587,-1,1587,1620,1621,-1,1587,1621,1588,-1,1588,1621,1622,-1,1588,1622,1589,-1,1589,1622,1623,-1,1589,1623,1590,-1,1590,1623,1624,-1,1590,1624,1591,-1,1591,1624,1625,-1,1591,1625,1592,-1,1592,1625,1626,-1,1592,1626,1593,-1,1593,1626,1627,-1,1593,1627,1594,-1,1594,1627,1628,-1,1594,1628,1595,-1,1595,1628,1629,-1,1595,1629,1596,-1,1596,1629,1630,-1,1596,1630,1597,-1,1597,1630,1631,-1,1597,1631,1598,-1,1598,1631,1632,-1,1598,1632,1599,-1,1599,1632,1633,-1,1599,1633,1600,-1,1600,1633,1634,-1,1600,1634,1601,-1,1601,1634,1635,-1,1601,1635,1602,-1,1602,1635,1636,-1,1602,1636,1603,-1,1603,1636,1637,-1,1603,1637,1360,-1,1360,1637,1396,-1,1431,1467,1604,-1,1604,1467,1638,-1,1604,1638,1605,-1,1605,1638,1639,-1,1605,1639,1606,-1,1606,1639,1640,-1,1606,1640,1607,-1,1607,1640,1641,-1,1607,1641,1608,-1,1608,1641,1642,-1,1608,1642,1609,-1,1609,1642,1643,-1,1609,1643,1610,-1,1610,1643,1644,-1,1610,1644,1611,-1,1611,1644,1645,-1,1611,1645,1612,-1,1612,1645,1646,-1,1612,1646,1613,-1,1613,1646,1647,-1,1613,1647,1614,-1,1614,1647,1648,-1,1614,1648,1615,-1,1615,1648,1649,-1,1615,1649,1616,-1,1616,1649,1650,-1,1616,1650,1617,-1,1617,1650,1651,-1,1617,1651,1618,-1,1618,1651,1652,-1,1618,1652,1619,-1,1619,1652,1653,-1,1619,1653,1620,-1,1620,1653,1654,-1,1620,1654,1621,-1,1621,1654,1655,-1,1621,1655,1622,-1,1622,1655,1656,-1,1622,1656,1623,-1,1623,1656,1657,-1,1623,1657,1624,-1,1624,1657,1658,-1,1624,1658,1625,-1,1625,1658,1659,-1,1625,1659,1626,-1,1626,1659,1660,-1,1626,1660,1627,-1,1627,1660,1661,-1,1627,1661,1628,-1,1628,1661,1662,-1,1628,1662,1629,-1,1629,1662,1663,-1,1629,1663,1630,-1,1630,1663,1664,-1,1630,1664,1631,-1,1631,1664,1665,-1,1631,1665,1632,-1,1632,1665,1666,-1,1632,1666,1633,-1,1633,1666,1667,-1,1633,1667,1634,-1,1634,1667,1668,-1,1634,1668,1635,-1,1635,1668,1669,-1,1635,1669,1636,-1,1636,1669,1670,-1,1636,1670,1637,-1,1637,1670,1671,-1,1637,1671,1396,-1,1396,1671,1432,-1,1672,1662,1673,-1,1673,1662,1661,-1,1673,1661,1674,-1,1674,1661,1660,-1,1674,1660,1675,-1,1676,1666,1677,-1,1677,1666,1665,-1,1677,1665,1678,-1,1678,1665,1664,-1,1678,1664,1672,-1,1672,1664,1663,-1,1672,1663,1662,-1,1660,1659,1675,-1,1675,1659,1658,-1,1675,1658,1679,-1,1679,1658,1657,-1,1679,1657,1680,-1,1680,1657,1656,-1,1680,1656,1681,-1,1656,1655,1681,-1,1681,1655,1654,-1,1681,1654,1682,-1,1682,1654,1653,-1,1682,1653,1683,-1,1683,1653,1652,-1,1683,1652,1684,-1,1685,1465,1686,-1,1686,1465,1464,-1,1686,1464,1687,-1,1687,1464,1463,-1,1687,1463,1688,-1,1652,1651,1684,-1,1684,1651,1650,-1,1684,1650,1689,-1,1689,1650,1649,-1,1689,1649,1690,-1,1690,1649,1648,-1,1690,1648,1691,-1,1648,1647,1691,-1,1691,1647,1646,-1,1691,1646,1692,-1,1692,1646,1645,-1,1692,1645,1693,-1,1693,1645,1644,-1,1693,1644,1694,-1,1695,1437,1696,-1,1696,1437,1436,-1,1696,1436,1697,-1,1697,1436,1435,-1,1697,1435,1698,-1,1644,1643,1694,-1,1694,1643,1642,-1,1694,1642,1699,-1,1699,1642,1641,-1,1699,1641,1700,-1,1700,1641,1640,-1,1700,1640,1701,-1,1640,1639,1701,-1,1701,1639,1638,-1,1701,1638,1702,-1,1702,1638,1467,-1,1702,1467,1685,-1,1685,1467,1466,-1,1685,1466,1465,-1,1463,1462,1688,-1,1688,1462,1461,-1,1688,1461,1703,-1,1703,1461,1460,-1,1703,1460,1704,-1,1704,1460,1459,-1,1704,1459,1705,-1,1706,1449,1707,-1,1707,1449,1448,-1,1707,1448,1708,-1,1708,1448,1447,-1,1708,1447,1709,-1,1710,1441,1711,-1,1711,1441,1440,-1,1711,1440,1712,-1,1712,1440,1439,-1,1712,1439,1695,-1,1695,1439,1438,-1,1695,1438,1437,-1,1435,1434,1698,-1,1698,1434,1433,-1,1698,1433,1713,-1,1713,1433,1432,-1,1713,1432,1714,-1,1432,1671,1714,-1,1714,1671,1670,-1,1714,1670,1715,-1,1715,1670,1669,-1,1715,1669,1716,-1,1716,1669,1668,-1,1716,1668,1676,-1,1676,1668,1667,-1,1676,1667,1666,-1,1717,1453,1718,-1,1718,1453,1452,-1,1718,1452,1719,-1,1719,1452,1451,-1,1719,1451,1706,-1,1706,1451,1450,-1,1706,1450,1449,-1,1459,1458,1705,-1,1705,1458,1457,-1,1705,1457,1720,-1,1720,1457,1456,-1,1720,1456,1721,-1,1721,1456,1455,-1,1721,1455,1717,-1,1717,1455,1454,-1,1717,1454,1453,-1,1447,1446,1709,-1,1709,1446,1445,-1,1709,1445,1722,-1,1722,1445,1444,-1,1722,1444,1723,-1,1723,1444,1443,-1,1723,1443,1710,-1,1710,1443,1442,-1,1710,1442,1441,-1,1724,1702,1685,-1,1724,1685,1725,-1,1725,1685,1686,-1,1725,1686,1726,-1,1726,1686,1687,-1,1726,1687,1727,-1,1727,1687,1688,-1,1727,1688,1728,-1,1728,1688,1703,-1,1728,1703,1729,-1,1729,1703,1704,-1,1729,1704,1730,-1,1730,1704,1705,-1,1730,1705,1731,-1,1731,1705,1720,-1,1731,1720,1732,-1,1732,1720,1721,-1,1732,1721,1733,-1,1733,1721,1717,-1,1733,1717,1734,-1,1734,1717,1718,-1,1734,1718,1735,-1,1735,1718,1719,-1,1735,1719,1736,-1,1736,1719,1706,-1,1736,1706,1737,-1,1737,1706,1707,-1,1737,1707,1738,-1,1738,1707,1708,-1,1738,1708,1739,-1,1739,1708,1709,-1,1739,1709,1740,-1,1740,1709,1722,-1,1740,1722,1741,-1,1741,1722,1723,-1,1741,1723,1742,-1,1742,1723,1710,-1,1742,1710,1743,-1,1743,1710,1711,-1,1743,1711,1744,-1,1744,1711,1712,-1,1744,1712,1745,-1,1745,1712,1695,-1,1745,1695,1746,-1,1746,1695,1696,-1,1746,1696,1747,-1,1747,1696,1697,-1,1747,1697,1748,-1,1748,1697,1698,-1,1748,1698,1749,-1,1749,1698,1713,-1,1749,1713,1750,-1,1750,1713,1714,-1,1750,1714,1751,-1,1751,1714,1715,-1,1751,1715,1752,-1,1752,1715,1716,-1,1752,1716,1753,-1,1753,1716,1676,-1,1753,1676,1754,-1,1754,1676,1677,-1,1754,1677,1755,-1,1755,1677,1678,-1,1755,1678,1756,-1,1756,1678,1672,-1,1756,1672,1757,-1,1757,1672,1673,-1,1757,1673,1758,-1,1758,1673,1674,-1,1758,1674,1759,-1,1759,1674,1675,-1,1759,1675,1760,-1,1760,1675,1679,-1,1760,1679,1761,-1,1761,1679,1680,-1,1761,1680,1762,-1,1762,1680,1681,-1,1762,1681,1763,-1,1763,1681,1682,-1,1763,1682,1764,-1,1764,1682,1683,-1,1764,1683,1765,-1,1765,1683,1684,-1,1765,1684,1766,-1,1766,1684,1689,-1,1766,1689,1767,-1,1767,1689,1690,-1,1767,1690,1768,-1,1768,1690,1691,-1,1768,1691,1769,-1,1769,1691,1692,-1,1769,1692,1770,-1,1770,1692,1693,-1,1770,1693,1771,-1,1771,1693,1694,-1,1771,1694,1772,-1,1772,1694,1699,-1,1772,1699,1773,-1,1773,1699,1700,-1,1773,1700,1774,-1,1774,1700,1701,-1,1774,1701,1775,-1,1775,1701,1702,-1,1775,1702,1724,-1,1763,1776,1762,-1,1762,1776,1777,-1,1762,1777,1761,-1,1761,1777,1778,-1,1761,1778,1760,-1,1778,1779,1760,-1,1760,1779,1780,-1,1760,1780,1759,-1,1759,1780,1781,-1,1759,1781,1758,-1,1758,1781,1782,-1,1758,1782,1757,-1,1754,1783,1753,-1,1753,1783,1784,-1,1753,1784,1752,-1,1752,1784,1785,-1,1752,1785,1751,-1,1782,1786,1757,-1,1757,1786,1787,-1,1757,1787,1756,-1,1756,1787,1788,-1,1756,1788,1755,-1,1755,1788,1789,-1,1755,1789,1754,-1,1754,1789,1790,-1,1754,1790,1783,-1,1785,1791,1751,-1,1751,1791,1792,-1,1751,1792,1750,-1,1750,1792,1793,-1,1750,1793,1749,-1,1769,1794,1768,-1,1768,1794,1795,-1,1768,1795,1767,-1,1767,1795,1796,-1,1767,1796,1766,-1,1728,1797,1727,-1,1727,1797,1798,-1,1727,1798,1726,-1,1726,1798,1799,-1,1726,1799,1725,-1,1772,1800,1771,-1,1771,1800,1801,-1,1771,1801,1770,-1,1770,1801,1802,-1,1770,1802,1769,-1,1769,1802,1803,-1,1769,1803,1794,-1,1796,1804,1766,-1,1766,1804,1805,-1,1766,1805,1765,-1,1765,1805,1806,-1,1765,1806,1764,-1,1764,1806,1807,-1,1764,1807,1763,-1,1763,1807,1808,-1,1763,1808,1776,-1,1746,1809,1745,-1,1745,1809,1810,-1,1745,1810,1744,-1,1744,1810,1811,-1,1744,1811,1743,-1,1799,1812,1725,-1,1725,1812,1813,-1,1725,1813,1724,-1,1724,1813,1814,-1,1724,1814,1775,-1,1814,1815,1775,-1,1775,1815,1816,-1,1775,1816,1774,-1,1774,1816,1817,-1,1774,1817,1773,-1,1773,1817,1818,-1,1773,1818,1772,-1,1772,1818,1819,-1,1772,1819,1800,-1,1793,1820,1749,-1,1749,1820,1821,-1,1749,1821,1748,-1,1748,1821,1822,-1,1748,1822,1747,-1,1747,1822,1823,-1,1747,1823,1746,-1,1746,1823,1824,-1,1746,1824,1809,-1,1811,1825,1743,-1,1743,1825,1826,-1,1743,1826,1742,-1,1742,1826,1827,-1,1742,1827,1741,-1,1741,1827,1828,-1,1741,1828,1740,-1,1731,1829,1730,-1,1730,1829,1830,-1,1730,1830,1729,-1,1729,1830,1831,-1,1729,1831,1728,-1,1728,1831,1832,-1,1728,1832,1797,-1,1828,1833,1740,-1,1740,1833,1834,-1,1740,1834,1739,-1,1739,1834,1835,-1,1739,1835,1738,-1,1738,1835,1836,-1,1738,1836,1737,-1,1734,1837,1733,-1,1733,1837,1838,-1,1733,1838,1732,-1,1732,1838,1839,-1,1732,1839,1731,-1,1731,1839,1840,-1,1731,1840,1829,-1,1836,1841,1737,-1,1737,1841,1842,-1,1737,1842,1736,-1,1736,1842,1843,-1,1736,1843,1735,-1,1735,1843,1844,-1,1735,1844,1734,-1,1734,1844,1845,-1,1734,1845,1837,-1,1846,1847,1848,-1,1849,1850,1851,-1,1852,1853,1854,-1,1855,1856,1857,-1,1858,1859,1860,-1,1861,1862,1863,-1,1864,1865,1866,-1,1867,1868,1869,-1,1870,1871,1872,-1,1873,1874,1875,-1,1876,1877,1878,-1,1879,1880,1881,-1,1882,1883,1884,-1,1885,1886,1887,-1,1888,1889,1890,-1,1891,1892,1893,-1,1813,1812,1894,-1,1894,1812,1895,-1,1894,1895,1896,-1,1896,1895,1897,-1,1896,1897,1898,-1,1898,1897,1899,-1,1898,1899,1900,-1,1900,1899,1901,-1,1900,1901,1902,-1,1902,1901,1893,-1,1798,1797,1903,-1,1903,1797,1904,-1,1903,1904,1905,-1,1905,1904,1906,-1,1905,1906,1907,-1,1907,1906,1908,-1,1907,1908,1909,-1,1909,1908,1910,-1,1909,1910,1911,-1,1911,1910,1890,-1,1831,1830,1912,-1,1912,1830,1913,-1,1912,1913,1914,-1,1914,1913,1915,-1,1914,1915,1916,-1,1916,1915,1917,-1,1916,1917,1918,-1,1918,1917,1919,-1,1918,1919,1920,-1,1920,1919,1887,-1,1840,1839,1921,-1,1921,1839,1922,-1,1921,1922,1923,-1,1923,1922,1924,-1,1923,1924,1925,-1,1925,1924,1926,-1,1925,1926,1927,-1,1927,1926,1928,-1,1927,1928,1929,-1,1929,1928,1884,-1,1835,1834,1930,-1,1930,1834,1931,-1,1930,1931,1932,-1,1932,1931,1933,-1,1932,1933,1934,-1,1934,1933,1935,-1,1934,1935,1936,-1,1936,1935,1937,-1,1936,1937,1938,-1,1938,1937,1866,-1,1828,1827,1939,-1,1939,1827,1940,-1,1939,1940,1941,-1,1941,1940,1942,-1,1941,1942,1943,-1,1943,1942,1944,-1,1943,1944,1945,-1,1945,1944,1946,-1,1945,1946,1947,-1,1947,1946,1863,-1,1825,1811,1948,-1,1948,1811,1949,-1,1948,1949,1950,-1,1950,1949,1951,-1,1950,1951,1952,-1,1952,1951,1953,-1,1952,1953,1954,-1,1954,1953,1955,-1,1954,1955,1956,-1,1956,1955,1860,-1,1814,1813,1957,-1,1957,1813,1894,-1,1957,1894,1958,-1,1958,1894,1896,-1,1958,1896,1959,-1,1959,1896,1898,-1,1959,1898,1960,-1,1960,1898,1900,-1,1960,1900,1961,-1,1961,1900,1902,-1,1961,1902,1962,-1,1962,1902,1963,-1,1893,1892,1902,-1,1902,1892,1964,-1,1902,1964,1963,-1,1965,1891,1966,-1,1966,1891,1893,-1,1966,1893,1967,-1,1967,1893,1901,-1,1967,1901,1968,-1,1968,1901,1899,-1,1968,1899,1969,-1,1969,1899,1897,-1,1969,1897,1970,-1,1970,1897,1895,-1,1970,1895,1799,-1,1799,1895,1812,-1,1799,1798,1970,-1,1970,1798,1903,-1,1970,1903,1969,-1,1969,1903,1905,-1,1969,1905,1968,-1,1968,1905,1907,-1,1968,1907,1967,-1,1967,1907,1909,-1,1967,1909,1966,-1,1966,1909,1911,-1,1966,1911,1965,-1,1965,1911,1971,-1,1890,1889,1911,-1,1911,1889,1972,-1,1911,1972,1971,-1,1973,1888,1974,-1,1974,1888,1890,-1,1974,1890,1975,-1,1975,1890,1910,-1,1975,1910,1976,-1,1976,1910,1908,-1,1976,1908,1977,-1,1977,1908,1906,-1,1977,1906,1978,-1,1978,1906,1904,-1,1978,1904,1832,-1,1832,1904,1797,-1,1832,1831,1978,-1,1978,1831,1912,-1,1978,1912,1977,-1,1977,1912,1914,-1,1977,1914,1976,-1,1976,1914,1916,-1,1976,1916,1975,-1,1975,1916,1918,-1,1975,1918,1974,-1,1974,1918,1920,-1,1974,1920,1973,-1,1973,1920,1979,-1,1887,1886,1920,-1,1920,1886,1980,-1,1920,1980,1979,-1,1981,1885,1982,-1,1982,1885,1887,-1,1982,1887,1983,-1,1983,1887,1919,-1,1983,1919,1984,-1,1984,1919,1917,-1,1984,1917,1985,-1,1985,1917,1915,-1,1985,1915,1986,-1,1986,1915,1913,-1,1986,1913,1829,-1,1829,1913,1830,-1,1829,1840,1986,-1,1986,1840,1921,-1,1986,1921,1985,-1,1985,1921,1923,-1,1985,1923,1984,-1,1984,1923,1925,-1,1984,1925,1983,-1,1983,1925,1927,-1,1983,1927,1982,-1,1982,1927,1929,-1,1982,1929,1981,-1,1981,1929,1987,-1,1884,1883,1929,-1,1929,1883,1988,-1,1929,1988,1987,-1,1989,1882,1990,-1,1990,1882,1884,-1,1990,1884,1991,-1,1991,1884,1928,-1,1991,1928,1992,-1,1992,1928,1926,-1,1992,1926,1993,-1,1993,1926,1924,-1,1993,1924,1994,-1,1994,1924,1922,-1,1994,1922,1838,-1,1838,1922,1839,-1,1838,1837,1994,-1,1994,1837,1995,-1,1994,1995,1993,-1,1993,1995,1996,-1,1993,1996,1992,-1,1992,1996,1997,-1,1992,1997,1991,-1,1991,1997,1998,-1,1991,1998,1990,-1,1990,1998,1881,-1,1990,1881,1989,-1,1989,1881,1880,-1,1877,1879,1878,-1,1878,1879,1881,-1,1878,1881,1999,-1,1999,1881,1998,-1,1999,1998,2000,-1,2000,1998,1997,-1,2000,1997,2001,-1,2001,1997,1996,-1,2001,1996,2002,-1,2002,1996,1995,-1,2002,1995,1845,-1,1845,1995,1837,-1,2003,1876,2004,-1,2004,1876,1878,-1,2004,1878,2005,-1,2005,1878,1999,-1,2005,1999,2006,-1,2006,1999,2000,-1,2006,2000,2007,-1,2007,2000,2001,-1,2007,2001,2008,-1,2008,2001,2002,-1,2008,2002,1844,-1,1844,2002,1845,-1,1844,1843,2008,-1,2008,1843,2009,-1,2008,2009,2007,-1,2007,2009,2010,-1,2007,2010,2006,-1,2006,2010,2011,-1,2006,2011,2005,-1,2005,2011,2012,-1,2005,2012,2004,-1,2004,2012,1875,-1,2004,1875,2003,-1,2003,1875,1874,-1,1871,1873,1872,-1,1872,1873,1875,-1,1872,1875,2013,-1,2013,1875,2012,-1,2013,2012,2014,-1,2014,2012,2011,-1,2014,2011,2015,-1,2015,2011,2010,-1,2015,2010,2016,-1,2016,2010,2009,-1,2016,2009,1842,-1,1842,2009,1843,-1,1868,1870,1869,-1,1869,1870,1872,-1,1869,1872,2017,-1,2017,1872,2013,-1,2017,2013,2018,-1,2018,2013,2014,-1,2018,2014,2019,-1,2019,2014,2015,-1,2019,2015,2020,-1,2020,2015,2016,-1,2020,2016,1841,-1,1841,2016,1842,-1,2021,1867,2022,-1,2022,1867,1869,-1,2022,1869,2023,-1,2023,1869,2017,-1,2023,2017,2024,-1,2024,2017,2018,-1,2024,2018,2025,-1,2025,2018,2019,-1,2025,2019,2026,-1,2026,2019,2020,-1,2026,2020,1836,-1,1836,2020,1841,-1,1836,1835,2026,-1,2026,1835,1930,-1,2026,1930,2025,-1,2025,1930,1932,-1,2025,1932,2024,-1,2024,1932,1934,-1,2024,1934,2023,-1,2023,1934,1936,-1,2023,1936,2022,-1,2022,1936,1938,-1,2022,1938,2021,-1,2021,1938,2027,-1,1866,1865,1938,-1,1938,1865,2028,-1,1938,2028,2027,-1,2029,1864,2030,-1,2030,1864,1866,-1,2030,1866,2031,-1,2031,1866,1937,-1,2031,1937,2032,-1,2032,1937,1935,-1,2032,1935,2033,-1,2033,1935,1933,-1,2033,1933,2034,-1,2034,1933,1931,-1,2034,1931,1833,-1,1833,1931,1834,-1,1833,1828,2034,-1,2034,1828,1939,-1,2034,1939,2033,-1,2033,1939,1941,-1,2033,1941,2032,-1,2032,1941,1943,-1,2032,1943,2031,-1,2031,1943,1945,-1,2031,1945,2030,-1,2030,1945,1947,-1,2030,1947,2029,-1,2029,1947,2035,-1,1863,1862,1947,-1,1947,1862,2036,-1,1947,2036,2035,-1,2037,1861,2038,-1,2038,1861,1863,-1,2038,1863,2039,-1,2039,1863,1946,-1,2039,1946,2040,-1,2040,1946,1944,-1,2040,1944,2041,-1,2041,1944,1942,-1,2041,1942,2042,-1,2042,1942,1940,-1,2042,1940,1826,-1,1826,1940,1827,-1,1826,1825,2042,-1,2042,1825,1948,-1,2042,1948,2041,-1,2041,1948,1950,-1,2041,1950,2040,-1,2040,1950,1952,-1,2040,1952,2039,-1,2039,1952,1954,-1,2039,1954,2038,-1,2038,1954,1956,-1,2038,1956,2037,-1,2037,1956,2043,-1,1860,1859,1956,-1,1956,1859,2044,-1,1956,2044,2043,-1,2045,1858,2046,-1,2046,1858,1860,-1,2046,1860,2047,-1,2047,1860,1955,-1,2047,1955,2048,-1,2048,1955,1953,-1,2048,1953,2049,-1,2049,1953,1951,-1,2049,1951,2050,-1,2050,1951,1949,-1,2050,1949,1810,-1,1810,1949,1811,-1,1810,1809,2050,-1,2050,1809,2051,-1,2050,2051,2049,-1,2049,2051,2052,-1,2049,2052,2048,-1,2048,2052,2053,-1,2048,2053,2047,-1,2047,2053,2054,-1,2047,2054,2046,-1,2046,2054,1857,-1,2046,1857,2045,-1,2045,1857,1856,-1,1853,1855,1854,-1,1854,1855,1857,-1,1854,1857,2055,-1,2055,1857,2054,-1,2055,2054,2056,-1,2056,2054,2053,-1,2056,2053,2057,-1,2057,2053,2052,-1,2057,2052,2058,-1,2058,2052,2051,-1,2058,2051,1824,-1,1824,2051,1809,-1,2059,1852,2060,-1,2060,1852,1854,-1,2060,1854,2061,-1,2061,1854,2055,-1,2061,2055,2062,-1,2062,2055,2056,-1,2062,2056,2063,-1,2063,2056,2057,-1,2063,2057,2064,-1,2064,2057,2058,-1,2064,2058,1823,-1,1823,2058,1824,-1,1823,1822,2064,-1,2064,1822,2065,-1,2064,2065,2063,-1,2063,2065,2066,-1,2063,2066,2062,-1,2062,2066,2067,-1,2062,2067,2061,-1,2061,2067,2068,-1,2061,2068,2060,-1,2060,2068,1851,-1,2060,1851,2059,-1,2059,1851,1850,-1,1847,1849,1848,-1,1848,1849,1851,-1,1848,1851,2069,-1,2069,1851,2068,-1,2069,2068,2070,-1,2070,2068,2067,-1,2070,2067,2071,-1,2071,2067,2066,-1,2071,2066,2072,-1,2072,2066,2065,-1,2072,2065,1821,-1,1821,2065,1822,-1,2073,1846,2074,-1,2074,1846,1848,-1,2074,1848,2075,-1,2075,1848,2069,-1,2075,2069,2076,-1,2076,2069,2070,-1,2076,2070,2077,-1,2077,2070,2071,-1,2077,2071,2078,-1,2078,2071,2072,-1,2078,2072,1820,-1,1820,2072,1821,-1,1820,1793,2078,-1,2078,1793,2079,-1,2078,2079,2077,-1,2077,2079,2080,-1,2077,2080,2076,-1,2076,2080,2081,-1,2076,2081,2075,-1,2075,2081,2082,-1,2075,2082,2074,-1,2074,2082,2083,-1,2074,2083,2073,-1,2073,2083,2084,-1,2084,113,2073,-1,2073,113,115,-1,2073,115,1846,-1,1846,115,116,-1,1846,116,1847,-1,1847,116,111,-1,1847,111,1849,-1,1849,111,109,-1,1849,109,1850,-1,1850,109,108,-1,1850,108,2059,-1,2059,108,106,-1,2059,106,1852,-1,1852,106,105,-1,1852,105,1853,-1,1853,105,103,-1,1853,103,1855,-1,1855,103,101,-1,1855,101,1856,-1,1856,101,100,-1,1856,100,2045,-1,2045,100,98,-1,2045,98,1858,-1,1858,98,97,-1,1858,97,1859,-1,1859,97,95,-1,1859,95,2044,-1,2044,95,94,-1,2044,94,2043,-1,2043,94,92,-1,84,2029,85,-1,85,2029,2035,-1,85,2035,87,-1,87,2035,2036,-1,87,2036,89,-1,89,2036,1862,-1,89,1862,90,-1,90,1862,1861,-1,90,1861,92,-1,92,1861,2037,-1,92,2037,2043,-1,58,1989,60,-1,60,1989,1880,-1,60,1880,61,-1,61,1880,1879,-1,61,1879,63,-1,63,1879,1877,-1,63,1877,65,-1,65,1877,1876,-1,65,1876,66,-1,66,1876,2003,-1,66,2003,68,-1,68,2003,1874,-1,68,1874,69,-1,69,1874,1873,-1,69,1873,71,-1,71,1873,1871,-1,71,1871,72,-1,72,1871,1870,-1,72,1870,74,-1,74,1870,1868,-1,74,1868,76,-1,76,1868,1867,-1,76,1867,77,-1,77,1867,2021,-1,77,2021,79,-1,79,2021,2027,-1,79,2027,80,-1,80,2027,2028,-1,80,2028,82,-1,82,2028,1865,-1,82,1865,84,-1,84,1865,1864,-1,84,1864,2029,-1,43,1973,45,-1,45,1973,1979,-1,45,1979,47,-1,47,1979,1980,-1,47,1980,48,-1,48,1980,1886,-1,48,1886,50,-1,50,1886,1885,-1,50,1885,51,-1,51,1885,1981,-1,51,1981,53,-1,53,1981,1987,-1,53,1987,55,-1,55,1987,1988,-1,55,1988,56,-1,56,1988,1883,-1,56,1883,58,-1,58,1883,1882,-1,58,1882,1989,-1,30,1962,31,-1,31,1962,1963,-1,31,1963,32,-1,32,1963,1964,-1,32,1964,34,-1,34,1964,1892,-1,34,1892,36,-1,36,1892,1891,-1,36,1891,37,-1,37,1891,1965,-1,37,1965,39,-1,39,1965,1971,-1,39,1971,40,-1,40,1971,1972,-1,40,1972,42,-1,42,1972,1889,-1,42,1889,43,-1,43,1889,1888,-1,43,1888,1973,-1,373,2085,375,-1,375,2085,2086,-1,375,2086,377,-1,377,2086,2087,-1,377,2087,378,-1,378,2087,2088,-1,378,2088,380,-1,380,2088,2089,-1,380,2089,381,-1,381,2089,2090,-1,381,2090,383,-1,383,2090,2091,-1,383,2091,384,-1,384,2091,2092,-1,384,2092,386,-1,386,2092,2093,-1,386,2093,388,-1,388,2093,2094,-1,388,2094,389,-1,389,2094,2095,-1,389,2095,391,-1,391,2095,2096,-1,391,2096,392,-1,392,2096,2097,-1,392,2097,394,-1,394,2097,2098,-1,394,2098,396,-1,396,2098,2099,-1,396,2099,395,-1,395,2099,2100,-1,395,2100,30,-1,30,2100,1962,-1,367,2101,368,-1,368,2101,2102,-1,368,2102,370,-1,370,2102,2103,-1,370,2103,372,-1,372,2103,2104,-1,372,2104,373,-1,373,2104,2105,-1,373,2105,2085,-1,341,2106,343,-1,343,2106,2107,-1,343,2107,344,-1,344,2107,2108,-1,344,2108,346,-1,346,2108,2109,-1,346,2109,348,-1,348,2109,2110,-1,348,2110,349,-1,349,2110,2111,-1,349,2111,351,-1,351,2111,2112,-1,351,2112,352,-1,352,2112,2113,-1,352,2113,354,-1,354,2113,2114,-1,354,2114,355,-1,355,2114,2115,-1,355,2115,357,-1,357,2115,2116,-1,357,2116,359,-1,359,2116,2117,-1,359,2117,360,-1,360,2117,2118,-1,360,2118,362,-1,362,2118,2119,-1,362,2119,363,-1,363,2119,2120,-1,363,2120,365,-1,365,2120,2121,-1,365,2121,367,-1,367,2121,2122,-1,367,2122,2101,-1,2123,2124,334,-1,334,2124,2125,-1,334,2125,336,-1,336,2125,2126,-1,336,2126,338,-1,338,2126,2127,-1,338,2127,339,-1,339,2127,2128,-1,339,2128,341,-1,341,2128,2129,-1,341,2129,2106,-1,334,333,2123,-1,2123,333,331,-1,2123,331,2130,-1,2130,331,330,-1,2130,330,2131,-1,2131,330,328,-1,2131,328,2132,-1,2132,328,2133,-1,2133,328,326,-1,2133,326,2134,-1,2134,326,325,-1,2134,325,2135,-1,319,2136,320,-1,320,2136,2137,-1,320,2137,322,-1,322,2137,2135,-1,322,2135,323,-1,323,2135,325,-1,113,2084,313,-1,313,2084,2138,-1,313,2138,315,-1,315,2138,2139,-1,315,2139,317,-1,317,2139,2140,-1,317,2140,319,-1,319,2140,2141,-1,319,2141,2136,-1,2099,2098,2142,-1,2097,2096,2143,-1,2094,2093,2144,-1,2092,2091,2145,-1,2089,2088,2146,-1,2105,2104,2147,-1,2122,2121,2148,-1,2117,2116,2149,-1,2113,2112,2150,-1,2110,2109,2151,-1,2108,2107,2152,-1,2129,2128,2153,-1,2124,2123,2154,-1,2133,2134,2155,-1,2141,2140,2156,-1,1792,1791,2157,-1,2157,1791,2158,-1,2157,2158,2159,-1,2159,2158,2160,-1,2159,2160,2161,-1,2161,2160,2162,-1,2161,2162,2163,-1,2163,2162,2164,-1,2163,2164,2165,-1,2165,2164,2156,-1,1784,1783,2166,-1,2166,1783,2167,-1,2166,2167,2168,-1,2168,2167,2169,-1,2168,2169,2170,-1,2170,2169,2171,-1,2170,2171,2172,-1,2172,2171,2173,-1,2172,2173,2174,-1,2174,2173,2155,-1,1789,1788,2175,-1,2175,1788,2176,-1,2175,2176,2177,-1,2177,2176,2178,-1,2177,2178,2179,-1,2179,2178,2180,-1,2179,2180,2181,-1,2181,2180,2182,-1,2181,2182,2183,-1,2183,2182,2154,-1,1786,1782,2184,-1,2184,1782,2185,-1,2184,2185,2186,-1,2186,2185,2187,-1,2186,2187,2188,-1,2188,2187,2189,-1,2188,2189,2190,-1,2190,2189,2191,-1,2190,2191,2192,-1,2192,2191,2153,-1,1776,1808,2193,-1,2193,1808,2194,-1,2193,2194,2195,-1,2195,2194,2196,-1,2195,2196,2197,-1,2197,2196,2198,-1,2197,2198,2199,-1,2199,2198,2200,-1,2199,2200,2201,-1,2201,2200,2149,-1,1806,1805,2202,-1,2202,1805,2203,-1,2202,2203,2204,-1,2204,2203,2205,-1,2204,2205,2206,-1,2206,2205,2207,-1,2206,2207,2208,-1,2208,2207,2209,-1,2208,2209,2210,-1,2210,2209,2148,-1,1796,1795,2211,-1,2211,1795,2212,-1,2211,2212,2213,-1,2213,2212,2214,-1,2213,2214,2215,-1,2215,2214,2216,-1,2215,2216,2217,-1,2217,2216,2218,-1,2217,2218,2219,-1,2219,2218,2147,-1,1803,1802,2220,-1,2220,1802,2221,-1,2220,2221,2222,-1,2222,2221,2223,-1,2222,2223,2224,-1,2224,2223,2225,-1,2224,2225,2226,-1,2226,2225,2227,-1,2226,2227,2228,-1,2228,2227,2146,-1,1793,1792,2079,-1,2079,1792,2157,-1,2079,2157,2080,-1,2080,2157,2159,-1,2080,2159,2081,-1,2081,2159,2161,-1,2081,2161,2082,-1,2082,2161,2163,-1,2082,2163,2083,-1,2083,2163,2165,-1,2083,2165,2084,-1,2084,2165,2138,-1,2156,2140,2165,-1,2165,2140,2139,-1,2165,2139,2138,-1,2136,2141,2229,-1,2229,2141,2156,-1,2229,2156,2230,-1,2230,2156,2164,-1,2230,2164,2231,-1,2231,2164,2162,-1,2231,2162,2232,-1,2232,2162,2160,-1,2232,2160,2233,-1,2233,2160,2158,-1,2233,2158,1785,-1,1785,2158,1791,-1,1785,1784,2233,-1,2233,1784,2166,-1,2233,2166,2232,-1,2232,2166,2168,-1,2232,2168,2231,-1,2231,2168,2170,-1,2231,2170,2230,-1,2230,2170,2172,-1,2230,2172,2229,-1,2229,2172,2174,-1,2229,2174,2136,-1,2136,2174,2137,-1,2155,2134,2174,-1,2174,2134,2135,-1,2174,2135,2137,-1,2132,2133,2234,-1,2234,2133,2155,-1,2234,2155,2235,-1,2235,2155,2173,-1,2235,2173,2236,-1,2236,2173,2171,-1,2236,2171,2237,-1,2237,2171,2169,-1,2237,2169,2238,-1,2238,2169,2167,-1,2238,2167,1790,-1,1790,2167,1783,-1,1790,1789,2238,-1,2238,1789,2175,-1,2238,2175,2237,-1,2237,2175,2177,-1,2237,2177,2236,-1,2236,2177,2179,-1,2236,2179,2235,-1,2235,2179,2181,-1,2235,2181,2234,-1,2234,2181,2183,-1,2234,2183,2132,-1,2132,2183,2131,-1,2154,2123,2183,-1,2183,2123,2130,-1,2183,2130,2131,-1,2125,2124,2239,-1,2239,2124,2154,-1,2239,2154,2240,-1,2240,2154,2182,-1,2240,2182,2241,-1,2241,2182,2180,-1,2241,2180,2242,-1,2242,2180,2178,-1,2242,2178,2243,-1,2243,2178,2176,-1,2243,2176,1787,-1,1787,2176,1788,-1,1787,1786,2243,-1,2243,1786,2184,-1,2243,2184,2242,-1,2242,2184,2186,-1,2242,2186,2241,-1,2241,2186,2188,-1,2241,2188,2240,-1,2240,2188,2190,-1,2240,2190,2239,-1,2239,2190,2192,-1,2239,2192,2125,-1,2125,2192,2126,-1,2153,2128,2192,-1,2192,2128,2127,-1,2192,2127,2126,-1,2106,2129,2244,-1,2244,2129,2153,-1,2244,2153,2245,-1,2245,2153,2191,-1,2245,2191,2246,-1,2246,2191,2189,-1,2246,2189,2247,-1,2247,2189,2187,-1,2247,2187,2248,-1,2248,2187,2185,-1,2248,2185,1781,-1,1781,2185,1782,-1,1781,1780,2248,-1,2248,1780,2249,-1,2248,2249,2247,-1,2247,2249,2250,-1,2247,2250,2246,-1,2246,2250,2251,-1,2246,2251,2245,-1,2245,2251,2252,-1,2245,2252,2244,-1,2244,2252,2152,-1,2244,2152,2106,-1,2106,2152,2107,-1,2109,2108,2151,-1,2151,2108,2152,-1,2151,2152,2253,-1,2253,2152,2252,-1,2253,2252,2254,-1,2254,2252,2251,-1,2254,2251,2255,-1,2255,2251,2250,-1,2255,2250,2256,-1,2256,2250,2249,-1,2256,2249,1779,-1,1779,2249,1780,-1,2111,2110,2257,-1,2257,2110,2151,-1,2257,2151,2258,-1,2258,2151,2253,-1,2258,2253,2259,-1,2259,2253,2254,-1,2259,2254,2260,-1,2260,2254,2255,-1,2260,2255,2261,-1,2261,2255,2256,-1,2261,2256,1778,-1,1778,2256,1779,-1,1778,1777,2261,-1,2261,1777,2262,-1,2261,2262,2260,-1,2260,2262,2263,-1,2260,2263,2259,-1,2259,2263,2264,-1,2259,2264,2258,-1,2258,2264,2265,-1,2258,2265,2257,-1,2257,2265,2150,-1,2257,2150,2111,-1,2111,2150,2112,-1,2114,2113,2201,-1,2201,2113,2150,-1,2201,2150,2199,-1,2199,2150,2265,-1,2199,2265,2197,-1,2197,2265,2264,-1,2197,2264,2195,-1,2195,2264,2263,-1,2195,2263,2193,-1,2193,2263,2262,-1,2193,2262,1776,-1,1776,2262,1777,-1,2149,2116,2201,-1,2201,2116,2115,-1,2201,2115,2114,-1,2118,2117,2266,-1,2266,2117,2149,-1,2266,2149,2267,-1,2267,2149,2200,-1,2267,2200,2268,-1,2268,2200,2198,-1,2268,2198,2269,-1,2269,2198,2196,-1,2269,2196,2270,-1,2270,2196,2194,-1,2270,2194,1807,-1,1807,2194,1808,-1,1807,1806,2270,-1,2270,1806,2202,-1,2270,2202,2269,-1,2269,2202,2204,-1,2269,2204,2268,-1,2268,2204,2206,-1,2268,2206,2267,-1,2267,2206,2208,-1,2267,2208,2266,-1,2266,2208,2210,-1,2266,2210,2118,-1,2118,2210,2119,-1,2148,2121,2210,-1,2210,2121,2120,-1,2210,2120,2119,-1,2101,2122,2271,-1,2271,2122,2148,-1,2271,2148,2272,-1,2272,2148,2209,-1,2272,2209,2273,-1,2273,2209,2207,-1,2273,2207,2274,-1,2274,2207,2205,-1,2274,2205,2275,-1,2275,2205,2203,-1,2275,2203,1804,-1,1804,2203,1805,-1,1804,1796,2275,-1,2275,1796,2211,-1,2275,2211,2274,-1,2274,2211,2213,-1,2274,2213,2273,-1,2273,2213,2215,-1,2273,2215,2272,-1,2272,2215,2217,-1,2272,2217,2271,-1,2271,2217,2219,-1,2271,2219,2101,-1,2101,2219,2102,-1,2147,2104,2219,-1,2219,2104,2103,-1,2219,2103,2102,-1,2085,2105,2276,-1,2276,2105,2147,-1,2276,2147,2277,-1,2277,2147,2218,-1,2277,2218,2278,-1,2278,2218,2216,-1,2278,2216,2279,-1,2279,2216,2214,-1,2279,2214,2280,-1,2280,2214,2212,-1,2280,2212,1794,-1,1794,2212,1795,-1,1794,1803,2280,-1,2280,1803,2220,-1,2280,2220,2279,-1,2279,2220,2222,-1,2279,2222,2278,-1,2278,2222,2224,-1,2278,2224,2277,-1,2277,2224,2226,-1,2277,2226,2276,-1,2276,2226,2228,-1,2276,2228,2085,-1,2085,2228,2086,-1,2146,2088,2228,-1,2228,2088,2087,-1,2228,2087,2086,-1,2090,2089,2281,-1,2281,2089,2146,-1,2281,2146,2282,-1,2282,2146,2227,-1,2282,2227,2283,-1,2283,2227,2225,-1,2283,2225,2284,-1,2284,2225,2223,-1,2284,2223,2285,-1,2285,2223,2221,-1,2285,2221,1801,-1,1801,2221,1802,-1,1801,1800,2285,-1,2285,1800,2286,-1,2285,2286,2284,-1,2284,2286,2287,-1,2284,2287,2283,-1,2283,2287,2288,-1,2283,2288,2282,-1,2282,2288,2289,-1,2282,2289,2281,-1,2281,2289,2145,-1,2281,2145,2090,-1,2090,2145,2091,-1,2093,2092,2144,-1,2144,2092,2145,-1,2144,2145,2290,-1,2290,2145,2289,-1,2290,2289,2291,-1,2291,2289,2288,-1,2291,2288,2292,-1,2292,2288,2287,-1,2292,2287,2293,-1,2293,2287,2286,-1,2293,2286,1819,-1,1819,2286,1800,-1,2095,2094,2294,-1,2294,2094,2144,-1,2294,2144,2295,-1,2295,2144,2290,-1,2295,2290,2296,-1,2296,2290,2291,-1,2296,2291,2297,-1,2297,2291,2292,-1,2297,2292,2298,-1,2298,2292,2293,-1,2298,2293,1818,-1,1818,2293,1819,-1,1818,1817,2298,-1,2298,1817,2299,-1,2298,2299,2297,-1,2297,2299,2300,-1,2297,2300,2296,-1,2296,2300,2301,-1,2296,2301,2295,-1,2295,2301,2302,-1,2295,2302,2294,-1,2294,2302,2143,-1,2294,2143,2095,-1,2095,2143,2096,-1,2098,2097,2142,-1,2142,2097,2143,-1,2142,2143,2303,-1,2303,2143,2302,-1,2303,2302,2304,-1,2304,2302,2301,-1,2304,2301,2305,-1,2305,2301,2300,-1,2305,2300,2306,-1,2306,2300,2299,-1,2306,2299,1816,-1,1816,2299,1817,-1,2100,2099,2307,-1,2307,2099,2142,-1,2307,2142,2308,-1,2308,2142,2303,-1,2308,2303,2309,-1,2309,2303,2304,-1,2309,2304,2310,-1,2310,2304,2305,-1,2310,2305,2311,-1,2311,2305,2306,-1,2311,2306,1815,-1,1815,2306,1816,-1,1815,1814,2311,-1,2311,1814,1957,-1,2311,1957,2310,-1,2310,1957,1958,-1,2310,1958,2309,-1,2309,1958,1959,-1,2309,1959,2308,-1,2308,1959,1960,-1,2308,1960,2307,-1,2307,1960,1961,-1,2307,1961,2100,-1,2100,1961,1962,-1,
        ]
    }
}
Shape{
    appearance Appearance {
        material  Material {
            diffuseColor 0.2235294117647059 0.2235294117647059 0.2235294117647059
            specularColor 0.11372549019607843 0.11372549019607843 0.11372549019607843
            ambientIntensity 0.2235
            transparency 0.0
            shininess 0.5
        }
    }
    geometry IndexedFaceSet {
        ccw TRUE
        solid FALSE
        coord DEF co Coordinate {
            point [
                1.6153 0.8353 3.5261, 1.5964 0.8742 3.5261, 1.5463 0.8468 3.5506, 1.3445 1.2246 3.5261, 1.2863 1.2887 3.5261, 1.2459 1.2483 3.5506, -0.1509 1.8144 3.5261, -0.3013 1.7965 3.5261, -0.2918 1.7401 3.5506, -1.6443 0.778 3.5261, -1.7039 0.6388 3.5261, -1.6504 0.6188 3.5506, 0.6372 1.4901 3.7452, 0.7757 1.4228 3.7452, 0.785 1.4399 3.6862, 1.535 0.4932 3.8071, 1.5747 0.3451 3.8071, 1.5811 0.3465 3.7452, 1.4814 0.6369 3.8071, 1.5413 0.4952 3.7452, 1.4145 0.7749 3.8071, 1.4875 0.6395 3.7452, 1.3347 0.9058 3.8071, 1.4202 0.778 3.7452, 1.2428 1.0286 3.8071, 1.3401 0.9095 3.7452, 1.1397 1.1421 3.8071, 1.2479 1.0328 3.7452, 0.7725 1.417 3.8071, 0.6346 1.4841 3.8071, 0.491 1.5377 3.8071, -1.5891 0.2704 3.8071, -1.5564 0.4203 3.8071, -1.5628 0.422 3.7452, -1.5159 0.5686 3.7452, -1.5341 0.5754 3.6862, -1.4727 0.7186 3.6862, -1.501 0.7324 3.6325, -0.5628 1.5128 3.8071, -0.4168 1.5595 3.8071, -0.4185 1.5658 3.7452, -0.268 1.5985 3.7452, -0.2712 1.6177 3.6862, -0.1165 1.6362 3.6862, -0.1187 1.6675 3.6325, 0.9357 1.3848 3.6325, 0.9181 1.3587 3.6862, 0.9072 1.3426 3.7452, 0.9035 1.3372 3.8071, -1.6073 0.1182 3.8071, -1.5955 0.2715 3.7452, -1.5816 0.427 3.6862, -1.5635 0.5864 3.6325, -1.5388 0.7507 3.5866, -0.7038 1.4525 3.8071, -0.5651 1.519 3.7452, -0.4235 1.5846 3.6862, -0.2764 1.6487 3.6325, -0.1217 1.7094 3.5866, 1.0895 1.322 3.5866, 1.0628 1.2896 3.6325, 1.0428 1.2653 3.6862, 1.0304 1.2504 3.7452, 1.0262 1.2453 3.8071, -1.7104 -0.0375 3.5866, -1.6988 -0.1999 3.5866, -1.6571 -0.1949 3.6325, -1.611 -0.0352 3.8071, -1.6139 0.1186 3.7452, -1.6147 0.2747 3.6862, -1.6119 0.4351 3.6325, -1.6029 0.6011 3.5866, -1.5844 0.7729 3.5506, -1.3694 1.0284 3.5866, -1.4607 0.8936 3.5866, -1.4248 0.8717 3.6325, -0.8384 1.379 3.8071, -0.7067 1.4584 3.7452, -0.5719 1.5372 3.6862, -0.4316 1.615 3.6325, -0.2834 1.6901 3.5866, -0.1253 1.76 3.5506, 0.2034 1.7016 3.5866, 0.041 1.7133 3.5866, 0.04 1.6713 3.6325, 1.21 1.2124 3.5866, 1.1803 1.1827 3.6325, 1.1581 1.1605 3.6862, 1.1443 1.1468 3.7452, -1.7492 -0.2059 3.5506, -1.7611 -0.0387 3.5506, -1.7571 0.1289 3.5506, -1.7889 0.326 3.5261, -1.7935 0.3048 3.5261, -1.7371 0.2953 3.5506, -1.7065 0.1253 3.5866, -1.6684 -0.0365 3.6325, -1.6259 -0.1912 3.6862, -1.5747 -0.3393 3.8071, -1.6001 -0.1881 3.8071, -1.6066 -0.1889 3.7452, -1.6175 -0.0353 3.7452, -1.637 -0.0358 3.6862, -1.6332 0.12 3.6862, -1.6646 0.1223 3.6325, -1.6457 0.2799 3.6325, -1.6871 0.2869 3.5866, -1.6525 0.446 3.5866, -1.7015 0.4591 3.5506, -1.504 0.92 3.5506, -1.41 1.0588 3.5506, -1.3033 1.1881 3.5506, -1.5097 0.5663 3.8071, -1.4493 0.7073 3.8071, -1.4552 0.7101 3.7452, -1.3814 0.8453 3.7452, -1.398 0.8554 3.6862, -1.3106 0.9844 3.6862, -1.3358 1.0033 3.6325, -1.2347 1.1257 3.6325, -1.2657 1.154 3.5866, -1.1506 1.2691 3.5866, -1.1847 1.3066 3.5506, -1.0554 1.4133 3.5506, -1.0896 1.4591 3.5261, -1.3758 0.8418 3.8071, -1.2951 0.9728 3.7452, -1.2114 1.1046 3.6862, -1.1223 1.238 3.6325, -1.025 1.3727 3.5866, -0.9166 1.5072 3.5506, -1.2898 0.9688 3.8071, -1.197 1.0915 3.7452, -1.1012 1.2147 3.6862, -0.9999 1.3391 3.6325, -0.8902 1.4639 3.5866, -0.7694 1.5876 3.5506, -1.1922 1.0871 3.8071, -1.0881 1.2003 3.7452, -0.981 1.3139 3.6862, -0.8683 1.4281 3.6325, -0.7473 1.5419 3.5866, -0.6153 1.6535 3.5506, -0.6353 1.7071 3.5261, -0.6147 1.7136 3.5261, -1.0837 1.1955 3.8071, -0.9654 1.2931 3.8071, -0.9694 1.2983 3.7452, -0.8418 1.3846 3.7452, -0.852 1.4012 3.6862, -0.7152 1.4759 3.6862, -0.7289 1.5041 3.6325, -0.5829 1.5666 3.6325, -0.5976 1.606 3.5866, -0.4425 1.6555 3.5866, -0.4556 1.7045 3.5506, 0.0423 1.764 3.5506, 0.2095 1.752 3.5506, 0.3748 1.7241 3.5506, -0.2669 1.592 3.8071, -0.1146 1.6102 3.8071, -0.1151 1.6168 3.7452, 0.0388 1.6204 3.7452, 0.0393 1.6398 3.6862, 0.1947 1.6287 3.6862, 0.1984 1.6599 3.6325, 0.3551 1.6335 3.6325, 0.364 1.6746 3.5866, 0.5213 1.6324 3.5866, 0.5367 1.6807 3.5506, 0.6938 1.6221 3.5506, 0.7163 1.6746 3.5261, 0.0387 1.6138 3.8071, 0.1924 1.6094 3.7452, 0.3484 1.6028 3.6862, 0.5085 1.5924 3.6325, 0.6738 1.5755 3.5866, 0.8445 1.5488 3.5506, 0.1916 1.6029 3.8071, 0.3442 1.5838 3.7452, 0.4989 1.5625 3.6862, 0.6572 1.5369 3.6325, 0.8202 1.5043 3.5866, 0.9877 1.4615 3.5506, 0.3428 1.5774 3.8071, 0.493 1.544 3.7452, 0.6449 1.508 3.6862, 0.8001 1.4674 3.6325, 0.9592 1.4195 3.5866, 1.1218 1.3611 3.5506, 1.1582 1.4051 3.5261, 1.1742 1.3906 3.5261, -1.5811 -0.3407 3.7452, -1.6001 -0.3449 3.6862, -1.6308 -0.3515 3.6325, -1.6718 -0.3605 3.5866, -1.7214 -0.3712 3.5506, -1.8059 -0.2127 3.5261, -1.7772 -0.3834 3.5261, -1.8141 0.133 3.5261, -1.8151 0.0897 3.5261, -1.8182 -0.04 3.5261, -1.8105 -0.148 3.5261, -1.7567 0.4739 3.5261, -1.7303 0.5564 3.5261, -1.6358 0.7979 3.5261, -1.5528 0.9498 3.5261, -1.2231 1.3489 3.5261, -1.3455 1.2265 3.5261, -1.3869 1.1765 3.5261, -1.4558 1.0931 3.5261, -1.5285 0.9856 3.5261, -0.7944 1.639 3.5261, -0.8323 1.6182 3.5261, -0.9463 1.556 3.5261, -1.0359 1.4954 3.5261, -0.4704 1.7597 3.5261, -0.3858 1.7781 3.5261, -0.1294 1.817 3.5261, 0.0436 1.8211 3.5261, 0.5541 1.7351 3.5261, 0.3869 1.78 3.5261, 0.3229 1.7907 3.5261, 0.2163 1.8087 3.5261, 0.0868 1.818 3.5261, 1.0197 1.5089 3.5261, 0.9828 1.5314 3.5261, 0.8719 1.599 3.5261, 0.7746 1.6463 3.5261, 1.2629 1.0452 3.6862, 1.2871 1.0652 3.6325, 1.3195 1.0919 3.5866, 1.3586 1.1242 3.5506, 1.4027 1.1606 3.5261, 1.459 0.99 3.5506, 1.5064 1.022 3.5261, 1.4934 1.0393 3.5261, 1.3562 0.9204 3.6862, 1.3822 0.938 3.6325, 1.417 0.9616 3.5866, 1.4373 0.7873 3.6862, 1.4649 0.8024 3.6325, 1.5018 0.8225 3.5866, 1.5054 0.6472 3.6862, 1.5342 0.6595 3.6325, 1.5729 0.6761 3.5866, 1.6195 0.696 3.5506, 1.672 0.7185 3.5261, 1.678 0.5389 3.5506, 1.7325 0.5563 3.5261, 1.7098 0.6171 3.5261, 1.5598 0.5012 3.6862, 1.5897 0.5107 3.6325, 1.6297 0.5235 3.5866, 1.6001 0.3506 3.6862, 1.6308 0.3573 3.6325, 1.6718 0.3662 3.5866, 1.7214 0.377 3.5506, 1.7772 0.3891 3.5261, 1.1532 0.2535 4.2717, 0.9618 0.2119 4.0749, 1.1775 0.0699 4.2717, 0.9831 0.0508 4.0749, 1.1787 0.0603 4.2717, 1.1728 -0.1151 4.2717, 0.9776 -0.1117 4.0749, 1.1721 -0.1345 4.2717, 1.1393 -0.2969 4.2717, 0.9454 -0.271 4.0749, 1.1335 -0.3256 4.2717, 1.0779 -0.4713 4.2717, 0.8874 -0.4229 4.0749, 1.064 -0.5076 4.2717, 0.99 -0.6338 4.2717, 0.8052 -0.5632 4.0749, 0.9654 -0.6758 4.2717, 0.878 -0.7806 4.2717, 0.701 -0.688 4.0749, 0.8406 -0.8255 4.2717, 0.7445 -0.9081 4.2717, 0.5778 -0.7939 4.0749, 0.6928 -0.9525 4.2717, 0.5927 -1.0131 4.2717, 0.4387 -0.8782 4.0749, 0.5261 -1.0535 4.2717, 0.4265 -1.0932 4.2717, 0.2877 -0.9384 4.0749, 0.345 -1.1257 4.2717, 0.2498 -1.1464 4.2717, 0.1289 -0.9729 4.0749, 0.1545 -1.1671 4.2717, 0.0669 -1.1713 4.2717, -0.0335 -0.9808 4.0749, -0.0401 -1.1766 4.2717, -0.1175 -1.1675 4.2717, -0.1949 -0.9619 4.0749, -0.2337 -1.1539 4.2717, -0.2992 -1.1349 4.2717, -0.3511 -0.9166 4.0749, -0.4209 -1.0996 4.2717, -0.4736 -1.0743 4.2717, -0.4976 -0.8463 4.0749, -0.5966 -1.0153 4.2717, -0.6365 -0.9873 4.2717, -0.6306 -0.7528 4.0749, -0.7561 -0.9032 4.2717, -0.7838 -0.8759 4.2717, -0.7464 -0.6387 4.0749, -0.8949 -0.7664 4.2717, -0.9121 -0.7428 4.2717, -0.8418 -0.5071 4.0749, -1.0093 -0.6086 4.2717, -1.018 -0.5912 4.2717, -0.9143 -0.3616 4.0749, -1.0962 -0.4341 4.2717, -1.0991 -0.4248 4.2717, -0.9618 -0.2061 4.0749, -1.1532 -0.2477 4.2717, 1.3354 0.079 4.4291, 1.3071 0.287 4.4291, 1.3309 -0.1309 4.4291, 1.2936 -0.3374 4.4291, 1.2244 -0.5356 4.4291, 1.1251 -0.7205 4.4291, 0.9981 -0.8876 4.4291, 0.8465 -1.0328 4.4291, 0.6741 -1.1524 4.4291, 0.485 -1.2437 4.4291, 0.2841 -1.3042 4.4291, 0.0761 -1.3326 4.4291, -0.1337 -1.328 4.4291, -0.3403 -1.2907 4.4291, -0.5385 -1.2215 4.4291, -0.7234 -1.1222 4.4291, -0.8905 -0.9952 4.4291, -1.0357 -0.8436 4.4291, -1.1553 -0.6712 4.4291, -1.2466 -0.4822 4.4291, -1.3071 -0.2812 4.4291, 1.5927 0.349 4.4291, 1.7855 0.3909 4.2323, 1.7196 0.6207 4.2323, 1.5339 0.554 4.4291, 1.6242 0.8398 4.2323, 1.4489 0.7495 4.4291, 1.5011 1.0447 4.2323, 1.339 0.9322 4.4291, 1.3522 1.2317 4.2323, 1.2063 1.099 4.4291, 1.1803 1.3977 4.2323, 1.0529 1.2471 4.4291, 0.9881 1.5398 4.2323, 0.8815 1.3739 4.4291, 0.7791 1.6556 4.2323, 0.695 1.4772 4.4291, 0.5567 1.7432 4.2323, 0.4966 1.5553 4.4291, 0.3248 1.8009 4.2323, 0.2897 1.6068 4.4291, 0.0873 1.828 4.2323, 0.0779 1.6309 4.4291, -0.1517 1.8237 4.2323, -0.1353 1.6272 4.4291, -0.388 1.7884 4.2323, -0.3462 1.5956 4.4291, -0.6178 1.7224 4.2323, -0.5511 1.5368 4.4291, -0.8369 1.6271 4.2323, -0.7466 1.4518 4.4291, -1.0418 1.5039 4.2323, -0.9293 1.3419 4.4291, -1.2288 1.3551 4.2323, -1.0961 1.2092 4.4291, -1.3948 1.1832 4.2323, -1.2442 1.0558 4.4291, -1.5369 0.991 4.2323, -1.371 0.8843 4.4291, -1.6527 0.782 4.2323, -1.4743 0.6979 4.4291, -1.7403 0.5596 4.2323, -1.5524 0.4995 4.4291, -1.7981 0.3276 4.2323, -1.604 0.2926 4.4291, -1.8251 0.0902 4.2323, -1.6281 0.0808 4.4291, -1.8209 -0.1488 4.2323, -1.6243 -0.1324 4.4291, -1.7855 -0.3852 4.2323, -1.5927 -0.3433 4.4291, -1.339 -0.9264 4.4291, -1.2063 -1.0933 4.4291, -1.0529 -1.2413 4.4291, -0.8815 -1.3681 4.4291, -0.695 -1.4715 4.4291, -1.2936 0.3432 4.4291, -1.3309 0.1366 4.4291, -1.3354 -0.0732 4.4291, -1.5339 -0.5482 4.4291, -1.4489 -0.7437 4.4291, 0.3403 1.2965 4.4291, 0.1337 1.3338 4.4291, -0.0761 1.3383 4.4291, -0.2841 1.31 4.4291, -0.485 1.2494 4.4291, -0.6741 1.1582 4.4291, -0.8465 1.0385 4.4291, -0.9981 0.8934 4.4291, -1.1251 0.7263 4.4291, -1.2244 0.5413 4.4291, 1.1553 0.677 4.4291, 1.0357 0.8494 4.4291, 0.8905 1.001 4.4291, 0.7234 1.128 4.4291, 0.5385 1.2273 4.4291, 1.604 -0.2868 4.4291, 1.6281 -0.075 4.4291, 1.6243 0.1382 4.4291, 1.2466 0.4879 4.4291, 0.9293 -1.3362 4.4291, 1.0961 -1.2034 4.4291, 1.2442 -1.05 4.4291, 1.371 -0.8786 4.4291, 1.4743 -0.6921 4.4291, 1.5524 -0.4937 4.4291, -0.4966 -1.5495 4.4291, -0.2897 -1.6011 4.4291, -0.0779 -1.6252 4.4291, 0.1353 -1.6214 4.4291, 0.3462 -1.5899 4.4291, 0.5511 -1.531 4.4291, 0.7466 -1.446 4.4291, -1.7196 -0.6149 4.2323, -1.6242 -0.8341 4.2323, -1.5011 -1.0389 4.2323, -1.3522 -1.2259 4.2323, -1.1803 -1.3919 4.2323, -0.9881 -1.534 4.2323, -0.7791 -1.6499 4.2323, -0.5567 -1.7374 4.2323, -0.3248 -1.7952 4.2323, -0.0873 -1.8222 4.2323, 0.1517 -1.818 4.2323, 0.388 -1.7826 4.2323, 0.6178 -1.7167 4.2323, 0.8369 -1.6213 4.2323, 1.0418 -1.4982 4.2323, 1.2288 -1.3494 4.2323, 1.3948 -1.1774 4.2323, 1.5369 -0.9853 4.2323, 1.6527 -0.7762 4.2323, 1.7403 -0.5538 4.2323, 1.7981 -0.3219 4.2323, 1.8251 -0.0844 4.2323, 1.8209 0.1546 4.2323, -1.7857 -0.3852 4.0906, -1.7408 -0.5532 4.0906, -1.6231 -0.8335 4.0906, -1.68 -0.7162 4.0906, -1.718 -0.6143 4.0906, -1.6041 -0.8726 4.0906, -1.5136 -1.0211 4.0906, -1.5006 -1.0385 4.0906, -1.4094 -1.1604 4.0906, -1.3509 -1.2247 4.0906, -1.2924 -1.2891 4.0906, -1.1799 -1.3914 4.0906, -1.1638 -1.4061 4.0906, -1.0246 -1.5103 4.0906, -0.9875 -1.5329 4.0906, -0.8761 -1.6008 4.0906, -0.7783 -1.6484 4.0906, -0.7197 -1.6769 4.0906, -0.5568 -1.7377 4.0906, -0.3888 -1.7827 4.0906, -0.0872 -1.8209 4.0906, -0.2173 -1.8116 4.0906, -0.3245 -1.7935 4.0906, -0.0438 -1.824 4.0906, 0.13 -1.8199 4.0906, 0.1516 -1.8173 4.0906, 0.3027 -1.7993 4.0906, 0.3877 -1.7808 4.0906, 0.4726 -1.7624 4.0906, 0.6176 -1.7161 4.0906, 0.6383 -1.7095 4.0906, 0.7982 -1.641 4.0906, 0.8363 -1.6202 4.0906, 0.9508 -1.5577 4.0906, 1.0408 -1.4968 4.0906, 1.0949 -1.4603 4.0906, 1.229 -1.3496 4.0906, 1.352 -1.2266 4.0906, 1.5359 -0.9845 4.0906, 1.4627 -1.0925 4.0906, 1.3935 -1.1763 4.0906, 1.5602 -0.9485 4.0906, 1.6436 -0.7959 4.0906, 1.6522 -0.776 4.0906, 1.7121 -0.6361 4.0906, 1.7386 -0.5533 4.0906, 1.7651 -0.4704 4.0906, 1.7974 -0.3217 4.0906, 1.8021 -0.3005 4.0906, 1.8228 -0.1278 4.0906, 1.8238 -0.0844 4.0906, 1.8269 0.046 4.0906, 1.7857 0.391 4.0906, 1.8146 0.2195 4.0906, 1.8192 0.1544 4.0906, 1.7408 0.559 4.0906, 1.6231 0.8393 4.0906, 1.68 0.7219 4.0906, 1.718 0.6201 4.0906, 1.6041 0.8784 4.0906, 1.5136 1.0269 4.0906, 1.5006 1.0443 4.0906, 1.4094 1.1661 4.0906, 1.3509 1.2305 4.0906, 1.2924 1.2948 4.0906, 1.1799 1.3972 4.0906, 1.1638 1.4118 4.0906, 1.0246 1.5161 4.0906, 0.9875 1.5387 4.0906, 0.8761 1.6066 4.0906, 0.7783 1.6541 4.0906, 0.7197 1.6826 4.0906, 0.5568 1.7434 4.0906, 0.3888 1.7885 4.0906, 0.0872 1.8267 4.0906, 0.2173 1.8173 4.0906, 0.3245 1.7993 4.0906, 0.0438 1.8298 4.0906, -0.13 1.8257 4.0906, -0.1516 1.8231 4.0906, -0.3027 1.8051 4.0906, -0.3877 1.7866 4.0906, -0.4726 1.7681 4.0906, -0.6176 1.7218 4.0906, -0.6383 1.7152 4.0906, -0.7982 1.6468 4.0906, -0.8363 1.626 4.0906, -0.9508 1.5635 4.0906, -1.0408 1.5026 4.0906, -1.0949 1.466 4.0906, -1.229 1.3553 4.0906, -1.352 1.2324 4.0906, -1.5359 0.9903 4.0906, -1.4627 1.0983 4.0906, -1.3935 1.1821 4.0906, -1.5602 0.9543 4.0906, -1.6436 0.8017 4.0906, -1.6522 0.7817 4.0906, -1.7121 0.6418 4.0906, -1.7386 0.559 4.0906, -1.7651 0.4762 4.0906, -1.7974 0.3275 4.0906, -1.8021 0.3063 4.0906, -1.8228 0.1336 4.0906, -1.8238 0.0902 4.0906, -1.8269 -0.0403 4.0906, -1.8146 -0.2137 4.0906, -1.8192 -0.1487 4.0906, -1.7558 -0.2067 4.0672, -1.7279 -0.3726 4.0672, -1.7677 -0.0389 4.0672, -1.7637 0.1294 4.0672, -1.7437 0.2964 4.0672, -1.7079 0.4609 4.0672, -1.6566 0.6211 4.0672, -1.5903 0.7758 4.0672, -1.5097 0.9235 4.0672, -1.4153 1.0628 4.0672, -1.3082 1.1925 4.0672, -1.1892 1.3115 4.0672, -1.0594 1.4186 4.0672, -0.92 1.5129 4.0672, -0.7723 1.5935 4.0672, -0.6176 1.6597 4.0672, -0.4573 1.7109 4.0672, -0.2929 1.7467 4.0672, -0.1258 1.7666 4.0672, 0.0424 1.7706 4.0672, 0.2103 1.7586 4.0672, 0.3762 1.7306 4.0672, 0.5387 1.687 4.0672, 0.6964 1.6282 4.0672, 0.8477 1.5546 4.0672, 0.9914 1.467 4.0672, 1.1261 1.3662 4.0672, 1.2506 1.253 4.0672, 1.3637 1.1284 4.0672, 1.4645 0.9937 4.0672, 1.5521 0.85 4.0672, 1.6256 0.6986 4.0672, 1.6844 0.541 4.0672, 1.7279 0.3784 4.0672, 1.6763 0.3672 4.0315, 1.6341 0.5249 4.0315, 1.5771 0.6779 4.0315, 1.5058 0.8247 4.0315, 1.4208 0.9641 4.0315, 1.323 1.0948 4.0315, 1.2132 1.2156 4.0315, 1.0925 1.3255 4.0315, 0.9618 1.4233 4.0315, 0.8224 1.5083 4.0315, 0.6756 1.5797 4.0315, 0.5226 1.6368 4.0315, 0.365 1.679 4.0315, 0.204 1.7061 4.0315, 0.0412 1.7178 4.0315, -0.122 1.714 4.0315, -0.2841 1.6946 4.0315, -0.4437 1.66 4.0315, -0.5992 1.6103 4.0315, -0.7493 1.546 4.0315, -0.8925 1.4678 4.0315, -1.0278 1.3764 4.0315, -1.1537 1.2724 4.0315, -1.2691 1.157 4.0315, -1.3731 1.0312 4.0315, -1.4646 0.896 4.0315, -1.5429 0.7527 4.0315, -1.6072 0.6027 4.0315, -1.6569 0.4472 4.0315, -1.6916 0.2877 4.0315, -1.711 0.1256 4.0315, -1.715 -0.0376 4.0315, -1.7033 -0.2004 4.0315, -1.6763 -0.3614 4.0315, 1.6334 0.3579 3.9853, 1.5923 0.5115 3.9853, 1.5367 0.6606 3.9853, 1.4673 0.8037 3.9853, 1.3845 0.9395 3.9853, 1.2892 1.0669 3.9853, 1.1822 1.1846 3.9853, 1.0645 1.2917 3.9853, 0.9372 1.387 3.9853, 0.8014 1.4698 3.9853, 0.6583 1.5394 3.9853, 0.5093 1.595 3.9853, 0.3556 1.6362 3.9853, 0.1988 1.6626 3.9853, 0.0401 1.674 3.9853, -0.1189 1.6702 3.9853, -0.2769 1.6514 3.9853, -0.4323 1.6176 3.9853, -0.5839 1.5692 3.9853, -0.7301 1.5066 3.9853, -0.8697 1.4304 3.9853, -1.0015 1.3412 3.9853, -1.1242 1.24 3.9853, -1.2367 1.1275 3.9853, -1.338 1.0049 3.9853, -1.4272 0.8732 3.9853, -1.5034 0.7336 3.9853, -1.5661 0.5873 3.9853, -1.6145 0.4358 3.9853, -1.6484 0.2804 3.9853, -1.6673 0.1225 3.9853, -1.6711 -0.0366 3.9853, -1.6598 -0.1952 3.9853, -1.6334 -0.3521 3.9853, 1.6013 0.3509 3.9308, 1.561 0.5015 3.9308, 1.5065 0.6477 3.9308, 1.4384 0.7879 3.9308, 1.3573 0.9211 3.9308, 1.2638 1.046 3.9308, 1.159 1.1614 3.9308, 1.0436 1.2663 3.9308, 0.9188 1.3598 3.9308, 0.7856 1.441 3.9308, 0.6454 1.5091 3.9308, 0.4993 1.5637 3.9308, 0.3486 1.6041 3.9308, 0.1949 1.6299 3.9308, 0.0393 1.6411 3.9308, -0.1166 1.6374 3.9308, -0.2714 1.6189 3.9308, -0.4238 1.5858 3.9308, -0.5724 1.5384 3.9308, -0.7157 1.477 3.9308, -0.8526 1.4023 3.9308, -0.9818 1.3149 3.9308, -1.102 1.2156 3.9308, -1.2123 1.1054 3.9308, -1.3116 0.9852 3.9308, -1.3991 0.856 3.9308, -1.4738 0.7192 3.9308, -1.5353 0.5758 3.9308, -1.5828 0.4273 3.9308, -1.6159 0.2749 3.9308, -1.6345 0.1201 3.9308, -1.6382 -0.0358 3.9308, -1.6271 -0.1913 3.9308, -1.6013 -0.3451 3.9308, 1.5814 0.3466 3.8704, 1.5416 0.4953 3.8704, 1.4878 0.6396 3.8704, 1.4205 0.7782 3.8704, 1.3404 0.9097 3.8704, 1.2481 1.033 3.8704, 1.1445 1.147 3.8704, 1.0306 1.2506 3.8704, 0.9073 1.3429 3.8704, 0.7759 1.4231 3.8704, 0.6373 1.4904 3.8704, 0.4931 1.5443 3.8704, 0.3443 1.5842 3.8704, 0.1924 1.6097 3.8704, 0.0388 1.6207 3.8704, -0.1151 1.6171 3.8704, -0.2681 1.5988 3.8704, -0.4185 1.5661 3.8704, -0.5653 1.5193 3.8704, -0.7068 1.4587 3.8704, -0.842 1.3849 3.8704, -0.9696 1.2986 3.8704, -1.0883 1.2006 3.8704, -1.1973 1.0917 3.8704, -1.2953 0.973 3.8704, -1.3817 0.8454 3.8704, -1.4555 0.7103 3.8704, -1.5162 0.5687 3.8704, -1.5631 0.422 3.8704, -1.5959 0.2716 3.8704, -1.6142 0.1186 3.8704, -1.6179 -0.0353 3.8704, -1.6069 -0.1889 3.8704, -1.5814 -0.3408 3.8704, 1.7558 0.2125 4.0672, 1.7677 0.0446 4.0672, 1.7637 -0.1236 4.0672, 1.7437 -0.2907 4.0672, 1.7079 -0.4551 4.0672, 1.6566 -0.6154 4.0672, 1.5903 -0.77 4.0672, 1.5097 -0.9177 4.0672, 1.4153 -1.057 4.0672, 1.3082 -1.1868 4.0672, 1.1892 -1.3057 4.0672, 1.0594 -1.4129 4.0672, 0.92 -1.5071 4.0672, 0.7723 -1.5878 4.0672, 0.6176 -1.654 4.0672, 0.4573 -1.7052 4.0672, 0.2929 -1.7409 4.0672, 0.1258 -1.7609 4.0672, -0.0424 -1.7648 4.0672, -0.2103 -1.7528 4.0672, -0.3762 -1.7249 4.0672, -0.5387 -1.6813 4.0672, -0.6964 -1.6224 4.0672, -0.8477 -1.5489 4.0672, -0.9914 -1.4613 4.0672, -1.1261 -1.3604 4.0672, -1.2506 -1.2472 4.0672, -1.3637 -1.1227 4.0672, -1.4645 -0.9879 4.0672, -1.5521 -0.8442 4.0672, -1.6256 -0.6929 4.0672, -1.6844 -0.5352 4.0672, -1.6341 -0.5191 4.0315, -1.5771 -0.6721 4.0315, -1.5058 -0.8189 4.0315, -1.4208 -0.9584 4.0315, -1.323 -1.0891 4.0315, -1.2132 -1.2099 4.0315, -1.0925 -1.3197 4.0315, -0.9618 -1.4176 4.0315, -0.8224 -1.5026 4.0315, -0.6756 -1.5739 4.0315, -0.5226 -1.631 4.0315, -0.365 -1.6733 4.0315, -0.204 -1.7004 4.0315, -0.0412 -1.7121 4.0315, 0.122 -1.7082 4.0315, 0.2841 -1.6889 4.0315, 0.4437 -1.6542 4.0315, 0.5992 -1.6045 4.0315, 0.7493 -1.5403 4.0315, 0.8925 -1.4621 4.0315, 1.0278 -1.3706 4.0315, 1.1537 -1.2667 4.0315, 1.2691 -1.1513 4.0315, 1.3731 -1.0254 4.0315, 1.4646 -0.8902 4.0315, 1.5429 -0.747 4.0315, 1.6072 -0.5969 4.0315, 1.6569 -0.4414 4.0315, 1.6916 -0.2819 4.0315, 1.711 -0.1198 4.0315, 1.715 0.0434 4.0315, 1.7033 0.2062 4.0315, -1.5923 -0.5058 3.9853, -1.5367 -0.6548 3.9853, -1.4673 -0.7979 3.9853, -1.3845 -0.9338 3.9853, -1.2892 -1.0611 3.9853, -1.1822 -1.1789 3.9853, -1.0645 -1.2859 3.9853, -0.9372 -1.3813 3.9853, -0.8014 -1.4641 3.9853, -0.6583 -1.5336 3.9853, -0.5093 -1.5892 3.9853, -0.3556 -1.6304 3.9853, -0.1988 -1.6568 3.9853, -0.0401 -1.6682 3.9853, 0.1189 -1.6645 3.9853, 0.2769 -1.6456 3.9853, 0.4323 -1.6118 3.9853, 0.5839 -1.5634 3.9853, 0.7301 -1.5008 3.9853, 0.8697 -1.4246 3.9853, 1.0015 -1.3355 3.9853, 1.1242 -1.2342 3.9853, 1.2367 -1.1218 3.9853, 1.338 -0.9991 3.9853, 1.4272 -0.8674 3.9853, 1.5034 -0.7278 3.9853, 1.5661 -0.5816 3.9853, 1.6145 -0.4301 3.9853, 1.6484 -0.2746 3.9853, 1.6673 -0.1167 3.9853, 1.6711 0.0423 3.9853, 1.6598 0.201 3.9853, -1.561 -0.4958 3.9308, -1.5065 -0.6419 3.9308, -1.4384 -0.7822 3.9308, -1.3573 -0.9154 3.9308, -1.2638 -1.0402 3.9308, -1.159 -1.1556 3.9308, -1.0436 -1.2605 3.9308, -0.9188 -1.354 3.9308, -0.7856 -1.4352 3.9308, -0.6454 -1.5034 3.9308, -0.4993 -1.5579 3.9308, -0.3486 -1.5983 3.9308, -0.1949 -1.6242 3.9308, -0.0393 -1.6353 3.9308, 0.1166 -1.6317 3.9308, 0.2714 -1.6132 3.9308, 0.4238 -1.5801 3.9308, 0.5724 -1.5326 3.9308, 0.7157 -1.4712 3.9308, 0.8526 -1.3965 3.9308, 0.9818 -1.3091 3.9308, 1.102 -1.2099 3.9308, 1.2123 -1.0996 3.9308, 1.3116 -0.9794 3.9308, 1.3991 -0.8503 3.9308, 1.4738 -0.7134 3.9308, 1.5353 -0.5701 3.9308, 1.5828 -0.4216 3.9308, 1.6159 -0.2692 3.9308, 1.6345 -0.1143 3.9308, 1.6382 0.0416 3.9308, 1.6271 0.1971 3.9308, -1.5416 -0.4896 3.8704, -1.4878 -0.6339 3.8704, -1.4205 -0.7724 3.8704, -1.3404 -0.9039 3.8704, -1.2481 -1.0272 3.8704, -1.1445 -1.1412 3.8704, -1.0306 -1.2448 3.8704, -0.9073 -1.3372 3.8704, -0.7759 -1.4173 3.8704, -0.6373 -1.4847 3.8704, -0.4931 -1.5385 3.8704, -0.3443 -1.5784 3.8704, -0.1924 -1.604 3.8704, -0.0388 -1.615 3.8704, 0.1151 -1.6113 3.8704, 0.2681 -1.5931 3.8704, 0.4185 -1.5604 3.8704, 0.5653 -1.5135 3.8704, 0.7068 -1.4529 3.8704, 0.842 -1.3791 3.8704, 0.9696 -1.2928 3.8704, 1.0883 -1.1948 3.8704, 1.1973 -1.0859 3.8704, 1.2953 -0.9672 3.8704, 1.3817 -0.8397 3.8704, 1.4555 -0.7045 3.8704, 1.5162 -0.563 3.8704, 1.5631 -0.4163 3.8704, 1.5959 -0.2658 3.8704, 1.6142 -0.1129 3.8704, 1.6179 0.0411 3.8704, 1.6069 0.1947 3.8704, -1.535 -0.4875 3.8071, -1.4814 -0.6312 3.8071, -1.4145 -0.7691 3.8071, -1.3347 -0.9001 3.8071, -1.2428 -1.0229 3.8071, -1.1397 -1.1363 3.8071, -1.0262 -1.2395 3.8071, -0.9035 -1.3314 3.8071, -0.7725 -1.4113 3.8071, -0.6346 -1.4783 3.8071, -0.491 -1.5319 3.8071, -0.3428 -1.5716 3.8071, -0.1916 -1.5971 3.8071, -0.0387 -1.6081 3.8071, 0.1146 -1.6045 3.8071, 0.2669 -1.5863 3.8071, 0.4168 -1.5537 3.8071, 0.5628 -1.507 3.8071, 0.7038 -1.4467 3.8071, 0.8384 -1.3732 3.8071, 0.9654 -1.2873 3.8071, 1.0837 -1.1897 3.8071, 1.1922 -1.0813 3.8071, 1.2898 -0.9631 3.8071, 1.3758 -0.8361 3.8071, 1.4493 -0.7015 3.8071, 1.5097 -0.5605 3.8071, 1.5564 -0.4145 3.8071, 1.5891 -0.2646 3.8071, 1.6073 -0.1124 3.8071, 1.611 0.0409 3.8071, 1.6001 0.1939 3.8071, -1.6153 -0.8295 3.5261, -1.5964 -0.8684 3.5261, -1.5463 -0.8411 3.5506, -1.3445 -1.2189 3.5261, -1.2863 -1.2829 3.5261, -1.2459 -1.2425 3.5506, 0.1509 -1.8087 3.5261, 0.3013 -1.7907 3.5261, 0.2918 -1.7344 3.5506, 1.6443 -0.7722 3.5261, 1.7039 -0.633 3.5261, 1.6504 -0.613 3.5506, -0.6372 -1.4844 3.7452, -0.7757 -1.4171 3.7452, -0.785 -1.4341 3.6862, -1.5413 -0.4895 3.7452, -1.4875 -0.6338 3.7452, -1.4202 -0.7723 3.7452, -1.3401 -0.9038 3.7452, -1.2479 -1.027 3.7452, 1.5628 -0.4162 3.7452, 1.5159 -0.5628 3.7452, 1.5341 -0.5696 3.6862, 1.4727 -0.7129 3.6862, 1.501 -0.7266 3.6325, 0.4185 -1.5601 3.7452, 0.268 -1.5928 3.7452, 0.2712 -1.6119 3.6862, 0.1165 -1.6304 3.6862, 0.1187 -1.6617 3.6325, -0.9357 -1.379 3.6325, -0.9181 -1.353 3.6862, -0.9072 -1.3369 3.7452, 1.5955 -0.2657 3.7452, 1.5816 -0.4212 3.6862, 1.5635 -0.5806 3.6325, 1.5388 -0.745 3.5866, 0.5651 -1.5132 3.7452, 0.4235 -1.5788 3.6862, 0.2764 -1.6429 3.6325, 0.1217 -1.7037 3.5866, -1.0895 -1.3162 3.5866, -1.0628 -1.2838 3.6325, -1.0428 -1.2596 3.6862, -1.0304 -1.2446 3.7452, 1.7104 0.0433 3.5866, 1.6988 0.2057 3.5866, 1.6571 0.2007 3.6325, 1.6139 -0.1129 3.7452, 1.6147 -0.269 3.6862, 1.6119 -0.4294 3.6325, 1.6029 -0.5953 3.5866, 1.5844 -0.7671 3.5506, 1.3694 -1.0227 3.5866, 1.4607 -0.8879 3.5866, 1.4248 -0.866 3.6325, 0.7067 -1.4526 3.7452, 0.5719 -1.5314 3.6862, 0.4316 -1.6092 3.6325, 0.2834 -1.6844 3.5866, 0.1253 -1.7542 3.5506, -0.2034 -1.6958 3.5866, -0.041 -1.7075 3.5866, -0.04 -1.6655 3.6325, -1.21 -1.2066 3.5866, -1.1803 -1.177 3.6325, -1.1581 -1.1547 3.6862, -1.1443 -1.141 3.7452, 1.7492 0.2117 3.5506, 1.7611 0.0445 3.5506, 1.7571 -0.1231 3.5506, 1.7889 -0.3202 3.5261, 1.7935 -0.2991 3.5261, 1.7371 -0.2896 3.5506, 1.7065 -0.1195 3.5866, 1.6684 0.0423 3.6325, 1.6259 0.197 3.6862, 1.6066 0.1947 3.7452, 1.6175 0.0411 3.7452, 1.637 0.0415 3.6862, 1.6332 -0.1142 3.6862, 1.6646 -0.1165 3.6325, 1.6457 -0.2742 3.6325, 1.6871 -0.2812 3.5866, 1.6525 -0.4402 3.5866, 1.7015 -0.4534 3.5506, 1.504 -0.9143 3.5506, 1.41 -1.0531 3.5506, 1.3033 -1.1823 3.5506, 1.4552 -0.7044 3.7452, 1.3814 -0.8395 3.7452, 1.398 -0.8496 3.6862, 1.3106 -0.9787 3.6862, 1.3358 -0.9975 3.6325, 1.2347 -1.1199 3.6325, 1.2657 -1.1482 3.5866, 1.1506 -1.2633 3.5866, 1.1847 -1.3008 3.5506, 1.0554 -1.4075 3.5506, 1.0896 -1.4533 3.5261, 1.2951 -0.967 3.7452, 1.2114 -1.0988 3.6862, 1.1223 -1.2322 3.6325, 1.025 -1.3669 3.5866, 0.9166 -1.5015 3.5506, 1.197 -1.0857 3.7452, 1.1012 -1.209 3.6862, 0.9999 -1.3333 3.6325, 0.8902 -1.4582 3.5866, 0.7694 -1.5818 3.5506, 1.0881 -1.1946 3.7452, 0.981 -1.3081 3.6862, 0.8683 -1.4223 3.6325, 0.7473 -1.5362 3.5866, 0.6153 -1.6478 3.5506, 0.6353 -1.7013 3.5261, 0.6147 -1.7079 3.5261, 0.9694 -1.2926 3.7452, 0.8418 -1.3789 3.7452, 0.852 -1.3955 3.6862, 0.7152 -1.4701 3.6862, 0.7289 -1.4984 3.6325, 0.5829 -1.5609 3.6325, 0.5976 -1.6002 3.5866, 0.4425 -1.6498 3.5866, 0.4556 -1.6988 3.5506, -0.0423 -1.7582 3.5506, -0.2095 -1.7462 3.5506, -0.3748 -1.7184 3.5506, 0.1151 -1.611 3.7452, -0.0388 -1.6147 3.7452, -0.0393 -1.6341 3.6862, -0.1947 -1.6229 3.6862, -0.1984 -1.6541 3.6325, -0.3551 -1.6278 3.6325, -0.364 -1.6688 3.5866, -0.5213 -1.6266 3.5866, -0.5367 -1.675 3.5506, -0.6938 -1.6163 3.5506, -0.7163 -1.6689 3.5261, -0.1924 -1.6036 3.7452, -0.3484 -1.5971 3.6862, -0.5085 -1.5866 3.6325, -0.6738 -1.5697 3.5866, -0.8445 -1.5431 3.5506, -0.3442 -1.5781 3.7452, -0.4989 -1.5567 3.6862, -0.6572 -1.5311 3.6325, -0.8202 -1.4986 3.5866, -0.9877 -1.4558 3.5506, -0.493 -1.5382 3.7452, -0.6449 -1.5022 3.6862, -0.8001 -1.4617 3.6325, -0.9592 -1.4138 3.5866, -1.1218 -1.3553 3.5506, -1.1582 -1.3994 3.5261, -1.1742 -1.3848 3.5261, 1.8059 0.2184 3.5261, 1.8141 -0.1272 3.5261, 1.8151 -0.084 3.5261, 1.8182 0.0458 3.5261, 1.8105 0.1537 3.5261, 1.7567 -0.4682 3.5261, 1.7303 -0.5506 3.5261, 1.6358 -0.7921 3.5261, 1.5528 -0.944 3.5261, 1.2231 -1.3431 3.5261, 1.3455 -1.2208 3.5261, 1.3869 -1.1707 3.5261, 1.4558 -1.0873 3.5261, 1.5285 -0.9798 3.5261, 0.7944 -1.6332 3.5261, 0.8323 -1.6125 3.5261, 0.9463 -1.5503 3.5261, 1.0359 -1.4897 3.5261, 0.4704 -1.754 3.5261, 0.3858 -1.7724 3.5261, 0.1294 -1.8112 3.5261, -0.0436 -1.8153 3.5261, -0.5541 -1.7294 3.5261, -0.3869 -1.7742 3.5261, -0.3229 -1.785 3.5261, -0.2163 -1.8029 3.5261, -0.0868 -1.8122 3.5261, -1.0197 -1.5031 3.5261, -0.9828 -1.5256 3.5261, -0.8719 -1.5932 3.5261, -0.7746 -1.6405 3.5261, -1.2629 -1.0394 3.6862, -1.2871 -1.0594 3.6325, -1.3195 -1.0862 3.5866, -1.3586 -1.1184 3.5506, -1.4027 -1.1548 3.5261, -1.459 -0.9842 3.5506, -1.5064 -1.0162 3.5261, -1.4934 -1.0336 3.5261, -1.3562 -0.9146 3.6862, -1.3822 -0.9323 3.6325, -1.417 -0.9558 3.5866, -1.4373 -0.7816 3.6862, -1.4649 -0.7966 3.6325, -1.5018 -0.8168 3.5866, -1.5054 -0.6414 3.6862, -1.5342 -0.6538 3.6325, -1.5729 -0.6703 3.5866, -1.6195 -0.6903 3.5506, -1.672 -0.7127 3.5261, -1.678 -0.5332 3.5506, -1.7325 -0.5506 3.5261, -1.7098 -0.6114 3.5261, -1.5598 -0.4954 3.6862, -1.5897 -0.505 3.6325, -1.6297 -0.5177 3.5866, 1.8016 -0.3225 0.2953, -1.7889 -0.3859 0.2953, -1.7229 -0.6161 0.2953, -1.504 -1.0409 0.2953, -1.6274 -0.8357 0.2953, -1.3549 -1.2283 0.2953, -1.1826 -1.3946 0.2953, -0.9901 -1.537 0.2953, -0.7806 -1.6531 0.2953, -0.5578 -1.7408 0.2953, -0.3254 -1.7987 0.2953, 0.152 -1.8215 0.2953, -0.0875 -1.8257 0.2953, 0.3888 -1.7861 0.2953, 0.619 -1.72 0.2953, 0.8386 -1.6245 0.2953, 1.0438 -1.5011 0.2953, 1.2312 -1.352 0.2953, 1.3975 -1.1797 0.2953, 1.656 -0.7777 0.2953, 1.5399 -0.9872 0.2953, 1.7437 -0.5549 0.2953, 1.8286 -0.0846 0.2953, 1.8244 0.1548 0.2953, 1.7889 0.3917 0.2953, -1.8016 0.3283 0.2953, 1.7229 0.6219 0.2953, 1.504 1.0467 0.2953, 1.6274 0.8414 0.2953, 1.3549 1.2341 0.2953, 1.1826 1.4004 0.2953, 0.9901 1.5428 0.2953, 0.7806 1.6588 0.2953, 0.5578 1.7466 0.2953, 0.3254 1.8044 0.2953, -0.152 1.8273 0.2953, 0.0875 1.8315 0.2953, -0.3888 1.7918 0.2953, -0.619 1.7258 0.2953, -0.8386 1.6302 0.2953, -1.0438 1.5069 0.2953, -1.2312 1.3578 0.2953, -1.3975 1.1855 0.2953, -1.656 0.7835 0.2953, -1.5399 0.9929 0.2953, -1.7437 0.5606 0.2953, -1.8286 0.0903 0.2953, -1.8244 -0.1491 0.2953, -0.4546 1.5702 0.2953, -0.2369 1.6175 0.2953, -0.0149 1.6347 0.2953, 0.2075 1.6215 0.2953, 0.4259 1.5782 0.2953, 0.6365 1.5055 0.2953, 0.8352 1.4049 0.2953, 1.0183 1.2781 0.2953, 1.1824 1.1276 0.2953, 1.3246 0.9561 0.2953, 1.442 0.7668 0.2953, 1.5326 0.5634 0.2953, 1.5947 0.3495 0.2953, 1.627 0.1291 0.2953, 1.629 -0.0936 0.2953, 1.6007 -0.3146 0.2953, 1.5426 -0.5296 0.2953, 1.4557 -0.7347 0.2953, 1.3417 -0.926 0.2953, 1.2028 -1.1 0.2953, 1.0414 -1.2536 0.2953, 0.8606 -1.3836 0.2953, 0.6638 -1.4879 0.2953, 0.4546 -1.5644 0.2953, 0.2369 -1.6117 0.2953, 0.0149 -1.6289 0.2953, -0.2075 -1.6158 0.2953, -0.4259 -1.5724 0.2953, -0.6365 -1.4998 0.2953, -0.8352 -1.3991 0.2953, -1.0183 -1.2723 0.2953, -1.1824 -1.1218 0.2953, -1.3246 -0.9503 0.2953, -1.442 -0.7611 0.2953, -1.5326 -0.5576 0.2953, -1.5947 -0.3437 0.2953, -1.627 -0.1233 0.2953, -1.629 0.0994 0.2953, -1.6007 0.3203 0.2953, -1.5426 0.5353 0.2953, -1.4557 0.7404 0.2953, -1.3417 0.9318 0.2953, -1.2028 1.1058 0.2953, -1.0414 1.2593 0.2953, -0.8606 1.3894 0.2953, -0.6638 1.4937 0.2953, 1.5947 0.3495 2.7283, 1.5326 0.5634 2.7283, 1.442 0.7668 2.7283, 1.3246 0.9561 2.7283, 1.1824 1.1276 2.7283, 1.0183 1.2781 2.7283, 0.8352 1.4049 2.7283, 0.6365 1.5055 2.7283, 0.4259 1.5782 2.7283, 0.2075 1.6215 2.7283, -0.0149 1.6347 2.7283, -0.2369 1.6175 2.7283, -0.4546 1.5702 2.7283, -0.6638 1.4937 2.7283, -0.8606 1.3894 2.7283, -1.0414 1.2593 2.7283, -1.2028 1.1058 2.7283, -1.3417 0.9318 2.7283, -1.4557 0.7404 2.7283, -1.5426 0.5353 2.7283, -1.6007 0.3203 2.7283, -1.629 0.0994 2.7283, -1.627 -0.1233 2.7283, -1.5947 -0.3437 2.7283, -1.5326 -0.5576 2.7283, -1.442 -0.7611 2.7283, -1.3246 -0.9503 2.7283, -1.1824 -1.1218 2.7283, -1.0183 -1.2723 2.7283, -0.8352 -1.3991 2.7283, -0.6365 -1.4998 2.7283, -0.4259 -1.5724 2.7283, -0.2075 -1.6158 2.7283, 0.0149 -1.6289 2.7283, 0.2369 -1.6117 2.7283, 0.4546 -1.5644 2.7283, 0.6638 -1.4879 2.7283, 0.8606 -1.3836 2.7283, 1.0414 -1.2536 2.7283, 1.2028 -1.1 2.7283, 1.3417 -0.926 2.7283, 1.4557 -0.7347 2.7283, 1.5426 -0.5296 2.7283, 1.6007 -0.3146 2.7283, 1.629 -0.0936 2.7283, 1.627 0.1291 2.7283, 0.8467 0.7307 2.7283, 0.955 0.5814 2.7283, 1.0372 0.4164 2.7283, 1.0911 0.24 2.7283, 1.1153 0.0572 2.7283, 1.109 -0.1271 2.7283, 0.6555 -0.9011 2.7283, 0.4977 -0.9966 2.7283, 0.3264 -1.0649 2.7283, 0.1462 -1.1041 2.7283, -0.038 -1.113 2.7283, 0.038 1.1188 2.7283, 0.2211 1.0973 2.7283, 0.3983 1.046 2.7283, 0.5645 0.9662 2.7283, 0.7154 0.8602 2.7283, -0.8467 -0.725 2.7283, -0.955 -0.5757 2.7283, -1.0372 -0.4106 2.7283, -1.0911 -0.2343 2.7283, -1.1153 -0.0514 2.7283, -1.109 0.1329 2.7283, 1.0725 -0.3079 2.7283, 1.0067 -0.4802 2.7283, 0.9134 -0.6393 2.7283, 0.7953 -0.7809 2.7283, -0.2211 -1.0916 2.7283, -0.3983 -1.0403 2.7283, -0.5645 -0.9605 2.7283, -0.7154 -0.8544 2.7283, -0.6555 0.9068 2.7283, -0.4977 1.0024 2.7283, -0.3264 1.0707 2.7283, -0.1462 1.1098 2.7283, -1.0725 0.3136 2.7283, -1.0067 0.4859 2.7283, -0.9134 0.645 2.7283, -0.7953 0.7866 2.7283, 0.9618 0.2119 2.8938, 0.9831 0.0508 2.8938, 0.9776 -0.1117 2.8938, 0.9454 -0.271 2.8938, 0.8874 -0.4229 2.8938, 0.8052 -0.5632 2.8938, 0.701 -0.688 2.8938, 0.5778 -0.7939 2.8938, 0.4387 -0.8782 2.8938, 0.2877 -0.9384 2.8938, 0.1289 -0.9729 2.8938, -0.0335 -0.9808 2.8938, -0.1949 -0.9619 2.8938, -0.3511 -0.9166 2.8938, -0.4976 -0.8463 2.8938, -0.6306 -0.7528 2.8938, -0.7464 -0.6387 2.8938, -0.8418 -0.5071 2.8938, -0.9143 -0.3616 2.8938, -0.9618 -0.2061 2.8938, -0.9831 -0.045 2.8938, -0.9776 0.1175 2.8938, -0.9454 0.2768 2.8938, -0.8874 0.4287 2.8938, -0.8052 0.5689 2.8938, -0.701 0.6937 2.8938, -0.5778 0.7997 2.8938, -0.4387 0.8839 2.8938, -0.2877 0.9441 2.8938, -0.1289 0.9787 2.8938, 0.0335 0.9866 2.8938, 0.1949 0.9676 2.8938, 0.3511 0.9224 2.8938, 0.4976 0.8521 2.8938, 0.6306 0.7586 2.8938, 0.7464 0.6445 2.8938, 0.8418 0.5129 2.8938, 0.9143 0.3674 2.8938, 1.1157 0.2454 3.0906, 1.0606 0.4257 3.0906, 0.9765 0.5945 3.0906, 0.8658 0.7471 3.0906, 0.7315 0.8795 3.0906, 0.5772 0.9879 3.0906, 0.4072 1.0695 3.0906, 0.2261 1.122 3.0906, 0.0388 1.144 3.0906, -0.1495 1.1348 3.0906, -0.3338 1.0947 3.0906, -0.5089 1.0249 3.0906, -0.6702 0.9272 3.0906, -0.8132 0.8043 3.0906, -0.934 0.6595 3.0906, -1.0294 0.4968 3.0906, -1.0966 0.3206 3.0906, -1.134 0.1358 3.0906, -1.1404 -0.0527 3.0906, -1.1157 -0.2396 3.0906, -1.0606 -0.4199 3.0906, -0.9765 -0.5887 3.0906, -0.8658 -0.7414 3.0906, -0.7315 -0.8737 3.0906, -0.5772 -0.9822 3.0906, -0.4072 -1.0638 3.0906, -0.2261 -1.1162 3.0906, -0.0388 -1.1382 3.0906, 0.1495 -1.129 3.0906, 0.3338 -1.089 3.0906, 0.5089 -1.0191 3.0906, 0.6702 -0.9214 3.0906, 0.8132 -0.7985 3.0906, 0.934 -0.6537 3.0906, 1.0294 -0.491 3.0906, 1.0966 -0.3149 3.0906, 1.134 -0.13 3.0906, 1.1404 0.0584 3.0906, 0.9618 0.2119 3.2875, 0.9831 0.0508 3.2875, 0.9776 -0.1117 3.2875, 0.9454 -0.271 3.2875, 0.8874 -0.4229 3.2875, 0.8052 -0.5632 3.2875, 0.701 -0.688 3.2875, 0.5778 -0.7939 3.2875, 0.4387 -0.8782 3.2875, 0.2877 -0.9384 3.2875, 0.1289 -0.9729 3.2875, -0.0335 -0.9808 3.2875, -0.1949 -0.9619 3.2875, -0.3511 -0.9166 3.2875, -0.4976 -0.8463 3.2875, -0.6306 -0.7528 3.2875, -0.7464 -0.6387 3.2875, -0.8418 -0.5071 3.2875, -0.9143 -0.3616 3.2875, -0.9618 -0.2061 3.2875, -0.9831 -0.045 3.2875, -0.9776 0.1175 3.2875, -0.9454 0.2768 3.2875, -0.8874 0.4287 3.2875, -0.8052 0.5689 3.2875, -0.701 0.6937 3.2875, -0.5778 0.7997 3.2875, -0.4387 0.8839 3.2875, -0.2877 0.9441 3.2875, -0.1289 0.9787 3.2875, 0.0335 0.9866 3.2875, 0.1949 0.9676 3.2875, 0.3511 0.9224 3.2875, 0.4976 0.8521 3.2875, 0.6306 0.7586 3.2875, 0.7464 0.6445 3.2875, 0.8418 0.5129 3.2875, 0.9143 0.3674 3.2875, 1.1157 0.2454 3.4843, 1.0606 0.4257 3.4843, 0.9765 0.5945 3.4843, 0.8658 0.7471 3.4843, 0.7315 0.8795 3.4843, 0.5772 0.9879 3.4843, 0.4072 1.0695 3.4843, 0.2261 1.122 3.4843, 0.0388 1.144 3.4843, -0.1495 1.1348 3.4843, -0.3338 1.0947 3.4843, -0.5089 1.0249 3.4843, -0.6702 0.9272 3.4843, -0.8132 0.8043 3.4843, -0.934 0.6595 3.4843, -1.0294 0.4968 3.4843, -1.0966 0.3206 3.4843, -1.134 0.1358 3.4843, -1.1404 -0.0527 3.4843, -1.1157 -0.2396 3.4843, -1.0606 -0.4199 3.4843, -0.9765 -0.5887 3.4843, -0.8658 -0.7414 3.4843, -0.7315 -0.8737 3.4843, -0.5772 -0.9822 3.4843, -0.4072 -1.0638 3.4843, -0.2261 -1.1162 3.4843, -0.0388 -1.1382 3.4843, 0.1495 -1.129 3.4843, 0.3338 -1.089 3.4843, 0.5089 -1.0191 3.4843, 0.6702 -0.9214 3.4843, 0.8132 -0.7985 3.4843, 0.934 -0.6537 3.4843, 1.0294 -0.491 3.4843, 1.0966 -0.3149 3.4843, 1.134 -0.13 3.4843, 1.1404 0.0584 3.4843, 0.9618 0.2119 3.6812, 0.9831 0.0508 3.6812, 0.9776 -0.1117 3.6812, 0.9454 -0.271 3.6812, 0.8874 -0.4229 3.6812, 0.8052 -0.5632 3.6812, 0.701 -0.688 3.6812, 0.5778 -0.7939 3.6812, 0.4387 -0.8782 3.6812, 0.2877 -0.9384 3.6812, 0.1289 -0.9729 3.6812, -0.0335 -0.9808 3.6812, -0.1949 -0.9619 3.6812, -0.3511 -0.9166 3.6812, -0.4976 -0.8463 3.6812, -0.6306 -0.7528 3.6812, -0.7464 -0.6387 3.6812, -0.8418 -0.5071 3.6812, -0.9143 -0.3616 3.6812, -0.9618 -0.2061 3.6812, -0.9831 -0.045 3.6812, -0.9776 0.1175 3.6812, -0.9454 0.2768 3.6812, -0.8874 0.4287 3.6812, -0.8052 0.5689 3.6812, -0.701 0.6937 3.6812, -0.5778 0.7997 3.6812, -0.4387 0.8839 3.6812, -0.2877 0.9441 3.6812, -0.1289 0.9787 3.6812, 0.0335 0.9866 3.6812, 0.1949 0.9676 3.6812, 0.3511 0.9224 3.6812, 0.4976 0.8521 3.6812, 0.6306 0.7586 3.6812, 0.7464 0.6445 3.6812, 0.8418 0.5129 3.6812, 0.9143 0.3674 3.6812, 1.1157 0.2454 3.878, 1.0606 0.4257 3.878, 0.9765 0.5945 3.878, 0.8658 0.7471 3.878, 0.7315 0.8795 3.878, 0.5772 0.9879 3.878, 0.4072 1.0695 3.878, 0.2261 1.122 3.878, 0.0388 1.144 3.878, -0.1495 1.1348 3.878, -0.3338 1.0947 3.878, -0.5089 1.0249 3.878, -0.6702 0.9272 3.878, -0.8132 0.8043 3.878, -0.934 0.6595 3.878, -1.0294 0.4968 3.878, -1.0966 0.3206 3.878, -1.134 0.1358 3.878, -1.1404 -0.0527 3.878, -1.1157 -0.2396 3.878, -1.0606 -0.4199 3.878, -0.9765 -0.5887 3.878, -0.8658 -0.7414 3.878, -0.7315 -0.8737 3.878, -0.5772 -0.9822 3.878, -0.4072 -1.0638 3.878, -0.2261 -1.1162 3.878, -0.0388 -1.1382 3.878, 0.1495 -1.129 3.878, 0.3338 -1.089 3.878, 0.5089 -1.0191 3.878, 0.6702 -0.9214 3.878, 0.8132 -0.7985 3.878, 0.934 -0.6537 3.878, 1.0294 -0.491 3.878, 1.0966 -0.3149 3.878, 1.134 -0.13 3.878, 1.1404 0.0584 3.878, -0.9831 -0.045 4.0749, -0.9776 0.1175 4.0749, -0.9454 0.2768 4.0749, -0.8874 0.4287 4.0749, -0.8052 0.5689 4.0749, -0.701 0.6937 4.0749, -0.5778 0.7997 4.0749, -0.4387 0.8839 4.0749, -0.2877 0.9441 4.0749, -0.1289 0.9787 4.0749, 0.0335 0.9866 4.0749, 0.1949 0.9676 4.0749, 0.3511 0.9224 4.0749, 0.4976 0.8521 4.0749, 0.6306 0.7586 4.0749, 0.7464 0.6445 4.0749, 0.8418 0.5129 4.0749, 0.9143 0.3674 4.0749, -1.1775 -0.0642 4.2717, -1.1787 -0.0545 4.2717, -1.1728 0.1208 4.2717, -1.1721 0.1403 4.2717, -1.1393 0.3027 4.2717, -1.1335 0.3313 4.2717, -1.0779 0.477 4.2717, -1.064 0.5134 4.2717, -0.99 0.6396 4.2717, -0.9654 0.6816 4.2717, -0.878 0.7864 4.2717, -0.8406 0.8312 4.2717, -0.7445 0.9138 4.2717, -0.6928 0.9583 4.2717, -0.5927 1.0189 4.2717, -0.5261 1.0593 4.2717, -0.4265 1.099 4.2717, -0.345 1.1314 4.2717, -0.2498 1.1521 4.2717, -0.1545 1.1728 4.2717, -0.0669 1.1771 4.2717, 0.0401 1.1823 4.2717, 0.1175 1.1732 4.2717, 0.2337 1.1596 4.2717, 0.2992 1.1407 4.2717, 0.4209 1.1054 4.2717, 0.4736 1.0801 4.2717, 0.5966 1.0211 4.2717, 0.6365 0.9931 4.2717, 0.7561 0.909 4.2717, 0.7838 0.8816 4.2717, 0.8949 0.7722 4.2717, 0.9121 0.7485 4.2717, 1.0093 0.6144 4.2717, 1.018 0.597 4.2717, 1.0962 0.4399 4.2717, 1.0991 0.4306 4.2717
            ]
        }
        coordIndex [
            0,1,2,-1,3,4,5,-1,6,7,8,-1,9,10,11,-1,12,13,14,-1,15,16,17,-1,18,15,19,-1,20,18,21,-1,22,20,23,-1,24,22,25,-1,26,24,27,-1,28,13,29,-1,29,13,12,-1,29,12,30,-1,31,32,33,-1,33,32,34,-1,33,34,35,-1,35,34,36,-1,35,36,37,-1,38,39,40,-1,40,39,41,-1,40,41,42,-1,42,41,43,-1,42,43,44,-1,45,14,46,-1,46,14,13,-1,46,13,47,-1,47,13,28,-1,47,28,48,-1,49,31,50,-1,50,31,33,-1,50,33,51,-1,51,33,35,-1,51,35,52,-1,52,35,37,-1,52,37,53,-1,54,38,55,-1,55,38,40,-1,55,40,56,-1,56,40,42,-1,56,42,57,-1,57,42,44,-1,57,44,58,-1,59,45,60,-1,60,45,46,-1,60,46,61,-1,61,46,47,-1,61,47,62,-1,62,47,48,-1,62,48,63,-1,64,65,66,-1,67,49,68,-1,68,49,50,-1,68,50,69,-1,69,50,51,-1,69,51,70,-1,70,51,52,-1,70,52,71,-1,71,52,53,-1,71,53,72,-1,73,74,75,-1,76,54,77,-1,77,54,55,-1,77,55,78,-1,78,55,56,-1,78,56,79,-1,79,56,57,-1,79,57,80,-1,80,57,58,-1,80,58,81,-1,82,83,84,-1,5,59,85,-1,85,59,60,-1,85,60,86,-1,86,60,61,-1,86,61,87,-1,87,61,62,-1,87,62,88,-1,88,62,63,-1,88,63,26,-1,89,65,90,-1,90,65,64,-1,90,64,91,-1,92,93,94,-1,94,93,91,-1,94,91,95,-1,95,91,64,-1,95,64,96,-1,96,64,66,-1,96,66,97,-1,98,99,100,-1,100,99,101,-1,100,101,102,-1,102,101,103,-1,102,103,104,-1,104,103,105,-1,104,105,106,-1,106,105,107,-1,106,107,108,-1,108,107,11,-1,109,74,110,-1,110,74,73,-1,110,73,111,-1,112,113,114,-1,114,113,115,-1,114,115,116,-1,116,115,117,-1,116,117,118,-1,118,117,119,-1,118,119,120,-1,120,119,121,-1,120,121,122,-1,122,121,123,-1,122,123,124,-1,113,125,115,-1,115,125,126,-1,115,126,117,-1,117,126,127,-1,117,127,119,-1,119,127,128,-1,119,128,121,-1,121,128,129,-1,121,129,123,-1,123,129,130,-1,125,131,126,-1,126,131,132,-1,126,132,127,-1,127,132,133,-1,127,133,128,-1,128,133,134,-1,128,134,129,-1,129,134,135,-1,129,135,130,-1,130,135,136,-1,131,137,132,-1,132,137,138,-1,132,138,133,-1,133,138,139,-1,133,139,134,-1,134,139,140,-1,134,140,135,-1,135,140,141,-1,135,141,136,-1,136,141,142,-1,136,142,143,-1,143,142,144,-1,145,146,147,-1,147,146,148,-1,147,148,149,-1,149,148,150,-1,149,150,151,-1,151,150,152,-1,151,152,153,-1,153,152,154,-1,153,154,155,-1,155,154,8,-1,156,83,157,-1,157,83,82,-1,157,82,158,-1,159,160,161,-1,161,160,162,-1,161,162,163,-1,163,162,164,-1,163,164,165,-1,165,164,166,-1,165,166,167,-1,167,166,168,-1,167,168,169,-1,169,168,170,-1,169,170,171,-1,160,172,162,-1,162,172,173,-1,162,173,164,-1,164,173,174,-1,164,174,166,-1,166,174,175,-1,166,175,168,-1,168,175,176,-1,168,176,170,-1,170,176,177,-1,172,178,173,-1,173,178,179,-1,173,179,174,-1,174,179,180,-1,174,180,175,-1,175,180,181,-1,175,181,176,-1,176,181,182,-1,176,182,177,-1,177,182,183,-1,178,184,179,-1,179,184,185,-1,179,185,180,-1,180,185,186,-1,180,186,181,-1,181,186,187,-1,181,187,182,-1,182,187,188,-1,182,188,183,-1,183,188,189,-1,183,189,190,-1,190,189,191,-1,192,97,193,-1,193,97,66,-1,193,66,194,-1,194,66,65,-1,194,65,195,-1,195,65,89,-1,195,89,196,-1,196,89,197,-1,196,197,198,-1,93,199,91,-1,91,199,200,-1,91,200,90,-1,90,200,201,-1,90,201,89,-1,89,201,202,-1,89,202,197,-1,203,92,108,-1,108,92,94,-1,108,94,106,-1,106,94,95,-1,106,95,104,-1,104,95,96,-1,104,96,102,-1,102,96,97,-1,102,97,100,-1,100,97,192,-1,100,192,98,-1,11,10,108,-1,108,10,204,-1,108,204,203,-1,205,9,72,-1,72,9,11,-1,72,11,71,-1,71,11,107,-1,71,107,70,-1,70,107,105,-1,70,105,69,-1,69,105,103,-1,69,103,68,-1,68,103,101,-1,68,101,67,-1,67,101,99,-1,36,75,37,-1,37,75,74,-1,37,74,53,-1,53,74,109,-1,53,109,72,-1,72,109,206,-1,72,206,205,-1,207,208,111,-1,111,208,209,-1,111,209,110,-1,110,209,210,-1,110,210,109,-1,109,210,211,-1,109,211,206,-1,32,112,34,-1,34,112,114,-1,34,114,36,-1,36,114,116,-1,36,116,75,-1,75,116,118,-1,75,118,73,-1,73,118,120,-1,73,120,111,-1,111,120,122,-1,111,122,207,-1,207,122,124,-1,143,212,136,-1,136,212,213,-1,136,213,130,-1,130,213,214,-1,130,214,123,-1,123,214,215,-1,123,215,124,-1,216,144,155,-1,155,144,142,-1,155,142,153,-1,153,142,141,-1,153,141,151,-1,151,141,140,-1,151,140,149,-1,149,140,139,-1,149,139,147,-1,147,139,138,-1,147,138,145,-1,145,138,137,-1,8,7,155,-1,155,7,217,-1,155,217,216,-1,218,6,81,-1,81,6,8,-1,81,8,80,-1,80,8,154,-1,80,154,79,-1,79,154,152,-1,79,152,78,-1,78,152,150,-1,78,150,77,-1,77,150,148,-1,77,148,76,-1,76,148,146,-1,43,84,44,-1,44,84,83,-1,44,83,58,-1,58,83,156,-1,58,156,81,-1,81,156,219,-1,81,219,218,-1,220,221,158,-1,158,221,222,-1,158,222,157,-1,157,222,223,-1,157,223,156,-1,156,223,224,-1,156,224,219,-1,39,159,41,-1,41,159,161,-1,41,161,43,-1,43,161,163,-1,43,163,84,-1,84,163,165,-1,84,165,82,-1,82,165,167,-1,82,167,158,-1,158,167,169,-1,158,169,220,-1,220,169,171,-1,190,225,183,-1,183,225,226,-1,183,226,177,-1,177,226,227,-1,177,227,170,-1,170,227,228,-1,170,228,171,-1,4,191,5,-1,5,191,189,-1,5,189,59,-1,59,189,188,-1,59,188,45,-1,45,188,187,-1,45,187,14,-1,14,187,186,-1,14,186,12,-1,12,186,185,-1,12,185,30,-1,30,185,184,-1,26,27,88,-1,88,27,229,-1,88,229,87,-1,87,229,230,-1,87,230,86,-1,86,230,231,-1,86,231,85,-1,85,231,232,-1,85,232,5,-1,5,232,233,-1,5,233,3,-1,234,235,236,-1,24,25,27,-1,27,25,237,-1,27,237,229,-1,229,237,238,-1,229,238,230,-1,230,238,239,-1,230,239,231,-1,231,239,234,-1,231,234,232,-1,232,234,236,-1,232,236,233,-1,22,23,25,-1,25,23,240,-1,25,240,237,-1,237,240,241,-1,237,241,238,-1,238,241,242,-1,238,242,239,-1,239,242,2,-1,239,2,234,-1,234,2,1,-1,234,1,235,-1,20,21,23,-1,23,21,243,-1,23,243,240,-1,240,243,244,-1,240,244,241,-1,241,244,245,-1,241,245,242,-1,242,245,246,-1,242,246,2,-1,2,246,247,-1,2,247,0,-1,248,249,250,-1,18,19,21,-1,21,19,251,-1,21,251,243,-1,243,251,252,-1,243,252,244,-1,244,252,253,-1,244,253,245,-1,245,253,248,-1,245,248,246,-1,246,248,250,-1,246,250,247,-1,15,17,19,-1,19,17,254,-1,19,254,251,-1,251,254,255,-1,251,255,252,-1,252,255,256,-1,252,256,253,-1,253,256,257,-1,253,257,248,-1,248,257,258,-1,248,258,249,-1,259,260,261,-1,261,260,262,-1,261,262,263,-1,263,262,264,-1,264,262,265,-1,264,265,266,-1,266,265,267,-1,267,265,268,-1,267,268,269,-1,269,268,270,-1,270,268,271,-1,270,271,272,-1,272,271,273,-1,273,271,274,-1,273,274,275,-1,275,274,276,-1,276,274,277,-1,276,277,278,-1,278,277,279,-1,279,277,280,-1,279,280,281,-1,281,280,282,-1,282,280,283,-1,282,283,284,-1,284,283,285,-1,285,283,286,-1,285,286,287,-1,287,286,288,-1,288,286,289,-1,288,289,290,-1,290,289,291,-1,291,289,292,-1,291,292,293,-1,293,292,294,-1,294,292,295,-1,294,295,296,-1,296,295,297,-1,297,295,298,-1,297,298,299,-1,299,298,300,-1,300,298,301,-1,300,301,302,-1,302,301,303,-1,303,301,304,-1,303,304,305,-1,305,304,306,-1,306,304,307,-1,306,307,308,-1,308,307,309,-1,309,307,310,-1,309,310,311,-1,311,310,312,-1,312,310,313,-1,312,313,314,-1,314,313,315,-1,315,313,316,-1,315,316,317,-1,318,319,259,-1,259,261,318,-1,318,261,263,-1,318,263,320,-1,263,264,320,-1,320,264,266,-1,320,266,321,-1,266,267,321,-1,321,267,269,-1,321,269,322,-1,269,270,322,-1,322,270,272,-1,322,272,323,-1,272,273,323,-1,323,273,275,-1,323,275,324,-1,275,276,324,-1,324,276,278,-1,324,278,325,-1,278,279,325,-1,325,279,281,-1,325,281,326,-1,281,282,326,-1,326,282,284,-1,326,284,327,-1,284,285,327,-1,327,285,287,-1,327,287,328,-1,328,287,288,-1,328,288,329,-1,288,290,329,-1,329,290,291,-1,329,291,330,-1,291,293,330,-1,330,293,294,-1,330,294,331,-1,294,296,331,-1,331,296,297,-1,331,297,332,-1,297,299,332,-1,332,299,300,-1,332,300,333,-1,300,302,333,-1,333,302,303,-1,333,303,334,-1,303,305,334,-1,334,305,306,-1,334,306,335,-1,306,308,335,-1,335,308,309,-1,335,309,336,-1,309,311,336,-1,336,311,312,-1,336,312,337,-1,317,338,315,-1,315,338,337,-1,315,337,314,-1,314,337,312,-1,339,340,341,-1,339,341,342,-1,342,341,343,-1,342,343,344,-1,344,343,345,-1,344,345,346,-1,346,345,347,-1,346,347,348,-1,348,347,349,-1,348,349,350,-1,350,349,351,-1,350,351,352,-1,352,351,353,-1,352,353,354,-1,354,353,355,-1,354,355,356,-1,356,355,357,-1,356,357,358,-1,358,357,359,-1,358,359,360,-1,360,359,361,-1,360,361,362,-1,362,361,363,-1,362,363,364,-1,364,363,365,-1,364,365,366,-1,366,365,367,-1,366,367,368,-1,368,367,369,-1,368,369,370,-1,370,369,371,-1,370,371,372,-1,372,371,373,-1,372,373,374,-1,374,373,375,-1,374,375,376,-1,376,375,377,-1,376,377,378,-1,378,377,379,-1,378,379,380,-1,380,379,381,-1,380,381,382,-1,382,381,383,-1,382,383,384,-1,384,383,385,-1,384,385,386,-1,386,385,387,-1,386,387,388,-1,336,389,335,-1,335,389,390,-1,335,390,334,-1,334,390,391,-1,334,391,333,-1,333,391,392,-1,333,392,332,-1,332,392,393,-1,332,393,331,-1,394,382,395,-1,395,382,384,-1,395,384,396,-1,396,384,386,-1,396,386,338,-1,338,386,388,-1,338,388,337,-1,337,388,397,-1,337,397,336,-1,336,397,398,-1,336,398,389,-1,399,358,400,-1,400,358,360,-1,400,360,401,-1,401,360,362,-1,401,362,402,-1,402,362,364,-1,402,364,403,-1,403,364,366,-1,403,366,404,-1,366,368,404,-1,404,368,370,-1,404,370,405,-1,405,370,372,-1,405,372,406,-1,406,372,374,-1,406,374,407,-1,407,374,376,-1,407,376,408,-1,408,376,378,-1,408,378,394,-1,394,378,380,-1,394,380,382,-1,409,346,410,-1,410,346,348,-1,410,348,411,-1,411,348,350,-1,411,350,412,-1,412,350,352,-1,412,352,413,-1,413,352,354,-1,413,354,399,-1,399,354,356,-1,399,356,358,-1,321,414,320,-1,320,414,415,-1,320,415,318,-1,318,415,416,-1,318,416,319,-1,319,416,339,-1,319,339,417,-1,417,339,342,-1,417,342,409,-1,409,342,344,-1,409,344,346,-1,326,418,325,-1,325,418,419,-1,325,419,324,-1,324,419,420,-1,324,420,323,-1,323,420,421,-1,323,421,322,-1,322,421,422,-1,322,422,321,-1,321,422,423,-1,321,423,414,-1,393,424,331,-1,331,424,425,-1,331,425,330,-1,330,425,426,-1,330,426,329,-1,329,426,427,-1,329,427,328,-1,328,427,428,-1,328,428,327,-1,327,428,429,-1,327,429,326,-1,326,429,430,-1,326,430,418,-1,388,387,431,-1,388,431,397,-1,397,431,432,-1,397,432,398,-1,398,432,433,-1,398,433,389,-1,389,433,434,-1,389,434,390,-1,390,434,435,-1,390,435,391,-1,391,435,436,-1,391,436,392,-1,392,436,437,-1,392,437,393,-1,393,437,438,-1,393,438,424,-1,424,438,439,-1,424,439,425,-1,425,439,440,-1,425,440,426,-1,426,440,441,-1,426,441,427,-1,427,441,442,-1,427,442,428,-1,428,442,443,-1,428,443,429,-1,429,443,444,-1,429,444,430,-1,430,444,445,-1,430,445,418,-1,418,445,446,-1,418,446,419,-1,419,446,447,-1,419,447,420,-1,420,447,448,-1,420,448,421,-1,421,448,449,-1,421,449,422,-1,422,449,450,-1,422,450,423,-1,423,450,451,-1,423,451,414,-1,414,451,452,-1,414,452,415,-1,415,452,453,-1,415,453,416,-1,416,453,340,-1,416,340,339,-1,454,455,387,-1,387,455,431,-1,456,432,457,-1,457,432,431,-1,457,431,458,-1,458,431,455,-1,456,459,432,-1,432,459,460,-1,432,460,433,-1,433,460,461,-1,433,461,434,-1,434,461,462,-1,462,463,434,-1,434,463,464,-1,434,464,435,-1,464,465,435,-1,435,465,466,-1,435,466,436,-1,466,467,436,-1,436,467,468,-1,436,468,437,-1,437,468,469,-1,469,470,437,-1,437,470,471,-1,437,471,438,-1,471,472,438,-1,438,472,473,-1,438,473,439,-1,474,440,475,-1,475,440,439,-1,475,439,476,-1,476,439,473,-1,474,477,440,-1,440,477,478,-1,440,478,441,-1,441,478,479,-1,441,479,442,-1,442,479,480,-1,480,481,442,-1,442,481,482,-1,442,482,443,-1,482,483,443,-1,443,483,484,-1,443,484,444,-1,484,485,444,-1,444,485,486,-1,444,486,445,-1,445,486,487,-1,487,488,445,-1,445,488,489,-1,445,489,446,-1,489,490,446,-1,446,490,491,-1,446,491,447,-1,492,448,493,-1,493,448,447,-1,493,447,494,-1,494,447,491,-1,492,495,448,-1,448,495,496,-1,448,496,449,-1,449,496,497,-1,449,497,450,-1,450,497,498,-1,498,499,450,-1,450,499,500,-1,450,500,451,-1,500,501,451,-1,451,501,502,-1,451,502,452,-1,502,503,452,-1,452,503,504,-1,452,504,453,-1,453,504,505,-1,506,340,507,-1,507,340,453,-1,507,453,508,-1,508,453,505,-1,506,509,340,-1,340,509,341,-1,510,343,511,-1,511,343,341,-1,511,341,512,-1,512,341,509,-1,510,513,343,-1,343,513,514,-1,343,514,345,-1,345,514,515,-1,345,515,347,-1,347,515,516,-1,516,517,347,-1,347,517,518,-1,347,518,349,-1,518,519,349,-1,349,519,520,-1,349,520,351,-1,520,521,351,-1,351,521,522,-1,351,522,353,-1,353,522,523,-1,523,524,353,-1,353,524,525,-1,353,525,355,-1,525,526,355,-1,355,526,527,-1,355,527,357,-1,528,359,529,-1,529,359,357,-1,529,357,530,-1,530,357,527,-1,528,531,359,-1,359,531,532,-1,359,532,361,-1,361,532,533,-1,361,533,363,-1,363,533,534,-1,534,535,363,-1,363,535,536,-1,363,536,365,-1,536,537,365,-1,365,537,538,-1,365,538,367,-1,538,539,367,-1,367,539,540,-1,367,540,369,-1,369,540,541,-1,541,542,369,-1,369,542,543,-1,369,543,371,-1,543,544,371,-1,371,544,545,-1,371,545,373,-1,546,375,547,-1,547,375,373,-1,547,373,548,-1,548,373,545,-1,546,549,375,-1,375,549,550,-1,375,550,377,-1,377,550,551,-1,377,551,379,-1,379,551,552,-1,552,553,379,-1,379,553,554,-1,379,554,381,-1,554,555,381,-1,381,555,556,-1,381,556,383,-1,556,557,383,-1,383,557,558,-1,383,558,385,-1,385,558,559,-1,454,387,560,-1,560,387,385,-1,560,385,561,-1,561,385,559,-1,562,563,454,-1,454,560,562,-1,562,560,561,-1,562,561,564,-1,564,561,559,-1,564,559,565,-1,559,558,565,-1,565,558,557,-1,565,557,566,-1,557,556,566,-1,566,556,555,-1,566,555,567,-1,555,554,567,-1,567,554,553,-1,567,553,568,-1,553,552,568,-1,568,552,551,-1,568,551,569,-1,569,551,550,-1,569,550,570,-1,550,549,570,-1,570,549,546,-1,570,546,571,-1,571,546,547,-1,571,547,572,-1,547,548,572,-1,572,548,545,-1,572,545,573,-1,573,545,544,-1,573,544,574,-1,544,543,574,-1,574,543,542,-1,574,542,575,-1,575,542,541,-1,575,541,576,-1,541,540,576,-1,576,540,539,-1,576,539,577,-1,539,538,577,-1,577,538,537,-1,577,537,578,-1,537,536,578,-1,578,536,535,-1,578,535,579,-1,535,534,579,-1,579,534,533,-1,579,533,580,-1,580,533,532,-1,580,532,581,-1,532,531,581,-1,581,531,528,-1,581,528,582,-1,582,528,529,-1,582,529,583,-1,529,530,583,-1,583,530,527,-1,583,527,584,-1,584,527,526,-1,584,526,585,-1,526,525,585,-1,585,525,524,-1,585,524,586,-1,586,524,523,-1,586,523,587,-1,523,522,587,-1,587,522,521,-1,587,521,588,-1,521,520,588,-1,588,520,519,-1,588,519,589,-1,519,518,589,-1,589,518,517,-1,589,517,590,-1,517,516,590,-1,590,516,515,-1,590,515,591,-1,591,515,514,-1,591,514,592,-1,514,513,592,-1,592,513,510,-1,592,510,593,-1,593,510,511,-1,593,511,594,-1,506,595,509,-1,509,595,594,-1,509,594,512,-1,512,594,511,-1,595,596,594,-1,594,596,597,-1,594,597,593,-1,593,597,598,-1,593,598,592,-1,592,598,599,-1,592,599,591,-1,591,599,600,-1,591,600,590,-1,590,600,601,-1,590,601,589,-1,589,601,602,-1,589,602,588,-1,588,602,603,-1,588,603,587,-1,587,603,604,-1,587,604,586,-1,586,604,605,-1,586,605,585,-1,585,605,606,-1,585,606,584,-1,584,606,607,-1,584,607,583,-1,583,607,608,-1,583,608,582,-1,582,608,609,-1,582,609,581,-1,581,609,610,-1,581,610,580,-1,580,610,611,-1,580,611,579,-1,579,611,612,-1,579,612,578,-1,578,612,613,-1,578,613,577,-1,577,613,614,-1,577,614,576,-1,576,614,615,-1,576,615,575,-1,575,615,616,-1,575,616,574,-1,574,616,617,-1,574,617,573,-1,573,617,618,-1,573,618,572,-1,572,618,619,-1,572,619,571,-1,571,619,620,-1,571,620,570,-1,570,620,621,-1,570,621,569,-1,569,621,622,-1,569,622,568,-1,568,622,623,-1,568,623,567,-1,567,623,624,-1,567,624,566,-1,566,624,625,-1,566,625,565,-1,565,625,626,-1,565,626,564,-1,564,626,627,-1,564,627,562,-1,562,627,628,-1,562,628,563,-1,563,628,629,-1,596,630,597,-1,597,630,631,-1,597,631,598,-1,598,631,632,-1,598,632,599,-1,599,632,633,-1,599,633,600,-1,600,633,634,-1,600,634,601,-1,601,634,635,-1,601,635,602,-1,602,635,636,-1,602,636,603,-1,603,636,637,-1,603,637,604,-1,604,637,638,-1,604,638,605,-1,605,638,639,-1,605,639,606,-1,606,639,640,-1,606,640,607,-1,607,640,641,-1,607,641,608,-1,608,641,642,-1,608,642,609,-1,609,642,643,-1,609,643,610,-1,610,643,644,-1,610,644,611,-1,611,644,645,-1,611,645,612,-1,612,645,646,-1,612,646,613,-1,613,646,647,-1,613,647,614,-1,614,647,648,-1,614,648,615,-1,615,648,649,-1,615,649,616,-1,616,649,650,-1,616,650,617,-1,617,650,651,-1,617,651,618,-1,618,651,652,-1,618,652,619,-1,619,652,653,-1,619,653,620,-1,620,653,654,-1,620,654,621,-1,621,654,655,-1,621,655,622,-1,622,655,656,-1,622,656,623,-1,623,656,657,-1,623,657,624,-1,624,657,658,-1,624,658,625,-1,625,658,659,-1,625,659,626,-1,626,659,660,-1,626,660,627,-1,627,660,661,-1,627,661,628,-1,628,661,662,-1,628,662,629,-1,629,662,663,-1,630,664,631,-1,631,664,665,-1,631,665,632,-1,632,665,666,-1,632,666,633,-1,633,666,667,-1,633,667,634,-1,634,667,668,-1,634,668,635,-1,635,668,669,-1,635,669,636,-1,636,669,670,-1,636,670,637,-1,637,670,671,-1,637,671,638,-1,638,671,672,-1,638,672,639,-1,639,672,673,-1,639,673,640,-1,640,673,674,-1,640,674,641,-1,641,674,675,-1,641,675,642,-1,642,675,676,-1,642,676,643,-1,643,676,677,-1,643,677,644,-1,644,677,678,-1,644,678,645,-1,645,678,679,-1,645,679,646,-1,646,679,680,-1,646,680,647,-1,647,680,681,-1,647,681,648,-1,648,681,682,-1,648,682,649,-1,649,682,683,-1,649,683,650,-1,650,683,684,-1,650,684,651,-1,651,684,685,-1,651,685,652,-1,652,685,686,-1,652,686,653,-1,653,686,687,-1,653,687,654,-1,654,687,688,-1,654,688,655,-1,655,688,689,-1,655,689,656,-1,656,689,690,-1,656,690,657,-1,657,690,691,-1,657,691,658,-1,658,691,692,-1,658,692,659,-1,659,692,693,-1,659,693,660,-1,660,693,694,-1,660,694,661,-1,661,694,695,-1,661,695,662,-1,662,695,696,-1,662,696,663,-1,663,696,697,-1,664,698,665,-1,665,698,699,-1,665,699,666,-1,666,699,700,-1,666,700,667,-1,667,700,701,-1,667,701,668,-1,668,701,702,-1,668,702,669,-1,669,702,703,-1,669,703,670,-1,670,703,704,-1,670,704,671,-1,671,704,705,-1,671,705,672,-1,672,705,706,-1,672,706,673,-1,673,706,707,-1,673,707,674,-1,674,707,708,-1,674,708,675,-1,675,708,709,-1,675,709,676,-1,676,709,710,-1,676,710,677,-1,677,710,711,-1,677,711,678,-1,678,711,712,-1,678,712,679,-1,679,712,713,-1,679,713,680,-1,680,713,714,-1,680,714,681,-1,681,714,715,-1,681,715,682,-1,682,715,716,-1,682,716,683,-1,683,716,717,-1,683,717,684,-1,684,717,718,-1,684,718,685,-1,685,718,719,-1,685,719,686,-1,686,719,720,-1,686,720,687,-1,687,720,721,-1,687,721,688,-1,688,721,722,-1,688,722,689,-1,689,722,723,-1,689,723,690,-1,690,723,724,-1,690,724,691,-1,691,724,725,-1,691,725,692,-1,692,725,726,-1,692,726,693,-1,693,726,727,-1,693,727,694,-1,694,727,728,-1,694,728,695,-1,695,728,729,-1,695,729,696,-1,696,729,730,-1,696,730,697,-1,697,730,731,-1,698,16,699,-1,699,16,15,-1,699,15,700,-1,700,15,18,-1,700,18,701,-1,701,18,20,-1,701,20,702,-1,702,20,22,-1,702,22,703,-1,703,22,24,-1,703,24,704,-1,704,24,26,-1,704,26,705,-1,705,26,63,-1,705,63,706,-1,706,63,48,-1,706,48,707,-1,707,48,28,-1,707,28,708,-1,708,28,29,-1,708,29,709,-1,709,29,30,-1,709,30,710,-1,710,30,184,-1,710,184,711,-1,711,184,178,-1,711,178,712,-1,712,178,172,-1,712,172,713,-1,713,172,160,-1,713,160,714,-1,714,160,159,-1,714,159,715,-1,715,159,39,-1,715,39,716,-1,716,39,38,-1,716,38,717,-1,717,38,54,-1,717,54,718,-1,718,54,76,-1,718,76,719,-1,719,76,146,-1,719,146,720,-1,720,146,145,-1,720,145,721,-1,721,145,137,-1,721,137,722,-1,722,137,131,-1,722,131,723,-1,723,131,125,-1,723,125,724,-1,724,125,113,-1,724,113,725,-1,725,113,112,-1,725,112,726,-1,726,112,32,-1,726,32,727,-1,727,32,31,-1,727,31,728,-1,728,31,49,-1,728,49,729,-1,729,49,67,-1,729,67,730,-1,730,67,99,-1,730,99,731,-1,731,99,98,-1,732,595,506,-1,506,507,732,-1,732,507,508,-1,732,508,733,-1,733,508,505,-1,733,505,734,-1,505,504,734,-1,734,504,503,-1,734,503,735,-1,503,502,735,-1,735,502,501,-1,735,501,736,-1,501,500,736,-1,736,500,499,-1,736,499,737,-1,499,498,737,-1,737,498,497,-1,737,497,738,-1,738,497,496,-1,738,496,739,-1,496,495,739,-1,739,495,492,-1,739,492,740,-1,740,492,493,-1,740,493,741,-1,493,494,741,-1,741,494,491,-1,741,491,742,-1,742,491,490,-1,742,490,743,-1,490,489,743,-1,743,489,488,-1,743,488,744,-1,744,488,487,-1,744,487,745,-1,487,486,745,-1,745,486,485,-1,745,485,746,-1,485,484,746,-1,746,484,483,-1,746,483,747,-1,483,482,747,-1,747,482,481,-1,747,481,748,-1,481,480,748,-1,748,480,479,-1,748,479,749,-1,749,479,478,-1,749,478,750,-1,478,477,750,-1,750,477,474,-1,750,474,751,-1,751,474,475,-1,751,475,752,-1,475,476,752,-1,752,476,473,-1,752,473,753,-1,753,473,472,-1,753,472,754,-1,472,471,754,-1,754,471,470,-1,754,470,755,-1,755,470,469,-1,755,469,756,-1,469,468,756,-1,756,468,467,-1,756,467,757,-1,467,466,757,-1,757,466,465,-1,757,465,758,-1,465,464,758,-1,758,464,463,-1,758,463,759,-1,463,462,759,-1,759,462,461,-1,759,461,760,-1,760,461,460,-1,760,460,761,-1,460,459,761,-1,761,459,456,-1,761,456,762,-1,762,456,457,-1,762,457,763,-1,454,563,455,-1,455,563,763,-1,455,763,458,-1,458,763,457,-1,563,629,763,-1,763,629,764,-1,763,764,762,-1,762,764,765,-1,762,765,761,-1,761,765,766,-1,761,766,760,-1,760,766,767,-1,760,767,759,-1,759,767,768,-1,759,768,758,-1,758,768,769,-1,758,769,757,-1,757,769,770,-1,757,770,756,-1,756,770,771,-1,756,771,755,-1,755,771,772,-1,755,772,754,-1,754,772,773,-1,754,773,753,-1,753,773,774,-1,753,774,752,-1,752,774,775,-1,752,775,751,-1,751,775,776,-1,751,776,750,-1,750,776,777,-1,750,777,749,-1,749,777,778,-1,749,778,748,-1,748,778,779,-1,748,779,747,-1,747,779,780,-1,747,780,746,-1,746,780,781,-1,746,781,745,-1,745,781,782,-1,745,782,744,-1,744,782,783,-1,744,783,743,-1,743,783,784,-1,743,784,742,-1,742,784,785,-1,742,785,741,-1,741,785,786,-1,741,786,740,-1,740,786,787,-1,740,787,739,-1,739,787,788,-1,739,788,738,-1,738,788,789,-1,738,789,737,-1,737,789,790,-1,737,790,736,-1,736,790,791,-1,736,791,735,-1,735,791,792,-1,735,792,734,-1,734,792,793,-1,734,793,733,-1,733,793,794,-1,733,794,732,-1,732,794,795,-1,732,795,595,-1,595,795,596,-1,629,663,764,-1,764,663,796,-1,764,796,765,-1,765,796,797,-1,765,797,766,-1,766,797,798,-1,766,798,767,-1,767,798,799,-1,767,799,768,-1,768,799,800,-1,768,800,769,-1,769,800,801,-1,769,801,770,-1,770,801,802,-1,770,802,771,-1,771,802,803,-1,771,803,772,-1,772,803,804,-1,772,804,773,-1,773,804,805,-1,773,805,774,-1,774,805,806,-1,774,806,775,-1,775,806,807,-1,775,807,776,-1,776,807,808,-1,776,808,777,-1,777,808,809,-1,777,809,778,-1,778,809,810,-1,778,810,779,-1,779,810,811,-1,779,811,780,-1,780,811,812,-1,780,812,781,-1,781,812,813,-1,781,813,782,-1,782,813,814,-1,782,814,783,-1,783,814,815,-1,783,815,784,-1,784,815,816,-1,784,816,785,-1,785,816,817,-1,785,817,786,-1,786,817,818,-1,786,818,787,-1,787,818,819,-1,787,819,788,-1,788,819,820,-1,788,820,789,-1,789,820,821,-1,789,821,790,-1,790,821,822,-1,790,822,791,-1,791,822,823,-1,791,823,792,-1,792,823,824,-1,792,824,793,-1,793,824,825,-1,793,825,794,-1,794,825,826,-1,794,826,795,-1,795,826,827,-1,795,827,596,-1,596,827,630,-1,663,697,796,-1,796,697,828,-1,796,828,797,-1,797,828,829,-1,797,829,798,-1,798,829,830,-1,798,830,799,-1,799,830,831,-1,799,831,800,-1,800,831,832,-1,800,832,801,-1,801,832,833,-1,801,833,802,-1,802,833,834,-1,802,834,803,-1,803,834,835,-1,803,835,804,-1,804,835,836,-1,804,836,805,-1,805,836,837,-1,805,837,806,-1,806,837,838,-1,806,838,807,-1,807,838,839,-1,807,839,808,-1,808,839,840,-1,808,840,809,-1,809,840,841,-1,809,841,810,-1,810,841,842,-1,810,842,811,-1,811,842,843,-1,811,843,812,-1,812,843,844,-1,812,844,813,-1,813,844,845,-1,813,845,814,-1,814,845,846,-1,814,846,815,-1,815,846,847,-1,815,847,816,-1,816,847,848,-1,816,848,817,-1,817,848,849,-1,817,849,818,-1,818,849,850,-1,818,850,819,-1,819,850,851,-1,819,851,820,-1,820,851,852,-1,820,852,821,-1,821,852,853,-1,821,853,822,-1,822,853,854,-1,822,854,823,-1,823,854,855,-1,823,855,824,-1,824,855,856,-1,824,856,825,-1,825,856,857,-1,825,857,826,-1,826,857,858,-1,826,858,827,-1,827,858,859,-1,827,859,630,-1,630,859,664,-1,697,731,828,-1,828,731,860,-1,828,860,829,-1,829,860,861,-1,829,861,830,-1,830,861,862,-1,830,862,831,-1,831,862,863,-1,831,863,832,-1,832,863,864,-1,832,864,833,-1,833,864,865,-1,833,865,834,-1,834,865,866,-1,834,866,835,-1,835,866,867,-1,835,867,836,-1,836,867,868,-1,836,868,837,-1,837,868,869,-1,837,869,838,-1,838,869,870,-1,838,870,839,-1,839,870,871,-1,839,871,840,-1,840,871,872,-1,840,872,841,-1,841,872,873,-1,841,873,842,-1,842,873,874,-1,842,874,843,-1,843,874,875,-1,843,875,844,-1,844,875,876,-1,844,876,845,-1,845,876,877,-1,845,877,846,-1,846,877,878,-1,846,878,847,-1,847,878,879,-1,847,879,848,-1,848,879,880,-1,848,880,849,-1,849,880,881,-1,849,881,850,-1,850,881,882,-1,850,882,851,-1,851,882,883,-1,851,883,852,-1,852,883,884,-1,852,884,853,-1,853,884,885,-1,853,885,854,-1,854,885,886,-1,854,886,855,-1,855,886,887,-1,855,887,856,-1,856,887,888,-1,856,888,857,-1,857,888,889,-1,857,889,858,-1,858,889,890,-1,858,890,859,-1,859,890,891,-1,859,891,664,-1,664,891,698,-1,731,98,860,-1,860,98,892,-1,860,892,861,-1,861,892,893,-1,861,893,862,-1,862,893,894,-1,862,894,863,-1,863,894,895,-1,863,895,864,-1,864,895,896,-1,864,896,865,-1,865,896,897,-1,865,897,866,-1,866,897,898,-1,866,898,867,-1,867,898,899,-1,867,899,868,-1,868,899,900,-1,868,900,869,-1,869,900,901,-1,869,901,870,-1,870,901,902,-1,870,902,871,-1,871,902,903,-1,871,903,872,-1,872,903,904,-1,872,904,873,-1,873,904,905,-1,873,905,874,-1,874,905,906,-1,874,906,875,-1,875,906,907,-1,875,907,876,-1,876,907,908,-1,876,908,877,-1,877,908,909,-1,877,909,878,-1,878,909,910,-1,878,910,879,-1,879,910,911,-1,879,911,880,-1,880,911,912,-1,880,912,881,-1,881,912,913,-1,881,913,882,-1,882,913,914,-1,882,914,883,-1,883,914,915,-1,883,915,884,-1,884,915,916,-1,884,916,885,-1,885,916,917,-1,885,917,886,-1,886,917,918,-1,886,918,887,-1,887,918,919,-1,887,919,888,-1,888,919,920,-1,888,920,889,-1,889,920,921,-1,889,921,890,-1,890,921,922,-1,890,922,891,-1,891,922,923,-1,891,923,698,-1,698,923,16,-1,924,925,926,-1,927,928,929,-1,930,931,932,-1,933,934,935,-1,936,937,938,-1,892,98,192,-1,893,892,939,-1,894,893,940,-1,895,894,941,-1,896,895,942,-1,897,896,943,-1,900,937,901,-1,901,937,936,-1,901,936,902,-1,920,919,944,-1,944,919,945,-1,944,945,946,-1,946,945,947,-1,946,947,948,-1,909,908,949,-1,949,908,950,-1,949,950,951,-1,951,950,952,-1,951,952,953,-1,954,938,955,-1,955,938,937,-1,955,937,956,-1,956,937,900,-1,956,900,899,-1,921,920,957,-1,957,920,944,-1,957,944,958,-1,958,944,946,-1,958,946,959,-1,959,946,948,-1,959,948,960,-1,910,909,961,-1,961,909,949,-1,961,949,962,-1,962,949,951,-1,962,951,963,-1,963,951,953,-1,963,953,964,-1,965,954,966,-1,966,954,955,-1,966,955,967,-1,967,955,956,-1,967,956,968,-1,968,956,899,-1,968,899,898,-1,969,970,971,-1,922,921,972,-1,972,921,957,-1,972,957,973,-1,973,957,958,-1,973,958,974,-1,974,958,959,-1,974,959,975,-1,975,959,960,-1,975,960,976,-1,977,978,979,-1,911,910,980,-1,980,910,961,-1,980,961,981,-1,981,961,962,-1,981,962,982,-1,982,962,963,-1,982,963,983,-1,983,963,964,-1,983,964,984,-1,985,986,987,-1,929,965,988,-1,988,965,966,-1,988,966,989,-1,989,966,967,-1,989,967,990,-1,990,967,968,-1,990,968,991,-1,991,968,898,-1,991,898,897,-1,992,970,993,-1,993,970,969,-1,993,969,994,-1,995,996,997,-1,997,996,994,-1,997,994,998,-1,998,994,969,-1,998,969,999,-1,999,969,971,-1,999,971,1000,-1,16,923,1001,-1,1001,923,1002,-1,1001,1002,1003,-1,1003,1002,1004,-1,1003,1004,1005,-1,1005,1004,1006,-1,1005,1006,1007,-1,1007,1006,1008,-1,1007,1008,1009,-1,1009,1008,935,-1,1010,978,1011,-1,1011,978,977,-1,1011,977,1012,-1,918,917,1013,-1,1013,917,1014,-1,1013,1014,1015,-1,1015,1014,1016,-1,1015,1016,1017,-1,1017,1016,1018,-1,1017,1018,1019,-1,1019,1018,1020,-1,1019,1020,1021,-1,1021,1020,1022,-1,1021,1022,1023,-1,917,916,1014,-1,1014,916,1024,-1,1014,1024,1016,-1,1016,1024,1025,-1,1016,1025,1018,-1,1018,1025,1026,-1,1018,1026,1020,-1,1020,1026,1027,-1,1020,1027,1022,-1,1022,1027,1028,-1,916,915,1024,-1,1024,915,1029,-1,1024,1029,1025,-1,1025,1029,1030,-1,1025,1030,1026,-1,1026,1030,1031,-1,1026,1031,1027,-1,1027,1031,1032,-1,1027,1032,1028,-1,1028,1032,1033,-1,915,914,1029,-1,1029,914,1034,-1,1029,1034,1030,-1,1030,1034,1035,-1,1030,1035,1031,-1,1031,1035,1036,-1,1031,1036,1032,-1,1032,1036,1037,-1,1032,1037,1033,-1,1033,1037,1038,-1,1033,1038,1039,-1,1039,1038,1040,-1,913,912,1041,-1,1041,912,1042,-1,1041,1042,1043,-1,1043,1042,1044,-1,1043,1044,1045,-1,1045,1044,1046,-1,1045,1046,1047,-1,1047,1046,1048,-1,1047,1048,1049,-1,1049,1048,932,-1,1050,986,1051,-1,1051,986,985,-1,1051,985,1052,-1,907,906,1053,-1,1053,906,1054,-1,1053,1054,1055,-1,1055,1054,1056,-1,1055,1056,1057,-1,1057,1056,1058,-1,1057,1058,1059,-1,1059,1058,1060,-1,1059,1060,1061,-1,1061,1060,1062,-1,1061,1062,1063,-1,906,905,1054,-1,1054,905,1064,-1,1054,1064,1056,-1,1056,1064,1065,-1,1056,1065,1058,-1,1058,1065,1066,-1,1058,1066,1060,-1,1060,1066,1067,-1,1060,1067,1062,-1,1062,1067,1068,-1,905,904,1064,-1,1064,904,1069,-1,1064,1069,1065,-1,1065,1069,1070,-1,1065,1070,1066,-1,1066,1070,1071,-1,1066,1071,1067,-1,1067,1071,1072,-1,1067,1072,1068,-1,1068,1072,1073,-1,904,903,1069,-1,1069,903,1074,-1,1069,1074,1070,-1,1070,1074,1075,-1,1070,1075,1071,-1,1071,1075,1076,-1,1071,1076,1072,-1,1072,1076,1077,-1,1072,1077,1073,-1,1073,1077,1078,-1,1073,1078,1079,-1,1079,1078,1080,-1,17,1000,254,-1,254,1000,971,-1,254,971,255,-1,255,971,970,-1,255,970,256,-1,256,970,992,-1,256,992,257,-1,257,992,1081,-1,257,1081,258,-1,996,1082,994,-1,994,1082,1083,-1,994,1083,993,-1,993,1083,1084,-1,993,1084,992,-1,992,1084,1085,-1,992,1085,1081,-1,1086,995,1009,-1,1009,995,997,-1,1009,997,1007,-1,1007,997,998,-1,1007,998,1005,-1,1005,998,999,-1,1005,999,1003,-1,1003,999,1000,-1,1003,1000,1001,-1,1001,1000,17,-1,1001,17,16,-1,935,934,1009,-1,1009,934,1087,-1,1009,1087,1086,-1,1088,933,976,-1,976,933,935,-1,976,935,975,-1,975,935,1008,-1,975,1008,974,-1,974,1008,1006,-1,974,1006,973,-1,973,1006,1004,-1,973,1004,972,-1,972,1004,1002,-1,972,1002,922,-1,922,1002,923,-1,947,979,948,-1,948,979,978,-1,948,978,960,-1,960,978,1010,-1,960,1010,976,-1,976,1010,1089,-1,976,1089,1088,-1,1090,1091,1012,-1,1012,1091,1092,-1,1012,1092,1011,-1,1011,1092,1093,-1,1011,1093,1010,-1,1010,1093,1094,-1,1010,1094,1089,-1,919,918,945,-1,945,918,1013,-1,945,1013,947,-1,947,1013,1015,-1,947,1015,979,-1,979,1015,1017,-1,979,1017,977,-1,977,1017,1019,-1,977,1019,1012,-1,1012,1019,1021,-1,1012,1021,1090,-1,1090,1021,1023,-1,1039,1095,1033,-1,1033,1095,1096,-1,1033,1096,1028,-1,1028,1096,1097,-1,1028,1097,1022,-1,1022,1097,1098,-1,1022,1098,1023,-1,1099,1040,1049,-1,1049,1040,1038,-1,1049,1038,1047,-1,1047,1038,1037,-1,1047,1037,1045,-1,1045,1037,1036,-1,1045,1036,1043,-1,1043,1036,1035,-1,1043,1035,1041,-1,1041,1035,1034,-1,1041,1034,913,-1,913,1034,914,-1,932,931,1049,-1,1049,931,1100,-1,1049,1100,1099,-1,1101,930,984,-1,984,930,932,-1,984,932,983,-1,983,932,1048,-1,983,1048,982,-1,982,1048,1046,-1,982,1046,981,-1,981,1046,1044,-1,981,1044,980,-1,980,1044,1042,-1,980,1042,911,-1,911,1042,912,-1,952,987,953,-1,953,987,986,-1,953,986,964,-1,964,986,1050,-1,964,1050,984,-1,984,1050,1102,-1,984,1102,1101,-1,1103,1104,1052,-1,1052,1104,1105,-1,1052,1105,1051,-1,1051,1105,1106,-1,1051,1106,1050,-1,1050,1106,1107,-1,1050,1107,1102,-1,908,907,950,-1,950,907,1053,-1,950,1053,952,-1,952,1053,1055,-1,952,1055,987,-1,987,1055,1057,-1,987,1057,985,-1,985,1057,1059,-1,985,1059,1052,-1,1052,1059,1061,-1,1052,1061,1103,-1,1103,1061,1063,-1,1079,1108,1073,-1,1073,1108,1109,-1,1073,1109,1068,-1,1068,1109,1110,-1,1068,1110,1062,-1,1062,1110,1111,-1,1062,1111,1063,-1,928,1080,929,-1,929,1080,1078,-1,929,1078,965,-1,965,1078,1077,-1,965,1077,954,-1,954,1077,1076,-1,954,1076,938,-1,938,1076,1075,-1,938,1075,936,-1,936,1075,1074,-1,936,1074,902,-1,902,1074,903,-1,897,943,991,-1,991,943,1112,-1,991,1112,990,-1,990,1112,1113,-1,990,1113,989,-1,989,1113,1114,-1,989,1114,988,-1,988,1114,1115,-1,988,1115,929,-1,929,1115,1116,-1,929,1116,927,-1,1117,1118,1119,-1,896,942,943,-1,943,942,1120,-1,943,1120,1112,-1,1112,1120,1121,-1,1112,1121,1113,-1,1113,1121,1122,-1,1113,1122,1114,-1,1114,1122,1117,-1,1114,1117,1115,-1,1115,1117,1119,-1,1115,1119,1116,-1,895,941,942,-1,942,941,1123,-1,942,1123,1120,-1,1120,1123,1124,-1,1120,1124,1121,-1,1121,1124,1125,-1,1121,1125,1122,-1,1122,1125,926,-1,1122,926,1117,-1,1117,926,925,-1,1117,925,1118,-1,894,940,941,-1,941,940,1126,-1,941,1126,1123,-1,1123,1126,1127,-1,1123,1127,1124,-1,1124,1127,1128,-1,1124,1128,1125,-1,1125,1128,1129,-1,1125,1129,926,-1,926,1129,1130,-1,926,1130,924,-1,1131,1132,1133,-1,893,939,940,-1,940,939,1134,-1,940,1134,1126,-1,1126,1134,1135,-1,1126,1135,1127,-1,1127,1135,1136,-1,1127,1136,1128,-1,1128,1136,1131,-1,1128,1131,1129,-1,1129,1131,1133,-1,1129,1133,1130,-1,892,192,939,-1,939,192,193,-1,939,193,1134,-1,1134,193,194,-1,1134,194,1135,-1,1135,194,195,-1,1135,195,1136,-1,1136,195,196,-1,1136,196,1131,-1,1131,196,198,-1,1131,198,1132,-1,996,995,1137,-1,198,1138,1132,-1,1132,1138,1139,-1,1132,1139,1133,-1,1140,1119,1118,-1,1140,1118,1141,-1,1118,925,1141,-1,1141,925,924,-1,1141,924,1139,-1,1139,924,1130,-1,1139,1130,1133,-1,1119,1140,1116,-1,1116,1140,1142,-1,1116,1142,927,-1,1143,1080,1142,-1,1142,1080,928,-1,1142,928,927,-1,1144,1108,1143,-1,1143,1108,1079,-1,1143,1079,1080,-1,1063,1111,1145,-1,1145,1111,1110,-1,1145,1110,1144,-1,1144,1110,1109,-1,1144,1109,1108,-1,1063,1145,1103,-1,1103,1145,1146,-1,1103,1146,1104,-1,1104,1146,1147,-1,1104,1147,1105,-1,1148,930,1101,-1,1148,1101,1149,-1,1101,1102,1149,-1,1149,1102,1107,-1,1149,1107,1147,-1,1147,1107,1106,-1,1147,1106,1105,-1,930,1148,931,-1,931,1148,1150,-1,931,1150,1100,-1,1151,1040,1150,-1,1150,1040,1099,-1,1150,1099,1100,-1,1152,1095,1151,-1,1151,1095,1039,-1,1151,1039,1040,-1,1023,1098,1153,-1,1153,1098,1097,-1,1153,1097,1152,-1,1152,1097,1096,-1,1152,1096,1095,-1,1023,1153,1090,-1,1090,1153,1154,-1,1090,1154,1091,-1,1091,1154,1155,-1,1091,1155,1092,-1,1156,933,1088,-1,1156,1088,1157,-1,1088,1089,1157,-1,1157,1089,1094,-1,1157,1094,1155,-1,1155,1094,1093,-1,1155,1093,1092,-1,933,1156,934,-1,934,1156,1158,-1,934,1158,1087,-1,1137,995,1158,-1,1158,995,1086,-1,1158,1086,1087,-1,996,1137,1082,-1,1082,1137,1159,-1,1082,1159,1083,-1,1083,1159,1084,-1,1084,1159,1160,-1,1084,1160,1085,-1,1161,258,1160,-1,1160,258,1081,-1,1160,1081,1085,-1,93,92,1162,-1,258,1161,249,-1,249,1161,1163,-1,249,1163,250,-1,1164,236,235,-1,1164,235,1165,-1,235,1,1165,-1,1165,1,0,-1,1165,0,1163,-1,1163,0,247,-1,1163,247,250,-1,236,1164,233,-1,233,1164,1166,-1,233,1166,3,-1,1167,191,1166,-1,1166,191,4,-1,1166,4,3,-1,1168,225,1167,-1,1167,225,190,-1,1167,190,191,-1,171,228,1169,-1,1169,228,227,-1,1169,227,1168,-1,1168,227,226,-1,1168,226,225,-1,171,1169,220,-1,220,1169,1170,-1,220,1170,221,-1,221,1170,1171,-1,221,1171,222,-1,1172,6,218,-1,1172,218,1173,-1,218,219,1173,-1,1173,219,224,-1,1173,224,1171,-1,1171,224,223,-1,1171,223,222,-1,6,1172,7,-1,7,1172,1174,-1,7,1174,217,-1,1175,144,1174,-1,1174,144,216,-1,1174,216,217,-1,1176,212,1175,-1,1175,212,143,-1,1175,143,144,-1,124,215,1177,-1,1177,215,214,-1,1177,214,1176,-1,1176,214,213,-1,1176,213,212,-1,124,1177,207,-1,207,1177,1178,-1,207,1178,208,-1,208,1178,1179,-1,208,1179,209,-1,1180,9,205,-1,1180,205,1181,-1,205,206,1181,-1,1181,206,211,-1,1181,211,1179,-1,1179,211,210,-1,1179,210,209,-1,9,1180,10,-1,10,1180,1182,-1,10,1182,204,-1,1162,92,1182,-1,1182,92,203,-1,1182,203,204,-1,93,1162,199,-1,199,1162,1183,-1,199,1183,200,-1,200,1183,201,-1,201,1183,1184,-1,201,1184,202,-1,1138,198,1184,-1,1184,198,197,-1,1184,197,202,-1,1185,1174,1186,-1,1186,1174,1172,-1,1186,1172,1187,-1,1187,1172,1173,-1,1187,1173,1188,-1,1188,1173,1171,-1,1188,1171,1189,-1,1189,1171,1170,-1,1189,1170,1190,-1,1190,1170,1169,-1,1190,1169,1191,-1,1191,1169,1168,-1,1191,1168,1192,-1,1192,1168,1167,-1,1192,1167,1193,-1,1193,1167,1166,-1,1193,1166,1194,-1,1194,1166,1164,-1,1194,1164,1195,-1,1195,1164,1165,-1,1195,1165,1196,-1,1196,1165,1163,-1,1196,1163,1197,-1,1197,1163,1161,-1,1197,1161,1198,-1,1198,1161,1160,-1,1198,1160,1199,-1,1199,1160,1159,-1,1199,1159,1200,-1,1200,1159,1137,-1,1200,1137,1201,-1,1201,1137,1158,-1,1201,1158,1202,-1,1202,1158,1156,-1,1202,1156,1203,-1,1203,1156,1157,-1,1203,1157,1204,-1,1204,1157,1155,-1,1204,1155,1205,-1,1205,1155,1154,-1,1205,1154,1206,-1,1206,1154,1153,-1,1206,1153,1207,-1,1207,1153,1152,-1,1207,1152,1208,-1,1152,1151,1208,-1,1208,1151,1150,-1,1208,1150,1209,-1,1209,1150,1148,-1,1209,1148,1210,-1,1210,1148,1149,-1,1210,1149,1211,-1,1211,1149,1147,-1,1211,1147,1212,-1,1212,1147,1146,-1,1212,1146,1213,-1,1213,1146,1145,-1,1213,1145,1214,-1,1214,1145,1144,-1,1214,1144,1215,-1,1215,1144,1143,-1,1215,1143,1216,-1,1216,1143,1142,-1,1216,1142,1217,-1,1217,1142,1140,-1,1217,1140,1218,-1,1218,1140,1141,-1,1218,1141,1219,-1,1219,1141,1139,-1,1219,1139,1220,-1,1220,1139,1138,-1,1220,1138,1221,-1,1221,1138,1184,-1,1221,1184,1222,-1,1222,1184,1183,-1,1222,1183,1223,-1,1223,1183,1162,-1,1223,1162,1224,-1,1224,1162,1182,-1,1224,1182,1225,-1,1225,1182,1180,-1,1225,1180,1226,-1,1226,1180,1181,-1,1226,1181,1227,-1,1227,1181,1179,-1,1227,1179,1228,-1,1228,1179,1178,-1,1228,1178,1229,-1,1229,1178,1177,-1,1229,1177,1230,-1,1230,1177,1176,-1,1230,1176,1185,-1,1185,1176,1175,-1,1185,1175,1174,-1,1197,1231,1196,-1,1196,1231,1232,-1,1196,1232,1195,-1,1195,1232,1233,-1,1195,1233,1194,-1,1194,1233,1234,-1,1194,1234,1193,-1,1193,1234,1235,-1,1193,1235,1192,-1,1192,1235,1236,-1,1192,1236,1191,-1,1191,1236,1237,-1,1191,1237,1190,-1,1190,1237,1238,-1,1190,1238,1189,-1,1189,1238,1239,-1,1189,1239,1188,-1,1188,1239,1240,-1,1188,1240,1187,-1,1187,1240,1241,-1,1187,1241,1186,-1,1186,1241,1242,-1,1186,1242,1185,-1,1185,1242,1243,-1,1185,1243,1230,-1,1230,1243,1244,-1,1230,1244,1229,-1,1229,1244,1245,-1,1229,1245,1228,-1,1228,1245,1246,-1,1228,1246,1227,-1,1227,1246,1247,-1,1227,1247,1226,-1,1226,1247,1248,-1,1226,1248,1225,-1,1225,1248,1249,-1,1225,1249,1224,-1,1224,1249,1250,-1,1224,1250,1223,-1,1223,1250,1251,-1,1223,1251,1222,-1,1222,1251,1252,-1,1222,1252,1221,-1,1221,1252,1253,-1,1221,1253,1220,-1,1220,1253,1254,-1,1220,1254,1219,-1,1219,1254,1255,-1,1219,1255,1218,-1,1218,1255,1256,-1,1218,1256,1217,-1,1217,1256,1257,-1,1217,1257,1216,-1,1216,1257,1258,-1,1216,1258,1215,-1,1215,1258,1259,-1,1215,1259,1214,-1,1214,1259,1260,-1,1214,1260,1213,-1,1213,1260,1261,-1,1213,1261,1212,-1,1212,1261,1262,-1,1212,1262,1211,-1,1211,1262,1263,-1,1211,1263,1210,-1,1210,1263,1264,-1,1210,1264,1209,-1,1209,1264,1265,-1,1209,1265,1208,-1,1208,1265,1266,-1,1208,1266,1207,-1,1207,1266,1267,-1,1207,1267,1206,-1,1206,1267,1268,-1,1206,1268,1205,-1,1205,1268,1269,-1,1205,1269,1204,-1,1204,1269,1270,-1,1204,1270,1203,-1,1203,1270,1271,-1,1203,1271,1202,-1,1202,1271,1272,-1,1202,1272,1201,-1,1201,1272,1273,-1,1201,1273,1200,-1,1200,1273,1274,-1,1200,1274,1199,-1,1199,1274,1275,-1,1199,1275,1198,-1,1198,1275,1276,-1,1198,1276,1197,-1,1197,1276,1231,-1,1277,1234,1278,-1,1278,1234,1233,-1,1278,1233,1279,-1,1279,1233,1232,-1,1279,1232,1280,-1,1280,1232,1231,-1,1280,1231,1281,-1,1281,1231,1276,-1,1281,1276,1282,-1,1283,1268,1284,-1,1284,1268,1267,-1,1284,1267,1285,-1,1285,1267,1266,-1,1285,1266,1286,-1,1286,1266,1265,-1,1286,1265,1287,-1,1288,1240,1289,-1,1289,1240,1239,-1,1289,1239,1290,-1,1290,1239,1238,-1,1290,1238,1291,-1,1291,1238,1237,-1,1291,1237,1292,-1,1292,1237,1236,-1,1292,1236,1277,-1,1277,1236,1235,-1,1277,1235,1234,-1,1293,1257,1294,-1,1294,1257,1256,-1,1294,1256,1295,-1,1295,1256,1255,-1,1295,1255,1296,-1,1296,1255,1254,-1,1296,1254,1297,-1,1297,1254,1253,-1,1297,1253,1298,-1,1276,1275,1282,-1,1282,1275,1274,-1,1282,1274,1299,-1,1299,1274,1273,-1,1299,1273,1300,-1,1300,1273,1272,-1,1300,1272,1301,-1,1301,1272,1271,-1,1301,1271,1302,-1,1302,1271,1270,-1,1302,1270,1283,-1,1283,1270,1269,-1,1283,1269,1268,-1,1265,1264,1287,-1,1287,1264,1263,-1,1287,1263,1303,-1,1303,1263,1262,-1,1303,1262,1304,-1,1304,1262,1261,-1,1304,1261,1305,-1,1305,1261,1260,-1,1305,1260,1306,-1,1306,1260,1259,-1,1306,1259,1293,-1,1293,1259,1258,-1,1293,1258,1257,-1,1307,1245,1308,-1,1308,1245,1244,-1,1308,1244,1309,-1,1309,1244,1243,-1,1309,1243,1310,-1,1310,1243,1242,-1,1310,1242,1288,-1,1288,1242,1241,-1,1288,1241,1240,-1,1253,1252,1298,-1,1298,1252,1251,-1,1298,1251,1311,-1,1311,1251,1250,-1,1311,1250,1312,-1,1312,1250,1249,-1,1312,1249,1313,-1,1313,1249,1248,-1,1313,1248,1314,-1,1314,1248,1247,-1,1314,1247,1307,-1,1307,1247,1246,-1,1307,1246,1245,-1,1315,1280,1316,-1,1316,1280,1281,-1,1316,1281,1317,-1,1317,1281,1282,-1,1317,1282,1318,-1,1318,1282,1299,-1,1318,1299,1319,-1,1319,1299,1300,-1,1319,1300,1320,-1,1320,1300,1301,-1,1320,1301,1321,-1,1321,1301,1302,-1,1321,1302,1322,-1,1322,1302,1283,-1,1322,1283,1323,-1,1323,1283,1284,-1,1323,1284,1324,-1,1324,1284,1285,-1,1324,1285,1325,-1,1325,1285,1286,-1,1325,1286,1326,-1,1326,1286,1287,-1,1326,1287,1327,-1,1327,1287,1303,-1,1327,1303,1328,-1,1328,1303,1304,-1,1328,1304,1329,-1,1329,1304,1305,-1,1329,1305,1330,-1,1330,1305,1306,-1,1330,1306,1331,-1,1331,1306,1293,-1,1331,1293,1332,-1,1332,1293,1294,-1,1332,1294,1333,-1,1333,1294,1295,-1,1333,1295,1334,-1,1334,1295,1296,-1,1334,1296,1335,-1,1335,1296,1297,-1,1335,1297,1336,-1,1336,1297,1298,-1,1336,1298,1337,-1,1337,1298,1311,-1,1337,1311,1338,-1,1338,1311,1312,-1,1338,1312,1339,-1,1339,1312,1313,-1,1339,1313,1340,-1,1340,1313,1314,-1,1340,1314,1341,-1,1341,1314,1307,-1,1341,1307,1342,-1,1342,1307,1308,-1,1342,1308,1343,-1,1343,1308,1309,-1,1343,1309,1344,-1,1344,1309,1310,-1,1344,1310,1345,-1,1345,1310,1288,-1,1345,1288,1346,-1,1346,1288,1289,-1,1346,1289,1347,-1,1347,1289,1290,-1,1347,1290,1348,-1,1348,1290,1291,-1,1348,1291,1349,-1,1349,1291,1292,-1,1349,1292,1350,-1,1350,1292,1277,-1,1350,1277,1351,-1,1351,1277,1278,-1,1351,1278,1352,-1,1352,1278,1279,-1,1352,1279,1315,-1,1315,1279,1280,-1,1315,1353,1352,-1,1352,1353,1354,-1,1352,1354,1351,-1,1351,1354,1355,-1,1351,1355,1350,-1,1350,1355,1356,-1,1350,1356,1349,-1,1349,1356,1357,-1,1349,1357,1348,-1,1348,1357,1358,-1,1348,1358,1347,-1,1347,1358,1359,-1,1347,1359,1346,-1,1346,1359,1360,-1,1346,1360,1345,-1,1345,1360,1361,-1,1345,1361,1344,-1,1344,1361,1362,-1,1344,1362,1343,-1,1343,1362,1363,-1,1343,1363,1342,-1,1342,1363,1364,-1,1342,1364,1341,-1,1341,1364,1365,-1,1341,1365,1340,-1,1340,1365,1366,-1,1340,1366,1339,-1,1339,1366,1367,-1,1339,1367,1338,-1,1338,1367,1368,-1,1338,1368,1337,-1,1337,1368,1369,-1,1337,1369,1336,-1,1336,1369,1370,-1,1336,1370,1335,-1,1335,1370,1371,-1,1335,1371,1334,-1,1334,1371,1372,-1,1334,1372,1333,-1,1333,1372,1373,-1,1333,1373,1332,-1,1332,1373,1374,-1,1332,1374,1331,-1,1331,1374,1375,-1,1331,1375,1330,-1,1330,1375,1376,-1,1330,1376,1329,-1,1329,1376,1377,-1,1329,1377,1328,-1,1328,1377,1378,-1,1328,1378,1327,-1,1327,1378,1379,-1,1327,1379,1326,-1,1326,1379,1380,-1,1326,1380,1325,-1,1325,1380,1381,-1,1325,1381,1324,-1,1324,1381,1382,-1,1324,1382,1323,-1,1323,1382,1383,-1,1323,1383,1322,-1,1322,1383,1384,-1,1322,1384,1321,-1,1321,1384,1385,-1,1321,1385,1320,-1,1320,1385,1386,-1,1320,1386,1319,-1,1319,1386,1387,-1,1319,1387,1318,-1,1318,1387,1388,-1,1318,1388,1317,-1,1317,1388,1389,-1,1317,1389,1316,-1,1316,1389,1390,-1,1316,1390,1315,-1,1315,1390,1353,-1,1391,1353,1392,-1,1392,1353,1390,-1,1392,1390,1393,-1,1393,1390,1389,-1,1393,1389,1394,-1,1394,1389,1388,-1,1394,1388,1395,-1,1395,1388,1387,-1,1395,1387,1396,-1,1396,1387,1386,-1,1396,1386,1397,-1,1397,1386,1385,-1,1397,1385,1398,-1,1398,1385,1384,-1,1398,1384,1399,-1,1399,1384,1383,-1,1399,1383,1400,-1,1400,1383,1382,-1,1400,1382,1401,-1,1401,1382,1381,-1,1401,1381,1402,-1,1402,1381,1380,-1,1402,1380,1403,-1,1403,1380,1379,-1,1403,1379,1404,-1,1404,1379,1378,-1,1404,1378,1405,-1,1405,1378,1377,-1,1405,1377,1406,-1,1406,1377,1376,-1,1406,1376,1407,-1,1407,1376,1375,-1,1407,1375,1408,-1,1408,1375,1374,-1,1408,1374,1409,-1,1409,1374,1373,-1,1409,1373,1410,-1,1410,1373,1372,-1,1410,1372,1411,-1,1411,1372,1371,-1,1411,1371,1412,-1,1412,1371,1370,-1,1412,1370,1413,-1,1413,1370,1369,-1,1413,1369,1414,-1,1414,1369,1368,-1,1414,1368,1415,-1,1415,1368,1367,-1,1415,1367,1416,-1,1416,1367,1366,-1,1416,1366,1417,-1,1417,1366,1365,-1,1417,1365,1418,-1,1418,1365,1364,-1,1418,1364,1419,-1,1419,1364,1363,-1,1419,1363,1420,-1,1420,1363,1362,-1,1420,1362,1421,-1,1421,1362,1361,-1,1421,1361,1422,-1,1422,1361,1360,-1,1422,1360,1423,-1,1423,1360,1359,-1,1423,1359,1424,-1,1424,1359,1358,-1,1424,1358,1425,-1,1425,1358,1357,-1,1425,1357,1426,-1,1426,1357,1356,-1,1426,1356,1427,-1,1427,1356,1355,-1,1427,1355,1428,-1,1428,1355,1354,-1,1428,1354,1391,-1,1391,1354,1353,-1,1391,1429,1428,-1,1428,1429,1430,-1,1428,1430,1427,-1,1427,1430,1431,-1,1427,1431,1426,-1,1426,1431,1432,-1,1426,1432,1425,-1,1425,1432,1433,-1,1425,1433,1424,-1,1424,1433,1434,-1,1424,1434,1423,-1,1423,1434,1435,-1,1423,1435,1422,-1,1422,1435,1436,-1,1422,1436,1421,-1,1421,1436,1437,-1,1421,1437,1420,-1,1420,1437,1438,-1,1420,1438,1419,-1,1419,1438,1439,-1,1419,1439,1418,-1,1418,1439,1440,-1,1418,1440,1417,-1,1417,1440,1441,-1,1417,1441,1416,-1,1416,1441,1442,-1,1416,1442,1415,-1,1415,1442,1443,-1,1415,1443,1414,-1,1414,1443,1444,-1,1414,1444,1413,-1,1413,1444,1445,-1,1413,1445,1412,-1,1412,1445,1446,-1,1412,1446,1411,-1,1411,1446,1447,-1,1411,1447,1410,-1,1410,1447,1448,-1,1410,1448,1409,-1,1409,1448,1449,-1,1409,1449,1408,-1,1408,1449,1450,-1,1408,1450,1407,-1,1407,1450,1451,-1,1407,1451,1406,-1,1406,1451,1452,-1,1406,1452,1405,-1,1405,1452,1453,-1,1405,1453,1404,-1,1404,1453,1454,-1,1404,1454,1403,-1,1403,1454,1455,-1,1403,1455,1402,-1,1402,1455,1456,-1,1402,1456,1401,-1,1401,1456,1457,-1,1401,1457,1400,-1,1400,1457,1458,-1,1400,1458,1399,-1,1399,1458,1459,-1,1399,1459,1398,-1,1398,1459,1460,-1,1398,1460,1397,-1,1397,1460,1461,-1,1397,1461,1396,-1,1396,1461,1462,-1,1396,1462,1395,-1,1395,1462,1463,-1,1395,1463,1394,-1,1394,1463,1464,-1,1394,1464,1393,-1,1393,1464,1465,-1,1393,1465,1392,-1,1392,1465,1466,-1,1392,1466,1391,-1,1391,1466,1429,-1,1467,1429,1468,-1,1468,1429,1466,-1,1468,1466,1469,-1,1469,1466,1465,-1,1469,1465,1470,-1,1470,1465,1464,-1,1470,1464,1471,-1,1471,1464,1463,-1,1471,1463,1472,-1,1472,1463,1462,-1,1472,1462,1473,-1,1473,1462,1461,-1,1473,1461,1474,-1,1474,1461,1460,-1,1474,1460,1475,-1,1475,1460,1459,-1,1475,1459,1476,-1,1476,1459,1458,-1,1476,1458,1477,-1,1477,1458,1457,-1,1477,1457,1478,-1,1478,1457,1456,-1,1478,1456,1479,-1,1479,1456,1455,-1,1479,1455,1480,-1,1480,1455,1454,-1,1480,1454,1481,-1,1481,1454,1453,-1,1481,1453,1482,-1,1482,1453,1452,-1,1482,1452,1483,-1,1483,1452,1451,-1,1483,1451,1484,-1,1484,1451,1450,-1,1484,1450,1485,-1,1485,1450,1449,-1,1485,1449,1486,-1,1486,1449,1448,-1,1486,1448,1487,-1,1487,1448,1447,-1,1487,1447,1488,-1,1488,1447,1446,-1,1488,1446,1489,-1,1489,1446,1445,-1,1489,1445,1490,-1,1490,1445,1444,-1,1490,1444,1491,-1,1491,1444,1443,-1,1491,1443,1492,-1,1492,1443,1442,-1,1492,1442,1493,-1,1493,1442,1441,-1,1493,1441,1494,-1,1494,1441,1440,-1,1494,1440,1495,-1,1495,1440,1439,-1,1495,1439,1496,-1,1496,1439,1438,-1,1496,1438,1497,-1,1497,1438,1437,-1,1497,1437,1498,-1,1498,1437,1436,-1,1498,1436,1499,-1,1499,1436,1435,-1,1499,1435,1500,-1,1500,1435,1434,-1,1500,1434,1501,-1,1501,1434,1433,-1,1501,1433,1502,-1,1502,1433,1432,-1,1502,1432,1503,-1,1503,1432,1431,-1,1503,1431,1504,-1,1504,1431,1430,-1,1504,1430,1467,-1,1467,1430,1429,-1,1467,1505,1504,-1,1504,1505,1506,-1,1504,1506,1503,-1,1503,1506,1507,-1,1503,1507,1502,-1,1502,1507,1508,-1,1502,1508,1501,-1,1501,1508,1509,-1,1501,1509,1500,-1,1500,1509,1510,-1,1500,1510,1499,-1,1499,1510,1511,-1,1499,1511,1498,-1,1498,1511,1512,-1,1498,1512,1497,-1,1497,1512,1513,-1,1497,1513,1496,-1,1496,1513,1514,-1,1496,1514,1495,-1,1495,1514,1515,-1,1495,1515,1494,-1,1494,1515,1516,-1,1494,1516,1493,-1,1493,1516,1517,-1,1493,1517,1492,-1,1492,1517,1518,-1,1492,1518,1491,-1,1491,1518,1519,-1,1491,1519,1490,-1,1490,1519,1520,-1,1490,1520,1489,-1,1489,1520,1521,-1,1489,1521,1488,-1,1488,1521,1522,-1,1488,1522,1487,-1,1487,1522,1523,-1,1487,1523,1486,-1,1486,1523,1524,-1,1486,1524,1485,-1,1485,1524,1525,-1,1485,1525,1484,-1,1484,1525,1526,-1,1484,1526,1483,-1,1483,1526,1527,-1,1483,1527,1482,-1,1482,1527,1528,-1,1482,1528,1481,-1,1481,1528,1529,-1,1481,1529,1480,-1,1480,1529,1530,-1,1480,1530,1479,-1,1479,1530,1531,-1,1479,1531,1478,-1,1478,1531,1532,-1,1478,1532,1477,-1,1477,1532,1533,-1,1477,1533,1476,-1,1476,1533,1534,-1,1476,1534,1475,-1,1475,1534,1535,-1,1475,1535,1474,-1,1474,1535,1536,-1,1474,1536,1473,-1,1473,1536,1537,-1,1473,1537,1472,-1,1472,1537,1538,-1,1472,1538,1471,-1,1471,1538,1539,-1,1471,1539,1470,-1,1470,1539,1540,-1,1470,1540,1469,-1,1469,1540,1541,-1,1469,1541,1468,-1,1468,1541,1542,-1,1468,1542,1467,-1,1467,1542,1505,-1,260,1505,262,-1,262,1505,1542,-1,262,1542,265,-1,265,1542,1541,-1,265,1541,268,-1,268,1541,1540,-1,268,1540,271,-1,271,1540,1539,-1,271,1539,274,-1,274,1539,1538,-1,274,1538,277,-1,277,1538,1537,-1,277,1537,280,-1,280,1537,1536,-1,280,1536,283,-1,283,1536,1535,-1,283,1535,286,-1,286,1535,1534,-1,286,1534,289,-1,289,1534,1533,-1,289,1533,292,-1,292,1533,1532,-1,292,1532,295,-1,295,1532,1531,-1,295,1531,298,-1,298,1531,1530,-1,298,1530,301,-1,301,1530,1529,-1,301,1529,304,-1,304,1529,1528,-1,304,1528,307,-1,307,1528,1527,-1,307,1527,310,-1,310,1527,1526,-1,310,1526,313,-1,313,1526,1525,-1,313,1525,316,-1,316,1525,1524,-1,316,1524,1543,-1,1543,1524,1523,-1,1543,1523,1544,-1,1544,1523,1522,-1,1544,1522,1545,-1,1545,1522,1521,-1,1545,1521,1546,-1,1546,1521,1520,-1,1546,1520,1547,-1,1547,1520,1519,-1,1547,1519,1548,-1,1548,1519,1518,-1,1548,1518,1549,-1,1549,1518,1517,-1,1549,1517,1550,-1,1550,1517,1516,-1,1550,1516,1551,-1,1551,1516,1515,-1,1551,1515,1552,-1,1552,1515,1514,-1,1552,1514,1553,-1,1553,1514,1513,-1,1553,1513,1554,-1,1554,1513,1512,-1,1554,1512,1555,-1,1555,1512,1511,-1,1555,1511,1556,-1,1556,1511,1510,-1,1556,1510,1557,-1,1557,1510,1509,-1,1557,1509,1558,-1,1558,1509,1508,-1,1558,1508,1559,-1,1559,1508,1507,-1,1559,1507,1560,-1,1560,1507,1506,-1,1560,1506,260,-1,260,1506,1505,-1,317,316,1561,-1,1561,316,1543,-1,1561,1543,1562,-1,1562,1543,1563,-1,1563,1543,1544,-1,1563,1544,1564,-1,1564,1544,1565,-1,1565,1544,1545,-1,1565,1545,1566,-1,1566,1545,1567,-1,1567,1545,1546,-1,1567,1546,1568,-1,1568,1546,1569,-1,1569,1546,1547,-1,1569,1547,1570,-1,1570,1547,1571,-1,1571,1547,1548,-1,1571,1548,1572,-1,1572,1548,1573,-1,1573,1548,1549,-1,1573,1549,1574,-1,1574,1549,1575,-1,1575,1549,1550,-1,1575,1550,1576,-1,1576,1550,1577,-1,1577,1550,1551,-1,1577,1551,1578,-1,1578,1551,1579,-1,1579,1551,1552,-1,1579,1552,1580,-1,1580,1552,1581,-1,1581,1552,1553,-1,1581,1553,1582,-1,1582,1553,1583,-1,1583,1553,1554,-1,1583,1554,1584,-1,1584,1554,1585,-1,1585,1554,1555,-1,1585,1555,1586,-1,1586,1555,1587,-1,1587,1555,1556,-1,1587,1556,1588,-1,1588,1556,1589,-1,1589,1556,1557,-1,1589,1557,1590,-1,1590,1557,1591,-1,1591,1557,1558,-1,1591,1558,1592,-1,1592,1558,1593,-1,1593,1558,1559,-1,1593,1559,1594,-1,1594,1559,1595,-1,1595,1559,1560,-1,1595,1560,1596,-1,1596,1560,1597,-1,1597,1560,260,-1,1597,260,259,-1,396,338,317,-1,317,1561,396,-1,396,1561,1562,-1,396,1562,395,-1,1562,1563,395,-1,395,1563,1564,-1,395,1564,394,-1,1564,1565,394,-1,394,1565,1566,-1,394,1566,408,-1,1566,1567,408,-1,408,1567,1568,-1,408,1568,407,-1,1568,1569,407,-1,407,1569,1570,-1,407,1570,406,-1,1570,1571,406,-1,406,1571,1572,-1,406,1572,405,-1,1572,1573,405,-1,405,1573,1574,-1,405,1574,404,-1,1574,1575,404,-1,404,1575,1576,-1,404,1576,403,-1,1576,1577,403,-1,403,1577,1578,-1,403,1578,402,-1,402,1578,1579,-1,402,1579,401,-1,1579,1580,401,-1,401,1580,1581,-1,401,1581,400,-1,1581,1582,400,-1,400,1582,1583,-1,400,1583,399,-1,1583,1584,399,-1,399,1584,1585,-1,399,1585,413,-1,1585,1586,413,-1,413,1586,1587,-1,413,1587,412,-1,1587,1588,412,-1,412,1588,1589,-1,412,1589,411,-1,1589,1590,411,-1,411,1590,1591,-1,411,1591,410,-1,1591,1592,410,-1,410,1592,1593,-1,410,1593,409,-1,1593,1594,409,-1,409,1594,1595,-1,409,1595,417,-1,259,319,1597,-1,1597,319,417,-1,1597,417,1596,-1,1596,417,1595,-1,
        ]
    }
}
Shape{
    appearance Appearance {
        material  Material {
            diffuseColor 0.9686274509803922 0.8784313725490196 0.6
            specularColor 0.6784313725490196 0.615686274509804 0.4196078431372549
            ambientIntensity 0.8737
            transparency 0.0
            shininess 0.5
        }
    }
    geometry IndexedFaceSet {
        ccw TRUE
        solid FALSE
        coord DEF co Coordinate {
            point [
                0.5216 1.0989 0.7559, 0.5101 1.119 0.7559, 0.4514 0.9772 0.7559, 0.4937 1.1353 0.7559, 0.4737 1.1469 0.7559, 0.4059 0.9832 0.7559, 0.4282 1.1529 0.7559, 0.3859 0.9948 0.7559, 0.4059 1.1469 0.7559, 0.3859 1.1353 0.7559, 0.4737 0.9832 0.7559, 0.5276 1.0535 0.7559, 0.5276 1.0766 0.7559, 0.4937 0.9948 0.7559, 0.5101 1.0111 0.7559, 0.5216 1.0312 0.7559, 0.4282 0.9772 0.7559, 0.4513 1.1529 0.7559, 0.3695 1.119 0.7559, 0.3579 1.0989 0.7559, 0.352 1.0766 0.7559, 0.352 1.0535 0.7559, 0.358 1.0311 0.7559, 0.3695 1.0111 0.7559, 0.358 1.0311 -2.3622, 0.3695 1.0111 -2.3622, 0.3859 0.9948 -2.3622, 0.4059 0.9832 -2.3622, 0.4282 0.9772 -2.3622, 0.4514 0.9772 -2.3622, 0.4737 0.9832 -2.3622, 0.4937 0.9948 -2.3622, 0.5101 1.0111 -2.3622, 0.5216 1.0312 -2.3622, 0.5276 1.0535 -2.3622, 0.5276 1.0766 -2.3622, 0.5216 1.0989 -2.3622, 0.5101 1.119 -2.3622, 0.4937 1.1353 -2.3622, 0.4737 1.1469 -2.3622, 0.4513 1.1529 -2.3622, 0.4282 1.1529 -2.3622, 0.4059 1.1469 -2.3622, 0.3859 1.1353 -2.3622, 0.3695 1.119 -2.3622, 0.3579 1.0989 -2.3622, 0.352 1.0766 -2.3622, 0.352 1.0535 -2.3622, 0.3562 -1.1685 0.0591, 0.4221 -0.9225 0.0591, 0.3873 -0.9319 0.0591, 0.3874 -1.1865 0.0591, 0.4221 -1.1958 0.0591, 0.4581 -1.1958 0.0591, 0.5767 -1.0412 0.0591, 0.5674 -1.0064 0.0591, 0.5494 -0.9753 0.0591, 0.5239 -0.9498 0.0591, 0.4928 -0.9318 0.0591, 0.458 -0.9225 0.0591, 0.3562 -0.9498 0.0591, 0.3307 -0.9753 0.0591, 0.3128 -1.0064 0.0591, 0.3128 -1.1119 0.0591, 0.3308 -1.1431 0.0591, 0.3035 -1.0772 0.0591, 0.3035 -1.0412 0.0591, 0.5494 -1.143 0.0591, 0.524 -1.1685 0.0591, 0.4928 -1.1865 0.0591, 0.5674 -1.1119 0.0591, 0.5767 -1.0771 0.0591, 0.3128 -1.1119 -0.0394, 0.3035 -1.0772 -0.0394, 0.3035 -1.0412 -0.0394, 0.3128 -1.0064 -0.0394, 0.3307 -0.9753 -0.0394, 0.3562 -0.9498 -0.0394, 0.3873 -0.9319 -0.0394, 0.4221 -0.9225 -0.0394, 0.458 -0.9225 -0.0394, 0.4928 -0.9318 -0.0394, 0.5239 -0.9498 -0.0394, 0.5494 -0.9753 -0.0394, 0.5674 -1.0064 -0.0394, 0.5767 -1.0412 -0.0394, 0.5767 -1.0771 -0.0394, 0.5674 -1.1119 -0.0394, 0.5494 -1.143 -0.0394, 0.524 -1.1685 -0.0394, 0.4928 -1.1865 -0.0394, 0.4581 -1.1958 -0.0394, 0.4221 -1.1958 -0.0394, 0.3874 -1.1865 -0.0394, 0.3562 -1.1685 -0.0394, 0.3308 -1.1431 -0.0394, 0.3698 -1.1131 -0.0394, 0.3582 -1.0931 -0.0394, 0.3523 -1.0707 -0.0394, 0.3523 -1.0476 -0.0394, 0.3582 -1.0253 -0.0394, 0.3698 -1.0052 -0.0394, 0.3861 -0.9889 -0.0394, 0.4062 -0.9773 -0.0394, 0.4285 -0.9713 -0.0394, 0.4516 -0.9713 -0.0394, 0.474 -0.9773 -0.0394, 0.494 -0.9889 -0.0394, 0.5103 -1.0052 -0.0394, 0.5219 -1.0252 -0.0394, 0.5279 -1.0476 -0.0394, 0.5279 -1.0707 -0.0394, 0.5219 -1.093 -0.0394, 0.5104 -1.1131 -0.0394, 0.494 -1.1294 -0.0394, 0.474 -1.141 -0.0394, 0.4517 -1.147 -0.0394, 0.4285 -1.147 -0.0394, 0.4062 -1.141 -0.0394, 0.3862 -1.1294 -0.0394, 0.3582 -1.0931 -2.3622, 0.3523 -1.0707 -2.3622, 0.3523 -1.0476 -2.3622, 0.3582 -1.0253 -2.3622, 0.3698 -1.0052 -2.3622, 0.3861 -0.9889 -2.3622, 0.4062 -0.9773 -2.3622, 0.4285 -0.9713 -2.3622, 0.4516 -0.9713 -2.3622, 0.474 -0.9773 -2.3622, 0.494 -0.9889 -2.3622, 0.5103 -1.0052 -2.3622, 0.5219 -1.0252 -2.3622, 0.5279 -1.0476 -2.3622, 0.5279 -1.0707 -2.3622, 0.5219 -1.093 -2.3622, 0.5104 -1.1131 -2.3622, 0.494 -1.1294 -2.3622, 0.474 -1.141 -2.3622, 0.4517 -1.147 -2.3622, 0.4285 -1.147 -2.3622, 0.4062 -1.141 -2.3622, 0.3862 -1.1294 -2.3622, 0.3698 -1.1131 -2.3622
            ]
        }
        coordIndex [
            0,1,2,-1,2,1,3,-1,2,3,4,-1,5,6,7,-1,7,6,8,-1,7,8,9,-1,10,11,2,-1,2,11,12,-1,2,12,0,-1,10,13,11,-1,11,13,14,-1,11,14,15,-1,5,16,6,-1,6,16,2,-1,6,2,17,-1,17,2,4,-1,9,18,7,-1,7,18,19,-1,7,19,20,-1,20,21,7,-1,7,21,22,-1,7,22,23,-1,22,24,25,-1,22,25,23,-1,23,25,26,-1,23,26,7,-1,7,26,27,-1,7,27,5,-1,5,27,28,-1,5,28,16,-1,16,28,29,-1,16,29,2,-1,2,29,30,-1,2,30,10,-1,10,30,31,-1,10,31,13,-1,13,31,32,-1,13,32,14,-1,14,32,33,-1,14,33,15,-1,15,33,34,-1,15,34,11,-1,11,34,35,-1,11,35,12,-1,12,35,36,-1,12,36,0,-1,0,36,37,-1,0,37,1,-1,1,37,38,-1,1,38,3,-1,3,38,39,-1,3,39,4,-1,4,39,40,-1,4,40,17,-1,17,40,41,-1,17,41,6,-1,6,41,42,-1,6,42,8,-1,8,42,43,-1,8,43,9,-1,9,43,44,-1,9,44,18,-1,18,44,45,-1,18,45,19,-1,19,45,46,-1,19,46,20,-1,20,46,47,-1,20,47,21,-1,21,47,24,-1,21,24,22,-1,43,33,32,-1,32,31,43,-1,43,31,30,-1,43,30,29,-1,43,42,33,-1,33,42,41,-1,33,41,40,-1,26,25,43,-1,43,25,24,-1,43,24,47,-1,40,39,33,-1,33,39,38,-1,33,38,37,-1,29,28,43,-1,43,28,27,-1,43,27,26,-1,47,46,43,-1,43,46,45,-1,43,45,44,-1,37,36,33,-1,33,36,35,-1,33,35,34,-1,48,49,50,-1,48,51,49,-1,49,51,52,-1,49,52,53,-1,54,55,53,-1,53,55,56,-1,53,56,57,-1,57,58,53,-1,53,58,59,-1,53,59,49,-1,50,60,48,-1,48,60,61,-1,48,61,62,-1,63,64,65,-1,65,64,48,-1,65,48,66,-1,66,48,62,-1,67,53,68,-1,68,53,69,-1,67,70,53,-1,53,70,71,-1,53,71,54,-1,72,63,65,-1,72,65,73,-1,73,65,66,-1,73,66,74,-1,74,66,62,-1,74,62,75,-1,75,62,61,-1,75,61,76,-1,76,61,60,-1,76,60,77,-1,77,60,50,-1,77,50,78,-1,78,50,49,-1,78,49,79,-1,79,49,59,-1,79,59,80,-1,80,59,58,-1,80,58,81,-1,81,58,57,-1,81,57,82,-1,82,57,56,-1,82,56,83,-1,83,56,55,-1,83,55,84,-1,84,55,54,-1,84,54,85,-1,85,54,71,-1,85,71,86,-1,86,71,70,-1,86,70,87,-1,87,70,67,-1,87,67,88,-1,88,67,68,-1,88,68,89,-1,89,68,69,-1,89,69,90,-1,90,69,53,-1,90,53,91,-1,91,53,52,-1,91,52,92,-1,92,52,51,-1,92,51,93,-1,93,51,48,-1,93,48,94,-1,94,48,64,-1,94,64,95,-1,95,64,63,-1,95,63,72,-1,96,95,97,-1,97,95,72,-1,97,72,98,-1,98,72,73,-1,98,73,99,-1,99,73,74,-1,99,74,100,-1,100,74,75,-1,100,75,101,-1,101,75,76,-1,101,76,102,-1,102,76,77,-1,102,77,103,-1,103,77,78,-1,103,78,104,-1,104,78,79,-1,104,79,105,-1,105,79,80,-1,105,80,106,-1,106,80,81,-1,106,81,107,-1,107,81,82,-1,107,82,108,-1,108,82,83,-1,108,83,109,-1,109,83,84,-1,109,84,110,-1,110,84,85,-1,110,85,111,-1,111,85,86,-1,111,86,112,-1,112,86,87,-1,112,87,113,-1,113,87,88,-1,113,88,114,-1,114,88,89,-1,114,89,115,-1,115,89,90,-1,115,90,116,-1,116,90,91,-1,116,91,117,-1,117,91,92,-1,117,92,118,-1,118,92,93,-1,118,93,119,-1,119,93,94,-1,119,94,96,-1,96,94,95,-1,120,97,98,-1,120,98,121,-1,121,98,99,-1,121,99,122,-1,122,99,100,-1,122,100,123,-1,123,100,101,-1,123,101,124,-1,124,101,102,-1,124,102,125,-1,125,102,103,-1,125,103,126,-1,126,103,104,-1,126,104,127,-1,127,104,105,-1,127,105,128,-1,128,105,106,-1,128,106,129,-1,129,106,107,-1,129,107,130,-1,130,107,108,-1,130,108,131,-1,131,108,109,-1,131,109,132,-1,132,109,110,-1,132,110,133,-1,133,110,111,-1,133,111,134,-1,134,111,112,-1,134,112,135,-1,135,112,113,-1,135,113,136,-1,136,113,114,-1,136,114,137,-1,137,114,115,-1,137,115,138,-1,138,115,116,-1,138,116,139,-1,139,116,117,-1,139,117,140,-1,140,117,118,-1,140,118,141,-1,141,118,119,-1,141,119,142,-1,142,119,96,-1,142,96,143,-1,143,96,97,-1,143,97,120,-1,127,139,126,-1,126,139,125,-1,128,137,127,-1,127,137,138,-1,127,138,139,-1,130,134,135,-1,120,141,143,-1,143,141,142,-1,120,121,141,-1,141,121,122,-1,141,122,123,-1,139,140,125,-1,125,140,141,-1,125,141,124,-1,124,141,123,-1,130,131,134,-1,134,131,132,-1,134,132,133,-1,128,129,137,-1,137,129,130,-1,137,130,136,-1,136,130,135,-1,
        ]
    }
}
Shape{
    appearance Appearance {
        material  Material {
            diffuseColor 0.0 0.0 0.0
            specularColor 0.0 0.0 0.0
            ambientIntensity 0.0
            transparency 0.0
            shininess 0.5
        }
    }
    geometry IndexedFaceSet {
        ccw TRUE
        solid FALSE
        coord DEF co Coordinate {
            point [
                1.2858 -0.243 2.3819, 1.2872 -0.2321 2.3819, 1.2443 -0.1287 2.3922, 0.7437 1.0794 2.3819, 0.7866 0.976 2.3922, 0.8471 1.0001 2.3819, 0.4654 1.2264 2.3819, 0.4433 1.2334 2.3819, 0.4921 1.1156 2.3981, 0.0189 1.3118 2.3819, -0.0635 1.3082 2.3819, -0.0074 1.1729 2.4058, -0.43 1.2393 2.3819, -0.5011 1.2122 2.3819, -0.4156 1.0059 2.419, -0.1332 1.3051 2.3819, -0.2835 1.2809 2.3819, -0.2116 1.0899 2.4157, -0.29 1.279 2.3819, 0.1968 1.2549 2.3893, 0.1784 1.2993 2.3819, 0.1707 1.3008 2.3819, 0.2883 1.034 2.4212, 0.3202 1.2722 2.3819, 0.2663 1.2825 2.3819, 0.6043 1.1641 2.3819, 0.5837 0.8946 2.4219, 0.735 1.0861 2.3819, 0.6083 1.1617 2.3819, 0.878 0.7553 2.408, 1.0244 0.8146 2.3819, 0.965 0.8874 2.3819, 0.8558 0.9934 2.3819, 0.9696 0.5342 2.4159, 1.143 0.641 2.3819, 1.0612 0.7694 2.3819, 1.0613 0.3131 2.4159, 1.2093 0.504 2.3819, 1.1573 0.6114 2.3819, 1.2982 0.1536 2.3819, 1.2923 0.2116 2.3819, 1.1529 0.092 2.408, 1.2593 0.3602 2.3819, 1.2485 0.3913 2.3819, 1.3042 -0.103 2.3819, 1.3056 -0.0921 2.3819, 1.3078 0.0602 2.3819, 1.1241 -0.6679 2.3819, 1.1837 -0.5535 2.3819, 1.1349 -0.4356 2.3981, 1.1944 -0.5329 2.3819, 1.0433 -0.2146 2.4219, 1.2497 -0.386 2.3819, 1.2485 -0.3906 2.3819, 1.0247 -0.743 2.3893, 1.0933 -0.7134 2.3819, 0.9332 -0.5221 2.4212, 0.8269 -1.0119 2.3819, 0.8784 -0.9647 2.3819, 0.8224 -0.8295 2.4058, 0.9391 -0.9091 2.3819, 1.0387 -0.7939 2.3819, 1.0431 -0.7874 2.3819, 0.6193 -0.9152 2.4157, 0.7035 -1.1011 2.3819, 0.6976 -1.1043 2.3819, 0.4156 -1.0002 2.419, 0.5011 -1.2065 2.3819, 0.5706 -1.1753 2.3819, -0.3237 0.7842 2.4509, -0.1198 0.8683 2.4476, -0.2315 0.5616 2.475, -0.0276 0.6458 2.4716, -0.139 0.3383 2.491, 0.0649 0.4226 2.4877, -0.0464 0.1147 2.499, 0.1575 0.1992 2.4957, 0.0 0.0029 2.5, 0.2502 -0.0245 2.4957, 0.0464 -0.109 2.499, 0.139 -0.3326 2.491, 0.3428 -0.248 2.4877, 0.2315 -0.5558 2.475, 0.4352 -0.4711 2.4716, 0.3237 -0.7784 2.4509, 0.5274 -0.6936 2.4476, 0.7306 -0.6081 2.4377, 0.6386 -0.3859 2.4617, 0.5462 -0.1631 2.4777, 0.4537 0.0601 2.4857, 0.3612 0.2834 2.4857, 0.2687 0.5066 2.4777, 0.1764 0.7294 2.4617, 0.0843 0.9516 2.4377, 0.8413 -0.3004 2.4451, 0.7492 -0.0781 2.4611, 0.6569 0.1446 2.4691, 0.5646 0.3674 2.4691, 0.4723 0.59 2.4611, 0.3802 0.8123 2.4451, 0.9515 0.007 2.4378, 0.8595 0.2289 2.4458, 0.7675 0.451 2.4458, 0.6755 0.673 2.4378, -0.3428 0.2537 2.4877, -0.2502 0.0302 2.4957, -0.7437 -1.0737 2.3819, -0.7866 -0.9702 2.3922, -0.8471 -0.9944 2.3819, -0.0189 -1.306 2.3819, 0.0635 -1.3024 2.3819, 0.0074 -1.1672 2.4058, 0.43 -1.2336 2.3819, -1.3042 0.1087 2.3819, -1.2443 0.1344 2.3922, -1.2872 0.2379 2.3819, -1.2485 -0.3855 2.3819, -1.2093 -0.4982 2.3819, -1.0613 -0.3073 2.4159, -0.9696 -0.5285 2.4159, -1.2593 -0.3545 2.3819, -1.1529 -0.0863 2.408, -1.2923 -0.2058 2.3819, -1.3056 0.0978 2.3819, -1.3078 -0.0544 2.3819, -1.2982 -0.1479 2.3819, -1.2858 0.2487 2.3819, -1.0433 0.2204 2.4219, -1.2497 0.3918 2.3819, -1.1837 0.5592 2.3819, -1.1944 0.5386 2.3819, -1.1349 0.4414 2.3981, -1.2485 0.3964 2.3819, -1.1241 0.6737 2.3819, -0.9332 0.5279 2.4212, -1.0933 0.7191 2.3819, -0.8224 0.8352 2.4058, -0.9391 0.9148 2.3819, -1.0247 0.7487 2.3893, -1.0387 0.7996 2.3819, -1.0431 0.7931 2.3819, -0.6976 1.1101 2.3819, -0.7035 1.1068 2.3819, -0.6193 0.921 2.4157, -0.8269 1.0177 2.3819, -0.8784 0.9705 2.3819, -0.5706 1.181 2.3819, 0.1332 -1.2994 2.3819, 0.2116 -1.0842 2.4157, 0.2835 -1.2751 2.3819, 0.29 -1.2733 2.3819, -0.1707 -1.295 2.3819, -0.2663 -1.2767 2.3819, -0.1784 -1.2935 2.3819, -0.1968 -1.2491 2.3893, -0.3202 -1.2664 2.3819, -0.2883 -1.0283 2.4212, -0.4433 -1.2276 2.3819, -0.6083 -1.1559 2.3819, -0.6043 -1.1583 2.3819, -0.4921 -1.1098 2.3981, -0.4654 -1.2206 2.3819, -0.735 -1.0803 2.3819, -0.5837 -0.8888 2.4219, -0.878 -0.7495 2.408, -1.0244 -0.8088 2.3819, -0.965 -0.8816 2.3819, -0.8558 -0.9877 2.3819, -1.1573 -0.6057 2.3819, -1.143 -0.6352 2.3819, -1.0612 -0.7636 2.3819, -0.6755 -0.6672 2.4378, -0.7675 -0.4452 2.4458, -0.8595 -0.2232 2.4458, -0.9515 -0.0012 2.4378, -0.3802 -0.8066 2.4451, -0.4723 -0.5843 2.4611, -0.5646 -0.3616 2.4691, -0.6569 -0.1388 2.4691, -0.7492 0.0839 2.4611, -0.0843 -0.9458 2.4377, -0.1764 -0.7236 2.4617, -0.2687 -0.5008 2.4777, -0.3612 -0.2776 2.4857, -0.4537 -0.0543 2.4857, -0.5462 0.1689 2.4777, 0.1198 -0.8625 2.4476, 0.0276 -0.64 2.4716, -0.0649 -0.4169 2.4877, -0.1575 -0.1934 2.4957, -0.7306 0.6139 2.4377, -0.5274 0.6993 2.4476, -0.8413 0.3062 2.4451, -0.6386 0.3917 2.4617, -0.4352 0.4768 2.4716, 0.1707 1.3008 1.9094, 0.3202 1.2722 1.9094, 0.5706 -1.1753 1.9094, 0.2835 -1.2751 1.9094, 0.1332 -1.2994 1.9094, 0.0189 1.3118 1.9094, -0.0189 -1.306 1.9094, -0.1707 -1.295 1.9094, 0.43 -1.2336 1.9094, -0.3202 -1.2664 1.9094, -0.4654 -1.2206 1.9094, -0.6043 -1.1583 1.9094, -1.2485 0.3964 1.9094, -1.1944 0.5386 1.9094, -1.1241 0.6737 1.9094, -0.1332 1.3051 1.9094, -0.9391 0.9148 1.9094, -0.8269 1.0177 1.9094, -0.2835 1.2809 1.9094, -0.735 -1.0803 1.9094, -0.8558 -0.9877 1.9094, -0.965 -0.8816 1.9094, -1.0612 -0.7636 1.9094, -1.143 -0.6352 1.9094, -1.2093 -0.4982 1.9094, -1.3078 -0.0544 1.9094, -1.3056 0.0978 1.9094, -1.2858 0.2487 1.9094, 0.8558 0.9934 1.9094, 1.1241 -0.6679 1.9094, 0.735 1.0861 1.9094, 0.6043 1.1641 1.9094, 1.0387 -0.7939 1.9094, 0.9391 -0.9091 1.9094, 0.8269 -1.0119 1.9094, -1.2593 -0.3545 1.9094, -1.2923 -0.2058 1.9094, -1.0387 0.7996 1.9094, -0.7035 1.1068 1.9094, -0.5706 1.181 1.9094, -0.43 1.2393 1.9094, 0.4654 1.2264 1.9094, 0.7035 -1.1011 1.9094, 1.2593 0.3602 1.9094, 1.2858 -0.243 1.9094, 1.2485 -0.3906 1.9094, 0.965 0.8874 1.9094, 1.0612 0.7694 1.9094, 1.143 0.641 1.9094, 1.3056 -0.0921 1.9094, 1.2923 0.2116 1.9094, 1.3078 0.0602 1.9094, 1.2093 0.504 1.9094, 1.1944 -0.5329 1.9094
            ]
        }
        coordIndex [
            0,1,2,-1,3,4,5,-1,6,7,8,-1,9,10,11,-1,12,13,14,-1,15,16,17,-1,17,16,18,-1,17,18,12,-1,19,20,21,-1,22,23,19,-1,19,23,24,-1,19,24,20,-1,6,8,25,-1,26,27,8,-1,8,27,28,-1,8,28,25,-1,29,30,31,-1,29,31,4,-1,4,31,32,-1,4,32,5,-1,33,34,29,-1,29,34,35,-1,29,35,30,-1,36,37,33,-1,33,37,38,-1,33,38,34,-1,39,40,41,-1,41,40,42,-1,41,42,36,-1,36,42,43,-1,36,43,37,-1,1,44,2,-1,2,44,45,-1,2,45,41,-1,41,45,46,-1,41,46,39,-1,47,48,49,-1,49,48,50,-1,0,51,52,-1,52,51,49,-1,52,49,53,-1,53,49,50,-1,54,55,56,-1,56,55,47,-1,57,58,59,-1,59,58,60,-1,60,61,54,-1,54,61,62,-1,54,62,55,-1,57,63,64,-1,64,63,65,-1,66,67,68,-1,12,14,17,-1,17,14,69,-1,17,69,70,-1,70,69,71,-1,70,71,72,-1,72,71,73,-1,72,73,74,-1,74,73,75,-1,74,75,76,-1,76,75,77,-1,76,77,78,-1,77,79,78,-1,78,79,80,-1,78,80,81,-1,81,80,82,-1,81,82,83,-1,83,82,84,-1,83,84,85,-1,85,84,66,-1,85,66,63,-1,63,66,68,-1,63,68,65,-1,57,59,63,-1,63,59,86,-1,63,86,85,-1,85,86,87,-1,85,87,83,-1,83,87,88,-1,83,88,81,-1,81,88,89,-1,81,89,78,-1,78,89,90,-1,78,90,76,-1,76,90,91,-1,76,91,74,-1,74,91,92,-1,74,92,72,-1,72,92,93,-1,72,93,70,-1,70,93,11,-1,70,11,17,-1,17,11,10,-1,17,10,15,-1,60,54,59,-1,59,54,56,-1,59,56,86,-1,86,56,94,-1,86,94,87,-1,87,94,95,-1,87,95,88,-1,88,95,96,-1,88,96,89,-1,89,96,97,-1,89,97,90,-1,90,97,98,-1,90,98,91,-1,91,98,99,-1,91,99,92,-1,92,99,22,-1,92,22,93,-1,93,22,19,-1,93,19,11,-1,11,19,21,-1,11,21,9,-1,47,49,56,-1,56,49,51,-1,56,51,94,-1,94,51,100,-1,94,100,95,-1,95,100,101,-1,95,101,96,-1,96,101,102,-1,96,102,97,-1,97,102,103,-1,97,103,98,-1,98,103,26,-1,98,26,99,-1,99,26,8,-1,99,8,22,-1,22,8,7,-1,22,7,23,-1,0,2,51,-1,51,2,41,-1,51,41,100,-1,100,41,36,-1,100,36,101,-1,101,36,33,-1,101,33,102,-1,102,33,29,-1,102,29,103,-1,103,29,4,-1,103,4,26,-1,26,4,3,-1,26,3,27,-1,73,104,105,-1,106,107,108,-1,109,110,111,-1,112,67,66,-1,113,114,115,-1,116,117,118,-1,118,117,119,-1,116,118,120,-1,120,118,121,-1,120,121,122,-1,123,124,121,-1,121,124,125,-1,121,125,122,-1,115,114,126,-1,126,114,127,-1,126,127,128,-1,129,130,131,-1,131,130,132,-1,129,131,133,-1,133,131,134,-1,133,134,135,-1,136,137,138,-1,138,137,139,-1,138,139,140,-1,141,142,143,-1,143,142,144,-1,143,144,136,-1,136,144,145,-1,136,145,137,-1,141,143,146,-1,146,143,14,-1,146,14,13,-1,110,147,148,-1,147,149,148,-1,148,149,150,-1,148,150,112,-1,109,111,151,-1,152,153,154,-1,154,153,151,-1,152,154,155,-1,155,154,156,-1,155,156,157,-1,158,159,160,-1,160,159,161,-1,160,161,157,-1,158,160,162,-1,162,160,163,-1,162,163,106,-1,164,165,166,-1,164,166,107,-1,107,166,167,-1,107,167,108,-1,117,168,119,-1,119,168,169,-1,119,169,164,-1,164,169,170,-1,164,170,165,-1,106,163,107,-1,107,163,171,-1,107,171,164,-1,164,171,172,-1,164,172,119,-1,119,172,173,-1,119,173,118,-1,118,173,174,-1,118,174,121,-1,157,156,160,-1,160,156,175,-1,160,175,163,-1,163,175,176,-1,163,176,171,-1,171,176,177,-1,171,177,172,-1,172,177,178,-1,172,178,173,-1,173,178,179,-1,173,179,174,-1,151,111,154,-1,154,111,180,-1,154,180,156,-1,156,180,181,-1,156,181,175,-1,175,181,182,-1,175,182,176,-1,176,182,183,-1,176,183,177,-1,177,183,184,-1,177,184,178,-1,178,184,185,-1,178,185,179,-1,110,148,111,-1,111,148,186,-1,111,186,180,-1,180,186,187,-1,180,187,181,-1,181,187,188,-1,181,188,182,-1,182,188,189,-1,182,189,183,-1,183,189,105,-1,183,105,184,-1,184,105,104,-1,184,104,185,-1,140,135,138,-1,138,135,134,-1,138,134,136,-1,136,134,190,-1,136,190,143,-1,143,190,191,-1,143,191,14,-1,14,191,69,-1,132,128,131,-1,131,128,127,-1,131,127,134,-1,134,127,192,-1,134,192,190,-1,190,192,193,-1,190,193,191,-1,191,193,194,-1,191,194,69,-1,69,194,71,-1,113,123,114,-1,114,123,121,-1,114,121,127,-1,127,121,174,-1,127,174,192,-1,192,174,179,-1,192,179,193,-1,193,179,185,-1,193,185,194,-1,194,185,104,-1,194,104,71,-1,71,104,73,-1,112,66,148,-1,148,66,84,-1,148,84,186,-1,186,84,82,-1,186,82,187,-1,187,82,80,-1,187,80,188,-1,188,80,79,-1,188,79,189,-1,189,79,77,-1,189,77,105,-1,105,77,75,-1,105,75,73,-1,195,196,197,-1,198,199,200,-1,200,199,201,-1,200,201,202,-1,195,197,200,-1,200,197,203,-1,200,203,198,-1,202,204,200,-1,200,204,205,-1,200,205,206,-1,207,208,200,-1,200,208,209,-1,200,209,210,-1,211,212,213,-1,206,214,200,-1,200,214,215,-1,200,215,216,-1,216,217,200,-1,200,217,218,-1,200,218,219,-1,220,221,200,-1,200,221,222,-1,200,222,207,-1,223,224,225,-1,225,224,226,-1,224,227,226,-1,226,227,228,-1,226,228,229,-1,219,230,200,-1,200,230,231,-1,200,231,220,-1,210,209,213,-1,213,209,232,-1,213,232,211,-1,212,233,213,-1,213,233,234,-1,213,234,235,-1,196,236,197,-1,197,236,226,-1,197,226,237,-1,237,226,229,-1,238,239,240,-1,223,241,224,-1,224,241,242,-1,224,242,243,-1,239,238,244,-1,244,238,245,-1,244,245,246,-1,243,247,224,-1,224,247,238,-1,224,238,248,-1,248,238,240,-1,37,43,247,-1,247,43,238,-1,43,42,238,-1,238,42,40,-1,238,40,245,-1,245,40,39,-1,245,39,246,-1,39,46,246,-1,246,46,45,-1,246,45,244,-1,45,44,244,-1,244,44,1,-1,244,1,239,-1,1,0,239,-1,239,0,52,-1,239,52,240,-1,47,224,48,-1,48,224,248,-1,48,248,50,-1,50,248,240,-1,50,240,53,-1,53,240,52,-1,47,55,224,-1,224,55,62,-1,224,62,227,-1,62,61,227,-1,227,61,60,-1,227,60,228,-1,228,60,58,-1,228,58,229,-1,58,57,229,-1,229,57,64,-1,229,64,237,-1,237,64,65,-1,237,65,197,-1,65,68,197,-1,197,68,67,-1,197,67,203,-1,67,112,203,-1,203,112,150,-1,203,150,198,-1,150,149,198,-1,198,149,147,-1,198,147,199,-1,199,147,110,-1,199,110,201,-1,152,204,153,-1,153,204,202,-1,153,202,151,-1,151,202,201,-1,151,201,109,-1,109,201,110,-1,152,155,204,-1,204,155,157,-1,204,157,205,-1,162,214,158,-1,158,214,206,-1,158,206,159,-1,159,206,205,-1,159,205,161,-1,161,205,157,-1,162,106,214,-1,214,106,108,-1,214,108,215,-1,108,167,215,-1,215,167,166,-1,215,166,216,-1,216,166,165,-1,216,165,217,-1,117,219,168,-1,168,219,218,-1,168,218,169,-1,169,218,217,-1,169,217,170,-1,170,217,165,-1,117,116,219,-1,219,116,230,-1,116,120,230,-1,230,120,122,-1,230,122,231,-1,231,122,125,-1,231,125,220,-1,115,222,113,-1,113,222,221,-1,113,221,123,-1,123,221,220,-1,123,220,124,-1,124,220,125,-1,115,126,222,-1,222,126,128,-1,222,128,207,-1,133,209,129,-1,129,209,208,-1,129,208,130,-1,130,208,207,-1,130,207,132,-1,132,207,128,-1,133,135,209,-1,209,135,140,-1,209,140,232,-1,140,139,232,-1,232,139,137,-1,232,137,211,-1,211,137,145,-1,211,145,212,-1,145,144,212,-1,212,144,142,-1,212,142,233,-1,233,142,141,-1,233,141,234,-1,141,146,234,-1,234,146,13,-1,234,13,235,-1,13,12,235,-1,235,12,18,-1,235,18,213,-1,18,16,213,-1,213,16,15,-1,213,15,210,-1,210,15,10,-1,210,10,200,-1,24,196,20,-1,20,196,195,-1,20,195,21,-1,21,195,200,-1,21,200,9,-1,9,200,10,-1,24,23,196,-1,196,23,7,-1,196,7,236,-1,7,6,236,-1,236,6,25,-1,236,25,226,-1,226,25,28,-1,226,28,225,-1,5,223,3,-1,3,223,225,-1,3,225,27,-1,27,225,28,-1,5,32,223,-1,223,32,31,-1,223,31,241,-1,241,31,30,-1,241,30,242,-1,37,247,38,-1,38,247,243,-1,38,243,34,-1,34,243,242,-1,34,242,35,-1,35,242,30,-1,
        ]
    }
}
Shape{
    appearance Appearance {
        material  Material {
            diffuseColor 0.9686274509803922 0.8784313725490196 0.6
            specularColor 0.6784313725490196 0.615686274509804 0.4196078431372549
            ambientIntensity 0.8737
            transparency 0.0
            shininess 0.5
        }
    }
    geometry IndexedFaceSet {
        ccw TRUE
        solid FALSE
        coord DEF co Coordinate {
            point [
                -0.5216 -1.0932 0.7559, -0.5101 -1.1132 0.7559, -0.4514 -0.9715 0.7559, -0.4937 -1.1296 0.7559, -0.4737 -1.1411 0.7559, -0.3859 -1.1295 0.7559, -0.3695 -1.1132 0.7559, -0.3579 -1.0932 0.7559, -0.4059 -0.9774 0.7559, -0.4282 -0.9714 0.7559, -0.4059 -1.1411 0.7559, -0.4737 -0.9774 0.7559, -0.5276 -1.0477 0.7559, -0.5276 -1.0709 0.7559, -0.4937 -0.989 0.7559, -0.5101 -1.0054 0.7559, -0.5216 -1.0254 0.7559, -0.4513 -1.1471 0.7559, -0.4282 -1.1471 0.7559, -0.352 -1.0708 0.7559, -0.352 -1.0477 0.7559, -0.358 -1.0254 0.7559, -0.3695 -1.0053 0.7559, -0.3859 -0.989 0.7559, -0.5216 -1.0932 -2.3622, -0.5101 -1.1132 -2.3622, -0.4937 -1.1296 -2.3622, -0.4737 -1.1411 -2.3622, -0.4513 -1.1471 -2.3622, -0.4282 -1.1471 -2.3622, -0.4059 -1.1411 -2.3622, -0.3859 -1.1295 -2.3622, -0.3695 -1.1132 -2.3622, -0.3579 -1.0932 -2.3622, -0.352 -1.0708 -2.3622, -0.352 -1.0477 -2.3622, -0.358 -1.0254 -2.3622, -0.3695 -1.0053 -2.3622, -0.3859 -0.989 -2.3622, -0.4059 -0.9774 -2.3622, -0.4282 -0.9714 -2.3622, -0.4514 -0.9715 -2.3622, -0.4737 -0.9774 -2.3622, -0.4937 -0.989 -2.3622, -0.5101 -1.0054 -2.3622, -0.5216 -1.0254 -2.3622, -0.5276 -1.0477 -2.3622, -0.5276 -1.0709 -2.3622
            ]
        }
        coordIndex [
            0,1,2,-1,2,1,3,-1,2,3,4,-1,5,6,7,-1,8,9,5,-1,5,9,2,-1,5,2,10,-1,11,12,2,-1,2,12,13,-1,2,13,0,-1,11,14,12,-1,12,14,15,-1,12,15,16,-1,4,17,2,-1,2,17,18,-1,2,18,10,-1,7,19,5,-1,5,19,20,-1,5,20,21,-1,21,22,5,-1,5,22,23,-1,5,23,8,-1,0,24,25,-1,0,25,1,-1,1,25,26,-1,1,26,3,-1,3,26,27,-1,3,27,4,-1,4,27,28,-1,4,28,17,-1,17,28,29,-1,17,29,18,-1,18,29,30,-1,18,30,10,-1,10,30,31,-1,10,31,5,-1,5,31,32,-1,5,32,6,-1,6,32,33,-1,6,33,7,-1,7,33,34,-1,7,34,19,-1,19,34,35,-1,19,35,20,-1,20,35,36,-1,20,36,21,-1,21,36,37,-1,21,37,22,-1,22,37,38,-1,22,38,23,-1,23,38,39,-1,23,39,8,-1,8,39,40,-1,8,40,9,-1,9,40,41,-1,9,41,2,-1,2,41,42,-1,2,42,11,-1,11,42,43,-1,11,43,14,-1,14,43,44,-1,14,44,15,-1,15,44,45,-1,15,45,16,-1,16,45,46,-1,16,46,12,-1,12,46,47,-1,12,47,13,-1,13,47,24,-1,13,24,0,-1,28,45,44,-1,30,29,42,-1,42,29,28,-1,42,28,43,-1,43,28,44,-1,30,42,31,-1,31,42,41,-1,31,41,40,-1,35,34,33,-1,24,47,25,-1,25,47,26,-1,28,27,45,-1,45,27,26,-1,45,26,46,-1,46,26,47,-1,40,39,31,-1,31,39,38,-1,31,38,37,-1,37,36,31,-1,31,36,35,-1,31,35,32,-1,32,35,33,-1,
        ]
    }
}
Shape{
    appearance Appearance {
        material  Material {
            diffuseColor 0.2235294117647059 0.2235294117647059 0.2235294117647059
            specularColor 0.11372549019607843 0.11372549019607843 0.11372549019607843
            ambientIntensity 0.2235
            transparency 0.0
            shininess 0.5
        }
    }
    geometry IndexedFaceSet {
        ccw TRUE
        solid FALSE
        coord DEF co Coordinate {
            point [
                -0.2925 0.9015 0.5984, -0.2842 0.909 0.5984, -0.2913 0.9162 0.5897, -0.2225 1.0312 0.5984, -0.2207 1.0433 0.5984, -0.2307 1.0443 0.5897, -0.4497 0.9668 0.5897, -0.4593 0.9682 0.5897, -0.4615 0.9572 0.5825, -0.5182 1.0232 0.5984, -0.5219 1.031 0.5984, -0.5312 1.0272 0.5897, -0.5137 1.0157 0.5984, -0.5271 1.0184 0.5897, -0.445 0.9766 0.5984, -0.4488 0.9768 0.5984, -0.4314 0.9768 0.5984, -0.4401 0.9763 0.5984, -0.4401 0.9663 0.5897, -0.4144 0.9802 0.5984, -0.4228 0.978 0.5984, -0.4208 0.9682 0.5897, -0.3774 1.0023 0.5984, -0.3839 0.9965 0.5984, -0.3775 0.9887 0.5897, -0.3664 1.0157 0.5984, -0.3716 1.0087 0.5984, -0.3638 1.0024 0.5897, -0.3582 1.031 0.5984, -0.362 1.0232 0.5984, -0.3531 1.0184 0.5897, -0.3519 1.0562 0.5984, -0.3532 1.0476 0.5984, -0.3433 1.0457 0.5897, -0.3519 1.0736 0.5984, -0.3515 1.0649 0.5984, -0.3414 1.0649 0.5897, -0.3553 1.0906 0.5984, -0.3532 1.0822 0.5984, -0.3433 1.0842 0.5897, -0.4573 0.978 0.5984, -0.4646 0.9798 0.5984, -0.4866 0.9779 0.5897, -0.4818 0.9868 0.5984, -0.4829 0.9874 0.5984, -0.5026 0.9887 0.5897, -0.4963 0.9964 0.5984, -0.499 0.9989 0.5984, -0.5163 1.0023 0.5897, -0.5085 1.0087 0.5984, -0.5122 1.0137 0.5984, -0.335 1.0968 0.5825, -0.3386 1.107 0.5825, -0.349 1.1027 0.5897, -0.4755 0.9482 0.577, -0.4719 0.9598 0.5825, -0.4687 0.9705 0.5897, -0.4658 0.9801 0.5984, -0.4916 0.9405 0.5732, -0.4867 0.9523 0.577, -0.4821 0.9634 0.5825, -0.4778 0.9738 0.5897, -0.474 0.9831 0.5984, -0.5098 0.9345 0.5713, -0.5036 0.9461 0.5732, -0.4975 0.9574 0.577, -0.4918 0.968 0.5825, -0.2986 1.1079 0.5713, -0.3035 1.1215 0.5713, -0.3156 1.1165 0.5732, -0.5296 0.9309 0.5713, -0.5222 0.942 0.5713, -0.5149 0.9529 0.5732, -0.5078 0.9635 0.577, -0.5011 0.9736 0.5825, -0.4949 0.9829 0.5897, -0.4893 0.9913 0.5984, -0.5507 0.9301 0.5732, -0.5423 0.9403 0.5713, -0.5339 0.9506 0.5713, -0.5255 0.9608 0.5732, -0.5174 0.9707 0.577, -0.5097 0.98 0.5825, -0.5724 0.9326 0.577, -0.5633 0.9416 0.5732, -0.554 0.9509 0.5713, -0.5446 0.9603 0.5713, -0.5353 0.9697 0.5732, -0.5263 0.9787 0.577, -0.5177 0.9872 0.5825, -0.5098 0.9952 0.5897, -0.5027 1.0023 0.5984, -0.5941 0.9385 0.5825, -0.5847 0.9462 0.577, -0.5748 0.9543 0.5732, -0.5647 0.9627 0.5713, -0.5544 0.9711 0.5713, -0.5442 0.9794 0.5732, -0.5343 0.9876 0.577, -0.525 0.9952 0.5825, -0.2447 1.1038 0.5825, -0.2494 1.1228 0.5825, -0.261 1.1193 0.577, -0.615 0.948 0.5897, -0.6057 0.9542 0.5825, -0.5956 0.9609 0.577, -0.585 0.968 0.5732, -0.5741 0.9754 0.5713, -0.563 0.9827 0.5713, -0.5521 0.9901 0.5732, -0.5415 0.9972 0.577, -0.5314 1.0039 0.5825, -0.5221 1.0101 0.5897, -0.2387 1.126 0.5897, -0.2337 1.106 0.5897, -0.2307 1.0856 0.5897, -0.2198 1.0612 0.5984, -0.2196 1.0649 0.5984, -0.2297 1.0649 0.5897, -0.2418 1.0845 0.5825, -0.2566 1.1014 0.577, -0.2732 1.1156 0.5732, -0.2387 1.0039 0.5897, -0.2337 1.0239 0.5897, -0.2447 1.0261 0.5825, -0.2418 1.0454 0.5825, -0.2539 1.0466 0.577, -0.253 1.0649 0.577, -0.2657 1.0649 0.5732, -0.2666 1.082 0.5732, -0.2797 1.0807 0.5713, -0.282 1.0964 0.5713, -0.2951 1.0938 0.5713, -0.3112 1.104 0.5732, -0.3274 1.1116 0.577, -0.2396 0.9738 0.5984, -0.2364 0.9806 0.5984, -0.2457 0.9844 0.5897, -0.2494 1.0071 0.5825, -0.2566 1.0284 0.577, -0.2666 1.0479 0.5732, -0.2789 1.0649 0.5713, -0.2929 1.0794 0.5713, -0.308 1.0912 0.5732, -0.3234 1.1003 0.577, -0.2651 0.948 0.5897, -0.2545 0.9658 0.5897, -0.2644 0.971 0.5825, -0.256 0.9887 0.5825, -0.2672 0.9933 0.577, -0.261 1.0106 0.577, -0.2732 1.0143 0.5732, -0.2691 1.0309 0.5732, -0.282 1.0335 0.5713, -0.2797 1.0491 0.5713, -0.2929 1.0504 0.5713, -0.2922 1.0649 0.5713, -0.3054 1.0649 0.5732, -0.306 1.0781 0.5732, -0.3187 1.0769 0.577, -0.3205 1.0887 0.577, -0.3324 1.0864 0.5825, -0.3457 1.0936 0.5897, -0.3582 1.0988 0.5984, -0.3308 1.0757 0.5825, -0.3181 1.0649 0.577, -0.306 1.0517 0.5732, -0.295 1.0361 0.5713, -0.2858 1.0182 0.5713, -0.279 0.9982 0.5732, -0.275 0.9767 0.577, -0.2744 0.9543 0.5825, -0.2774 0.9315 0.5897, -0.2696 0.9251 0.5984, -0.2715 0.923 0.5984, -0.3517 1.06 0.5984, -0.3419 1.0553 0.5897, -0.3308 1.0542 0.5825, -0.3324 1.0435 0.5825, -0.3205 1.0411 0.577, -0.3234 1.0295 0.577, -0.3112 1.0258 0.5732, -0.3156 1.0134 0.5732, -0.3035 1.0083 0.5713, -0.3097 0.9952 0.5713, -0.2979 0.989 0.5713, -0.3061 0.9754 0.5713, -0.2951 0.9681 0.5732, -0.3053 0.9543 0.5732, -0.2954 0.9462 0.577, -0.3077 0.9326 0.577, -0.2992 0.9241 0.5825, -0.3137 0.9109 0.5825, -0.3066 0.9023 0.5897, -0.3232 0.89 0.5897, -0.335 1.0331 0.5825, -0.3274 1.0183 0.577, -0.3213 1.0014 0.5732, -0.3171 0.9828 0.5713, -0.3155 0.9627 0.5713, -0.3168 0.9417 0.5732, -0.3214 0.9203 0.577, -0.3294 0.8993 0.5825, -0.3409 0.8794 0.5897, -0.3361 0.8705 0.5984, -0.3421 0.8677 0.5984, -0.355 1.0404 0.5984, -0.3553 1.0392 0.5984, -0.3457 1.0363 0.5897, -0.3489 1.0272 0.5897, -0.3386 1.0229 0.5825, -0.3432 1.0132 0.5825, -0.3325 1.0075 0.577, -0.3387 0.9972 0.577, -0.3281 0.9901 0.5732, -0.3359 0.9795 0.5732, -0.3258 0.9711 0.5713, -0.3355 0.9604 0.5713, -0.3261 0.951 0.5713, -0.3378 0.9403 0.5713, -0.3295 0.9302 0.5732, -0.3432 0.92 0.5732, -0.3361 0.9093 0.577, -0.3518 0.8999 0.577, -0.3461 0.8892 0.5825, -0.3638 0.8809 0.5825, -0.3595 0.8705 0.5897, -0.379 0.8636 0.5897, -0.3487 1.0039 0.5825, -0.3458 0.9876 0.577, -0.3448 0.9697 0.5732, -0.3463 0.9506 0.5713, -0.3505 0.9309 0.5713, -0.3579 0.9112 0.5732, -0.3684 0.8921 0.577, -0.3822 0.8743 0.5825, -0.399 0.8586 0.5897, -0.397 0.8487 0.5984, -0.3989 0.8484 0.5984, -0.3626 1.0221 0.5984, -0.3581 1.0101 0.5897, -0.3552 0.9953 0.5825, -0.3624 0.9873 0.5825, -0.3538 0.9787 0.577, -0.3627 0.9707 0.577, -0.3546 0.9608 0.5732, -0.3652 0.9529 0.5732, -0.3579 0.942 0.5713, -0.3704 0.9345 0.5713, -0.3641 0.9228 0.5713, -0.3784 0.916 0.5713, -0.3733 0.9038 0.5732, -0.3894 0.8981 0.5732, -0.3857 0.8859 0.577, -0.4035 0.8814 0.577, -0.4012 0.8695 0.5825, -0.4205 0.8667 0.5825, -0.4194 0.8555 0.5897, -0.4401 0.8545 0.5897, -0.3741 1.006 0.5984, -0.3703 0.9952 0.5897, -0.3704 0.98 0.5825, -0.3723 0.9635 0.577, -0.3766 0.9461 0.5732, -0.3835 0.9283 0.5713, -0.3933 0.9107 0.5713, -0.406 0.8939 0.5732, -0.4217 0.8787 0.577, -0.4401 0.8657 0.5825, -0.4607 0.8555 0.5897, -0.379 0.9736 0.5825, -0.3826 0.9574 0.577, -0.3885 0.9405 0.5732, -0.3971 0.9234 0.5713, -0.4086 0.9068 0.5713, -0.423 0.8914 0.5732, -0.4401 0.8778 0.577, -0.4596 0.8667 0.5825, -0.4811 0.8585 0.5897, -0.4831 0.8487 0.5984, -0.4885 0.85 0.5984, -0.3889 0.9928 0.5984, -0.3909 0.9913 0.5984, -0.3853 0.9829 0.5897, -0.3936 0.9779 0.5897, -0.3883 0.9681 0.5825, -0.398 0.9635 0.5825, -0.3934 0.9523 0.577, -0.4047 0.9482 0.577, -0.401 0.936 0.5732, -0.4138 0.9328 0.5732, -0.4112 0.9199 0.5713, -0.4256 0.9178 0.5713, -0.4243 0.9045 0.5713, -0.4401 0.9037 0.5713, -0.4401 0.8906 0.5732, -0.4571 0.8914 0.5732, -0.4584 0.8787 0.577, -0.4766 0.8814 0.577, -0.4789 0.8695 0.5825, -0.4979 0.8743 0.5825, -0.5011 0.8636 0.5897, -0.5206 0.8705 0.5897, -0.3983 0.9868 0.5984, -0.4023 0.9738 0.5897, -0.4082 0.9598 0.5825, -0.4163 0.9453 0.577, -0.4269 0.9309 0.5732, -0.4401 0.917 0.5713, -0.4559 0.9045 0.5713, -0.4741 0.8939 0.5732, -0.4944 0.8859 0.577, -0.5163 0.8809 0.5825, -0.5392 0.8793 0.5897, -0.544 0.8705 0.5984, -0.5448 0.8709 0.5984, -0.4062 0.9831 0.5984, -0.4114 0.9705 0.5897, -0.4186 0.9572 0.5825, -0.4293 0.9556 0.5825, -0.4281 0.9436 0.577, -0.4401 0.943 0.577, -0.4401 0.9302 0.5732, -0.4533 0.9309 0.5732, -0.4546 0.9178 0.5713, -0.4689 0.9199 0.5713, -0.4715 0.9068 0.5713, -0.4868 0.9107 0.5713, -0.4907 0.8981 0.5732, -0.5068 0.9038 0.5732, -0.5117 0.892 0.577, -0.5283 0.8999 0.577, -0.534 0.8892 0.5825, -0.5507 0.8993 0.5825, -0.557 0.8899 0.5897, -0.5735 0.9022 0.5897, -0.4252 0.9777 0.5984, -0.4304 0.9668 0.5897, -0.4401 0.9551 0.5825, -0.452 0.9436 0.577, -0.4663 0.9328 0.5732, -0.483 0.9234 0.5713, -0.5017 0.916 0.5713, -0.5222 0.9111 0.5732, -0.544 0.9093 0.577, -0.5664 0.9109 0.5825, -0.5888 0.9161 0.5897, -0.4508 0.9556 0.5825, -0.4639 0.9453 0.577, -0.4792 0.936 0.5732, -0.4966 0.9283 0.5713, -0.516 0.9228 0.5713, -0.5369 0.9199 0.5732, -0.5588 0.9203 0.577, -0.5809 0.924 0.5825, -0.6027 0.9314 0.5897, -0.6105 0.925 0.5984, -0.6133 0.9288 0.5984, -0.2912 1.1266 0.5713, -0.279 1.1317 0.5732, -0.2672 1.1365 0.577, -0.256 1.1412 0.5825, -0.2457 1.1455 0.5897, -0.2291 1.1289 0.5984, -0.2364 1.1493 0.5984, -0.2207 1.0866 0.5984, -0.2214 1.0912 0.5984, -0.2238 1.108 0.5984, -0.2271 1.1207 0.5984, -0.2409 1.0649 0.5825, -0.2539 1.0833 0.577, -0.2691 1.099 0.5732, -0.2858 1.1117 0.5713, -0.2291 1.0009 0.5984, -0.2289 1.0019 0.5984, -0.2238 1.0219 0.5984, -0.2567 0.9425 0.5984, -0.2538 0.9473 0.5984, -0.2456 0.961 0.5984, -0.2861 0.9386 0.5825, -0.2845 0.961 0.577, -0.2863 0.9828 0.5732, -0.2912 1.0033 0.5713, -0.2986 1.022 0.5713, -0.308 1.0387 0.5732, -0.3187 1.053 0.577, -0.3302 1.0649 0.5825, -0.3419 1.0746 0.5897, -0.3528 1.0798 0.5984, -0.3176 0.8816 0.5984, -0.3161 0.8827 0.5984, -0.3002 0.8945 0.5984, -0.3761 0.8539 0.5984, -0.3699 0.8562 0.5984, -0.3557 0.8612 0.5984, -0.4184 0.8455 0.5984, -0.4617 0.8455 0.5984, -0.4588 0.8454 0.5984, -0.44 0.8444 0.5984, -0.4288 0.845 0.5984, -0.5244 0.8612 0.5984, -0.5173 0.8587 0.5984, -0.5041 0.8539 0.5984, -0.5625 0.8816 0.5984, -0.596 0.909 0.5984, -0.5932 0.9065 0.5984, -0.5799 0.8945 0.5984, -0.5701 0.8872 0.5984, -0.6234 0.9424 0.5984, -0.6256 0.9657 0.5897, -0.6345 0.961 0.5984, -0.6302 0.9537 0.5984, -0.5369 1.0131 0.5825, -0.5476 1.0074 0.577, -0.5589 1.0014 0.5732, -0.5705 0.9952 0.5713, -0.5822 0.9889 0.5713, -0.5938 0.9827 0.5732, -0.6051 0.9767 0.577, -0.6158 0.971 0.5825, -0.5415 1.0229 0.5825, -0.5527 1.0182 0.577, -0.5645 1.0134 0.5732, -0.5767 1.0083 0.5713, -0.589 1.0032 0.5713, -0.6012 0.9982 0.5732, -0.6129 0.9933 0.577, -0.6241 0.9887 0.5825, -0.6345 0.9844 0.5897, -0.6438 0.9805 0.5984, -0.5174 1.0217 -0.0394, -0.5219 1.031 -0.0394, -0.5123 1.0137 -0.0394, -0.5119 1.0131 -0.0394, -0.5054 1.0051 -0.0394, -0.499 0.9989 -0.0394, -0.498 0.9979 -0.0394, -0.4898 0.9916 -0.0394, -0.4829 0.9875 -0.0394, -0.481 0.9863 -0.0394, -0.4716 0.9821 -0.0394, -0.4646 0.9799 -0.0394, -0.4617 0.979 -0.0394, -0.4516 0.9771 -0.0394, -0.445 0.9766 -0.0394, -0.4414 0.9763 -0.0394, -0.4311 0.9768 -0.0394, -0.4253 0.9777 -0.0394, -0.4209 0.9784 -0.0394, -0.411 0.9813 -0.0394, -0.4062 0.9832 -0.0394, -0.4015 0.9852 -0.0394, -0.3925 0.9902 -0.0394, -0.3889 0.9928 -0.0394, -0.3841 0.9962 -0.0394, -0.3765 1.0032 -0.0394, -0.3741 1.006 -0.0394, -0.3698 1.011 -0.0394, -0.364 1.0195 -0.0394, -0.3627 1.0221 -0.0394, -0.3593 1.0287 -0.0394, -0.3551 1.0404 -0.0394, -0.3556 1.0383 -0.0394, -0.3517 1.0585 -0.0394, -0.3517 1.06 -0.0394, -0.3531 1.0483 -0.0394, -0.3516 1.0688 -0.0394, -0.3526 1.079 -0.0394, -0.3582 1.0988 -0.0394, -0.3549 1.0891 -0.0394, -0.3528 1.0798 -0.0394, -0.5073 0.9357 -0.0009, -0.5219 0.9444 -0.0009, -0.5154 0.954 -0.0035, -0.5776 0.9882 0.0, -0.5856 1.0046 0.0, -0.5746 1.0092 -0.0009, -0.2999 1.1047 -0.0009, -0.3055 1.1207 -0.0009, -0.2946 1.1252 0.0, -0.5285 0.9346 0.0, -0.5128 0.9252 0.0, -0.4961 0.9177 0.0, -0.5205 0.9718 -0.0078, -0.5278 0.9634 -0.0035, -0.5353 0.9547 -0.0009, -0.543 0.9458 0.0, -0.5232 0.9887 -0.0137, -0.5308 0.9818 -0.0078, -0.5389 0.9743 -0.0035, -0.5475 0.9665 -0.0009, -0.5562 0.9585 0.0, -0.5239 1.0043 -0.021, -0.5315 0.9989 -0.0137, -0.5398 0.9929 -0.0078, -0.5488 0.9864 -0.0035, -0.5582 0.9796 -0.0009, -0.5677 0.9727 0.0, -0.3367 1.0694 -0.021, -0.3379 1.0814 -0.021, -0.3288 1.0829 -0.0137, -0.5233 1.0184 -0.0296, -0.5304 1.0145 -0.021, -0.5385 1.0099 -0.0137, -0.5475 1.0049 -0.0078, -0.5572 0.9995 -0.0035, -0.5673 0.9939 -0.0009, -0.346 1.0801 -0.0296, -0.3448 1.0691 -0.0296, -0.345 1.058 -0.0296, -0.3464 1.047 -0.0296, -0.3369 1.0574 -0.021, -0.3274 1.0699 -0.0137, -0.3186 1.0845 -0.0078, -0.2886 1.1079 0.0, -0.2963 1.0881 -0.0009, -0.3077 1.0863 -0.0035, -0.3061 1.0708 -0.0035, -0.3171 1.0703 -0.0078, -0.3173 1.056 -0.0078, -0.3276 1.0567 -0.0137, -0.3293 1.0437 -0.0137, -0.3385 1.0455 -0.021, -0.3414 1.0338 -0.021, -0.3491 1.0363 -0.0296, -0.3531 1.0259 -0.0296, -0.2846 1.09 0.0, -0.2946 1.0713 -0.0009, -0.3063 1.0552 -0.0035, -0.3192 1.0418 -0.0078, -0.3325 1.031 -0.0137, -0.3457 1.0226 -0.021, -0.3582 1.0161 -0.0296, -0.2828 1.0718 0.0, -0.2948 1.0544 -0.0009, -0.3084 1.0397 -0.0035, -0.3227 1.0279 -0.0078, -0.3372 1.0188 -0.0137, -0.3512 1.0119 -0.021, -0.3644 1.0069 -0.0296, -0.283 1.0535 0.0, -0.2854 1.0353 0.0, -0.297 1.0376 -0.0009, -0.3012 1.0211 -0.0009, -0.3122 1.0246 -0.0035, -0.3177 1.01 -0.0035, -0.3278 1.0146 -0.0078, -0.3344 1.0019 -0.0078, -0.3432 1.0071 -0.0137, -0.3506 0.9963 -0.0137, -0.358 1.0019 -0.021, -0.3659 0.9928 -0.021, -0.3717 0.9985 -0.0296, -0.3799 0.991 -0.0296, -0.2899 1.0176 0.0, -0.3072 1.0053 -0.0009, -0.3249 0.9962 -0.0035, -0.3424 0.99 -0.0078, -0.3592 0.9864 -0.0137, -0.3747 0.9847 -0.021, -0.3888 0.9845 -0.0296, -0.2964 1.0005 0.0, -0.315 0.9903 -0.0009, -0.3337 0.9833 -0.0035, -0.3518 0.9792 -0.0078, -0.3688 0.9775 -0.0137, -0.3845 0.9777 -0.021, -0.3985 0.9791 -0.0296, -0.3048 0.9842 0.0, -0.3151 0.9691 0.0, -0.3245 0.9763 -0.0009, -0.3356 0.9634 -0.0009, -0.3439 0.9715 -0.0035, -0.3554 0.961 -0.0035, -0.3623 0.9695 -0.0078, -0.3739 0.9611 -0.0078, -0.3795 0.9698 -0.0137, -0.3909 0.9634 -0.0137, -0.395 0.9718 -0.021, -0.4061 0.9672 -0.021, -0.4088 0.9749 -0.0296, -0.4194 0.9718 -0.0296, -0.3271 0.9552 0.0, -0.3481 0.952 -0.0009, -0.368 0.9518 -0.0035, -0.3864 0.9542 -0.0078, -0.403 0.9584 -0.0137, -0.4177 0.9639 -0.021, -0.4304 0.9701 -0.0296, -0.3406 0.9428 0.0, -0.3618 0.9421 -0.0009, -0.3816 0.9442 -0.0035, -0.3997 0.9487 -0.0078, -0.4157 0.9548 -0.0137, -0.4296 0.962 -0.021, -0.4415 0.9696 -0.0296, -0.3554 0.9321 0.0, -0.3714 0.9232 0.0, -0.3766 0.9338 -0.0009, -0.3922 0.9273 -0.0009, -0.396 0.9383 -0.0035, -0.411 0.934 -0.0035, -0.4134 0.9448 -0.0078, -0.4276 0.9425 -0.0078, -0.4286 0.9527 -0.0137, -0.4417 0.9522 -0.0137, -0.4416 0.9615 -0.021, -0.4536 0.9623 -0.021, -0.4525 0.9704 -0.0296, -0.4634 0.9725 -0.0296, -0.3884 0.9162 0.0, -0.4085 0.9227 -0.0009, -0.4264 0.9315 -0.0035, -0.4419 0.9419 -0.0078, -0.4548 0.9531 -0.0137, -0.4654 0.9646 -0.021, -0.474 0.9758 -0.0296, -0.406 0.9112 0.0, -0.4253 0.92 -0.0009, -0.442 0.9308 -0.0035, -0.4561 0.9429 -0.0078, -0.4677 0.9556 -0.0137, -0.4769 0.9682 -0.021, -0.4841 0.9803 -0.0296, -0.4241 0.9083 0.0, -0.4423 0.9075 0.0, -0.4422 0.9193 -0.0009, -0.4591 0.9205 -0.0009, -0.4576 0.932 -0.0035, -0.4729 0.9349 -0.0035, -0.4702 0.9456 -0.0078, -0.4838 0.9499 -0.0078, -0.4802 0.9595 -0.0137, -0.4921 0.9649 -0.0137, -0.4878 0.9731 -0.021, -0.4982 0.9793 -0.021, -0.4936 0.986 -0.0296, -0.5024 0.9928 -0.0296, -0.4606 0.9088 0.0, -0.4757 0.9237 -0.0009, -0.4878 0.9396 -0.0035, -0.4969 0.9558 -0.0078, -0.5034 0.9716 -0.0137, -0.5077 0.9866 -0.021, -0.5104 1.0005 -0.0296, -0.4786 0.9122 0.0, -0.4919 0.9288 -0.0009, -0.502 0.946 -0.0035, -0.5092 0.9631 -0.0078, -0.5138 0.9796 -0.0137, -0.5163 0.995 -0.021, -0.5174 1.0091 -0.0296, -0.3111 1.1015 -0.0035, -0.3162 1.1163 -0.0035, -0.3217 1.0985 -0.0078, -0.3264 1.112 -0.0078, -0.3316 1.0957 -0.0137, -0.3359 1.1081 -0.0137, -0.3405 1.0932 -0.021, -0.3445 1.1045 -0.021, -0.3484 1.0909 -0.0296, -0.352 1.1014 -0.0296, -0.564 1.0136 -0.0035, -0.5538 1.0178 -0.0078, -0.5443 1.0218 -0.0137, -0.5357 1.0253 -0.021, -0.5282 1.0284 -0.0296, -0.3728 1.1941 -0.0009, -0.3583 1.1855 -0.0009, -0.3648 1.1759 -0.0035, -0.3026 1.1417 0.0, -0.5802 1.0252 -0.0009, -0.3517 1.1952 0.0, -0.3674 1.2046 0.0, -0.3841 1.2121 0.0, -0.3596 1.158 -0.0078, -0.3524 1.1664 -0.0035, -0.3449 1.1751 -0.0009, -0.3371 1.1841 0.0, -0.3569 1.1411 -0.0137, -0.3494 1.1481 -0.0078, -0.3412 1.1555 -0.0035, -0.3327 1.1633 -0.0009, -0.324 1.1713 0.0, -0.3562 1.1255 -0.021, -0.3487 1.1309 -0.0137, -0.3403 1.137 -0.0078, -0.3314 1.1434 -0.0035, -0.322 1.1502 -0.0009, -0.3124 1.1571 0.0, -0.5434 1.0604 -0.021, -0.5422 1.0484 -0.021, -0.5514 1.0469 -0.0137, -0.3568 1.1114 -0.0296, -0.3497 1.1154 -0.021, -0.3416 1.1199 -0.0137, -0.3326 1.1249 -0.0078, -0.323 1.1303 -0.0035, -0.3129 1.1359 -0.0009, -0.5342 1.0497 -0.0296, -0.5353 1.0607 -0.0296, -0.5352 1.0718 -0.0296, -0.5251 1.0894 -0.0394, -0.5271 1.0816 -0.0394, -0.5337 1.0828 -0.0296, -0.5433 1.0724 -0.021, -0.5527 1.06 -0.0137, -0.5616 1.0453 -0.0078, -0.5916 1.0219 0.0, -0.5839 1.0417 -0.0009, -0.5725 1.0435 -0.0035, -0.5741 1.0591 -0.0035, -0.563 1.0595 -0.0078, -0.5628 1.0738 -0.0078, -0.5526 1.0731 -0.0137, -0.5508 1.0861 -0.0137, -0.5417 1.0844 -0.021, -0.5388 1.096 -0.021, -0.531 1.0936 -0.0296, -0.5271 1.1039 -0.0296, -0.5955 1.0398 0.0, -0.5856 1.0585 -0.0009, -0.5738 1.0746 -0.0035, -0.5609 1.088 -0.0078, -0.5476 1.0988 -0.0137, -0.5345 1.1073 -0.021, -0.522 1.1138 -0.0296, -0.5974 1.058 0.0, -0.5854 1.0755 -0.0009, -0.5718 1.0901 -0.0035, -0.5574 1.1019 -0.0078, -0.543 1.1111 -0.0137, -0.5289 1.1179 -0.021, -0.5157 1.1229 -0.0296, -0.5104 1.1188 -0.0394, -0.506 1.1238 -0.0394, -0.5971 1.0763 0.0, -0.5948 1.0945 0.0, -0.5831 1.0923 -0.0009, -0.579 1.1087 -0.0009, -0.568 1.1052 -0.0035, -0.5624 1.1198 -0.0035, -0.5524 1.1153 -0.0078, -0.5458 1.128 -0.0078, -0.5369 1.1227 -0.0137, -0.5296 1.1336 -0.0137, -0.5222 1.1279 -0.021, -0.5143 1.137 -0.021, -0.5085 1.1313 -0.0296, -0.5003 1.1388 -0.0296, -0.5903 1.1123 0.0, -0.573 1.1245 -0.0009, -0.5552 1.1336 -0.0035, -0.5377 1.1398 -0.0078, -0.521 1.1435 -0.0137, -0.5054 1.1451 -0.021, -0.4913 1.1453 -0.0296, -0.5838 1.1294 0.0, -0.5652 1.1396 -0.0009, -0.5465 1.1465 -0.0035, -0.5284 1.1506 -0.0078, -0.5113 1.1523 -0.0137, -0.4957 1.1522 -0.021, -0.4816 1.1507 -0.0296, -0.4787 1.1446 -0.0394, -0.4739 1.1466 -0.0394, -0.5753 1.1456 0.0, -0.565 1.1608 0.0, -0.5557 1.1536 -0.0009, -0.5446 1.1664 -0.0009, -0.5363 1.1583 -0.0035, -0.5248 1.1689 -0.0035, -0.5178 1.1603 -0.0078, -0.5062 1.1687 -0.0078, -0.5007 1.16 -0.0137, -0.4892 1.1664 -0.0137, -0.4852 1.158 -0.021, -0.4741 1.1626 -0.021, -0.4714 1.155 -0.0296, -0.4607 1.158 -0.0296, -0.5531 1.1746 0.0, -0.5321 1.1778 -0.0009, -0.5121 1.178 -0.0035, -0.4937 1.1757 -0.0078, -0.4771 1.1714 -0.0137, -0.4625 1.1659 -0.021, -0.4498 1.1598 -0.0296, -0.5396 1.187 0.0, -0.5184 1.1878 -0.0009, -0.4985 1.1856 -0.0035, -0.4805 1.1812 -0.0078, -0.4645 1.175 -0.0137, -0.4506 1.1678 -0.021, -0.4387 1.1602 -0.0296, -0.4388 1.1535 -0.0394, -0.4351 1.1532 -0.0394, -0.5247 1.1977 0.0, -0.5087 1.2067 0.0, -0.5036 1.196 -0.0009, -0.4879 1.2025 -0.0009, -0.4841 1.1916 -0.0035, -0.4691 1.1958 -0.0035, -0.4667 1.1851 -0.0078, -0.4526 1.1873 -0.0078, -0.4516 1.1771 -0.0137, -0.4385 1.1777 -0.0137, -0.4386 1.1684 -0.021, -0.4266 1.1675 -0.021, -0.4276 1.1594 -0.0296, -0.4168 1.1574 -0.0296, -0.4918 1.2137 0.0, -0.4716 1.2071 -0.0009, -0.4537 1.1983 -0.0035, -0.4383 1.188 -0.0078, -0.4254 1.1767 -0.0137, -0.4148 1.1652 -0.021, -0.4062 1.154 -0.0296, -0.4742 1.2187 0.0, -0.4549 1.2098 -0.0009, -0.4381 1.199 -0.0035, -0.424 1.1869 -0.0078, -0.4125 1.1743 -0.0137, -0.4033 1.1616 -0.021, -0.3961 1.1495 -0.0296, -0.3992 1.1435 -0.0394, -0.3973 1.1424 -0.0394, -0.4561 1.2216 0.0, -0.4378 1.2224 0.0, -0.438 1.2106 -0.0009, -0.4211 1.2093 -0.0009, -0.4226 1.1979 -0.0035, -0.4073 1.1949 -0.0035, -0.41 1.1842 -0.0078, -0.3963 1.1799 -0.0078, -0.4 1.1703 -0.0137, -0.388 1.165 -0.0137, -0.3923 1.1567 -0.021, -0.382 1.1505 -0.021, -0.3865 1.1438 -0.0296, -0.3778 1.1371 -0.0296, -0.4195 1.2211 0.0, -0.4044 1.2062 -0.0009, -0.3924 1.1903 -0.0035, -0.3833 1.1741 -0.0078, -0.3768 1.1582 -0.0137, -0.3724 1.1432 -0.021, -0.3698 1.1293 -0.0296, -0.4016 1.2176 0.0, -0.3883 1.2011 -0.0009, -0.3782 1.1839 -0.0035, -0.371 1.1667 -0.0078, -0.3664 1.1503 -0.0137, -0.3638 1.1348 -0.021, -0.3628 1.1207 -0.0296, -0.3683 1.1168 -0.0394, -0.3679 1.1162 -0.0394, -0.5691 1.0283 -0.0035, -0.5585 1.0313 -0.0078, -0.5486 1.0341 -0.0137, -0.5396 1.0367 -0.021, -0.5318 1.0389 -0.0296, -0.5253 1.0407 -0.0394, -0.5274 1.0501 -0.0394, -0.5284 1.0713 -0.0394, -0.5285 1.0699 -0.0394, -0.5286 1.061 -0.0394, -0.5275 1.0508 -0.0394, -0.5161 1.1103 -0.0394, -0.5175 1.1077 -0.0394, -0.5209 1.1012 -0.0394, -0.5246 1.0915 -0.0394, -0.4877 1.1396 -0.0394, -0.4913 1.137 -0.0394, -0.496 1.1336 -0.0394, -0.5036 1.1266 -0.0394, -0.4491 1.153 -0.0394, -0.4549 1.1521 -0.0394, -0.4593 1.1514 -0.0394, -0.4692 1.1486 -0.0394, -0.4086 1.1477 -0.0394, -0.4156 1.1499 -0.0394, -0.4184 1.1508 -0.0394, -0.4285 1.1527 -0.0394, -0.3748 1.1248 -0.0394, -0.3811 1.1309 -0.0394, -0.3822 1.132 -0.0394, -0.3903 1.1382 -0.0394, -0.3627 1.1081 -0.0394, -0.362 1.1067 0.5984, -0.3664 1.1141 0.5984, -0.3679 1.1161 0.5984, -0.3716 1.1211 0.5984, -0.3775 1.1276 0.5984, -0.3811 1.1309 0.5984, -0.3839 1.1334 0.5984, -0.3909 1.1386 0.5984, -0.3973 1.1424 0.5984, -0.3983 1.143 0.5984, -0.4062 1.1468 0.5984, -0.4144 1.1497 0.5984, -0.4156 1.15 0.5984, -0.4228 1.1518 0.5984, -0.4314 1.1531 0.5984, -0.4351 1.1533 0.5984, -0.4401 1.1535 0.5984, -0.4488 1.1531 0.5984, -0.4549 1.1522 0.5984, -0.4574 1.1518 0.5984, -0.4658 1.1497 0.5984, -0.474 1.1468 0.5984, -0.4818 1.143 0.5984, -0.4893 1.1386 0.5984, -0.4913 1.1371 0.5984, -0.4963 1.1334 0.5984, -0.5027 1.1275 0.5984, -0.5061 1.1239 0.5984, -0.5086 1.1211 0.5984, -0.5137 1.1141 0.5984, -0.5176 1.1077 0.5984, -0.5182 1.1067 0.5984, -0.5219 1.0988 0.5984, -0.5249 1.0906 0.5984, -0.5252 1.0894 0.5984, -0.527 1.0822 0.5984, -0.5282 1.0736 0.5984, -0.5284 1.0699 0.5984, -0.5287 1.0649 0.5984, -0.5282 1.0562 0.5984, -0.5273 1.0501 0.5984, -0.5248 1.0392 0.5984, -0.527 1.0476 0.5984, -0.5876 1.2284 0.5984, -0.596 1.2208 0.5984, -0.5889 1.2137 0.5897, -0.6577 1.0986 0.5984, -0.6595 1.0865 0.5984, -0.6495 1.0855 0.5897, -0.4304 1.1631 0.5897, -0.4208 1.1617 0.5897, -0.4187 1.1726 0.5825, -0.3531 1.1114 0.5897, -0.4401 1.1636 0.5897, -0.4593 1.1617 0.5897, -0.5027 1.1412 0.5897, -0.5163 1.1275 0.5897, -0.5271 1.1114 0.5897, -0.5368 1.0841 0.5897, -0.5387 1.0649 0.5897, -0.5368 1.0457 0.5897, -0.3936 1.1519 0.5897, -0.3775 1.1412 0.5897, -0.3638 1.1275 0.5897, -0.5452 1.033 0.5825, -0.4047 1.1816 0.577, -0.4082 1.17 0.5825, -0.4115 1.1593 0.5897, -0.3885 1.1894 0.5732, -0.3934 1.1776 0.577, -0.3981 1.1664 0.5825, -0.4023 1.1561 0.5897, -0.3704 1.1953 0.5713, -0.3766 1.1837 0.5732, -0.3826 1.1725 0.577, -0.3883 1.1618 0.5825, -0.5816 1.022 0.5713, -0.3506 1.1989 0.5713, -0.3579 1.1879 0.5713, -0.3653 1.1769 0.5732, -0.3723 1.1663 0.577, -0.3791 1.1563 0.5825, -0.3853 1.1469 0.5897, -0.3295 1.1997 0.5732, -0.3378 1.1895 0.5713, -0.3463 1.1792 0.5713, -0.3546 1.1691 0.5732, -0.3627 1.1592 0.577, -0.3704 1.1498 0.5825, -0.3078 1.1973 0.577, -0.3168 1.1882 0.5732, -0.3261 1.1789 0.5713, -0.3355 1.1695 0.5713, -0.3448 1.1602 0.5732, -0.3539 1.1512 0.577, -0.3624 1.1426 0.5825, -0.3703 1.1347 0.5897, -0.2861 1.1913 0.5825, -0.2955 1.1836 0.577, -0.3053 1.1755 0.5732, -0.3155 1.1672 0.5713, -0.3258 1.1587 0.5713, -0.336 1.1504 0.5732, -0.3458 1.1423 0.577, -0.3552 1.1346 0.5825, -0.6355 1.026 0.5825, -0.6307 1.0071 0.5825, -0.6191 1.0106 0.577, -0.2651 1.1818 0.5897, -0.2744 1.1756 0.5825, -0.2845 1.1689 0.577, -0.2951 1.1618 0.5732, -0.3061 1.1545 0.5713, -0.3171 1.1471 0.5713, -0.3281 1.1398 0.5732, -0.3387 1.1327 0.577, -0.3488 1.126 0.5825, -0.3581 1.1197 0.5897, -0.6414 1.0038 0.5897, -0.6464 1.0238 0.5897, -0.6495 1.0443 0.5897, -0.6604 1.0686 0.5984, -0.6606 1.0649 0.5984, -0.6505 1.0649 0.5897, -0.6383 1.0454 0.5825, -0.6236 1.0284 0.577, -0.6069 1.0143 0.5732, -0.6414 1.126 0.5897, -0.6465 1.1059 0.5897, -0.6355 1.1038 0.5825, -0.6383 1.0844 0.5825, -0.6263 1.0832 0.577, -0.6272 1.0649 0.577, -0.6144 1.0649 0.5732, -0.6136 1.0478 0.5732, -0.6005 1.0491 0.5713, -0.5982 1.0335 0.5713, -0.5851 1.0361 0.5713, -0.569 1.0258 0.5732, -0.6406 1.1561 0.5984, -0.6438 1.1493 0.5984, -0.6345 1.1454 0.5897, -0.6307 1.1227 0.5825, -0.6236 1.1014 0.577, -0.6136 1.082 0.5732, -0.6013 1.0649 0.5713, -0.5872 1.0504 0.5713, -0.5722 1.0386 0.5732, -0.5568 1.0295 0.577, -0.6151 1.1818 0.5897, -0.6257 1.1641 0.5897, -0.6158 1.1588 0.5825, -0.6241 1.1411 0.5825, -0.613 1.1365 0.577, -0.6191 1.1192 0.577, -0.6069 1.1155 0.5732, -0.6111 1.0989 0.5732, -0.5982 1.0963 0.5713, -0.6005 1.0807 0.5713, -0.5872 1.0794 0.5713, -0.588 1.0649 0.5713, -0.5748 1.0649 0.5732, -0.5741 1.0517 0.5732, -0.5614 1.053 0.577, -0.5597 1.0411 0.577, -0.5478 1.0435 0.5825, -0.5345 1.0363 0.5897, -0.5494 1.0541 0.5825, -0.562 1.0649 0.577, -0.5741 1.0781 0.5732, -0.5851 1.0937 0.5713, -0.5943 1.1117 0.5713, -0.6012 1.1316 0.5732, -0.6051 1.1531 0.577, -0.6057 1.1756 0.5825, -0.6028 1.1984 0.5897, -0.6105 1.2048 0.5984, -0.6086 1.2069 0.5984, -0.5382 1.0746 0.5897, -0.5494 1.0757 0.5825, -0.5478 1.0863 0.5825, -0.5597 1.0887 0.577, -0.5568 1.1003 0.577, -0.569 1.104 0.5732, -0.5645 1.1165 0.5732, -0.5767 1.1215 0.5713, -0.5705 1.1346 0.5713, -0.5822 1.1409 0.5713, -0.5741 1.1544 0.5713, -0.5851 1.1618 0.5732, -0.5749 1.1755 0.5732, -0.5847 1.1836 0.577, -0.5724 1.1972 0.577, -0.581 1.2058 0.5825, -0.5665 1.2189 0.5825, -0.5736 1.2276 0.5897, -0.557 1.2399 0.5897, -0.5452 1.0968 0.5825, -0.5527 1.1116 0.577, -0.5589 1.1284 0.5732, -0.563 1.1471 0.5713, -0.5647 1.1672 0.5713, -0.5634 1.1882 0.5732, -0.5588 1.2095 0.577, -0.5508 1.2306 0.5825, -0.5393 1.2505 0.5897, -0.544 1.2593 0.5984, -0.5381 1.2622 0.5984, -0.5345 1.0935 0.5897, -0.5312 1.1027 0.5897, -0.5416 1.1069 0.5825, -0.537 1.1167 0.5825, -0.5476 1.1224 0.577, -0.5415 1.1326 0.577, -0.5521 1.1397 0.5732, -0.5442 1.1504 0.5732, -0.5544 1.1587 0.5713, -0.5447 1.1695 0.5713, -0.5541 1.1789 0.5713, -0.5423 1.1895 0.5713, -0.5507 1.1997 0.5732, -0.537 1.2099 0.5732, -0.5441 1.2205 0.577, -0.5283 1.2299 0.577, -0.534 1.2406 0.5825, -0.5163 1.249 0.5825, -0.5206 1.2593 0.5897, -0.5012 1.2663 0.5897, -0.5314 1.1259 0.5825, -0.5343 1.1423 0.577, -0.5353 1.1602 0.5732, -0.5339 1.1792 0.5713, -0.5296 1.1989 0.5713, -0.5223 1.2187 0.5732, -0.5117 1.2378 0.577, -0.4979 1.2556 0.5825, -0.4812 1.2713 0.5897, -0.4831 1.2811 0.5984, -0.4813 1.2814 0.5984, -0.5221 1.1197 0.5897, -0.525 1.1346 0.5825, -0.5178 1.1426 0.5825, -0.5263 1.1511 0.577, -0.5174 1.1592 0.577, -0.5255 1.169 0.5732, -0.5149 1.1769 0.5732, -0.5223 1.1879 0.5713, -0.5098 1.1953 0.5713, -0.5161 1.2071 0.5713, -0.5018 1.2138 0.5713, -0.5068 1.226 0.5732, -0.4907 1.2318 0.5732, -0.4944 1.244 0.577, -0.4766 1.2484 0.577, -0.479 1.2603 0.5825, -0.4596 1.2632 0.5825, -0.4607 1.2743 0.5897, -0.4401 1.2753 0.5897, -0.5098 1.1347 0.5897, -0.5098 1.1498 0.5825, -0.5078 1.1663 0.577, -0.5036 1.1837 0.5732, -0.4967 1.2015 0.5713, -0.4869 1.2192 0.5713, -0.4741 1.2359 0.5732, -0.4584 1.2511 0.577, -0.4401 1.2641 0.5825, -0.4195 1.2743 0.5897, -0.5011 1.1562 0.5825, -0.4976 1.1724 0.577, -0.4916 1.1894 0.5732, -0.483 1.2064 0.5713, -0.4715 1.223 0.5713, -0.4572 1.2384 0.5732, -0.4401 1.252 0.577, -0.4206 1.2632 0.5825, -0.3991 1.2713 0.5897, -0.3971 1.2812 0.5984, -0.3916 1.2798 0.5984, -0.4949 1.1469 0.5897, -0.4866 1.1519 0.5897, -0.4919 1.1618 0.5825, -0.4821 1.1664 0.5825, -0.4868 1.1776 0.577, -0.4755 1.1816 0.577, -0.4792 1.1938 0.5732, -0.4664 1.197 0.5732, -0.4689 1.2099 0.5713, -0.4546 1.2121 0.5713, -0.4559 1.2253 0.5713, -0.4401 1.2261 0.5713, -0.4401 1.2393 0.5732, -0.423 1.2384 0.5732, -0.4218 1.2511 0.577, -0.4036 1.2484 0.577, -0.4012 1.2603 0.5825, -0.3823 1.2556 0.5825, -0.379 1.2663 0.5897, -0.3596 1.2593 0.5897, -0.4778 1.156 0.5897, -0.472 1.17 0.5825, -0.4639 1.1845 0.577, -0.4533 1.199 0.5732, -0.4401 1.2128 0.5713, -0.4243 1.2253 0.5713, -0.4061 1.2359 0.5732, -0.3858 1.244 0.577, -0.3639 1.249 0.5825, -0.3409 1.2505 0.5897, -0.3362 1.2594 0.5984, -0.3354 1.2589 0.5984, -0.4687 1.1593 0.5897, -0.4615 1.1726 0.5825, -0.4509 1.1742 0.5825, -0.452 1.1863 0.577, -0.4401 1.1869 0.577, -0.4401 1.1996 0.5732, -0.4269 1.199 0.5732, -0.4256 1.2121 0.5713, -0.4113 1.21 0.5713, -0.4087 1.223 0.5713, -0.3933 1.2192 0.5713, -0.3895 1.2318 0.5732, -0.3734 1.226 0.5732, -0.3685 1.2378 0.577, -0.3519 1.23 0.577, -0.3462 1.2406 0.5825, -0.3294 1.2306 0.5825, -0.3232 1.2399 0.5897, -0.3066 1.2276 0.5897, -0.4498 1.1631 0.5897, -0.4401 1.1748 0.5825, -0.4281 1.1863 0.577, -0.4138 1.197 0.5732, -0.3972 1.2064 0.5713, -0.3784 1.2138 0.5713, -0.3579 1.2187 0.5732, -0.3361 1.2205 0.577, -0.3137 1.2189 0.5825, -0.2913 1.2137 0.5897, -0.4293 1.1742 0.5825, -0.4163 1.1845 0.577, -0.401 1.1938 0.5732, -0.3835 1.2015 0.5713, -0.3641 1.2071 0.5713, -0.3432 1.2099 0.5732, -0.3214 1.2096 0.577, -0.2992 1.2058 0.5825, -0.2774 1.1984 0.5897, -0.2697 1.2048 0.5984, -0.2669 1.201 0.5984, -0.6511 1.0009 0.5984, -0.6595 1.0433 0.5984, -0.6588 1.0386 0.5984, -0.6563 1.0219 0.5984, -0.6531 1.0091 0.5984, -0.6393 1.0649 0.5825, -0.6263 1.0466 0.577, -0.6111 1.0309 0.5732, -0.5943 1.0181 0.5713, -0.6511 1.1289 0.5984, -0.6513 1.128 0.5984, -0.6563 1.1079 0.5984, -0.6234 1.1874 0.5984, -0.6263 1.1825 0.5984, -0.6345 1.1688 0.5984, -0.5941 1.1913 0.5825, -0.5957 1.1689 0.577, -0.5939 1.1471 0.5732, -0.589 1.1266 0.5713, -0.5816 1.1078 0.5713, -0.5722 1.0912 0.5732, -0.5614 1.0769 0.577, -0.5499 1.0649 0.5825, -0.5382 1.0552 0.5897, -0.5626 1.2482 0.5984, -0.5641 1.2471 0.5984, -0.58 1.2353 0.5984, -0.5041 1.2759 0.5984, -0.5103 1.2737 0.5984, -0.5245 1.2686 0.5984, -0.4617 1.2843 0.5984, -0.4185 1.2843 0.5984, -0.4213 1.2845 0.5984, -0.4401 1.2854 0.5984, -0.4514 1.2848 0.5984, -0.3557 1.2686 0.5984, -0.3628 1.2712 0.5984, -0.3761 1.2759 0.5984, -0.3176 1.2483 0.5984, -0.2842 1.2208 0.5984, -0.287 1.2234 0.5984, -0.3002 1.2354 0.5984, -0.3101 1.2426 0.5984, -0.2568 1.1874 0.5984, -0.2545 1.1641 0.5897, -0.2457 1.1689 0.5984, -0.25 1.1761 0.5984, -0.3432 1.1167 0.5825, -0.3325 1.1224 0.577, -0.3213 1.1284 0.5732, -0.3097 1.1346 0.5713, -0.2979 1.1409 0.5713, -0.2863 1.1471 0.5732, -0.2751 1.1531 0.577, -0.2644 1.1589 0.5825, -0.6438 0.9805 0.0, -0.6534 1.009 0.0, -0.659 1.0386 0.0, -0.6605 1.0687 0.0, -0.658 1.0986 0.0, -0.6513 1.128 0.0, -0.6408 1.1562 0.0, -0.6265 1.1826 0.0, -0.6087 1.2069 0.0, -0.5878 1.2286 0.0, -0.5642 1.2472 0.0, -0.5382 1.2624 0.0, -0.5104 1.2739 0.0, -0.4813 1.2815 0.0, -0.4514 1.2851 0.0, -0.4213 1.2846 0.0, -0.3916 1.28 0.0, -0.3627 1.2714 0.0, -0.3353 1.2589 0.0, -0.3099 1.2429 0.0, -0.2869 1.2235 0.0, -0.2667 1.2011 0.0, -0.2498 1.1763 0.0, -0.2364 1.1493 0.0, -0.2268 1.1208 0.0, -0.2212 1.0912 0.0, -0.2196 1.0612 0.0, -0.2222 1.0312 0.0, -0.2288 1.0018 0.0, -0.2394 0.9737 0.0, -0.2537 0.9472 0.0, -0.2714 0.9229 0.0, -0.2923 0.9013 0.0, -0.316 0.8827 0.0, -0.342 0.8675 0.0, -0.3698 0.856 0.0, -0.3989 0.8483 0.0, -0.4288 0.8447 0.0, -0.4588 0.8452 0.0, -0.4886 0.8498 0.0, -0.5174 0.8585 0.0, -0.5448 0.8709 0.0, -0.5703 0.887 0.0, -0.5933 0.9064 0.0, -0.6134 0.9287 0.0, -0.6304 0.9536 0.0, -0.2922 -1.2227 0.5984, -0.2839 -1.2152 0.5984, -0.291 -1.208 0.5897, -0.2222 -1.093 0.5984, -0.2204 -1.0809 0.5984, -0.2304 -1.0799 0.5897, -0.4494 -1.1574 0.5897, -0.459 -1.156 0.5897, -0.4612 -1.167 0.5825, -0.5179 -1.101 0.5984, -0.5216 -1.0932 0.5984, -0.5309 -1.097 0.5897, -0.5134 -1.1085 0.5984, -0.5268 -1.1058 0.5897, -0.4447 -1.1476 0.5984, -0.4485 -1.1474 0.5984, -0.4311 -1.1474 0.5984, -0.4398 -1.1479 0.5984, -0.4398 -1.1579 0.5897, -0.4141 -1.144 0.5984, -0.4225 -1.1462 0.5984, -0.4205 -1.156 0.5897, -0.3771 -1.1219 0.5984, -0.3836 -1.1277 0.5984, -0.3772 -1.1355 0.5897, -0.3661 -1.1085 0.5984, -0.3713 -1.1155 0.5984, -0.3635 -1.1218 0.5897, -0.3579 -1.0932 0.5984, -0.3617 -1.101 0.5984, -0.3528 -1.1058 0.5897, -0.3516 -1.0679 0.5984, -0.3529 -1.0765 0.5984, -0.343 -1.0785 0.5897, -0.3516 -1.0506 0.5984, -0.3512 -1.0593 0.5984, -0.3412 -1.0593 0.5897, -0.355 -1.0336 0.5984, -0.3529 -1.042 0.5984, -0.343 -1.04 0.5897, -0.4571 -1.1462 0.5984, -0.4643 -1.1443 0.5984, -0.4863 -1.1463 0.5897, -0.4815 -1.1374 0.5984, -0.4826 -1.1368 0.5984, -0.5024 -1.1355 0.5897, -0.496 -1.1278 0.5984, -0.4987 -1.1253 0.5984, -0.516 -1.1219 0.5897, -0.5083 -1.1155 0.5984, -0.512 -1.1105 0.5984, -0.3347 -1.0274 0.5825, -0.3383 -1.0172 0.5825, -0.3487 -1.0215 0.5897, -0.4752 -1.176 0.577, -0.4717 -1.1644 0.5825, -0.4684 -1.1537 0.5897, -0.4655 -1.144 0.5984, -0.4913 -1.1837 0.5732, -0.4864 -1.1719 0.577, -0.4818 -1.1608 0.5825, -0.4775 -1.1504 0.5897, -0.4737 -1.1411 0.5984, -0.5095 -1.1897 0.5713, -0.5033 -1.1781 0.5732, -0.4973 -1.1668 0.577, -0.4916 -1.1561 0.5825, -0.2983 -1.0163 0.5713, -0.3032 -1.0027 0.5713, -0.3153 -1.0077 0.5732, -0.5293 -1.1933 0.5713, -0.5219 -1.1822 0.5713, -0.5146 -1.1713 0.5732, -0.5075 -1.1607 0.577, -0.5008 -1.1506 0.5825, -0.4946 -1.1413 0.5897, -0.489 -1.1329 0.5984, -0.5504 -1.1941 0.5732, -0.542 -1.1839 0.5713, -0.5336 -1.1736 0.5713, -0.5252 -1.1634 0.5732, -0.5171 -1.1535 0.577, -0.5095 -1.1442 0.5825, -0.5721 -1.1916 0.577, -0.5631 -1.1826 0.5732, -0.5537 -1.1733 0.5713, -0.5443 -1.1639 0.5713, -0.535 -1.1545 0.5732, -0.526 -1.1455 0.577, -0.5174 -1.137 0.5825, -0.5095 -1.129 0.5897, -0.5024 -1.1219 0.5984, -0.5938 -1.1857 0.5825, -0.5844 -1.178 0.577, -0.5746 -1.1699 0.5732, -0.5644 -1.1615 0.5713, -0.5541 -1.1531 0.5713, -0.5439 -1.1447 0.5732, -0.534 -1.1366 0.577, -0.5247 -1.129 0.5825, -0.2444 -1.0204 0.5825, -0.2492 -1.0014 0.5825, -0.2607 -1.0049 0.577, -0.6147 -1.1762 0.5897, -0.6054 -1.17 0.5825, -0.5954 -1.1633 0.577, -0.5847 -1.1562 0.5732, -0.5738 -1.1488 0.5713, -0.5627 -1.1414 0.5713, -0.5518 -1.1341 0.5732, -0.5412 -1.127 0.577, -0.5311 -1.1203 0.5825, -0.5218 -1.1141 0.5897, -0.2384 -0.9982 0.5897, -0.2334 -1.0182 0.5897, -0.2304 -1.0386 0.5897, -0.2195 -1.063 0.5984, -0.2193 -1.0592 0.5984, -0.2294 -1.0592 0.5897, -0.2415 -1.0397 0.5825, -0.2563 -1.0227 0.577, -0.273 -1.0086 0.5732, -0.2384 -1.1203 0.5897, -0.2334 -1.1003 0.5897, -0.2444 -1.0981 0.5825, -0.2415 -1.0788 0.5825, -0.2536 -1.0776 0.577, -0.2527 -1.0593 0.577, -0.2654 -1.0593 0.5732, -0.2663 -1.0422 0.5732, -0.2794 -1.0435 0.5713, -0.2817 -1.0278 0.5713, -0.2948 -1.0304 0.5713, -0.3109 -1.0202 0.5732, -0.3271 -1.0126 0.577, -0.2393 -1.1504 0.5984, -0.2361 -1.1436 0.5984, -0.2454 -1.1398 0.5897, -0.2491 -1.1171 0.5825, -0.2563 -1.0958 0.577, -0.2663 -1.0763 0.5732, -0.2786 -1.0593 0.5713, -0.2926 -1.0448 0.5713, -0.3077 -1.033 0.5732, -0.3231 -1.0239 0.577, -0.2648 -1.1762 0.5897, -0.2542 -1.1584 0.5897, -0.2641 -1.1532 0.5825, -0.2557 -1.1355 0.5825, -0.2669 -1.1309 0.577, -0.2607 -1.1136 0.577, -0.2729 -1.1099 0.5732, -0.2688 -1.0933 0.5732, -0.2817 -1.0907 0.5713, -0.2794 -1.0751 0.5713, -0.2926 -1.0738 0.5713, -0.2919 -1.0593 0.5713, -0.3051 -1.0593 0.5732, -0.3057 -1.0461 0.5732, -0.3184 -1.0473 0.577, -0.3202 -1.0355 0.577, -0.3321 -1.0378 0.5825, -0.3454 -1.0306 0.5897, -0.358 -1.0254 0.5984, -0.3305 -1.0485 0.5825, -0.3179 -1.0593 0.577, -0.3057 -1.0725 0.5732, -0.2948 -1.0881 0.5713, -0.2855 -1.106 0.5713, -0.2787 -1.126 0.5732, -0.2748 -1.1475 0.577, -0.2741 -1.1699 0.5825, -0.2771 -1.1927 0.5897, -0.2693 -1.1991 0.5984, -0.2712 -1.2012 0.5984, -0.3515 -1.0642 0.5984, -0.3416 -1.0689 0.5897, -0.3305 -1.07 0.5825, -0.3321 -1.0807 0.5825, -0.3202 -1.083 0.577, -0.3231 -1.0947 0.577, -0.3109 -1.0984 0.5732, -0.3153 -1.1108 0.5732, -0.3032 -1.1158 0.5713, -0.3094 -1.129 0.5713, -0.2976 -1.1352 0.5713, -0.3058 -1.1488 0.5713, -0.2948 -1.1561 0.5732, -0.305 -1.1699 0.5732, -0.2951 -1.178 0.577, -0.3075 -1.1916 0.577, -0.2989 -1.2001 0.5825, -0.3134 -1.2133 0.5825, -0.3063 -1.2219 0.5897, -0.3229 -1.2342 0.5897, -0.3347 -1.0911 0.5825, -0.3271 -1.1059 0.577, -0.321 -1.1228 0.5732, -0.3168 -1.1414 0.5713, -0.3152 -1.1615 0.5713, -0.3165 -1.1825 0.5732, -0.3211 -1.2039 0.577, -0.3291 -1.2249 0.5825, -0.3406 -1.2448 0.5897, -0.3358 -1.2537 0.5984, -0.3418 -1.2565 0.5984, -0.3547 -1.0838 0.5984, -0.355 -1.085 0.5984, -0.3454 -1.0879 0.5897, -0.3487 -1.097 0.5897, -0.3383 -1.1013 0.5825, -0.3429 -1.111 0.5825, -0.3322 -1.1167 0.577, -0.3384 -1.127 0.577, -0.3278 -1.1341 0.5732, -0.3357 -1.1447 0.5732, -0.3255 -1.1531 0.5713, -0.3352 -1.1638 0.5713, -0.3258 -1.1732 0.5713, -0.3375 -1.1839 0.5713, -0.3292 -1.194 0.5732, -0.3429 -1.2042 0.5732, -0.3358 -1.2148 0.577, -0.3516 -1.2243 0.577, -0.3459 -1.235 0.5825, -0.3635 -1.2433 0.5825, -0.3592 -1.2537 0.5897, -0.3787 -1.2606 0.5897, -0.3485 -1.1203 0.5825, -0.3455 -1.1366 0.577, -0.3445 -1.1545 0.5732, -0.346 -1.1736 0.5713, -0.3502 -1.1933 0.5713, -0.3576 -1.213 0.5732, -0.3682 -1.2321 0.577, -0.3819 -1.2499 0.5825, -0.3987 -1.2656 0.5897, -0.3967 -1.2755 0.5984, -0.3986 -1.2758 0.5984, -0.3623 -1.1021 0.5984, -0.3578 -1.1141 0.5897, -0.3549 -1.1289 0.5825, -0.3621 -1.1369 0.5825, -0.3536 -1.1455 0.577, -0.3624 -1.1535 0.577, -0.3543 -1.1634 0.5732, -0.3649 -1.1713 0.5732, -0.3576 -1.1822 0.5713, -0.3701 -1.1897 0.5713, -0.3638 -1.2014 0.5713, -0.3781 -1.2082 0.5713, -0.373 -1.2203 0.5732, -0.3892 -1.2261 0.5732, -0.3854 -1.2383 0.577, -0.4033 -1.2428 0.577, -0.4009 -1.2547 0.5825, -0.4202 -1.2575 0.5825, -0.4191 -1.2687 0.5897, -0.4398 -1.2697 0.5897, -0.3738 -1.1182 0.5984, -0.37 -1.129 0.5897, -0.3701 -1.1442 0.5825, -0.372 -1.1607 0.577, -0.3763 -1.1781 0.5732, -0.3832 -1.1959 0.5713, -0.393 -1.2135 0.5713, -0.4058 -1.2303 0.5732, -0.4214 -1.2455 0.577, -0.4398 -1.2585 0.5825, -0.4604 -1.2687 0.5897, -0.3788 -1.1506 0.5825, -0.3823 -1.1668 0.577, -0.3882 -1.1837 0.5732, -0.3968 -1.2008 0.5713, -0.4083 -1.2174 0.5713, -0.4227 -1.2328 0.5732, -0.4398 -1.2464 0.577, -0.4593 -1.2575 0.5825, -0.4808 -1.2657 0.5897, -0.4828 -1.2755 0.5984, -0.4882 -1.2741 0.5984, -0.3886 -1.1314 0.5984, -0.3906 -1.1329 0.5984, -0.385 -1.1413 0.5897, -0.3933 -1.1463 0.5897, -0.388 -1.1561 0.5825, -0.3977 -1.1607 0.5825, -0.3931 -1.1719 0.577, -0.4044 -1.176 0.577, -0.4007 -1.1882 0.5732, -0.4135 -1.1914 0.5732, -0.4109 -1.2043 0.5713, -0.4253 -1.2064 0.5713, -0.424 -1.2197 0.5713, -0.4398 -1.2205 0.5713, -0.4398 -1.2336 0.5732, -0.4569 -1.2328 0.5732, -0.4581 -1.2455 0.577, -0.4763 -1.2428 0.577, -0.4786 -1.2547 0.5825, -0.4976 -1.2499 0.5825, -0.5008 -1.2606 0.5897, -0.5203 -1.2537 0.5897, -0.398 -1.1374 0.5984, -0.402 -1.1504 0.5897, -0.4079 -1.1644 0.5825, -0.416 -1.1789 0.577, -0.4266 -1.1933 0.5732, -0.4398 -1.2072 0.5713, -0.4556 -1.2197 0.5713, -0.4738 -1.2303 0.5732, -0.4941 -1.2383 0.577, -0.516 -1.2433 0.5825, -0.539 -1.2449 0.5897, -0.5437 -1.2537 0.5984, -0.5445 -1.2532 0.5984, -0.4059 -1.1411 0.5984, -0.4111 -1.1537 0.5897, -0.4183 -1.167 0.5825, -0.429 -1.1686 0.5825, -0.4278 -1.1806 0.577, -0.4398 -1.1812 0.577, -0.4398 -1.194 0.5732, -0.453 -1.1933 0.5732, -0.4543 -1.2064 0.5713, -0.4686 -1.2043 0.5713, -0.4712 -1.2174 0.5713, -0.4866 -1.2135 0.5713, -0.4904 -1.2261 0.5732, -0.5065 -1.2204 0.5732, -0.5114 -1.2322 0.577, -0.528 -1.2243 0.577, -0.5337 -1.235 0.5825, -0.5505 -1.2249 0.5825, -0.5567 -1.2342 0.5897, -0.5733 -1.2219 0.5897, -0.425 -1.1465 0.5984, -0.4301 -1.1574 0.5897, -0.4398 -1.1691 0.5825, -0.4517 -1.1806 0.577, -0.4661 -1.1914 0.5732, -0.4827 -1.2008 0.5713, -0.5015 -1.2082 0.5713, -0.522 -1.2131 0.5732, -0.5437 -1.2149 0.577, -0.5662 -1.2133 0.5825, -0.5886 -1.2081 0.5897, -0.4505 -1.1686 0.5825, -0.4636 -1.1789 0.577, -0.4789 -1.1882 0.5732, -0.4964 -1.1959 0.5713, -0.5158 -1.2014 0.5713, -0.5366 -1.2043 0.5732, -0.5585 -1.2039 0.577, -0.5806 -1.2002 0.5825, -0.6024 -1.1928 0.5897, -0.6102 -1.1992 0.5984, -0.613 -1.1954 0.5984, -0.2909 -0.9976 0.5713, -0.2787 -0.9925 0.5732, -0.2669 -0.9876 0.577, -0.2557 -0.983 0.5825, -0.2454 -0.9787 0.5897, -0.2288 -0.9952 0.5984, -0.2361 -0.9749 0.5984, -0.2204 -1.0376 0.5984, -0.2211 -1.033 0.5984, -0.2236 -1.0162 0.5984, -0.2268 -1.0035 0.5984, -0.2406 -1.0592 0.5825, -0.2536 -1.0409 0.577, -0.2688 -1.0252 0.5732, -0.2856 -1.0125 0.5713, -0.2288 -1.1232 0.5984, -0.2286 -1.1223 0.5984, -0.2235 -1.1023 0.5984, -0.2565 -1.1817 0.5984, -0.2536 -1.1769 0.5984, -0.2453 -1.1632 0.5984, -0.2858 -1.1856 0.5825, -0.2842 -1.1632 0.577, -0.286 -1.1414 0.5732, -0.2909 -1.1209 0.5713, -0.2983 -1.1022 0.5713, -0.3077 -1.0855 0.5732, -0.3184 -1.0712 0.577, -0.33 -1.0593 0.5825, -0.3416 -1.0496 0.5897, -0.3525 -1.0444 0.5984, -0.3173 -1.2426 0.5984, -0.3158 -1.2415 0.5984, -0.2999 -1.2297 0.5984, -0.3758 -1.2702 0.5984, -0.3696 -1.268 0.5984, -0.3554 -1.263 0.5984, -0.4182 -1.2787 0.5984, -0.4614 -1.2787 0.5984, -0.4586 -1.2788 0.5984, -0.4398 -1.2797 0.5984, -0.4285 -1.2792 0.5984, -0.5241 -1.263 0.5984, -0.517 -1.2655 0.5984, -0.5038 -1.2703 0.5984, -0.5623 -1.2426 0.5984, -0.5957 -1.2152 0.5984, -0.5929 -1.2177 0.5984, -0.5796 -1.2297 0.5984, -0.5698 -1.237 0.5984, -0.6231 -1.1818 0.5984, -0.6253 -1.1585 0.5897, -0.6342 -1.1632 0.5984, -0.6299 -1.1705 0.5984, -0.5366 -1.1111 0.5825, -0.5473 -1.1168 0.577, -0.5586 -1.1228 0.5732, -0.5702 -1.129 0.5713, -0.5819 -1.1353 0.5713, -0.5935 -1.1415 0.5732, -0.6048 -1.1475 0.577, -0.6155 -1.1532 0.5825, -0.5413 -1.1013 0.5825, -0.5524 -1.106 0.577, -0.5642 -1.1108 0.5732, -0.5764 -1.1159 0.5713, -0.5887 -1.121 0.5713, -0.6009 -1.126 0.5732, -0.6127 -1.1309 0.577, -0.6238 -1.1355 0.5825, -0.6342 -1.1398 0.5897, -0.6435 -1.1437 0.5984, -0.5171 -1.1025 -0.0394, -0.5216 -1.0932 -0.0394, -0.512 -1.1105 -0.0394, -0.5116 -1.1111 -0.0394, -0.5051 -1.1191 -0.0394, -0.4988 -1.1253 -0.0394, -0.4977 -1.1263 -0.0394, -0.4895 -1.1326 -0.0394, -0.4826 -1.1367 -0.0394, -0.4807 -1.1379 -0.0394, -0.4713 -1.1421 -0.0394, -0.4643 -1.1443 -0.0394, -0.4615 -1.1452 -0.0394, -0.4513 -1.1471 -0.0394, -0.4447 -1.1476 -0.0394, -0.4411 -1.1478 -0.0394, -0.4308 -1.1474 -0.0394, -0.425 -1.1465 -0.0394, -0.4206 -1.1458 -0.0394, -0.4107 -1.1429 -0.0394, -0.4059 -1.141 -0.0394, -0.4012 -1.139 -0.0394, -0.3922 -1.134 -0.0394, -0.3886 -1.1314 -0.0394, -0.3838 -1.1279 -0.0394, -0.3762 -1.121 -0.0394, -0.3738 -1.1182 -0.0394, -0.3695 -1.1132 -0.0394, -0.3637 -1.1047 -0.0394, -0.3624 -1.1021 -0.0394, -0.359 -1.0955 -0.0394, -0.3548 -1.0838 -0.0394, -0.3553 -1.0859 -0.0394, -0.3514 -1.0657 -0.0394, -0.3514 -1.0642 -0.0394, -0.3528 -1.0759 -0.0394, -0.3513 -1.0554 -0.0394, -0.3523 -1.0452 -0.0394, -0.358 -1.0254 -0.0394, -0.3546 -1.0351 -0.0394, -0.3525 -1.0444 -0.0394, -0.507 -1.1885 -0.0009, -0.5216 -1.1798 -0.0009, -0.5151 -1.1702 -0.0035, -0.5773 -1.136 0.0, -0.5853 -1.1196 0.0, -0.5744 -1.115 -0.0009, -0.2997 -1.0195 -0.0009, -0.3052 -1.0035 -0.0009, -0.2943 -0.999 0.0, -0.5282 -1.1896 0.0, -0.5125 -1.199 0.0, -0.4958 -1.2065 0.0, -0.5202 -1.1524 -0.0078, -0.5275 -1.1608 -0.0035, -0.535 -1.1695 -0.0009, -0.5427 -1.1784 0.0, -0.5229 -1.1355 -0.0137, -0.5305 -1.1424 -0.0078, -0.5386 -1.1499 -0.0035, -0.5472 -1.1577 -0.0009, -0.5559 -1.1657 0.0, -0.5237 -1.1199 -0.021, -0.5312 -1.1253 -0.0137, -0.5395 -1.1313 -0.0078, -0.5485 -1.1378 -0.0035, -0.5579 -1.1446 -0.0009, -0.5675 -1.1515 0.0, -0.3364 -1.0547 -0.021, -0.3377 -1.0428 -0.021, -0.3285 -1.0413 -0.0137, -0.523 -1.1058 -0.0296, -0.5301 -1.1097 -0.021, -0.5383 -1.1142 -0.0137, -0.5472 -1.1193 -0.0078, -0.5569 -1.1246 -0.0035, -0.567 -1.1303 -0.0009, -0.3457 -1.0441 -0.0296, -0.3445 -1.0551 -0.0296, -0.3447 -1.0662 -0.0296, -0.3461 -1.0772 -0.0296, -0.3366 -1.0668 -0.021, -0.3271 -1.0543 -0.0137, -0.3183 -1.0397 -0.0078, -0.2883 -1.0163 0.0, -0.296 -1.0361 -0.0009, -0.3074 -1.0379 -0.0035, -0.3058 -1.0534 -0.0035, -0.3169 -1.0539 -0.0078, -0.3171 -1.0682 -0.0078, -0.3273 -1.0675 -0.0137, -0.329 -1.0805 -0.0137, -0.3382 -1.0787 -0.021, -0.3411 -1.0904 -0.021, -0.3489 -1.0879 -0.0296, -0.3528 -1.0983 -0.0296, -0.2843 -1.0342 0.0, -0.2943 -1.0529 -0.0009, -0.306 -1.069 -0.0035, -0.3189 -1.0824 -0.0078, -0.3322 -1.0932 -0.0137, -0.3454 -1.1016 -0.021, -0.3579 -1.1081 -0.0296, -0.2825 -1.0524 0.0, -0.2945 -1.0698 -0.0009, -0.3081 -1.0845 -0.0035, -0.3224 -1.0963 -0.0078, -0.3369 -1.1054 -0.0137, -0.3509 -1.1123 -0.021, -0.3641 -1.1173 -0.0296, -0.2827 -1.0707 0.0, -0.2851 -1.0889 0.0, -0.2967 -1.0866 -0.0009, -0.3009 -1.1031 -0.0009, -0.3119 -1.0996 -0.0035, -0.3174 -1.1142 -0.0035, -0.3275 -1.1096 -0.0078, -0.3341 -1.1223 -0.0078, -0.343 -1.1171 -0.0137, -0.3503 -1.1279 -0.0137, -0.3577 -1.1222 -0.021, -0.3656 -1.1314 -0.021, -0.3714 -1.1257 -0.0296, -0.3796 -1.1332 -0.0296, -0.2896 -1.1066 0.0, -0.3069 -1.1189 -0.0009, -0.3246 -1.128 -0.0035, -0.3422 -1.1342 -0.0078, -0.3589 -1.1378 -0.0137, -0.3744 -1.1395 -0.021, -0.3886 -1.1397 -0.0296, -0.2961 -1.1237 0.0, -0.3147 -1.1339 -0.0009, -0.3334 -1.1409 -0.0035, -0.3515 -1.145 -0.0078, -0.3686 -1.1467 -0.0137, -0.3842 -1.1465 -0.021, -0.3982 -1.1451 -0.0296, -0.3046 -1.14 0.0, -0.3148 -1.1551 0.0, -0.3242 -1.1479 -0.0009, -0.3353 -1.1608 -0.0009, -0.3436 -1.1527 -0.0035, -0.3551 -1.1632 -0.0035, -0.3621 -1.1547 -0.0078, -0.3737 -1.1631 -0.0078, -0.3792 -1.1544 -0.0137, -0.3906 -1.1608 -0.0137, -0.3947 -1.1524 -0.021, -0.4058 -1.157 -0.021, -0.4085 -1.1493 -0.0296, -0.4191 -1.1524 -0.0296, -0.3268 -1.169 0.0, -0.3478 -1.1722 -0.0009, -0.3677 -1.1724 -0.0035, -0.3862 -1.17 -0.0078, -0.4028 -1.1658 -0.0137, -0.4174 -1.1603 -0.021, -0.4301 -1.1541 -0.0296, -0.3403 -1.1814 0.0, -0.3615 -1.1821 -0.0009, -0.3813 -1.18 -0.0035, -0.3994 -1.1755 -0.0078, -0.4154 -1.1694 -0.0137, -0.4293 -1.1622 -0.021, -0.4412 -1.1546 -0.0296, -0.3552 -1.1921 0.0, -0.3711 -1.201 0.0, -0.3763 -1.1904 -0.0009, -0.3919 -1.1969 -0.0009, -0.3957 -1.1859 -0.0035, -0.4107 -1.1902 -0.0035, -0.4131 -1.1794 -0.0078, -0.4273 -1.1817 -0.0078, -0.4283 -1.1715 -0.0137, -0.4414 -1.172 -0.0137, -0.4413 -1.1627 -0.021, -0.4533 -1.1619 -0.021, -0.4522 -1.1538 -0.0296, -0.4631 -1.1517 -0.0296, -0.3881 -1.208 0.0, -0.4082 -1.2015 -0.0009, -0.4261 -1.1927 -0.0035, -0.4416 -1.1823 -0.0078, -0.4545 -1.1711 -0.0137, -0.4651 -1.1596 -0.021, -0.4737 -1.1484 -0.0296, -0.4057 -1.213 0.0, -0.425 -1.2042 -0.0009, -0.4417 -1.1934 -0.0035, -0.4558 -1.1813 -0.0078, -0.4674 -1.1686 -0.0137, -0.4766 -1.156 -0.021, -0.4838 -1.1438 -0.0296, -0.4238 -1.2159 0.0, -0.4421 -1.2167 0.0, -0.4419 -1.2049 -0.0009, -0.4588 -1.2037 -0.0009, -0.4573 -1.1922 -0.0035, -0.4726 -1.1893 -0.0035, -0.4699 -1.1786 -0.0078, -0.4835 -1.1743 -0.0078, -0.4799 -1.1647 -0.0137, -0.4918 -1.1593 -0.0137, -0.4876 -1.1511 -0.021, -0.4979 -1.1449 -0.021, -0.4933 -1.1382 -0.0296, -0.5021 -1.1314 -0.0296, -0.4603 -1.2154 0.0, -0.4754 -1.2005 -0.0009, -0.4875 -1.1846 -0.0035, -0.4966 -1.1684 -0.0078, -0.5031 -1.1526 -0.0137, -0.5074 -1.1376 -0.021, -0.5101 -1.1237 -0.0296, -0.4783 -1.212 0.0, -0.4916 -1.1954 -0.0009, -0.5017 -1.1782 -0.0035, -0.5089 -1.1611 -0.0078, -0.5135 -1.1446 -0.0137, -0.5161 -1.1292 -0.021, -0.5171 -1.1151 -0.0296, -0.3108 -1.0227 -0.0035, -0.3159 -1.0079 -0.0035, -0.3214 -1.0257 -0.0078, -0.3261 -1.0122 -0.0078, -0.3313 -1.0285 -0.0137, -0.3356 -1.0161 -0.0137, -0.3403 -1.031 -0.021, -0.3442 -1.0197 -0.021, -0.3481 -1.0333 -0.0296, -0.3517 -1.0228 -0.0296, -0.5637 -1.1106 -0.0035, -0.5535 -1.1064 -0.0078, -0.544 -1.1024 -0.0137, -0.5354 -1.0989 -0.021, -0.5279 -1.0958 -0.0296, -0.3725 -0.9301 -0.0009, -0.358 -0.9387 -0.0009, -0.3645 -0.9483 -0.0035, -0.3023 -0.9825 0.0, -0.5799 -1.099 -0.0009, -0.3514 -0.929 0.0, -0.3671 -0.9196 0.0, -0.3838 -0.9121 0.0, -0.3593 -0.9662 -0.0078, -0.3521 -0.9578 -0.0035, -0.3446 -0.9491 -0.0009, -0.3368 -0.9401 0.0, -0.3567 -0.9831 -0.0137, -0.3491 -0.9761 -0.0078, -0.3409 -0.9687 -0.0035, -0.3324 -0.9609 -0.0009, -0.3237 -0.9529 0.0, -0.3559 -0.9987 -0.021, -0.3484 -0.9932 -0.0137, -0.34 -0.9872 -0.0078, -0.3311 -0.9808 -0.0035, -0.3217 -0.974 -0.0009, -0.3121 -0.9671 0.0, -0.5432 -1.0638 -0.021, -0.5419 -1.0758 -0.021, -0.5511 -1.0773 -0.0137, -0.3565 -1.0128 -0.0296, -0.3495 -1.0088 -0.021, -0.3413 -1.0043 -0.0137, -0.3323 -0.9993 -0.0078, -0.3227 -0.9939 -0.0035, -0.3126 -0.9883 -0.0009, -0.5339 -1.0745 -0.0296, -0.535 -1.0634 -0.0296, -0.5349 -1.0524 -0.0296, -0.5248 -1.0348 -0.0394, -0.5268 -1.0426 -0.0394, -0.5334 -1.0414 -0.0296, -0.543 -1.0518 -0.021, -0.5525 -1.0642 -0.0137, -0.5613 -1.0789 -0.0078, -0.5913 -1.1023 0.0, -0.5836 -1.0825 -0.0009, -0.5722 -1.0807 -0.0035, -0.5738 -1.0651 -0.0035, -0.5627 -1.0647 -0.0078, -0.5625 -1.0504 -0.0078, -0.5523 -1.0511 -0.0137, -0.5506 -1.0381 -0.0137, -0.5414 -1.0398 -0.021, -0.5385 -1.0282 -0.021, -0.5307 -1.0306 -0.0296, -0.5268 -1.0203 -0.0296, -0.5953 -1.0844 0.0, -0.5853 -1.0656 -0.0009, -0.5735 -1.0496 -0.0035, -0.5607 -1.0362 -0.0078, -0.5473 -1.0254 -0.0137, -0.5342 -1.0169 -0.021, -0.5217 -1.0104 -0.0296, -0.5971 -1.0662 0.0, -0.5851 -1.0487 -0.0009, -0.5715 -1.0341 -0.0035, -0.5572 -1.0223 -0.0078, -0.5427 -1.0131 -0.0137, -0.5286 -1.0063 -0.021, -0.5154 -1.0012 -0.0296, -0.5101 -1.0054 -0.0394, -0.5057 -1.0003 -0.0394, -0.5969 -1.0479 0.0, -0.5945 -1.0297 0.0, -0.5829 -1.0319 -0.0009, -0.5787 -1.0155 -0.0009, -0.5677 -1.019 -0.0035, -0.5621 -1.0044 -0.0035, -0.5521 -1.0089 -0.0078, -0.5455 -0.9962 -0.0078, -0.5366 -1.0015 -0.0137, -0.5293 -0.9906 -0.0137, -0.5219 -0.9963 -0.021, -0.514 -0.9872 -0.021, -0.5082 -0.9929 -0.0296, -0.5 -0.9854 -0.0296, -0.59 -1.0119 0.0, -0.5727 -0.9997 -0.0009, -0.5549 -0.9906 -0.0035, -0.5374 -0.9844 -0.0078, -0.5207 -0.9807 -0.0137, -0.5051 -0.9791 -0.021, -0.491 -0.9789 -0.0296, -0.5835 -0.9948 0.0, -0.5649 -0.9846 -0.0009, -0.5462 -0.9777 -0.0035, -0.5281 -0.9735 -0.0078, -0.511 -0.9719 -0.0137, -0.4954 -0.972 -0.021, -0.4813 -0.9735 -0.0296, -0.4784 -0.9796 -0.0394, -0.4736 -0.9776 -0.0394, -0.575 -0.9786 0.0, -0.5647 -0.9634 0.0, -0.5554 -0.9706 -0.0009, -0.5443 -0.9578 -0.0009, -0.536 -0.9659 -0.0035, -0.5245 -0.9553 -0.0035, -0.5175 -0.9639 -0.0078, -0.5059 -0.9555 -0.0078, -0.5004 -0.9642 -0.0137, -0.4889 -0.9578 -0.0137, -0.4849 -0.9662 -0.021, -0.4738 -0.9616 -0.021, -0.4711 -0.9692 -0.0296, -0.4604 -0.9662 -0.0296, -0.5528 -0.9496 0.0, -0.5318 -0.9464 -0.0009, -0.5119 -0.9462 -0.0035, -0.4934 -0.9485 -0.0078, -0.4768 -0.9528 -0.0137, -0.4622 -0.9583 -0.021, -0.4495 -0.9644 -0.0296, -0.5393 -0.9372 0.0, -0.5181 -0.9364 -0.0009, -0.4982 -0.9386 -0.0035, -0.4802 -0.943 -0.0078, -0.4642 -0.9492 -0.0137, -0.4503 -0.9564 -0.021, -0.4384 -0.9639 -0.0296, -0.4385 -0.9707 -0.0394, -0.4348 -0.971 -0.0394, -0.5244 -0.9265 0.0, -0.5084 -0.9175 0.0, -0.5033 -0.9282 -0.0009, -0.4876 -0.9217 -0.0009, -0.4838 -0.9326 -0.0035, -0.4688 -0.9284 -0.0035, -0.4664 -0.9391 -0.0078, -0.4523 -0.9369 -0.0078, -0.4513 -0.9471 -0.0137, -0.4382 -0.9465 -0.0137, -0.4383 -0.9558 -0.021, -0.4263 -0.9567 -0.021, -0.4274 -0.9648 -0.0296, -0.4165 -0.9668 -0.0296, -0.4915 -0.9105 0.0, -0.4713 -0.9171 -0.0009, -0.4534 -0.9259 -0.0035, -0.438 -0.9362 -0.0078, -0.4251 -0.9475 -0.0137, -0.4145 -0.959 -0.021, -0.4059 -0.9702 -0.0296, -0.4739 -0.9055 0.0, -0.4546 -0.9144 -0.0009, -0.4379 -0.9252 -0.0035, -0.4237 -0.9373 -0.0078, -0.4122 -0.9499 -0.0137, -0.403 -0.9626 -0.021, -0.3958 -0.9747 -0.0296, -0.3989 -0.9807 -0.0394, -0.397 -0.9818 -0.0394, -0.4558 -0.9026 0.0, -0.4375 -0.9018 0.0, -0.4377 -0.9136 -0.0009, -0.4208 -0.9149 -0.0009, -0.4223 -0.9263 -0.0035, -0.407 -0.9292 -0.0035, -0.4097 -0.94 -0.0078, -0.396 -0.9443 -0.0078, -0.3997 -0.9539 -0.0137, -0.3877 -0.9592 -0.0137, -0.392 -0.9675 -0.021, -0.3817 -0.9737 -0.021, -0.3863 -0.9804 -0.0296, -0.3775 -0.9871 -0.0296, -0.4193 -0.9031 0.0, -0.4042 -0.918 -0.0009, -0.3921 -0.9339 -0.0035, -0.383 -0.9501 -0.0078, -0.3765 -0.966 -0.0137, -0.3722 -0.981 -0.021, -0.3695 -0.9949 -0.0296, -0.4013 -0.9066 0.0, -0.388 -0.9231 -0.0009, -0.3779 -0.9403 -0.0035, -0.3707 -0.9574 -0.0078, -0.3661 -0.9739 -0.0137, -0.3635 -0.9894 -0.021, -0.3625 -1.0035 -0.0296, -0.368 -1.0074 -0.0394, -0.3676 -1.008 -0.0394, -0.5688 -1.0959 -0.0035, -0.5582 -1.0929 -0.0078, -0.5483 -1.0901 -0.0137, -0.5393 -1.0875 -0.021, -0.5315 -1.0853 -0.0296, -0.525 -1.0835 -0.0394, -0.5271 -1.0741 -0.0394, -0.5281 -1.0529 -0.0394, -0.5282 -1.0543 -0.0394, -0.5283 -1.0632 -0.0394, -0.5272 -1.0734 -0.0394, -0.5159 -1.0139 -0.0394, -0.5172 -1.0165 -0.0394, -0.5206 -1.023 -0.0394, -0.5243 -1.0327 -0.0394, -0.4874 -0.9846 -0.0394, -0.491 -0.9872 -0.0394, -0.4957 -0.9906 -0.0394, -0.5033 -0.9976 -0.0394, -0.4488 -0.9712 -0.0394, -0.4546 -0.9721 -0.0394, -0.459 -0.9728 -0.0394, -0.4689 -0.9756 -0.0394, -0.4083 -0.9765 -0.0394, -0.4153 -0.9743 -0.0394, -0.4181 -0.9734 -0.0394, -0.4282 -0.9714 -0.0394, -0.3745 -0.9994 -0.0394, -0.3808 -0.9933 -0.0394, -0.3819 -0.9922 -0.0394, -0.3901 -0.986 -0.0394, -0.3624 -1.0161 -0.0394, -0.3617 -1.0175 0.5984, -0.3661 -1.0101 0.5984, -0.3676 -1.0081 0.5984, -0.3713 -1.0031 0.5984, -0.3772 -0.9966 0.5984, -0.3808 -0.9933 0.5984, -0.3836 -0.9908 0.5984, -0.3906 -0.9856 0.5984, -0.397 -0.9818 0.5984, -0.398 -0.9811 0.5984, -0.4059 -0.9774 0.5984, -0.4141 -0.9745 0.5984, -0.4153 -0.9742 0.5984, -0.4225 -0.9724 0.5984, -0.4311 -0.9711 0.5984, -0.4348 -0.9709 0.5984, -0.4398 -0.9707 0.5984, -0.4485 -0.9711 0.5984, -0.4546 -0.972 0.5984, -0.4571 -0.9724 0.5984, -0.4655 -0.9745 0.5984, -0.4737 -0.9774 0.5984, -0.4816 -0.9812 0.5984, -0.489 -0.9856 0.5984, -0.491 -0.9871 0.5984, -0.496 -0.9908 0.5984, -0.5024 -0.9966 0.5984, -0.5058 -1.0003 0.5984, -0.5083 -1.0031 0.5984, -0.5135 -1.0101 0.5984, -0.5173 -1.0165 0.5984, -0.5179 -1.0175 0.5984, -0.5216 -1.0254 0.5984, -0.5246 -1.0336 0.5984, -0.5249 -1.0348 0.5984, -0.5267 -1.042 0.5984, -0.5279 -1.0506 0.5984, -0.5281 -1.0543 0.5984, -0.5284 -1.0593 0.5984, -0.5279 -1.068 0.5984, -0.527 -1.0741 0.5984, -0.5246 -1.085 0.5984, -0.5267 -1.0766 0.5984, -0.5873 -0.8958 0.5984, -0.5957 -0.9034 0.5984, -0.5886 -0.9105 0.5897, -0.6574 -1.0256 0.5984, -0.6592 -1.0377 0.5984, -0.6492 -1.0387 0.5897, -0.4301 -0.9611 0.5897, -0.4206 -0.9625 0.5897, -0.4184 -0.9516 0.5825, -0.3528 -1.0128 0.5897, -0.4398 -0.9606 0.5897, -0.459 -0.9625 0.5897, -0.5024 -0.983 0.5897, -0.516 -0.9967 0.5897, -0.5268 -1.0128 0.5897, -0.5365 -1.04 0.5897, -0.5384 -1.0593 0.5897, -0.5365 -1.0785 0.5897, -0.3933 -0.9723 0.5897, -0.3772 -0.983 0.5897, -0.3636 -0.9967 0.5897, -0.5449 -1.0912 0.5825, -0.4044 -0.9426 0.577, -0.4079 -0.9542 0.5825, -0.4112 -0.9649 0.5897, -0.3883 -0.9348 0.5732, -0.3931 -0.9466 0.577, -0.3978 -0.9578 0.5825, -0.4021 -0.9681 0.5897, -0.3701 -0.9289 0.5713, -0.3763 -0.9405 0.5732, -0.3823 -0.9517 0.577, -0.388 -0.9624 0.5825, -0.5813 -1.1022 0.5713, -0.3503 -0.9252 0.5713, -0.3577 -0.9363 0.5713, -0.365 -0.9473 0.5732, -0.3721 -0.9579 0.577, -0.3788 -0.9679 0.5825, -0.385 -0.9773 0.5897, -0.3292 -0.9245 0.5732, -0.3376 -0.9347 0.5713, -0.346 -0.945 0.5713, -0.3543 -0.9551 0.5732, -0.3624 -0.965 0.577, -0.3701 -0.9744 0.5825, -0.3075 -0.9269 0.577, -0.3165 -0.936 0.5732, -0.3258 -0.9453 0.5713, -0.3352 -0.9547 0.5713, -0.3446 -0.964 0.5732, -0.3536 -0.973 0.577, -0.3621 -0.9816 0.5825, -0.3701 -0.9895 0.5897, -0.2858 -0.9329 0.5825, -0.2952 -0.9405 0.577, -0.305 -0.9487 0.5732, -0.3152 -0.957 0.5713, -0.3255 -0.9655 0.5713, -0.3357 -0.9738 0.5732, -0.3455 -0.9819 0.577, -0.3549 -0.9896 0.5825, -0.6352 -1.0982 0.5825, -0.6304 -1.1171 0.5825, -0.6188 -1.1136 0.577, -0.2649 -0.9424 0.5897, -0.2742 -0.9486 0.5825, -0.2842 -0.9553 0.577, -0.2948 -0.9624 0.5732, -0.3058 -0.9697 0.5713, -0.3168 -0.9771 0.5713, -0.3278 -0.9844 0.5732, -0.3384 -0.9915 0.577, -0.3485 -0.9982 0.5825, -0.3578 -1.0045 0.5897, -0.6411 -1.1204 0.5897, -0.6462 -1.1004 0.5897, -0.6492 -1.0799 0.5897, -0.6601 -1.0555 0.5984, -0.6603 -1.0593 0.5984, -0.6502 -1.0593 0.5897, -0.6381 -1.0788 0.5825, -0.6233 -1.0958 0.577, -0.6066 -1.1099 0.5732, -0.6412 -0.9982 0.5897, -0.6462 -1.0183 0.5897, -0.6352 -1.0204 0.5825, -0.6381 -1.0398 0.5825, -0.626 -1.041 0.577, -0.6269 -1.0593 0.577, -0.6141 -1.0593 0.5732, -0.6133 -1.0764 0.5732, -0.6002 -1.0751 0.5713, -0.5979 -1.0907 0.5713, -0.5848 -1.0881 0.5713, -0.5687 -1.0984 0.5732, -0.6403 -0.9681 0.5984, -0.6435 -0.9749 0.5984, -0.6342 -0.9788 0.5897, -0.6304 -1.0015 0.5825, -0.6233 -1.0228 0.577, -0.6133 -1.0422 0.5732, -0.601 -1.0593 0.5713, -0.587 -1.0738 0.5713, -0.5719 -1.0856 0.5732, -0.5565 -1.0947 0.577, -0.6148 -0.9424 0.5897, -0.6254 -0.9601 0.5897, -0.6155 -0.9654 0.5825, -0.6239 -0.9831 0.5825, -0.6127 -0.9877 0.577, -0.6189 -1.005 0.577, -0.6066 -1.0087 0.5732, -0.6108 -1.0253 0.5732, -0.5979 -1.0279 0.5713, -0.6002 -1.0435 0.5713, -0.587 -1.0448 0.5713, -0.5877 -1.0593 0.5713, -0.5745 -1.0593 0.5732, -0.5738 -1.0725 0.5732, -0.5611 -1.0712 0.577, -0.5594 -1.0831 0.577, -0.5475 -1.0807 0.5825, -0.5342 -1.0879 0.5897, -0.5491 -1.0701 0.5825, -0.5617 -1.0593 0.577, -0.5738 -1.0461 0.5732, -0.5848 -1.0304 0.5713, -0.594 -1.0125 0.5713, -0.6009 -0.9926 0.5732, -0.6048 -0.9711 0.577, -0.6055 -0.9486 0.5825, -0.6025 -0.9258 0.5897, -0.6102 -0.9194 0.5984, -0.6083 -0.9173 0.5984, -0.538 -1.0496 0.5897, -0.5491 -1.0485 0.5825, -0.5475 -1.0379 0.5825, -0.5594 -1.0355 0.577, -0.5565 -1.0239 0.577, -0.5687 -1.0202 0.5732, -0.5642 -1.0077 0.5732, -0.5764 -1.0027 0.5713, -0.5702 -0.9896 0.5713, -0.5819 -0.9833 0.5713, -0.5738 -0.9697 0.5713, -0.5848 -0.9624 0.5732, -0.5746 -0.9487 0.5732, -0.5845 -0.9406 0.577, -0.5721 -0.927 0.577, -0.5807 -0.9184 0.5825, -0.5662 -0.9053 0.5825, -0.5733 -0.8966 0.5897, -0.5567 -0.8843 0.5897, -0.5449 -1.0274 0.5825, -0.5525 -1.0126 0.577, -0.5586 -0.9958 0.5732, -0.5628 -0.9771 0.5713, -0.5644 -0.957 0.5713, -0.5631 -0.936 0.5732, -0.5585 -0.9146 0.577, -0.5505 -0.8936 0.5825, -0.539 -0.8737 0.5897, -0.5437 -0.8649 0.5984, -0.5378 -0.862 0.5984, -0.5342 -1.0307 0.5897, -0.5309 -1.0215 0.5897, -0.5413 -1.0173 0.5825, -0.5367 -1.0075 0.5825, -0.5473 -1.0018 0.577, -0.5412 -0.9915 0.577, -0.5518 -0.9845 0.5732, -0.5439 -0.9738 0.5732, -0.5541 -0.9655 0.5713, -0.5444 -0.9547 0.5713, -0.5538 -0.9453 0.5713, -0.5421 -0.9347 0.5713, -0.5504 -0.9245 0.5732, -0.5367 -0.9143 0.5732, -0.5438 -0.9037 0.577, -0.528 -0.8943 0.577, -0.5337 -0.8836 0.5825, -0.5161 -0.8752 0.5825, -0.5203 -0.8649 0.5897, -0.5009 -0.8579 0.5897, -0.5311 -0.9983 0.5825, -0.5341 -0.9819 0.577, -0.5351 -0.964 0.5732, -0.5336 -0.945 0.5713, -0.5294 -0.9253 0.5713, -0.522 -0.9055 0.5732, -0.5114 -0.8864 0.577, -0.4976 -0.8686 0.5825, -0.4809 -0.8529 0.5897, -0.4828 -0.843 0.5984, -0.481 -0.8428 0.5984, -0.5218 -1.0045 0.5897, -0.5247 -0.9896 0.5825, -0.5175 -0.9816 0.5825, -0.526 -0.9731 0.577, -0.5172 -0.965 0.577, -0.5253 -0.9552 0.5732, -0.5146 -0.9473 0.5732, -0.522 -0.9363 0.5713, -0.5095 -0.9289 0.5713, -0.5158 -0.9171 0.5713, -0.5015 -0.9104 0.5713, -0.5065 -0.8982 0.5732, -0.4904 -0.8924 0.5732, -0.4941 -0.8802 0.577, -0.4763 -0.8758 0.577, -0.4787 -0.8639 0.5825, -0.4593 -0.861 0.5825, -0.4604 -0.8499 0.5897, -0.4398 -0.8489 0.5897, -0.5095 -0.9895 0.5897, -0.5095 -0.9744 0.5825, -0.5075 -0.9579 0.577, -0.5033 -0.9405 0.5732, -0.4964 -0.9227 0.5713, -0.4866 -0.905 0.5713, -0.4738 -0.8883 0.5732, -0.4582 -0.8731 0.577, -0.4398 -0.8601 0.5825, -0.4192 -0.8499 0.5897, -0.5008 -0.968 0.5825, -0.4973 -0.9517 0.577, -0.4914 -0.9348 0.5732, -0.4827 -0.9178 0.5713, -0.4713 -0.9012 0.5713, -0.4569 -0.8858 0.5732, -0.4398 -0.8722 0.577, -0.4203 -0.861 0.5825, -0.3988 -0.8529 0.5897, -0.3968 -0.843 0.5984, -0.3913 -0.8444 0.5984, -0.4946 -0.9773 0.5897, -0.4863 -0.9723 0.5897, -0.4916 -0.9624 0.5825, -0.4818 -0.9578 0.5825, -0.4865 -0.9466 0.577, -0.4752 -0.9426 0.577, -0.4789 -0.9304 0.5732, -0.4661 -0.9272 0.5732, -0.4687 -0.9142 0.5713, -0.4543 -0.9121 0.5713, -0.4556 -0.8989 0.5713, -0.4398 -0.8981 0.5713, -0.4398 -0.8849 0.5732, -0.4227 -0.8858 0.5732, -0.4215 -0.8731 0.577, -0.4033 -0.8757 0.577, -0.401 -0.8639 0.5825, -0.382 -0.8686 0.5825, -0.3787 -0.8579 0.5897, -0.3593 -0.8649 0.5897, -0.4776 -0.9682 0.5897, -0.4717 -0.9542 0.5825, -0.4636 -0.9397 0.577, -0.453 -0.9252 0.5732, -0.4398 -0.9114 0.5713, -0.424 -0.8989 0.5713, -0.4058 -0.8883 0.5732, -0.3855 -0.8802 0.577, -0.3636 -0.8752 0.5825, -0.3406 -0.8737 0.5897, -0.3359 -0.8648 0.5984, -0.3351 -0.8653 0.5984, -0.4684 -0.9649 0.5897, -0.4612 -0.9516 0.5825, -0.4506 -0.95 0.5825, -0.4518 -0.9379 0.577, -0.4398 -0.9373 0.577, -0.4398 -0.9246 0.5732, -0.4266 -0.9252 0.5732, -0.4253 -0.9121 0.5713, -0.411 -0.9142 0.5713, -0.4084 -0.9012 0.5713, -0.393 -0.905 0.5713, -0.3892 -0.8924 0.5732, -0.3731 -0.8982 0.5732, -0.3682 -0.8864 0.577, -0.3516 -0.8942 0.577, -0.3459 -0.8836 0.5825, -0.3291 -0.8936 0.5825, -0.3229 -0.8843 0.5897, -0.3063 -0.8966 0.5897, -0.4495 -0.9611 0.5897, -0.4398 -0.9494 0.5825, -0.4279 -0.9379 0.577, -0.4135 -0.9272 0.5732, -0.3969 -0.9178 0.5713, -0.3781 -0.9104 0.5713, -0.3576 -0.9055 0.5732, -0.3359 -0.9037 0.577, -0.3134 -0.9053 0.5825, -0.291 -0.9105 0.5897, -0.429 -0.95 0.5825, -0.416 -0.9397 0.577, -0.4007 -0.9304 0.5732, -0.3832 -0.9227 0.5713, -0.3638 -0.9171 0.5713, -0.3429 -0.9143 0.5732, -0.3211 -0.9146 0.577, -0.2989 -0.9184 0.5825, -0.2772 -0.9258 0.5897, -0.2694 -0.9194 0.5984, -0.2666 -0.9232 0.5984, -0.6508 -1.1233 0.5984, -0.6592 -1.0809 0.5984, -0.6585 -1.0856 0.5984, -0.656 -1.1023 0.5984, -0.6528 -1.1151 0.5984, -0.639 -1.0593 0.5825, -0.626 -1.0776 0.577, -0.6108 -1.0933 0.5732, -0.594 -1.1061 0.5713, -0.6508 -0.9953 0.5984, -0.651 -0.9962 0.5984, -0.656 -1.0163 0.5984, -0.6231 -0.9368 0.5984, -0.626 -0.9417 0.5984, -0.6342 -0.9554 0.5984, -0.5938 -0.9329 0.5825, -0.5954 -0.9553 0.577, -0.5936 -0.9771 0.5732, -0.5887 -0.9976 0.5713, -0.5813 -1.0164 0.5713, -0.5719 -1.033 0.5732, -0.5611 -1.0473 0.577, -0.5496 -1.0593 0.5825, -0.538 -1.069 0.5897, -0.5623 -0.876 0.5984, -0.5638 -0.8771 0.5984, -0.5797 -0.8889 0.5984, -0.5038 -0.8483 0.5984, -0.51 -0.8505 0.5984, -0.5242 -0.8556 0.5984, -0.4614 -0.8399 0.5984, -0.4182 -0.8399 0.5984, -0.421 -0.8397 0.5984, -0.4398 -0.8388 0.5984, -0.4511 -0.8394 0.5984, -0.3554 -0.8556 0.5984, -0.3625 -0.853 0.5984, -0.3758 -0.8483 0.5984, -0.3173 -0.8759 0.5984, -0.2839 -0.9034 0.5984, -0.2867 -0.9008 0.5984, -0.2999 -0.8888 0.5984, -0.3098 -0.8815 0.5984, -0.2565 -0.9368 0.5984, -0.2542 -0.9601 0.5897, -0.2454 -0.9553 0.5984, -0.2497 -0.9481 0.5984, -0.3429 -1.0075 0.5825, -0.3323 -1.0018 0.577, -0.321 -0.9958 0.5732, -0.3094 -0.9896 0.5713, -0.2977 -0.9833 0.5713, -0.286 -0.9771 0.5732, -0.2748 -0.971 0.577, -0.2641 -0.9653 0.5825, -0.6435 -1.1437 0.0, -0.6531 -1.1152 0.0, -0.6587 -1.0856 0.0, -0.6602 -1.0555 0.0, -0.6577 -1.0256 0.0, -0.651 -0.9962 0.0, -0.6405 -0.968 0.0, -0.6262 -0.9415 0.0, -0.6084 -0.9173 0.0, -0.5875 -0.8956 0.0, -0.5639 -0.877 0.0, -0.5379 -0.8618 0.0, -0.5101 -0.8503 0.0, -0.481 -0.8427 0.0, -0.4511 -0.8391 0.0, -0.421 -0.8396 0.0, -0.3913 -0.8442 0.0, -0.3625 -0.8528 0.0, -0.3351 -0.8653 0.0, -0.3096 -0.8813 0.0, -0.2866 -0.9007 0.0, -0.2664 -0.9231 0.0, -0.2495 -0.9479 0.0, -0.2361 -0.9749 0.0, -0.2265 -1.0034 0.0, -0.2209 -1.033 0.0, -0.2193 -1.063 0.0, -0.2219 -1.093 0.0, -0.2285 -1.1223 0.0, -0.2391 -1.1505 0.0, -0.2534 -1.177 0.0, -0.2711 -1.2013 0.0, -0.2921 -1.2229 0.0, -0.3157 -1.2415 0.0, -0.3417 -1.2567 0.0, -0.3695 -1.2682 0.0, -0.3986 -1.2759 0.0, -0.4285 -1.2795 0.0, -0.4586 -1.2789 0.0, -0.4883 -1.2743 0.0, -0.5171 -1.2657 0.0, -0.5445 -1.2533 0.0, -0.57 -1.2372 0.0, -0.593 -1.2178 0.0, -0.6131 -1.1955 0.0, -0.6301 -1.1706 0.0
            ]
        }
        coordIndex [
            0,1,2,-1,3,4,5,-1,6,7,8,-1,9,10,11,-1,12,9,13,-1,14,15,6,-1,16,17,18,-1,19,20,21,-1,22,23,24,-1,25,26,27,-1,28,29,30,-1,31,32,33,-1,34,35,36,-1,37,38,39,-1,6,15,7,-1,7,15,40,-1,7,40,41,-1,42,43,44,-1,45,46,47,-1,48,49,50,-1,51,52,53,-1,54,8,55,-1,55,8,7,-1,55,7,56,-1,56,7,41,-1,56,41,57,-1,58,54,59,-1,59,54,55,-1,59,55,60,-1,60,55,56,-1,60,56,61,-1,61,56,57,-1,61,57,62,-1,63,58,64,-1,64,58,59,-1,64,59,65,-1,65,59,60,-1,65,60,66,-1,66,60,61,-1,66,61,42,-1,42,61,62,-1,42,62,43,-1,67,68,69,-1,70,63,71,-1,71,63,64,-1,71,64,72,-1,72,64,65,-1,72,65,73,-1,73,65,66,-1,73,66,74,-1,74,66,42,-1,74,42,75,-1,75,42,44,-1,75,44,76,-1,77,70,78,-1,78,70,71,-1,78,71,79,-1,79,71,72,-1,79,72,80,-1,80,72,73,-1,80,73,81,-1,81,73,74,-1,81,74,82,-1,82,74,75,-1,82,75,45,-1,45,75,76,-1,45,76,46,-1,83,77,84,-1,84,77,78,-1,84,78,85,-1,85,78,79,-1,85,79,86,-1,86,79,80,-1,86,80,87,-1,87,80,81,-1,87,81,88,-1,88,81,82,-1,88,82,89,-1,89,82,45,-1,89,45,90,-1,90,45,47,-1,90,47,91,-1,92,83,93,-1,93,83,84,-1,93,84,94,-1,94,84,85,-1,94,85,95,-1,95,85,86,-1,95,86,96,-1,96,86,87,-1,96,87,97,-1,97,87,88,-1,97,88,98,-1,98,88,89,-1,98,89,99,-1,99,89,90,-1,99,90,48,-1,48,90,91,-1,48,91,49,-1,100,101,102,-1,103,92,104,-1,104,92,93,-1,104,93,105,-1,105,93,94,-1,105,94,106,-1,106,94,95,-1,106,95,107,-1,107,95,96,-1,107,96,108,-1,108,96,97,-1,108,97,109,-1,109,97,98,-1,109,98,110,-1,110,98,99,-1,110,99,111,-1,111,99,48,-1,111,48,112,-1,112,48,50,-1,112,50,12,-1,113,101,114,-1,114,101,100,-1,114,100,115,-1,116,117,118,-1,118,117,115,-1,118,115,119,-1,119,115,100,-1,119,100,120,-1,120,100,102,-1,120,102,121,-1,122,123,124,-1,124,123,125,-1,124,125,126,-1,126,125,127,-1,126,127,128,-1,128,127,129,-1,128,129,130,-1,130,129,131,-1,130,131,132,-1,132,131,67,-1,132,67,133,-1,133,67,69,-1,133,69,134,-1,135,136,137,-1,137,136,122,-1,137,122,138,-1,138,122,124,-1,138,124,139,-1,139,124,126,-1,139,126,140,-1,140,126,128,-1,140,128,141,-1,141,128,130,-1,141,130,142,-1,142,130,132,-1,142,132,143,-1,143,132,133,-1,143,133,144,-1,144,133,134,-1,144,134,52,-1,145,146,147,-1,147,146,148,-1,147,148,149,-1,149,148,150,-1,149,150,151,-1,151,150,152,-1,151,152,153,-1,153,152,154,-1,153,154,155,-1,155,154,156,-1,155,156,157,-1,157,156,158,-1,157,158,159,-1,159,158,160,-1,159,160,161,-1,161,160,51,-1,161,51,162,-1,162,51,53,-1,162,53,163,-1,163,37,162,-1,162,37,39,-1,162,39,161,-1,161,39,164,-1,161,164,159,-1,159,164,165,-1,159,165,157,-1,157,165,166,-1,157,166,155,-1,155,166,167,-1,155,167,153,-1,153,167,168,-1,153,168,151,-1,151,168,169,-1,151,169,149,-1,149,169,170,-1,149,170,147,-1,147,170,171,-1,147,171,145,-1,145,171,172,-1,145,172,173,-1,173,172,174,-1,35,175,36,-1,36,175,176,-1,36,176,177,-1,177,176,178,-1,177,178,179,-1,179,178,180,-1,179,180,181,-1,181,180,182,-1,181,182,183,-1,183,182,184,-1,183,184,185,-1,185,184,186,-1,185,186,187,-1,187,186,188,-1,187,188,189,-1,189,188,190,-1,189,190,191,-1,191,190,192,-1,191,192,193,-1,193,192,194,-1,175,31,176,-1,176,31,33,-1,176,33,178,-1,178,33,195,-1,178,195,180,-1,180,195,196,-1,180,196,182,-1,182,196,197,-1,182,197,184,-1,184,197,198,-1,184,198,186,-1,186,198,199,-1,186,199,188,-1,188,199,200,-1,188,200,190,-1,190,200,201,-1,190,201,192,-1,192,201,202,-1,192,202,194,-1,194,202,203,-1,194,203,204,-1,204,203,205,-1,206,207,208,-1,208,207,209,-1,208,209,210,-1,210,209,211,-1,210,211,212,-1,212,211,213,-1,212,213,214,-1,214,213,215,-1,214,215,216,-1,216,215,217,-1,216,217,218,-1,218,217,219,-1,218,219,220,-1,220,219,221,-1,220,221,222,-1,222,221,223,-1,222,223,224,-1,224,223,225,-1,224,225,226,-1,226,225,227,-1,207,28,209,-1,209,28,30,-1,209,30,211,-1,211,30,228,-1,211,228,213,-1,213,228,229,-1,213,229,215,-1,215,229,230,-1,215,230,217,-1,217,230,231,-1,217,231,219,-1,219,231,232,-1,219,232,221,-1,221,232,233,-1,221,233,223,-1,223,233,234,-1,223,234,225,-1,225,234,235,-1,225,235,227,-1,227,235,236,-1,227,236,237,-1,237,236,238,-1,239,25,240,-1,240,25,27,-1,240,27,241,-1,241,27,242,-1,241,242,243,-1,243,242,244,-1,243,244,245,-1,245,244,246,-1,245,246,247,-1,247,246,248,-1,247,248,249,-1,249,248,250,-1,249,250,251,-1,251,250,252,-1,251,252,253,-1,253,252,254,-1,253,254,255,-1,255,254,256,-1,255,256,257,-1,257,256,258,-1,26,259,27,-1,27,259,260,-1,27,260,242,-1,242,260,261,-1,242,261,244,-1,244,261,262,-1,244,262,246,-1,246,262,263,-1,246,263,248,-1,248,263,264,-1,248,264,250,-1,250,264,265,-1,250,265,252,-1,252,265,266,-1,252,266,254,-1,254,266,267,-1,254,267,256,-1,256,267,268,-1,256,268,258,-1,258,268,269,-1,259,22,260,-1,260,22,24,-1,260,24,261,-1,261,24,270,-1,261,270,262,-1,262,270,271,-1,262,271,263,-1,263,271,272,-1,263,272,264,-1,264,272,273,-1,264,273,265,-1,265,273,274,-1,265,274,266,-1,266,274,275,-1,266,275,267,-1,267,275,276,-1,267,276,268,-1,268,276,277,-1,268,277,269,-1,269,277,278,-1,269,278,279,-1,279,278,280,-1,281,282,283,-1,283,282,284,-1,283,284,285,-1,285,284,286,-1,285,286,287,-1,287,286,288,-1,287,288,289,-1,289,288,290,-1,289,290,291,-1,291,290,292,-1,291,292,293,-1,293,292,294,-1,293,294,295,-1,295,294,296,-1,295,296,297,-1,297,296,298,-1,297,298,299,-1,299,298,300,-1,299,300,301,-1,301,300,302,-1,282,303,284,-1,284,303,304,-1,284,304,286,-1,286,304,305,-1,286,305,288,-1,288,305,306,-1,288,306,290,-1,290,306,307,-1,290,307,292,-1,292,307,308,-1,292,308,294,-1,294,308,309,-1,294,309,296,-1,296,309,310,-1,296,310,298,-1,298,310,311,-1,298,311,300,-1,300,311,312,-1,300,312,302,-1,302,312,313,-1,302,313,314,-1,314,313,315,-1,316,19,317,-1,317,19,21,-1,317,21,318,-1,318,21,319,-1,318,319,320,-1,320,319,321,-1,320,321,322,-1,322,321,323,-1,322,323,324,-1,324,323,325,-1,324,325,326,-1,326,325,327,-1,326,327,328,-1,328,327,329,-1,328,329,330,-1,330,329,331,-1,330,331,332,-1,332,331,333,-1,332,333,334,-1,334,333,335,-1,20,336,21,-1,21,336,337,-1,21,337,319,-1,319,337,338,-1,319,338,321,-1,321,338,339,-1,321,339,323,-1,323,339,340,-1,323,340,325,-1,325,340,341,-1,325,341,327,-1,327,341,342,-1,327,342,329,-1,329,342,343,-1,329,343,331,-1,331,343,344,-1,331,344,333,-1,333,344,345,-1,333,345,335,-1,335,345,346,-1,336,16,337,-1,337,16,18,-1,337,18,338,-1,338,18,347,-1,338,347,339,-1,339,347,348,-1,339,348,340,-1,340,348,349,-1,340,349,341,-1,341,349,350,-1,341,350,342,-1,342,350,351,-1,342,351,343,-1,343,351,352,-1,343,352,344,-1,344,352,353,-1,344,353,345,-1,345,353,354,-1,345,354,346,-1,346,354,355,-1,346,355,356,-1,356,355,357,-1,358,121,359,-1,359,121,102,-1,359,102,360,-1,360,102,101,-1,360,101,361,-1,361,101,113,-1,361,113,362,-1,362,113,363,-1,362,363,364,-1,117,365,115,-1,115,365,366,-1,115,366,114,-1,114,366,367,-1,114,367,113,-1,113,367,368,-1,113,368,363,-1,4,116,5,-1,5,116,118,-1,5,118,369,-1,369,118,119,-1,369,119,370,-1,370,119,120,-1,370,120,371,-1,371,120,121,-1,371,121,372,-1,372,121,358,-1,372,358,68,-1,68,67,372,-1,372,67,131,-1,372,131,371,-1,371,131,129,-1,371,129,370,-1,370,129,127,-1,370,127,369,-1,369,127,125,-1,369,125,5,-1,5,125,123,-1,5,123,3,-1,136,373,122,-1,122,373,374,-1,122,374,123,-1,123,374,375,-1,123,375,3,-1,52,51,144,-1,144,51,160,-1,144,160,143,-1,143,160,158,-1,143,158,142,-1,142,158,156,-1,142,156,141,-1,141,156,154,-1,141,154,140,-1,140,154,152,-1,140,152,139,-1,139,152,150,-1,139,150,138,-1,138,150,148,-1,138,148,137,-1,137,148,146,-1,137,146,135,-1,173,376,145,-1,145,376,377,-1,145,377,146,-1,146,377,378,-1,146,378,135,-1,1,174,2,-1,2,174,172,-1,2,172,379,-1,379,172,171,-1,379,171,380,-1,380,171,170,-1,380,170,381,-1,381,170,169,-1,381,169,382,-1,382,169,168,-1,382,168,383,-1,383,168,167,-1,383,167,384,-1,384,167,166,-1,384,166,385,-1,385,166,165,-1,385,165,386,-1,386,165,164,-1,386,164,387,-1,387,164,39,-1,387,39,388,-1,388,39,38,-1,388,34,387,-1,387,34,36,-1,387,36,386,-1,386,36,177,-1,386,177,385,-1,385,177,179,-1,385,179,384,-1,384,179,181,-1,384,181,383,-1,383,181,183,-1,383,183,382,-1,382,183,185,-1,382,185,381,-1,381,185,187,-1,381,187,380,-1,380,187,189,-1,380,189,379,-1,379,189,191,-1,379,191,2,-1,2,191,193,-1,2,193,0,-1,204,389,194,-1,194,389,390,-1,194,390,193,-1,193,390,391,-1,193,391,0,-1,32,206,33,-1,33,206,208,-1,33,208,195,-1,195,208,210,-1,195,210,196,-1,196,210,212,-1,196,212,197,-1,197,212,214,-1,197,214,198,-1,198,214,216,-1,198,216,199,-1,199,216,218,-1,199,218,200,-1,200,218,220,-1,200,220,201,-1,201,220,222,-1,201,222,202,-1,202,222,224,-1,202,224,203,-1,203,224,226,-1,203,226,205,-1,237,392,227,-1,227,392,393,-1,227,393,226,-1,226,393,394,-1,226,394,205,-1,395,238,257,-1,257,238,236,-1,257,236,255,-1,255,236,235,-1,255,235,253,-1,253,235,234,-1,253,234,251,-1,251,234,233,-1,251,233,249,-1,249,233,232,-1,249,232,247,-1,247,232,231,-1,247,231,245,-1,245,231,230,-1,245,230,243,-1,243,230,229,-1,243,229,241,-1,241,229,228,-1,241,228,240,-1,240,228,30,-1,240,30,239,-1,239,30,29,-1,279,396,269,-1,269,396,397,-1,269,397,258,-1,258,397,398,-1,258,398,257,-1,257,398,399,-1,257,399,395,-1,23,281,24,-1,24,281,283,-1,24,283,270,-1,270,283,285,-1,270,285,271,-1,271,285,287,-1,271,287,272,-1,272,287,289,-1,272,289,273,-1,273,289,291,-1,273,291,274,-1,274,291,293,-1,274,293,275,-1,275,293,295,-1,275,295,276,-1,276,295,297,-1,276,297,277,-1,277,297,299,-1,277,299,278,-1,278,299,301,-1,278,301,280,-1,314,400,302,-1,302,400,401,-1,302,401,301,-1,301,401,402,-1,301,402,280,-1,403,315,334,-1,334,315,313,-1,334,313,332,-1,332,313,312,-1,332,312,330,-1,330,312,311,-1,330,311,328,-1,328,311,310,-1,328,310,326,-1,326,310,309,-1,326,309,324,-1,324,309,308,-1,324,308,322,-1,322,308,307,-1,322,307,320,-1,320,307,306,-1,320,306,318,-1,318,306,305,-1,318,305,317,-1,317,305,304,-1,317,304,316,-1,316,304,303,-1,356,404,346,-1,346,404,405,-1,346,405,335,-1,335,405,406,-1,335,406,334,-1,334,406,407,-1,334,407,403,-1,408,357,103,-1,103,357,355,-1,103,355,92,-1,92,355,354,-1,92,354,83,-1,83,354,353,-1,83,353,77,-1,77,353,352,-1,77,352,70,-1,70,352,351,-1,70,351,63,-1,63,351,350,-1,63,350,58,-1,58,350,349,-1,58,349,54,-1,54,349,348,-1,54,348,8,-1,8,348,347,-1,8,347,6,-1,6,347,18,-1,6,18,14,-1,14,18,17,-1,409,410,411,-1,12,13,112,-1,112,13,412,-1,112,412,111,-1,111,412,413,-1,111,413,110,-1,110,413,414,-1,110,414,109,-1,109,414,415,-1,109,415,108,-1,108,415,416,-1,108,416,107,-1,107,416,417,-1,107,417,106,-1,106,417,418,-1,106,418,105,-1,105,418,419,-1,105,419,104,-1,104,419,409,-1,104,409,103,-1,103,409,411,-1,103,411,408,-1,9,11,13,-1,13,11,420,-1,13,420,412,-1,412,420,421,-1,412,421,413,-1,413,421,422,-1,413,422,414,-1,414,422,423,-1,414,423,415,-1,415,423,424,-1,415,424,416,-1,416,424,425,-1,416,425,417,-1,417,425,426,-1,417,426,418,-1,418,426,427,-1,418,427,419,-1,419,427,428,-1,419,428,409,-1,409,428,429,-1,409,429,410,-1,430,431,10,-1,10,9,430,-1,430,9,12,-1,430,12,432,-1,432,12,50,-1,432,50,433,-1,433,50,49,-1,433,49,434,-1,434,49,91,-1,434,91,435,-1,435,91,47,-1,435,47,436,-1,436,47,46,-1,436,46,437,-1,437,46,76,-1,437,76,438,-1,438,76,44,-1,438,44,439,-1,439,44,43,-1,439,43,440,-1,43,62,440,-1,440,62,57,-1,440,57,441,-1,441,57,41,-1,441,41,442,-1,442,41,40,-1,442,40,443,-1,443,40,15,-1,443,15,444,-1,444,15,14,-1,444,14,445,-1,445,14,17,-1,445,17,446,-1,446,17,16,-1,446,16,447,-1,447,16,336,-1,447,336,448,-1,448,336,20,-1,448,20,449,-1,449,20,19,-1,449,19,450,-1,450,19,316,-1,450,316,451,-1,451,316,303,-1,451,303,452,-1,452,303,282,-1,452,282,453,-1,453,282,281,-1,453,281,454,-1,454,281,23,-1,454,23,455,-1,455,23,22,-1,455,22,456,-1,456,22,259,-1,456,259,457,-1,457,259,458,-1,259,26,458,-1,458,26,25,-1,458,25,459,-1,459,25,239,-1,459,239,460,-1,460,239,29,-1,28,461,29,-1,29,461,462,-1,29,462,460,-1,206,32,463,-1,463,32,31,-1,463,31,464,-1,28,207,461,-1,461,207,206,-1,461,206,465,-1,465,206,463,-1,31,175,464,-1,464,175,35,-1,464,35,466,-1,466,35,34,-1,466,34,467,-1,163,468,37,-1,37,468,469,-1,467,34,470,-1,470,34,388,-1,470,388,469,-1,469,388,38,-1,469,38,37,-1,471,472,473,-1,474,475,476,-1,477,478,479,-1,480,472,481,-1,481,472,471,-1,481,471,482,-1,483,473,484,-1,484,473,472,-1,484,472,485,-1,485,472,480,-1,485,480,486,-1,487,483,488,-1,488,483,484,-1,488,484,489,-1,489,484,485,-1,489,485,490,-1,490,485,486,-1,490,486,491,-1,492,487,493,-1,493,487,488,-1,493,488,494,-1,494,488,489,-1,494,489,495,-1,495,489,490,-1,495,490,496,-1,496,490,491,-1,496,491,497,-1,498,499,500,-1,501,492,502,-1,502,492,493,-1,502,493,503,-1,503,493,494,-1,503,494,504,-1,504,494,495,-1,504,495,505,-1,505,495,496,-1,505,496,506,-1,506,496,497,-1,506,497,474,-1,507,499,508,-1,508,499,498,-1,508,498,509,-1,461,465,510,-1,510,465,509,-1,510,509,511,-1,511,509,498,-1,511,498,512,-1,512,498,500,-1,512,500,513,-1,479,514,477,-1,477,514,515,-1,477,515,516,-1,516,515,517,-1,516,517,518,-1,518,517,519,-1,518,519,520,-1,520,519,521,-1,520,521,522,-1,522,521,523,-1,522,523,524,-1,524,523,525,-1,514,526,515,-1,515,526,527,-1,515,527,517,-1,517,527,528,-1,517,528,519,-1,519,528,529,-1,519,529,521,-1,521,529,530,-1,521,530,523,-1,523,530,531,-1,523,531,525,-1,525,531,532,-1,526,533,527,-1,527,533,534,-1,527,534,528,-1,528,534,535,-1,528,535,529,-1,529,535,536,-1,529,536,530,-1,530,536,537,-1,530,537,531,-1,531,537,538,-1,531,538,532,-1,532,538,539,-1,532,539,457,-1,457,539,456,-1,540,541,542,-1,542,541,543,-1,542,543,544,-1,544,543,545,-1,544,545,546,-1,546,545,547,-1,546,547,548,-1,548,547,549,-1,548,549,550,-1,550,549,551,-1,550,551,552,-1,552,551,553,-1,541,554,543,-1,543,554,555,-1,543,555,545,-1,545,555,556,-1,545,556,547,-1,547,556,557,-1,547,557,549,-1,549,557,558,-1,549,558,551,-1,551,558,559,-1,551,559,553,-1,553,559,560,-1,554,561,555,-1,555,561,562,-1,555,562,556,-1,556,562,563,-1,556,563,557,-1,557,563,564,-1,557,564,558,-1,558,564,565,-1,558,565,559,-1,559,565,566,-1,559,566,560,-1,560,566,567,-1,560,567,451,-1,451,567,450,-1,568,569,570,-1,570,569,571,-1,570,571,572,-1,572,571,573,-1,572,573,574,-1,574,573,575,-1,574,575,576,-1,576,575,577,-1,576,577,578,-1,578,577,579,-1,578,579,580,-1,580,579,581,-1,569,582,571,-1,571,582,583,-1,571,583,573,-1,573,583,584,-1,573,584,575,-1,575,584,585,-1,575,585,577,-1,577,585,586,-1,577,586,579,-1,579,586,587,-1,579,587,581,-1,581,587,588,-1,582,589,583,-1,583,589,590,-1,583,590,584,-1,584,590,591,-1,584,591,585,-1,585,591,592,-1,585,592,586,-1,586,592,593,-1,586,593,587,-1,587,593,594,-1,587,594,588,-1,588,594,595,-1,588,595,445,-1,445,595,444,-1,596,597,598,-1,598,597,599,-1,598,599,600,-1,600,599,601,-1,600,601,602,-1,602,601,603,-1,602,603,604,-1,604,603,605,-1,604,605,606,-1,606,605,607,-1,606,607,608,-1,608,607,609,-1,597,610,599,-1,599,610,611,-1,599,611,601,-1,601,611,612,-1,601,612,603,-1,603,612,613,-1,603,613,605,-1,605,613,614,-1,605,614,607,-1,607,614,615,-1,607,615,609,-1,609,615,616,-1,610,617,611,-1,611,617,618,-1,611,618,612,-1,612,618,619,-1,612,619,613,-1,613,619,620,-1,613,620,614,-1,614,620,621,-1,614,621,615,-1,615,621,622,-1,615,622,616,-1,616,622,623,-1,616,623,439,-1,439,623,438,-1,624,625,626,-1,626,625,627,-1,626,627,628,-1,628,627,629,-1,628,629,630,-1,630,629,631,-1,630,631,632,-1,632,631,633,-1,632,633,634,-1,634,633,635,-1,634,635,636,-1,636,635,637,-1,625,638,627,-1,627,638,639,-1,627,639,629,-1,629,639,640,-1,629,640,631,-1,631,640,641,-1,631,641,633,-1,633,641,642,-1,633,642,635,-1,635,642,643,-1,635,643,637,-1,637,643,644,-1,638,645,639,-1,639,645,646,-1,639,646,640,-1,640,646,647,-1,640,647,641,-1,641,647,648,-1,641,648,642,-1,642,648,649,-1,642,649,643,-1,643,649,650,-1,643,650,644,-1,644,650,651,-1,644,651,433,-1,433,651,432,-1,478,652,653,-1,653,652,654,-1,653,654,655,-1,655,654,656,-1,655,656,657,-1,657,656,658,-1,657,658,659,-1,659,658,660,-1,659,660,661,-1,661,660,469,-1,661,469,468,-1,652,513,654,-1,654,513,500,-1,654,500,656,-1,656,500,499,-1,656,499,658,-1,658,499,507,-1,658,507,660,-1,660,507,470,-1,660,470,469,-1,465,463,509,-1,509,463,464,-1,509,464,508,-1,508,464,466,-1,508,466,507,-1,507,466,467,-1,507,467,470,-1,478,477,652,-1,652,477,516,-1,652,516,513,-1,513,516,518,-1,513,518,512,-1,512,518,520,-1,512,520,511,-1,511,520,522,-1,511,522,510,-1,510,522,524,-1,510,524,461,-1,457,458,532,-1,532,458,459,-1,532,459,525,-1,525,459,460,-1,525,460,524,-1,524,460,462,-1,524,462,461,-1,533,540,534,-1,534,540,542,-1,534,542,535,-1,535,542,544,-1,535,544,536,-1,536,544,546,-1,536,546,537,-1,537,546,548,-1,537,548,538,-1,538,548,550,-1,538,550,539,-1,539,550,552,-1,539,552,456,-1,451,452,560,-1,560,452,453,-1,560,453,553,-1,553,453,454,-1,553,454,552,-1,552,454,455,-1,552,455,456,-1,561,568,562,-1,562,568,570,-1,562,570,563,-1,563,570,572,-1,563,572,564,-1,564,572,574,-1,564,574,565,-1,565,574,576,-1,565,576,566,-1,566,576,578,-1,566,578,567,-1,567,578,580,-1,567,580,450,-1,445,446,588,-1,588,446,447,-1,588,447,581,-1,581,447,448,-1,581,448,580,-1,580,448,449,-1,580,449,450,-1,589,596,590,-1,590,596,598,-1,590,598,591,-1,591,598,600,-1,591,600,592,-1,592,600,602,-1,592,602,593,-1,593,602,604,-1,593,604,594,-1,594,604,606,-1,594,606,595,-1,595,606,608,-1,595,608,444,-1,439,440,616,-1,616,440,441,-1,616,441,609,-1,609,441,442,-1,609,442,608,-1,608,442,443,-1,608,443,444,-1,617,624,618,-1,618,624,626,-1,618,626,619,-1,619,626,628,-1,619,628,620,-1,620,628,630,-1,620,630,621,-1,621,630,632,-1,621,632,622,-1,622,632,634,-1,622,634,623,-1,623,634,636,-1,623,636,438,-1,433,434,644,-1,644,434,435,-1,644,435,637,-1,637,435,436,-1,637,436,636,-1,636,436,437,-1,636,437,438,-1,430,432,501,-1,501,432,651,-1,501,651,492,-1,492,651,650,-1,492,650,487,-1,487,650,649,-1,487,649,483,-1,483,649,648,-1,483,648,473,-1,473,648,647,-1,473,647,471,-1,471,647,646,-1,471,646,482,-1,482,646,645,-1,474,476,506,-1,506,476,662,-1,506,662,505,-1,505,662,663,-1,505,663,504,-1,504,663,664,-1,504,664,503,-1,503,664,665,-1,503,665,502,-1,502,665,666,-1,502,666,501,-1,501,666,431,-1,501,431,430,-1,667,668,669,-1,670,479,478,-1,671,476,475,-1,672,668,673,-1,673,668,667,-1,673,667,674,-1,675,669,676,-1,676,669,668,-1,676,668,677,-1,677,668,672,-1,677,672,678,-1,679,675,680,-1,680,675,676,-1,680,676,681,-1,681,676,677,-1,681,677,682,-1,682,677,678,-1,682,678,683,-1,684,679,685,-1,685,679,680,-1,685,680,686,-1,686,680,681,-1,686,681,687,-1,687,681,682,-1,687,682,688,-1,688,682,683,-1,688,683,689,-1,690,691,692,-1,693,684,694,-1,694,684,685,-1,694,685,695,-1,695,685,686,-1,695,686,696,-1,696,686,687,-1,696,687,697,-1,697,687,688,-1,697,688,698,-1,698,688,689,-1,698,689,670,-1,699,691,700,-1,700,691,690,-1,700,690,701,-1,702,703,704,-1,704,703,701,-1,704,701,705,-1,705,701,690,-1,705,690,706,-1,706,690,692,-1,706,692,707,-1,475,708,671,-1,671,708,709,-1,671,709,710,-1,710,709,711,-1,710,711,712,-1,712,711,713,-1,712,713,714,-1,714,713,715,-1,714,715,716,-1,716,715,717,-1,716,717,718,-1,718,717,719,-1,708,720,709,-1,709,720,721,-1,709,721,711,-1,711,721,722,-1,711,722,713,-1,713,722,723,-1,713,723,715,-1,715,723,724,-1,715,724,717,-1,717,724,725,-1,717,725,719,-1,719,725,726,-1,720,727,721,-1,721,727,728,-1,721,728,722,-1,722,728,729,-1,722,729,723,-1,723,729,730,-1,723,730,724,-1,724,730,731,-1,724,731,725,-1,725,731,732,-1,725,732,726,-1,726,732,733,-1,726,733,734,-1,734,733,735,-1,736,737,738,-1,738,737,739,-1,738,739,740,-1,740,739,741,-1,740,741,742,-1,742,741,743,-1,742,743,744,-1,744,743,745,-1,744,745,746,-1,746,745,747,-1,746,747,748,-1,748,747,749,-1,737,750,739,-1,739,750,751,-1,739,751,741,-1,741,751,752,-1,741,752,743,-1,743,752,753,-1,743,753,745,-1,745,753,754,-1,745,754,747,-1,747,754,755,-1,747,755,749,-1,749,755,756,-1,750,757,751,-1,751,757,758,-1,751,758,752,-1,752,758,759,-1,752,759,753,-1,753,759,760,-1,753,760,754,-1,754,760,761,-1,754,761,755,-1,755,761,762,-1,755,762,756,-1,756,762,763,-1,756,763,764,-1,764,763,765,-1,766,767,768,-1,768,767,769,-1,768,769,770,-1,770,769,771,-1,770,771,772,-1,772,771,773,-1,772,773,774,-1,774,773,775,-1,774,775,776,-1,776,775,777,-1,776,777,778,-1,778,777,779,-1,767,780,769,-1,769,780,781,-1,769,781,771,-1,771,781,782,-1,771,782,773,-1,773,782,783,-1,773,783,775,-1,775,783,784,-1,775,784,777,-1,777,784,785,-1,777,785,779,-1,779,785,786,-1,780,787,781,-1,781,787,788,-1,781,788,782,-1,782,788,789,-1,782,789,783,-1,783,789,790,-1,783,790,784,-1,784,790,791,-1,784,791,785,-1,785,791,792,-1,785,792,786,-1,786,792,793,-1,786,793,794,-1,794,793,795,-1,796,797,798,-1,798,797,799,-1,798,799,800,-1,800,799,801,-1,800,801,802,-1,802,801,803,-1,802,803,804,-1,804,803,805,-1,804,805,806,-1,806,805,807,-1,806,807,808,-1,808,807,809,-1,797,810,799,-1,799,810,811,-1,799,811,801,-1,801,811,812,-1,801,812,803,-1,803,812,813,-1,803,813,805,-1,805,813,814,-1,805,814,807,-1,807,814,815,-1,807,815,809,-1,809,815,816,-1,810,817,811,-1,811,817,818,-1,811,818,812,-1,812,818,819,-1,812,819,813,-1,813,819,820,-1,813,820,814,-1,814,820,821,-1,814,821,815,-1,815,821,822,-1,815,822,816,-1,816,822,823,-1,816,823,824,-1,824,823,825,-1,826,827,828,-1,828,827,829,-1,828,829,830,-1,830,829,831,-1,830,831,832,-1,832,831,833,-1,832,833,834,-1,834,833,835,-1,834,835,836,-1,836,835,837,-1,836,837,838,-1,838,837,839,-1,827,840,829,-1,829,840,841,-1,829,841,831,-1,831,841,842,-1,831,842,833,-1,833,842,843,-1,833,843,835,-1,835,843,844,-1,835,844,837,-1,837,844,845,-1,837,845,839,-1,839,845,846,-1,840,847,841,-1,841,847,848,-1,841,848,842,-1,842,848,849,-1,842,849,843,-1,843,849,850,-1,843,850,844,-1,844,850,851,-1,844,851,845,-1,845,851,852,-1,845,852,846,-1,846,852,853,-1,846,853,854,-1,854,853,855,-1,476,856,662,-1,662,856,857,-1,662,857,663,-1,663,857,858,-1,663,858,664,-1,664,858,859,-1,664,859,665,-1,665,859,860,-1,665,860,666,-1,666,860,861,-1,666,861,431,-1,856,707,857,-1,857,707,692,-1,857,692,858,-1,858,692,691,-1,858,691,859,-1,859,691,699,-1,859,699,860,-1,860,699,862,-1,860,862,861,-1,703,863,701,-1,701,863,864,-1,701,864,700,-1,700,864,865,-1,700,865,699,-1,699,865,866,-1,699,866,862,-1,476,671,856,-1,856,671,710,-1,856,710,707,-1,707,710,712,-1,707,712,706,-1,706,712,714,-1,706,714,705,-1,705,714,716,-1,705,716,704,-1,704,716,718,-1,704,718,702,-1,734,867,726,-1,726,867,868,-1,726,868,719,-1,719,868,869,-1,719,869,718,-1,718,869,870,-1,718,870,702,-1,727,736,728,-1,728,736,738,-1,728,738,729,-1,729,738,740,-1,729,740,730,-1,730,740,742,-1,730,742,731,-1,731,742,744,-1,731,744,732,-1,732,744,746,-1,732,746,733,-1,733,746,748,-1,733,748,735,-1,764,871,756,-1,756,871,872,-1,756,872,749,-1,749,872,873,-1,749,873,748,-1,748,873,874,-1,748,874,735,-1,757,766,758,-1,758,766,768,-1,758,768,759,-1,759,768,770,-1,759,770,760,-1,760,770,772,-1,760,772,761,-1,761,772,774,-1,761,774,762,-1,762,774,776,-1,762,776,763,-1,763,776,778,-1,763,778,765,-1,794,875,786,-1,786,875,876,-1,786,876,779,-1,779,876,877,-1,779,877,778,-1,778,877,878,-1,778,878,765,-1,787,796,788,-1,788,796,798,-1,788,798,789,-1,789,798,800,-1,789,800,790,-1,790,800,802,-1,790,802,791,-1,791,802,804,-1,791,804,792,-1,792,804,806,-1,792,806,793,-1,793,806,808,-1,793,808,795,-1,824,879,816,-1,816,879,880,-1,816,880,809,-1,809,880,881,-1,809,881,808,-1,808,881,882,-1,808,882,795,-1,817,826,818,-1,818,826,828,-1,818,828,819,-1,819,828,830,-1,819,830,820,-1,820,830,832,-1,820,832,821,-1,821,832,834,-1,821,834,822,-1,822,834,836,-1,822,836,823,-1,823,836,838,-1,823,838,825,-1,854,883,846,-1,846,883,884,-1,846,884,839,-1,839,884,885,-1,839,885,838,-1,838,885,886,-1,838,886,825,-1,887,855,693,-1,693,855,853,-1,693,853,684,-1,684,853,852,-1,684,852,679,-1,679,852,851,-1,679,851,675,-1,675,851,850,-1,675,850,669,-1,669,850,849,-1,669,849,667,-1,667,849,848,-1,667,848,674,-1,674,848,847,-1,670,478,698,-1,698,478,653,-1,698,653,697,-1,697,653,655,-1,697,655,696,-1,696,655,657,-1,696,657,695,-1,695,657,659,-1,695,659,694,-1,694,659,661,-1,694,661,693,-1,693,661,468,-1,693,468,887,-1,887,468,163,-1,163,888,887,-1,887,888,889,-1,887,889,855,-1,855,889,890,-1,855,890,854,-1,854,890,891,-1,854,891,883,-1,883,891,892,-1,883,892,884,-1,884,892,893,-1,884,893,885,-1,885,893,894,-1,885,894,886,-1,886,894,895,-1,886,895,825,-1,825,895,896,-1,825,896,824,-1,824,896,897,-1,824,897,879,-1,879,897,898,-1,879,898,880,-1,898,899,880,-1,880,899,900,-1,880,900,881,-1,881,900,901,-1,881,901,882,-1,882,901,902,-1,882,902,795,-1,795,902,903,-1,795,903,794,-1,794,903,904,-1,794,904,875,-1,875,904,905,-1,875,905,876,-1,876,905,906,-1,876,906,877,-1,877,906,907,-1,877,907,878,-1,878,907,908,-1,878,908,765,-1,765,908,909,-1,765,909,764,-1,764,909,910,-1,764,910,871,-1,871,910,911,-1,871,911,872,-1,872,911,912,-1,872,912,873,-1,873,912,913,-1,873,913,874,-1,874,913,914,-1,874,914,735,-1,735,914,915,-1,735,915,734,-1,734,915,916,-1,734,916,867,-1,867,916,917,-1,867,917,868,-1,868,917,918,-1,868,918,869,-1,918,919,869,-1,869,919,920,-1,869,920,870,-1,870,920,921,-1,870,921,702,-1,702,921,922,-1,702,922,703,-1,703,922,923,-1,703,923,863,-1,863,923,924,-1,863,924,864,-1,864,924,925,-1,864,925,865,-1,865,925,926,-1,865,926,866,-1,866,926,927,-1,866,927,862,-1,862,927,928,-1,862,928,861,-1,10,431,929,-1,929,431,861,-1,929,861,930,-1,930,861,928,-1,931,932,933,-1,934,935,936,-1,937,938,939,-1,888,163,53,-1,889,888,940,-1,903,902,937,-1,905,904,941,-1,908,907,942,-1,914,913,943,-1,917,916,944,-1,920,919,945,-1,924,923,946,-1,927,926,947,-1,929,930,948,-1,937,902,938,-1,938,902,901,-1,938,901,900,-1,949,897,896,-1,950,894,893,-1,951,891,890,-1,952,420,11,-1,953,939,954,-1,954,939,938,-1,954,938,955,-1,955,938,900,-1,955,900,899,-1,956,953,957,-1,957,953,954,-1,957,954,958,-1,958,954,955,-1,958,955,959,-1,959,955,899,-1,959,899,898,-1,960,956,961,-1,961,956,957,-1,961,957,962,-1,962,957,958,-1,962,958,963,-1,963,958,959,-1,963,959,949,-1,949,959,898,-1,949,898,897,-1,964,423,422,-1,965,960,966,-1,966,960,961,-1,966,961,967,-1,967,961,962,-1,967,962,968,-1,968,962,963,-1,968,963,969,-1,969,963,949,-1,969,949,970,-1,970,949,896,-1,970,896,895,-1,971,965,972,-1,972,965,966,-1,972,966,973,-1,973,966,967,-1,973,967,974,-1,974,967,968,-1,974,968,975,-1,975,968,969,-1,975,969,976,-1,976,969,970,-1,976,970,950,-1,950,970,895,-1,950,895,894,-1,977,971,978,-1,978,971,972,-1,978,972,979,-1,979,972,973,-1,979,973,980,-1,980,973,974,-1,980,974,981,-1,981,974,975,-1,981,975,982,-1,982,975,976,-1,982,976,983,-1,983,976,950,-1,983,950,984,-1,984,950,893,-1,984,893,892,-1,985,977,986,-1,986,977,978,-1,986,978,987,-1,987,978,979,-1,987,979,988,-1,988,979,980,-1,988,980,989,-1,989,980,981,-1,989,981,990,-1,990,981,982,-1,990,982,991,-1,991,982,983,-1,991,983,992,-1,992,983,984,-1,992,984,951,-1,951,984,892,-1,951,892,891,-1,993,994,995,-1,996,985,997,-1,997,985,986,-1,997,986,998,-1,998,986,987,-1,998,987,999,-1,999,987,988,-1,999,988,1000,-1,1000,988,989,-1,1000,989,1001,-1,1001,989,990,-1,1001,990,1002,-1,1002,990,991,-1,1002,991,1003,-1,1003,991,992,-1,1003,992,1004,-1,1004,992,951,-1,1004,951,1005,-1,1005,951,890,-1,1005,890,889,-1,1006,994,1007,-1,1007,994,993,-1,1007,993,1008,-1,1009,1010,1011,-1,1011,1010,1008,-1,1011,1008,1012,-1,1012,1008,993,-1,1012,993,1013,-1,1013,993,995,-1,1013,995,1014,-1,1015,1016,1017,-1,1017,1016,1018,-1,1017,1018,1019,-1,1019,1018,1020,-1,1019,1020,1021,-1,1021,1020,1022,-1,1021,1022,1023,-1,1023,1022,1024,-1,1023,1024,1025,-1,1025,1024,964,-1,1025,964,1026,-1,1026,964,422,-1,1026,422,421,-1,1027,1028,1029,-1,1029,1028,1015,-1,1029,1015,1030,-1,1030,1015,1017,-1,1030,1017,1031,-1,1031,1017,1019,-1,1031,1019,1032,-1,1032,1019,1021,-1,1032,1021,1033,-1,1033,1021,1023,-1,1033,1023,1034,-1,1034,1023,1025,-1,1034,1025,1035,-1,1035,1025,1026,-1,1035,1026,1036,-1,1036,1026,421,-1,1036,421,420,-1,1037,1038,1039,-1,1039,1038,1040,-1,1039,1040,1041,-1,1041,1040,1042,-1,1041,1042,1043,-1,1043,1042,1044,-1,1043,1044,1045,-1,1045,1044,1046,-1,1045,1046,1047,-1,1047,1046,1048,-1,1047,1048,1049,-1,1049,1048,1050,-1,1049,1050,1051,-1,1051,1050,1052,-1,1051,1052,1053,-1,1053,1052,952,-1,1053,952,1054,-1,1054,952,11,-1,1054,11,10,-1,10,929,1054,-1,1054,929,948,-1,1054,948,1053,-1,1053,948,1055,-1,1053,1055,1051,-1,1051,1055,1056,-1,1051,1056,1049,-1,1049,1056,1057,-1,1049,1057,1047,-1,1047,1057,1058,-1,1047,1058,1045,-1,1045,1058,1059,-1,1045,1059,1043,-1,1043,1059,1060,-1,1043,1060,1041,-1,1041,1060,1061,-1,1041,1061,1039,-1,1039,1061,1062,-1,1039,1062,1037,-1,1037,1062,1063,-1,1037,1063,1064,-1,1064,1063,1065,-1,926,925,947,-1,947,925,1066,-1,947,1066,1067,-1,1067,1066,1068,-1,1067,1068,1069,-1,1069,1068,1070,-1,1069,1070,1071,-1,1071,1070,1072,-1,1071,1072,1073,-1,1073,1072,1074,-1,1073,1074,1075,-1,1075,1074,1076,-1,1075,1076,1077,-1,1077,1076,1078,-1,1077,1078,1079,-1,1079,1078,1080,-1,1079,1080,1081,-1,1081,1080,1082,-1,1081,1082,1083,-1,1083,1082,1084,-1,925,924,1066,-1,1066,924,946,-1,1066,946,1068,-1,1068,946,1085,-1,1068,1085,1070,-1,1070,1085,1086,-1,1070,1086,1072,-1,1072,1086,1087,-1,1072,1087,1074,-1,1074,1087,1088,-1,1074,1088,1076,-1,1076,1088,1089,-1,1076,1089,1078,-1,1078,1089,1090,-1,1078,1090,1080,-1,1080,1090,1091,-1,1080,1091,1082,-1,1082,1091,1092,-1,1082,1092,1084,-1,1084,1092,1093,-1,1084,1093,1094,-1,1094,1093,1095,-1,922,921,1096,-1,1096,921,1097,-1,1096,1097,1098,-1,1098,1097,1099,-1,1098,1099,1100,-1,1100,1099,1101,-1,1100,1101,1102,-1,1102,1101,1103,-1,1102,1103,1104,-1,1104,1103,1105,-1,1104,1105,1106,-1,1106,1105,1107,-1,1106,1107,1108,-1,1108,1107,1109,-1,1108,1109,1110,-1,1110,1109,1111,-1,1110,1111,1112,-1,1112,1111,1113,-1,1112,1113,1114,-1,1114,1113,1115,-1,921,920,1097,-1,1097,920,945,-1,1097,945,1099,-1,1099,945,1116,-1,1099,1116,1101,-1,1101,1116,1117,-1,1101,1117,1103,-1,1103,1117,1118,-1,1103,1118,1105,-1,1105,1118,1119,-1,1105,1119,1107,-1,1107,1119,1120,-1,1107,1120,1109,-1,1109,1120,1121,-1,1109,1121,1111,-1,1111,1121,1122,-1,1111,1122,1113,-1,1113,1122,1123,-1,1113,1123,1115,-1,1115,1123,1124,-1,1115,1124,1125,-1,1125,1124,1126,-1,918,917,1127,-1,1127,917,944,-1,1127,944,1128,-1,1128,944,1129,-1,1128,1129,1130,-1,1130,1129,1131,-1,1130,1131,1132,-1,1132,1131,1133,-1,1132,1133,1134,-1,1134,1133,1135,-1,1134,1135,1136,-1,1136,1135,1137,-1,1136,1137,1138,-1,1138,1137,1139,-1,1138,1139,1140,-1,1140,1139,1141,-1,1140,1141,1142,-1,1142,1141,1143,-1,1142,1143,1144,-1,1144,1143,1145,-1,916,915,944,-1,944,915,1146,-1,944,1146,1129,-1,1129,1146,1147,-1,1129,1147,1131,-1,1131,1147,1148,-1,1131,1148,1133,-1,1133,1148,1149,-1,1133,1149,1135,-1,1135,1149,1150,-1,1135,1150,1137,-1,1137,1150,1151,-1,1137,1151,1139,-1,1139,1151,1152,-1,1139,1152,1141,-1,1141,1152,1153,-1,1141,1153,1143,-1,1143,1153,1154,-1,1143,1154,1145,-1,1145,1154,1155,-1,915,914,1146,-1,1146,914,943,-1,1146,943,1147,-1,1147,943,1156,-1,1147,1156,1148,-1,1148,1156,1157,-1,1148,1157,1149,-1,1149,1157,1158,-1,1149,1158,1150,-1,1150,1158,1159,-1,1150,1159,1151,-1,1151,1159,1160,-1,1151,1160,1152,-1,1152,1160,1161,-1,1152,1161,1153,-1,1153,1161,1162,-1,1153,1162,1154,-1,1154,1162,1163,-1,1154,1163,1155,-1,1155,1163,1164,-1,1155,1164,1165,-1,1165,1164,1166,-1,912,911,1167,-1,1167,911,1168,-1,1167,1168,1169,-1,1169,1168,1170,-1,1169,1170,1171,-1,1171,1170,1172,-1,1171,1172,1173,-1,1173,1172,1174,-1,1173,1174,1175,-1,1175,1174,1176,-1,1175,1176,1177,-1,1177,1176,1178,-1,1177,1178,1179,-1,1179,1178,1180,-1,1179,1180,1181,-1,1181,1180,1182,-1,1181,1182,1183,-1,1183,1182,1184,-1,1183,1184,1185,-1,1185,1184,1186,-1,911,910,1168,-1,1168,910,1187,-1,1168,1187,1170,-1,1170,1187,1188,-1,1170,1188,1172,-1,1172,1188,1189,-1,1172,1189,1174,-1,1174,1189,1190,-1,1174,1190,1176,-1,1176,1190,1191,-1,1176,1191,1178,-1,1178,1191,1192,-1,1178,1192,1180,-1,1180,1192,1193,-1,1180,1193,1182,-1,1182,1193,1194,-1,1182,1194,1184,-1,1184,1194,1195,-1,1184,1195,1186,-1,1186,1195,1196,-1,1186,1196,1197,-1,1197,1196,1198,-1,909,908,1199,-1,1199,908,942,-1,1199,942,1200,-1,1200,942,1201,-1,1200,1201,1202,-1,1202,1201,1203,-1,1202,1203,1204,-1,1204,1203,1205,-1,1204,1205,1206,-1,1206,1205,1207,-1,1206,1207,1208,-1,1208,1207,1209,-1,1208,1209,1210,-1,1210,1209,1211,-1,1210,1211,1212,-1,1212,1211,1213,-1,1212,1213,1214,-1,1214,1213,1215,-1,1214,1215,1216,-1,1216,1215,1217,-1,907,906,942,-1,942,906,1218,-1,942,1218,1201,-1,1201,1218,1219,-1,1201,1219,1203,-1,1203,1219,1220,-1,1203,1220,1205,-1,1205,1220,1221,-1,1205,1221,1207,-1,1207,1221,1222,-1,1207,1222,1209,-1,1209,1222,1223,-1,1209,1223,1211,-1,1211,1223,1224,-1,1211,1224,1213,-1,1213,1224,1225,-1,1213,1225,1215,-1,1215,1225,1226,-1,1215,1226,1217,-1,1217,1226,1227,-1,906,905,1218,-1,1218,905,941,-1,1218,941,1219,-1,1219,941,1228,-1,1219,1228,1220,-1,1220,1228,1229,-1,1220,1229,1221,-1,1221,1229,1230,-1,1221,1230,1222,-1,1222,1230,1231,-1,1222,1231,1223,-1,1223,1231,1232,-1,1223,1232,1224,-1,1224,1232,1233,-1,1224,1233,1225,-1,1225,1233,1234,-1,1225,1234,1226,-1,1226,1234,1235,-1,1226,1235,1227,-1,1227,1235,1236,-1,1227,1236,1237,-1,1237,1236,1238,-1,424,1014,425,-1,425,1014,995,-1,425,995,426,-1,426,995,994,-1,426,994,427,-1,427,994,1006,-1,427,1006,428,-1,428,1006,1239,-1,428,1239,429,-1,1010,1240,1008,-1,1008,1240,1241,-1,1008,1241,1007,-1,1007,1241,1242,-1,1007,1242,1006,-1,1006,1242,1243,-1,1006,1243,1239,-1,935,1009,936,-1,936,1009,1011,-1,936,1011,1244,-1,1244,1011,1012,-1,1244,1012,1245,-1,1245,1012,1013,-1,1245,1013,1246,-1,1246,1013,1014,-1,1246,1014,1247,-1,1247,1014,424,-1,1247,424,423,-1,423,964,1247,-1,1247,964,1024,-1,1247,1024,1246,-1,1246,1024,1022,-1,1246,1022,1245,-1,1245,1022,1020,-1,1245,1020,1244,-1,1244,1020,1018,-1,1244,1018,936,-1,936,1018,1016,-1,936,1016,934,-1,1028,1248,1015,-1,1015,1248,1249,-1,1015,1249,1016,-1,1016,1249,1250,-1,1016,1250,934,-1,420,952,1036,-1,1036,952,1052,-1,1036,1052,1035,-1,1035,1052,1050,-1,1035,1050,1034,-1,1034,1050,1048,-1,1034,1048,1033,-1,1033,1048,1046,-1,1033,1046,1032,-1,1032,1046,1044,-1,1032,1044,1031,-1,1031,1044,1042,-1,1031,1042,1030,-1,1030,1042,1040,-1,1030,1040,1029,-1,1029,1040,1038,-1,1029,1038,1027,-1,1064,1251,1037,-1,1037,1251,1252,-1,1037,1252,1038,-1,1038,1252,1253,-1,1038,1253,1027,-1,932,1065,933,-1,933,1065,1063,-1,933,1063,1254,-1,1254,1063,1062,-1,1254,1062,1255,-1,1255,1062,1061,-1,1255,1061,1256,-1,1256,1061,1060,-1,1256,1060,1257,-1,1257,1060,1059,-1,1257,1059,1258,-1,1258,1059,1058,-1,1258,1058,1259,-1,1259,1058,1057,-1,1259,1057,1260,-1,1260,1057,1056,-1,1260,1056,1261,-1,1261,1056,1055,-1,1261,1055,1262,-1,1262,1055,948,-1,1262,948,928,-1,928,948,930,-1,928,927,1262,-1,1262,927,947,-1,1262,947,1261,-1,1261,947,1067,-1,1261,1067,1260,-1,1260,1067,1069,-1,1260,1069,1259,-1,1259,1069,1071,-1,1259,1071,1258,-1,1258,1071,1073,-1,1258,1073,1257,-1,1257,1073,1075,-1,1257,1075,1256,-1,1256,1075,1077,-1,1256,1077,1255,-1,1255,1077,1079,-1,1255,1079,1254,-1,1254,1079,1081,-1,1254,1081,933,-1,933,1081,1083,-1,933,1083,931,-1,1094,1263,1084,-1,1084,1263,1264,-1,1084,1264,1083,-1,1083,1264,1265,-1,1083,1265,931,-1,923,922,946,-1,946,922,1096,-1,946,1096,1085,-1,1085,1096,1098,-1,1085,1098,1086,-1,1086,1098,1100,-1,1086,1100,1087,-1,1087,1100,1102,-1,1087,1102,1088,-1,1088,1102,1104,-1,1088,1104,1089,-1,1089,1104,1106,-1,1089,1106,1090,-1,1090,1106,1108,-1,1090,1108,1091,-1,1091,1108,1110,-1,1091,1110,1092,-1,1092,1110,1112,-1,1092,1112,1093,-1,1093,1112,1114,-1,1093,1114,1095,-1,1125,1266,1115,-1,1115,1266,1267,-1,1115,1267,1114,-1,1114,1267,1268,-1,1114,1268,1095,-1,1269,1126,1144,-1,1144,1126,1124,-1,1144,1124,1142,-1,1142,1124,1123,-1,1142,1123,1140,-1,1140,1123,1122,-1,1140,1122,1138,-1,1138,1122,1121,-1,1138,1121,1136,-1,1136,1121,1120,-1,1136,1120,1134,-1,1134,1120,1119,-1,1134,1119,1132,-1,1132,1119,1118,-1,1132,1118,1130,-1,1130,1118,1117,-1,1130,1117,1128,-1,1128,1117,1116,-1,1128,1116,1127,-1,1127,1116,945,-1,1127,945,918,-1,918,945,919,-1,1165,1270,1155,-1,1155,1270,1271,-1,1155,1271,1145,-1,1145,1271,1272,-1,1145,1272,1144,-1,1144,1272,1273,-1,1144,1273,1269,-1,913,912,943,-1,943,912,1167,-1,943,1167,1156,-1,1156,1167,1169,-1,1156,1169,1157,-1,1157,1169,1171,-1,1157,1171,1158,-1,1158,1171,1173,-1,1158,1173,1159,-1,1159,1173,1175,-1,1159,1175,1160,-1,1160,1175,1177,-1,1160,1177,1161,-1,1161,1177,1179,-1,1161,1179,1162,-1,1162,1179,1181,-1,1162,1181,1163,-1,1163,1181,1183,-1,1163,1183,1164,-1,1164,1183,1185,-1,1164,1185,1166,-1,1197,1274,1186,-1,1186,1274,1275,-1,1186,1275,1185,-1,1185,1275,1276,-1,1185,1276,1166,-1,1277,1198,1216,-1,1216,1198,1196,-1,1216,1196,1214,-1,1214,1196,1195,-1,1214,1195,1212,-1,1212,1195,1194,-1,1212,1194,1210,-1,1210,1194,1193,-1,1210,1193,1208,-1,1208,1193,1192,-1,1208,1192,1206,-1,1206,1192,1191,-1,1206,1191,1204,-1,1204,1191,1190,-1,1204,1190,1202,-1,1202,1190,1189,-1,1202,1189,1200,-1,1200,1189,1188,-1,1200,1188,1199,-1,1199,1188,1187,-1,1199,1187,909,-1,909,1187,910,-1,1237,1278,1227,-1,1227,1278,1279,-1,1227,1279,1217,-1,1217,1279,1280,-1,1217,1280,1216,-1,1216,1280,1281,-1,1216,1281,1277,-1,1282,1238,996,-1,996,1238,1236,-1,996,1236,985,-1,985,1236,1235,-1,985,1235,977,-1,977,1235,1234,-1,977,1234,971,-1,971,1234,1233,-1,971,1233,965,-1,965,1233,1232,-1,965,1232,960,-1,960,1232,1231,-1,960,1231,956,-1,956,1231,1230,-1,956,1230,953,-1,953,1230,1229,-1,953,1229,939,-1,939,1229,1228,-1,939,1228,937,-1,937,1228,941,-1,937,941,903,-1,903,941,904,-1,1283,1284,1285,-1,889,940,1005,-1,1005,940,1286,-1,1005,1286,1004,-1,1004,1286,1287,-1,1004,1287,1003,-1,1003,1287,1288,-1,1003,1288,1002,-1,1002,1288,1289,-1,1002,1289,1001,-1,1001,1289,1290,-1,1001,1290,1000,-1,1000,1290,1291,-1,1000,1291,999,-1,999,1291,1292,-1,999,1292,998,-1,998,1292,1293,-1,998,1293,997,-1,997,1293,1283,-1,997,1283,996,-1,996,1283,1285,-1,996,1285,1282,-1,888,53,940,-1,940,53,52,-1,940,52,1286,-1,1286,52,134,-1,1286,134,1287,-1,1287,134,69,-1,1287,69,1288,-1,1288,69,68,-1,1288,68,1289,-1,1289,68,358,-1,1289,358,1290,-1,1290,358,359,-1,1290,359,1291,-1,1291,359,360,-1,1291,360,1292,-1,1292,360,361,-1,1292,361,1293,-1,1293,361,362,-1,1293,362,1283,-1,1283,362,364,-1,1283,364,1284,-1,429,1239,1294,-1,1294,1239,1295,-1,1241,1296,1242,-1,1242,1296,1295,-1,1242,1295,1243,-1,1243,1295,1239,-1,1241,1240,1296,-1,1296,1240,1010,-1,1296,1010,1297,-1,1010,1009,1297,-1,1297,1009,935,-1,1297,935,1298,-1,935,934,1298,-1,1298,934,1250,-1,1298,1250,1299,-1,1299,1250,1249,-1,1299,1249,1300,-1,1300,1249,1248,-1,1300,1248,1028,-1,1252,1301,1253,-1,1253,1301,1300,-1,1253,1300,1027,-1,1027,1300,1028,-1,1252,1251,1301,-1,1301,1251,1064,-1,1301,1064,1302,-1,1064,1065,1302,-1,1302,1065,932,-1,1302,932,1303,-1,932,931,1303,-1,1303,931,1265,-1,1303,1265,1304,-1,1304,1265,1264,-1,1304,1264,1305,-1,1305,1264,1263,-1,1305,1263,1094,-1,1267,1306,1268,-1,1268,1306,1305,-1,1268,1305,1095,-1,1095,1305,1094,-1,1267,1266,1306,-1,1306,1266,1125,-1,1306,1125,1307,-1,1125,1126,1307,-1,1307,1126,1269,-1,1307,1269,1308,-1,1269,1273,1308,-1,1308,1273,1272,-1,1308,1272,1309,-1,1309,1272,1271,-1,1309,1271,1310,-1,1310,1271,1270,-1,1310,1270,1165,-1,1275,1311,1276,-1,1276,1311,1310,-1,1276,1310,1166,-1,1166,1310,1165,-1,1275,1274,1311,-1,1311,1274,1197,-1,1311,1197,1312,-1,1197,1198,1312,-1,1312,1198,1277,-1,1312,1277,1313,-1,1279,1314,1280,-1,1280,1314,1313,-1,1280,1313,1281,-1,1281,1313,1277,-1,1279,1278,1314,-1,1314,1278,1237,-1,1314,1237,1315,-1,1237,1238,1315,-1,1315,1238,1282,-1,1315,1282,1316,-1,364,1317,1284,-1,1284,1317,1316,-1,1284,1316,1285,-1,1285,1316,1282,-1,364,363,1317,-1,1317,363,1318,-1,363,368,1318,-1,1318,368,367,-1,1318,367,1319,-1,117,1320,365,-1,365,1320,1319,-1,365,1319,366,-1,366,1319,367,-1,117,116,1320,-1,1320,116,4,-1,1320,4,1321,-1,4,3,1321,-1,1321,3,375,-1,1321,375,1322,-1,1322,375,374,-1,1322,374,1323,-1,1323,374,373,-1,1323,373,136,-1,136,135,1323,-1,1323,135,378,-1,1323,378,1324,-1,173,1325,376,-1,376,1325,1324,-1,376,1324,377,-1,377,1324,378,-1,173,174,1325,-1,1325,174,1,-1,1325,1,1326,-1,1,0,1326,-1,1326,0,391,-1,1326,391,1327,-1,1327,391,390,-1,1327,390,1328,-1,1328,390,389,-1,1328,389,204,-1,204,205,1328,-1,1328,205,394,-1,1328,394,1329,-1,237,1330,392,-1,392,1330,1329,-1,392,1329,393,-1,393,1329,394,-1,237,238,1330,-1,1330,238,395,-1,1330,395,1331,-1,395,399,1331,-1,1331,399,398,-1,1331,398,1332,-1,1332,398,397,-1,1332,397,1333,-1,1333,397,396,-1,1333,396,279,-1,279,280,1333,-1,1333,280,402,-1,1333,402,1334,-1,314,1335,400,-1,400,1335,1334,-1,400,1334,401,-1,401,1334,402,-1,314,315,1335,-1,1335,315,403,-1,1335,403,1336,-1,403,407,1336,-1,1336,407,406,-1,1336,406,1337,-1,356,1338,404,-1,404,1338,1337,-1,404,1337,405,-1,405,1337,406,-1,356,357,1338,-1,1338,357,408,-1,1338,408,1339,-1,429,1294,410,-1,410,1294,1339,-1,410,1339,411,-1,411,1339,408,-1,1297,727,1296,-1,1296,727,720,-1,1296,720,1295,-1,1295,720,708,-1,1295,708,1294,-1,1294,708,475,-1,1294,475,1339,-1,1339,475,474,-1,1339,474,1338,-1,1338,474,497,-1,1338,497,1337,-1,1331,624,1330,-1,1330,624,617,-1,1330,617,1329,-1,1329,617,610,-1,1329,610,1328,-1,1328,610,597,-1,1328,597,1327,-1,1327,597,596,-1,1327,596,1326,-1,497,491,1337,-1,1337,491,486,-1,1337,486,1336,-1,1336,486,480,-1,1336,480,1335,-1,1335,480,481,-1,1335,481,1334,-1,1334,481,482,-1,1334,482,1333,-1,1333,482,645,-1,1333,645,1332,-1,1332,645,638,-1,1332,638,1331,-1,1331,638,625,-1,1331,625,624,-1,1308,826,1307,-1,1307,826,817,-1,1307,817,1306,-1,1306,817,810,-1,1306,810,1305,-1,1305,810,797,-1,1305,797,1304,-1,1304,797,796,-1,1304,796,1303,-1,1314,678,1313,-1,1313,678,672,-1,1313,672,1312,-1,1312,672,673,-1,1312,673,1311,-1,1311,673,674,-1,1311,674,1310,-1,1310,674,847,-1,1310,847,1309,-1,1309,847,840,-1,1309,840,1308,-1,1308,840,827,-1,1308,827,826,-1,596,589,1326,-1,1326,589,582,-1,1326,582,1325,-1,1325,582,569,-1,1325,569,1324,-1,1324,569,568,-1,1324,568,1323,-1,1323,568,561,-1,1323,561,1322,-1,1322,561,554,-1,1322,554,1321,-1,1321,554,541,-1,1321,541,1320,-1,796,787,1303,-1,1303,787,780,-1,1303,780,1302,-1,1302,780,767,-1,1302,767,1301,-1,1301,767,766,-1,1301,766,1300,-1,1300,766,757,-1,1300,757,1299,-1,1299,757,750,-1,1299,750,1298,-1,1298,750,737,-1,1298,737,1297,-1,1297,737,736,-1,1297,736,727,-1,541,540,1320,-1,1320,540,533,-1,1320,533,1319,-1,1319,533,526,-1,1319,526,1318,-1,1318,526,514,-1,1318,514,1317,-1,1317,514,479,-1,1317,479,1316,-1,1316,479,670,-1,1316,670,1315,-1,1315,670,689,-1,1315,689,1314,-1,1314,689,683,-1,1314,683,678,-1,1340,1341,1342,-1,1343,1344,1345,-1,1346,1347,1348,-1,1349,1350,1351,-1,1352,1349,1353,-1,1354,1355,1346,-1,1356,1357,1358,-1,1359,1360,1361,-1,1362,1363,1364,-1,1365,1366,1367,-1,1368,1369,1370,-1,1371,1372,1373,-1,1374,1375,1376,-1,1377,1378,1379,-1,1346,1355,1347,-1,1347,1355,1380,-1,1347,1380,1381,-1,1382,1383,1384,-1,1385,1386,1387,-1,1388,1389,1390,-1,1391,1392,1393,-1,1394,1348,1395,-1,1395,1348,1347,-1,1395,1347,1396,-1,1396,1347,1381,-1,1396,1381,1397,-1,1398,1394,1399,-1,1399,1394,1395,-1,1399,1395,1400,-1,1400,1395,1396,-1,1400,1396,1401,-1,1401,1396,1397,-1,1401,1397,1402,-1,1403,1398,1404,-1,1404,1398,1399,-1,1404,1399,1405,-1,1405,1399,1400,-1,1405,1400,1406,-1,1406,1400,1401,-1,1406,1401,1382,-1,1382,1401,1402,-1,1382,1402,1383,-1,1407,1408,1409,-1,1410,1403,1411,-1,1411,1403,1404,-1,1411,1404,1412,-1,1412,1404,1405,-1,1412,1405,1413,-1,1413,1405,1406,-1,1413,1406,1414,-1,1414,1406,1382,-1,1414,1382,1415,-1,1415,1382,1384,-1,1415,1384,1416,-1,1417,1410,1418,-1,1418,1410,1411,-1,1418,1411,1419,-1,1419,1411,1412,-1,1419,1412,1420,-1,1420,1412,1413,-1,1420,1413,1421,-1,1421,1413,1414,-1,1421,1414,1422,-1,1422,1414,1415,-1,1422,1415,1385,-1,1385,1415,1416,-1,1385,1416,1386,-1,1423,1417,1424,-1,1424,1417,1418,-1,1424,1418,1425,-1,1425,1418,1419,-1,1425,1419,1426,-1,1426,1419,1420,-1,1426,1420,1427,-1,1427,1420,1421,-1,1427,1421,1428,-1,1428,1421,1422,-1,1428,1422,1429,-1,1429,1422,1385,-1,1429,1385,1430,-1,1430,1385,1387,-1,1430,1387,1431,-1,1432,1423,1433,-1,1433,1423,1424,-1,1433,1424,1434,-1,1434,1424,1425,-1,1434,1425,1435,-1,1435,1425,1426,-1,1435,1426,1436,-1,1436,1426,1427,-1,1436,1427,1437,-1,1437,1427,1428,-1,1437,1428,1438,-1,1438,1428,1429,-1,1438,1429,1439,-1,1439,1429,1430,-1,1439,1430,1388,-1,1388,1430,1431,-1,1388,1431,1389,-1,1440,1441,1442,-1,1443,1432,1444,-1,1444,1432,1433,-1,1444,1433,1445,-1,1445,1433,1434,-1,1445,1434,1446,-1,1446,1434,1435,-1,1446,1435,1447,-1,1447,1435,1436,-1,1447,1436,1448,-1,1448,1436,1437,-1,1448,1437,1449,-1,1449,1437,1438,-1,1449,1438,1450,-1,1450,1438,1439,-1,1450,1439,1451,-1,1451,1439,1388,-1,1451,1388,1452,-1,1452,1388,1390,-1,1452,1390,1352,-1,1453,1441,1454,-1,1454,1441,1440,-1,1454,1440,1455,-1,1456,1457,1458,-1,1458,1457,1455,-1,1458,1455,1459,-1,1459,1455,1440,-1,1459,1440,1460,-1,1460,1440,1442,-1,1460,1442,1461,-1,1462,1463,1464,-1,1464,1463,1465,-1,1464,1465,1466,-1,1466,1465,1467,-1,1466,1467,1468,-1,1468,1467,1469,-1,1468,1469,1470,-1,1470,1469,1471,-1,1470,1471,1472,-1,1472,1471,1407,-1,1472,1407,1473,-1,1473,1407,1409,-1,1473,1409,1474,-1,1475,1476,1477,-1,1477,1476,1462,-1,1477,1462,1478,-1,1478,1462,1464,-1,1478,1464,1479,-1,1479,1464,1466,-1,1479,1466,1480,-1,1480,1466,1468,-1,1480,1468,1481,-1,1481,1468,1470,-1,1481,1470,1482,-1,1482,1470,1472,-1,1482,1472,1483,-1,1483,1472,1473,-1,1483,1473,1484,-1,1484,1473,1474,-1,1484,1474,1392,-1,1485,1486,1487,-1,1487,1486,1488,-1,1487,1488,1489,-1,1489,1488,1490,-1,1489,1490,1491,-1,1491,1490,1492,-1,1491,1492,1493,-1,1493,1492,1494,-1,1493,1494,1495,-1,1495,1494,1496,-1,1495,1496,1497,-1,1497,1496,1498,-1,1497,1498,1499,-1,1499,1498,1500,-1,1499,1500,1501,-1,1501,1500,1391,-1,1501,1391,1502,-1,1502,1391,1393,-1,1502,1393,1503,-1,1503,1377,1502,-1,1502,1377,1379,-1,1502,1379,1501,-1,1501,1379,1504,-1,1501,1504,1499,-1,1499,1504,1505,-1,1499,1505,1497,-1,1497,1505,1506,-1,1497,1506,1495,-1,1495,1506,1507,-1,1495,1507,1493,-1,1493,1507,1508,-1,1493,1508,1491,-1,1491,1508,1509,-1,1491,1509,1489,-1,1489,1509,1510,-1,1489,1510,1487,-1,1487,1510,1511,-1,1487,1511,1485,-1,1485,1511,1512,-1,1485,1512,1513,-1,1513,1512,1514,-1,1375,1515,1376,-1,1376,1515,1516,-1,1376,1516,1517,-1,1517,1516,1518,-1,1517,1518,1519,-1,1519,1518,1520,-1,1519,1520,1521,-1,1521,1520,1522,-1,1521,1522,1523,-1,1523,1522,1524,-1,1523,1524,1525,-1,1525,1524,1526,-1,1525,1526,1527,-1,1527,1526,1528,-1,1527,1528,1529,-1,1529,1528,1530,-1,1529,1530,1531,-1,1531,1530,1532,-1,1531,1532,1533,-1,1533,1532,1534,-1,1515,1371,1516,-1,1516,1371,1373,-1,1516,1373,1518,-1,1518,1373,1535,-1,1518,1535,1520,-1,1520,1535,1536,-1,1520,1536,1522,-1,1522,1536,1537,-1,1522,1537,1524,-1,1524,1537,1538,-1,1524,1538,1526,-1,1526,1538,1539,-1,1526,1539,1528,-1,1528,1539,1540,-1,1528,1540,1530,-1,1530,1540,1541,-1,1530,1541,1532,-1,1532,1541,1542,-1,1532,1542,1534,-1,1534,1542,1543,-1,1534,1543,1544,-1,1544,1543,1545,-1,1546,1547,1548,-1,1548,1547,1549,-1,1548,1549,1550,-1,1550,1549,1551,-1,1550,1551,1552,-1,1552,1551,1553,-1,1552,1553,1554,-1,1554,1553,1555,-1,1554,1555,1556,-1,1556,1555,1557,-1,1556,1557,1558,-1,1558,1557,1559,-1,1558,1559,1560,-1,1560,1559,1561,-1,1560,1561,1562,-1,1562,1561,1563,-1,1562,1563,1564,-1,1564,1563,1565,-1,1564,1565,1566,-1,1566,1565,1567,-1,1547,1368,1549,-1,1549,1368,1370,-1,1549,1370,1551,-1,1551,1370,1568,-1,1551,1568,1553,-1,1553,1568,1569,-1,1553,1569,1555,-1,1555,1569,1570,-1,1555,1570,1557,-1,1557,1570,1571,-1,1557,1571,1559,-1,1559,1571,1572,-1,1559,1572,1561,-1,1561,1572,1573,-1,1561,1573,1563,-1,1563,1573,1574,-1,1563,1574,1565,-1,1565,1574,1575,-1,1565,1575,1567,-1,1567,1575,1576,-1,1567,1576,1577,-1,1577,1576,1578,-1,1579,1365,1580,-1,1580,1365,1367,-1,1580,1367,1581,-1,1581,1367,1582,-1,1581,1582,1583,-1,1583,1582,1584,-1,1583,1584,1585,-1,1585,1584,1586,-1,1585,1586,1587,-1,1587,1586,1588,-1,1587,1588,1589,-1,1589,1588,1590,-1,1589,1590,1591,-1,1591,1590,1592,-1,1591,1592,1593,-1,1593,1592,1594,-1,1593,1594,1595,-1,1595,1594,1596,-1,1595,1596,1597,-1,1597,1596,1598,-1,1366,1599,1367,-1,1367,1599,1600,-1,1367,1600,1582,-1,1582,1600,1601,-1,1582,1601,1584,-1,1584,1601,1602,-1,1584,1602,1586,-1,1586,1602,1603,-1,1586,1603,1588,-1,1588,1603,1604,-1,1588,1604,1590,-1,1590,1604,1605,-1,1590,1605,1592,-1,1592,1605,1606,-1,1592,1606,1594,-1,1594,1606,1607,-1,1594,1607,1596,-1,1596,1607,1608,-1,1596,1608,1598,-1,1598,1608,1609,-1,1599,1362,1600,-1,1600,1362,1364,-1,1600,1364,1601,-1,1601,1364,1610,-1,1601,1610,1602,-1,1602,1610,1611,-1,1602,1611,1603,-1,1603,1611,1612,-1,1603,1612,1604,-1,1604,1612,1613,-1,1604,1613,1605,-1,1605,1613,1614,-1,1605,1614,1606,-1,1606,1614,1615,-1,1606,1615,1607,-1,1607,1615,1616,-1,1607,1616,1608,-1,1608,1616,1617,-1,1608,1617,1609,-1,1609,1617,1618,-1,1609,1618,1619,-1,1619,1618,1620,-1,1621,1622,1623,-1,1623,1622,1624,-1,1623,1624,1625,-1,1625,1624,1626,-1,1625,1626,1627,-1,1627,1626,1628,-1,1627,1628,1629,-1,1629,1628,1630,-1,1629,1630,1631,-1,1631,1630,1632,-1,1631,1632,1633,-1,1633,1632,1634,-1,1633,1634,1635,-1,1635,1634,1636,-1,1635,1636,1637,-1,1637,1636,1638,-1,1637,1638,1639,-1,1639,1638,1640,-1,1639,1640,1641,-1,1641,1640,1642,-1,1622,1643,1624,-1,1624,1643,1644,-1,1624,1644,1626,-1,1626,1644,1645,-1,1626,1645,1628,-1,1628,1645,1646,-1,1628,1646,1630,-1,1630,1646,1647,-1,1630,1647,1632,-1,1632,1647,1648,-1,1632,1648,1634,-1,1634,1648,1649,-1,1634,1649,1636,-1,1636,1649,1650,-1,1636,1650,1638,-1,1638,1650,1651,-1,1638,1651,1640,-1,1640,1651,1652,-1,1640,1652,1642,-1,1642,1652,1653,-1,1642,1653,1654,-1,1654,1653,1655,-1,1656,1359,1657,-1,1657,1359,1361,-1,1657,1361,1658,-1,1658,1361,1659,-1,1658,1659,1660,-1,1660,1659,1661,-1,1660,1661,1662,-1,1662,1661,1663,-1,1662,1663,1664,-1,1664,1663,1665,-1,1664,1665,1666,-1,1666,1665,1667,-1,1666,1667,1668,-1,1668,1667,1669,-1,1668,1669,1670,-1,1670,1669,1671,-1,1670,1671,1672,-1,1672,1671,1673,-1,1672,1673,1674,-1,1674,1673,1675,-1,1360,1676,1361,-1,1361,1676,1677,-1,1361,1677,1659,-1,1659,1677,1678,-1,1659,1678,1661,-1,1661,1678,1679,-1,1661,1679,1663,-1,1663,1679,1680,-1,1663,1680,1665,-1,1665,1680,1681,-1,1665,1681,1667,-1,1667,1681,1682,-1,1667,1682,1669,-1,1669,1682,1683,-1,1669,1683,1671,-1,1671,1683,1684,-1,1671,1684,1673,-1,1673,1684,1685,-1,1673,1685,1675,-1,1675,1685,1686,-1,1676,1356,1677,-1,1677,1356,1358,-1,1677,1358,1678,-1,1678,1358,1687,-1,1678,1687,1679,-1,1679,1687,1688,-1,1679,1688,1680,-1,1680,1688,1689,-1,1680,1689,1681,-1,1681,1689,1690,-1,1681,1690,1682,-1,1682,1690,1691,-1,1682,1691,1683,-1,1683,1691,1692,-1,1683,1692,1684,-1,1684,1692,1693,-1,1684,1693,1685,-1,1685,1693,1694,-1,1685,1694,1686,-1,1686,1694,1695,-1,1686,1695,1696,-1,1696,1695,1697,-1,1698,1461,1699,-1,1699,1461,1442,-1,1699,1442,1700,-1,1700,1442,1441,-1,1700,1441,1701,-1,1701,1441,1453,-1,1701,1453,1702,-1,1702,1453,1703,-1,1702,1703,1704,-1,1457,1705,1455,-1,1455,1705,1706,-1,1455,1706,1454,-1,1454,1706,1707,-1,1454,1707,1453,-1,1453,1707,1708,-1,1453,1708,1703,-1,1344,1456,1345,-1,1345,1456,1458,-1,1345,1458,1709,-1,1709,1458,1459,-1,1709,1459,1710,-1,1710,1459,1460,-1,1710,1460,1711,-1,1711,1460,1461,-1,1711,1461,1712,-1,1712,1461,1698,-1,1712,1698,1408,-1,1408,1407,1712,-1,1712,1407,1471,-1,1712,1471,1711,-1,1711,1471,1469,-1,1711,1469,1710,-1,1710,1469,1467,-1,1710,1467,1709,-1,1709,1467,1465,-1,1709,1465,1345,-1,1345,1465,1463,-1,1345,1463,1343,-1,1476,1713,1462,-1,1462,1713,1714,-1,1462,1714,1463,-1,1463,1714,1715,-1,1463,1715,1343,-1,1392,1391,1484,-1,1484,1391,1500,-1,1484,1500,1483,-1,1483,1500,1498,-1,1483,1498,1482,-1,1482,1498,1496,-1,1482,1496,1481,-1,1481,1496,1494,-1,1481,1494,1480,-1,1480,1494,1492,-1,1480,1492,1479,-1,1479,1492,1490,-1,1479,1490,1478,-1,1478,1490,1488,-1,1478,1488,1477,-1,1477,1488,1486,-1,1477,1486,1475,-1,1513,1716,1485,-1,1485,1716,1717,-1,1485,1717,1486,-1,1486,1717,1718,-1,1486,1718,1475,-1,1341,1514,1342,-1,1342,1514,1512,-1,1342,1512,1719,-1,1719,1512,1511,-1,1719,1511,1720,-1,1720,1511,1510,-1,1720,1510,1721,-1,1721,1510,1509,-1,1721,1509,1722,-1,1722,1509,1508,-1,1722,1508,1723,-1,1723,1508,1507,-1,1723,1507,1724,-1,1724,1507,1506,-1,1724,1506,1725,-1,1725,1506,1505,-1,1725,1505,1726,-1,1726,1505,1504,-1,1726,1504,1727,-1,1727,1504,1379,-1,1727,1379,1728,-1,1728,1379,1378,-1,1728,1374,1727,-1,1727,1374,1376,-1,1727,1376,1726,-1,1726,1376,1517,-1,1726,1517,1725,-1,1725,1517,1519,-1,1725,1519,1724,-1,1724,1519,1521,-1,1724,1521,1723,-1,1723,1521,1523,-1,1723,1523,1722,-1,1722,1523,1525,-1,1722,1525,1721,-1,1721,1525,1527,-1,1721,1527,1720,-1,1720,1527,1529,-1,1720,1529,1719,-1,1719,1529,1531,-1,1719,1531,1342,-1,1342,1531,1533,-1,1342,1533,1340,-1,1544,1729,1534,-1,1534,1729,1730,-1,1534,1730,1533,-1,1533,1730,1731,-1,1533,1731,1340,-1,1372,1546,1373,-1,1373,1546,1548,-1,1373,1548,1535,-1,1535,1548,1550,-1,1535,1550,1536,-1,1536,1550,1552,-1,1536,1552,1537,-1,1537,1552,1554,-1,1537,1554,1538,-1,1538,1554,1556,-1,1538,1556,1539,-1,1539,1556,1558,-1,1539,1558,1540,-1,1540,1558,1560,-1,1540,1560,1541,-1,1541,1560,1562,-1,1541,1562,1542,-1,1542,1562,1564,-1,1542,1564,1543,-1,1543,1564,1566,-1,1543,1566,1545,-1,1577,1732,1567,-1,1567,1732,1733,-1,1567,1733,1566,-1,1566,1733,1734,-1,1566,1734,1545,-1,1735,1578,1597,-1,1597,1578,1576,-1,1597,1576,1595,-1,1595,1576,1575,-1,1595,1575,1593,-1,1593,1575,1574,-1,1593,1574,1591,-1,1591,1574,1573,-1,1591,1573,1589,-1,1589,1573,1572,-1,1589,1572,1587,-1,1587,1572,1571,-1,1587,1571,1585,-1,1585,1571,1570,-1,1585,1570,1583,-1,1583,1570,1569,-1,1583,1569,1581,-1,1581,1569,1568,-1,1581,1568,1580,-1,1580,1568,1370,-1,1580,1370,1579,-1,1579,1370,1369,-1,1619,1736,1609,-1,1609,1736,1737,-1,1609,1737,1598,-1,1598,1737,1738,-1,1598,1738,1597,-1,1597,1738,1739,-1,1597,1739,1735,-1,1363,1621,1364,-1,1364,1621,1623,-1,1364,1623,1610,-1,1610,1623,1625,-1,1610,1625,1611,-1,1611,1625,1627,-1,1611,1627,1612,-1,1612,1627,1629,-1,1612,1629,1613,-1,1613,1629,1631,-1,1613,1631,1614,-1,1614,1631,1633,-1,1614,1633,1615,-1,1615,1633,1635,-1,1615,1635,1616,-1,1616,1635,1637,-1,1616,1637,1617,-1,1617,1637,1639,-1,1617,1639,1618,-1,1618,1639,1641,-1,1618,1641,1620,-1,1654,1740,1642,-1,1642,1740,1741,-1,1642,1741,1641,-1,1641,1741,1742,-1,1641,1742,1620,-1,1743,1655,1674,-1,1674,1655,1653,-1,1674,1653,1672,-1,1672,1653,1652,-1,1672,1652,1670,-1,1670,1652,1651,-1,1670,1651,1668,-1,1668,1651,1650,-1,1668,1650,1666,-1,1666,1650,1649,-1,1666,1649,1664,-1,1664,1649,1648,-1,1664,1648,1662,-1,1662,1648,1647,-1,1662,1647,1660,-1,1660,1647,1646,-1,1660,1646,1658,-1,1658,1646,1645,-1,1658,1645,1657,-1,1657,1645,1644,-1,1657,1644,1656,-1,1656,1644,1643,-1,1696,1744,1686,-1,1686,1744,1745,-1,1686,1745,1675,-1,1675,1745,1746,-1,1675,1746,1674,-1,1674,1746,1747,-1,1674,1747,1743,-1,1748,1697,1443,-1,1443,1697,1695,-1,1443,1695,1432,-1,1432,1695,1694,-1,1432,1694,1423,-1,1423,1694,1693,-1,1423,1693,1417,-1,1417,1693,1692,-1,1417,1692,1410,-1,1410,1692,1691,-1,1410,1691,1403,-1,1403,1691,1690,-1,1403,1690,1398,-1,1398,1690,1689,-1,1398,1689,1394,-1,1394,1689,1688,-1,1394,1688,1348,-1,1348,1688,1687,-1,1348,1687,1346,-1,1346,1687,1358,-1,1346,1358,1354,-1,1354,1358,1357,-1,1749,1750,1751,-1,1352,1353,1452,-1,1452,1353,1752,-1,1452,1752,1451,-1,1451,1752,1753,-1,1451,1753,1450,-1,1450,1753,1754,-1,1450,1754,1449,-1,1449,1754,1755,-1,1449,1755,1448,-1,1448,1755,1756,-1,1448,1756,1447,-1,1447,1756,1757,-1,1447,1757,1446,-1,1446,1757,1758,-1,1446,1758,1445,-1,1445,1758,1759,-1,1445,1759,1444,-1,1444,1759,1749,-1,1444,1749,1443,-1,1443,1749,1751,-1,1443,1751,1748,-1,1349,1351,1353,-1,1353,1351,1760,-1,1353,1760,1752,-1,1752,1760,1761,-1,1752,1761,1753,-1,1753,1761,1762,-1,1753,1762,1754,-1,1754,1762,1763,-1,1754,1763,1755,-1,1755,1763,1764,-1,1755,1764,1756,-1,1756,1764,1765,-1,1756,1765,1757,-1,1757,1765,1766,-1,1757,1766,1758,-1,1758,1766,1767,-1,1758,1767,1759,-1,1759,1767,1768,-1,1759,1768,1749,-1,1749,1768,1769,-1,1749,1769,1750,-1,1770,1771,1350,-1,1350,1349,1770,-1,1770,1349,1352,-1,1770,1352,1772,-1,1772,1352,1390,-1,1772,1390,1773,-1,1773,1390,1389,-1,1773,1389,1774,-1,1774,1389,1431,-1,1774,1431,1775,-1,1775,1431,1387,-1,1775,1387,1776,-1,1776,1387,1386,-1,1776,1386,1777,-1,1777,1386,1416,-1,1777,1416,1778,-1,1778,1416,1384,-1,1778,1384,1779,-1,1779,1384,1383,-1,1779,1383,1780,-1,1383,1402,1780,-1,1780,1402,1397,-1,1780,1397,1781,-1,1781,1397,1381,-1,1781,1381,1782,-1,1782,1381,1380,-1,1782,1380,1783,-1,1783,1380,1355,-1,1783,1355,1784,-1,1784,1355,1354,-1,1784,1354,1785,-1,1785,1354,1357,-1,1785,1357,1786,-1,1786,1357,1356,-1,1786,1356,1787,-1,1787,1356,1676,-1,1787,1676,1788,-1,1788,1676,1360,-1,1788,1360,1789,-1,1789,1360,1359,-1,1789,1359,1790,-1,1790,1359,1656,-1,1790,1656,1791,-1,1791,1656,1643,-1,1791,1643,1792,-1,1792,1643,1622,-1,1792,1622,1793,-1,1793,1622,1621,-1,1793,1621,1794,-1,1794,1621,1363,-1,1794,1363,1795,-1,1795,1363,1362,-1,1795,1362,1796,-1,1796,1362,1599,-1,1796,1599,1797,-1,1797,1599,1798,-1,1599,1366,1798,-1,1798,1366,1365,-1,1798,1365,1799,-1,1799,1365,1579,-1,1799,1579,1800,-1,1800,1579,1369,-1,1368,1801,1369,-1,1369,1801,1802,-1,1369,1802,1800,-1,1546,1372,1803,-1,1803,1372,1371,-1,1803,1371,1804,-1,1368,1547,1801,-1,1801,1547,1546,-1,1801,1546,1805,-1,1805,1546,1803,-1,1371,1515,1804,-1,1804,1515,1375,-1,1804,1375,1806,-1,1806,1375,1374,-1,1806,1374,1807,-1,1503,1808,1377,-1,1377,1808,1809,-1,1807,1374,1810,-1,1810,1374,1728,-1,1810,1728,1809,-1,1809,1728,1378,-1,1809,1378,1377,-1,1811,1812,1813,-1,1814,1815,1816,-1,1817,1818,1819,-1,1820,1812,1821,-1,1821,1812,1811,-1,1821,1811,1822,-1,1823,1813,1824,-1,1824,1813,1812,-1,1824,1812,1825,-1,1825,1812,1820,-1,1825,1820,1826,-1,1827,1823,1828,-1,1828,1823,1824,-1,1828,1824,1829,-1,1829,1824,1825,-1,1829,1825,1830,-1,1830,1825,1826,-1,1830,1826,1831,-1,1832,1827,1833,-1,1833,1827,1828,-1,1833,1828,1834,-1,1834,1828,1829,-1,1834,1829,1835,-1,1835,1829,1830,-1,1835,1830,1836,-1,1836,1830,1831,-1,1836,1831,1837,-1,1838,1839,1840,-1,1841,1832,1842,-1,1842,1832,1833,-1,1842,1833,1843,-1,1843,1833,1834,-1,1843,1834,1844,-1,1844,1834,1835,-1,1844,1835,1845,-1,1845,1835,1836,-1,1845,1836,1846,-1,1846,1836,1837,-1,1846,1837,1814,-1,1847,1839,1848,-1,1848,1839,1838,-1,1848,1838,1849,-1,1801,1805,1850,-1,1850,1805,1849,-1,1850,1849,1851,-1,1851,1849,1838,-1,1851,1838,1852,-1,1852,1838,1840,-1,1852,1840,1853,-1,1819,1854,1817,-1,1817,1854,1855,-1,1817,1855,1856,-1,1856,1855,1857,-1,1856,1857,1858,-1,1858,1857,1859,-1,1858,1859,1860,-1,1860,1859,1861,-1,1860,1861,1862,-1,1862,1861,1863,-1,1862,1863,1864,-1,1864,1863,1865,-1,1854,1866,1855,-1,1855,1866,1867,-1,1855,1867,1857,-1,1857,1867,1868,-1,1857,1868,1859,-1,1859,1868,1869,-1,1859,1869,1861,-1,1861,1869,1870,-1,1861,1870,1863,-1,1863,1870,1871,-1,1863,1871,1865,-1,1865,1871,1872,-1,1866,1873,1867,-1,1867,1873,1874,-1,1867,1874,1868,-1,1868,1874,1875,-1,1868,1875,1869,-1,1869,1875,1876,-1,1869,1876,1870,-1,1870,1876,1877,-1,1870,1877,1871,-1,1871,1877,1878,-1,1871,1878,1872,-1,1872,1878,1879,-1,1872,1879,1797,-1,1797,1879,1796,-1,1880,1881,1882,-1,1882,1881,1883,-1,1882,1883,1884,-1,1884,1883,1885,-1,1884,1885,1886,-1,1886,1885,1887,-1,1886,1887,1888,-1,1888,1887,1889,-1,1888,1889,1890,-1,1890,1889,1891,-1,1890,1891,1892,-1,1892,1891,1893,-1,1881,1894,1883,-1,1883,1894,1895,-1,1883,1895,1885,-1,1885,1895,1896,-1,1885,1896,1887,-1,1887,1896,1897,-1,1887,1897,1889,-1,1889,1897,1898,-1,1889,1898,1891,-1,1891,1898,1899,-1,1891,1899,1893,-1,1893,1899,1900,-1,1894,1901,1895,-1,1895,1901,1902,-1,1895,1902,1896,-1,1896,1902,1903,-1,1896,1903,1897,-1,1897,1903,1904,-1,1897,1904,1898,-1,1898,1904,1905,-1,1898,1905,1899,-1,1899,1905,1906,-1,1899,1906,1900,-1,1900,1906,1907,-1,1900,1907,1791,-1,1791,1907,1790,-1,1908,1909,1910,-1,1910,1909,1911,-1,1910,1911,1912,-1,1912,1911,1913,-1,1912,1913,1914,-1,1914,1913,1915,-1,1914,1915,1916,-1,1916,1915,1917,-1,1916,1917,1918,-1,1918,1917,1919,-1,1918,1919,1920,-1,1920,1919,1921,-1,1909,1922,1911,-1,1911,1922,1923,-1,1911,1923,1913,-1,1913,1923,1924,-1,1913,1924,1915,-1,1915,1924,1925,-1,1915,1925,1917,-1,1917,1925,1926,-1,1917,1926,1919,-1,1919,1926,1927,-1,1919,1927,1921,-1,1921,1927,1928,-1,1922,1929,1923,-1,1923,1929,1930,-1,1923,1930,1924,-1,1924,1930,1931,-1,1924,1931,1925,-1,1925,1931,1932,-1,1925,1932,1926,-1,1926,1932,1933,-1,1926,1933,1927,-1,1927,1933,1934,-1,1927,1934,1928,-1,1928,1934,1935,-1,1928,1935,1785,-1,1785,1935,1784,-1,1936,1937,1938,-1,1938,1937,1939,-1,1938,1939,1940,-1,1940,1939,1941,-1,1940,1941,1942,-1,1942,1941,1943,-1,1942,1943,1944,-1,1944,1943,1945,-1,1944,1945,1946,-1,1946,1945,1947,-1,1946,1947,1948,-1,1948,1947,1949,-1,1937,1950,1939,-1,1939,1950,1951,-1,1939,1951,1941,-1,1941,1951,1952,-1,1941,1952,1943,-1,1943,1952,1953,-1,1943,1953,1945,-1,1945,1953,1954,-1,1945,1954,1947,-1,1947,1954,1955,-1,1947,1955,1949,-1,1949,1955,1956,-1,1950,1957,1951,-1,1951,1957,1958,-1,1951,1958,1952,-1,1952,1958,1959,-1,1952,1959,1953,-1,1953,1959,1960,-1,1953,1960,1954,-1,1954,1960,1961,-1,1954,1961,1955,-1,1955,1961,1962,-1,1955,1962,1956,-1,1956,1962,1963,-1,1956,1963,1779,-1,1779,1963,1778,-1,1964,1965,1966,-1,1966,1965,1967,-1,1966,1967,1968,-1,1968,1967,1969,-1,1968,1969,1970,-1,1970,1969,1971,-1,1970,1971,1972,-1,1972,1971,1973,-1,1972,1973,1974,-1,1974,1973,1975,-1,1974,1975,1976,-1,1976,1975,1977,-1,1965,1978,1967,-1,1967,1978,1979,-1,1967,1979,1969,-1,1969,1979,1980,-1,1969,1980,1971,-1,1971,1980,1981,-1,1971,1981,1973,-1,1973,1981,1982,-1,1973,1982,1975,-1,1975,1982,1983,-1,1975,1983,1977,-1,1977,1983,1984,-1,1978,1985,1979,-1,1979,1985,1986,-1,1979,1986,1980,-1,1980,1986,1987,-1,1980,1987,1981,-1,1981,1987,1988,-1,1981,1988,1982,-1,1982,1988,1989,-1,1982,1989,1983,-1,1983,1989,1990,-1,1983,1990,1984,-1,1984,1990,1991,-1,1984,1991,1773,-1,1773,1991,1772,-1,1818,1992,1993,-1,1993,1992,1994,-1,1993,1994,1995,-1,1995,1994,1996,-1,1995,1996,1997,-1,1997,1996,1998,-1,1997,1998,1999,-1,1999,1998,2000,-1,1999,2000,2001,-1,2001,2000,1809,-1,2001,1809,1808,-1,1992,1853,1994,-1,1994,1853,1840,-1,1994,1840,1996,-1,1996,1840,1839,-1,1996,1839,1998,-1,1998,1839,1847,-1,1998,1847,2000,-1,2000,1847,1810,-1,2000,1810,1809,-1,1805,1803,1849,-1,1849,1803,1804,-1,1849,1804,1848,-1,1848,1804,1806,-1,1848,1806,1847,-1,1847,1806,1807,-1,1847,1807,1810,-1,1818,1817,1992,-1,1992,1817,1856,-1,1992,1856,1853,-1,1853,1856,1858,-1,1853,1858,1852,-1,1852,1858,1860,-1,1852,1860,1851,-1,1851,1860,1862,-1,1851,1862,1850,-1,1850,1862,1864,-1,1850,1864,1801,-1,1797,1798,1872,-1,1872,1798,1799,-1,1872,1799,1865,-1,1865,1799,1800,-1,1865,1800,1864,-1,1864,1800,1802,-1,1864,1802,1801,-1,1873,1880,1874,-1,1874,1880,1882,-1,1874,1882,1875,-1,1875,1882,1884,-1,1875,1884,1876,-1,1876,1884,1886,-1,1876,1886,1877,-1,1877,1886,1888,-1,1877,1888,1878,-1,1878,1888,1890,-1,1878,1890,1879,-1,1879,1890,1892,-1,1879,1892,1796,-1,1791,1792,1900,-1,1900,1792,1793,-1,1900,1793,1893,-1,1893,1793,1794,-1,1893,1794,1892,-1,1892,1794,1795,-1,1892,1795,1796,-1,1901,1908,1902,-1,1902,1908,1910,-1,1902,1910,1903,-1,1903,1910,1912,-1,1903,1912,1904,-1,1904,1912,1914,-1,1904,1914,1905,-1,1905,1914,1916,-1,1905,1916,1906,-1,1906,1916,1918,-1,1906,1918,1907,-1,1907,1918,1920,-1,1907,1920,1790,-1,1785,1786,1928,-1,1928,1786,1787,-1,1928,1787,1921,-1,1921,1787,1788,-1,1921,1788,1920,-1,1920,1788,1789,-1,1920,1789,1790,-1,1929,1936,1930,-1,1930,1936,1938,-1,1930,1938,1931,-1,1931,1938,1940,-1,1931,1940,1932,-1,1932,1940,1942,-1,1932,1942,1933,-1,1933,1942,1944,-1,1933,1944,1934,-1,1934,1944,1946,-1,1934,1946,1935,-1,1935,1946,1948,-1,1935,1948,1784,-1,1779,1780,1956,-1,1956,1780,1781,-1,1956,1781,1949,-1,1949,1781,1782,-1,1949,1782,1948,-1,1948,1782,1783,-1,1948,1783,1784,-1,1957,1964,1958,-1,1958,1964,1966,-1,1958,1966,1959,-1,1959,1966,1968,-1,1959,1968,1960,-1,1960,1968,1970,-1,1960,1970,1961,-1,1961,1970,1972,-1,1961,1972,1962,-1,1962,1972,1974,-1,1962,1974,1963,-1,1963,1974,1976,-1,1963,1976,1778,-1,1773,1774,1984,-1,1984,1774,1775,-1,1984,1775,1977,-1,1977,1775,1776,-1,1977,1776,1976,-1,1976,1776,1777,-1,1976,1777,1778,-1,1770,1772,1841,-1,1841,1772,1991,-1,1841,1991,1832,-1,1832,1991,1990,-1,1832,1990,1827,-1,1827,1990,1989,-1,1827,1989,1823,-1,1823,1989,1988,-1,1823,1988,1813,-1,1813,1988,1987,-1,1813,1987,1811,-1,1811,1987,1986,-1,1811,1986,1822,-1,1822,1986,1985,-1,1814,1816,1846,-1,1846,1816,2002,-1,1846,2002,1845,-1,1845,2002,2003,-1,1845,2003,1844,-1,1844,2003,2004,-1,1844,2004,1843,-1,1843,2004,2005,-1,1843,2005,1842,-1,1842,2005,2006,-1,1842,2006,1841,-1,1841,2006,1771,-1,1841,1771,1770,-1,2007,2008,2009,-1,2010,1819,1818,-1,2011,1816,1815,-1,2012,2008,2013,-1,2013,2008,2007,-1,2013,2007,2014,-1,2015,2009,2016,-1,2016,2009,2008,-1,2016,2008,2017,-1,2017,2008,2012,-1,2017,2012,2018,-1,2019,2015,2020,-1,2020,2015,2016,-1,2020,2016,2021,-1,2021,2016,2017,-1,2021,2017,2022,-1,2022,2017,2018,-1,2022,2018,2023,-1,2024,2019,2025,-1,2025,2019,2020,-1,2025,2020,2026,-1,2026,2020,2021,-1,2026,2021,2027,-1,2027,2021,2022,-1,2027,2022,2028,-1,2028,2022,2023,-1,2028,2023,2029,-1,2030,2031,2032,-1,2033,2024,2034,-1,2034,2024,2025,-1,2034,2025,2035,-1,2035,2025,2026,-1,2035,2026,2036,-1,2036,2026,2027,-1,2036,2027,2037,-1,2037,2027,2028,-1,2037,2028,2038,-1,2038,2028,2029,-1,2038,2029,2010,-1,2039,2031,2040,-1,2040,2031,2030,-1,2040,2030,2041,-1,2042,2043,2044,-1,2044,2043,2041,-1,2044,2041,2045,-1,2045,2041,2030,-1,2045,2030,2046,-1,2046,2030,2032,-1,2046,2032,2047,-1,1815,2048,2011,-1,2011,2048,2049,-1,2011,2049,2050,-1,2050,2049,2051,-1,2050,2051,2052,-1,2052,2051,2053,-1,2052,2053,2054,-1,2054,2053,2055,-1,2054,2055,2056,-1,2056,2055,2057,-1,2056,2057,2058,-1,2058,2057,2059,-1,2048,2060,2049,-1,2049,2060,2061,-1,2049,2061,2051,-1,2051,2061,2062,-1,2051,2062,2053,-1,2053,2062,2063,-1,2053,2063,2055,-1,2055,2063,2064,-1,2055,2064,2057,-1,2057,2064,2065,-1,2057,2065,2059,-1,2059,2065,2066,-1,2060,2067,2061,-1,2061,2067,2068,-1,2061,2068,2062,-1,2062,2068,2069,-1,2062,2069,2063,-1,2063,2069,2070,-1,2063,2070,2064,-1,2064,2070,2071,-1,2064,2071,2065,-1,2065,2071,2072,-1,2065,2072,2066,-1,2066,2072,2073,-1,2066,2073,2074,-1,2074,2073,2075,-1,2076,2077,2078,-1,2078,2077,2079,-1,2078,2079,2080,-1,2080,2079,2081,-1,2080,2081,2082,-1,2082,2081,2083,-1,2082,2083,2084,-1,2084,2083,2085,-1,2084,2085,2086,-1,2086,2085,2087,-1,2086,2087,2088,-1,2088,2087,2089,-1,2077,2090,2079,-1,2079,2090,2091,-1,2079,2091,2081,-1,2081,2091,2092,-1,2081,2092,2083,-1,2083,2092,2093,-1,2083,2093,2085,-1,2085,2093,2094,-1,2085,2094,2087,-1,2087,2094,2095,-1,2087,2095,2089,-1,2089,2095,2096,-1,2090,2097,2091,-1,2091,2097,2098,-1,2091,2098,2092,-1,2092,2098,2099,-1,2092,2099,2093,-1,2093,2099,2100,-1,2093,2100,2094,-1,2094,2100,2101,-1,2094,2101,2095,-1,2095,2101,2102,-1,2095,2102,2096,-1,2096,2102,2103,-1,2096,2103,2104,-1,2104,2103,2105,-1,2106,2107,2108,-1,2108,2107,2109,-1,2108,2109,2110,-1,2110,2109,2111,-1,2110,2111,2112,-1,2112,2111,2113,-1,2112,2113,2114,-1,2114,2113,2115,-1,2114,2115,2116,-1,2116,2115,2117,-1,2116,2117,2118,-1,2118,2117,2119,-1,2107,2120,2109,-1,2109,2120,2121,-1,2109,2121,2111,-1,2111,2121,2122,-1,2111,2122,2113,-1,2113,2122,2123,-1,2113,2123,2115,-1,2115,2123,2124,-1,2115,2124,2117,-1,2117,2124,2125,-1,2117,2125,2119,-1,2119,2125,2126,-1,2120,2127,2121,-1,2121,2127,2128,-1,2121,2128,2122,-1,2122,2128,2129,-1,2122,2129,2123,-1,2123,2129,2130,-1,2123,2130,2124,-1,2124,2130,2131,-1,2124,2131,2125,-1,2125,2131,2132,-1,2125,2132,2126,-1,2126,2132,2133,-1,2126,2133,2134,-1,2134,2133,2135,-1,2136,2137,2138,-1,2138,2137,2139,-1,2138,2139,2140,-1,2140,2139,2141,-1,2140,2141,2142,-1,2142,2141,2143,-1,2142,2143,2144,-1,2144,2143,2145,-1,2144,2145,2146,-1,2146,2145,2147,-1,2146,2147,2148,-1,2148,2147,2149,-1,2137,2150,2139,-1,2139,2150,2151,-1,2139,2151,2141,-1,2141,2151,2152,-1,2141,2152,2143,-1,2143,2152,2153,-1,2143,2153,2145,-1,2145,2153,2154,-1,2145,2154,2147,-1,2147,2154,2155,-1,2147,2155,2149,-1,2149,2155,2156,-1,2150,2157,2151,-1,2151,2157,2158,-1,2151,2158,2152,-1,2152,2158,2159,-1,2152,2159,2153,-1,2153,2159,2160,-1,2153,2160,2154,-1,2154,2160,2161,-1,2154,2161,2155,-1,2155,2161,2162,-1,2155,2162,2156,-1,2156,2162,2163,-1,2156,2163,2164,-1,2164,2163,2165,-1,2166,2167,2168,-1,2168,2167,2169,-1,2168,2169,2170,-1,2170,2169,2171,-1,2170,2171,2172,-1,2172,2171,2173,-1,2172,2173,2174,-1,2174,2173,2175,-1,2174,2175,2176,-1,2176,2175,2177,-1,2176,2177,2178,-1,2178,2177,2179,-1,2167,2180,2169,-1,2169,2180,2181,-1,2169,2181,2171,-1,2171,2181,2182,-1,2171,2182,2173,-1,2173,2182,2183,-1,2173,2183,2175,-1,2175,2183,2184,-1,2175,2184,2177,-1,2177,2184,2185,-1,2177,2185,2179,-1,2179,2185,2186,-1,2180,2187,2181,-1,2181,2187,2188,-1,2181,2188,2182,-1,2182,2188,2189,-1,2182,2189,2183,-1,2183,2189,2190,-1,2183,2190,2184,-1,2184,2190,2191,-1,2184,2191,2185,-1,2185,2191,2192,-1,2185,2192,2186,-1,2186,2192,2193,-1,2186,2193,2194,-1,2194,2193,2195,-1,1816,2196,2002,-1,2002,2196,2197,-1,2002,2197,2003,-1,2003,2197,2198,-1,2003,2198,2004,-1,2004,2198,2199,-1,2004,2199,2005,-1,2005,2199,2200,-1,2005,2200,2006,-1,2006,2200,2201,-1,2006,2201,1771,-1,2196,2047,2197,-1,2197,2047,2032,-1,2197,2032,2198,-1,2198,2032,2031,-1,2198,2031,2199,-1,2199,2031,2039,-1,2199,2039,2200,-1,2200,2039,2202,-1,2200,2202,2201,-1,2043,2203,2041,-1,2041,2203,2204,-1,2041,2204,2040,-1,2040,2204,2205,-1,2040,2205,2039,-1,2039,2205,2206,-1,2039,2206,2202,-1,1816,2011,2196,-1,2196,2011,2050,-1,2196,2050,2047,-1,2047,2050,2052,-1,2047,2052,2046,-1,2046,2052,2054,-1,2046,2054,2045,-1,2045,2054,2056,-1,2045,2056,2044,-1,2044,2056,2058,-1,2044,2058,2042,-1,2074,2207,2066,-1,2066,2207,2208,-1,2066,2208,2059,-1,2059,2208,2209,-1,2059,2209,2058,-1,2058,2209,2210,-1,2058,2210,2042,-1,2067,2076,2068,-1,2068,2076,2078,-1,2068,2078,2069,-1,2069,2078,2080,-1,2069,2080,2070,-1,2070,2080,2082,-1,2070,2082,2071,-1,2071,2082,2084,-1,2071,2084,2072,-1,2072,2084,2086,-1,2072,2086,2073,-1,2073,2086,2088,-1,2073,2088,2075,-1,2104,2211,2096,-1,2096,2211,2212,-1,2096,2212,2089,-1,2089,2212,2213,-1,2089,2213,2088,-1,2088,2213,2214,-1,2088,2214,2075,-1,2097,2106,2098,-1,2098,2106,2108,-1,2098,2108,2099,-1,2099,2108,2110,-1,2099,2110,2100,-1,2100,2110,2112,-1,2100,2112,2101,-1,2101,2112,2114,-1,2101,2114,2102,-1,2102,2114,2116,-1,2102,2116,2103,-1,2103,2116,2118,-1,2103,2118,2105,-1,2134,2215,2126,-1,2126,2215,2216,-1,2126,2216,2119,-1,2119,2216,2217,-1,2119,2217,2118,-1,2118,2217,2218,-1,2118,2218,2105,-1,2127,2136,2128,-1,2128,2136,2138,-1,2128,2138,2129,-1,2129,2138,2140,-1,2129,2140,2130,-1,2130,2140,2142,-1,2130,2142,2131,-1,2131,2142,2144,-1,2131,2144,2132,-1,2132,2144,2146,-1,2132,2146,2133,-1,2133,2146,2148,-1,2133,2148,2135,-1,2164,2219,2156,-1,2156,2219,2220,-1,2156,2220,2149,-1,2149,2220,2221,-1,2149,2221,2148,-1,2148,2221,2222,-1,2148,2222,2135,-1,2157,2166,2158,-1,2158,2166,2168,-1,2158,2168,2159,-1,2159,2168,2170,-1,2159,2170,2160,-1,2160,2170,2172,-1,2160,2172,2161,-1,2161,2172,2174,-1,2161,2174,2162,-1,2162,2174,2176,-1,2162,2176,2163,-1,2163,2176,2178,-1,2163,2178,2165,-1,2194,2223,2186,-1,2186,2223,2224,-1,2186,2224,2179,-1,2179,2224,2225,-1,2179,2225,2178,-1,2178,2225,2226,-1,2178,2226,2165,-1,2227,2195,2033,-1,2033,2195,2193,-1,2033,2193,2024,-1,2024,2193,2192,-1,2024,2192,2019,-1,2019,2192,2191,-1,2019,2191,2015,-1,2015,2191,2190,-1,2015,2190,2009,-1,2009,2190,2189,-1,2009,2189,2007,-1,2007,2189,2188,-1,2007,2188,2014,-1,2014,2188,2187,-1,2010,1818,2038,-1,2038,1818,1993,-1,2038,1993,2037,-1,2037,1993,1995,-1,2037,1995,2036,-1,2036,1995,1997,-1,2036,1997,2035,-1,2035,1997,1999,-1,2035,1999,2034,-1,2034,1999,2001,-1,2034,2001,2033,-1,2033,2001,1808,-1,2033,1808,2227,-1,2227,1808,1503,-1,1503,2228,2227,-1,2227,2228,2229,-1,2227,2229,2195,-1,2195,2229,2230,-1,2195,2230,2194,-1,2194,2230,2231,-1,2194,2231,2223,-1,2223,2231,2232,-1,2223,2232,2224,-1,2224,2232,2233,-1,2224,2233,2225,-1,2225,2233,2234,-1,2225,2234,2226,-1,2226,2234,2235,-1,2226,2235,2165,-1,2165,2235,2236,-1,2165,2236,2164,-1,2164,2236,2237,-1,2164,2237,2219,-1,2219,2237,2238,-1,2219,2238,2220,-1,2238,2239,2220,-1,2220,2239,2240,-1,2220,2240,2221,-1,2221,2240,2241,-1,2221,2241,2222,-1,2222,2241,2242,-1,2222,2242,2135,-1,2135,2242,2243,-1,2135,2243,2134,-1,2134,2243,2244,-1,2134,2244,2215,-1,2215,2244,2245,-1,2215,2245,2216,-1,2216,2245,2246,-1,2216,2246,2217,-1,2217,2246,2247,-1,2217,2247,2218,-1,2218,2247,2248,-1,2218,2248,2105,-1,2105,2248,2249,-1,2105,2249,2104,-1,2104,2249,2250,-1,2104,2250,2211,-1,2211,2250,2251,-1,2211,2251,2212,-1,2212,2251,2252,-1,2212,2252,2213,-1,2213,2252,2253,-1,2213,2253,2214,-1,2214,2253,2254,-1,2214,2254,2075,-1,2075,2254,2255,-1,2075,2255,2074,-1,2074,2255,2256,-1,2074,2256,2207,-1,2207,2256,2257,-1,2207,2257,2208,-1,2208,2257,2258,-1,2208,2258,2209,-1,2258,2259,2209,-1,2209,2259,2260,-1,2209,2260,2210,-1,2210,2260,2261,-1,2210,2261,2042,-1,2042,2261,2262,-1,2042,2262,2043,-1,2043,2262,2263,-1,2043,2263,2203,-1,2203,2263,2264,-1,2203,2264,2204,-1,2204,2264,2265,-1,2204,2265,2205,-1,2205,2265,2266,-1,2205,2266,2206,-1,2206,2266,2267,-1,2206,2267,2202,-1,2202,2267,2268,-1,2202,2268,2201,-1,1350,1771,2269,-1,2269,1771,2201,-1,2269,2201,2270,-1,2270,2201,2268,-1,2271,2272,2273,-1,2274,2275,2276,-1,2277,2278,2279,-1,2228,1503,1393,-1,2229,2228,2280,-1,2243,2242,2277,-1,2245,2244,2281,-1,2248,2247,2282,-1,2254,2253,2283,-1,2257,2256,2284,-1,2260,2259,2285,-1,2264,2263,2286,-1,2267,2266,2287,-1,2269,2270,2288,-1,2277,2242,2278,-1,2278,2242,2241,-1,2278,2241,2240,-1,2289,2237,2236,-1,2290,2234,2233,-1,2291,2231,2230,-1,2292,1760,1351,-1,2293,2279,2294,-1,2294,2279,2278,-1,2294,2278,2295,-1,2295,2278,2240,-1,2295,2240,2239,-1,2296,2293,2297,-1,2297,2293,2294,-1,2297,2294,2298,-1,2298,2294,2295,-1,2298,2295,2299,-1,2299,2295,2239,-1,2299,2239,2238,-1,2300,2296,2301,-1,2301,2296,2297,-1,2301,2297,2302,-1,2302,2297,2298,-1,2302,2298,2303,-1,2303,2298,2299,-1,2303,2299,2289,-1,2289,2299,2238,-1,2289,2238,2237,-1,2304,1763,1762,-1,2305,2300,2306,-1,2306,2300,2301,-1,2306,2301,2307,-1,2307,2301,2302,-1,2307,2302,2308,-1,2308,2302,2303,-1,2308,2303,2309,-1,2309,2303,2289,-1,2309,2289,2310,-1,2310,2289,2236,-1,2310,2236,2235,-1,2311,2305,2312,-1,2312,2305,2306,-1,2312,2306,2313,-1,2313,2306,2307,-1,2313,2307,2314,-1,2314,2307,2308,-1,2314,2308,2315,-1,2315,2308,2309,-1,2315,2309,2316,-1,2316,2309,2310,-1,2316,2310,2290,-1,2290,2310,2235,-1,2290,2235,2234,-1,2317,2311,2318,-1,2318,2311,2312,-1,2318,2312,2319,-1,2319,2312,2313,-1,2319,2313,2320,-1,2320,2313,2314,-1,2320,2314,2321,-1,2321,2314,2315,-1,2321,2315,2322,-1,2322,2315,2316,-1,2322,2316,2323,-1,2323,2316,2290,-1,2323,2290,2324,-1,2324,2290,2233,-1,2324,2233,2232,-1,2325,2317,2326,-1,2326,2317,2318,-1,2326,2318,2327,-1,2327,2318,2319,-1,2327,2319,2328,-1,2328,2319,2320,-1,2328,2320,2329,-1,2329,2320,2321,-1,2329,2321,2330,-1,2330,2321,2322,-1,2330,2322,2331,-1,2331,2322,2323,-1,2331,2323,2332,-1,2332,2323,2324,-1,2332,2324,2291,-1,2291,2324,2232,-1,2291,2232,2231,-1,2333,2334,2335,-1,2336,2325,2337,-1,2337,2325,2326,-1,2337,2326,2338,-1,2338,2326,2327,-1,2338,2327,2339,-1,2339,2327,2328,-1,2339,2328,2340,-1,2340,2328,2329,-1,2340,2329,2341,-1,2341,2329,2330,-1,2341,2330,2342,-1,2342,2330,2331,-1,2342,2331,2343,-1,2343,2331,2332,-1,2343,2332,2344,-1,2344,2332,2291,-1,2344,2291,2345,-1,2345,2291,2230,-1,2345,2230,2229,-1,2346,2334,2347,-1,2347,2334,2333,-1,2347,2333,2348,-1,2349,2350,2351,-1,2351,2350,2348,-1,2351,2348,2352,-1,2352,2348,2333,-1,2352,2333,2353,-1,2353,2333,2335,-1,2353,2335,2354,-1,2355,2356,2357,-1,2357,2356,2358,-1,2357,2358,2359,-1,2359,2358,2360,-1,2359,2360,2361,-1,2361,2360,2362,-1,2361,2362,2363,-1,2363,2362,2364,-1,2363,2364,2365,-1,2365,2364,2304,-1,2365,2304,2366,-1,2366,2304,1762,-1,2366,1762,1761,-1,2367,2368,2369,-1,2369,2368,2355,-1,2369,2355,2370,-1,2370,2355,2357,-1,2370,2357,2371,-1,2371,2357,2359,-1,2371,2359,2372,-1,2372,2359,2361,-1,2372,2361,2373,-1,2373,2361,2363,-1,2373,2363,2374,-1,2374,2363,2365,-1,2374,2365,2375,-1,2375,2365,2366,-1,2375,2366,2376,-1,2376,2366,1761,-1,2376,1761,1760,-1,2377,2378,2379,-1,2379,2378,2380,-1,2379,2380,2381,-1,2381,2380,2382,-1,2381,2382,2383,-1,2383,2382,2384,-1,2383,2384,2385,-1,2385,2384,2386,-1,2385,2386,2387,-1,2387,2386,2388,-1,2387,2388,2389,-1,2389,2388,2390,-1,2389,2390,2391,-1,2391,2390,2392,-1,2391,2392,2393,-1,2393,2392,2292,-1,2393,2292,2394,-1,2394,2292,1351,-1,2394,1351,1350,-1,1350,2269,2394,-1,2394,2269,2288,-1,2394,2288,2393,-1,2393,2288,2395,-1,2393,2395,2391,-1,2391,2395,2396,-1,2391,2396,2389,-1,2389,2396,2397,-1,2389,2397,2387,-1,2387,2397,2398,-1,2387,2398,2385,-1,2385,2398,2399,-1,2385,2399,2383,-1,2383,2399,2400,-1,2383,2400,2381,-1,2381,2400,2401,-1,2381,2401,2379,-1,2379,2401,2402,-1,2379,2402,2377,-1,2377,2402,2403,-1,2377,2403,2404,-1,2404,2403,2405,-1,2266,2265,2287,-1,2287,2265,2406,-1,2287,2406,2407,-1,2407,2406,2408,-1,2407,2408,2409,-1,2409,2408,2410,-1,2409,2410,2411,-1,2411,2410,2412,-1,2411,2412,2413,-1,2413,2412,2414,-1,2413,2414,2415,-1,2415,2414,2416,-1,2415,2416,2417,-1,2417,2416,2418,-1,2417,2418,2419,-1,2419,2418,2420,-1,2419,2420,2421,-1,2421,2420,2422,-1,2421,2422,2423,-1,2423,2422,2424,-1,2265,2264,2406,-1,2406,2264,2286,-1,2406,2286,2408,-1,2408,2286,2425,-1,2408,2425,2410,-1,2410,2425,2426,-1,2410,2426,2412,-1,2412,2426,2427,-1,2412,2427,2414,-1,2414,2427,2428,-1,2414,2428,2416,-1,2416,2428,2429,-1,2416,2429,2418,-1,2418,2429,2430,-1,2418,2430,2420,-1,2420,2430,2431,-1,2420,2431,2422,-1,2422,2431,2432,-1,2422,2432,2424,-1,2424,2432,2433,-1,2424,2433,2434,-1,2434,2433,2435,-1,2262,2261,2436,-1,2436,2261,2437,-1,2436,2437,2438,-1,2438,2437,2439,-1,2438,2439,2440,-1,2440,2439,2441,-1,2440,2441,2442,-1,2442,2441,2443,-1,2442,2443,2444,-1,2444,2443,2445,-1,2444,2445,2446,-1,2446,2445,2447,-1,2446,2447,2448,-1,2448,2447,2449,-1,2448,2449,2450,-1,2450,2449,2451,-1,2450,2451,2452,-1,2452,2451,2453,-1,2452,2453,2454,-1,2454,2453,2455,-1,2261,2260,2437,-1,2437,2260,2285,-1,2437,2285,2439,-1,2439,2285,2456,-1,2439,2456,2441,-1,2441,2456,2457,-1,2441,2457,2443,-1,2443,2457,2458,-1,2443,2458,2445,-1,2445,2458,2459,-1,2445,2459,2447,-1,2447,2459,2460,-1,2447,2460,2449,-1,2449,2460,2461,-1,2449,2461,2451,-1,2451,2461,2462,-1,2451,2462,2453,-1,2453,2462,2463,-1,2453,2463,2455,-1,2455,2463,2464,-1,2455,2464,2465,-1,2465,2464,2466,-1,2258,2257,2467,-1,2467,2257,2284,-1,2467,2284,2468,-1,2468,2284,2469,-1,2468,2469,2470,-1,2470,2469,2471,-1,2470,2471,2472,-1,2472,2471,2473,-1,2472,2473,2474,-1,2474,2473,2475,-1,2474,2475,2476,-1,2476,2475,2477,-1,2476,2477,2478,-1,2478,2477,2479,-1,2478,2479,2480,-1,2480,2479,2481,-1,2480,2481,2482,-1,2482,2481,2483,-1,2482,2483,2484,-1,2484,2483,2485,-1,2256,2255,2284,-1,2284,2255,2486,-1,2284,2486,2469,-1,2469,2486,2487,-1,2469,2487,2471,-1,2471,2487,2488,-1,2471,2488,2473,-1,2473,2488,2489,-1,2473,2489,2475,-1,2475,2489,2490,-1,2475,2490,2477,-1,2477,2490,2491,-1,2477,2491,2479,-1,2479,2491,2492,-1,2479,2492,2481,-1,2481,2492,2493,-1,2481,2493,2483,-1,2483,2493,2494,-1,2483,2494,2485,-1,2485,2494,2495,-1,2255,2254,2486,-1,2486,2254,2283,-1,2486,2283,2487,-1,2487,2283,2496,-1,2487,2496,2488,-1,2488,2496,2497,-1,2488,2497,2489,-1,2489,2497,2498,-1,2489,2498,2490,-1,2490,2498,2499,-1,2490,2499,2491,-1,2491,2499,2500,-1,2491,2500,2492,-1,2492,2500,2501,-1,2492,2501,2493,-1,2493,2501,2502,-1,2493,2502,2494,-1,2494,2502,2503,-1,2494,2503,2495,-1,2495,2503,2504,-1,2495,2504,2505,-1,2505,2504,2506,-1,2252,2251,2507,-1,2507,2251,2508,-1,2507,2508,2509,-1,2509,2508,2510,-1,2509,2510,2511,-1,2511,2510,2512,-1,2511,2512,2513,-1,2513,2512,2514,-1,2513,2514,2515,-1,2515,2514,2516,-1,2515,2516,2517,-1,2517,2516,2518,-1,2517,2518,2519,-1,2519,2518,2520,-1,2519,2520,2521,-1,2521,2520,2522,-1,2521,2522,2523,-1,2523,2522,2524,-1,2523,2524,2525,-1,2525,2524,2526,-1,2251,2250,2508,-1,2508,2250,2527,-1,2508,2527,2510,-1,2510,2527,2528,-1,2510,2528,2512,-1,2512,2528,2529,-1,2512,2529,2514,-1,2514,2529,2530,-1,2514,2530,2516,-1,2516,2530,2531,-1,2516,2531,2518,-1,2518,2531,2532,-1,2518,2532,2520,-1,2520,2532,2533,-1,2520,2533,2522,-1,2522,2533,2534,-1,2522,2534,2524,-1,2524,2534,2535,-1,2524,2535,2526,-1,2526,2535,2536,-1,2526,2536,2537,-1,2537,2536,2538,-1,2249,2248,2539,-1,2539,2248,2282,-1,2539,2282,2540,-1,2540,2282,2541,-1,2540,2541,2542,-1,2542,2541,2543,-1,2542,2543,2544,-1,2544,2543,2545,-1,2544,2545,2546,-1,2546,2545,2547,-1,2546,2547,2548,-1,2548,2547,2549,-1,2548,2549,2550,-1,2550,2549,2551,-1,2550,2551,2552,-1,2552,2551,2553,-1,2552,2553,2554,-1,2554,2553,2555,-1,2554,2555,2556,-1,2556,2555,2557,-1,2247,2246,2282,-1,2282,2246,2558,-1,2282,2558,2541,-1,2541,2558,2559,-1,2541,2559,2543,-1,2543,2559,2560,-1,2543,2560,2545,-1,2545,2560,2561,-1,2545,2561,2547,-1,2547,2561,2562,-1,2547,2562,2549,-1,2549,2562,2563,-1,2549,2563,2551,-1,2551,2563,2564,-1,2551,2564,2553,-1,2553,2564,2565,-1,2553,2565,2555,-1,2555,2565,2566,-1,2555,2566,2557,-1,2557,2566,2567,-1,2246,2245,2558,-1,2558,2245,2281,-1,2558,2281,2559,-1,2559,2281,2568,-1,2559,2568,2560,-1,2560,2568,2569,-1,2560,2569,2561,-1,2561,2569,2570,-1,2561,2570,2562,-1,2562,2570,2571,-1,2562,2571,2563,-1,2563,2571,2572,-1,2563,2572,2564,-1,2564,2572,2573,-1,2564,2573,2565,-1,2565,2573,2574,-1,2565,2574,2566,-1,2566,2574,2575,-1,2566,2575,2567,-1,2567,2575,2576,-1,2567,2576,2577,-1,2577,2576,2578,-1,1764,2354,1765,-1,1765,2354,2335,-1,1765,2335,1766,-1,1766,2335,2334,-1,1766,2334,1767,-1,1767,2334,2346,-1,1767,2346,1768,-1,1768,2346,2579,-1,1768,2579,1769,-1,2350,2580,2348,-1,2348,2580,2581,-1,2348,2581,2347,-1,2347,2581,2582,-1,2347,2582,2346,-1,2346,2582,2583,-1,2346,2583,2579,-1,2275,2349,2276,-1,2276,2349,2351,-1,2276,2351,2584,-1,2584,2351,2352,-1,2584,2352,2585,-1,2585,2352,2353,-1,2585,2353,2586,-1,2586,2353,2354,-1,2586,2354,2587,-1,2587,2354,1764,-1,2587,1764,1763,-1,1763,2304,2587,-1,2587,2304,2364,-1,2587,2364,2586,-1,2586,2364,2362,-1,2586,2362,2585,-1,2585,2362,2360,-1,2585,2360,2584,-1,2584,2360,2358,-1,2584,2358,2276,-1,2276,2358,2356,-1,2276,2356,2274,-1,2368,2588,2355,-1,2355,2588,2589,-1,2355,2589,2356,-1,2356,2589,2590,-1,2356,2590,2274,-1,1760,2292,2376,-1,2376,2292,2392,-1,2376,2392,2375,-1,2375,2392,2390,-1,2375,2390,2374,-1,2374,2390,2388,-1,2374,2388,2373,-1,2373,2388,2386,-1,2373,2386,2372,-1,2372,2386,2384,-1,2372,2384,2371,-1,2371,2384,2382,-1,2371,2382,2370,-1,2370,2382,2380,-1,2370,2380,2369,-1,2369,2380,2378,-1,2369,2378,2367,-1,2404,2591,2377,-1,2377,2591,2592,-1,2377,2592,2378,-1,2378,2592,2593,-1,2378,2593,2367,-1,2272,2405,2273,-1,2273,2405,2403,-1,2273,2403,2594,-1,2594,2403,2402,-1,2594,2402,2595,-1,2595,2402,2401,-1,2595,2401,2596,-1,2596,2401,2400,-1,2596,2400,2597,-1,2597,2400,2399,-1,2597,2399,2598,-1,2598,2399,2398,-1,2598,2398,2599,-1,2599,2398,2397,-1,2599,2397,2600,-1,2600,2397,2396,-1,2600,2396,2601,-1,2601,2396,2395,-1,2601,2395,2602,-1,2602,2395,2288,-1,2602,2288,2268,-1,2268,2288,2270,-1,2268,2267,2602,-1,2602,2267,2287,-1,2602,2287,2601,-1,2601,2287,2407,-1,2601,2407,2600,-1,2600,2407,2409,-1,2600,2409,2599,-1,2599,2409,2411,-1,2599,2411,2598,-1,2598,2411,2413,-1,2598,2413,2597,-1,2597,2413,2415,-1,2597,2415,2596,-1,2596,2415,2417,-1,2596,2417,2595,-1,2595,2417,2419,-1,2595,2419,2594,-1,2594,2419,2421,-1,2594,2421,2273,-1,2273,2421,2423,-1,2273,2423,2271,-1,2434,2603,2424,-1,2424,2603,2604,-1,2424,2604,2423,-1,2423,2604,2605,-1,2423,2605,2271,-1,2263,2262,2286,-1,2286,2262,2436,-1,2286,2436,2425,-1,2425,2436,2438,-1,2425,2438,2426,-1,2426,2438,2440,-1,2426,2440,2427,-1,2427,2440,2442,-1,2427,2442,2428,-1,2428,2442,2444,-1,2428,2444,2429,-1,2429,2444,2446,-1,2429,2446,2430,-1,2430,2446,2448,-1,2430,2448,2431,-1,2431,2448,2450,-1,2431,2450,2432,-1,2432,2450,2452,-1,2432,2452,2433,-1,2433,2452,2454,-1,2433,2454,2435,-1,2465,2606,2455,-1,2455,2606,2607,-1,2455,2607,2454,-1,2454,2607,2608,-1,2454,2608,2435,-1,2609,2466,2484,-1,2484,2466,2464,-1,2484,2464,2482,-1,2482,2464,2463,-1,2482,2463,2480,-1,2480,2463,2462,-1,2480,2462,2478,-1,2478,2462,2461,-1,2478,2461,2476,-1,2476,2461,2460,-1,2476,2460,2474,-1,2474,2460,2459,-1,2474,2459,2472,-1,2472,2459,2458,-1,2472,2458,2470,-1,2470,2458,2457,-1,2470,2457,2468,-1,2468,2457,2456,-1,2468,2456,2467,-1,2467,2456,2285,-1,2467,2285,2258,-1,2258,2285,2259,-1,2505,2610,2495,-1,2495,2610,2611,-1,2495,2611,2485,-1,2485,2611,2612,-1,2485,2612,2484,-1,2484,2612,2613,-1,2484,2613,2609,-1,2253,2252,2283,-1,2283,2252,2507,-1,2283,2507,2496,-1,2496,2507,2509,-1,2496,2509,2497,-1,2497,2509,2511,-1,2497,2511,2498,-1,2498,2511,2513,-1,2498,2513,2499,-1,2499,2513,2515,-1,2499,2515,2500,-1,2500,2515,2517,-1,2500,2517,2501,-1,2501,2517,2519,-1,2501,2519,2502,-1,2502,2519,2521,-1,2502,2521,2503,-1,2503,2521,2523,-1,2503,2523,2504,-1,2504,2523,2525,-1,2504,2525,2506,-1,2537,2614,2526,-1,2526,2614,2615,-1,2526,2615,2525,-1,2525,2615,2616,-1,2525,2616,2506,-1,2617,2538,2556,-1,2556,2538,2536,-1,2556,2536,2554,-1,2554,2536,2535,-1,2554,2535,2552,-1,2552,2535,2534,-1,2552,2534,2550,-1,2550,2534,2533,-1,2550,2533,2548,-1,2548,2533,2532,-1,2548,2532,2546,-1,2546,2532,2531,-1,2546,2531,2544,-1,2544,2531,2530,-1,2544,2530,2542,-1,2542,2530,2529,-1,2542,2529,2540,-1,2540,2529,2528,-1,2540,2528,2539,-1,2539,2528,2527,-1,2539,2527,2249,-1,2249,2527,2250,-1,2577,2618,2567,-1,2567,2618,2619,-1,2567,2619,2557,-1,2557,2619,2620,-1,2557,2620,2556,-1,2556,2620,2621,-1,2556,2621,2617,-1,2622,2578,2336,-1,2336,2578,2576,-1,2336,2576,2325,-1,2325,2576,2575,-1,2325,2575,2317,-1,2317,2575,2574,-1,2317,2574,2311,-1,2311,2574,2573,-1,2311,2573,2305,-1,2305,2573,2572,-1,2305,2572,2300,-1,2300,2572,2571,-1,2300,2571,2296,-1,2296,2571,2570,-1,2296,2570,2293,-1,2293,2570,2569,-1,2293,2569,2279,-1,2279,2569,2568,-1,2279,2568,2277,-1,2277,2568,2281,-1,2277,2281,2243,-1,2243,2281,2244,-1,2623,2624,2625,-1,2229,2280,2345,-1,2345,2280,2626,-1,2345,2626,2344,-1,2344,2626,2627,-1,2344,2627,2343,-1,2343,2627,2628,-1,2343,2628,2342,-1,2342,2628,2629,-1,2342,2629,2341,-1,2341,2629,2630,-1,2341,2630,2340,-1,2340,2630,2631,-1,2340,2631,2339,-1,2339,2631,2632,-1,2339,2632,2338,-1,2338,2632,2633,-1,2338,2633,2337,-1,2337,2633,2623,-1,2337,2623,2336,-1,2336,2623,2625,-1,2336,2625,2622,-1,2228,1393,2280,-1,2280,1393,1392,-1,2280,1392,2626,-1,2626,1392,1474,-1,2626,1474,2627,-1,2627,1474,1409,-1,2627,1409,2628,-1,2628,1409,1408,-1,2628,1408,2629,-1,2629,1408,1698,-1,2629,1698,2630,-1,2630,1698,1699,-1,2630,1699,2631,-1,2631,1699,1700,-1,2631,1700,2632,-1,2632,1700,1701,-1,2632,1701,2633,-1,2633,1701,1702,-1,2633,1702,2623,-1,2623,1702,1704,-1,2623,1704,2624,-1,1769,2579,2634,-1,2634,2579,2635,-1,2581,2636,2582,-1,2582,2636,2635,-1,2582,2635,2583,-1,2583,2635,2579,-1,2581,2580,2636,-1,2636,2580,2350,-1,2636,2350,2637,-1,2350,2349,2637,-1,2637,2349,2275,-1,2637,2275,2638,-1,2275,2274,2638,-1,2638,2274,2590,-1,2638,2590,2639,-1,2639,2590,2589,-1,2639,2589,2640,-1,2640,2589,2588,-1,2640,2588,2368,-1,2592,2641,2593,-1,2593,2641,2640,-1,2593,2640,2367,-1,2367,2640,2368,-1,2592,2591,2641,-1,2641,2591,2404,-1,2641,2404,2642,-1,2404,2405,2642,-1,2642,2405,2272,-1,2642,2272,2643,-1,2272,2271,2643,-1,2643,2271,2605,-1,2643,2605,2644,-1,2644,2605,2604,-1,2644,2604,2645,-1,2645,2604,2603,-1,2645,2603,2434,-1,2607,2646,2608,-1,2608,2646,2645,-1,2608,2645,2435,-1,2435,2645,2434,-1,2607,2606,2646,-1,2646,2606,2465,-1,2646,2465,2647,-1,2465,2466,2647,-1,2647,2466,2609,-1,2647,2609,2648,-1,2609,2613,2648,-1,2648,2613,2612,-1,2648,2612,2649,-1,2649,2612,2611,-1,2649,2611,2650,-1,2650,2611,2610,-1,2650,2610,2505,-1,2615,2651,2616,-1,2616,2651,2650,-1,2616,2650,2506,-1,2506,2650,2505,-1,2615,2614,2651,-1,2651,2614,2537,-1,2651,2537,2652,-1,2537,2538,2652,-1,2652,2538,2617,-1,2652,2617,2653,-1,2619,2654,2620,-1,2620,2654,2653,-1,2620,2653,2621,-1,2621,2653,2617,-1,2619,2618,2654,-1,2654,2618,2577,-1,2654,2577,2655,-1,2577,2578,2655,-1,2655,2578,2622,-1,2655,2622,2656,-1,1704,2657,2624,-1,2624,2657,2656,-1,2624,2656,2625,-1,2625,2656,2622,-1,1704,1703,2657,-1,2657,1703,2658,-1,1703,1708,2658,-1,2658,1708,1707,-1,2658,1707,2659,-1,1457,2660,1705,-1,1705,2660,2659,-1,1705,2659,1706,-1,1706,2659,1707,-1,1457,1456,2660,-1,2660,1456,1344,-1,2660,1344,2661,-1,1344,1343,2661,-1,2661,1343,1715,-1,2661,1715,2662,-1,2662,1715,1714,-1,2662,1714,2663,-1,2663,1714,1713,-1,2663,1713,1476,-1,1476,1475,2663,-1,2663,1475,1718,-1,2663,1718,2664,-1,1513,2665,1716,-1,1716,2665,2664,-1,1716,2664,1717,-1,1717,2664,1718,-1,1513,1514,2665,-1,2665,1514,1341,-1,2665,1341,2666,-1,1341,1340,2666,-1,2666,1340,1731,-1,2666,1731,2667,-1,2667,1731,1730,-1,2667,1730,2668,-1,2668,1730,1729,-1,2668,1729,1544,-1,1544,1545,2668,-1,2668,1545,1734,-1,2668,1734,2669,-1,1577,2670,1732,-1,1732,2670,2669,-1,1732,2669,1733,-1,1733,2669,1734,-1,1577,1578,2670,-1,2670,1578,1735,-1,2670,1735,2671,-1,1735,1739,2671,-1,2671,1739,1738,-1,2671,1738,2672,-1,2672,1738,1737,-1,2672,1737,2673,-1,2673,1737,1736,-1,2673,1736,1619,-1,1619,1620,2673,-1,2673,1620,1742,-1,2673,1742,2674,-1,1654,2675,1740,-1,1740,2675,2674,-1,1740,2674,1741,-1,1741,2674,1742,-1,1654,1655,2675,-1,2675,1655,1743,-1,2675,1743,2676,-1,1743,1747,2676,-1,2676,1747,1746,-1,2676,1746,2677,-1,1696,2678,1744,-1,1744,2678,2677,-1,1744,2677,1745,-1,1745,2677,1746,-1,1696,1697,2678,-1,2678,1697,1748,-1,2678,1748,2679,-1,1769,2634,1750,-1,1750,2634,2679,-1,1750,2679,1751,-1,1751,2679,1748,-1,2643,2120,2642,-1,2642,2120,2107,-1,2642,2107,2641,-1,2641,2107,2106,-1,2641,2106,2640,-1,2640,2106,2097,-1,2640,2097,2639,-1,2639,2097,2090,-1,2639,2090,2638,-1,2638,2090,2077,-1,2638,2077,2637,-1,2077,2076,2637,-1,2637,2076,2067,-1,2637,2067,2636,-1,2636,2067,2060,-1,2636,2060,2635,-1,2635,2060,2048,-1,2635,2048,2634,-1,2634,2048,1815,-1,2634,1815,2679,-1,2679,1815,1814,-1,2679,1814,2678,-1,2678,1814,1837,-1,2678,1837,2677,-1,2654,2018,2653,-1,2653,2018,2012,-1,2653,2012,2652,-1,2652,2012,2013,-1,2652,2013,2651,-1,2651,2013,2014,-1,2651,2014,2650,-1,2650,2014,2187,-1,2650,2187,2649,-1,2649,2187,2180,-1,2649,2180,2648,-1,2180,2167,2648,-1,2648,2167,2166,-1,2648,2166,2647,-1,2647,2166,2157,-1,2647,2157,2646,-1,2646,2157,2150,-1,2646,2150,2645,-1,2645,2150,2137,-1,2645,2137,2644,-1,2644,2137,2136,-1,2644,2136,2643,-1,2643,2136,2127,-1,2643,2127,2120,-1,1837,1831,2677,-1,2677,1831,1826,-1,2677,1826,2676,-1,2676,1826,1820,-1,2676,1820,2675,-1,2675,1820,1821,-1,2675,1821,2674,-1,2674,1821,1822,-1,2674,1822,2673,-1,2673,1822,1985,-1,2673,1985,2672,-1,2672,1985,1978,-1,2672,1978,2671,-1,2660,1873,2659,-1,2659,1873,1866,-1,2659,1866,2658,-1,2658,1866,1854,-1,2658,1854,2657,-1,2657,1854,1819,-1,2657,1819,2656,-1,2656,1819,2010,-1,2656,2010,2655,-1,2655,2010,2029,-1,2655,2029,2654,-1,2654,2029,2023,-1,2654,2023,2018,-1,1978,1965,2671,-1,2671,1965,1964,-1,2671,1964,2670,-1,2670,1964,1957,-1,2670,1957,2669,-1,2669,1957,1950,-1,2669,1950,2668,-1,2668,1950,1937,-1,2668,1937,2667,-1,2667,1937,1936,-1,2667,1936,2666,-1,1936,1929,2666,-1,2666,1929,1922,-1,2666,1922,2665,-1,2665,1922,1909,-1,2665,1909,2664,-1,2664,1909,1908,-1,2664,1908,2663,-1,2663,1908,1901,-1,2663,1901,2662,-1,2662,1901,1894,-1,2662,1894,2661,-1,2661,1894,1881,-1,2661,1881,2660,-1,2660,1881,1880,-1,2660,1880,1873,-1,
        ]
    }
}