ISO-10303-21;
HEADER;
FILE_DESCRIPTION (( 'STEP AP214' ),
    '1' );
FILE_NAME ('MLX90640_41_FOV_55_asm.STEP',
    '2025-11-18T09:55:35',
    ( '' ),
    ( '' ),
    'SwSTEP 2.0',
    'SolidWorks 2021',
    '' );
FILE_SCHEMA (( 'AUTOMOTIVE_DESIGN' ));
ENDSEC;

DATA;
#1 = SURFACE_STYLE_USAGE ( .BOTH. , #5270 ) ;
#2 = EDGE_LOOP ( 'NONE', ( #4663, #2179, #3595, #96 ) ) ;
#3 = FACE_BOUND ( 'NONE', #3079, .T. ) ;
#4 = SURFACE_SIDE_STYLE ('',( #4446 ) ) ;
#5 = EDGE_LOOP ( 'NONE', ( #2516, #1596, #2615, #2638 ) ) ;
#6 =( NAMED_UNIT ( * ) SI_UNIT ( $, .STERADIAN. ) SOLID_ANGLE_UNIT ( ) );
#7 = ORIENTED_EDGE ( 'NONE', *, *, #1610, .F. ) ;
#8 = LINE ( 'NONE', #1801, #4467 ) ;
#9 = DIRECTION ( 'NONE',  ( -0.001909665404934782163, -0.0004150339064418032717, 0.9999980904606257104 ) ) ;
#10 = DIRECTION ( 'NONE',  ( 3.225526565811033815E-15, 1.336570354578135212E-15, -1.000000000000000000 ) ) ;
#11 = EDGE_CURVE ( 'NONE', #469, #1528, #2037, .T. ) ;
#12 =( LENGTH_UNIT ( ) NAMED_UNIT ( * ) SI_UNIT ( .MILLI., .METRE. ) );
#13 = FILL_AREA_STYLE ('',( #4454 ) ) ;
#14 = PRESENTATION_LAYER_ASSIGNMENT (  '', '', ( #4459 ) ) ;
#15 = SURFACE_SIDE_STYLE ('',( #3493 ) ) ;
#16 = EDGE_LOOP ( 'NONE', ( #795, #1316, #1425, #1689 ) ) ;
#17 = ORIENTED_EDGE ( 'NONE', *, *, #2945, .T. ) ;
#18 = PRESENTATION_STYLE_ASSIGNMENT (( #5283 ) ) ;
#19 = EDGE_LOOP ( 'NONE', ( #3268, #1950, #2610, #4032 ) ) ;
#20 =( GEOMETRIC_REPRESENTATION_CONTEXT ( 3 ) GLOBAL_UNCERTAINTY_ASSIGNED_CONTEXT ( ( #4985 ) ) GLOBAL_UNIT_ASSIGNED_CONTEXT ( ( #877, #961, #1748 ) ) REPRESENTATION_CONTEXT ( 'NONE', 'WORKASPACE' ) );
#21 = CARTESIAN_POINT ( 'NONE',  ( -4.535794874127788923, -0.9857793205869926911, 10.39018118455298278 ) ) ;
#22 = CARTESIAN_POINT ( 'NONE',  ( -4.050444782364409413, -0.8802965778742618541, 6.929999999999983729 ) ) ;
#23 = EDGE_CURVE ( 'NONE', #4510, #4148, #5260, .T. ) ;
#24 = DIRECTION ( 'NONE',  ( -3.225526565811033815E-15, -1.336570354578135212E-15, 1.000000000000000000 ) ) ;
#25 = VECTOR ( 'NONE', #4845, 1000.000000000000000 ) ;
#26 = PRESENTATION_LAYER_ASSIGNMENT (  '', '', ( #2518 ) ) ;
#27 = CARTESIAN_POINT ( 'NONE',  ( -3.525687651962963310E-14, -1.460948933133654731E-14, 11.00000047737999864 ) ) ;
#28 = PRESENTATION_STYLE_ASSIGNMENT (( #2163 ) ) ;
#29 = SURFACE_STYLE_USAGE ( .BOTH. , #1769 ) ;
#30 = VECTOR ( 'NONE', #3909, 1000.000000000000000 ) ;
#31 = ORIENTED_EDGE ( 'NONE', *, *, #5310, .T. ) ;
#32 = CARTESIAN_POINT ( 'NONE',  ( 1.486600059368127891, 2.851003631065886168, -0.2031249999999906464 ) ) ;
#33 = FILL_AREA_STYLE ('',( #4011 ) ) ;
#34 = ORIENTED_EDGE ( 'NONE', *, *, #4262, .F. ) ;
#35 = ORIENTED_EDGE ( 'NONE', *, *, #2317, .T. ) ;
#36 = ADVANCED_FACE ( 'NONE', ( #5168 ), #2994, .T. ) ;
#37 = DIRECTION ( 'NONE',  ( 3.225526565811032632E-15, 1.336570354578134620E-15, -1.000000000000000000 ) ) ;
#38 =( LENGTH_UNIT ( ) NAMED_UNIT ( * ) SI_UNIT ( .MILLI., .METRE. ) );
#39 = FILL_AREA_STYLE_COLOUR ( '', #2011 ) ;
#40 = DIRECTION ( 'NONE',  ( -3.225526565811033815E-15, -1.336570354578135212E-15, 1.000000000000000000 ) ) ;
#41 = ORIENTED_EDGE ( 'NONE', *, *, #3236, .T. ) ;
#42 = CARTESIAN_POINT ( 'NONE',  ( 1.117802175242610163, -2.697576374641298624, 0.1499999999999999667 ) ) ;
#43 = CIRCLE ( 'NONE', #2014, 0.2000000000000001499 ) ;
#44 = FACE_OUTER_BOUND ( 'NONE', #2041, .T. ) ;
#45 = SURFACE_SIDE_STYLE ('',( #4026 ) ) ;
#46 = SURFACE_SIDE_STYLE ('',( #3141 ) ) ;
#47 = CARTESIAN_POINT ( 'NONE',  ( -1.923102355616161662E-14, -7.968812362547207191E-15, 6.049999999996999556 ) ) ;
#48 = DIRECTION ( 'NONE',  ( 3.225526565811033815E-15, 1.336570354578135212E-15, -1.000000000000000000 ) ) ;
#49 = PRESENTATION_LAYER_ASSIGNMENT (  '', '', ( #1811 ) ) ;
#50 = PRESENTATION_STYLE_ASSIGNMENT (( #956 ) ) ;
#51 = ADVANCED_FACE ( 'NONE', ( #5624, #1684 ), #3432, .T. ) ;
#52 = MECHANICAL_DESIGN_GEOMETRIC_PRESENTATION_REPRESENTATION (  '', ( #3758 ), #1464 ) ;
#53 = LINE ( 'NONE', #1313, #25 ) ;
#54 = CIRCLE ( 'NONE', #806, 0.5600000000000001643 ) ;
#55 = VERTEX_POINT ( 'NONE', #2214 ) ;
#56 = CLOSED_SHELL ( 'NONE', ( #168, #499, #1786, #3308, #3153, #2190, #3144, #2539, #701, #3794, #2157, #2935, #5307, #1715, #4558, #4306, #3129, #2973, #605, #5233 ) ) ;
#57 = MECHANICAL_DESIGN_GEOMETRIC_PRESENTATION_REPRESENTATION (  '', ( #5408 ), #4226 ) ;
#58 = DIRECTION ( 'NONE',  ( 0.9238275255624820437, 0.3828089641232313989, 3.854941057726237900E-15 ) ) ;
#59 = ORIENTED_EDGE ( 'NONE', *, *, #4448, .F. ) ;
#60 = PRESENTATION_LAYER_ASSIGNMENT (  '', '', ( #1280 ) ) ;
#61 = MECHANICAL_DESIGN_GEOMETRIC_PRESENTATION_REPRESENTATION (  '', ( #4322 ), #1551 ) ;
#62 = STYLED_ITEM ( 'NONE', ( #4082 ), #455 ) ;
#63 = CARTESIAN_POINT ( 'NONE',  ( 1.117802175242610163, -2.697576374641298624, 0.1499999999999999667 ) ) ;
#64 = CIRCLE ( 'NONE', #328, 4.570000000000001172 ) ;
#65 = COLOUR_RGB ( '',0.2235294117647058654, 0.2235294117647058654, 0.2235294117647058654 ) ;
#66 = EDGE_CURVE ( 'NONE', #1273, #178, #4965, .T. ) ;
#67 = ORIENTED_EDGE ( 'NONE', *, *, #1220, .T. ) ;
#68 = COLOUR_RGB ( '',0.2235294117647058654, 0.2235294117647058654, 0.2235294117647058654 ) ;
#69 = VECTOR ( 'NONE', #4770, 999.9999999999998863 ) ;
#70 = FILL_AREA_STYLE ('',( #1787 ) ) ;
#71 = DIRECTION ( 'NONE',  ( 0.9238275255624818216, 0.3828089641232323981, 3.491481338843132566E-15 ) ) ;
#72 = AXIS2_PLACEMENT_3D ( 'NONE', #5355, #2663, #427 ) ;
#73 = STYLED_ITEM ( 'NONE', ( #3831 ), #4757 ) ;
#74 = ORIENTED_EDGE ( 'NONE', *, *, #3376, .T. ) ;
#75 =( NAMED_UNIT ( * ) SI_UNIT ( $, .STERADIAN. ) SOLID_ANGLE_UNIT ( ) );
#76 = DIRECTION ( 'NONE',  ( 0.9771881260227711641, 0.2123755314533780914, 3.555984958308858672E-15 ) ) ;
#77 = DIRECTION ( 'NONE',  ( -0.9238275255624818216, -0.3828089641232322871, -6.195440985631453345E-15 ) ) ;
#78 = ADVANCED_FACE ( 'NONE', ( #1803 ), #5386, .T. ) ;
#79 = FACE_OUTER_BOUND ( 'NONE', #2769, .T. ) ;
#80 = EDGE_LOOP ( 'NONE', ( #4554, #1565, #5186, #693 ) ) ;
#81 = DIRECTION ( 'NONE',  ( 3.225526565811033815E-15, 1.336570354578135212E-15, -1.000000000000000000 ) ) ;
#82 = CARTESIAN_POINT ( 'NONE',  ( -2.884653533424242651E-14, -1.195321854382081158E-14, 9.100125019537001592 ) ) ;
#83 = EDGE_LOOP ( 'NONE', ( #1198, #4257, #5202, #2796 ) ) ;
#84 =( NAMED_UNIT ( * ) SI_UNIT ( $, .STERADIAN. ) SOLID_ANGLE_UNIT ( ) );
#85 = FILL_AREA_STYLE ('',( #4077 ) ) ;
#86 = LINE ( 'NONE', #2670, #4335 ) ;
#87 = ORIENTED_EDGE ( 'NONE', *, *, #3071, .T. ) ;
#88 =( LENGTH_UNIT ( ) NAMED_UNIT ( * ) SI_UNIT ( .MILLI., .METRE. ) );
#89 =( NAMED_UNIT ( * ) PLANE_ANGLE_UNIT ( ) SI_UNIT ( $, .RADIAN. ) );
#90 = EDGE_CURVE ( 'NONE', #2096, #3449, #3615, .T. ) ;
#91 = SURFACE_STYLE_FILL_AREA ( #1559 ) ;
#92 = SURFACE_STYLE_USAGE ( .BOTH. , #46 ) ;
#93 =( GEOMETRIC_REPRESENTATION_CONTEXT ( 3 ) GLOBAL_UNCERTAINTY_ASSIGNED_CONTEXT ( ( #5040 ) ) GLOBAL_UNIT_ASSIGNED_CONTEXT ( ( #3972, #3620, #4428 ) ) REPRESENTATION_CONTEXT ( 'NONE', 'WORKASPACE' ) );
#94 = SURFACE_STYLE_FILL_AREA ( #501 ) ;
#95 = ORIENTED_EDGE ( 'NONE', *, *, #3217, .T. ) ;
#96 = ORIENTED_EDGE ( 'NONE', *, *, #213, .F. ) ;
#97 = ADVANCED_FACE ( 'NONE', ( #4103 ), #1346, .T. ) ;
#98 =( NAMED_UNIT ( * ) SI_UNIT ( $, .STERADIAN. ) SOLID_ANGLE_UNIT ( ) );
#99 = COLOUR_RGB ( '',0.2235294117647058654, 0.2235294117647058654, 0.2235294117647058654 ) ;
#100 = SURFACE_SIDE_STYLE ('',( #959 ) ) ;
#101 = MECHANICAL_DESIGN_GEOMETRIC_PRESENTATION_REPRESENTATION (  '', ( #2330 ), #5466 ) ;
#102 = FACE_OUTER_BOUND ( 'NONE', #2389, .T. ) ;
#103 =( NAMED_UNIT ( * ) SI_UNIT ( $, .STERADIAN. ) SOLID_ANGLE_UNIT ( ) );
#104 = ORIENTED_EDGE ( 'NONE', *, *, #1758, .T. ) ;
#105 = SURFACE_STYLE_FILL_AREA ( #4184 ) ;
#106 = CARTESIAN_POINT ( 'NONE',  ( -0.5157979475582247231, 4.540798660731860892, 4.336808689942017736E-15 ) ) ;
#107 = AXIS2_PLACEMENT_3D ( 'NONE', #4810, #5447, #950 ) ;
#108 = EDGE_CURVE ( 'NONE', #1024, #982, #554, .T. ) ;
#109 = DIRECTION ( 'NONE',  ( -3.225526565811033815E-15, -1.336570354578135212E-15, 1.000000000000000000 ) ) ;
#110 = CARTESIAN_POINT ( 'NONE',  ( -1.602585296346801451E-15, -6.640676968789339326E-16, 0.4000000000000001887 ) ) ;
#111 = VERTEX_POINT ( 'NONE', #3299 ) ;
#112 =( NAMED_UNIT ( * ) SI_UNIT ( $, .STERADIAN. ) SOLID_ANGLE_UNIT ( ) );
#113 = FILL_AREA_STYLE_COLOUR ( '', #3864 ) ;
#114 = SURFACE_SIDE_STYLE ('',( #4114 ) ) ;
#115 = SURFACE_STYLE_FILL_AREA ( #3233 ) ;
#116 = EDGE_LOOP ( 'NONE', ( #118, #4218, #3617, #4320 ) ) ;
#117 = DIRECTION ( 'NONE',  ( 0.9238275255624818216, 0.3828089641232319540, 3.596377938000696577E-15 ) ) ;
#118 = ORIENTED_EDGE ( 'NONE', *, *, #108, .F. ) ;
#119 = LINE ( 'NONE', #1075, #1451 ) ;
#120 = CYLINDRICAL_SURFACE ( 'NONE', #4104, 0.2000000000000000111 ) ;
#121 = EDGE_CURVE ( 'NONE', #3356, #1072, #517, .T. ) ;
#122 =( LENGTH_UNIT ( ) NAMED_UNIT ( * ) SI_UNIT ( .MILLI., .METRE. ) );
#123 = EDGE_LOOP ( 'NONE', ( #4223, #2070, #1418, #5626 ) ) ;
#124 = CARTESIAN_POINT ( 'NONE',  ( -0.9099409819855120984, 2.783708391571321883, 1.520000000000001350 ) ) ;
#125 = CIRCLE ( 'NONE', #611, 0.2250000000000000888 ) ;
#126 = UNCERTAINTY_MEASURE_WITH_UNIT (LENGTH_MEASURE( 1.000000000000000082E-05 ), #4995, 'distance_accuracy_value', 'NONE');
#127 = CARTESIAN_POINT ( 'NONE',  ( 1.117069049143135429, 2.697880045416593209, -1.734723475976807094E-15 ) ) ;
#128 =( NAMED_UNIT ( * ) SI_UNIT ( $, .STERADIAN. ) SOLID_ANGLE_UNIT ( ) );
#129 = AXIS2_PLACEMENT_3D ( 'NONE', #4939, #5302, #1349 ) ;
#130 = DIRECTION ( 'NONE',  ( -3.225526565811033815E-15, -1.336570354578135212E-15, 1.000000000000000000 ) ) ;
#131 = FILL_AREA_STYLE_COLOUR ( '', #1865 ) ;
#132 = CONICAL_SURFACE ( 'NONE', #810, 4.634791048089001997, 0.003706648321937768865 ) ;
#133 = ORIENTED_EDGE ( 'NONE', *, *, #2023, .T. ) ;
#134 = UNCERTAINTY_MEASURE_WITH_UNIT (LENGTH_MEASURE( 1.000000000000000082E-05 ), #5097, 'distance_accuracy_value', 'NONE');
#135 = FACE_OUTER_BOUND ( 'NONE', #610, .T. ) ;
#136 = PRESENTATION_LAYER_ASSIGNMENT (  '', '', ( #4412 ) ) ;
#137 = FILL_AREA_STYLE_COLOUR ( '', #3402 ) ;
#138 =( GEOMETRIC_REPRESENTATION_CONTEXT ( 3 ) GLOBAL_UNCERTAINTY_ASSIGNED_CONTEXT ( ( #5468 ) ) GLOBAL_UNIT_ASSIGNED_CONTEXT ( ( #2129, #1260, #5164 ) ) REPRESENTATION_CONTEXT ( 'NONE', 'WORKASPACE' ) );
#139 = CARTESIAN_POINT ( 'NONE',  ( 1.117069049143135429, 2.697880045416593209, -1.734723475976807094E-15 ) ) ;
#140 = EDGE_CURVE ( 'NONE', #1808, #2079, #125, .T. ) ;
#141 =( NAMED_UNIT ( * ) SI_UNIT ( $, .STERADIAN. ) SOLID_ANGLE_UNIT ( ) );
#142 = PRESENTATION_LAYER_ASSIGNMENT (  '', '', ( #1182 ) ) ;
#143 = VERTEX_POINT ( 'NONE', #5046 ) ;
#144 = COLOUR_RGB ( '',0.2235294117647058654, 0.2235294117647058654, 0.2235294117647058654 ) ;
#145 = COLOUR_RGB ( '',0.8509803921568627194, 0.8509803921568627194, 0.8509803921568627194 ) ;
#146 = CIRCLE ( 'NONE', #4606, 0.5600000000000000533 ) ;
#147 = COLOUR_RGB ( '',0.9686274509803921573, 0.8784313725490195957, 0.5999999999999999778 ) ;
#148 = DIRECTION ( 'NONE',  ( 3.225526565811033815E-15, 1.336570354578135212E-15, -1.000000000000000000 ) ) ;
#149 = VERTEX_POINT ( 'NONE', #1580 ) ;
#150 = SURFACE_STYLE_USAGE ( .BOTH. , #696 ) ;
#151 = DIRECTION ( 'NONE',  ( 0.6104445828554113662, 0.1326699427206631254, 0.7808688094430323856 ) ) ;
#152 = DIRECTION ( 'NONE',  ( -0.9771881260227711641, -0.2123755314533781191, -3.212450881438531057E-15 ) ) ;
#153 = PRESENTATION_LAYER_ASSIGNMENT (  '', '', ( #3497 ) ) ;
#154 = ORIENTED_EDGE ( 'NONE', *, *, #4355, .T. ) ;
#155 = MECHANICAL_DESIGN_GEOMETRIC_PRESENTATION_REPRESENTATION (  '', ( #3975 ), #2653 ) ;
#156 = STYLED_ITEM ( 'NONE', ( #3276 ), #2756 ) ;
#157 = FACE_OUTER_BOUND ( 'NONE', #5370, .T. ) ;
#158 = PRESENTATION_LAYER_ASSIGNMENT (  '', '', ( #5426 ) ) ;
#159 = UNCERTAINTY_MEASURE_WITH_UNIT (LENGTH_MEASURE( 1.000000000000000082E-05 ), #5211, 'distance_accuracy_value', 'NONE');
#160 = DIRECTION ( 'NONE',  ( -3.225526565811033815E-15, -1.336570354578135212E-15, 1.000000000000000000 ) ) ;
#161 = AXIS2_PLACEMENT_3D ( 'NONE', #5029, #223, #3782 ) ;
#162 = CIRCLE ( 'NONE', #72, 2.900000000000000799 ) ;
#163 = DIRECTION ( 'NONE',  ( 3.225526565811033815E-15, 1.336570354578135212E-15, -1.000000000000000000 ) ) ;
#164 = STYLED_ITEM ( 'NONE', ( #1679 ), #5589 ) ;
#165 = PRESENTATION_LAYER_ASSIGNMENT (  '', '', ( #3320 ) ) ;
#166 = DIRECTION ( 'NONE',  ( -0.3828089641232319540, 0.9238275255624818216, 0.000000000000000000 ) ) ;
#167 = AXIS2_PLACEMENT_3D ( 'NONE', #1901, #1510, #3262 ) ;
#168 = ADVANCED_FACE ( 'NONE', ( #2370 ), #5674, .F. ) ;
#169 = DIRECTION ( 'NONE',  ( 3.225526565811033815E-15, 1.336570354578135212E-15, -1.000000000000000000 ) ) ;
#170 = MECHANICAL_DESIGN_GEOMETRIC_PRESENTATION_REPRESENTATION (  '', ( #2119 ), #2877 ) ;
#171 = DIRECTION ( 'NONE',  ( 2.168404344971008868E-15, 1.084202172485504434E-15, -1.000000000000000000 ) ) ;
#172 = CARTESIAN_POINT ( 'NONE',  ( 3.889313882620820451, 1.611625738959955534, 0.4000000000000148992 ) ) ;
#173 = EDGE_CURVE ( 'NONE', #3741, #5413, #2630, .T. ) ;
#174 = ORIENTED_EDGE ( 'NONE', *, *, #1303, .F. ) ;
#175 = DIRECTION ( 'NONE',  ( 0.9238275255624818216, 0.3828089641232322315, 3.491481338843132172E-15 ) ) ;
#176 = CARTESIAN_POINT ( 'NONE',  ( -1.117802175237153639, 2.697576374643560815, 27.07046610168999123 ) ) ;
#177 = CARTESIAN_POINT ( 'NONE',  ( -3.205170592693602901E-15, -1.328135393757867865E-15, 0.8000000000000003775 ) ) ;
#178 = VERTEX_POINT ( 'NONE', #4688 ) ;
#179 = ADVANCED_FACE ( 'NONE', ( #1682, #777 ), #3430, .T. ) ;
#180 = ORIENTED_EDGE ( 'NONE', *, *, #4291, .T. ) ;
#181 = CARTESIAN_POINT ( 'NONE',  ( 1.801463674846819352, 0.7464774800402940169, 6.600000000000007638 ) ) ;
#182 = DIRECTION ( 'NONE',  ( -3.225526565811033815E-15, -1.336570354578135212E-15, 1.000000000000000000 ) ) ;
#183 = ORIENTED_EDGE ( 'NONE', *, *, #2855, .T. ) ;
#184 = AXIS2_PLACEMENT_3D ( 'NONE', #1849, #2223, #5287 ) ;
#185 = EDGE_CURVE ( 'NONE', #4595, #5638, #4869, .T. ) ;
#186 = VERTEX_POINT ( 'NONE', #227 ) ;
#187 = DIRECTION ( 'NONE',  ( -3.225526565811033815E-15, -1.336570354578135212E-15, 1.000000000000000000 ) ) ;
#188 = CARTESIAN_POINT ( 'NONE',  ( -3.205170592693602901E-15, -1.328135393757867865E-15, 0.7499999999999997780 ) ) ;
#189 = LINE ( 'NONE', #1117, #775 ) ;
#190 = ORIENTED_EDGE ( 'NONE', *, *, #5128, .T. ) ;
#191 = TOROIDAL_SURFACE ( 'NONE', #3443, 4.839999999999999858, 0.7469883813845999976 ) ;
#192 = AXIS2_PLACEMENT_3D ( 'NONE', #3474, #2597, #3984 ) ;
#193 = FILL_AREA_STYLE ('',( #2406 ) ) ;
#194 = SURFACE_SIDE_STYLE ('',( #4123 ) ) ;
#195 = CARTESIAN_POINT ( 'NONE',  ( -0.5997256348235293633, -2.483507025505670818, 1.519999999999995355 ) ) ;
#196 = DIRECTION ( 'NONE',  ( 3.225526565811033815E-15, 1.336570354578135212E-15, -1.000000000000000000 ) ) ;
#197 = COLOUR_RGB ( '',0.9686274509803921573, 0.8784313725490195957, 0.5999999999999999778 ) ;
#198 = VERTEX_POINT ( 'NONE', #3371 ) ;
#199 = UNCERTAINTY_MEASURE_WITH_UNIT (LENGTH_MEASURE( 1.000000000000000082E-05 ), #1112, 'distance_accuracy_value', 'NONE');
#200 = CARTESIAN_POINT ( 'NONE',  ( 2.770786968921510142E-12, 1.148373371065720003E-12, 0.4000000000000001887 ) ) ;
#201 =( LENGTH_UNIT ( ) NAMED_UNIT ( * ) SI_UNIT ( .MILLI., .METRE. ) );
#202 = CARTESIAN_POINT ( 'NONE',  ( -3.525687651962963310E-14, -1.460948933133654731E-14, 10.75000095477000173 ) ) ;
#203 = EDGE_CURVE ( 'NONE', #878, #3183, #2009, .T. ) ;
#204 = PRESENTATION_STYLE_ASSIGNMENT (( #1959 ) ) ;
#205 =( NAMED_UNIT ( * ) PLANE_ANGLE_UNIT ( ) SI_UNIT ( $, .RADIAN. ) );
#206 = SURFACE_SIDE_STYLE ('',( #319 ) ) ;
#207 = EDGE_LOOP ( 'NONE', ( #1522, #807, #767, #3833 ) ) ;
#208 =( NAMED_UNIT ( * ) SI_UNIT ( $, .STERADIAN. ) SOLID_ANGLE_UNIT ( ) );
#209 = UNCERTAINTY_MEASURE_WITH_UNIT (LENGTH_MEASURE( 1.000000000000000082E-05 ), #1887, 'distance_accuracy_value', 'NONE');
#210 = ORIENTED_EDGE ( 'NONE', *, *, #2227, .T. ) ;
#211 =( NAMED_UNIT ( * ) PLANE_ANGLE_UNIT ( ) SI_UNIT ( $, .RADIAN. ) );
#212 = CARTESIAN_POINT ( 'NONE',  ( 3.418161844581162789, 1.416393167255950214, 6.600000000000012967 ) ) ;
#213 = EDGE_CURVE ( 'NONE', #4243, #4443, #313, .T. ) ;
#214 = FILL_AREA_STYLE ('',( #5409 ) ) ;
#215 =( NAMED_UNIT ( * ) SI_UNIT ( $, .STERADIAN. ) SOLID_ANGLE_UNIT ( ) );
#216 = CYLINDRICAL_SURFACE ( 'NONE', #4425, 0.5600000000000000533 ) ;
#217 = DIRECTION ( 'NONE',  ( -3.225526565811033815E-15, -1.336570354578135212E-15, 1.000000000000000000 ) ) ;
#218 = AXIS2_PLACEMENT_3D ( 'NONE', #4586, #612, #1518 ) ;
#219 = MECHANICAL_DESIGN_GEOMETRIC_PRESENTATION_REPRESENTATION (  '', ( #4783 ), #1168 ) ;
#220 = ORIENTED_EDGE ( 'NONE', *, *, #4386, .T. ) ;
#221 = DIRECTION ( 'NONE',  ( -3.225526565811033815E-15, -1.336570354578135212E-15, 1.000000000000000000 ) ) ;
#222 =( NAMED_UNIT ( * ) PLANE_ANGLE_UNIT ( ) SI_UNIT ( $, .RADIAN. ) );
#223 = DIRECTION ( 'NONE',  ( 3.225526565811033815E-15, 1.336570354578135212E-15, -1.000000000000000000 ) ) ;
#224 = ORIENTED_EDGE ( 'NONE', *, *, #717, .F. ) ;
#225 = DIRECTION ( 'NONE',  ( -0.6104445828554113662, -0.1326699427206631254, -0.7808688094430323856 ) ) ;
#226 = CIRCLE ( 'NONE', #986, 2.500000000000000888 ) ;
#227 = CARTESIAN_POINT ( 'NONE',  ( -1.324930242388232537, -2.784012062341643556, 1.919999999999991935 ) ) ;
#228 = AXIS2_PLACEMENT_3D ( 'NONE', #63, #1301, #3958 ) ;
#229 = FILL_AREA_STYLE ('',( #3431 ) ) ;
#230 = ORIENTED_EDGE ( 'NONE', *, *, #3466, .F. ) ;
#231 = EDGE_CURVE ( 'NONE', #1528, #2397, #3378, .T. ) ;
#232 = DIRECTION ( 'NONE',  ( 3.225526565811033815E-15, 1.336570354578135212E-15, -1.000000000000000000 ) ) ;
#233 =( NAMED_UNIT ( * ) PLANE_ANGLE_UNIT ( ) SI_UNIT ( $, .RADIAN. ) );
#234 =( GEOMETRIC_REPRESENTATION_CONTEXT ( 3 ) GLOBAL_UNCERTAINTY_ASSIGNED_CONTEXT ( ( #3047 ) ) GLOBAL_UNIT_ASSIGNED_CONTEXT ( ( #1693, #2074, #5231 ) ) REPRESENTATION_CONTEXT ( 'NONE', 'WORKASPACE' ) );
#235 = FACE_OUTER_BOUND ( 'NONE', #1440, .T. ) ;
#236 =( LENGTH_UNIT ( ) NAMED_UNIT ( * ) SI_UNIT ( .MILLI., .METRE. ) );
#237 = ORIENTED_EDGE ( 'NONE', *, *, #5002, .F. ) ;
#238 =( GEOMETRIC_REPRESENTATION_CONTEXT ( 3 ) GLOBAL_UNCERTAINTY_ASSIGNED_CONTEXT ( ( #4908 ) ) GLOBAL_UNIT_ASSIGNED_CONTEXT ( ( #4263, #5123, #2042 ) ) REPRESENTATION_CONTEXT ( 'NONE', 'WORKASPACE' ) );
#239 =( GEOMETRIC_REPRESENTATION_CONTEXT ( 3 ) GLOBAL_UNCERTAINTY_ASSIGNED_CONTEXT ( ( #3149 ) ) GLOBAL_UNIT_ASSIGNED_CONTEXT ( ( #1357, #3108, #2997 ) ) REPRESENTATION_CONTEXT ( 'NONE', 'WORKASPACE' ) );
#240 = MECHANICAL_DESIGN_GEOMETRIC_PRESENTATION_REPRESENTATION (  '', ( #1647 ), #4974 ) ;
#241 = DIRECTION ( 'NONE',  ( -3.225526565811033815E-15, -1.336570354578135212E-15, 1.000000000000000000 ) ) ;
#242 = CIRCLE ( 'NONE', #1281, 0.2368807716975002420 ) ;
#243 = ORIENTED_EDGE ( 'NONE', *, *, #1986, .T. ) ;
#244 = CIRCLE ( 'NONE', #5605, 4.570000000000001172 ) ;
#245 = FACE_OUTER_BOUND ( 'NONE', #4642, .T. ) ;
#246 = AXIS2_PLACEMENT_3D ( 'NONE', #3854, #5580, #2909 ) ;
#247 =( LENGTH_UNIT ( ) NAMED_UNIT ( * ) SI_UNIT ( .MILLI., .METRE. ) );
#248 = DIRECTION ( 'NONE',  ( -3.225526565811033815E-15, -1.336570354578135212E-15, 1.000000000000000000 ) ) ;
#249 = CARTESIAN_POINT ( 'NONE',  ( 1.801463674846819352, 0.7464774800402940169, 6.350000000000009415 ) ) ;
#250 = STYLED_ITEM ( 'NONE', ( #4043 ), #827 ) ;
#251 = ADVANCED_FACE ( 'NONE', ( #3872 ), #2939, .T. ) ;
#252 = SURFACE_STYLE_USAGE ( .BOTH. , #3828 ) ;
#253 = DIRECTION ( 'NONE',  ( 3.225526565811033815E-15, 1.336570354578135212E-15, -1.000000000000000000 ) ) ;
#254 = EDGE_LOOP ( 'NONE', ( #2471, #4076, #4694, #353 ) ) ;
#255 = AXIS2_PLACEMENT_3D ( 'NONE', #4909, #2626, #938 ) ;
#256 = PRESENTATION_LAYER_ASSIGNMENT (  '', '', ( #1385 ) ) ;
#257 =( LENGTH_UNIT ( ) NAMED_UNIT ( * ) SI_UNIT ( .MILLI., .METRE. ) );
#258 = ORIENTED_EDGE ( 'NONE', *, *, #897, .T. ) ;
#259 = UNCERTAINTY_MEASURE_WITH_UNIT (LENGTH_MEASURE( 1.000000000000000082E-05 ), #3292, 'distance_accuracy_value', 'NONE');
#260 = FILL_AREA_STYLE_COLOUR ( '', #3032 ) ;
#261 = DIRECTION ( 'NONE',  ( -0.9238275255624819327, -0.3828089641232319540, -3.491481338843133750E-15 ) ) ;
#262 = DIRECTION ( 'NONE',  ( 0.9238275255624818216, 0.3828089641232319540, 3.491481338843132566E-15 ) ) ;
#263 = SURFACE_STYLE_USAGE ( .BOTH. , #5507 ) ;
#264 = PLANE ( 'NONE',  #3592 ) ;
#265 = ORIENTED_EDGE ( 'NONE', *, *, #2717, .T. ) ;
#266 = CYLINDRICAL_SURFACE ( 'NONE', #4064, 4.145000000000001350 ) ;
#267 = DIRECTION ( 'NONE',  ( 0.3828089641232319540, -0.9238275255624818216, 0.000000000000000000 ) ) ;
#268 = DIRECTION ( 'NONE',  ( 3.225526565811033815E-15, 1.336570354578135212E-15, -1.000000000000000000 ) ) ;
#269 = ORIENTED_EDGE ( 'NONE', *, *, #5647, .T. ) ;
#270 = EDGE_CURVE ( 'NONE', #5636, #5611, #3073, .T. ) ;
#271 = PRESENTATION_STYLE_ASSIGNMENT (( #5675 ) ) ;
#272 = DIRECTION ( 'NONE',  ( -3.225526565811033815E-15, -1.336570354578135212E-15, 1.000000000000000000 ) ) ;
#273 = EDGE_CURVE ( 'NONE', #1153, #4148, #4690, .T. ) ;
#274 = CARTESIAN_POINT ( 'NONE',  ( -1.923102355616161662E-14, -7.968812362547207191E-15, 6.049999999996999556 ) ) ;
#275 =( GEOMETRIC_REPRESENTATION_CONTEXT ( 3 ) GLOBAL_UNCERTAINTY_ASSIGNED_CONTEXT ( ( #2650 ) ) GLOBAL_UNIT_ASSIGNED_CONTEXT ( ( #4196, #1932, #1012 ) ) REPRESENTATION_CONTEXT ( 'NONE', 'WORKASPACE' ) );
#276 =( LENGTH_UNIT ( ) NAMED_UNIT ( * ) SI_UNIT ( .MILLI., .METRE. ) );
#277 = DIRECTION ( 'NONE',  ( -3.225526565811033815E-15, -1.336570354578135212E-15, 1.000000000000000000 ) ) ;
#278 = ORIENTED_EDGE ( 'NONE', *, *, #4929, .F. ) ;
#279 = PRESENTATION_STYLE_ASSIGNMENT (( #2456 ) ) ;
#280 = AXIS2_PLACEMENT_3D ( 'NONE', #3044, #3628, #391 ) ;
#281 = CARTESIAN_POINT ( 'NONE',  ( -2.083360885250841669E-14, -8.632880059426142307E-15, 6.200000000000001954 ) ) ;
#282 = STYLED_ITEM ( 'NONE', ( #617 ), #3366 ) ;
#283 = ORIENTED_EDGE ( 'NONE', *, *, #1284, .F. ) ;
#284 = PRESENTATION_STYLE_ASSIGNMENT (( #1677 ) ) ;
#285 = FILL_AREA_STYLE_COLOUR ( '', #3209 ) ;
#286 =( NAMED_UNIT ( * ) SI_UNIT ( $, .STERADIAN. ) SOLID_ANGLE_UNIT ( ) );
#287 = CIRCLE ( 'NONE', #2511, 0.1999999999999996503 ) ;
#288 = CARTESIAN_POINT ( 'NONE',  ( -1.602585296346801451E-15, -6.640676968789339326E-16, 0.6500000000000003553 ) ) ;
#289 = AXIS2_PLACEMENT_3D ( 'NONE', #32, #4905, #4932 ) ;
#290 = DIRECTION ( 'NONE',  ( -3.225526565811033815E-15, -1.336570354578135212E-15, 1.000000000000000000 ) ) ;
#291 = ADVANCED_FACE ( 'NONE', ( #852 ), #1318, .T. ) ;
#292 = AXIS2_PLACEMENT_3D ( 'NONE', #699, #268, #5485 ) ;
#293 =( LENGTH_UNIT ( ) NAMED_UNIT ( * ) SI_UNIT ( .MILLI., .METRE. ) );
#294 = CARTESIAN_POINT ( 'NONE',  ( -1.117069049136667491, -2.697880045413913130, -1.647987302177966740E-14 ) ) ;
#295 = DIRECTION ( 'NONE',  ( -0.9771881260227711641, -0.2123755314533781191, -3.212450881438531057E-15 ) ) ;
#296 = ORIENTED_EDGE ( 'NONE', *, *, #2509, .F. ) ;
#297 = STYLED_ITEM ( 'NONE', ( #382 ), #4219 ) ;
#298 = DIRECTION ( 'NONE',  ( -3.225526565811033815E-15, -1.336570354578135212E-15, 1.000000000000000000 ) ) ;
#299 = ORIENTED_EDGE ( 'NONE', *, *, #2489, .T. ) ;
#300 = DIRECTION ( 'NONE',  ( 0.2883441881367994619, 0.06266679727913428144, -0.9554739670375671512 ) ) ;
#301 = COLOUR_RGB ( '',0.8509803921568627194, 0.8509803921568627194, 0.8509803921568627194 ) ;
#302 = ADVANCED_FACE ( 'NONE', ( #5296 ), #3572, .F. ) ;
#303 = PLANE ( 'NONE',  #4435 ) ;
#304 =( LENGTH_UNIT ( ) NAMED_UNIT ( * ) SI_UNIT ( .MILLI., .METRE. ) );
#305 = DIRECTION ( 'NONE',  ( 0.9238275255624818216, 0.3828089641232319540, 3.391188750029847752E-15 ) ) ;
#306 = EDGE_LOOP ( 'NONE', ( #3437, #296, #2325, #1041 ) ) ;
#307 = ORIENTED_EDGE ( 'NONE', *, *, #1116, .F. ) ;
#308 = UNCERTAINTY_MEASURE_WITH_UNIT (LENGTH_MEASURE( 1.000000000000000082E-05 ), #1570, 'distance_accuracy_value', 'NONE');
#309 =( LENGTH_UNIT ( ) NAMED_UNIT ( * ) SI_UNIT ( .MILLI., .METRE. ) );
#310 =( LENGTH_UNIT ( ) NAMED_UNIT ( * ) SI_UNIT ( .MILLI., .METRE. ) );
#311 =( NAMED_UNIT ( * ) PLANE_ANGLE_UNIT ( ) SI_UNIT ( $, .RADIAN. ) );
#312 = FACE_OUTER_BOUND ( 'NONE', #683, .T. ) ;
#313 = LINE ( 'NONE', #1595, #2360 ) ;
#314 = DIRECTION ( 'NONE',  ( -0.9999999907685275247, -0.0001358784196986983779, -3.225708147102269001E-15 ) ) ;
#315 = DIRECTION ( 'NONE',  ( -3.225526565811033815E-15, -1.336570354578135212E-15, 1.000000000000000000 ) ) ;
#316 = ADVANCED_FACE ( 'NONE', ( #3511 ), #3945, .F. ) ;
#317 = DIRECTION ( 'NONE',  ( 3.225526565811033815E-15, 1.336570354578135212E-15, -1.000000000000000000 ) ) ;
#318 = COLOUR_RGB ( '',0.8509803921568627194, 0.8509803921568627194, 0.8509803921568627194 ) ;
#319 = SURFACE_STYLE_FILL_AREA ( #781 ) ;
#320 = ORIENTED_EDGE ( 'NONE', *, *, #1695, .T. ) ;
#321 = DIRECTION ( 'NONE',  ( -3.225526565811033815E-15, -1.336570354578135212E-15, 1.000000000000000000 ) ) ;
#322 =( GEOMETRIC_REPRESENTATION_CONTEXT ( 3 ) GLOBAL_UNCERTAINTY_ASSIGNED_CONTEXT ( ( #5540 ) ) GLOBAL_UNIT_ASSIGNED_CONTEXT ( ( #4480, #4017, #2263 ) ) REPRESENTATION_CONTEXT ( 'NONE', 'WORKASPACE' ) );
#323 =( NAMED_UNIT ( * ) PLANE_ANGLE_UNIT ( ) SI_UNIT ( $, .RADIAN. ) );
#324 = AXIS2_PLACEMENT_3D ( 'NONE', #448, #4918, #953 ) ;
#325 = AXIS2_PLACEMENT_3D ( 'NONE', #288, #2963, #1729 ) ;
#326 = AXIS2_PLACEMENT_3D ( 'NONE', #4866, #4460, #3084 ) ;
#327 =( LENGTH_UNIT ( ) NAMED_UNIT ( * ) SI_UNIT ( .MILLI., .METRE. ) );
#328 = AXIS2_PLACEMENT_3D ( 'NONE', #3384, #1996, #1224 ) ;
#329 = STYLED_ITEM ( 'NONE', ( #3021 ), #2539 ) ;
#330 = LINE ( 'NONE', #679, #3510 ) ;
#331 = DIRECTION ( 'NONE',  ( 1.000000000000000000, 0.000000000000000000, 0.000000000000000000 ) ) ;
#332 = FILL_AREA_STYLE_COLOUR ( '', #4886 ) ;
#333 = ORIENTED_EDGE ( 'NONE', *, *, #1578, .F. ) ;
#334 = VECTOR ( 'NONE', #9, 1000.000000000000000 ) ;
#335 =( GEOMETRIC_REPRESENTATION_CONTEXT ( 3 ) GLOBAL_UNCERTAINTY_ASSIGNED_CONTEXT ( ( #426 ) ) GLOBAL_UNIT_ASSIGNED_CONTEXT ( ( #1935, #698, #5121 ) ) REPRESENTATION_CONTEXT ( 'NONE', 'WORKASPACE' ) );
#336 = AXIS2_PLACEMENT_3D ( 'NONE', #2996, #4776, #295 ) ;
#337 = ORIENTED_EDGE ( 'NONE', *, *, #3751, .F. ) ;
#338 = VECTOR ( 'NONE', #4805, 1000.000000000000000 ) ;
#339 = STYLED_ITEM ( 'NONE', ( #1740 ), #5537 ) ;
#340 = MECHANICAL_DESIGN_GEOMETRIC_PRESENTATION_REPRESENTATION (  '', ( #156 ), #4983 ) ;
#341 = EDGE_CURVE ( 'NONE', #2671, #1380, #2661, .T. ) ;
#342 = MECHANICAL_DESIGN_GEOMETRIC_PRESENTATION_REPRESENTATION (  '', ( #647 ), #4625 ) ;
#343 = DIRECTION ( 'NONE',  ( -0.9238275255624820437, -0.3828089641232313989, -3.493540333564403220E-15 ) ) ;
#344 = PRESENTATION_LAYER_ASSIGNMENT (  '', '', ( #4814 ) ) ;
#345 = CIRCLE ( 'NONE', #2564, 0.3500000000000000888 ) ;
#346 = CARTESIAN_POINT ( 'NONE',  ( 1.117069049144053361, 2.697880045416973793, 1.520000000000008233 ) ) ;
#347 = EDGE_LOOP ( 'NONE', ( #4863, #2961, #3571, #3326 ) ) ;
#348 = PRESENTATION_STYLE_ASSIGNMENT (( #4333 ) ) ;
#349 = STYLED_ITEM ( 'NONE', ( #581 ), #5365 ) ;
#350 = FACE_OUTER_BOUND ( 'NONE', #492, .T. ) ;
#351 =( NAMED_UNIT ( * ) PLANE_ANGLE_UNIT ( ) SI_UNIT ( $, .RADIAN. ) );
#352 = FILL_AREA_STYLE ('',( #3877 ) ) ;
#353 = ORIENTED_EDGE ( 'NONE', *, *, #2302, .T. ) ;
#354 =( LENGTH_UNIT ( ) NAMED_UNIT ( * ) SI_UNIT ( .MILLI., .METRE. ) );
#355 = SURFACE_SIDE_STYLE ('',( #2953 ) ) ;
#356 = LINE ( 'NONE', #4781, #4247 ) ;
#357 =( NAMED_UNIT ( * ) PLANE_ANGLE_UNIT ( ) SI_UNIT ( $, .RADIAN. ) );
#358 = EDGE_CURVE ( 'NONE', #3896, #5083, #4501, .T. ) ;
#359 = FACE_OUTER_BOUND ( 'NONE', #2032, .T. ) ;
#360 = FILL_AREA_STYLE ('',( #454 ) ) ;
#361 = CARTESIAN_POINT ( 'NONE',  ( 0.1993561046226635380, 5.130027135551841866, 7.806255641895631925E-15 ) ) ;
#362 = ORIENTED_EDGE ( 'NONE', *, *, #5666, .T. ) ;
#363 = CARTESIAN_POINT ( 'NONE',  ( 1.117069049143135429, 2.697880045416593209, -0.09999999999999159561 ) ) ;
#364 = VERTEX_POINT ( 'NONE', #4122 ) ;
#365 = PRESENTATION_STYLE_ASSIGNMENT (( #1 ) ) ;
#366 = MECHANICAL_DESIGN_GEOMETRIC_PRESENTATION_REPRESENTATION (  '', ( #4459 ), #763 ) ;
#367 = EDGE_LOOP ( 'NONE', ( #2355, #1766, #3623, #3160 ) ) ;
#368 = UNCERTAINTY_MEASURE_WITH_UNIT (LENGTH_MEASURE( 1.000000000000000082E-05 ), #4800, 'distance_accuracy_value', 'NONE');
#369 = SURFACE_SIDE_STYLE ('',( #4037 ) ) ;
#370 = FILL_AREA_STYLE_COLOUR ( '', #536 ) ;
#371 = CARTESIAN_POINT ( 'NONE',  ( -0.9099409819855073245, 2.783708391571324103, -0.09999999999999853451 ) ) ;
#372 = ORIENTED_EDGE ( 'NONE', *, *, #873, .T. ) ;
#373 = CIRCLE ( 'NONE', #860, 4.093011618615001623 ) ;
#374 = DIRECTION ( 'NONE',  ( -0.9238275255624819327, -0.3828089641232319540, -3.491481338843132566E-15 ) ) ;
#375 = PRESENTATION_STYLE_ASSIGNMENT (( #1325 ) ) ;
#376 = DIRECTION ( 'NONE',  ( -3.225526565811033815E-15, -1.336570354578135212E-15, 1.000000000000000000 ) ) ;
#377 = VECTOR ( 'NONE', #2291, 1000.000000000000114 ) ;
#378 = CARTESIAN_POINT ( 'NONE',  ( -1.117069049136666603, -2.697880045413912686, -0.2031250000000062450 ) ) ;
#379 = EDGE_LOOP ( 'NONE', ( #4203, #5423 ) ) ;
#380 = ADVANCED_FACE ( 'NONE', ( #512 ), #2682, .T. ) ;
#381 = FILL_AREA_STYLE_COLOUR ( '', #4242 ) ;
#382 = PRESENTATION_STYLE_ASSIGNMENT (( #1782 ) ) ;
#383 = CIRCLE ( 'NONE', #3918, 4.570000000000001172 ) ;
#384 = CARTESIAN_POINT ( 'NONE',  ( -1.635145589552055023, 2.483203354734587531, -1.127570259384924611E-14 ) ) ;
#385 = DIRECTION ( 'NONE',  ( 3.225526565811033815E-15, 1.336570354578135212E-15, -1.000000000000000000 ) ) ;
#386 = AXIS2_PLACEMENT_3D ( 'NONE', #1355, #1271, #4422 ) ;
#387 = PRESENTATION_STYLE_ASSIGNMENT (( #3468 ) ) ;
#388 = EDGE_CURVE ( 'NONE', #1988, #1584, #2852, .T. ) ;
#389 = SURFACE_STYLE_FILL_AREA ( #3448 ) ;
#390 = DIRECTION ( 'NONE',  ( 3.225526565811033815E-15, 1.336570354578135212E-15, -1.000000000000000000 ) ) ;
#391 = DIRECTION ( 'NONE',  ( 3.225526565811033815E-15, 1.336570354578135212E-15, -1.000000000000000000 ) ) ;
#392 = EDGE_LOOP ( 'NONE', ( #2598, #2502, #5539, #1685 ) ) ;
#393 = FILL_AREA_STYLE ('',( #2962 ) ) ;
#394 = FILL_AREA_STYLE ('',( #2204 ) ) ;
#395 =( LENGTH_UNIT ( ) NAMED_UNIT ( * ) SI_UNIT ( .MILLI., .METRE. ) );
#396 = CARTESIAN_POINT ( 'NONE',  ( -3.044912063058922342E-14, -1.261728624069974511E-14, 9.600125019536998039 ) ) ;
#397 = ORIENTED_EDGE ( 'NONE', *, *, #4900, .F. ) ;
#398 = ORIENTED_EDGE ( 'NONE', *, *, #1686, .T. ) ;
#399 = DIRECTION ( 'NONE',  ( 0.9238275255624820437, 0.3828089641232313989, 3.854941057726237900E-15 ) ) ;
#400 =( LENGTH_UNIT ( ) NAMED_UNIT ( * ) SI_UNIT ( .MILLI., .METRE. ) );
#401 =( LENGTH_UNIT ( ) NAMED_UNIT ( * ) SI_UNIT ( .MILLI., .METRE. ) );
#402 =( LENGTH_UNIT ( ) NAMED_UNIT ( * ) SI_UNIT ( .MILLI., .METRE. ) );
#403 = VERTEX_POINT ( 'NONE', #4109 ) ;
#404 = CARTESIAN_POINT ( 'NONE',  ( -2.884653533424242651E-14, -1.195321854382081158E-14, 8.956272047906999489 ) ) ;
#405 = LINE ( 'NONE', #1270, #714 ) ;
#406 = COLOUR_RGB ( '',0.8509803921568627194, 0.8509803921568627194, 0.8509803921568627194 ) ;
#407 = EDGE_CURVE ( 'NONE', #1064, #1348, #1655, .T. ) ;
#408 = PRESENTATION_STYLE_ASSIGNMENT (( #2616 ) ) ;
#409 = AXIS2_PLACEMENT_3D ( 'NONE', #4056, #4347, #1700 ) ;
#410 = MECHANICAL_DESIGN_GEOMETRIC_PRESENTATION_REPRESENTATION (  '', ( #2083 ), #4960 ) ;
#411 = SURFACE_SIDE_STYLE ('',( #3087 ) ) ;
#412 = EDGE_CURVE ( 'NONE', #3697, #4243, #5334, .T. ) ;
#413 = MECHANICAL_DESIGN_GEOMETRIC_PRESENTATION_REPRESENTATION (  '', ( #3585 ), #5060 ) ;
#414 = PRESENTATION_LAYER_ASSIGNMENT (  '', '', ( #5335 ) ) ;
#415 =( NAMED_UNIT ( * ) PLANE_ANGLE_UNIT ( ) SI_UNIT ( $, .RADIAN. ) );
#416 = FILL_AREA_STYLE_COLOUR ( '', #4009 ) ;
#417 = TOROIDAL_SURFACE ( 'NONE', #1277, 4.299999999999999822, 0.2000000000000000111 ) ;
#418 = SURFACE_STYLE_FILL_AREA ( #1399 ) ;
#419 = EDGE_LOOP ( 'NONE', ( #3843, #2172 ) ) ;
#420 = AXIS2_PLACEMENT_3D ( 'NONE', #5557, #2905, #3549 ) ;
#421 = EDGE_LOOP ( 'NONE', ( #2269, #1557, #3749, #3525 ) ) ;
#422 = COLOUR_RGB ( '',0.2235294117647058654, 0.2235294117647058654, 0.2235294117647058654 ) ;
#423 = EDGE_CURVE ( 'NONE', #1671, #4080, #2285, .T. ) ;
#424 = VECTOR ( 'NONE', #241, 1000.000000000000000 ) ;
#425 = AXIS2_PLACEMENT_3D ( 'NONE', #378, #4259, #4807 ) ;
#426 = UNCERTAINTY_MEASURE_WITH_UNIT (LENGTH_MEASURE( 1.000000000000000082E-05 ), #1935, 'distance_accuracy_value', 'NONE');
#427 = DIRECTION ( 'NONE',  ( 0.9771881260227710531, 0.2123755314533780914, 3.589083053745116929E-15 ) ) ;
#428 = CONICAL_SURFACE ( 'NONE', #4327, 3.197507567207001244, 0.7853981633972997312 ) ;
#429 = SURFACE_STYLE_USAGE ( .BOTH. , #369 ) ;
#430 =( NAMED_UNIT ( * ) SI_UNIT ( $, .STERADIAN. ) SOLID_ANGLE_UNIT ( ) );
#431 = CIRCLE ( 'NONE', #2652, 2.900000000000000799 ) ;
#432 = CARTESIAN_POINT ( 'NONE',  ( 1.441141809189478318, -2.563593237198167785, 0.1500000000000016875 ) ) ;
#433 = CIRCLE ( 'NONE', #2195, 3.850000000000001421 ) ;
#434 =( GEOMETRIC_REPRESENTATION_CONTEXT ( 3 ) GLOBAL_UNCERTAINTY_ASSIGNED_CONTEXT ( ( #2057 ) ) GLOBAL_UNIT_ASSIGNED_CONTEXT ( ( #2351, #3745, #2763 ) ) REPRESENTATION_CONTEXT ( 'NONE', 'WORKASPACE' ) );
#435 = ADVANCED_FACE ( 'NONE', ( #3584 ), #1004, .T. ) ;
#436 = AXIS2_PLACEMENT_3D ( 'NONE', #404, #3076, #4860 ) ;
#437 = CIRCLE ( 'NONE', #2296, 0.2250000000000000056 ) ;
#438 = FILL_AREA_STYLE ('',( #4854 ) ) ;
#439 = MECHANICAL_DESIGN_GEOMETRIC_PRESENTATION_REPRESENTATION (  '', ( #2021 ), #4433 ) ;
#440 = FACE_OUTER_BOUND ( 'NONE', #3241, .T. ) ;
#441 = DIRECTION ( 'NONE',  ( -0.3828089641232320095, 0.9238275255624819327, 0.000000000000000000 ) ) ;
#442 = ORIENTED_EDGE ( 'NONE', *, *, #1174, .T. ) ;
#443 = FILL_AREA_STYLE_COLOUR ( '', #5660 ) ;
#444 = ORIENTED_EDGE ( 'NONE', *, *, #4649, .F. ) ;
#445 = EDGE_LOOP ( 'NONE', ( #5635, #4455, #4848, #782 ) ) ;
#446 = AXIS2_PLACEMENT_3D ( 'NONE', #3714, #4675, #4315 ) ;
#447 = PRESENTATION_LAYER_ASSIGNMENT (  '', '', ( #1755 ) ) ;
#448 = CARTESIAN_POINT ( 'NONE',  ( 2.767581798328816106E-12, 1.147045235671962271E-12, 1.320000000000000062 ) ) ;
#449 = DIRECTION ( 'NONE',  ( -0.9238275255624818216, -0.3828089641232320095, -3.379331446708064672E-15 ) ) ;
#450 = DIRECTION ( 'NONE',  ( -3.225526565811033815E-15, -1.336570354578135212E-15, 1.000000000000000000 ) ) ;
#451 = DIRECTION ( 'NONE',  ( -0.9238275255624819327, -0.3828089641232319540, -3.795893820518176243E-15 ) ) ;
#452 = UNCERTAINTY_MEASURE_WITH_UNIT (LENGTH_MEASURE( 1.000000000000000082E-05 ), #5401, 'distance_accuracy_value', 'NONE');
#453 = DIRECTION ( 'NONE',  ( -3.225526565811033815E-15, -1.336570354578135212E-15, 1.000000000000000000 ) ) ;
#454 = FILL_AREA_STYLE_COLOUR ( '', #3324 ) ;
#455 = ADVANCED_FACE ( 'NONE', ( #1435 ), #3305, .F. ) ;
#456 = DIRECTION ( 'NONE',  ( -0.9238275255624818216, -0.3828089641232319540, -3.391188750029847752E-15 ) ) ;
#457 = VERTEX_POINT ( 'NONE', #1723 ) ;
#458 = SURFACE_STYLE_FILL_AREA ( #1292 ) ;
#459 = CARTESIAN_POINT ( 'NONE',  ( 1.486600059368127891, 2.851003631065886168, 9.540979117872439019E-15 ) ) ;
#460 = SURFACE_STYLE_USAGE ( .BOTH. , #5252 ) ;
#461 = SURFACE_STYLE_FILL_AREA ( #881 ) ;
#462 = VERTEX_POINT ( 'NONE', #4790 ) ;
#463 = ADVANCED_FACE ( 'NONE', ( #2910 ), #705, .T. ) ;
#464 = ORIENTED_EDGE ( 'NONE', *, *, #3946, .F. ) ;
#465 =( NAMED_UNIT ( * ) SI_UNIT ( $, .STERADIAN. ) SOLID_ANGLE_UNIT ( ) );
#466 = SURFACE_STYLE_FILL_AREA ( #883 ) ;
#467 = FILL_AREA_STYLE ('',( #1840 ) ) ;
#468 = DIRECTION ( 'NONE',  ( 0.9238275255624818216, 0.3828089641232322315, 3.484935554417691866E-15 ) ) ;
#469 = VERTEX_POINT ( 'NONE', #2215 ) ;
#470 = CIRCLE ( 'NONE', #2974, 4.093011618615001623 ) ;
#471 = EDGE_CURVE ( 'NONE', #3356, #670, #5417, .T. ) ;
#472 = DIRECTION ( 'NONE',  ( 0.1139976441928249595, 0.9934810200091825916, 1.695559708964150825E-15 ) ) ;
#473 = ORIENTED_EDGE ( 'NONE', *, *, #273, .T. ) ;
#474 = CARTESIAN_POINT ( 'NONE',  ( -4.729590529950243649, -1.027897572234363510, 9.669999999999983942 ) ) ;
#475 = DIRECTION ( 'NONE',  ( -3.225526565811033815E-15, -1.336570354578135212E-15, 1.000000000000000000 ) ) ;
#476 = AXIS2_PLACEMENT_3D ( 'NONE', #1426, #4494, #1858 ) ;
#477 = DIRECTION ( 'NONE',  ( -0.9238275255624818216, -0.3828089641232322871, -3.491481338843132172E-15 ) ) ;
#478 = CARTESIAN_POINT ( 'NONE',  ( 2.442970315056899100, 0.5309388286334332241, 9.350125019537008697 ) ) ;
#479 = CARTESIAN_POINT ( 'NONE',  ( -3.365429122328282987E-14, -1.394542163445761377E-14, 10.57009106966100020 ) ) ;
#480 = DIRECTION ( 'NONE',  ( 3.225526565811033815E-15, 1.336570354578135212E-15, -1.000000000000000000 ) ) ;
#481 = AXIS2_PLACEMENT_3D ( 'NONE', #4616, #3738, #5494 ) ;
#482 = ORIENTED_EDGE ( 'NONE', *, *, #5119, .F. ) ;
#483 = FILL_AREA_STYLE_COLOUR ( '', #648 ) ;
#484 = STYLED_ITEM ( 'NONE', ( #5013 ), #3893 ) ;
#485 = SURFACE_STYLE_FILL_AREA ( #4950 ) ;
#486 = CARTESIAN_POINT ( 'NONE',  ( 0.5209692339642629788, 4.540208261442685966, 7.806255641895631925E-15 ) ) ;
#487 = EDGE_LOOP ( 'NONE', ( #1388, #4453, #4561, #1066 ) ) ;
#488 = EDGE_CURVE ( 'NONE', #1895, #178, #4415, .T. ) ;
#489 = UNCERTAINTY_MEASURE_WITH_UNIT (LENGTH_MEASURE( 1.000000000000000082E-05 ), #1598, 'distance_accuracy_value', 'NONE');
#490 = DIRECTION ( 'NONE',  ( 3.225526565811032632E-15, 1.336570354578134620E-15, -1.000000000000000000 ) ) ;
#491 =( NAMED_UNIT ( * ) SI_UNIT ( $, .STERADIAN. ) SOLID_ANGLE_UNIT ( ) );
#492 = EDGE_LOOP ( 'NONE', ( #2327, #5091, #3372, #5156 ) ) ;
#493 = CARTESIAN_POINT ( 'NONE',  ( 1.441141809189478318, -2.563593237198167785, 0.1500000000000016875 ) ) ;
#494 = DIRECTION ( 'NONE',  ( 0.9238275255624818216, 0.3828089641232319540, 3.491481338843132566E-15 ) ) ;
#495 = DIRECTION ( 'NONE',  ( -0.3927498002965474355, -0.9196453633695013119, -2.439454888092387343E-15 ) ) ;
#496 = FILL_AREA_STYLE ('',( #1032 ) ) ;
#497 = ORIENTED_EDGE ( 'NONE', *, *, #1578, .T. ) ;
#498 = FILL_AREA_STYLE ('',( #924 ) ) ;
#499 = ADVANCED_FACE ( 'NONE', ( #2750 ), #3304, .F. ) ;
#500 =( LENGTH_UNIT ( ) NAMED_UNIT ( * ) SI_UNIT ( .MILLI., .METRE. ) );
#501 = FILL_AREA_STYLE ('',( #5393 ) ) ;
#502 = FILL_AREA_STYLE ('',( #542 ) ) ;
#503 = VERTEX_POINT ( 'NONE', #3683 ) ;
#504 = STYLED_ITEM ( 'NONE', ( #18 ), #168 ) ;
#505 =( NAMED_UNIT ( * ) SI_UNIT ( $, .STERADIAN. ) SOLID_ANGLE_UNIT ( ) );
#506 = AXIS2_PLACEMENT_3D ( 'NONE', #3880, #5200, #5671 ) ;
#507 =( LENGTH_UNIT ( ) NAMED_UNIT ( * ) SI_UNIT ( .MILLI., .METRE. ) );
#508 = AXIS2_PLACEMENT_3D ( 'NONE', #3740, #4497, #1913 ) ;
#509 = CARTESIAN_POINT ( 'NONE',  ( -1.325663368488629645, 2.611444357715867248, 1.919999999999999041 ) ) ;
#510 = FILL_AREA_STYLE_COLOUR ( '', #5112 ) ;
#511 = STYLED_ITEM ( 'NONE', ( #4941 ), #78 ) ;
#512 = FACE_OUTER_BOUND ( 'NONE', #3134, .T. ) ;
#513 = PRESENTATION_LAYER_ASSIGNMENT (  '', '', ( #4136 ) ) ;
#514 = COLOUR_RGB ( '',0.2235294117647058654, 0.2235294117647058654, 0.2235294117647058654 ) ;
#515 = CARTESIAN_POINT ( 'NONE',  ( -3.365429122328282987E-14, -1.394542163445761377E-14, 10.35012501953699804 ) ) ;
#516 = FILL_AREA_STYLE_COLOUR ( '', #3977 ) ;
#517 = CIRCLE ( 'NONE', #218, 4.619582096178001862 ) ;
#518 = AXIS2_PLACEMENT_3D ( 'NONE', #4207, #217, #3773 ) ;
#519 = COLOUR_RGB ( '',0.2235294117647058654, 0.2235294117647058654, 0.2235294117647058654 ) ;
#520 = EDGE_CURVE ( 'NONE', #5638, #4708, #4994, .T. ) ;
#521 = CIRCLE ( 'NONE', #4610, 3.325000000000000622 ) ;
#522 =( NAMED_UNIT ( * ) SI_UNIT ( $, .STERADIAN. ) SOLID_ANGLE_UNIT ( ) );
#523 =( LENGTH_UNIT ( ) NAMED_UNIT ( * ) SI_UNIT ( .MILLI., .METRE. ) );
#524 = STYLED_ITEM ( 'NONE', ( #3335 ), #1340 ) ;
#525 =( NAMED_UNIT ( * ) SI_UNIT ( $, .STERADIAN. ) SOLID_ANGLE_UNIT ( ) );
#526 =( NAMED_UNIT ( * ) PLANE_ANGLE_UNIT ( ) SI_UNIT ( $, .RADIAN. ) );
#527 = AXIS2_PLACEMENT_3D ( 'NONE', #5132, #4274, #2127 ) ;
#528 = SURFACE_STYLE_FILL_AREA ( #1409 ) ;
#529 = ORIENTED_EDGE ( 'NONE', *, *, #4687, .F. ) ;
#530 = ORIENTED_EDGE ( 'NONE', *, *, #5340, .F. ) ;
#531 = CARTESIAN_POINT ( 'NONE',  ( -1.117802175237153639, 2.697576374643560815, 27.07046610168999123 ) ) ;
#532 = EDGE_CURVE ( 'NONE', #2150, #1134, #3771, .T. ) ;
#533 = AXIS2_PLACEMENT_3D ( 'NONE', #2134, #5361, #4887 ) ;
#534 = ORIENTED_EDGE ( 'NONE', *, *, #1248, .F. ) ;
#535 = CIRCLE ( 'NONE', #2019, 0.5600000000000002753 ) ;
#536 = COLOUR_RGB ( '',0.7921568627450980005, 0.8196078431372548767, 0.9333333333333333481 ) ;
#537 = DIRECTION ( 'NONE',  ( -3.225526565811033815E-15, -1.336570354578135212E-15, 1.000000000000000000 ) ) ;
#538 =( NAMED_UNIT ( * ) SI_UNIT ( $, .STERADIAN. ) SOLID_ANGLE_UNIT ( ) );
#539 = DIRECTION ( 'NONE',  ( 0.9999999193074892156, 0.0004017275384776695696, 3.226063242653743876E-15 ) ) ;
#540 = PRESENTATION_STYLE_ASSIGNMENT (( #4517 ) ) ;
#541 = EDGE_LOOP ( 'NONE', ( #955, #4172, #174, #4086 ) ) ;
#542 = FILL_AREA_STYLE_COLOUR ( '', #2450 ) ;
#543 = CARTESIAN_POINT ( 'NONE',  ( 2.771403259486610704, 0.6023182480743460854, 6.930000000000008598 ) ) ;
#544 = AXIS2_PLACEMENT_3D ( 'NONE', #2576, #490, #1728 ) ;
#545 = ORIENTED_EDGE ( 'NONE', *, *, #3858, .F. ) ;
#546 = ADVANCED_FACE ( 'NONE', ( #2813 ), #5020, .T. ) ;
#547 = FACE_OUTER_BOUND ( 'NONE', #3512, .T. ) ;
#548 = PRESENTATION_LAYER_ASSIGNMENT (  '', '', ( #5438 ) ) ;
#549 = ORIENTED_EDGE ( 'NONE', *, *, #1686, .F. ) ;
#550 = DIRECTION ( 'NONE',  ( 0.3828089641232319540, -0.9238275255624818216, 0.000000000000000000 ) ) ;
#551 = EDGE_CURVE ( 'NONE', #1380, #597, #3202, .T. ) ;
#552 = ORIENTED_EDGE ( 'NONE', *, *, #1455, .F. ) ;
#553 = SURFACE_SIDE_STYLE ('',( #917 ) ) ;
#554 = LINE ( 'NONE', #3713, #2001 ) ;
#555 = UNCERTAINTY_MEASURE_WITH_UNIT (LENGTH_MEASURE( 1.000000000000000082E-05 ), #1411, 'distance_accuracy_value', 'NONE');
#556 = PRESENTATION_STYLE_ASSIGNMENT (( #5437 ) ) ;
#557 = CARTESIAN_POINT ( 'NONE',  ( 1.117802175242610163, -2.697576374641298624, -0.1000000000000002554 ) ) ;
#558 = CARTESIAN_POINT ( 'NONE',  ( 3.972458359918669579, 1.646078545729896536, 0.8500000000000156319 ) ) ;
#559 = ORIENTED_EDGE ( 'NONE', *, *, #3737, .T. ) ;
#560 = CARTESIAN_POINT ( 'NONE',  ( -3.071726522495268785, -1.272839805709753191, 4.849999999996987832 ) ) ;
#561 = DIRECTION ( 'NONE',  ( 0.9771881260227712751, 0.2123755314533781469, 3.576012102444070865E-15 ) ) ;
#562 = DIRECTION ( 'NONE',  ( -3.225526565811033815E-15, -1.336570354578135212E-15, 1.000000000000000000 ) ) ;
#563 = FILL_AREA_STYLE ('',( #5504 ) ) ;
#564 = CARTESIAN_POINT ( 'NONE',  ( 1.031670158314882846, -2.489715181389740017, -0.1000000000000002554 ) ) ;
#565 = EDGE_LOOP ( 'NONE', ( #3472, #337, #5134, #3008 ) ) ;
#566 = ORIENTED_EDGE ( 'NONE', *, *, #3698, .F. ) ;
#567 =( NAMED_UNIT ( * ) SI_UNIT ( $, .STERADIAN. ) SOLID_ANGLE_UNIT ( ) );
#568 = CARTESIAN_POINT ( 'NONE',  ( -1.325663368488628313, 2.611444357715868136, 1.519999999999999574 ) ) ;
#569 = ADVANCED_FACE ( 'NONE', ( #4624 ), #3010, .F. ) ;
#570 = FILL_AREA_STYLE ('',( #5005 ) ) ;
#571 = AXIS2_PLACEMENT_3D ( 'NONE', #3164, #5341, #449 ) ;
#572 = CARTESIAN_POINT ( 'NONE',  ( 1.324930242394693591, 2.784012062344320526, -0.09999999999999159561 ) ) ;
#573 = LINE ( 'NONE', #4140, #2606 ) ;
#574 = ORIENTED_EDGE ( 'NONE', *, *, #1144, .F. ) ;
#575 = COLOUR_RGB ( '',0.7921568627450980005, 0.8196078431372548767, 0.9333333333333333481 ) ;
#576 = CARTESIAN_POINT ( 'NONE',  ( -1.117802175237046169, 2.697576374643604780, -6.000000000000000000 ) ) ;
#577 = UNCERTAINTY_MEASURE_WITH_UNIT (LENGTH_MEASURE( 1.000000000000000082E-05 ), #2356, 'distance_accuracy_value', 'NONE');
#578 = DIRECTION ( 'NONE',  ( -0.7959129450999981037, -0.3298046460138681635, 0.5076923076922817968 ) ) ;
#579 = FILL_AREA_STYLE_COLOUR ( '', #5057 ) ;
#580 = CONICAL_SURFACE ( 'NONE', #768, 2.700000000000000622, 0.6747409422234239562 ) ;
#581 = PRESENTATION_STYLE_ASSIGNMENT (( #4927 ) ) ;
#582 = CIRCLE ( 'NONE', #2976, 0.2000000000000002054 ) ;
#583 = SURFACE_STYLE_FILL_AREA ( #1880 ) ;
#584 = LINE ( 'NONE', #124, #2799 ) ;
#585 = ORIENTED_EDGE ( 'NONE', *, *, #3081, .T. ) ;
#586 = CIRCLE ( 'NONE', #292, 2.900000000000000799 ) ;
#587 = EDGE_CURVE ( 'NONE', #5395, #3727, #712, .T. ) ;
#588 = FACE_OUTER_BOUND ( 'NONE', #2960, .T. ) ;
#589 = STYLED_ITEM ( 'NONE', ( #3732 ), #4116 ) ;
#590 = ORIENTED_EDGE ( 'NONE', *, *, #4584, .T. ) ;
#591 =( LENGTH_UNIT ( ) NAMED_UNIT ( * ) SI_UNIT ( .MILLI., .METRE. ) );
#592 = DIRECTION ( 'NONE',  ( 0.9238275255624818216, 0.3828089641232319540, 3.391188750029847752E-15 ) ) ;
#593 = SURFACE_STYLE_USAGE ( .BOTH. , #1404 ) ;
#594 = ORIENTED_EDGE ( 'NONE', *, *, #5371, .F. ) ;
#595 = DIRECTION ( 'NONE',  ( 3.225526565811033815E-15, 1.336570354578135212E-15, -1.000000000000000000 ) ) ;
#596 = DIRECTION ( 'NONE',  ( 0.9238275255624818216, 0.3828089641232319540, 3.491481338843132566E-15 ) ) ;
#597 = VERTEX_POINT ( 'NONE', #4294 ) ;
#598 = MECHANICAL_DESIGN_GEOMETRIC_PRESENTATION_REPRESENTATION (  '', ( #1005 ), #2071 ) ;
#599 = DIRECTION ( 'NONE',  ( -0.7959129450999982147, -0.3298046460138679969, 0.5076923076922815747 ) ) ;
#600 = VERTEX_POINT ( 'NONE', #4676 ) ;
#601 = FILL_AREA_STYLE_COLOUR ( '', #671 ) ;
#602 =( NAMED_UNIT ( * ) PLANE_ANGLE_UNIT ( ) SI_UNIT ( $, .RADIAN. ) );
#603 = LINE ( 'NONE', #1851, #685 ) ;
#604 = VERTEX_POINT ( 'NONE', #2051 ) ;
#605 = ADVANCED_FACE ( 'NONE', ( #1120 ), #5634, .F. ) ;
#606 = SURFACE_STYLE_USAGE ( .BOTH. , #3760 ) ;
#607 =( NAMED_UNIT ( * ) SI_UNIT ( $, .STERADIAN. ) SOLID_ANGLE_UNIT ( ) );
#608 = SURFACE_STYLE_USAGE ( .BOTH. , #2809 ) ;
#609 = ADVANCED_FACE ( 'NONE', ( #2959 ), #3802, .F. ) ;
#610 = EDGE_LOOP ( 'NONE', ( #1288, #3647, #4539, #1843 ) ) ;
#611 = AXIS2_PLACEMENT_3D ( 'NONE', #1139, #5076, #2430 ) ;
#612 = DIRECTION ( 'NONE',  ( -3.225526565811033815E-15, -1.336570354578135212E-15, 1.000000000000000000 ) ) ;
#613 = UNCERTAINTY_MEASURE_WITH_UNIT (LENGTH_MEASURE( 1.000000000000000082E-05 ), #879, 'distance_accuracy_value', 'NONE');
#614 =( NAMED_UNIT ( * ) PLANE_ANGLE_UNIT ( ) SI_UNIT ( $, .RADIAN. ) );
#615 = PRESENTATION_STYLE_ASSIGNMENT (( #1057 ) ) ;
#616 = STYLED_ITEM ( 'NONE', ( #1330 ), #3258 ) ;
#617 = PRESENTATION_STYLE_ASSIGNMENT (( #4206 ) ) ;
#618 = ADVANCED_FACE ( 'NONE', ( #3004 ), #980, .T. ) ;
#619 = ORIENTED_EDGE ( 'NONE', *, *, #2717, .F. ) ;
#620 = PRESENTATION_LAYER_ASSIGNMENT (  '', '', ( #5408 ) ) ;
#621 = ORIENTED_EDGE ( 'NONE', *, *, #3288, .F. ) ;
#622 = UNCERTAINTY_MEASURE_WITH_UNIT (LENGTH_MEASURE( 1.000000000000000082E-05 ), #402, 'distance_accuracy_value', 'NONE');
#623 = PRESENTATION_LAYER_ASSIGNMENT (  '', '', ( #2548 ) ) ;
#624 =( GEOMETRIC_REPRESENTATION_CONTEXT ( 3 ) GLOBAL_UNCERTAINTY_ASSIGNED_CONTEXT ( ( #2230 ) ) GLOBAL_UNIT_ASSIGNED_CONTEXT ( ( #5655, #3441, #2998 ) ) REPRESENTATION_CONTEXT ( 'NONE', 'WORKASPACE' ) );
#625 = DIRECTION ( 'NONE',  ( -3.225526565811033815E-15, -1.336570354578135212E-15, 1.000000000000000000 ) ) ;
#626 = SURFACE_STYLE_FILL_AREA ( #2820 ) ;
#627 = AXIS2_PLACEMENT_3D ( 'NONE', #2139, #3913, #5658 ) ;
#628 = EDGE_LOOP ( 'NONE', ( #2143, #5032 ) ) ;
#629 = ADVANCED_FACE ( 'NONE', ( #3942 ), #1744, .T. ) ;
#630 = ORIENTED_EDGE ( 'NONE', *, *, #5271, .F. ) ;
#631 = COLOUR_RGB ( '',0.2235294117647058654, 0.2235294117647058654, 0.2235294117647058654 ) ;
#632 = CIRCLE ( 'NONE', #816, 0.1999999999999999833 ) ;
#633 = PRESENTATION_STYLE_ASSIGNMENT (( #1067 ) ) ;
#634 =( GEOMETRIC_REPRESENTATION_CONTEXT ( 3 ) GLOBAL_UNCERTAINTY_ASSIGNED_CONTEXT ( ( #2930 ) ) GLOBAL_UNIT_ASSIGNED_CONTEXT ( ( #3905, #801, #1151 ) ) REPRESENTATION_CONTEXT ( 'NONE', 'WORKASPACE' ) );
#635 = ORIENTED_EDGE ( 'NONE', *, *, #1484, .T. ) ;
#636 = FACE_OUTER_BOUND ( 'NONE', #5464, .T. ) ;
#637 = VECTOR ( 'NONE', #5328, 1000.000000000000114 ) ;
#638 = DIRECTION ( 'NONE',  ( -0.6104445828554163622, -0.1326699427206652626, 0.7808688094430280557 ) ) ;
#639 = CONICAL_SURFACE ( 'NONE', #336, 2.700000000000000622, 0.6747409422234239562 ) ;
#640 = EDGE_LOOP ( 'NONE', ( #320, #1982, #2938, #224 ) ) ;
#641 = CIRCLE ( 'NONE', #3120, 0.2250000000000000056 ) ;
#642 = CONICAL_SURFACE ( 'NONE', #1476, 4.641328711440001697, 0.001954246648718304096 ) ;
#643 = UNCERTAINTY_MEASURE_WITH_UNIT (LENGTH_MEASURE( 1.000000000000000082E-05 ), #5103, 'distance_accuracy_value', 'NONE');
#644 = ORIENTED_EDGE ( 'NONE', *, *, #3563, .T. ) ;
#645 = CARTESIAN_POINT ( 'NONE',  ( 0.9099409819910521113, -2.783708391569025498, -0.1000000000000011297 ) ) ;
#646 = ORIENTED_EDGE ( 'NONE', *, *, #4543, .F. ) ;
#647 = STYLED_ITEM ( 'NONE', ( #1498 ), #958 ) ;
#648 = COLOUR_RGB ( '',0.9686274509803921573, 0.8784313725490195957, 0.5999999999999999778 ) ;
#649 = FILL_AREA_STYLE_COLOUR ( '', #5266 ) ;
#650 = CARTESIAN_POINT ( 'NONE',  ( -1.117069049136673042, -2.697880045413915351, 1.687499999999993783 ) ) ;
#651 =( GEOMETRIC_REPRESENTATION_CONTEXT ( 3 ) GLOBAL_UNCERTAINTY_ASSIGNED_CONTEXT ( ( #1511 ) ) GLOBAL_UNIT_ASSIGNED_CONTEXT ( ( #4951, #4181, #3650 ) ) REPRESENTATION_CONTEXT ( 'NONE', 'WORKASPACE' ) );
#652 = ORIENTED_EDGE ( 'NONE', *, *, #964, .T. ) ;
#653 =( LENGTH_UNIT ( ) NAMED_UNIT ( * ) SI_UNIT ( .MILLI., .METRE. ) );
#654 = SURFACE_STYLE_USAGE ( .BOTH. , #4623 ) ;
#655 = MECHANICAL_DESIGN_GEOMETRIC_PRESENTATION_REPRESENTATION (  '', ( #1940 ), #2666 ) ;
#656 =( NAMED_UNIT ( * ) PLANE_ANGLE_UNIT ( ) SI_UNIT ( $, .RADIAN. ) );
#657 = VERTEX_POINT ( 'NONE', #5663 ) ;
#658 = CARTESIAN_POINT ( 'NONE',  ( -1.117069049138519343, -2.697880045414680517, 1.519999999999993578 ) ) ;
#659 = ORIENTED_EDGE ( 'NONE', *, *, #4466, .T. ) ;
#660 = EDGE_CURVE ( 'NONE', #5665, #3473, #2095, .T. ) ;
#661 = DIRECTION ( 'NONE',  ( 3.225526565811033815E-15, 1.336570354578135212E-15, -1.000000000000000000 ) ) ;
#662 = CARTESIAN_POINT ( 'NONE',  ( -1.117802175237046169, 2.697576374643604780, -6.000000000000000000 ) ) ;
#663 = CARTESIAN_POINT ( 'NONE',  ( -1.634412463451662134, -2.912253065322925050, 1.519999999999991802 ) ) ;
#664 = SURFACE_STYLE_FILL_AREA ( #2035 ) ;
#665 = CARTESIAN_POINT ( 'NONE',  ( 1.634412463459049780, 2.912253065325986601, 9.540979117872439019E-15 ) ) ;
#666 = VERTEX_POINT ( 'NONE', #3040 ) ;
#667 = LINE ( 'NONE', #181, #3436 ) ;
#668 = ADVANCED_FACE ( 'NONE', ( #4978 ), #2757, .F. ) ;
#669 = PRESENTATION_STYLE_ASSIGNMENT (( #2419 ) ) ;
#670 = VERTEX_POINT ( 'NONE', #3282 ) ;
#671 = COLOUR_RGB ( '',0.9686274509803921573, 0.8784313725490195957, 0.5999999999999999778 ) ;
#672 = CARTESIAN_POINT ( 'NONE',  ( -1.117069049136672154, -2.697880045413915351, 1.519999999999993578 ) ) ;
#673 = DIRECTION ( 'NONE',  ( -0.9771881260227711641, -0.2123755314533780914, -3.472331803171746845E-15 ) ) ;
#674 = SURFACE_SIDE_STYLE ('',( #786 ) ) ;
#675 = DIRECTION ( 'NONE',  ( -0.9238275255624819327, -0.3828089641232319540, -3.491481338843133750E-15 ) ) ;
#676 = PRESENTATION_LAYER_ASSIGNMENT (  '', '', ( #4188 ) ) ;
#677 = AXIS2_PLACEMENT_3D ( 'NONE', #1554, #1640, #4215 ) ;
#678 = AXIS2_PLACEMENT_3D ( 'NONE', #4553, #4152, #1971 ) ;
#679 = CARTESIAN_POINT ( 'NONE',  ( -0.6004587609220802813, 2.911949394552604264, 1.520000000000002238 ) ) ;
#680 = DIRECTION ( 'NONE',  ( 3.225526565811033815E-15, 1.336570354578135212E-15, -1.000000000000000000 ) ) ;
#681 = FACE_OUTER_BOUND ( 'NONE', #640, .T. ) ;
#682 = DIRECTION ( 'NONE',  ( 3.225526565811033815E-15, 1.336570354578135212E-15, -1.000000000000000000 ) ) ;
#683 = EDGE_LOOP ( 'NONE', ( #5581, #1452, #4349, #957 ) ) ;
#684 =( NAMED_UNIT ( * ) PLANE_ANGLE_UNIT ( ) SI_UNIT ( $, .RADIAN. ) );
#685 = VECTOR ( 'NONE', #2707, 1000.000000000000000 ) ;
#686 = ADVANCED_FACE ( 'NONE', ( #2420, #235 ), #1987, .T. ) ;
#687 = CARTESIAN_POINT ( 'NONE',  ( -3.205170592693602901E-15, -1.328135393757867865E-15, 0.8000000000000003775 ) ) ;
#688 = ORIENTED_EDGE ( 'NONE', *, *, #5493, .F. ) ;
#689 =( GEOMETRIC_REPRESENTATION_CONTEXT ( 3 ) GLOBAL_UNCERTAINTY_ASSIGNED_CONTEXT ( ( #1853 ) ) GLOBAL_UNIT_ASSIGNED_CONTEXT ( ( #2040, #5515, #1622 ) ) REPRESENTATION_CONTEXT ( 'NONE', 'WORKASPACE' ) );
#690 = PLANE ( 'NONE',  #3603 ) ;
#691 = ORIENTED_EDGE ( 'NONE', *, *, #4871, .F. ) ;
#692 = DIRECTION ( 'NONE',  ( 0.6104445828554113662, 0.1326699427206631254, 0.7808688094430323856 ) ) ;
#693 = ORIENTED_EDGE ( 'NONE', *, *, #273, .F. ) ;
#694 =( NAMED_UNIT ( * ) PLANE_ANGLE_UNIT ( ) SI_UNIT ( $, .RADIAN. ) );
#695 = APPLICATION_CONTEXT ( 'automotive_design' ) ;
#696 = SURFACE_SIDE_STYLE ('',( #3752 ) ) ;
#697 = LINE ( 'NONE', #3701, #3030 ) ;
#698 =( NAMED_UNIT ( * ) PLANE_ANGLE_UNIT ( ) SI_UNIT ( $, .RADIAN. ) );
#699 = CARTESIAN_POINT ( 'NONE',  ( -3.205170592693603296E-14, -1.328135393757868023E-14, 9.850125019536998039 ) ) ;
#700 = ORIENTED_EDGE ( 'NONE', *, *, #1455, .T. ) ;
#701 = ADVANCED_FACE ( 'NONE', ( #3754 ), #4220, .T. ) ;
#702 = CARTESIAN_POINT ( 'NONE',  ( 0.3993560884836860891, 5.130107481058386654, 0.4000000000000088485 ) ) ;
#703 = EDGE_LOOP ( 'NONE', ( #4023, #594, #464, #41 ) ) ;
#704 = SURFACE_SIDE_STYLE ('',( #5125 ) ) ;
#705 = CYLINDRICAL_SURFACE ( 'NONE', #420, 0.2250000000000000056 ) ;
#706 =( NAMED_UNIT ( * ) SI_UNIT ( $, .STERADIAN. ) SOLID_ANGLE_UNIT ( ) );
#707 =( LENGTH_UNIT ( ) NAMED_UNIT ( * ) SI_UNIT ( .MILLI., .METRE. ) );
#708 =( NAMED_UNIT ( * ) SI_UNIT ( $, .STERADIAN. ) SOLID_ANGLE_UNIT ( ) );
#709 = SURFACE_STYLE_FILL_AREA ( #4679 ) ;
#710 = AXIS2_PLACEMENT_3D ( 'NONE', #2889, #2916, #1176 ) ;
#711 = SURFACE_SIDE_STYLE ('',( #5583 ) ) ;
#712 = CIRCLE ( 'NONE', #1993, 0.3500000000000000888 ) ;
#713 = VERTEX_POINT ( 'NONE', #2872 ) ;
#714 = VECTOR ( 'NONE', #4421, 1000.000000000000000 ) ;
#715 =( LENGTH_UNIT ( ) NAMED_UNIT ( * ) SI_UNIT ( .MILLI., .METRE. ) );
#716 = PRESENTATION_LAYER_ASSIGNMENT (  '', '', ( #888 ) ) ;
#717 = EDGE_CURVE ( 'NONE', #4836, #4243, #43, .T. ) ;
#718 = VERTEX_POINT ( 'NONE', #3879 ) ;
#719 = CIRCLE ( 'NONE', #3478, 4.140000000000001457 ) ;
#720 = FILL_AREA_STYLE ('',( #2530 ) ) ;
#721 =( LENGTH_UNIT ( ) NAMED_UNIT ( * ) SI_UNIT ( .MILLI., .METRE. ) );
#722 = EDGE_CURVE ( 'NONE', #4973, #4771, #3870, .T. ) ;
#723 = SURFACE_STYLE_USAGE ( .BOTH. , #2803 ) ;
#724 = ORIENTED_EDGE ( 'NONE', *, *, #3056, .T. ) ;
#725 = MECHANICAL_DESIGN_GEOMETRIC_PRESENTATION_REPRESENTATION (  '', ( #3765 ), #624 ) ;
#726 = AXIS2_PLACEMENT_3D ( 'NONE', #42, #2434, #4024 ) ;
#727 = PRESENTATION_LAYER_ASSIGNMENT (  '', '', ( #4233 ) ) ;
#728 = AXIS2_PLACEMENT_3D ( 'NONE', #5056, #1478, #4665 ) ;
#729 = PRESENTATION_STYLE_ASSIGNMENT (( #3845 ) ) ;
#730 =( GEOMETRIC_REPRESENTATION_CONTEXT ( 3 ) GLOBAL_UNCERTAINTY_ASSIGNED_CONTEXT ( ( #5026 ) ) GLOBAL_UNIT_ASSIGNED_CONTEXT ( ( #5392, #1983, #4976 ) ) REPRESENTATION_CONTEXT ( 'NONE', 'WORKASPACE' ) );
#731 = DIRECTION ( 'NONE',  ( 3.225526565811033815E-15, 1.336570354578135212E-15, -1.000000000000000000 ) ) ;
#732 = AXIS2_PLACEMENT_3D ( 'NONE', #2363, #160, #4147 ) ;
#733 = STYLED_ITEM ( 'NONE', ( #1150 ), #4956 ) ;
#734 = TOROIDAL_SURFACE ( 'NONE', #3314, 0.4000000000000000222, 0.2031250000000000000 ) ;
#735 = VERTEX_POINT ( 'NONE', #3054 ) ;
#736 = SURFACE_STYLE_FILL_AREA ( #5678 ) ;
#737 = PRESENTATION_LAYER_ASSIGNMENT (  '', '', ( #3408 ) ) ;
#738 = COLOUR_RGB ( '',0.9686274509803921573, 0.8784313725490195957, 0.5999999999999999778 ) ;
#739 = PRESENTATION_LAYER_ASSIGNMENT (  '', '', ( #2021 ) ) ;
#740 = FILL_AREA_STYLE_COLOUR ( '', #3197 ) ;
#741 = ADVANCED_FACE ( 'NONE', ( #3841 ), #5004, .F. ) ;
#742 = SURFACE_STYLE_FILL_AREA ( #3852 ) ;
#743 = CARTESIAN_POINT ( 'NONE',  ( -0.1993017540870222482, 5.129972966550750080, 0.4000000000000062395 ) ) ;
#744 = DIRECTION ( 'NONE',  ( -0.9238275255624821547, -0.3828089641232312879, -3.854941057726236322E-15 ) ) ;
#745 = ORIENTED_EDGE ( 'NONE', *, *, #2404, .F. ) ;
#746 = CIRCLE ( 'NONE', #1937, 1.950000000000000400 ) ;
#747 = UNCERTAINTY_MEASURE_WITH_UNIT (LENGTH_MEASURE( 1.000000000000000082E-05 ), #4293, 'distance_accuracy_value', 'NONE');
#748 = DIRECTION ( 'NONE',  ( 3.225526565811033815E-15, 1.336570354578135212E-15, -1.000000000000000000 ) ) ;
#749 = DIRECTION ( 'NONE',  ( -0.9771881260227712751, -0.2123755314533780914, -3.435801099659910366E-15 ) ) ;
#750 = DIRECTION ( 'NONE',  ( -3.225526565811033815E-15, -1.336570354578135212E-15, 1.000000000000000000 ) ) ;
#751 = SURFACE_STYLE_USAGE ( .BOTH. , #3813 ) ;
#752 = CARTESIAN_POINT ( 'NONE',  ( -3.205170592693602901E-15, -1.328135393757867865E-15, 0.8000000000000003775 ) ) ;
#753 = FILL_AREA_STYLE_COLOUR ( '', #2937 ) ;
#754 = SURFACE_STYLE_USAGE ( .BOTH. , #1269 ) ;
#755 = DIRECTION ( 'NONE',  ( -3.225526565811033815E-15, -1.336570354578135212E-15, 1.000000000000000000 ) ) ;
#756 = EDGE_CURVE ( 'NONE', #597, #1380, #4673, .T. ) ;
#757 = FACE_OUTER_BOUND ( 'NONE', #4423, .T. ) ;
#758 = DIRECTION ( 'NONE',  ( 0.9771881260227711641, 0.2123755314533781191, 3.212450881438531057E-15 ) ) ;
#759 = SURFACE_STYLE_FILL_AREA ( #4731 ) ;
#760 = SURFACE_STYLE_FILL_AREA ( #2536 ) ;
#761 = CIRCLE ( 'NONE', #3627, 0.2250000000000000056 ) ;
#762 = SURFACE_STYLE_FILL_AREA ( #1119 ) ;
#763 =( GEOMETRIC_REPRESENTATION_CONTEXT ( 3 ) GLOBAL_UNCERTAINTY_ASSIGNED_CONTEXT ( ( #4004 ) ) GLOBAL_UNIT_ASSIGNED_CONTEXT ( ( #500, #4515, #538 ) ) REPRESENTATION_CONTEXT ( 'NONE', 'WORKASPACE' ) );
#764 =( NAMED_UNIT ( * ) SI_UNIT ( $, .STERADIAN. ) SOLID_ANGLE_UNIT ( ) );
#765 =( LENGTH_UNIT ( ) NAMED_UNIT ( * ) SI_UNIT ( .MILLI., .METRE. ) );
#766 = FILL_AREA_STYLE ('',( #332 ) ) ;
#767 = ORIENTED_EDGE ( 'NONE', *, *, #185, .F. ) ;
#768 = AXIS2_PLACEMENT_3D ( 'NONE', #3566, #2198, #2289 ) ;
#769 = CIRCLE ( 'NONE', #4747, 18.57604166667000101 ) ;
#770 = ADVANCED_FACE ( 'NONE', ( #4260 ), #639, .F. ) ;
#771 = ORIENTED_EDGE ( 'NONE', *, *, #3361, .F. ) ;
#772 =( LENGTH_UNIT ( ) NAMED_UNIT ( * ) SI_UNIT ( .MILLI., .METRE. ) );
#773 =( GEOMETRIC_REPRESENTATION_CONTEXT ( 3 ) GLOBAL_UNCERTAINTY_ASSIGNED_CONTEXT ( ( #5373 ) ) GLOBAL_UNIT_ASSIGNED_CONTEXT ( ( #122, #3240, #103 ) ) REPRESENTATION_CONTEXT ( 'NONE', 'WORKASPACE' ) );
#774 = SURFACE_STYLE_USAGE ( .BOTH. , #5642 ) ;
#775 = VECTOR ( 'NONE', #2779, 1000.000000000000000 ) ;
#776 = EDGE_LOOP ( 'NONE', ( #1727, #1307, #1315, #5192 ) ) ;
#777 = FACE_OUTER_BOUND ( 'NONE', #2146, .T. ) ;
#778 = FACE_BOUND ( 'NONE', #1068, .T. ) ;
#779 = CARTESIAN_POINT ( 'NONE',  ( -2.243619414885522307E-14, -9.296947756305075845E-15, 6.929999999999999716 ) ) ;
#780 = PRESENTATION_STYLE_ASSIGNMENT (( #754 ) ) ;
#781 = FILL_AREA_STYLE ('',( #4692 ) ) ;
#782 = ORIENTED_EDGE ( 'NONE', *, *, #5621, .F. ) ;
#783 = MECHANICAL_DESIGN_GEOMETRIC_PRESENTATION_REPRESENTATION (  '', ( #297 ), #2429 ) ;
#784 = CARTESIAN_POINT ( 'NONE',  ( 1.117802175242610163, -2.697576374641298624, -0.1000000000000002554 ) ) ;
#785 = FILL_AREA_STYLE_COLOUR ( '', #2185 ) ;
#786 = SURFACE_STYLE_FILL_AREA ( #5176 ) ;
#787 = CYLINDRICAL_SURFACE ( 'NONE', #3155, 0.5600000000000001643 ) ;
#788 = EDGE_CURVE ( 'NONE', #4020, #5611, #3873, .T. ) ;
#789 = DIRECTION ( 'NONE',  ( -0.9771881260227712751, -0.2123755314533780914, -3.435801099659910366E-15 ) ) ;
#790 = ADVANCED_FACE ( 'NONE', ( #4338 ), #2303, .T. ) ;
#791 = DIRECTION ( 'NONE',  ( -0.9238275255624819327, -0.3828089641232319540, -3.491481338843134144E-15 ) ) ;
#792 = ORIENTED_EDGE ( 'NONE', *, *, #2240, .T. ) ;
#793 = UNCERTAINTY_MEASURE_WITH_UNIT (LENGTH_MEASURE( 1.000000000000000082E-05 ), #2557, 'distance_accuracy_value', 'NONE');
#794 = CYLINDRICAL_SURFACE ( 'NONE', #527, 0.5600000000000000533 ) ;
#795 = ORIENTED_EDGE ( 'NONE', *, *, #5420, .F. ) ;
#796 = EDGE_CURVE ( 'NONE', #3026, #982, #5698, .T. ) ;
#797 = VECTOR ( 'NONE', #4660, 1000.000000000000000 ) ;
#798 = SURFACE_STYLE_FILL_AREA ( #2631 ) ;
#799 = COLOUR_RGB ( '',0.8509803921568627194, 0.8509803921568627194, 0.8509803921568627194 ) ;
#800 = DIRECTION ( 'NONE',  ( 3.225526565811033815E-15, 1.336570354578135212E-15, -1.000000000000000000 ) ) ;
#801 =( NAMED_UNIT ( * ) PLANE_ANGLE_UNIT ( ) SI_UNIT ( $, .RADIAN. ) );
#802 = CARTESIAN_POINT ( 'NONE',  ( 1.117802175242629259, -2.697576374641290631, -6.000000000000000000 ) ) ;
#803 = AXIS2_PLACEMENT_3D ( 'NONE', #819, #2566, #3166 ) ;
#804 = EDGE_CURVE ( 'NONE', #3697, #2318, #3685, .T. ) ;
#805 = DIRECTION ( 'NONE',  ( 3.225526565811033815E-15, 1.336570354578135212E-15, -1.000000000000000000 ) ) ;
#806 = AXIS2_PLACEMENT_3D ( 'NONE', #2720, #1835, #5384 ) ;
#807 = ORIENTED_EDGE ( 'NONE', *, *, #2068, .F. ) ;
#808 = CLOSED_SHELL ( 'NONE', ( #4324, #4730, #1031, #1772, #4116, #1994, #5569, #2491, #5170, #2831, #569, #2033, #629, #5151, #5696, #4907, #2756, #1881, #5286, #4219, #2281, #741, #3173, #668, #770, #4550, #1073, #1137, #1905, #2167, #5537, #5443, #1619 ) ) ;
#809 = SURFACE_STYLE_FILL_AREA ( #2590 ) ;
#810 = AXIS2_PLACEMENT_3D ( 'NONE', #3649, #898, #2676 ) ;
#811 = CARTESIAN_POINT ( 'NONE',  ( 4.221891791823314755, 1.749436966044319419, 0.4000000000000166755 ) ) ;
#812 = AXIS2_PLACEMENT_3D ( 'NONE', #5467, #5529, #5495 ) ;
#813 = AXIS2_PLACEMENT_3D ( 'NONE', #3369, #5587, #3931 ) ;
#814 = MECHANICAL_DESIGN_GEOMETRIC_PRESENTATION_REPRESENTATION (  '', ( #3853 ), #1555 ) ;
#815 = COLOUR_RGB ( '',0.7921568627450980005, 0.8196078431372548767, 0.9333333333333333481 ) ;
#816 = AXIS2_PLACEMENT_3D ( 'NONE', #4162, #4626, #171 ) ;
#817 = PRESENTATION_LAYER_ASSIGNMENT (  '', '', ( #5608 ) ) ;
#818 = FACE_OUTER_BOUND ( 'NONE', #4090, .T. ) ;
#819 = CARTESIAN_POINT ( 'NONE',  ( -1.117069049136647951, -2.697880045413905581, -6.000000000000007105 ) ) ;
#820 = APPLICATION_PROTOCOL_DEFINITION ( 'draft international standard', 'automotive_design', 1998, #695 ) ;
#821 = ORIENTED_EDGE ( 'NONE', *, *, #407, .T. ) ;
#822 = CIRCLE ( 'NONE', #5257, 0.5600000000000002753 ) ;
#823 = CIRCLE ( 'NONE', #4065, 4.570000000000001172 ) ;
#824 =( GEOMETRIC_REPRESENTATION_CONTEXT ( 3 ) GLOBAL_UNCERTAINTY_ASSIGNED_CONTEXT ( ( #1951 ) ) GLOBAL_UNIT_ASSIGNED_CONTEXT ( ( #310, #1258, #1678 ) ) REPRESENTATION_CONTEXT ( 'NONE', 'WORKASPACE' ) );
#825 =( LENGTH_UNIT ( ) NAMED_UNIT ( * ) SI_UNIT ( .MILLI., .METRE. ) );
#826 = DIRECTION ( 'NONE',  ( -0.9238275255624819327, -0.3828089641232319540, -3.491481338843133750E-15 ) ) ;
#827 = ADVANCED_FACE ( 'NONE', ( #4078, #4420, #3157, #971 ), #920, .T. ) ;
#828 = COLOUR_RGB ( '',0.2235294117647058654, 0.2235294117647058654, 0.2235294117647058654 ) ;
#829 = DIRECTION ( 'NONE',  ( -0.9238275255624818216, -0.3828089641232323981, -3.484935554417691866E-15 ) ) ;
#830 = STYLED_ITEM ( 'NONE', ( #4185 ), #5696 ) ;
#831 = AXIS2_PLACEMENT_3D ( 'NONE', #4850, #3562, #5714 ) ;
#832 = CARTESIAN_POINT ( 'NONE',  ( 1.117069049143154524, 2.697880045416601646, -5.999999999999992006 ) ) ;
#833 = CARTESIAN_POINT ( 'NONE',  ( -9.455253248446128933E-14, -3.917999411585710873E-14, 29.36745762711699825 ) ) ;
#834 =( GEOMETRIC_REPRESENTATION_CONTEXT ( 3 ) GLOBAL_UNCERTAINTY_ASSIGNED_CONTEXT ( ( #4575 ) ) GLOBAL_UNIT_ASSIGNED_CONTEXT ( ( #3920, #415, #3061 ) ) REPRESENTATION_CONTEXT ( 'NONE', 'WORKASPACE' ) );
#835 = CARTESIAN_POINT ( 'NONE',  ( 3.418161844581162789, 1.416393167255950214, 6.200000000000013500 ) ) ;
#836 = CARTESIAN_POINT ( 'NONE',  ( 1.324930242394686930, 2.784012062344317862, 1.920000000000007701 ) ) ;
#837 = VERTEX_POINT ( 'NONE', #1407 ) ;
#838 = CARTESIAN_POINT ( 'NONE',  ( -3.365429122328282987E-14, -1.394542163445761377E-14, 10.35012501953699804 ) ) ;
#839 = DIRECTION ( 'NONE',  ( 0.9238275255624818216, 0.3828089641232322315, 3.491481338843131383E-15 ) ) ;
#840 = ORIENTED_EDGE ( 'NONE', *, *, #998, .F. ) ;
#841 = DIRECTION ( 'NONE',  ( -0.9238275255624818216, -0.3828089641232319540, -3.564500293103027152E-15 ) ) ;
#842 = EDGE_CURVE ( 'NONE', #5248, #4812, #86, .T. ) ;
#843 = SURFACE_STYLE_FILL_AREA ( #4816 ) ;
#844 = DIRECTION ( 'NONE',  ( -0.9771881260227711641, -0.2123755314533780636, -3.364119412323701452E-15 ) ) ;
#845 = DIRECTION ( 'NONE',  ( -3.225526565811033815E-15, -1.336570354578135212E-15, 1.000000000000000000 ) ) ;
#846 = DIRECTION ( 'NONE',  ( 3.225526565811033815E-15, 1.336570354578135212E-15, -1.000000000000000000 ) ) ;
#847 =( LENGTH_UNIT ( ) NAMED_UNIT ( * ) SI_UNIT ( .MILLI., .METRE. ) );
#848 =( LENGTH_UNIT ( ) NAMED_UNIT ( * ) SI_UNIT ( .MILLI., .METRE. ) );
#849 = ORIENTED_EDGE ( 'NONE', *, *, #1979, .F. ) ;
#850 =( NAMED_UNIT ( * ) PLANE_ANGLE_UNIT ( ) SI_UNIT ( $, .RADIAN. ) );
#851 = EDGE_LOOP ( 'NONE', ( #2436, #2523, #4590, #4108 ) ) ;
#852 = FACE_OUTER_BOUND ( 'NONE', #3665, .T. ) ;
#853 = AXIS2_PLACEMENT_3D ( 'NONE', #5549, #5092, #3256 ) ;
#854 = ORIENTED_EDGE ( 'NONE', *, *, #868, .F. ) ;
#855 = ORIENTED_EDGE ( 'NONE', *, *, #873, .F. ) ;
#856 = UNCERTAINTY_MEASURE_WITH_UNIT (LENGTH_MEASURE( 1.000000000000000082E-05 ), #5122, 'distance_accuracy_value', 'NONE');
#857 = PRESENTATION_STYLE_ASSIGNMENT (( #5321 ) ) ;
#858 = DIRECTION ( 'NONE',  ( -3.225526565811033815E-15, -1.336570354578135212E-15, 1.000000000000000000 ) ) ;
#859 = EDGE_CURVE ( 'NONE', #2772, #469, #1832, .T. ) ;
#860 = AXIS2_PLACEMENT_3D ( 'NONE', #1523, #3689, #1060 ) ;
#861 = FACE_OUTER_BOUND ( 'NONE', #3053, .T. ) ;
#862 = CARTESIAN_POINT ( 'NONE',  ( -0.7464774800403233268, 1.801463674846831342, 6.350000000000002309 ) ) ;
#863 = VECTOR ( 'NONE', #5588, 1000.000000000000000 ) ;
#864 = CARTESIAN_POINT ( 'NONE',  ( -2.724395003789562328E-14, -1.128915084694187646E-14, 8.350125019536999815 ) ) ;
#865 = CYLINDRICAL_SURFACE ( 'NONE', #2655, 0.5600000000000000533 ) ;
#866 = DIRECTION ( 'NONE',  ( 3.225526565811033815E-15, 1.336570354578135212E-15, -1.000000000000000000 ) ) ;
#867 = VERTEX_POINT ( 'NONE', #3105 ) ;
#868 = EDGE_CURVE ( 'NONE', #657, #1701, #4524, .T. ) ;
#869 =( GEOMETRIC_REPRESENTATION_CONTEXT ( 3 ) GLOBAL_UNCERTAINTY_ASSIGNED_CONTEXT ( ( #1443 ) ) GLOBAL_UNIT_ASSIGNED_CONTEXT ( ( #4551, #2740, #3239 ) ) REPRESENTATION_CONTEXT ( 'NONE', 'WORKASPACE' ) );
#870 = FILL_AREA_STYLE ('',( #2247 ) ) ;
#871 = DIRECTION ( 'NONE',  ( 0.9238275255624818216, 0.3828089641232322315, 3.484935554417691866E-15 ) ) ;
#872 =( NAMED_UNIT ( * ) SI_UNIT ( $, .STERADIAN. ) SOLID_ANGLE_UNIT ( ) );
#873 = EDGE_CURVE ( 'NONE', #1072, #3356, #4244, .T. ) ;
#874 = UNCERTAINTY_MEASURE_WITH_UNIT (LENGTH_MEASURE( 1.000000000000000082E-05 ), #1520, 'distance_accuracy_value', 'NONE');
#875 = CARTESIAN_POINT ( 'NONE',  ( 2.770786968921510142E-12, 1.148373371065720003E-12, 0.4000000000000001887 ) ) ;
#876 = EDGE_CURVE ( 'NONE', #4766, #1024, #1749, .T. ) ;
#877 =( LENGTH_UNIT ( ) NAMED_UNIT ( * ) SI_UNIT ( .MILLI., .METRE. ) );
#878 = VERTEX_POINT ( 'NONE', #1063 ) ;
#879 =( LENGTH_UNIT ( ) NAMED_UNIT ( * ) SI_UNIT ( .MILLI., .METRE. ) );
#880 = CARTESIAN_POINT ( 'NONE',  ( 3.556735973415534602, 1.473814511874434574, 6.150000000000011902 ) ) ;
#881 = FILL_AREA_STYLE ('',( #1401 ) ) ;
#882 = ORIENTED_EDGE ( 'NONE', *, *, #3800, .T. ) ;
#883 = FILL_AREA_STYLE ('',( #4803 ) ) ;
#884 = CARTESIAN_POINT ( 'NONE',  ( -1.801463674846861984, -0.7464774800403115584, 6.599999999999994316 ) ) ;
#885 = CARTESIAN_POINT ( 'NONE',  ( -2.243619414885522307E-14, -9.296947756305075845E-15, 6.929999999999999716 ) ) ;
#886 = CYLINDRICAL_SURFACE ( 'NONE', #2250, 0.5600000000000000533 ) ;
#887 = VERTEX_POINT ( 'NONE', #1123 ) ;
#888 = STYLED_ITEM ( 'NONE', ( #1725 ), #316 ) ;
#889 = EDGE_CURVE ( 'NONE', #5318, #2660, #822, .T. ) ;
#890 = CARTESIAN_POINT ( 'NONE',  ( -1.117069049138514458, -2.697880045414678740, -6.938893903907228378E-15 ) ) ;
#891 = AXIS2_PLACEMENT_3D ( 'NONE', #1140, #2451, #789 ) ;
#892 = DIRECTION ( 'NONE',  ( -3.225526565811033815E-15, -1.336570354578135212E-15, 1.000000000000000000 ) ) ;
#893 =( GEOMETRIC_REPRESENTATION_CONTEXT ( 3 ) GLOBAL_UNCERTAINTY_ASSIGNED_CONTEXT ( ( #5639 ) ) GLOBAL_UNIT_ASSIGNED_CONTEXT ( ( #5007, #602, #2178 ) ) REPRESENTATION_CONTEXT ( 'NONE', 'WORKASPACE' ) );
#894 = PRESENTATION_LAYER_ASSIGNMENT (  '', '', ( #1819 ) ) ;
#895 = CIRCLE ( 'NONE', #3947, 0.4000000000000001887 ) ;
#896 = AXIS2_PLACEMENT_3D ( 'NONE', #2322, #4761, #1697 ) ;
#897 = EDGE_CURVE ( 'NONE', #3216, #3951, #1378, .T. ) ;
#898 = DIRECTION ( 'NONE',  ( 3.225526565811033815E-15, 1.336570354578135212E-15, -1.000000000000000000 ) ) ;
#899 = AXIS2_PLACEMENT_3D ( 'NONE', #913, #858, #4911 ) ;
#900 = VECTOR ( 'NONE', #450, 1000.000000000000000 ) ;
#901 = STYLED_ITEM ( 'NONE', ( #4000 ), #1619 ) ;
#902 = CARTESIAN_POINT ( 'NONE',  ( 0.1993289289388016639, 5.330027133705302234, 0.4000000000000080158 ) ) ;
#903 =( GEOMETRIC_REPRESENTATION_CONTEXT ( 3 ) GLOBAL_UNCERTAINTY_ASSIGNED_CONTEXT ( ( #3513 ) ) GLOBAL_UNIT_ASSIGNED_CONTEXT ( ( #2774, #1941, #4609 ) ) REPRESENTATION_CONTEXT ( 'NONE', 'WORKASPACE' ) );
#904 =( NAMED_UNIT ( * ) SI_UNIT ( $, .STERADIAN. ) SOLID_ANGLE_UNIT ( ) );
#905 =( LENGTH_UNIT ( ) NAMED_UNIT ( * ) SI_UNIT ( .MILLI., .METRE. ) );
#906 = CIRCLE ( 'NONE', #4799, 0.2249999999999998945 ) ;
#907 = EDGE_CURVE ( 'NONE', #4727, #5577, #3211, .T. ) ;
#908 = UNCERTAINTY_MEASURE_WITH_UNIT (LENGTH_MEASURE( 1.000000000000000082E-05 ), #523, 'distance_accuracy_value', 'NONE');
#909 =( LENGTH_UNIT ( ) NAMED_UNIT ( * ) SI_UNIT ( .MILLI., .METRE. ) );
#910 = STYLED_ITEM ( 'NONE', ( #4662 ), #1786 ) ;
#911 =( NAMED_UNIT ( * ) PLANE_ANGLE_UNIT ( ) SI_UNIT ( $, .RADIAN. ) );
#912 = CIRCLE ( 'NONE', #4239, 3.325000000000000622 ) ;
#913 = CARTESIAN_POINT ( 'NONE',  ( 0.5995191940231678895, 4.724137334117386899, 8.673617379884035472E-15 ) ) ;
#914 = ORIENTED_EDGE ( 'NONE', *, *, #3397, .T. ) ;
#915 = COLOUR_RGB ( '',0.2235294117647058654, 0.2235294117647058654, 0.2235294117647058654 ) ;
#916 = COLOUR_RGB ( '',0.2235294117647058654, 0.2235294117647058654, 0.2235294117647058654 ) ;
#917 = SURFACE_STYLE_FILL_AREA ( #1351 ) ;
#918 = DIRECTION ( 'NONE',  ( 3.225526565811033815E-15, 1.336570354578135212E-15, -1.000000000000000000 ) ) ;
#919 = DIRECTION ( 'NONE',  ( 0.9238275255624818216, 0.3828089641232322871, 3.484935554417692655E-15 ) ) ;
#920 = PLANE ( 'NONE',  #4801 ) ;
#921 = FILL_AREA_STYLE_COLOUR ( '', #2058 ) ;
#922 = ORIENTED_EDGE ( 'NONE', *, *, #5303, .F. ) ;
#923 = PRESENTATION_LAYER_ASSIGNMENT (  '', '', ( #4607 ) ) ;
#924 = FILL_AREA_STYLE_COLOUR ( '', #1550 ) ;
#925 = MECHANICAL_DESIGN_GEOMETRIC_PRESENTATION_REPRESENTATION (  '', ( #1481 ), #2207 ) ;
#926 = DIRECTION ( 'NONE',  ( -0.9238275255624818216, -0.3828089641232322871, -3.491481338843132961E-15 ) ) ;
#927 = LINE ( 'NONE', #3619, #2645 ) ;
#928 = CARTESIAN_POINT ( 'NONE',  ( 1.117802175242610163, -2.697576374641298624, 0.000000000000000000 ) ) ;
#929 = ADVANCED_FACE ( 'NONE', ( #4213 ), #4106, .F. ) ;
#930 = DIRECTION ( 'NONE',  ( -3.225526565811033815E-15, -1.336570354578135212E-15, 1.000000000000000000 ) ) ;
#931 = UNCERTAINTY_MEASURE_WITH_UNIT (LENGTH_MEASURE( 1.000000000000000082E-05 ), #2714, 'distance_accuracy_value', 'NONE');
#932 = DIRECTION ( 'NONE',  ( -0.9238275255624821547, -0.3828089641232312879, 0.000000000000000000 ) ) ;
#933 = SURFACE_STYLE_FILL_AREA ( #360 ) ;
#934 = CARTESIAN_POINT ( 'NONE',  ( -2.771403259486655113, -0.6023182480743647371, 6.929999999999989058 ) ) ;
#935 = FILL_AREA_STYLE_COLOUR ( '', #99 ) ;
#936 = ORIENTED_EDGE ( 'NONE', *, *, #3376, .F. ) ;
#937 = CARTESIAN_POINT ( 'NONE',  ( 1.117069049143135429, 2.697880045416593209, -0.2031249999999915068 ) ) ;
#938 = DIRECTION ( 'NONE',  ( -0.9771881260227712751, -0.2123755314533780914, -3.435801099659910366E-15 ) ) ;
#939 = DIRECTION ( 'NONE',  ( 3.225526565811033815E-15, 1.336570354578135212E-15, -1.000000000000000000 ) ) ;
#940 =( NAMED_UNIT ( * ) PLANE_ANGLE_UNIT ( ) SI_UNIT ( $, .RADIAN. ) );
#941 = ORIENTED_EDGE ( 'NONE', *, *, #3624, .T. ) ;
#942 = ORIENTED_EDGE ( 'NONE', *, *, #5456, .T. ) ;
#943 = CARTESIAN_POINT ( 'NONE',  ( -1.479671352919946781, -2.848132563832284081, 1.687499999999992006 ) ) ;
#944 = EDGE_CURVE ( 'NONE', #4812, #4297, #2381, .T. ) ;
#945 = CIRCLE ( 'NONE', #1501, 0.1999999999999996503 ) ;
#946 = SURFACE_SIDE_STYLE ('',( #1778 ) ) ;
#947 = CARTESIAN_POINT ( 'NONE',  ( -4.050444782364409413, -0.8802965778742618541, 6.929999999999983729 ) ) ;
#948 = DIRECTION ( 'NONE',  ( -3.225526565811033815E-15, -1.336570354578135212E-15, 1.000000000000000000 ) ) ;
#949 =( GEOMETRIC_REPRESENTATION_CONTEXT ( 3 ) GLOBAL_UNCERTAINTY_ASSIGNED_CONTEXT ( ( #1256 ) ) GLOBAL_UNIT_ASSIGNED_CONTEXT ( ( #1585, #3742, #708 ) ) REPRESENTATION_CONTEXT ( 'NONE', 'WORKASPACE' ) );
#950 = DIRECTION ( 'NONE',  ( -0.9771881260227711641, -0.2123755314533781191, -3.533695969582383887E-15 ) ) ;
#951 = AXIS2_PLACEMENT_3D ( 'NONE', #1954, #1148, #262 ) ;
#952 = CIRCLE ( 'NONE', #2600, 3.700000000000001066 ) ;
#953 = DIRECTION ( 'NONE',  ( -0.9238275255624818216, -0.3828089641232320095, -3.491481338843134144E-15 ) ) ;
#954 = DIRECTION ( 'NONE',  ( -3.225526565811033815E-15, -1.336570354578135212E-15, 1.000000000000000000 ) ) ;
#955 = ORIENTED_EDGE ( 'NONE', *, *, #407, .F. ) ;
#956 = SURFACE_STYLE_USAGE ( .BOTH. , #411 ) ;
#957 = ORIENTED_EDGE ( 'NONE', *, *, #5590, .F. ) ;
#958 = ADVANCED_FACE ( 'NONE', ( #2352 ), #5616, .F. ) ;
#959 = SURFACE_STYLE_FILL_AREA ( #5012 ) ;
#960 = CARTESIAN_POINT ( 'NONE',  ( -1.073732148552357025E-13, -4.449253569088857703E-14, 33.45587570620999429 ) ) ;
#961 =( NAMED_UNIT ( * ) PLANE_ANGLE_UNIT ( ) SI_UNIT ( $, .RADIAN. ) );
#962 = ORIENTED_EDGE ( 'NONE', *, *, #1477, .T. ) ;
#963 = CARTESIAN_POINT ( 'NONE',  ( -2.083360885250841669E-14, -8.632880059426142307E-15, 6.600000000000000533 ) ) ;
#964 = EDGE_CURVE ( 'NONE', #4970, #4573, #5343, .T. ) ;
#965 =( LENGTH_UNIT ( ) NAMED_UNIT ( * ) SI_UNIT ( .MILLI., .METRE. ) );
#966 = PRESENTATION_STYLE_ASSIGNMENT (( #4531 ) ) ;
#967 = CARTESIAN_POINT ( 'NONE',  ( 1.272839805709727212, -3.071726522495260348, 6.049999999996999556 ) ) ;
#968 =( NAMED_UNIT ( * ) PLANE_ANGLE_UNIT ( ) SI_UNIT ( $, .RADIAN. ) );
#969 =( NAMED_UNIT ( * ) PLANE_ANGLE_UNIT ( ) SI_UNIT ( $, .RADIAN. ) );
#970 = FACE_OUTER_BOUND ( 'NONE', #4954, .T. ) ;
#971 = FACE_OUTER_BOUND ( 'NONE', #5130, .T. ) ;
#972 = ORIENTED_EDGE ( 'NONE', *, *, #388, .F. ) ;
#973 = ORIENTED_EDGE ( 'NONE', *, *, #1860, .F. ) ;
#974 = DIRECTION ( 'NONE',  ( 3.225526565811033815E-15, 1.336570354578135212E-15, -1.000000000000000000 ) ) ;
#975 = SURFACE_STYLE_USAGE ( .BOTH. , #711 ) ;
#976 = DIRECTION ( 'NONE',  ( 0.007088041717207001040, -0.9999748795167882065, -1.313674112426553258E-15 ) ) ;
#977 = FILL_AREA_STYLE_COLOUR ( '', #5014 ) ;
#978 = ADVANCED_FACE ( 'NONE', ( #3902 ), #1091, .F. ) ;
#979 = FACE_OUTER_BOUND ( 'NONE', #1306, .T. ) ;
#980 = PLANE ( 'NONE',  #409 ) ;
#981 = SURFACE_STYLE_USAGE ( .BOTH. , #5369 ) ;
#982 = VERTEX_POINT ( 'NONE', #4275 ) ;
#983 = DIRECTION ( 'NONE',  ( -3.225526565811033815E-15, -1.336570354578135212E-15, 1.000000000000000000 ) ) ;
#984 = UNCERTAINTY_MEASURE_WITH_UNIT (LENGTH_MEASURE( 1.000000000000000082E-05 ), #236, 'distance_accuracy_value', 'NONE');
#985 = PRESENTATION_STYLE_ASSIGNMENT (( #4987 ) ) ;
#986 = AXIS2_PLACEMENT_3D ( 'NONE', #1534, #1047, #4698 ) ;
#987 = CIRCLE ( 'NONE', #3483, 3.397507567207000978 ) ;
#988 = ORIENTED_EDGE ( 'NONE', *, *, #4772, .T. ) ;
#989 = VECTOR ( 'NONE', #4488, 1000.000000000000000 ) ;
#990 = DIRECTION ( 'NONE',  ( -0.9771881260227711641, -0.2123755314533780914, -3.469446951953613006E-15 ) ) ;
#991 = DIRECTION ( 'NONE',  ( -3.225526565811033815E-15, -1.336570354578135212E-15, 1.000000000000000000 ) ) ;
#992 = VERTEX_POINT ( 'NONE', #1707 ) ;
#993 = STYLED_ITEM ( 'NONE', ( #1309 ), #1569 ) ;
#994 = EDGE_LOOP ( 'NONE', ( #3962, #3518, #2410, #3733 ) ) ;
#995 = VECTOR ( 'NONE', #3133, 1000.000000000000114 ) ;
#996 =( NAMED_UNIT ( * ) SI_UNIT ( $, .STERADIAN. ) SOLID_ANGLE_UNIT ( ) );
#997 = VECTOR ( 'NONE', #151, 1000.000000000000000 ) ;
#998 = EDGE_CURVE ( 'NONE', #4303, #3708, #1463, .T. ) ;
#999 = MECHANICAL_DESIGN_GEOMETRIC_PRESENTATION_REPRESENTATION (  '', ( #2651 ), #4979 ) ;
#1000 = SURFACE_STYLE_USAGE ( .BOTH. , #4564 ) ;
#1001 = CARTESIAN_POINT ( 'NONE',  ( 2.681042192326089262E-12, 1.111185580040499687E-12, 28.41036291266999569 ) ) ;
#1002 = PRESENTATION_STYLE_ASSIGNMENT (( #5086 ) ) ;
#1003 = ORIENTED_EDGE ( 'NONE', *, *, #140, .F. ) ;
#1004 = CYLINDRICAL_SURFACE ( 'NONE', #3593, 0.5600000000000000533 ) ;
#1005 = STYLED_ITEM ( 'NONE', ( #1130 ), #686 ) ;
#1006 = VERTEX_POINT ( 'NONE', #371 ) ;
#1007 = SURFACE_SIDE_STYLE ('',( #1614 ) ) ;
#1008 = AXIS2_PLACEMENT_3D ( 'NONE', #3489, #1761, #175 ) ;
#1009 = CONICAL_SURFACE ( 'NONE', #2383, 2.748753783604000578, 0.7830245417463551627 ) ;
#1010 = TOROIDAL_SURFACE ( 'NONE', #5163, 4.839999999999999858, 0.7469883813845999976 ) ;
#1011 = SURFACE_SIDE_STYLE ('',( #5034 ) ) ;
#1012 =( NAMED_UNIT ( * ) SI_UNIT ( $, .STERADIAN. ) SOLID_ANGLE_UNIT ( ) );
#1013 = CARTESIAN_POINT ( 'NONE',  ( 1.117802175242610163, -2.697576374641298624, -0.1000000000000002554 ) ) ;
#1014 = FILL_AREA_STYLE_COLOUR ( '', #1456 ) ;
#1015 = AXIS2_PLACEMENT_3D ( 'NONE', #2259, #2718, #2604 ) ;
#1016 = AXIS2_PLACEMENT_3D ( 'NONE', #576, #1483, #4984 ) ;
#1017 = VERTEX_POINT ( 'NONE', #4797 ) ;
#1018 = SURFACE_STYLE_USAGE ( .BOTH. , #4670 ) ;
#1019 = EDGE_CURVE ( 'NONE', #4195, #5705, #5686, .T. ) ;
#1020 =( GEOMETRIC_REPRESENTATION_CONTEXT ( 3 ) GLOBAL_UNCERTAINTY_ASSIGNED_CONTEXT ( ( #643 ) ) GLOBAL_UNIT_ASSIGNED_CONTEXT ( ( #5103, #2957, #4235 ) ) REPRESENTATION_CONTEXT ( 'NONE', 'WORKASPACE' ) );
#1021 = DIRECTION ( 'NONE',  ( -3.225526565811033815E-15, -1.336570354578135212E-15, 1.000000000000000000 ) ) ;
#1022 = DIRECTION ( 'NONE',  ( 0.6532447079719758687, 0.2706868144305171198, -0.7071067811865947572 ) ) ;
#1023 = ORIENTED_EDGE ( 'NONE', *, *, #3267, .T. ) ;
#1024 = VERTEX_POINT ( 'NONE', #3867 ) ;
#1025 = UNCERTAINTY_MEASURE_WITH_UNIT (LENGTH_MEASURE( 1.000000000000000082E-05 ), #1960, 'distance_accuracy_value', 'NONE');
#1026 = ORIENTED_EDGE ( 'NONE', *, *, #1762, .F. ) ;
#1027 = PLANE ( 'NONE',  #4281 ) ;
#1028 =( NAMED_UNIT ( * ) SI_UNIT ( $, .STERADIAN. ) SOLID_ANGLE_UNIT ( ) );
#1029 = UNCERTAINTY_MEASURE_WITH_UNIT (LENGTH_MEASURE( 1.000000000000000082E-05 ), #1620, 'distance_accuracy_value', 'NONE');
#1030 = DIRECTION ( 'NONE',  ( 3.225526565811033815E-15, 1.336570354578135212E-15, -1.000000000000000000 ) ) ;
#1031 = ADVANCED_FACE ( 'NONE', ( #2578 ), #3298, .F. ) ;
#1032 = FILL_AREA_STYLE_COLOUR ( '', #5382 ) ;
#1033 = ORIENTED_EDGE ( 'NONE', *, *, #1423, .T. ) ;
#1034 = ORIENTED_EDGE ( 'NONE', *, *, #4828, .F. ) ;
#1035 = FACE_OUTER_BOUND ( 'NONE', #3172, .T. ) ;
#1036 =( NAMED_UNIT ( * ) PLANE_ANGLE_UNIT ( ) SI_UNIT ( $, .RADIAN. ) );
#1037 = AXIS2_PLACEMENT_3D ( 'NONE', #3232, #3700, #5451 ) ;
#1038 = DIRECTION ( 'NONE',  ( -3.225526565811033815E-15, -1.336570354578135212E-15, 1.000000000000000000 ) ) ;
#1039 = EDGE_CURVE ( 'NONE', #3999, #4738, #1365, .T. ) ;
#1040 =( LENGTH_UNIT ( ) NAMED_UNIT ( * ) SI_UNIT ( .MILLI., .METRE. ) );
#1041 = ORIENTED_EDGE ( 'NONE', *, *, #1933, .T. ) ;
#1042 = PRESENTATION_LAYER_ASSIGNMENT (  '', '', ( #2594 ) ) ;
#1043 = CARTESIAN_POINT ( 'NONE',  ( 2.833845565466004413, 0.6158890412147830506, 9.850125019537008697 ) ) ;
#1044 = UNCERTAINTY_MEASURE_WITH_UNIT (LENGTH_MEASURE( 1.000000000000000082E-05 ), #3332, 'distance_accuracy_value', 'NONE');
#1045 = DIRECTION ( 'NONE',  ( -0.9238275255624819327, -0.3828089641232320095, -3.471723491948333890E-15 ) ) ;
#1046 = ORIENTED_EDGE ( 'NONE', *, *, #3343, .F. ) ;
#1047 = DIRECTION ( 'NONE',  ( 3.225526565811033815E-15, 1.336570354578135212E-15, -1.000000000000000000 ) ) ;
#1048 = CIRCLE ( 'NONE', #3252, 4.145000000000001350 ) ;
#1049 = CIRCLE ( 'NONE', #1608, 4.641680300178001595 ) ;
#1050 = ADVANCED_FACE ( 'NONE', ( #312 ), #5620, .T. ) ;
#1051 = CARTESIAN_POINT ( 'NONE',  ( 1.479671352926403838, 2.848132563834959274, 1.687500000000009326 ) ) ;
#1052 = VERTEX_POINT ( 'NONE', #3049 ) ;
#1053 = CIRCLE ( 'NONE', #4661, 0.2368807716975001587 ) ;
#1054 =( NAMED_UNIT ( * ) PLANE_ANGLE_UNIT ( ) SI_UNIT ( $, .RADIAN. ) );
#1055 = EDGE_CURVE ( 'NONE', #4738, #3999, #146, .T. ) ;
#1056 = CARTESIAN_POINT ( 'NONE',  ( -1.602585296346801648E-14, -6.640676968789340115E-15, 4.849999999997000266 ) ) ;
#1057 = SURFACE_STYLE_USAGE ( .BOTH. , #1080 ) ;
#1058 = DIRECTION ( 'NONE',  ( -0.3828089641232319540, 0.9238275255624818216, 0.000000000000000000 ) ) ;
#1059 = EDGE_LOOP ( 'NONE', ( #4520, #4876 ) ) ;
#1060 = DIRECTION ( 'NONE',  ( 0.9771881260227710531, 0.2123755314533780636, 3.390605524963166215E-15 ) ) ;
#1061 =( NAMED_UNIT ( * ) SI_UNIT ( $, .STERADIAN. ) SOLID_ANGLE_UNIT ( ) );
#1062 = FILL_AREA_STYLE_COLOUR ( '', #3688 ) ;
#1063 = CARTESIAN_POINT ( 'NONE',  ( 1.324930242394688706, 2.784012062344318750, 1.520000000000008233 ) ) ;
#1064 = VERTEX_POINT ( 'NONE', #432 ) ;
#1065 = FACE_OUTER_BOUND ( 'NONE', #5694, .T. ) ;
#1066 = ORIENTED_EDGE ( 'NONE', *, *, #551, .F. ) ;
#1067 = SURFACE_STYLE_USAGE ( .BOTH. , #1011 ) ;
#1068 = EDGE_LOOP ( 'NONE', ( #724, #4798 ) ) ;
#1069 = SURFACE_SIDE_STYLE ('',( #4113 ) ) ;
#1070 = SURFACE_SIDE_STYLE ('',( #1101 ) ) ;
#1071 = DIRECTION ( 'NONE',  ( -0.9238275255624818216, -0.3828089641232322315, -6.195440985631451767E-15 ) ) ;
#1072 = VERTEX_POINT ( 'NONE', #4500 ) ;
#1073 = ADVANCED_FACE ( 'NONE', ( #1379 ), #2738, .F. ) ;
#1074 = CARTESIAN_POINT ( 'NONE',  ( -0.9092078558851148795, -2.611748028486188922, 1.919999999999993712 ) ) ;
#1075 = CARTESIAN_POINT ( 'NONE',  ( 0.9092078558915965836, 2.611748028488874329, -5.999999999999992895 ) ) ;
#1076 = DIRECTION ( 'NONE',  ( -3.225526565811033815E-15, -1.336570354578135212E-15, 1.000000000000000000 ) ) ;
#1077 = ORIENTED_EDGE ( 'NONE', *, *, #5621, .T. ) ;
#1078 = AXIS2_PLACEMENT_3D ( 'NONE', #2632, #3099, #4403 ) ;
#1079 = PRESENTATION_LAYER_ASSIGNMENT (  '', '', ( #1635 ) ) ;
#1080 = SURFACE_SIDE_STYLE ('',( #5021 ) ) ;
#1081 = STYLED_ITEM ( 'NONE', ( #3189 ), #3153 ) ;
#1082 = SURFACE_STYLE_USAGE ( .BOTH. , #1947 ) ;
#1083 = DIRECTION ( 'NONE',  ( -3.225526565811033815E-15, -1.336570354578135212E-15, 1.000000000000000000 ) ) ;
#1084 = CIRCLE ( 'NONE', #3671, 0.4000000000000001887 ) ;
#1085 = EDGE_CURVE ( 'NONE', #3457, #5575, #5418, .T. ) ;
#1086 = EDGE_LOOP ( 'NONE', ( #1291, #4142, #1499, #688 ) ) ;
#1087 = UNCERTAINTY_MEASURE_WITH_UNIT (LENGTH_MEASURE( 1.000000000000000082E-05 ), #591, 'distance_accuracy_value', 'NONE');
#1088 = PRESENTATION_LAYER_ASSIGNMENT (  '', '', ( #3585 ) ) ;
#1089 = SURFACE_STYLE_USAGE ( .BOTH. , #5050 ) ;
#1090 = LINE ( 'NONE', #2885, #2385 ) ;
#1091 = TOROIDAL_SURFACE ( 'NONE', #3767, 0.3925000000000000155, 0.2368807716974999922 ) ;
#1092 = DIRECTION ( 'NONE',  ( -0.9238275255624819327, -0.3828089641232316764, -3.491481338843133355E-15 ) ) ;
#1093 = ORIENTED_EDGE ( 'NONE', *, *, #3921, .T. ) ;
#1094 = LINE ( 'NONE', #4659, #863 ) ;
#1095 = AXIS2_PLACEMENT_3D ( 'NONE', #1815, #539, #3589 ) ;
#1096 = COLOUR_RGB ( '',0.8509803921568627194, 0.8509803921568627194, 0.8509803921568627194 ) ;
#1097 = CIRCLE ( 'NONE', #2101, 0.2031250000000000555 ) ;
#1098 = AXIS2_PLACEMENT_3D ( 'NONE', #1013, #182, #2357 ) ;
#1099 = DIRECTION ( 'NONE',  ( -0.0004017275384776695154, 0.9999999193074891046, 1.335274463879339156E-15 ) ) ;
#1100 = CARTESIAN_POINT ( 'NONE',  ( 0.5995191940231666683, 4.724137334117386011, 0.4000000000000088485 ) ) ;
#1101 = SURFACE_STYLE_FILL_AREA ( #1934 ) ;
#1102 = DIRECTION ( 'NONE',  ( -0.9238275255624818216, -0.3828089641232319540, -3.384826294588890756E-15 ) ) ;
#1103 = COLOUR_RGB ( '',0.9686274509803921573, 0.8784313725490195957, 0.5999999999999999778 ) ;
#1104 = CYLINDRICAL_SURFACE ( 'NONE', #4847, 4.009999999999999787 ) ;
#1105 = AXIS2_PLACEMENT_3D ( 'NONE', #3964, #5706, #441 ) ;
#1106 = EDGE_LOOP ( 'NONE', ( #4728, #3234, #4682, #1931 ) ) ;
#1107 = AXIS2_PLACEMENT_3D ( 'NONE', #864, #4856, #4506 ) ;
#1108 = MECHANICAL_DESIGN_GEOMETRIC_PRESENTATION_REPRESENTATION (  '', ( #5259 ), #4892 ) ;
#1109 = STYLED_ITEM ( 'NONE', ( #1170 ), #2801 ) ;
#1110 = UNCERTAINTY_MEASURE_WITH_UNIT (LENGTH_MEASURE( 1.000000000000000082E-05 ), #3865, 'distance_accuracy_value', 'NONE');
#1111 = ORIENTED_EDGE ( 'NONE', *, *, #868, .T. ) ;
#1112 =( LENGTH_UNIT ( ) NAMED_UNIT ( * ) SI_UNIT ( .MILLI., .METRE. ) );
#1113 = VECTOR ( 'NONE', #4910, 1000.000000000000000 ) ;
#1114 = PRESENTATION_LAYER_ASSIGNMENT (  '', '', ( #2478 ) ) ;
#1115 = SURFACE_STYLE_FILL_AREA ( #1856 ) ;
#1116 = EDGE_CURVE ( 'NONE', #5709, #3457, #3069, .T. ) ;
#1117 = CARTESIAN_POINT ( 'NONE',  ( 3.320004052747157708, 0.7215474752024457761, 11.25000000000001066 ) ) ;
#1118 = PRESENTATION_LAYER_ASSIGNMENT (  '', '', ( #1752 ) ) ;
#1119 = FILL_AREA_STYLE ('',( #3381 ) ) ;
#1120 = FACE_OUTER_BOUND ( 'NONE', #2775, .T. ) ;
#1121 = CARTESIAN_POINT ( 'NONE',  ( 1.117069049143128767, 2.697880045416590988, 1.687500000000008438 ) ) ;
#1122 = DIRECTION ( 'NONE',  ( 3.225526565811033815E-15, 1.336570354578135212E-15, -1.000000000000000000 ) ) ;
#1123 = CARTESIAN_POINT ( 'NONE',  ( -3.371970468303080448, -1.397252719049805858, 6.349999999999988098 ) ) ;
#1124 = EDGE_CURVE ( 'NONE', #2079, #2012, #2605, .T. ) ;
#1125 = DIRECTION ( 'NONE',  ( 0.9238275255624820437, 0.3828089641232313989, 3.854941057726237900E-15 ) ) ;
#1126 = DIRECTION ( 'NONE',  ( 0.3828089641232319540, -0.9238275255624818216, 0.000000000000000000 ) ) ;
#1127 = CYLINDRICAL_SURFACE ( 'NONE', #2008, 0.5600000000000001643 ) ;
#1128 = ORIENTED_EDGE ( 'NONE', *, *, #3751, .T. ) ;
#1129 = CARTESIAN_POINT ( 'NONE',  ( -1.117802175237065265, 2.697576374643597230, -9.540979117872439019E-15 ) ) ;
#1130 = PRESENTATION_STYLE_ASSIGNMENT (( #3702 ) ) ;
#1131 = ORIENTED_EDGE ( 'NONE', *, *, #2679, .F. ) ;
#1132 = AXIS2_PLACEMENT_3D ( 'NONE', #5710, #2642, #3527 ) ;
#1133 =( LENGTH_UNIT ( ) NAMED_UNIT ( * ) SI_UNIT ( .MILLI., .METRE. ) );
#1134 = VERTEX_POINT ( 'NONE', #3950 ) ;
#1135 = FILL_AREA_STYLE_COLOUR ( '', #4903 ) ;
#1136 = CARTESIAN_POINT ( 'NONE',  ( 1.117069049143128767, 2.697880045416590988, 1.687500000000008438 ) ) ;
#1137 = ADVANCED_FACE ( 'NONE', ( #2688 ), #3394, .F. ) ;
#1138 = CIRCLE ( 'NONE', #5114, 3.397507567207000978 ) ;
#1139 = CARTESIAN_POINT ( 'NONE',  ( -1.117069049136672154, -2.697880045413915351, 1.519999999999993578 ) ) ;
#1140 = CARTESIAN_POINT ( 'NONE',  ( -3.205170592693603296E-14, -1.328135393757868023E-14, 9.670000000000001705 ) ) ;
#1141 = CARTESIAN_POINT ( 'NONE',  ( -1.602585296346801648E-14, -6.640676968789340115E-15, 4.849999999997000266 ) ) ;
#1142 = CARTESIAN_POINT ( 'NONE',  ( -3.205170592693603296E-14, -1.328135393757868023E-14, 9.670000000000001705 ) ) ;
#1143 = COLOUR_RGB ( '',0.2235294117647058654, 0.2235294117647058654, 0.2235294117647058654 ) ;
#1144 = EDGE_CURVE ( 'NONE', #657, #3255, #3182, .T. ) ;
#1145 = UNCERTAINTY_MEASURE_WITH_UNIT (LENGTH_MEASURE( 1.000000000000000082E-05 ), #1386, 'distance_accuracy_value', 'NONE');
#1146 =( GEOMETRIC_REPRESENTATION_CONTEXT ( 3 ) GLOBAL_UNCERTAINTY_ASSIGNED_CONTEXT ( ( #4644 ) ) GLOBAL_UNIT_ASSIGNED_CONTEXT ( ( #1764, #4862, #3552 ) ) REPRESENTATION_CONTEXT ( 'NONE', 'WORKASPACE' ) );
#1147 = DIRECTION ( 'NONE',  ( 0.3828089641232319540, -0.9238275255624818216, 0.000000000000000000 ) ) ;
#1148 = DIRECTION ( 'NONE',  ( 3.225526565811032632E-15, 1.336570354578134620E-15, -1.000000000000000000 ) ) ;
#1149 = DIRECTION ( 'NONE',  ( 0.9771881260227711641, 0.2123755314533780914, 3.555984958308858672E-15 ) ) ;
#1150 = PRESENTATION_STYLE_ASSIGNMENT (( #5118 ) ) ;
#1151 =( NAMED_UNIT ( * ) SI_UNIT ( $, .STERADIAN. ) SOLID_ANGLE_UNIT ( ) );
#1152 = DIRECTION ( 'NONE',  ( -3.225526565811033815E-15, -1.336570354578135212E-15, 1.000000000000000000 ) ) ;
#1153 = VERTEX_POINT ( 'NONE', #1974 ) ;
#1154 =( NAMED_UNIT ( * ) PLANE_ANGLE_UNIT ( ) SI_UNIT ( $, .RADIAN. ) );
#1155 = ADVANCED_FACE ( 'NONE', ( #588 ), #5692, .F. ) ;
#1156 = CARTESIAN_POINT ( 'NONE',  ( 2.681042192326089262E-12, 1.111185580040499687E-12, 28.41036291266999569 ) ) ;
#1157 = ORIENTED_EDGE ( 'NONE', *, *, #3331, .T. ) ;
#1158 = LINE ( 'NONE', #1603, #1543 ) ;
#1159 = FACE_OUTER_BOUND ( 'NONE', #776, .T. ) ;
#1160 = VERTEX_POINT ( 'NONE', #4587 ) ;
#1161 = CARTESIAN_POINT ( 'NONE',  ( -2.083360885250841669E-14, -8.632880059426142307E-15, 6.600000000000000533 ) ) ;
#1162 = FILL_AREA_STYLE ('',( #4128 ) ) ;
#1163 = CARTESIAN_POINT ( 'NONE',  ( -4.543924786005889338, -0.9875462212582094557, 0.7500000000007422951 ) ) ;
#1164 =( NAMED_UNIT ( * ) PLANE_ANGLE_UNIT ( ) SI_UNIT ( $, .RADIAN. ) );
#1165 = SURFACE_SIDE_STYLE ('',( #3421 ) ) ;
#1166 = CARTESIAN_POINT ( 'NONE',  ( 2.772389554217856756E-12, 1.149037438762598969E-12, -1.040834085586084257E-14 ) ) ;
#1167 = FILL_AREA_STYLE_COLOUR ( '', #3221 ) ;
#1168 =( GEOMETRIC_REPRESENTATION_CONTEXT ( 3 ) GLOBAL_UNCERTAINTY_ASSIGNED_CONTEXT ( ( #1884 ) ) GLOBAL_UNIT_ASSIGNED_CONTEXT ( ( #1721, #4544, #5394 ) ) REPRESENTATION_CONTEXT ( 'NONE', 'WORKASPACE' ) );
#1169 = DIRECTION ( 'NONE',  ( 3.225526565811033815E-15, 1.336570354578135212E-15, -1.000000000000000000 ) ) ;
#1170 = PRESENTATION_STYLE_ASSIGNMENT (( #3342 ) ) ;
#1171 = CARTESIAN_POINT ( 'NONE',  ( 3.556735973415551921, 1.473814511874441902, 0.8000000000000142553 ) ) ;
#1172 = SURFACE_SIDE_STYLE ('',( #2059 ) ) ;
#1173 = CARTESIAN_POINT ( 'NONE',  ( -1.117069049136673931, -2.697880045413915795, 1.919999999999991935 ) ) ;
#1174 = EDGE_CURVE ( 'NONE', #3078, #735, #1372, .T. ) ;
#1175 = CIRCLE ( 'NONE', #4405, 4.570000000000001172 ) ;
#1176 = DIRECTION ( 'NONE',  ( -0.9238275255624819327, -0.3828089641232320095, -3.491481338843133750E-15 ) ) ;
#1177 = CLOSED_SHELL ( 'NONE', ( #790, #97, #546, #3484, #251 ) ) ;
#1178 = COLOUR_RGB ( '',0.7921568627450980005, 0.8196078431372548767, 0.9333333333333333481 ) ;
#1179 = LINE ( 'NONE', #2469, #4057 ) ;
#1180 = ORIENTED_EDGE ( 'NONE', *, *, #140, .T. ) ;
#1181 = DIRECTION ( 'NONE',  ( 0.3828089641232319540, -0.9238275255624818216, 0.000000000000000000 ) ) ;
#1182 = STYLED_ITEM ( 'NONE', ( #271 ), #2190 ) ;
#1183 = FILL_AREA_STYLE_COLOUR ( '', #916 ) ;
#1184 =( NAMED_UNIT ( * ) SI_UNIT ( $, .STERADIAN. ) SOLID_ANGLE_UNIT ( ) );
#1185 = ORIENTED_EDGE ( 'NONE', *, *, #3996, .T. ) ;
#1186 = VERTEX_POINT ( 'NONE', #3655 ) ;
#1187 = AXIS2_PLACEMENT_3D ( 'NONE', #5230, #4895, #1335 ) ;
#1188 = AXIS2_PLACEMENT_3D ( 'NONE', #4336, #5224, #1268 ) ;
#1189 = VECTOR ( 'NONE', #4410, 1000.000000000000000 ) ;
#1190 = COLOUR_RGB ( '',0.9686274509803921573, 0.8784313725490195957, 0.5999999999999999778 ) ;
#1191 =( GEOMETRIC_REPRESENTATION_CONTEXT ( 3 ) GLOBAL_UNCERTAINTY_ASSIGNED_CONTEXT ( ( #1029 ) ) GLOBAL_UNIT_ASSIGNED_CONTEXT ( ( #1620, #3373, #1212 ) ) REPRESENTATION_CONTEXT ( 'NONE', 'WORKASPACE' ) );
#1192 = CARTESIAN_POINT ( 'NONE',  ( 0.1993561046226618172, 5.130027135551841866, 0.4000000000000080158 ) ) ;
#1193 = CARTESIAN_POINT ( 'NONE',  ( -3.044912063058922342E-14, -1.261728624069974511E-14, 9.350125019536998039 ) ) ;
#1194 = MECHANICAL_DESIGN_GEOMETRIC_PRESENTATION_REPRESENTATION (  '', ( #3408 ), #5428 ) ;
#1195 = COLOUR_RGB ( '',0.9686274509803921573, 0.8784313725490195957, 0.5999999999999999778 ) ;
#1196 = AXIS2_PLACEMENT_3D ( 'NONE', #1718, #4345, #4366 ) ;
#1197 = CARTESIAN_POINT ( 'NONE',  ( -2.442970315056962161, -0.5309388286334596474, 10.35012501953698916 ) ) ;
#1198 = ORIENTED_EDGE ( 'NONE', *, *, #1933, .F. ) ;
#1199 = PRESENTATION_LAYER_ASSIGNMENT (  '', '', ( #1300 ) ) ;
#1200 = CIRCLE ( 'NONE', #5347, 4.100000000000001421 ) ;
#1201 = ORIENTED_EDGE ( 'NONE', *, *, #66, .T. ) ;
#1202 = AXIS2_PLACEMENT_3D ( 'NONE', #5069, #1626, #5149 ) ;
#1203 = CARTESIAN_POINT ( 'NONE',  ( 1.117802175242610163, -2.697576374641298624, 0.1499999999999999667 ) ) ;
#1204 = DIRECTION ( 'NONE',  ( -3.225526565811033815E-15, -1.336570354578135212E-15, 1.000000000000000000 ) ) ;
#1205 = ORIENTED_EDGE ( 'NONE', *, *, #4649, .T. ) ;
#1206 = CARTESIAN_POINT ( 'NONE',  ( -3.205170592693603296E-14, -1.328135393757868023E-14, 9.670000000000001705 ) ) ;
#1207 =( LENGTH_UNIT ( ) NAMED_UNIT ( * ) SI_UNIT ( .MILLI., .METRE. ) );
#1208 = SURFACE_SIDE_STYLE ('',( #4774 ) ) ;
#1209 = FILL_AREA_STYLE_COLOUR ( '', #2182 ) ;
#1210 = EDGE_CURVE ( 'NONE', #3353, #1153, #632, .T. ) ;
#1211 = SURFACE_STYLE_USAGE ( .BOTH. , #4258 ) ;
#1212 =( NAMED_UNIT ( * ) SI_UNIT ( $, .STERADIAN. ) SOLID_ANGLE_UNIT ( ) );
#1213 = DIRECTION ( 'NONE',  ( -0.9238275255624818216, -0.3828089641232322315, -3.484935554417691866E-15 ) ) ;
#1214 = SURFACE_STYLE_USAGE ( .BOTH. , #206 ) ;
#1215 = EDGE_LOOP ( 'NONE', ( #1460, #1588, #3347, #3935 ) ) ;
#1216 = LINE ( 'NONE', #3822, #424 ) ;
#1217 = FILL_AREA_STYLE ('',( #785 ) ) ;
#1218 = AXIS2_PLACEMENT_3D ( 'NONE', #928, #4054, #71 ) ;
#1219 = SURFACE_STYLE_USAGE ( .BOTH. , #2076 ) ;
#1220 = EDGE_CURVE ( 'NONE', #1482, #3820, #4125, .T. ) ;
#1221 =( NAMED_UNIT ( * ) PLANE_ANGLE_UNIT ( ) SI_UNIT ( $, .RADIAN. ) );
#1222 = AXIS2_PLACEMENT_3D ( 'NONE', #1166, #4298, #374 ) ;
#1223 =( NAMED_UNIT ( * ) SI_UNIT ( $, .STERADIAN. ) SOLID_ANGLE_UNIT ( ) );
#1224 = DIRECTION ( 'NONE',  ( -0.9238275255624819327, -0.3828089641232319540, -3.487477447601074468E-15 ) ) ;
#1225 = ORIENTED_EDGE ( 'NONE', *, *, #4929, .T. ) ;
#1226 = FILL_AREA_STYLE_COLOUR ( '', #3766 ) ;
#1227 = ORIENTED_EDGE ( 'NONE', *, *, #3442, .F. ) ;
#1228 = ORIENTED_EDGE ( 'NONE', *, *, #4913, .T. ) ;
#1229 = SURFACE_SIDE_STYLE ('',( #1751 ) ) ;
#1230 = EDGE_CURVE ( 'NONE', #4195, #1600, #3400, .T. ) ;
#1231 = CARTESIAN_POINT ( 'NONE',  ( 4.543924786005883121, 0.9875462212582067911, 0.7500000000007743806 ) ) ;
#1232 = STYLED_ITEM ( 'NONE', ( #1970 ), #4615 ) ;
#1233 = CIRCLE ( 'NONE', #1785, 0.2368807716975001587 ) ;
#1234 = ORIENTED_EDGE ( 'NONE', *, *, #5045, .T. ) ;
#1235 = CARTESIAN_POINT ( 'NONE',  ( 3.926266983640547714, 1.626938097523735749, 0.4000000000000148992 ) ) ;
#1236 = DIRECTION ( 'NONE',  ( 3.225526565811033815E-15, 1.336570354578135212E-15, -1.000000000000000000 ) ) ;
#1237 = STYLED_ITEM ( 'NONE', ( #3616 ), #4295 ) ;
#1238 =( NAMED_UNIT ( * ) PLANE_ANGLE_UNIT ( ) SI_UNIT ( $, .RADIAN. ) );
#1239 = FILL_AREA_STYLE ('',( #1209 ) ) ;
#1240 = CARTESIAN_POINT ( 'NONE',  ( -8.653960600272727321E-14, -3.585965563146243315E-14, 26.73118644067999483 ) ) ;
#1241 = DIRECTION ( 'NONE',  ( 3.225526565811033815E-15, 1.336570354578135212E-15, -1.000000000000000000 ) ) ;
#1242 = ORIENTED_EDGE ( 'NONE', *, *, #4212, .T. ) ;
#1243 = AXIS2_PLACEMENT_3D ( 'NONE', #3077, #805, #839 ) ;
#1244 = PRESENTATION_STYLE_ASSIGNMENT (( #5205 ) ) ;
#1245 = FILL_AREA_STYLE ('',( #3888 ) ) ;
#1246 = FILL_AREA_STYLE_COLOUR ( '', #4146 ) ;
#1247 = FACE_BOUND ( 'NONE', #1446, .T. ) ;
#1248 = EDGE_CURVE ( 'NONE', #1482, #5454, #431, .T. ) ;
#1249 = DIRECTION ( 'NONE',  ( -3.225526565811033815E-15, -1.336570354578135212E-15, 1.000000000000000000 ) ) ;
#1250 = CYLINDRICAL_SURFACE ( 'NONE', #2488, 0.2250000000000000888 ) ;
#1251 = DIRECTION ( 'NONE',  ( 0.9771881260227710531, 0.2123755314533780636, 3.368546957522184381E-15 ) ) ;
#1252 = SURFACE_SIDE_STYLE ('',( #4762 ) ) ;
#1253 = ORIENTED_EDGE ( 'NONE', *, *, #756, .T. ) ;
#1254 = VERTEX_POINT ( 'NONE', #3635 ) ;
#1255 = FILL_AREA_STYLE ('',( #3451 ) ) ;
#1256 = UNCERTAINTY_MEASURE_WITH_UNIT (LENGTH_MEASURE( 1.000000000000000082E-05 ), #1585, 'distance_accuracy_value', 'NONE');
#1257 = CARTESIAN_POINT ( 'NONE',  ( -1.117069049136673931, -2.697880045413915795, 1.919999999999991935 ) ) ;
#1258 =( NAMED_UNIT ( * ) PLANE_ANGLE_UNIT ( ) SI_UNIT ( $, .RADIAN. ) );
#1259 = CARTESIAN_POINT ( 'NONE',  ( 0.5209692339642629788, 4.540208261442685966, -2.602085213965210642E-15 ) ) ;
#1260 =( NAMED_UNIT ( * ) PLANE_ANGLE_UNIT ( ) SI_UNIT ( $, .RADIAN. ) );
#1261 = ORIENTED_EDGE ( 'NONE', *, *, #3514, .F. ) ;
#1262 = STYLED_ITEM ( 'NONE', ( #5135 ), #251 ) ;
#1263 = EDGE_CURVE ( 'NONE', #1584, #604, #5381, .T. ) ;
#1264 = ORIENTED_EDGE ( 'NONE', *, *, #4787, .F. ) ;
#1265 = FILL_AREA_STYLE ('',( #2036 ) ) ;
#1266 = SURFACE_SIDE_STYLE ('',( #5222 ) ) ;
#1267 = FILL_AREA_STYLE_COLOUR ( '', #68 ) ;
#1268 = DIRECTION ( 'NONE',  ( -0.2883441881367925230, -0.06266679727913165854, -0.9554739670375693716 ) ) ;
#1269 = SURFACE_SIDE_STYLE ('',( #2967 ) ) ;
#1270 = CARTESIAN_POINT ( 'NONE',  ( -0.6004587609220803923, 2.911949394552605153, 1.520000000000002238 ) ) ;
#1271 = DIRECTION ( 'NONE',  ( 0.3828089641232319540, -0.9238275255624818216, 0.000000000000000000 ) ) ;
#1272 =( GEOMETRIC_REPRESENTATION_CONTEXT ( 3 ) GLOBAL_UNCERTAINTY_ASSIGNED_CONTEXT ( ( #2459 ) ) GLOBAL_UNIT_ASSIGNED_CONTEXT ( ( #2736, #2253, #1447 ) ) REPRESENTATION_CONTEXT ( 'NONE', 'WORKASPACE' ) );
#1273 = VERTEX_POINT ( 'NONE', #106 ) ;
#1274 = MECHANICAL_DESIGN_GEOMETRIC_PRESENTATION_REPRESENTATION (  '', ( #511 ), #1736 ) ;
#1275 = AXIS2_PLACEMENT_3D ( 'NONE', #5179, #3002, #300 ) ;
#1276 = CYLINDRICAL_SURFACE ( 'NONE', #4792, 4.570000000000001172 ) ;
#1277 = AXIS2_PLACEMENT_3D ( 'NONE', #5148, #298, #2559 ) ;
#1278 = CARTESIAN_POINT ( 'NONE',  ( 3.071726522495233702, 1.272839805709738537, 6.049999999997010214 ) ) ;
#1279 = STYLED_ITEM ( 'NONE', ( #729 ), #1563 ) ;
#1280 = STYLED_ITEM ( 'NONE', ( #279 ), #463 ) ;
#1281 = AXIS2_PLACEMENT_3D ( 'NONE', #3434, #267, #4691 ) ;
#1282 = AXIS2_PLACEMENT_3D ( 'NONE', #3715, #2784, #5498 ) ;
#1283 = COLOUR_RGB ( '',0.9686274509803921573, 0.8784313725490195957, 0.5999999999999999778 ) ;
#1284 = EDGE_CURVE ( 'NONE', #1186, #5650, #5522, .T. ) ;
#1285 = DIRECTION ( 'NONE',  ( 0.9238275255624819327, 0.3828089641232317319, 3.491481338843133355E-15 ) ) ;
#1286 = DIRECTION ( 'NONE',  ( -0.9238275255624818216, -0.3828089641232320095, -3.494957591306213574E-15 ) ) ;
#1287 = ORIENTED_EDGE ( 'NONE', *, *, #2336, .T. ) ;
#1288 = ORIENTED_EDGE ( 'NONE', *, *, #3996, .F. ) ;
#1289 = AXIS2_PLACEMENT_3D ( 'NONE', #4129, #2859, #3311 ) ;
#1290 = MECHANICAL_DESIGN_GEOMETRIC_PRESENTATION_REPRESENTATION (  '', ( #339 ), #1662 ) ;
#1291 = ORIENTED_EDGE ( 'NONE', *, *, #2302, .F. ) ;
#1292 = FILL_AREA_STYLE ('',( #3479 ) ) ;
#1293 = MECHANICAL_DESIGN_GEOMETRIC_PRESENTATION_REPRESENTATION (  '', ( #5159 ), #5617 ) ;
#1294 = FILL_AREA_STYLE_COLOUR ( '', #2870 ) ;
#1295 = COLOUR_RGB ( '',0.9686274509803921573, 0.8784313725490195957, 0.5999999999999999778 ) ;
#1296 = CARTESIAN_POINT ( 'NONE',  ( 4.221891791823314755, 1.749436966044319419, 0.4000000000000166755 ) ) ;
#1297 =( GEOMETRIC_REPRESENTATION_CONTEXT ( 3 ) GLOBAL_UNCERTAINTY_ASSIGNED_CONTEXT ( ( #4743 ) ) GLOBAL_UNIT_ASSIGNED_CONTEXT ( ( #395, #911, #3987 ) ) REPRESENTATION_CONTEXT ( 'NONE', 'WORKASPACE' ) );
#1298 = DIRECTION ( 'NONE',  ( 0.9238275255624821547, 0.3828089641232312879, 3.854941057726236322E-15 ) ) ;
#1299 =( LENGTH_UNIT ( ) NAMED_UNIT ( * ) SI_UNIT ( .MILLI., .METRE. ) );
#1300 = STYLED_ITEM ( 'NONE', ( #3447 ), #5353 ) ;
#1301 = DIRECTION ( 'NONE',  ( 3.225526565811033815E-15, 1.336570354578135212E-15, -1.000000000000000000 ) ) ;
#1302 = CARTESIAN_POINT ( 'NONE',  ( -3.320004052747230539, -0.7215474752024758631, 11.24999999999998579 ) ) ;
#1303 = EDGE_CURVE ( 'NONE', #3670, #143, #3028, .T. ) ;
#1304 = ORIENTED_EDGE ( 'NONE', *, *, #4487, .T. ) ;
#1305 = CARTESIAN_POINT ( 'NONE',  ( -1.325663368488628313, 2.611444357715868136, 1.519999999999999574 ) ) ;
#1306 = EDGE_LOOP ( 'NONE', ( #1616, #2261, #4628, #307 ) ) ;
#1307 = ORIENTED_EDGE ( 'NONE', *, *, #2103, .F. ) ;
#1308 = SURFACE_STYLE_USAGE ( .BOTH. , #1690 ) ;
#1309 = PRESENTATION_STYLE_ASSIGNMENT (( #3499 ) ) ;
#1310 =( NAMED_UNIT ( * ) PLANE_ANGLE_UNIT ( ) SI_UNIT ( $, .RADIAN. ) );
#1311 = SURFACE_SIDE_STYLE ('',( #5232 ) ) ;
#1312 = PRESENTATION_STYLE_ASSIGNMENT (( #4949 ) ) ;
#1313 = CARTESIAN_POINT ( 'NONE',  ( -1.634412463453509545, -2.912253065323691104, 1.519999999999991802 ) ) ;
#1314 = SURFACE_SIDE_STYLE ('',( #2657 ) ) ;
#1315 = ORIENTED_EDGE ( 'NONE', *, *, #4049, .T. ) ;
#1316 = ORIENTED_EDGE ( 'NONE', *, *, #1820, .F. ) ;
#1317 = EDGE_CURVE ( 'NONE', #4771, #4973, #64, .T. ) ;
#1318 = PLANE ( 'NONE',  #1441 ) ;
#1319 = UNCERTAINTY_MEASURE_WITH_UNIT (LENGTH_MEASURE( 1.000000000000000082E-05 ), #5175, 'distance_accuracy_value', 'NONE');
#1320 = FILL_AREA_STYLE ('',( #5273 ) ) ;
#1321 = SURFACE_STYLE_USAGE ( .BOTH. , #4 ) ;
#1322 = CIRCLE ( 'NONE', #5644, 0.5600000000000000533 ) ;
#1323 =( NAMED_UNIT ( * ) PLANE_ANGLE_UNIT ( ) SI_UNIT ( $, .RADIAN. ) );
#1324 = EDGE_CURVE ( 'NONE', #2234, #111, #4149, .T. ) ;
#1325 = SURFACE_STYLE_USAGE ( .BOTH. , #2152 ) ;
#1326 = STYLED_ITEM ( 'NONE', ( #4079 ), #4306 ) ;
#1327 = CARTESIAN_POINT ( 'NONE',  ( 4.221891791820542750, 1.749436966043170338, 0.4000000000000166755 ) ) ;
#1328 = PRESENTATION_LAYER_ASSIGNMENT (  '', '', ( #2330 ) ) ;
#1329 = SURFACE_SIDE_STYLE ('',( #4417 ) ) ;
#1330 = PRESENTATION_STYLE_ASSIGNMENT (( #2613 ) ) ;
#1331 = CARTESIAN_POINT ( 'NONE',  ( -1.117802175237071705, 2.697576374643594566, 1.687500000000000666 ) ) ;
#1332 = ORIENTED_EDGE ( 'NONE', *, *, #4434, .T. ) ;
#1333 = ORIENTED_EDGE ( 'NONE', *, *, #5002, .T. ) ;
#1334 = CIRCLE ( 'NONE', #5204, 0.2250000000000000056 ) ;
#1335 = DIRECTION ( 'NONE',  ( 0.7959129450999951061, 0.3298046460138661096, 0.5076923076922879030 ) ) ;
#1336 = CARTESIAN_POINT ( 'NONE',  ( 1.634412463459045117, 2.912253065325984380, 1.520000000000010010 ) ) ;
#1337 = CARTESIAN_POINT ( 'NONE',  ( 3.787692854806155029, 1.569516752905242729, 6.200000000000015277 ) ) ;
#1338 = FACE_OUTER_BOUND ( 'NONE', #4376, .T. ) ;
#1339 = CARTESIAN_POINT ( 'NONE',  ( 2.681042192326089262E-12, 1.111185580040499687E-12, 28.41036291266999569 ) ) ;
#1340 = ADVANCED_FACE ( 'NONE', ( #4318 ), #216, .F. ) ;
#1341 = UNCERTAINTY_MEASURE_WITH_UNIT (LENGTH_MEASURE( 1.000000000000000082E-05 ), #1990, 'distance_accuracy_value', 'NONE');
#1342 = CARTESIAN_POINT ( 'NONE',  ( -0.9092078558851085512, -2.611748028486185813, -0.1000000000000054734 ) ) ;
#1343 = CARTESIAN_POINT ( 'NONE',  ( -3.685946181597643632E-14, -1.527355702821547927E-14, 11.25000000000000000 ) ) ;
#1344 = PRESENTATION_STYLE_ASSIGNMENT (( #3091 ) ) ;
#1345 = ORIENTED_EDGE ( 'NONE', *, *, #2866, .F. ) ;
#1346 = SPHERICAL_SURFACE ( 'NONE', #812, 18.57604166667000101 ) ;
#1347 = CARTESIAN_POINT ( 'NONE',  ( 1.117802175242610163, -2.697576374641298624, 0.1499999999999999667 ) ) ;
#1348 = VERTEX_POINT ( 'NONE', #1630 ) ;
#1349 = DIRECTION ( 'NONE',  ( 0.3828089641232319540, -0.9238275255624818216, 0.000000000000000000 ) ) ;
#1350 = LINE ( 'NONE', #3944, #4368 ) ;
#1351 = FILL_AREA_STYLE ('',( #4855 ) ) ;
#1352 = FILL_AREA_STYLE ('',( #3578 ) ) ;
#1353 = EDGE_CURVE ( 'NONE', #143, #1064, #5184, .T. ) ;
#1354 = DIRECTION ( 'NONE',  ( 0.3828089641232319540, -0.9238275255624818216, 0.000000000000000000 ) ) ;
#1355 = CARTESIAN_POINT ( 'NONE',  ( 0.7475380389181431884, 2.544756459767301138, -0.2031249999999932276 ) ) ;
#1356 = VERTEX_POINT ( 'NONE', #5106 ) ;
#1357 =( LENGTH_UNIT ( ) NAMED_UNIT ( * ) SI_UNIT ( .MILLI., .METRE. ) );
#1358 = FACE_OUTER_BOUND ( 'NONE', #565, .T. ) ;
#1359 = SURFACE_SIDE_STYLE ('',( #94 ) ) ;
#1360 = PRESENTATION_LAYER_ASSIGNMENT (  '', '', ( #1537 ) ) ;
#1361 = CARTESIAN_POINT ( 'NONE',  ( 2.833845565466011074, 0.6158890412147857152, 7.850125019537010473 ) ) ;
#1362 =( GEOMETRIC_REPRESENTATION_CONTEXT ( 3 ) GLOBAL_UNCERTAINTY_ASSIGNED_CONTEXT ( ( #5084 ) ) GLOBAL_UNIT_ASSIGNED_CONTEXT ( ( #4940, #2721, #522 ) ) REPRESENTATION_CONTEXT ( 'NONE', 'WORKASPACE' ) );
#1363 =( GEOMETRIC_REPRESENTATION_CONTEXT ( 3 ) GLOBAL_UNCERTAINTY_ASSIGNED_CONTEXT ( ( #1495 ) ) GLOBAL_UNIT_ASSIGNED_CONTEXT ( ( #5268, #2619, #1628 ) ) REPRESENTATION_CONTEXT ( 'NONE', 'WORKASPACE' ) );
#1364 = DIRECTION ( 'NONE',  ( 3.225526565811033815E-15, 1.336570354578135212E-15, -1.000000000000000000 ) ) ;
#1365 = CIRCLE ( 'NONE', #4052, 0.5600000000000001643 ) ;
#1366 = FILL_AREA_STYLE ('',( #5292 ) ) ;
#1367 =( GEOMETRIC_REPRESENTATION_CONTEXT ( 3 ) GLOBAL_UNCERTAINTY_ASSIGNED_CONTEXT ( ( #1488 ) ) GLOBAL_UNIT_ASSIGNED_CONTEXT ( ( #847, #3590, #1438 ) ) REPRESENTATION_CONTEXT ( 'NONE', 'WORKASPACE' ) );
#1368 = EDGE_CURVE ( 'NONE', #1134, #2150, #4613, .T. ) ;
#1369 = CIRCLE ( 'NONE', #5326, 3.325000000000000622 ) ;
#1370 = PRESENTATION_LAYER_ASSIGNMENT (  '', '', ( #910 ) ) ;
#1371 = COLOUR_RGB ( '',0.2235294117647058654, 0.2235294117647058654, 0.2235294117647058654 ) ;
#1372 = CIRCLE ( 'NONE', #2292, 2.500000000000000888 ) ;
#1373 = AXIS2_PLACEMENT_3D ( 'NONE', #2066, #1181, #5198 ) ;
#1374 = UNCERTAINTY_MEASURE_WITH_UNIT (LENGTH_MEASURE( 1.000000000000000082E-05 ), #1133, 'distance_accuracy_value', 'NONE');
#1375 = SURFACE_STYLE_FILL_AREA ( #33 ) ;
#1376 = SURFACE_STYLE_FILL_AREA ( #5299 ) ;
#1377 = CYLINDRICAL_SURFACE ( 'NONE', #2026, 4.145000000000001350 ) ;
#1378 = CIRCLE ( 'NONE', #4619, 0.2368807716975002420 ) ;
#1379 = FACE_OUTER_BOUND ( 'NONE', #1106, .T. ) ;
#1380 = VERTEX_POINT ( 'NONE', #1197 ) ;
#1381 = CIRCLE ( 'NONE', #4621, 4.650000000000002132 ) ;
#1382 = CARTESIAN_POINT ( 'NONE',  ( -0.5964329240859165271, 4.723823250774668026, 4.336808689942017736E-15 ) ) ;
#1383 = AXIS2_PLACEMENT_3D ( 'NONE', #662, #1894, #2495 ) ;
#1384 = AXIS2_PLACEMENT_3D ( 'NONE', #2783, #1489, #4159 ) ;
#1385 = STYLED_ITEM ( 'NONE', ( #615 ), #5717 ) ;
#1386 =( LENGTH_UNIT ( ) NAMED_UNIT ( * ) SI_UNIT ( .MILLI., .METRE. ) );
#1387 = FILL_AREA_STYLE_COLOUR ( '', #4614 ) ;
#1388 = ORIENTED_EDGE ( 'NONE', *, *, #341, .F. ) ;
#1389 = SURFACE_STYLE_FILL_AREA ( #498 ) ;
#1390 = COLOUR_RGB ( '',0.2235294117647058654, 0.2235294117647058654, 0.2235294117647058654 ) ;
#1391 = MECHANICAL_DESIGN_GEOMETRIC_PRESENTATION_REPRESENTATION (  '', ( #1918 ), #4721 ) ;
#1392 = EDGE_LOOP ( 'NONE', ( #5117, #4028, #4611, #3612 ) ) ;
#1393 = EDGE_CURVE ( 'NONE', #4099, #3494, #912, .T. ) ;
#1394 = CARTESIAN_POINT ( 'NONE',  ( -0.3992967299913856571, 5.128555358207675496, 0.4000000000000062395 ) ) ;
#1395 = FILL_AREA_STYLE ('',( #1014 ) ) ;
#1396 = EDGE_LOOP ( 'NONE', ( #1702, #2121 ) ) ;
#1397 = CARTESIAN_POINT ( 'NONE',  ( 2.767581798328816106E-12, 1.147045235671962271E-12, 1.320000000000000062 ) ) ;
#1398 = CYLINDRICAL_SURFACE ( 'NONE', #1413, 0.2250000000000000056 ) ;
#1399 = FILL_AREA_STYLE ('',( #935 ) ) ;
#1400 = LINE ( 'NONE', #5251, #2391 ) ;
#1401 = FILL_AREA_STYLE_COLOUR ( '', #5520 ) ;
#1402 = CIRCLE ( 'NONE', #4002, 0.3500000000000000888 ) ;
#1403 = ADVANCED_FACE ( 'NONE', ( #1670 ), #4736, .T. ) ;
#1404 = SURFACE_SIDE_STYLE ('',( #2790 ) ) ;
#1405 = SURFACE_STYLE_FILL_AREA ( #4505 ) ;
#1406 = LINE ( 'NONE', #947, #5075 ) ;
#1407 = CARTESIAN_POINT ( 'NONE',  ( 2.771403259486610704, 0.6023182480743460854, 6.930000000000008598 ) ) ;
#1408 = COLOUR_RGB ( '',0.000000000000000000, 0.000000000000000000, 0.000000000000000000 ) ;
#1409 = FILL_AREA_STYLE ('',( #3662 ) ) ;
#1410 = VERTEX_POINT ( 'NONE', #1074 ) ;
#1411 =( LENGTH_UNIT ( ) NAMED_UNIT ( * ) SI_UNIT ( .MILLI., .METRE. ) );
#1412 = VECTOR ( 'NONE', #4717, 1000.000000000000114 ) ;
#1413 = AXIS2_PLACEMENT_3D ( 'NONE', #4008, #3565, #3041 ) ;
#1414 = CARTESIAN_POINT ( 'NONE',  ( -2.442970315056959496, -0.5309388286334583151, 9.350125019536990933 ) ) ;
#1415 = PRESENTATION_STYLE_ASSIGNMENT (( #3165 ) ) ;
#1416 = PRESENTATION_STYLE_ASSIGNMENT (( #4489 ) ) ;
#1417 = DIRECTION ( 'NONE',  ( -3.225526565811033815E-15, -1.336570354578135212E-15, 1.000000000000000000 ) ) ;
#1418 = ORIENTED_EDGE ( 'NONE', *, *, #5584, .F. ) ;
#1419 = PRESENTATION_LAYER_ASSIGNMENT (  '', '', ( #2805 ) ) ;
#1420 = CYLINDRICAL_SURFACE ( 'NONE', #3215, 3.850000000000001421 ) ;
#1421 =( GEOMETRIC_REPRESENTATION_CONTEXT ( 3 ) GLOBAL_UNCERTAINTY_ASSIGNED_CONTEXT ( ( #3648 ) ) GLOBAL_UNIT_ASSIGNED_CONTEXT ( ( #2218, #5281, #4778 ) ) REPRESENTATION_CONTEXT ( 'NONE', 'WORKASPACE' ) );
#1422 = CARTESIAN_POINT ( 'NONE',  ( -3.889313882615278661, -1.611625738957658704, 0.3999999999999854228 ) ) ;
#1423 = EDGE_CURVE ( 'NONE', #111, #2234, #4981, .T. ) ;
#1424 = DIRECTION ( 'NONE',  ( 0.9771881260227712751, 0.2123755314533780914, 3.348079085118082549E-15 ) ) ;
#1425 = ORIENTED_EDGE ( 'NONE', *, *, #185, .T. ) ;
#1426 = CARTESIAN_POINT ( 'NONE',  ( -1.117802175237065043, 2.697576374643596342, 0.000000000000000000 ) ) ;
#1427 = EDGE_LOOP ( 'NONE', ( #5042, #3428, #1877, #1724 ) ) ;
#1428 = DIRECTION ( 'NONE',  ( -0.9771881260227711641, -0.2123755314533781191, -3.212450881438531057E-15 ) ) ;
#1429 = EDGE_LOOP ( 'NONE', ( #529, #4931, #854, #2440 ) ) ;
#1430 = CYLINDRICAL_SURFACE ( 'NONE', #3349, 1.950000000000000400 ) ;
#1431 =( NAMED_UNIT ( * ) SI_UNIT ( $, .STERADIAN. ) SOLID_ANGLE_UNIT ( ) );
#1432 = CARTESIAN_POINT ( 'NONE',  ( 0.9026960292341257297, 3.215223459731583411, 8.673617379884035472E-15 ) ) ;
#1433 = EDGE_CURVE ( 'NONE', #1006, #2150, #1097, .T. ) ;
#1434 = ORIENTED_EDGE ( 'NONE', *, *, #5063, .F. ) ;
#1435 = FACE_OUTER_BOUND ( 'NONE', #4447, .T. ) ;
#1436 = SURFACE_STYLE_USAGE ( .BOTH. , #5391 ) ;
#1437 = FILL_AREA_STYLE ('',( #5481 ) ) ;
#1438 =( NAMED_UNIT ( * ) SI_UNIT ( $, .STERADIAN. ) SOLID_ANGLE_UNIT ( ) );
#1439 = DIRECTION ( 'NONE',  ( -0.3828089641232319540, 0.9238275255624818216, 0.000000000000000000 ) ) ;
#1440 = EDGE_LOOP ( 'NONE', ( #1228, #5685 ) ) ;
#1441 = AXIS2_PLACEMENT_3D ( 'NONE', #4767, #5245, #3539 ) ;
#1442 = SURFACE_STYLE_FILL_AREA ( #4899 ) ;
#1443 = UNCERTAINTY_MEASURE_WITH_UNIT (LENGTH_MEASURE( 1.000000000000000082E-05 ), #4551, 'distance_accuracy_value', 'NONE');
#1444 = DIRECTION ( 'NONE',  ( 0.9238275255624821547, 0.3828089641232312879, 3.854941057726236322E-15 ) ) ;
#1445 = PRESENTATION_LAYER_ASSIGNMENT (  '', '', ( #2083 ) ) ;
#1446 = EDGE_LOOP ( 'NONE', ( #1771, #3814 ) ) ;
#1447 =( NAMED_UNIT ( * ) SI_UNIT ( $, .STERADIAN. ) SOLID_ANGLE_UNIT ( ) );
#1448 = PRESENTATION_STYLE_ASSIGNMENT (( #3266 ) ) ;
#1449 = FACE_OUTER_BOUND ( 'NONE', #5482, .T. ) ;
#1450 = CARTESIAN_POINT ( 'NONE',  ( 2.833845565466007965, 0.6158890412147843829, 8.850125019537010473 ) ) ;
#1451 = VECTOR ( 'NONE', #5043, 1000.000000000000000 ) ;
#1452 = ORIENTED_EDGE ( 'NONE', *, *, #5404, .F. ) ;
#1453 = CLOSED_SHELL ( 'NONE', ( #4158, #3001, #5315, #2662, #5353, #302, #2700, #435, #686 ) ) ;
#1454 = DIRECTION ( 'NONE',  ( -3.225526565811033815E-15, -1.336570354578135212E-15, 1.000000000000000000 ) ) ;
#1455 = EDGE_CURVE ( 'NONE', #4126, #4838, #5330, .T. ) ;
#1456 = COLOUR_RGB ( '',0.2235294117647058654, 0.2235294117647058654, 0.2235294117647058654 ) ;
#1457 = CONICAL_SURFACE ( 'NONE', #2458, 2.700000000000000622, 0.6747409422234239562 ) ;
#1458 =( NAMED_UNIT ( * ) SI_UNIT ( $, .STERADIAN. ) SOLID_ANGLE_UNIT ( ) );
#1459 =( NAMED_UNIT ( * ) PLANE_ANGLE_UNIT ( ) SI_UNIT ( $, .RADIAN. ) );
#1460 = ORIENTED_EDGE ( 'NONE', *, *, #2366, .F. ) ;
#1461 = COLOUR_RGB ( '',0.9686274509803921573, 0.8784313725490195957, 0.5999999999999999778 ) ;
#1462 = DIRECTION ( 'NONE',  ( 3.225526565811033815E-15, 1.336570354578135212E-15, -1.000000000000000000 ) ) ;
#1463 = CIRCLE ( 'NONE', #2005, 0.2250000000000000056 ) ;
#1464 =( GEOMETRIC_REPRESENTATION_CONTEXT ( 3 ) GLOBAL_UNCERTAINTY_ASSIGNED_CONTEXT ( ( #4444 ) ) GLOBAL_UNIT_ASSIGNED_CONTEXT ( ( #1541, #1490, #3243 ) ) REPRESENTATION_CONTEXT ( 'NONE', 'WORKASPACE' ) );
#1465 = MECHANICAL_DESIGN_GEOMETRIC_PRESENTATION_REPRESENTATION (  '', ( #3307 ), #4332 ) ;
#1466 = EDGE_CURVE ( 'NONE', #878, #3951, #5157, .T. ) ;
#1467 = EDGE_LOOP ( 'NONE', ( #2133, #849, #566, #2822 ) ) ;
#1468 = MECHANICAL_DESIGN_GEOMETRIC_PRESENTATION_REPRESENTATION (  '', ( #3213 ), #5699 ) ;
#1469 = PRESENTATION_STYLE_ASSIGNMENT (( #1977 ) ) ;
#1470 = SURFACE_STYLE_USAGE ( .BOTH. , #2863 ) ;
#1471 = DIRECTION ( 'NONE',  ( 0.3828089641232319540, -0.9238275255624818216, 0.000000000000000000 ) ) ;
#1472 =( LENGTH_UNIT ( ) NAMED_UNIT ( * ) SI_UNIT ( .MILLI., .METRE. ) );
#1473 = EDGE_LOOP ( 'NONE', ( #5177, #3107 ) ) ;
#1474 = AXIS2_PLACEMENT_3D ( 'NONE', #838, #1241, #2067 ) ;
#1475 = FILL_AREA_STYLE ('',( #3666 ) ) ;
#1476 = AXIS2_PLACEMENT_3D ( 'NONE', #479, #1030, #5162 ) ;
#1477 = EDGE_CURVE ( 'NONE', #2568, #2012, #1829, .T. ) ;
#1478 = DIRECTION ( 'NONE',  ( 3.225526565811033815E-15, 1.336570354578135212E-15, -1.000000000000000000 ) ) ;
#1479 = CIRCLE ( 'NONE', #4719, 0.4000000000000000222 ) ;
#1480 = AXIS2_PLACEMENT_3D ( 'NONE', #743, #3383, #3334 ) ;
#1481 = STYLED_ITEM ( 'NONE', ( #4681 ), #3129 ) ;
#1482 = VERTEX_POINT ( 'NONE', #5459 ) ;
#1483 = DIRECTION ( 'NONE',  ( -3.225526565811033815E-15, -1.336570354578135212E-15, 1.000000000000000000 ) ) ;
#1484 = EDGE_CURVE ( 'NONE', #4401, #2422, #4232, .T. ) ;
#1485 = CARTESIAN_POINT ( 'NONE',  ( 1.117069049143130544, 2.697880045416591432, 1.520000000000008233 ) ) ;
#1486 = CARTESIAN_POINT ( 'NONE',  ( -4.045558841734310462, -0.8792347002170006753, 11.24999999999998579 ) ) ;
#1487 = VERTEX_POINT ( 'NONE', #645 ) ;
#1488 = UNCERTAINTY_MEASURE_WITH_UNIT (LENGTH_MEASURE( 1.000000000000000082E-05 ), #847, 'distance_accuracy_value', 'NONE');
#1489 = DIRECTION ( 'NONE',  ( -3.225526565811033815E-15, -1.336570354578135212E-15, 1.000000000000000000 ) ) ;
#1490 =( NAMED_UNIT ( * ) PLANE_ANGLE_UNIT ( ) SI_UNIT ( $, .RADIAN. ) );
#1491 = FILL_AREA_STYLE_COLOUR ( '', #1295 ) ;
#1492 = PRESENTATION_STYLE_ASSIGNMENT (( #1082 ) ) ;
#1493 = FILL_AREA_STYLE_COLOUR ( '', #5372 ) ;
#1494 = ORIENTED_EDGE ( 'NONE', *, *, #3563, .F. ) ;
#1495 = UNCERTAINTY_MEASURE_WITH_UNIT (LENGTH_MEASURE( 1.000000000000000082E-05 ), #5268, 'distance_accuracy_value', 'NONE');
#1496 = CARTESIAN_POINT ( 'NONE',  ( -1.325663368488623428, 2.611444357715869913, -0.1000000000000002554 ) ) ;
#1497 =( NAMED_UNIT ( * ) PLANE_ANGLE_UNIT ( ) SI_UNIT ( $, .RADIAN. ) );
#1498 = PRESENTATION_STYLE_ASSIGNMENT (( #4633 ) ) ;
#1499 = ORIENTED_EDGE ( 'NONE', *, *, #3528, .T. ) ;
#1500 = EDGE_CURVE ( 'NONE', #718, #2825, #1823, .T. ) ;
#1501 = AXIS2_PLACEMENT_3D ( 'NONE', #3280, #5483, #2802 ) ;
#1502 = LINE ( 'NONE', #568, #5327 ) ;
#1503 = ORIENTED_EDGE ( 'NONE', *, *, #3056, .F. ) ;
#1504 = DIRECTION ( 'NONE',  ( 3.225526565811033815E-15, 1.336570354578135212E-15, -1.000000000000000000 ) ) ;
#1505 = STYLED_ITEM ( 'NONE', ( #4773 ), #3452 ) ;
#1506 = FACE_OUTER_BOUND ( 'NONE', #3567, .T. ) ;
#1507 = CARTESIAN_POINT ( 'NONE',  ( -1.332175195146075186, 3.214919788958586988, 8.673617379884035472E-16 ) ) ;
#1508 = EDGE_LOOP ( 'NONE', ( #87, #5228 ) ) ;
#1509 = CIRCLE ( 'NONE', #4191, 0.2250000000000000056 ) ;
#1510 = DIRECTION ( 'NONE',  ( -3.225526565811033815E-15, -1.336570354578135212E-15, 1.000000000000000000 ) ) ;
#1511 = UNCERTAINTY_MEASURE_WITH_UNIT (LENGTH_MEASURE( 1.000000000000000082E-05 ), #4951, 'distance_accuracy_value', 'NONE');
#1512 = FILL_AREA_STYLE_COLOUR ( '', #2187 ) ;
#1513 = SURFACE_SIDE_STYLE ('',( #5431 ) ) ;
#1514 = ADVANCED_FACE ( 'NONE', ( #4202 ), #1989, .T. ) ;
#1515 = EDGE_LOOP ( 'NONE', ( #2136, #154 ) ) ;
#1516 = PRESENTATION_LAYER_ASSIGNMENT (  '', '', ( #5028 ) ) ;
#1517 = PRESENTATION_STYLE_ASSIGNMENT (( #4585 ) ) ;
#1518 = DIRECTION ( 'NONE',  ( 0.9771881260227711641, 0.2123755314533780636, 3.379637153046426149E-15 ) ) ;
#1519 =( LENGTH_UNIT ( ) NAMED_UNIT ( * ) SI_UNIT ( .MILLI., .METRE. ) );
#1520 =( LENGTH_UNIT ( ) NAMED_UNIT ( * ) SI_UNIT ( .MILLI., .METRE. ) );
#1521 = CONICAL_SURFACE ( 'NONE', #107, 2.700000000000000622, 0.6747409422234239562 ) ;
#1522 = ORIENTED_EDGE ( 'NONE', *, *, #4975, .T. ) ;
#1523 = CARTESIAN_POINT ( 'NONE',  ( -3.205170592693603296E-14, -1.328135393757868023E-14, 9.670000000000001705 ) ) ;
#1524 = FACE_OUTER_BOUND ( 'NONE', #851, .T. ) ;
#1525 = DIRECTION ( 'NONE',  ( -3.225526565811033815E-15, -1.336570354578135212E-15, 1.000000000000000000 ) ) ;
#1526 = ORIENTED_EDGE ( 'NONE', *, *, #3546, .F. ) ;
#1527 = DIRECTION ( 'NONE',  ( -0.9238275255624819327, -0.3828089641232319540, -3.036715056414541073E-15 ) ) ;
#1528 = VERTEX_POINT ( 'NONE', #702 ) ;
#1529 = ADVANCED_FACE ( 'NONE', ( #757 ), #1276, .T. ) ;
#1530 = SURFACE_STYLE_USAGE ( .BOTH. , #1069 ) ;
#1531 = DIRECTION ( 'NONE',  ( 3.225526565811033815E-15, 1.336570354578135212E-15, -1.000000000000000000 ) ) ;
#1532 = CARTESIAN_POINT ( 'NONE',  ( -1.073732148552357025E-13, -4.449253569088857703E-14, 33.45587570620999429 ) ) ;
#1533 = ORIENTED_EDGE ( 'NONE', *, *, #5216, .T. ) ;
#1534 = CARTESIAN_POINT ( 'NONE',  ( -3.044912063058922342E-14, -1.261728624069974511E-14, 9.350125019536998039 ) ) ;
#1535 = COLOUR_RGB ( '',0.000000000000000000, 0.000000000000000000, 0.000000000000000000 ) ;
#1536 = DIRECTION ( 'NONE',  ( -0.3828089641232319540, 0.9238275255624818216, 0.000000000000000000 ) ) ;
#1537 = STYLED_ITEM ( 'NONE', ( #4711 ), #3144 ) ;
#1538 = PRESENTATION_LAYER_ASSIGNMENT (  '', '', ( #3496 ) ) ;
#1539 = ADVANCED_FACE ( 'NONE', ( #2558 ), #1716, .T. ) ;
#1540 = COLOUR_RGB ( '',0.9686274509803921573, 0.8784313725490195957, 0.5999999999999999778 ) ;
#1541 =( LENGTH_UNIT ( ) NAMED_UNIT ( * ) SI_UNIT ( .MILLI., .METRE. ) );
#1542 = DIRECTION ( 'NONE',  ( -3.225526565811033815E-15, -1.336570354578135212E-15, 1.000000000000000000 ) ) ;
#1543 = VECTOR ( 'NONE', #5491, 1000.000000000000114 ) ;
#1544 = CARTESIAN_POINT ( 'NONE',  ( -1.117069049138514458, -2.697880045414678740, -6.938893903907228378E-15 ) ) ;
#1545 = AXIS2_PLACEMENT_3D ( 'NONE', #4964, #3801, #561 ) ;
#1546 = UNCERTAINTY_MEASURE_WITH_UNIT (LENGTH_MEASURE( 1.000000000000000082E-05 ), #3526, 'distance_accuracy_value', 'NONE');
#1547 = COLOUR_RGB ( '',0.000000000000000000, 0.000000000000000000, 0.000000000000000000 ) ;
#1548 =( GEOMETRIC_REPRESENTATION_CONTEXT ( 3 ) GLOBAL_UNCERTAINTY_ASSIGNED_CONTEXT ( ( #1319 ) ) GLOBAL_UNIT_ASSIGNED_CONTEXT ( ( #5175, #323, #5146 ) ) REPRESENTATION_CONTEXT ( 'NONE', 'WORKASPACE' ) );
#1549 = DIRECTION ( 'NONE',  ( -0.9238275255624818216, -0.3828089641232322871, -6.195440985631453345E-15 ) ) ;
#1550 = COLOUR_RGB ( '',0.2235294117647058654, 0.2235294117647058654, 0.2235294117647058654 ) ;
#1551 =( GEOMETRIC_REPRESENTATION_CONTEXT ( 3 ) GLOBAL_UNCERTAINTY_ASSIGNED_CONTEXT ( ( #2343 ) ) GLOBAL_UNIT_ASSIGNED_CONTEXT ( ( #4937, #940, #491 ) ) REPRESENTATION_CONTEXT ( 'NONE', 'WORKASPACE' ) );
#1552 =( NAMED_UNIT ( * ) PLANE_ANGLE_UNIT ( ) SI_UNIT ( $, .RADIAN. ) );
#1553 = ORIENTED_EDGE ( 'NONE', *, *, #3179, .F. ) ;
#1554 = CARTESIAN_POINT ( 'NONE',  ( -1.602585296346801451E-15, -6.640676968789339326E-16, 0.6500000000000003553 ) ) ;
#1555 =( GEOMETRIC_REPRESENTATION_CONTEXT ( 3 ) GLOBAL_UNCERTAINTY_ASSIGNED_CONTEXT ( ( #199 ) ) GLOBAL_UNIT_ASSIGNED_CONTEXT ( ( #1112, #211, #1574 ) ) REPRESENTATION_CONTEXT ( 'NONE', 'WORKASPACE' ) );
#1556 = AXIS2_PLACEMENT_3D ( 'NONE', #2092, #5623, #3837 ) ;
#1557 = ORIENTED_EDGE ( 'NONE', *, *, #4723, .F. ) ;
#1558 =( GEOMETRIC_REPRESENTATION_CONTEXT ( 3 ) GLOBAL_UNCERTAINTY_ASSIGNED_CONTEXT ( ( #126 ) ) GLOBAL_UNIT_ASSIGNED_CONTEXT ( ( #4995, #2374, #5022 ) ) REPRESENTATION_CONTEXT ( 'NONE', 'WORKASPACE' ) );
#1559 = FILL_AREA_STYLE ('',( #113 ) ) ;
#1560 = MECHANICAL_DESIGN_GEOMETRIC_PRESENTATION_REPRESENTATION (  '', ( #5608 ), #1191 ) ;
#1561 = FILL_AREA_STYLE_COLOUR ( '', #65 ) ;
#1562 = CARTESIAN_POINT ( 'NONE',  ( -0.8792347002170213255, 4.045558841734258060, 11.25000000000000355 ) ) ;
#1563 = MANIFOLD_SOLID_BREP ( '实体-移动/复制3[3]', #5600 ) ;
#1564 = AXIS2_PLACEMENT_3D ( 'NONE', #802, #5225, #2552 ) ;
#1565 = ORIENTED_EDGE ( 'NONE', *, *, #2945, .F. ) ;
#1566 = CIRCLE ( 'NONE', #1008, 0.5600000000000001643 ) ;
#1567 = CONICAL_SURFACE ( 'NONE', #2477, 2.700000000000000622, 0.6747409422234239562 ) ;
#1568 =( GEOMETRIC_REPRESENTATION_CONTEXT ( 3 ) GLOBAL_UNCERTAINTY_ASSIGNED_CONTEXT ( ( #5585 ) ) GLOBAL_UNIT_ASSIGNED_CONTEXT ( ( #1893, #5051, #1061 ) ) REPRESENTATION_CONTEXT ( 'NONE', 'WORKASPACE' ) );
#1569 = ADVANCED_FACE ( 'NONE', ( #5339 ), #3956, .T. ) ;
#1570 =( LENGTH_UNIT ( ) NAMED_UNIT ( * ) SI_UNIT ( .MILLI., .METRE. ) );
#1571 = DIRECTION ( 'NONE',  ( 0.9238275255624819327, 0.3828089641232318430, 3.491481338843134144E-15 ) ) ;
#1572 = ORIENTED_EDGE ( 'NONE', *, *, #3680, .F. ) ;
#1573 =( GEOMETRIC_REPRESENTATION_CONTEXT ( 3 ) GLOBAL_UNCERTAINTY_ASSIGNED_CONTEXT ( ( #3237 ) ) GLOBAL_UNIT_ASSIGNED_CONTEXT ( ( #309, #2987, #2126 ) ) REPRESENTATION_CONTEXT ( 'NONE', 'WORKASPACE' ) );
#1574 =( NAMED_UNIT ( * ) SI_UNIT ( $, .STERADIAN. ) SOLID_ANGLE_UNIT ( ) );
#1575 = COLOUR_RGB ( '',0.7921568627450980005, 0.8196078431372548767, 0.9333333333333333481 ) ;
#1576 =( GEOMETRIC_REPRESENTATION_CONTEXT ( 3 ) GLOBAL_UNCERTAINTY_ASSIGNED_CONTEXT ( ( #2169 ) ) GLOBAL_UNIT_ASSIGNED_CONTEXT ( ( #2675, #3532, #505 ) ) REPRESENTATION_CONTEXT ( 'NONE', 'WORKASPACE' ) );
#1577 = SURFACE_SIDE_STYLE ('',( #759 ) ) ;
#1578 = EDGE_CURVE ( 'NONE', #2568, #2234, #4704, .T. ) ;
#1579 = AXIS2_PLACEMENT_3D ( 'NONE', #5662, #2254, #4399 ) ;
#1580 = CARTESIAN_POINT ( 'NONE',  ( -0.9099409819855120984, 2.783708391571321883, 1.520000000000001350 ) ) ;
#1581 = CARTESIAN_POINT ( 'NONE',  ( 1.117069049143128767, 2.697880045416590988, 1.920000000000007701 ) ) ;
#1582 = CARTESIAN_POINT ( 'NONE',  ( -1.073732148552357025E-13, -4.449253569088857703E-14, 33.45587570620999429 ) ) ;
#1583 =( NAMED_UNIT ( * ) SI_UNIT ( $, .STERADIAN. ) SOLID_ANGLE_UNIT ( ) );
#1584 = VERTEX_POINT ( 'NONE', #21 ) ;
#1585 =( LENGTH_UNIT ( ) NAMED_UNIT ( * ) SI_UNIT ( .MILLI., .METRE. ) );
#1586 = DIRECTION ( 'NONE',  ( -3.225526565811033815E-15, -1.336570354578135212E-15, 1.000000000000000000 ) ) ;
#1587 = FILL_AREA_STYLE ('',( #1869 ) ) ;
#1588 = ORIENTED_EDGE ( 'NONE', *, *, #90, .F. ) ;
#1589 = SURFACE_SIDE_STYLE ('',( #2931 ) ) ;
#1590 = FILL_AREA_STYLE_COLOUR ( '', #1283 ) ;
#1591 = SURFACE_STYLE_USAGE ( .BOTH. , #3277 ) ;
#1592 = EDGE_LOOP ( 'NONE', ( #4199, #5333 ) ) ;
#1593 = CARTESIAN_POINT ( 'NONE',  ( 0.9092078558915710484, 2.611748028488863671, 1.920000000000005924 ) ) ;
#1594 = EDGE_CURVE ( 'NONE', #2690, #403, #5308, .T. ) ;
#1595 = CARTESIAN_POINT ( 'NONE',  ( -0.1993289297712622921, 5.329972964705136818, 6.938893903907228378E-15 ) ) ;
#1596 = ORIENTED_EDGE ( 'NONE', *, *, #4471, .F. ) ;
#1597 = LINE ( 'NONE', #2500, #4419 ) ;
#1598 =( LENGTH_UNIT ( ) NAMED_UNIT ( * ) SI_UNIT ( .MILLI., .METRE. ) );
#1599 = FACE_BOUND ( 'NONE', #2971, .T. ) ;
#1600 = VERTEX_POINT ( 'NONE', #1737 ) ;
#1601 = FILL_AREA_STYLE ('',( #5552 ) ) ;
#1602 = PRESENTATION_LAYER_ASSIGNMENT (  '', '', ( #4088 ) ) ;
#1603 = CARTESIAN_POINT ( 'NONE',  ( -2.833845565466065697, -0.6158890412148082527, 8.850125019536990933 ) ) ;
#1604 = DIRECTION ( 'NONE',  ( 0.9771881260227711641, 0.2123755314533780914, 3.469446951953613006E-15 ) ) ;
#1605 = DIRECTION ( 'NONE',  ( -3.225526565811033815E-15, -1.336570354578135212E-15, 1.000000000000000000 ) ) ;
#1606 = MECHANICAL_DESIGN_GEOMETRIC_PRESENTATION_REPRESENTATION (  '', ( #5110 ), #5285 ) ;
#1607 = CIRCLE ( 'NONE', #5646, 0.2250000000000000056 ) ;
#1608 = AXIS2_PLACEMENT_3D ( 'NONE', #3939, #3034, #3417 ) ;
#1609 = CARTESIAN_POINT ( 'NONE',  ( 1.117069049144053361, 2.697880045416973793, 1.520000000000008233 ) ) ;
#1610 = EDGE_CURVE ( 'NONE', #2318, #1895, #927, .T. ) ;
#1611 = FACE_OUTER_BOUND ( 'NONE', #3014, .T. ) ;
#1612 = DIRECTION ( 'NONE',  ( -3.225526565811033815E-15, -1.336570354578135212E-15, 1.000000000000000000 ) ) ;
#1613 = MECHANICAL_DESIGN_GEOMETRIC_PRESENTATION_REPRESENTATION (  '', ( #5028 ), #3545 ) ;
#1614 = SURFACE_STYLE_FILL_AREA ( #2797 ) ;
#1615 = UNCERTAINTY_MEASURE_WITH_UNIT (LENGTH_MEASURE( 1.000000000000000082E-05 ), #2310, 'distance_accuracy_value', 'NONE');
#1616 = ORIENTED_EDGE ( 'NONE', *, *, #4536, .F. ) ;
#1617 = FILL_AREA_STYLE_COLOUR ( '', #1535 ) ;
#1618 = ORIENTED_EDGE ( 'NONE', *, *, #5677, .T. ) ;
#1619 = ADVANCED_FACE ( 'NONE', ( #1358 ), #428, .F. ) ;
#1620 =( LENGTH_UNIT ( ) NAMED_UNIT ( * ) SI_UNIT ( .MILLI., .METRE. ) );
#1621 = DIRECTION ( 'NONE',  ( -0.9999748795167882065, -0.007088041717208387951, -3.234919205456319214E-15 ) ) ;
#1622 =( NAMED_UNIT ( * ) SI_UNIT ( $, .STERADIAN. ) SOLID_ANGLE_UNIT ( ) );
#1623 = MANIFOLD_SOLID_BREP ( '实体-移动/复制3[2]', #4409 ) ;
#1624 = ORIENTED_EDGE ( 'NONE', *, *, #907, .F. ) ;
#1625 = FACE_OUTER_BOUND ( 'NONE', #2948, .T. ) ;
#1626 = DIRECTION ( 'NONE',  ( 3.225526565811033815E-15, 1.336570354578135212E-15, -1.000000000000000000 ) ) ;
#1627 = DIRECTION ( 'NONE',  ( 3.225526565811033815E-15, 1.336570354578135212E-15, -1.000000000000000000 ) ) ;
#1628 =( NAMED_UNIT ( * ) SI_UNIT ( $, .STERADIAN. ) SOLID_ANGLE_UNIT ( ) );
#1629 = DIRECTION ( 'NONE',  ( -0.9238275255624818216, -0.3828089641232323981, -3.484935554417691866E-15 ) ) ;
#1630 = CARTESIAN_POINT ( 'NONE',  ( 0.7944625412957416755, -2.831559512084429464, 0.1499999999999990785 ) ) ;
#1631 = ORIENTED_EDGE ( 'NONE', *, *, #756, .F. ) ;
#1632 = AXIS2_PLACEMENT_3D ( 'NONE', #3316, #2090, #1126 ) ;
#1633 = EDGE_CURVE ( 'NONE', #2012, #111, #2380, .T. ) ;
#1634 = FACE_OUTER_BOUND ( 'NONE', #1467, .T. ) ;
#1635 = STYLED_ITEM ( 'NONE', ( #2431 ), #605 ) ;
#1636 = AXIS2_PLACEMENT_3D ( 'NONE', #943, #3096, #4882 ) ;
#1637 = FACE_OUTER_BOUND ( 'NONE', #1059, .T. ) ;
#1638 = SURFACE_SIDE_STYLE ('',( #2913 ) ) ;
#1639 = DIRECTION ( 'NONE',  ( 3.225526565811033815E-15, 1.336570354578135212E-15, -1.000000000000000000 ) ) ;
#1640 = DIRECTION ( 'NONE',  ( 3.225526565811033815E-15, 1.336570354578135212E-15, -1.000000000000000000 ) ) ;
#1641 =( NAMED_UNIT ( * ) SI_UNIT ( $, .STERADIAN. ) SOLID_ANGLE_UNIT ( ) );
#1642 = AXIS2_PLACEMENT_3D ( 'NONE', #3736, #3329, #4228 ) ;
#1643 =( NAMED_UNIT ( * ) PLANE_ANGLE_UNIT ( ) SI_UNIT ( $, .RADIAN. ) );
#1644 = VECTOR ( 'NONE', #1099, 1000.000000000000114 ) ;
#1645 = MECHANICAL_DESIGN_GEOMETRIC_PRESENTATION_REPRESENTATION (  '', ( #901 ), #4321 ) ;
#1646 =( NAMED_UNIT ( * ) SI_UNIT ( $, .STERADIAN. ) SOLID_ANGLE_UNIT ( ) );
#1647 = STYLED_ITEM ( 'NONE', ( #3517 ), #1073 ) ;
#1648 =( NAMED_UNIT ( * ) PLANE_ANGLE_UNIT ( ) SI_UNIT ( $, .RADIAN. ) );
#1649 = STYLED_ITEM ( 'NONE', ( #5712 ), #2281 ) ;
#1650 = DIRECTION ( 'NONE',  ( 3.225526565811033815E-15, 1.336570354578135212E-15, -1.000000000000000000 ) ) ;
#1651 =( NAMED_UNIT ( * ) PLANE_ANGLE_UNIT ( ) SI_UNIT ( $, .RADIAN. ) );
#1652 = CARTESIAN_POINT ( 'NONE',  ( -0.7551998714537971891, 2.847828893061963296, 1.687500000000002442 ) ) ;
#1653 = ORIENTED_EDGE ( 'NONE', *, *, #3640, .T. ) ;
#1654 = AXIS2_PLACEMENT_3D ( 'NONE', #4577, #2900, #4672 ) ;
#1655 = CIRCLE ( 'NONE', #726, 0.3500000000000000888 ) ;
#1656 =( GEOMETRIC_REPRESENTATION_CONTEXT ( 3 ) GLOBAL_UNCERTAINTY_ASSIGNED_CONTEXT ( ( #3093 ) ) GLOBAL_UNIT_ASSIGNED_CONTEXT ( ( #707, #4296, #1583 ) ) REPRESENTATION_CONTEXT ( 'NONE', 'WORKASPACE' ) );
#1657 = FILL_AREA_STYLE ('',( #4224 ) ) ;
#1658 = EDGE_CURVE ( 'NONE', #5615, #5448, #521, .T. ) ;
#1659 = TOROIDAL_SURFACE ( 'NONE', #425, 0.4000000000000000222, 0.2031250000000000000 ) ;
#1660 =( GEOMETRIC_REPRESENTATION_CONTEXT ( 3 ) GLOBAL_UNCERTAINTY_ASSIGNED_CONTEXT ( ( #4157 ) ) GLOBAL_UNIT_ASSIGNED_CONTEXT ( ( #3580, #3551, #4916 ) ) REPRESENTATION_CONTEXT ( 'NONE', 'WORKASPACE' ) );
#1661 = CIRCLE ( 'NONE', #5073, 0.5600000000000001643 ) ;
#1662 =( GEOMETRIC_REPRESENTATION_CONTEXT ( 3 ) GLOBAL_UNCERTAINTY_ASSIGNED_CONTEXT ( ( #3598 ) ) GLOBAL_UNIT_ASSIGNED_CONTEXT ( ( #3502, #2644, #4396 ) ) REPRESENTATION_CONTEXT ( 'NONE', 'WORKASPACE' ) );
#1663 = SURFACE_STYLE_USAGE ( .BOTH. , #704 ) ;
#1664 = CARTESIAN_POINT ( 'NONE',  ( 0.7944625412957416755, -2.831559512084429464, -8.673617379884035472E-16 ) ) ;
#1665 = EDGE_CURVE ( 'NONE', #462, #1017, #244, .T. ) ;
#1666 = STYLED_ITEM ( 'NONE', ( #1312 ), #2958 ) ;
#1667 = FILL_AREA_STYLE ('',( #5607 ) ) ;
#1668 = FACE_BOUND ( 'NONE', #4319, .T. ) ;
#1669 =( NAMED_UNIT ( * ) PLANE_ANGLE_UNIT ( ) SI_UNIT ( $, .RADIAN. ) );
#1670 = FACE_OUTER_BOUND ( 'NONE', #2257, .T. ) ;
#1671 = VERTEX_POINT ( 'NONE', #665 ) ;
#1672 = AXIS2_PLACEMENT_3D ( 'NONE', #4788, #1720, #1285 ) ;
#1673 = PRESENTATION_LAYER_ASSIGNMENT (  '', '', ( #1481 ) ) ;
#1674 = ORIENTED_EDGE ( 'NONE', *, *, #2082, .F. ) ;
#1675 = AXIS2_PLACEMENT_3D ( 'NONE', #1193, #2975, #1604 ) ;
#1676 = UNCERTAINTY_MEASURE_WITH_UNIT (LENGTH_MEASURE( 1.000000000000000082E-05 ), #825, 'distance_accuracy_value', 'NONE');
#1677 = SURFACE_STYLE_USAGE ( .BOTH. , #5217 ) ;
#1678 =( NAMED_UNIT ( * ) SI_UNIT ( $, .STERADIAN. ) SOLID_ANGLE_UNIT ( ) );
#1679 = PRESENTATION_STYLE_ASSIGNMENT (( #3901 ) ) ;
#1680 = SURFACE_STYLE_USAGE ( .BOTH. , #1172 ) ;
#1681 = FILL_AREA_STYLE ('',( #2174 ) ) ;
#1682 = FACE_BOUND ( 'NONE', #4354, .T. ) ;
#1683 =( NAMED_UNIT ( * ) SI_UNIT ( $, .STERADIAN. ) SOLID_ANGLE_UNIT ( ) );
#1684 = FACE_OUTER_BOUND ( 'NONE', #2891, .T. ) ;
#1685 = ORIENTED_EDGE ( 'NONE', *, *, #907, .T. ) ;
#1686 = EDGE_CURVE ( 'NONE', #2579, #3494, #2308, .T. ) ;
#1687 =( LENGTH_UNIT ( ) NAMED_UNIT ( * ) SI_UNIT ( .MILLI., .METRE. ) );
#1688 = SURFACE_STYLE_USAGE ( .BOTH. , #3997 ) ;
#1689 = ORIENTED_EDGE ( 'NONE', *, *, #520, .T. ) ;
#1690 = SURFACE_SIDE_STYLE ('',( #3080 ) ) ;
#1691 = PRESENTATION_STYLE_ASSIGNMENT (( #3844 ) ) ;
#1692 = PRESENTATION_STYLE_ASSIGNMENT (( #4729 ) ) ;
#1693 =( LENGTH_UNIT ( ) NAMED_UNIT ( * ) SI_UNIT ( .MILLI., .METRE. ) );
#1694 =( NAMED_UNIT ( * ) SI_UNIT ( $, .STERADIAN. ) SOLID_ANGLE_UNIT ( ) );
#1695 = EDGE_CURVE ( 'NONE', #4836, #2318, #5449, .T. ) ;
#1696 =( GEOMETRIC_REPRESENTATION_CONTEXT ( 3 ) GLOBAL_UNCERTAINTY_ASSIGNED_CONTEXT ( ( #577 ) ) GLOBAL_UNIT_ASSIGNED_CONTEXT ( ( #2356, #1036, #2441 ) ) REPRESENTATION_CONTEXT ( 'NONE', 'WORKASPACE' ) );
#1697 = DIRECTION ( 'NONE',  ( -0.9238275255624819327, -0.3828089641232320650, -3.487832425202745215E-15 ) ) ;
#1698 =( GEOMETRIC_REPRESENTATION_CONTEXT ( 3 ) GLOBAL_UNCERTAINTY_ASSIGNED_CONTEXT ( ( #1087 ) ) GLOBAL_UNIT_ASSIGNED_CONTEXT ( ( #591, #2346, #4127 ) ) REPRESENTATION_CONTEXT ( 'NONE', 'WORKASPACE' ) );
#1699 = EDGE_CURVE ( 'NONE', #3222, #5090, #1502, .T. ) ;
#1700 = DIRECTION ( 'NONE',  ( 0.9238275255624818216, 0.3828089641232319540, 3.491481338843132566E-15 ) ) ;
#1701 = VERTEX_POINT ( 'NONE', #2416 ) ;
#1702 = ORIENTED_EDGE ( 'NONE', *, *, #788, .T. ) ;
#1703 = AXIS2_PLACEMENT_3D ( 'NONE', #564, #1925, #596 ) ;
#1704 =( NAMED_UNIT ( * ) SI_UNIT ( $, .STERADIAN. ) SOLID_ANGLE_UNIT ( ) );
#1705 = CARTESIAN_POINT ( 'NONE',  ( -0.8802965778742750658, 4.050444782364378327, 6.930000000000001492 ) ) ;
#1706 = CARTESIAN_POINT ( 'NONE',  ( -1.117069049136673931, -2.697880045413915795, 1.919999999999991935 ) ) ;
#1707 = CARTESIAN_POINT ( 'NONE',  ( -1.635145589552059686, 2.483203354734584423, 1.519999999999998685 ) ) ;
#1708 = EDGE_LOOP ( 'NONE', ( #5264, #2912, #1023, #1180 ) ) ;
#1709 = LINE ( 'NONE', #3429, #2683 ) ;
#1710 = EDGE_LOOP ( 'NONE', ( #3055, #5416, #2917, #2571 ) ) ;
#1711 = CIRCLE ( 'NONE', #1243, 0.5600000000000001643 ) ;
#1712 = LINE ( 'NONE', #5547, #2743 ) ;
#1713 = DIRECTION ( 'NONE',  ( 0.9771881260227711641, 0.2123755314533780636, 3.364119412323701452E-15 ) ) ;
#1714 =( NAMED_UNIT ( * ) SI_UNIT ( $, .STERADIAN. ) SOLID_ANGLE_UNIT ( ) );
#1715 = ADVANCED_FACE ( 'NONE', ( #1035 ), #2331, .T. ) ;
#1716 = CYLINDRICAL_SURFACE ( 'NONE', #5518, 0.2000000000000000111 ) ;
#1717 = CARTESIAN_POINT ( 'NONE',  ( -2.243619414885522307E-14, -9.296947756305075845E-15, 6.929999999999999716 ) ) ;
#1718 = CARTESIAN_POINT ( 'NONE',  ( -3.519782872390288642, -1.458502153308367077, 1.319999999999986962 ) ) ;
#1719 = FILL_AREA_STYLE_COLOUR ( '', #4700 ) ;
#1720 = DIRECTION ( 'NONE',  ( -3.225526565811033815E-15, -1.336570354578135212E-15, 1.000000000000000000 ) ) ;
#1721 =( LENGTH_UNIT ( ) NAMED_UNIT ( * ) SI_UNIT ( .MILLI., .METRE. ) );
#1722 = ORIENTED_EDGE ( 'NONE', *, *, #1248, .T. ) ;
#1723 = CARTESIAN_POINT ( 'NONE',  ( 0.9092078558915773767, 2.611748028488866336, -0.09999999999999245603 ) ) ;
#1724 = ORIENTED_EDGE ( 'NONE', *, *, #1889, .T. ) ;
#1725 = PRESENTATION_STYLE_ASSIGNMENT (( #2573 ) ) ;
#1726 = ADVANCED_FACE ( 'NONE', ( #3748 ), #1127, .T. ) ;
#1727 = ORIENTED_EDGE ( 'NONE', *, *, #5598, .F. ) ;
#1728 = DIRECTION ( 'NONE',  ( 0.9238275255624818216, 0.3828089641232319540, 3.491481338843132566E-15 ) ) ;
#1729 = DIRECTION ( 'NONE',  ( 0.9238275255624818216, 0.3828089641232320095, 3.479532553558129794E-15 ) ) ;
#1730 =( GEOMETRIC_REPRESENTATION_CONTEXT ( 3 ) GLOBAL_UNCERTAINTY_ASSIGNED_CONTEXT ( ( #2684 ) ) GLOBAL_UNIT_ASSIGNED_CONTEXT ( ( #3860, #3066, #3424 ) ) REPRESENTATION_CONTEXT ( 'NONE', 'WORKASPACE' ) );
#1731 = FILL_AREA_STYLE_COLOUR ( '', #1408 ) ;
#1732 = DIRECTION ( 'NONE',  ( -0.9238275255624818216, -0.3828089641232323981, -3.484935554417691866E-15 ) ) ;
#1733 = ORIENTED_EDGE ( 'NONE', *, *, #2425, .T. ) ;
#1734 = SURFACE_SIDE_STYLE ('',( #4360 ) ) ;
#1735 = ORIENTED_EDGE ( 'NONE', *, *, #5559, .T. ) ;
#1736 =( GEOMETRIC_REPRESENTATION_CONTEXT ( 3 ) GLOBAL_UNCERTAINTY_ASSIGNED_CONTEXT ( ( #908 ) ) GLOBAL_UNIT_ASSIGNED_CONTEXT ( ( #523, #2634, #3641 ) ) REPRESENTATION_CONTEXT ( 'NONE', 'WORKASPACE' ) );
#1737 = CARTESIAN_POINT ( 'NONE',  ( 3.787692854806172349, 1.569516752905249835, 0.8500000000000148548 ) ) ;
#1738 = AXIS2_PLACEMENT_3D ( 'NONE', #1717, #4818, #844 ) ;
#1739 = CARTESIAN_POINT ( 'NONE',  ( -0.3964379481824779616, 4.725240859117359804, 5.204170427930421283E-15 ) ) ;
#1740 = PRESENTATION_STYLE_ASSIGNMENT (( #4896 ) ) ;
#1741 = PRESENTATION_LAYER_ASSIGNMENT (  '', '', ( #993 ) ) ;
#1742 = MECHANICAL_DESIGN_GEOMETRIC_PRESENTATION_REPRESENTATION (  '', ( #2286 ), #5602 ) ;
#1743 = EDGE_CURVE ( 'NONE', #1254, #1153, #1179, .T. ) ;
#1744 = CONICAL_SURFACE ( 'NONE', #5680, 4.634791048089001997, 0.003706648321937768865 ) ;
#1745 = AXIS2_PLACEMENT_3D ( 'NONE', #4572, #5512, #3192 ) ;
#1746 = COLOUR_RGB ( '',0.9686274509803921573, 0.8784313725490195957, 0.5999999999999999778 ) ;
#1747 = SURFACE_SIDE_STYLE ('',( #2732 ) ) ;
#1748 =( NAMED_UNIT ( * ) SI_UNIT ( $, .STERADIAN. ) SOLID_ANGLE_UNIT ( ) );
#1749 = CIRCLE ( 'NONE', #3031, 4.145000000000001350 ) ;
#1750 = COLOUR_RGB ( '',0.2235294117647058654, 0.2235294117647058654, 0.2235294117647058654 ) ;
#1751 = SURFACE_STYLE_FILL_AREA ( #1255 ) ;
#1752 = STYLED_ITEM ( 'NONE', ( #4496 ), #5286 ) ;
#1753 =( GEOMETRIC_REPRESENTATION_CONTEXT ( 3 ) GLOBAL_UNCERTAINTY_ASSIGNED_CONTEXT ( ( #2424 ) ) GLOBAL_UNIT_ASSIGNED_CONTEXT ( ( #5300, #2206, #430 ) ) REPRESENTATION_CONTEXT ( 'NONE', 'WORKASPACE' ) );
#1754 = DIRECTION ( 'NONE',  ( -3.225526565811033815E-15, -1.336570354578135212E-15, 1.000000000000000000 ) ) ;
#1755 = STYLED_ITEM ( 'NONE', ( #1691 ), #3090 ) ;
#1756 = DIRECTION ( 'NONE',  ( 0.9238275255624818216, 0.3828089641232322871, 3.484935554417692655E-15 ) ) ;
#1757 = ORIENTED_EDGE ( 'NONE', *, *, #4010, .F. ) ;
#1758 = EDGE_CURVE ( 'NONE', #992, #600, #1712, .T. ) ;
#1759 = CARTESIAN_POINT ( 'NONE',  ( -1.117069049136673931, -2.697880045413915795, 1.919999999999991935 ) ) ;
#1760 = CIRCLE ( 'NONE', #1672, 0.4000000000000001332 ) ;
#1761 = DIRECTION ( 'NONE',  ( -3.225526565811033815E-15, -1.336570354578135212E-15, 1.000000000000000000 ) ) ;
#1762 = EDGE_CURVE ( 'NONE', #3322, #3820, #1919, .T. ) ;
#1763 = CARTESIAN_POINT ( 'NONE',  ( 1.117802175242610163, -2.697576374641298624, 0.1499999999999999667 ) ) ;
#1764 =( LENGTH_UNIT ( ) NAMED_UNIT ( * ) SI_UNIT ( .MILLI., .METRE. ) );
#1765 = ORIENTED_EDGE ( 'NONE', *, *, #3397, .F. ) ;
#1766 = ORIENTED_EDGE ( 'NONE', *, *, #3661, .F. ) ;
#1767 = DIRECTION ( 'NONE',  ( -3.225526565811033815E-15, -1.336570354578135212E-15, 1.000000000000000000 ) ) ;
#1768 = FACE_BOUND ( 'NONE', #2060, .T. ) ;
#1769 = SURFACE_SIDE_STYLE ('',( #3536 ) ) ;
#1770 = ORIENTED_EDGE ( 'NONE', *, *, #1220, .F. ) ;
#1771 = ORIENTED_EDGE ( 'NONE', *, *, #4723, .T. ) ;
#1772 = ADVANCED_FACE ( 'NONE', ( #350 ), #2467, .T. ) ;
#1773 = STYLED_ITEM ( 'NONE', ( #2367 ), #4635 ) ;
#1774 = FACE_OUTER_BOUND ( 'NONE', #392, .T. ) ;
#1775 = DIRECTION ( 'NONE',  ( 0.9238275255624818216, 0.3828089641232323981, 3.484935554417691866E-15 ) ) ;
#1776 = PRESENTATION_LAYER_ASSIGNMENT (  '', '', ( #1505 ) ) ;
#1777 = DIRECTION ( 'NONE',  ( -0.6916511895453172354, -0.1503188434737748047, 0.7064155132054040775 ) ) ;
#1778 = SURFACE_STYLE_FILL_AREA ( #4450 ) ;
#1779 = COLOUR_RGB ( '',0.2235294117647058654, 0.2235294117647058654, 0.2235294117647058654 ) ;
#1780 =( NAMED_UNIT ( * ) PLANE_ANGLE_UNIT ( ) SI_UNIT ( $, .RADIAN. ) );
#1781 =( NAMED_UNIT ( * ) SI_UNIT ( $, .STERADIAN. ) SOLID_ANGLE_UNIT ( ) );
#1782 = SURFACE_STYLE_USAGE ( .BOTH. , #15 ) ;
#1783 = ORIENTED_EDGE ( 'NONE', *, *, #532, .F. ) ;
#1784 = ORIENTED_EDGE ( 'NONE', *, *, #231, .T. ) ;
#1785 = AXIS2_PLACEMENT_3D ( 'NONE', #1051, #166, #1022 ) ;
#1786 = ADVANCED_FACE ( 'NONE', ( #778, #3458 ), #264, .T. ) ;
#1787 = FILL_AREA_STYLE_COLOUR ( '', #144 ) ;
#1788 = CARTESIAN_POINT ( 'NONE',  ( -4.221891791820545414, -1.749436966043171227, 0.3999999999999845901 ) ) ;
#1789 = DIRECTION ( 'NONE',  ( -0.3828089641232319540, 0.9238275255624818216, 0.000000000000000000 ) ) ;
#1790 = CIRCLE ( 'NONE', #3162, 4.250000000000000888 ) ;
#1791 = CYLINDRICAL_SURFACE ( 'NONE', #4988, 4.570000000000001172 ) ;
#1792 = MANIFOLD_SOLID_BREP ( '实体-移动/复制3[1]', #2844 ) ;
#1793 = UNCERTAINTY_MEASURE_WITH_UNIT (LENGTH_MEASURE( 1.000000000000000082E-05 ), #4022, 'distance_accuracy_value', 'NONE');
#1794 = DIRECTION ( 'NONE',  ( 3.225526565811033815E-15, 1.336570354578135212E-15, -1.000000000000000000 ) ) ;
#1795 = FILL_AREA_STYLE ('',( #416 ) ) ;
#1796 = PRESENTATION_STYLE_ASSIGNMENT (( #29 ) ) ;
#1797 = PLANE ( 'NONE',  #544 ) ;
#1798 = CARTESIAN_POINT ( 'NONE',  ( 1.117802175242610163, -2.697576374641298624, -0.1000000000000002554 ) ) ;
#1799 = ORIENTED_EDGE ( 'NONE', *, *, #5657, .F. ) ;
#1800 = EDGE_CURVE ( 'NONE', #5567, #503, #3101, .T. ) ;
#1801 = CARTESIAN_POINT ( 'NONE',  ( 4.535107737447684251, 0.9856299828967917120, 10.75000095477001594 ) ) ;
#1802 =( NAMED_UNIT ( * ) SI_UNIT ( $, .STERADIAN. ) SOLID_ANGLE_UNIT ( ) );
#1803 = FACE_OUTER_BOUND ( 'NONE', #3928, .T. ) ;
#1804 = PRESENTATION_STYLE_ASSIGNMENT (( #2609 ) ) ;
#1805 = SURFACE_SIDE_STYLE ('',( #3184 ) ) ;
#1806 = VERTEX_POINT ( 'NONE', #3614 ) ;
#1807 =( NAMED_UNIT ( * ) SI_UNIT ( $, .STERADIAN. ) SOLID_ANGLE_UNIT ( ) );
#1808 = VERTEX_POINT ( 'NONE', #3135 ) ;
#1809 = ORIENTED_EDGE ( 'NONE', *, *, #1658, .F. ) ;
#1810 = DIRECTION ( 'NONE',  ( 0.9238275255624818216, 0.3828089641232322871, 3.491481338843132172E-15 ) ) ;
#1811 = STYLED_ITEM ( 'NONE', ( #5116 ), #179 ) ;
#1812 = MECHANICAL_DESIGN_GEOMETRIC_PRESENTATION_REPRESENTATION (  '', ( #3496 ), #2273 ) ;
#1813 = CARTESIAN_POINT ( 'NONE',  ( 2.767581798328816106E-12, 1.147045235671962271E-12, 1.320000000000000062 ) ) ;
#1814 = PRESENTATION_LAYER_ASSIGNMENT (  '', '', ( #2175 ) ) ;
#1815 = CARTESIAN_POINT ( 'NONE',  ( 0.4014169293182860421, 0.0001612602490613562669, 0.4000000000000019096 ) ) ;
#1816 = MECHANICAL_DESIGN_GEOMETRIC_PRESENTATION_REPRESENTATION (  '', ( #3664 ), #893 ) ;
#1817 = CARTESIAN_POINT ( 'NONE',  ( 4.535794874127721421, 0.9857793205869649356, 10.39018118455401307 ) ) ;
#1818 = VERTEX_POINT ( 'NONE', #3933 ) ;
#1819 = STYLED_ITEM ( 'NONE', ( #387 ), #1883 ) ;
#1820 = EDGE_CURVE ( 'NONE', #4595, #2244, #3487, .T. ) ;
#1821 =( LENGTH_UNIT ( ) NAMED_UNIT ( * ) SI_UNIT ( .MILLI., .METRE. ) );
#1822 = VECTOR ( 'NONE', #845, 1000.000000000000000 ) ;
#1823 = CIRCLE ( 'NONE', #4881, 4.100000000000001421 ) ;
#1824 = FACE_OUTER_BOUND ( 'NONE', #2807, .T. ) ;
#1825 = DIRECTION ( 'NONE',  ( -3.225526565811033815E-15, -1.336570354578135212E-15, 1.000000000000000000 ) ) ;
#1826 = AXIS2_PLACEMENT_3D ( 'NONE', #3846, #731, #758 ) ;
#1827 = ADVANCED_FACE ( 'NONE', ( #4885 ), #4835, .F. ) ;
#1828 = FILL_AREA_STYLE ('',( #3063 ) ) ;
#1829 = CIRCLE ( 'NONE', #5068, 0.2250000000000000888 ) ;
#1830 = AXIS2_PLACEMENT_3D ( 'NONE', #2827, #5006, #2871 ) ;
#1831 = UNCERTAINTY_MEASURE_WITH_UNIT (LENGTH_MEASURE( 1.000000000000000082E-05 ), #2764, 'distance_accuracy_value', 'NONE');
#1832 = CIRCLE ( 'NONE', #3119, 0.1999999999999998168 ) ;
#1833 = COLOUR_RGB ( '',0.9686274509803921573, 0.8784313725490195957, 0.5999999999999999778 ) ;
#1834 = CIRCLE ( 'NONE', #2561, 0.2250000000000000056 ) ;
#1835 = DIRECTION ( 'NONE',  ( -3.225526565811033815E-15, -1.336570354578135212E-15, 1.000000000000000000 ) ) ;
#1836 =( GEOMETRIC_REPRESENTATION_CONTEXT ( 3 ) GLOBAL_UNCERTAINTY_ASSIGNED_CONTEXT ( ( #4272 ) ) GLOBAL_UNIT_ASSIGNED_CONTEXT ( ( #12, #1780, #5670 ) ) REPRESENTATION_CONTEXT ( 'NONE', 'WORKASPACE' ) );
#1837 = MECHANICAL_DESIGN_GEOMETRIC_PRESENTATION_REPRESENTATION (  '', ( #3125 ), #3687 ) ;
#1838 =( GEOMETRIC_REPRESENTATION_CONTEXT ( 3 ) GLOBAL_UNCERTAINTY_ASSIGNED_CONTEXT ( ( #209 ) ) GLOBAL_UNIT_ASSIGNED_CONTEXT ( ( #1887, #1459, #128 ) ) REPRESENTATION_CONTEXT ( 'NONE', 'WORKASPACE' ) );
#1839 = TOROIDAL_SURFACE ( 'NONE', #831, 4.299999999999999822, 0.2000000000000000111 ) ;
#1840 = FILL_AREA_STYLE_COLOUR ( '', #2476 ) ;
#1841 = DIRECTION ( 'NONE',  ( -3.225526565811033815E-15, -1.336570354578135212E-15, 1.000000000000000000 ) ) ;
#1842 = SURFACE_STYLE_FILL_AREA ( #496 ) ;
#1843 = ORIENTED_EDGE ( 'NONE', *, *, #3936, .F. ) ;
#1844 = ORIENTED_EDGE ( 'NONE', *, *, #1758, .F. ) ;
#1845 =( GEOMETRIC_REPRESENTATION_CONTEXT ( 3 ) GLOBAL_UNCERTAINTY_ASSIGNED_CONTEXT ( ( #159 ) ) GLOBAL_UNIT_ASSIGNED_CONTEXT ( ( #5211, #5718, #4870 ) ) REPRESENTATION_CONTEXT ( 'NONE', 'WORKASPACE' ) );
#1846 = ORIENTED_EDGE ( 'NONE', *, *, #4734, .F. ) ;
#1847 = SURFACE_SIDE_STYLE ('',( #3586 ) ) ;
#1848 = EDGE_CURVE ( 'NONE', #5413, #718, #1084, .T. ) ;
#1849 = CARTESIAN_POINT ( 'NONE',  ( -3.926266983640551267, -1.626938097523737525, 0.7999999999999856115 ) ) ;
#1850 = SURFACE_SIDE_STYLE ('',( #2706 ) ) ;
#1851 = CARTESIAN_POINT ( 'NONE',  ( -1.324930242388207002, -2.784012062341632454, -6.000000000000007994 ) ) ;
#1852 = VERTEX_POINT ( 'NONE', #4356 ) ;
#1853 = UNCERTAINTY_MEASURE_WITH_UNIT (LENGTH_MEASURE( 1.000000000000000082E-05 ), #2040, 'distance_accuracy_value', 'NONE');
#1854 = CARTESIAN_POINT ( 'NONE',  ( -3.418161844581204090, -1.416393167255967089, 6.199999999999987743 ) ) ;
#1855 = FILL_AREA_STYLE ('',( #649 ) ) ;
#1856 = FILL_AREA_STYLE ('',( #4990 ) ) ;
#1857 = EDGE_LOOP ( 'NONE', ( #3686, #3757, #2540, #4953 ) ) ;
#1858 = DIRECTION ( 'NONE',  ( -0.9238275255624818216, -0.3828089641232322871, -3.491481338843132961E-15 ) ) ;
#1859 = FILL_AREA_STYLE ('',( #4470 ) ) ;
#1860 = EDGE_CURVE ( 'NONE', #2341, #4992, #987, .T. ) ;
#1861 = DIRECTION ( 'NONE',  ( -0.9771881260227710531, -0.2123755314533780914, -3.589083053745116929E-15 ) ) ;
#1862 = ORIENTED_EDGE ( 'NONE', *, *, #4355, .F. ) ;
#1863 = SURFACE_SIDE_STYLE ('',( #3642 ) ) ;
#1864 = SURFACE_STYLE_USAGE ( .BOTH. , #1805 ) ;
#1865 = COLOUR_RGB ( '',0.8509803921568627194, 0.8509803921568627194, 0.8509803921568627194 ) ;
#1866 = MANIFOLD_SOLID_BREP ( '实体-移动/复制3[7]', #4603 ) ;
#1867 = ORIENTED_EDGE ( 'NONE', *, *, #2240, .F. ) ;
#1868 = SURFACE_STYLE_USAGE ( .BOTH. , #2306 ) ;
#1869 = FILL_AREA_STYLE_COLOUR ( '', #4874 ) ;
#1870 = PRESENTATION_LAYER_ASSIGNMENT (  '', '', ( #1326 ) ) ;
#1871 = VECTOR ( 'NONE', #1825, 1000.000000000000000 ) ;
#1872 = DIRECTION ( 'NONE',  ( -3.225526565811033815E-15, -1.336570354578135212E-15, 1.000000000000000000 ) ) ;
#1873 = FILL_AREA_STYLE_COLOUR ( '', #1540 ) ;
#1874 = ORIENTED_EDGE ( 'NONE', *, *, #2409, .T. ) ;
#1875 = PRESENTATION_STYLE_ASSIGNMENT (( #981 ) ) ;
#1876 = CARTESIAN_POINT ( 'NONE',  ( -0.7544667453533989709, -2.547627526995547065, 1.687499999999994671 ) ) ;
#1877 = ORIENTED_EDGE ( 'NONE', *, *, #4404, .T. ) ;
#1878 = ADVANCED_FACE ( 'NONE', ( #3657 ), #3547, .F. ) ;
#1879 = DIRECTION ( 'NONE',  ( 0.9238275255624819327, 0.3828089641232318430, 3.523657060577889411E-15 ) ) ;
#1880 = FILL_AREA_STYLE ('',( #4529 ) ) ;
#1881 = ADVANCED_FACE ( 'NONE', ( #970 ), #3952, .F. ) ;
#1882 = SURFACE_SIDE_STYLE ('',( #4156 ) ) ;
#1883 = MANIFOLD_SOLID_BREP ( '实体-移动/复制3[4]', #56 ) ;
#1884 = UNCERTAINTY_MEASURE_WITH_UNIT (LENGTH_MEASURE( 1.000000000000000082E-05 ), #1721, 'distance_accuracy_value', 'NONE');
#1885 = DIRECTION ( 'NONE',  ( -0.9238275255624819327, -0.3828089641232320650, -3.491481338843134539E-15 ) ) ;
#1886 = SURFACE_SIDE_STYLE ('',( #105 ) ) ;
#1887 =( LENGTH_UNIT ( ) NAMED_UNIT ( * ) SI_UNIT ( .MILLI., .METRE. ) );
#1888 = FILL_AREA_STYLE ('',( #2881 ) ) ;
#1889 = EDGE_CURVE ( 'NONE', #4148, #1153, #2546, .T. ) ;
#1890 = LINE ( 'NONE', #3656, #4751 ) ;
#1891 = PRODUCT_DEFINITION_SHAPE ( 'NONE', 'NONE',  #3555 ) ;
#1892 = DIRECTION ( 'NONE',  ( 3.225526565811033815E-15, 1.336570354578135212E-15, -1.000000000000000000 ) ) ;
#1893 =( LENGTH_UNIT ( ) NAMED_UNIT ( * ) SI_UNIT ( .MILLI., .METRE. ) );
#1894 = DIRECTION ( 'NONE',  ( 3.225526565811033815E-15, 1.336570354578135212E-15, -1.000000000000000000 ) ) ;
#1895 = VERTEX_POINT ( 'NONE', #3894 ) ;
#1896 = DIRECTION ( 'NONE',  ( -3.225526565811033815E-15, -1.336570354578135212E-15, 1.000000000000000000 ) ) ;
#1897 = PRESENTATION_STYLE_ASSIGNMENT (( #4083 ) ) ;
#1898 = DIRECTION ( 'NONE',  ( 3.225526565811033815E-15, 1.336570354578135212E-15, -1.000000000000000000 ) ) ;
#1899 = ORIENTED_EDGE ( 'NONE', *, *, #5071, .T. ) ;
#1900 = AXIS2_PLACEMENT_3D ( 'NONE', #4323, #3899, #826 ) ;
#1901 = CARTESIAN_POINT ( 'NONE',  ( -1.117069049136672154, -2.697880045413915351, 1.519999999999993578 ) ) ;
#1902 = UNCERTAINTY_MEASURE_WITH_UNIT (LENGTH_MEASURE( 1.000000000000000082E-05 ), #401, 'distance_accuracy_value', 'NONE');
#1903 = COLOUR_RGB ( '',0.2235294117647058654, 0.2235294117647058654, 0.2235294117647058654 ) ;
#1904 = FILL_AREA_STYLE_COLOUR ( '', #5599 ) ;
#1905 = ADVANCED_FACE ( 'NONE', ( #359 ), #2088, .F. ) ;
#1906 = FACE_OUTER_BOUND ( 'NONE', #3776, .T. ) ;
#1907 = CARTESIAN_POINT ( 'NONE',  ( 0.1993561046226618172, 5.130027135551841866, 0.4000000000000080158 ) ) ;
#1908 = SURFACE_STYLE_USAGE ( .BOTH. , #3204 ) ;
#1909 = AXIS2_PLACEMENT_3D ( 'NONE', #4549, #4005, #3088 ) ;
#1910 = AXIS2_PLACEMENT_3D ( 'NONE', #4264, #3889, #4780 ) ;
#1911 = EDGE_CURVE ( 'NONE', #1072, #1988, #2840, .T. ) ;
#1912 = DIRECTION ( 'NONE',  ( 3.225526565811033815E-15, 1.336570354578135212E-15, -1.000000000000000000 ) ) ;
#1913 = DIRECTION ( 'NONE',  ( -0.9238275255624819327, -0.3828089641232320095, -3.491481338843133750E-15 ) ) ;
#1914 = CARTESIAN_POINT ( 'NONE',  ( -3.972458359918675352, -1.646078545729898757, 0.6499999999999857003 ) ) ;
#1915 = PRESENTATION_STYLE_ASSIGNMENT (( #3989 ) ) ;
#1916 = STYLED_ITEM ( 'NONE', ( #5081 ), #435 ) ;
#1917 =( GEOMETRIC_REPRESENTATION_CONTEXT ( 3 ) GLOBAL_UNCERTAINTY_ASSIGNED_CONTEXT ( ( #3269 ) ) GLOBAL_UNIT_ASSIGNED_CONTEXT ( ( #3717, #2408, #2814 ) ) REPRESENTATION_CONTEXT ( 'NONE', 'WORKASPACE' ) );
#1918 = STYLED_ITEM ( 'NONE', ( #1244 ), #3111 ) ;
#1919 = CIRCLE ( 'NONE', #1556, 2.500000000000000888 ) ;
#1920 = VERTEX_POINT ( 'NONE', #3919 ) ;
#1921 = CARTESIAN_POINT ( 'NONE',  ( -2.403877944520202314E-14, -9.961015453184009383E-15, 7.350125019537000703 ) ) ;
#1922 = AXIS2_PLACEMENT_3D ( 'NONE', #294, #800, #2582 ) ;
#1923 = DIRECTION ( 'NONE',  ( -0.9238275255624818216, -0.3828089641232322871, -6.195440985631453345E-15 ) ) ;
#1924 = PRESENTATION_LAYER_ASSIGNMENT (  '', '', ( #2562 ) ) ;
#1925 = DIRECTION ( 'NONE',  ( 3.225526565811032632E-15, 1.336570354578134620E-15, -1.000000000000000000 ) ) ;
#1926 = EDGE_LOOP ( 'NONE', ( #2311, #3017 ) ) ;
#1927 = STYLED_ITEM ( 'NONE', ( #2413 ), #929 ) ;
#1928 = ORIENTED_EDGE ( 'NONE', *, *, #859, .T. ) ;
#1929 = MECHANICAL_DESIGN_GEOMETRIC_PRESENTATION_REPRESENTATION (  '', ( #4253 ), #3506 ) ;
#1930 =( GEOMETRIC_REPRESENTATION_CONTEXT ( 3 ) GLOBAL_UNCERTAINTY_ASSIGNED_CONTEXT ( ( #4379 ) ) GLOBAL_UNIT_ASSIGNED_CONTEXT ( ( #715, #4210, #4246 ) ) REPRESENTATION_CONTEXT ( 'NONE', 'WORKASPACE' ) );
#1931 = ORIENTED_EDGE ( 'NONE', *, *, #2153, .F. ) ;
#1932 =( NAMED_UNIT ( * ) PLANE_ANGLE_UNIT ( ) SI_UNIT ( $, .RADIAN. ) );
#1933 = EDGE_CURVE ( 'NONE', #4970, #3896, #4371, .T. ) ;
#1934 = FILL_AREA_STYLE ('',( #1561 ) ) ;
#1935 =( LENGTH_UNIT ( ) NAMED_UNIT ( * ) SI_UNIT ( .MILLI., .METRE. ) );
#1936 = STYLED_ITEM ( 'NONE', ( #3830 ), #5307 ) ;
#1937 = AXIS2_PLACEMENT_3D ( 'NONE', #3672, #3235, #5009 ) ;
#1938 = ORIENTED_EDGE ( 'NONE', *, *, #3508, .T. ) ;
#1939 = PLANE ( 'NONE',  #1016 ) ;
#1940 = STYLED_ITEM ( 'NONE', ( #5492 ), #5443 ) ;
#1941 =( NAMED_UNIT ( * ) PLANE_ANGLE_UNIT ( ) SI_UNIT ( $, .RADIAN. ) );
#1942 = ORIENTED_EDGE ( 'NONE', *, *, #3871, .F. ) ;
#1943 = PRESENTATION_STYLE_ASSIGNMENT (( #606 ) ) ;
#1944 = ORIENTED_EDGE ( 'NONE', *, *, #4943, .T. ) ;
#1945 = FACE_OUTER_BOUND ( 'NONE', #2168, .T. ) ;
#1946 = DIRECTION ( 'NONE',  ( 0.6104445828554113662, 0.1326699427206631254, 0.7808688094430323856 ) ) ;
#1947 = SURFACE_SIDE_STYLE ('',( #5470 ) ) ;
#1948 = CARTESIAN_POINT ( 'NONE',  ( 0.1993561046226618172, 5.130027135551841866, 0.4000000000000080158 ) ) ;
#1949 = ADVANCED_FACE ( 'NONE', ( #2077 ), #5661, .F. ) ;
#1950 = ORIENTED_EDGE ( 'NONE', *, *, #4069, .F. ) ;
#1951 = UNCERTAINTY_MEASURE_WITH_UNIT (LENGTH_MEASURE( 1.000000000000000082E-05 ), #310, 'distance_accuracy_value', 'NONE');
#1952 = DIRECTION ( 'NONE',  ( -3.225526565811033815E-15, -1.336570354578135212E-15, 1.000000000000000000 ) ) ;
#1953 = FACE_OUTER_BOUND ( 'NONE', #4820, .T. ) ;
#1954 = CARTESIAN_POINT ( 'NONE',  ( -1.749436966043172115, 4.221891791820542750, 0.4000000000000001887 ) ) ;
#1955 = DIRECTION ( 'NONE',  ( -3.225526565811033815E-15, -1.336570354578135212E-15, 1.000000000000000000 ) ) ;
#1956 = PRESENTATION_STYLE_ASSIGNMENT (( #150 ) ) ;
#1957 =( GEOMETRIC_REPRESENTATION_CONTEXT ( 3 ) GLOBAL_UNCERTAINTY_ASSIGNED_CONTEXT ( ( #2575 ) ) GLOBAL_UNIT_ASSIGNED_CONTEXT ( ( #4383, #1323, #1641 ) ) REPRESENTATION_CONTEXT ( 'NONE', 'WORKASPACE' ) );
#1958 = CARTESIAN_POINT ( 'NONE',  ( -0.5964329240859180814, 4.723823250774667137, 0.4000000000000045186 ) ) ;
#1959 = SURFACE_STYLE_USAGE ( .BOTH. , #114 ) ;
#1960 =( LENGTH_UNIT ( ) NAMED_UNIT ( * ) SI_UNIT ( .MILLI., .METRE. ) );
#1961 = EDGE_LOOP ( 'NONE', ( #5173, #3006, #5553, #4081 ) ) ;
#1962 = CIRCLE ( 'NONE', #192, 2.900000000000000799 ) ;
#1963 = EDGE_CURVE ( 'NONE', #1254, #4510, #4963, .T. ) ;
#1964 = UNCERTAINTY_MEASURE_WITH_UNIT (LENGTH_MEASURE( 1.000000000000000082E-05 ), #4301, 'distance_accuracy_value', 'NONE');
#1965 = VERTEX_POINT ( 'NONE', #3121 ) ;
#1966 = DIRECTION ( 'NONE',  ( 3.225526565811033815E-15, 1.336570354578135212E-15, -1.000000000000000000 ) ) ;
#1967 = MECHANICAL_DESIGN_GEOMETRIC_PRESENTATION_REPRESENTATION (  '', ( #1232 ), #773 ) ;
#1968 = DIRECTION ( 'NONE',  ( -0.9238275255624820437, -0.3828089641232313989, 0.000000000000000000 ) ) ;
#1969 = DIRECTION ( 'NONE',  ( 0.9238275255624820437, 0.3828089641232313989, 3.854941057726237900E-15 ) ) ;
#1970 = PRESENTATION_STYLE_ASSIGNMENT (( #1908 ) ) ;
#1971 = DIRECTION ( 'NONE',  ( 0.9238275255624821547, 0.3828089641232312879, 3.493540333564401642E-15 ) ) ;
#1972 = STYLED_ITEM ( 'NONE', ( #2135 ), #4158 ) ;
#1973 = FACE_OUTER_BOUND ( 'NONE', #116, .T. ) ;
#1974 = CARTESIAN_POINT ( 'NONE',  ( 3.704548377508323220, 1.535063946135308832, 0.6000000000000137446 ) ) ;
#1975 = VECTOR ( 'NONE', #692, 1000.000000000000000 ) ;
#1976 = ORIENTED_EDGE ( 'NONE', *, *, #2589, .T. ) ;
#1977 = SURFACE_STYLE_USAGE ( .BOTH. , #3156 ) ;
#1978 = DIRECTION ( 'NONE',  ( 3.225526565811032632E-15, 1.336570354578134620E-15, -1.000000000000000000 ) ) ;
#1979 = EDGE_CURVE ( 'NONE', #3741, #2825, #895, .T. ) ;
#1980 = DIRECTION ( 'NONE',  ( -3.225526565811033815E-15, -1.336570354578135212E-15, 1.000000000000000000 ) ) ;
#1981 = DIRECTION ( 'NONE',  ( 3.225526565811033815E-15, 1.336570354578135212E-15, -1.000000000000000000 ) ) ;
#1982 = ORIENTED_EDGE ( 'NONE', *, *, #804, .F. ) ;
#1983 =( NAMED_UNIT ( * ) PLANE_ANGLE_UNIT ( ) SI_UNIT ( $, .RADIAN. ) );
#1984 = ORIENTED_EDGE ( 'NONE', *, *, #3343, .T. ) ;
#1985 = CARTESIAN_POINT ( 'NONE',  ( 2.833845565466011074, 0.6158890412147857152, 7.850125019537010473 ) ) ;
#1986 = EDGE_CURVE ( 'NONE', #1808, #2568, #5312, .T. ) ;
#1987 = PLANE ( 'NONE',  #5305 ) ;
#1988 = VERTEX_POINT ( 'NONE', #3564 ) ;
#1989 = CYLINDRICAL_SURFACE ( 'NONE', #1654, 0.2250000000000000888 ) ;
#1990 =( LENGTH_UNIT ( ) NAMED_UNIT ( * ) SI_UNIT ( .MILLI., .METRE. ) );
#1991 = PRESENTATION_LAYER_ASSIGNMENT (  '', '', ( #504 ) ) ;
#1992 = AXIS2_PLACEMENT_3D ( 'NONE', #4461, #480, #3167 ) ;
#1993 = AXIS2_PLACEMENT_3D ( 'NONE', #557, #680, #1629 ) ;
#1994 = ADVANCED_FACE ( 'NONE', ( #1824 ), #2180, .T. ) ;
#1995 = AXIS2_PLACEMENT_3D ( 'NONE', #27, #1364, #76 ) ;
#1996 = DIRECTION ( 'NONE',  ( 3.225526565811033815E-15, 1.336570354578135212E-15, -1.000000000000000000 ) ) ;
#1997 = SURFACE_SIDE_STYLE ('',( #3806 ) ) ;
#1998 = DIRECTION ( 'NONE',  ( -0.9238275255624818216, -0.3828089641232322871, -6.195440985631453345E-15 ) ) ;
#1999 = ORIENTED_EDGE ( 'NONE', *, *, #4894, .F. ) ;
#2000 = UNCERTAINTY_MEASURE_WITH_UNIT (LENGTH_MEASURE( 1.000000000000000082E-05 ), #4707, 'distance_accuracy_value', 'NONE');
#2001 = VECTOR ( 'NONE', #2782, 1000.000000000000000 ) ;
#2002 = FACE_BOUND ( 'NONE', #4830, .T. ) ;
#2003 =( LENGTH_UNIT ( ) NAMED_UNIT ( * ) SI_UNIT ( .MILLI., .METRE. ) );
#2004 = DIRECTION ( 'NONE',  ( 3.225526565811033815E-15, 1.336570354578135212E-15, -1.000000000000000000 ) ) ;
#2005 = AXIS2_PLACEMENT_3D ( 'NONE', #832, #4746, #2527 ) ;
#2006 = DIRECTION ( 'NONE',  ( -0.6532447079719710947, -0.2706868144305151769, -0.7071067811865999753 ) ) ;
#2007 = CARTESIAN_POINT ( 'NONE',  ( 1.117802175242629259, -2.697576374641290631, -6.000000000000000000 ) ) ;
#2008 = AXIS2_PLACEMENT_3D ( 'NONE', #3787, #5136, #4256 ) ;
#2009 = LINE ( 'NONE', #3784, #797 ) ;
#2010 = PRESENTATION_LAYER_ASSIGNMENT (  '', '', ( #3758 ) ) ;
#2011 = COLOUR_RGB ( '',0.2235294117647058654, 0.2235294117647058654, 0.2235294117647058654 ) ;
#2012 = VERTEX_POINT ( 'NONE', #1342 ) ;
#2013 = CARTESIAN_POINT ( 'NONE',  ( -0.3992967299913841028, 5.128555358207676385, 6.071532165918824830E-15 ) ) ;
#2014 = AXIS2_PLACEMENT_3D ( 'NONE', #4640, #1650, #1621 ) ;
#2015 =( NAMED_UNIT ( * ) SI_UNIT ( $, .STERADIAN. ) SOLID_ANGLE_UNIT ( ) );
#2016 = CARTESIAN_POINT ( 'NONE',  ( 2.681042192326089262E-12, 1.111185580040499687E-12, 28.41036291266999569 ) ) ;
#2017 = MECHANICAL_DESIGN_GEOMETRIC_PRESENTATION_REPRESENTATION (  '', ( #1927 ), #4063 ) ;
#2018 = ORIENTED_EDGE ( 'NONE', *, *, #4859, .F. ) ;
#2019 = AXIS2_PLACEMENT_3D ( 'NONE', #2944, #4750, #5648 ) ;
#2020 =( GEOMETRIC_REPRESENTATION_CONTEXT ( 3 ) GLOBAL_UNCERTAINTY_ASSIGNED_CONTEXT ( ( #1110 ) ) GLOBAL_UNIT_ASSIGNED_CONTEXT ( ( #3865, #3809, #5566 ) ) REPRESENTATION_CONTEXT ( 'NONE', 'WORKASPACE' ) );
#2021 = STYLED_ITEM ( 'NONE', ( #5425 ), #3001 ) ;
#2022 = SURFACE_SIDE_STYLE ('',( #5576 ) ) ;
#2023 = EDGE_CURVE ( 'NONE', #4401, #198, #5291, .T. ) ;
#2024 = PRESENTATION_LAYER_ASSIGNMENT (  '', '', ( #3785 ) ) ;
#2025 = DIRECTION ( 'NONE',  ( 0.9771881260227711641, 0.2123755314533780636, 3.352122658892379771E-15 ) ) ;
#2026 = AXIS2_PLACEMENT_3D ( 'NONE', #3716, #1542, #5078 ) ;
#2027 = PRESENTATION_STYLE_ASSIGNMENT (( #1663 ) ) ;
#2028 = DIRECTION ( 'NONE',  ( 3.225526565811033815E-15, 1.336570354578135212E-15, -1.000000000000000000 ) ) ;
#2029 =( LENGTH_UNIT ( ) NAMED_UNIT ( * ) SI_UNIT ( .MILLI., .METRE. ) );
#2030 =( NAMED_UNIT ( * ) SI_UNIT ( $, .STERADIAN. ) SOLID_ANGLE_UNIT ( ) );
#2031 = CARTESIAN_POINT ( 'NONE',  ( -1.117802175237065043, 2.697576374643596342, 0.000000000000000000 ) ) ;
#2032 = EDGE_LOOP ( 'NONE', ( #5450, #2486, #2752, #220 ) ) ;
#2033 = ADVANCED_FACE ( 'NONE', ( #4868 ), #132, .T. ) ;
#2034 = DIRECTION ( 'NONE',  ( 0.9238275255624821547, 0.3828089641232312879, 3.854941057726236322E-15 ) ) ;
#2035 = FILL_AREA_STYLE ('',( #1617 ) ) ;
#2036 = FILL_AREA_STYLE_COLOUR ( '', #1096 ) ;
#2037 = LINE ( 'NONE', #5571, #1644 ) ;
#2038 = FACE_OUTER_BOUND ( 'NONE', #306, .T. ) ;
#2039 = SURFACE_STYLE_FILL_AREA ( #2473 ) ;
#2040 =( LENGTH_UNIT ( ) NAMED_UNIT ( * ) SI_UNIT ( .MILLI., .METRE. ) );
#2041 = EDGE_LOOP ( 'NONE', ( #5563, #1846, #3554, #2522 ) ) ;
#2042 =( NAMED_UNIT ( * ) SI_UNIT ( $, .STERADIAN. ) SOLID_ANGLE_UNIT ( ) );
#2043 = SURFACE_SIDE_STYLE ('',( #3057 ) ) ;
#2044 = EDGE_CURVE ( 'NONE', #1818, #4645, #719, .T. ) ;
#2045 = AXIS2_PLACEMENT_3D ( 'NONE', #1759, #3015, #399 ) ;
#2046 = DIRECTION ( 'NONE',  ( -3.225526565811033815E-15, -1.336570354578135212E-15, 1.000000000000000000 ) ) ;
#2047 = CIRCLE ( 'NONE', #4926, 4.640977122702000912 ) ;
#2048 = CIRCLE ( 'NONE', #678, 0.2250000000000000888 ) ;
#2049 = SURFACE_STYLE_FILL_AREA ( #214 ) ;
#2050 = DIRECTION ( 'NONE',  ( 0.9238275255624821547, 0.3828089641232312879, 3.854941057726236322E-15 ) ) ;
#2051 = CARTESIAN_POINT ( 'NONE',  ( -4.535107737447755305, -0.9856299828968214660, 10.75000095476998396 ) ) ;
#2052 = EDGE_CURVE ( 'NONE', #4303, #4382, #119, .T. ) ;
#2053 = DIRECTION ( 'NONE',  ( -3.225526565811033815E-15, -1.336570354578135212E-15, 1.000000000000000000 ) ) ;
#2054 = ORIENTED_EDGE ( 'NONE', *, *, #2480, .T. ) ;
#2055 =( GEOMETRIC_REPRESENTATION_CONTEXT ( 3 ) GLOBAL_UNCERTAINTY_ASSIGNED_CONTEXT ( ( #5488 ) ) GLOBAL_UNIT_ASSIGNED_CONTEXT ( ( #1040, #3195, #4176 ) ) REPRESENTATION_CONTEXT ( 'NONE', 'WORKASPACE' ) );
#2056 = DIRECTION ( 'NONE',  ( -3.225526565811033815E-15, -1.336570354578135212E-15, 1.000000000000000000 ) ) ;
#2057 = UNCERTAINTY_MEASURE_WITH_UNIT (LENGTH_MEASURE( 1.000000000000000082E-05 ), #2351, 'distance_accuracy_value', 'NONE');
#2058 = COLOUR_RGB ( '',0.9686274509803921573, 0.8784313725490195957, 0.5999999999999999778 ) ;
#2059 = SURFACE_STYLE_FILL_AREA ( #4249 ) ;
#2060 = EDGE_LOOP ( 'NONE', ( #5055, #2747 ) ) ;
#2061 = ADVANCED_FACE ( 'NONE', ( #245 ), #4046, .F. ) ;
#2062 = LINE ( 'NONE', #2386, #5284 ) ;
#2063 = DIRECTION ( 'NONE',  ( 0.9999999193074891046, 0.0004017275384788145413, 3.252606517456512119E-15 ) ) ;
#2064 = SURFACE_SIDE_STYLE ('',( #4279 ) ) ;
#2065 = FILL_AREA_STYLE ('',( #4358 ) ) ;
#2066 = CARTESIAN_POINT ( 'NONE',  ( -1.487333185462057505, 2.544452788994304715, -0.2031250000000001665 ) ) ;
#2067 = DIRECTION ( 'NONE',  ( 0.9771881260227711641, 0.2123755314533780914, 3.469446951953613006E-15 ) ) ;
#2068 = EDGE_CURVE ( 'NONE', #5638, #3078, #1158, .T. ) ;
#2069 = DIRECTION ( 'NONE',  ( -0.3828089641232319540, 0.9238275255624818216, 0.000000000000000000 ) ) ;
#2070 = ORIENTED_EDGE ( 'NONE', *, *, #5045, .F. ) ;
#2071 =( GEOMETRIC_REPRESENTATION_CONTEXT ( 3 ) GLOBAL_UNCERTAINTY_ASSIGNED_CONTEXT ( ( #489 ) ) GLOBAL_UNIT_ASSIGNED_CONTEXT ( ( #1598, #5094, #4666 ) ) REPRESENTATION_CONTEXT ( 'NONE', 'WORKASPACE' ) );
#2072 = SURFACE_SIDE_STYLE ('',( #843 ) ) ;
#2073 = ORIENTED_EDGE ( 'NONE', *, *, #5071, .F. ) ;
#2074 =( NAMED_UNIT ( * ) PLANE_ANGLE_UNIT ( ) SI_UNIT ( $, .RADIAN. ) );
#2075 = ORIENTED_EDGE ( 'NONE', *, *, #5559, .F. ) ;
#2076 = SURFACE_SIDE_STYLE ('',( #4292 ) ) ;
#2077 = FACE_OUTER_BOUND ( 'NONE', #3022, .T. ) ;
#2078 = CARTESIAN_POINT ( 'NONE',  ( -1.117069049136647951, -2.697880045413905581, -6.000000000000007105 ) ) ;
#2079 = VERTEX_POINT ( 'NONE', #2924 ) ;
#2080 = ORIENTED_EDGE ( 'NONE', *, *, #4576, .T. ) ;
#2081 = AXIS2_PLACEMENT_3D ( 'NONE', #833, #2992, #5669 ) ;
#2082 = EDGE_CURVE ( 'NONE', #2202, #2772, #1175, .T. ) ;
#2083 = STYLED_ITEM ( 'NONE', ( #5187 ), #3173 ) ;
#2084 = DIRECTION ( 'NONE',  ( 4.336808689942017736E-15, 1.084202172485504434E-15, -1.000000000000000000 ) ) ;
#2085 = CARTESIAN_POINT ( 'NONE',  ( 1.325663368494187422, -2.611444357713563758, -5.999999999999999112 ) ) ;
#2086 =( NAMED_UNIT ( * ) SI_UNIT ( $, .STERADIAN. ) SOLID_ANGLE_UNIT ( ) );
#2087 = ORIENTED_EDGE ( 'NONE', *, *, #2425, .F. ) ;
#2088 = CONICAL_SURFACE ( 'NONE', #4507, 2.700000000000000622, 0.6747409422234239562 ) ;
#2089 = PRESENTATION_LAYER_ASSIGNMENT (  '', '', ( #4877 ) ) ;
#2090 = DIRECTION ( 'NONE',  ( -3.225526565811033815E-15, -1.336570354578135212E-15, 1.000000000000000000 ) ) ;
#2091 = MECHANICAL_DESIGN_GEOMETRIC_PRESENTATION_REPRESENTATION (  '', ( #4051 ), #1548 ) ;
#2092 = CARTESIAN_POINT ( 'NONE',  ( -2.403877944520202314E-14, -9.961015453184009383E-15, 7.350125019537000703 ) ) ;
#2093 = PRESENTATION_LAYER_ASSIGNMENT (  '', '', ( #1647 ) ) ;
#2094 = CARTESIAN_POINT ( 'NONE',  ( -3.556735973415575902, -1.473814511874451894, 6.149999999999986144 ) ) ;
#2095 = CIRCLE ( 'NONE', #3953, 4.250000000000000888 ) ;
#2096 = VERTEX_POINT ( 'NONE', #3357 ) ;
#2097 = CIRCLE ( 'NONE', #326, 3.810000000000000497 ) ;
#2098 = DIRECTION ( 'NONE',  ( -3.225526565811033815E-15, -1.336570354578135212E-15, 1.000000000000000000 ) ) ;
#2099 = ORIENTED_EDGE ( 'NONE', *, *, #3829, .T. ) ;
#2100 = VECTOR ( 'NONE', #148, 1000.000000000000000 ) ;
#2101 = AXIS2_PLACEMENT_3D ( 'NONE', #3264, #4547, #578 ) ;
#2102 = PRESENTATION_LAYER_ASSIGNMENT (  '', '', ( #3869 ) ) ;
#2103 = EDGE_CURVE ( 'NONE', #1356, #55, #4784, .T. ) ;
#2104 = DIRECTION ( 'NONE',  ( -3.225526565811033815E-15, -1.336570354578135212E-15, 1.000000000000000000 ) ) ;
#2105 = PRESENTATION_LAYER_ASSIGNMENT (  '', '', ( #2857 ) ) ;
#2106 = PLANE ( 'NONE',  #1910 ) ;
#2107 = AXIS2_PLACEMENT_3D ( 'NONE', #177, #2864, #2886 ) ;
#2108 = FACE_BOUND ( 'NONE', #3285, .T. ) ;
#2109 = AXIS2_PLACEMENT_3D ( 'NONE', #3275, #1122, #3658 ) ;
#2110 = STYLED_ITEM ( 'NONE', ( #3368 ), #5574 ) ;
#2111 = SURFACE_STYLE_USAGE ( .BOTH. , #2506 ) ;
#2112 = MECHANICAL_DESIGN_GEOMETRIC_PRESENTATION_REPRESENTATION (  '', ( #5426 ), #4578 ) ;
#2113 = PRESENTATION_LAYER_ASSIGNMENT (  '', '', ( #647 ) ) ;
#2114 = AXIS2_PLACEMENT_3D ( 'NONE', #1203, #221, #343 ) ;
#2115 = MECHANICAL_DESIGN_GEOMETRIC_PRESENTATION_REPRESENTATION (  '', ( #1385 ), #3220 ) ;
#2116 = MECHANICAL_DESIGN_GEOMETRIC_PRESENTATION_REPRESENTATION (  '', ( #3320 ), #4248 ) ;
#2117 =( NAMED_UNIT ( * ) SI_UNIT ( $, .STERADIAN. ) SOLID_ANGLE_UNIT ( ) );
#2118 = ORIENTED_EDGE ( 'NONE', *, *, #4040, .T. ) ;
#2119 = STYLED_ITEM ( 'NONE', ( #2535 ), #5399 ) ;
#2120 = COLOUR_RGB ( '',0.9686274509803921573, 0.8784313725490195957, 0.5999999999999999778 ) ;
#2121 = ORIENTED_EDGE ( 'NONE', *, *, #4448, .T. ) ;
#2122 = ORIENTED_EDGE ( 'NONE', *, *, #5340, .T. ) ;
#2123 = SURFACE_STYLE_USAGE ( .BOTH. , #1229 ) ;
#2124 = CIRCLE ( 'NONE', #1196, 0.2000000000000000944 ) ;
#2125 = ORIENTED_EDGE ( 'NONE', *, *, #4291, .F. ) ;
#2126 =( NAMED_UNIT ( * ) SI_UNIT ( $, .STERADIAN. ) SOLID_ANGLE_UNIT ( ) );
#2127 = DIRECTION ( 'NONE',  ( -0.9238275255624818216, -0.3828089641232322871, -3.491481338843132172E-15 ) ) ;
#2128 = SURFACE_STYLE_USAGE ( .BOTH. , #3013 ) ;
#2129 =( LENGTH_UNIT ( ) NAMED_UNIT ( * ) SI_UNIT ( .MILLI., .METRE. ) );
#2130 = ORIENTED_EDGE ( 'NONE', *, *, #1433, .F. ) ;
#2131 = EDGE_CURVE ( 'NONE', #5638, #4595, #2368, .T. ) ;
#2132 = LINE ( 'NONE', #3460, #338 ) ;
#2133 = ORIENTED_EDGE ( 'NONE', *, *, #1500, .T. ) ;
#2134 = CARTESIAN_POINT ( 'NONE',  ( -3.205170592693602901E-15, -1.328135393757867865E-15, 0.7499999999999997780 ) ) ;
#2135 = PRESENTATION_STYLE_ASSIGNMENT (( #3106 ) ) ;
#2136 = ORIENTED_EDGE ( 'NONE', *, *, #3936, .T. ) ;
#2137 =( LENGTH_UNIT ( ) NAMED_UNIT ( * ) SI_UNIT ( .MILLI., .METRE. ) );
#2138 = DIRECTION ( 'NONE',  ( -0.9238275255624820437, -0.3828089641232313989, -3.493540333564403220E-15 ) ) ;
#2139 = CARTESIAN_POINT ( 'NONE',  ( -1.117802175237065265, 2.697576374643597230, -0.09999999999999939493 ) ) ;
#2140 = MECHANICAL_DESIGN_GEOMETRIC_PRESENTATION_REPRESENTATION (  '', ( #4088 ), #1696 ) ;
#2141 = SURFACE_SIDE_STYLE ('',( #3850 ) ) ;
#2142 = PRESENTATION_STYLE_ASSIGNMENT (( #3509 ) ) ;
#2143 = ORIENTED_EDGE ( 'NONE', *, *, #2472, .T. ) ;
#2144 = PRESENTATION_LAYER_ASSIGNMENT (  '', '', ( #4655 ) ) ;
#2145 = AXIS2_PLACEMENT_3D ( 'NONE', #963, #3630, #5379 ) ;
#2146 = EDGE_LOOP ( 'NONE', ( #3007, #3583, #1928, #2727, #1784, #914, #5374, #3868, #4351, #2869, #2602 ) ) ;
#2147 = DIRECTION ( 'NONE',  ( -3.225526565811033815E-15, -1.336570354578135212E-15, 1.000000000000000000 ) ) ;
#2148 = PRESENTATION_STYLE_ASSIGNMENT (( #1680 ) ) ;
#2149 = AXIS2_PLACEMENT_3D ( 'NONE', #4230, #248, #3799 ) ;
#2150 = VERTEX_POINT ( 'NONE', #5066 ) ;
#2151 = AXIS2_PLACEMENT_3D ( 'NONE', #5030, #4944, #472 ) ;
#2152 = SURFACE_SIDE_STYLE ('',( #466 ) ) ;
#2153 = EDGE_CURVE ( 'NONE', #4708, #2244, #226, .T. ) ;
#2154 = SURFACE_STYLE_FILL_AREA ( #2065 ) ;
#2155 = ORIENTED_EDGE ( 'NONE', *, *, #2262, .F. ) ;
#2156 = DIRECTION ( 'NONE',  ( -3.225526565811033815E-15, -1.336570354578135212E-15, 1.000000000000000000 ) ) ;
#2157 = ADVANCED_FACE ( 'NONE', ( #5011 ), #417, .F. ) ;
#2158 = LINE ( 'NONE', #1739, #5150 ) ;
#2159 = DIRECTION ( 'NONE',  ( 0.9238275255624818216, 0.3828089641232319540, 3.490602116294793666E-15 ) ) ;
#2160 = CARTESIAN_POINT ( 'NONE',  ( 0.9092078558915726028, 2.611748028488864559, 1.520000000000007567 ) ) ;
#2161 = SURFACE_STYLE_USAGE ( .BOTH. , #4821 ) ;
#2162 = PRESENTATION_STYLE_ASSIGNMENT (( #4372 ) ) ;
#2163 = SURFACE_STYLE_USAGE ( .BOTH. , #4928 ) ;
#2164 = SURFACE_SIDE_STYLE ('',( #418 ) ) ;
#2165 = DIRECTION ( 'NONE',  ( -0.9238275255624820437, -0.3828089641232313989, -3.493540333564403220E-15 ) ) ;
#2166 = ORIENTED_EDGE ( 'NONE', *, *, #4584, .F. ) ;
#2167 = ADVANCED_FACE ( 'NONE', ( #2339 ), #4608, .F. ) ;
#2168 = EDGE_LOOP ( 'NONE', ( #4269, #3415, #3169, #1434 ) ) ;
#2169 = UNCERTAINTY_MEASURE_WITH_UNIT (LENGTH_MEASURE( 1.000000000000000082E-05 ), #2675, 'distance_accuracy_value', 'NONE');
#2170 =( NAMED_UNIT ( * ) PLANE_ANGLE_UNIT ( ) SI_UNIT ( $, .RADIAN. ) );
#2171 = DIRECTION ( 'NONE',  ( 0.6916511895453126835, 0.1503188434737730006, 0.7064155132054089625 ) ) ;
#2172 = ORIENTED_EDGE ( 'NONE', *, *, #1055, .T. ) ;
#2173 = PRESENTATION_LAYER_ASSIGNMENT (  '', '', ( #5313 ) ) ;
#2174 = FILL_AREA_STYLE_COLOUR ( '', #2418 ) ;
#2175 = STYLED_ITEM ( 'NONE', ( #4316 ), #609 ) ;
#2176 = DIRECTION ( 'NONE',  ( 3.225526565811032632E-15, 1.336570354578134620E-15, -1.000000000000000000 ) ) ;
#2177 = PRESENTATION_LAYER_ASSIGNMENT (  '', '', ( #3576 ) ) ;
#2178 =( NAMED_UNIT ( * ) SI_UNIT ( $, .STERADIAN. ) SOLID_ANGLE_UNIT ( ) );
#2179 = ORIENTED_EDGE ( 'NONE', *, *, #3579, .F. ) ;
#2180 = CONICAL_SURFACE ( 'NONE', #1995, 4.390488561351001628, 0.7863752867216655673 ) ;
#2181 = ORIENTED_EDGE ( 'NONE', *, *, #1433, .T. ) ;
#2182 = COLOUR_RGB ( '',0.9686274509803921573, 0.8784313725490195957, 0.5999999999999999778 ) ;
#2183 = COLOUR_RGB ( '',0.7921568627450980005, 0.8196078431372548767, 0.9333333333333333481 ) ;
#2184 = SURFACE_SIDE_STYLE ('',( #3557 ) ) ;
#2185 = COLOUR_RGB ( '',0.2235294117647058654, 0.2235294117647058654, 0.2235294117647058654 ) ;
#2186 =( NAMED_UNIT ( * ) SI_UNIT ( $, .STERADIAN. ) SOLID_ANGLE_UNIT ( ) );
#2187 = COLOUR_RGB ( '',0.9686274509803921573, 0.8784313725490195957, 0.5999999999999999778 ) ;
#2188 = AXIS2_PLACEMENT_3D ( 'NONE', #1056, #2373, #5048 ) ;
#2189 = MECHANICAL_DESIGN_GEOMETRIC_PRESENTATION_REPRESENTATION (  '', ( #329 ), #634 ) ;
#2190 = ADVANCED_FACE ( 'NONE', ( #2482, #4289 ), #2106, .T. ) ;
#2191 = SURFACE_STYLE_FILL_AREA ( #2251 ) ;
#2192 = UNCERTAINTY_MEASURE_WITH_UNIT (LENGTH_MEASURE( 1.000000000000000082E-05 ), #765, 'distance_accuracy_value', 'NONE');
#2193 = STYLED_ITEM ( 'NONE', ( #1897 ), #1726 ) ;
#2194 = AXIS2_PLACEMENT_3D ( 'NONE', #5010, #3290, #1045 ) ;
#2195 = AXIS2_PLACEMENT_3D ( 'NONE', #752, #315, #2995 ) ;
#2196 = PRESENTATION_LAYER_ASSIGNMENT (  '', '', ( #4710 ) ) ;
#2197 = LINE ( 'NONE', #4468, #5568 ) ;
#2198 = DIRECTION ( 'NONE',  ( 3.225526565811033815E-15, 1.336570354578135212E-15, -1.000000000000000000 ) ) ;
#2199 = MECHANICAL_DESIGN_GEOMETRIC_PRESENTATION_REPRESENTATION (  '', ( #3599 ), #5336 ) ;
#2200 = TOROIDAL_SURFACE ( 'NONE', #255, 4.839999999999999858, 0.7469883813845999976 ) ;
#2201 = MECHANICAL_DESIGN_GEOMETRIC_PRESENTATION_REPRESENTATION (  '', ( #2659 ), #1297 ) ;
#2202 = VERTEX_POINT ( 'NONE', #811 ) ;
#2203 = DIRECTION ( 'NONE',  ( -0.9238275255624818216, -0.3828089641232319540, -3.558407130208834256E-15 ) ) ;
#2204 = FILL_AREA_STYLE_COLOUR ( '', #4779 ) ;
#2205 = MECHANICAL_DESIGN_GEOMETRIC_PRESENTATION_REPRESENTATION (  '', ( #830 ), #1838 ) ;
#2206 =( NAMED_UNIT ( * ) PLANE_ANGLE_UNIT ( ) SI_UNIT ( $, .RADIAN. ) );
#2207 =( GEOMETRIC_REPRESENTATION_CONTEXT ( 3 ) GLOBAL_UNCERTAINTY_ASSIGNED_CONTEXT ( ( #3274 ) ) GLOBAL_UNIT_ASSIGNED_CONTEXT ( ( #3230, #5129, #4241 ) ) REPRESENTATION_CONTEXT ( 'NONE', 'WORKASPACE' ) );
#2208 = SURFACE_SIDE_STYLE ('',( #2665 ) ) ;
#2209 = EDGE_LOOP ( 'NONE', ( #5038, #3309, #4961, #74 ) ) ;
#2210 = EDGE_CURVE ( 'NONE', #5090, #1006, #4509, .T. ) ;
#2211 = FACE_OUTER_BOUND ( 'NONE', #5501, .T. ) ;
#2212 = COLOUR_RGB ( '',0.2235294117647058654, 0.2235294117647058654, 0.2235294117647058654 ) ;
#2213 = SURFACE_STYLE_FILL_AREA ( #438 ) ;
#2214 = CARTESIAN_POINT ( 'NONE',  ( 2.929128802338049287, 0.6365972626210943952, 10.85000000000000853 ) ) ;
#2215 = CARTESIAN_POINT ( 'NONE',  ( 0.3995192101616004687, 4.724056988609533825, 0.4000000000000080158 ) ) ;
#2216 = FILL_AREA_STYLE ('',( #1387 ) ) ;
#2217 =( LENGTH_UNIT ( ) NAMED_UNIT ( * ) SI_UNIT ( .MILLI., .METRE. ) );
#2218 =( LENGTH_UNIT ( ) NAMED_UNIT ( * ) SI_UNIT ( .MILLI., .METRE. ) );
#2219 = EDGE_LOOP ( 'NONE', ( #1253, #2353, #1553, #2313 ) ) ;
#2220 = ORIENTED_EDGE ( 'NONE', *, *, #3179, .T. ) ;
#2221 =( NAMED_UNIT ( * ) SI_UNIT ( $, .STERADIAN. ) SOLID_ANGLE_UNIT ( ) );
#2222 =( NAMED_UNIT ( * ) PLANE_ANGLE_UNIT ( ) SI_UNIT ( $, .RADIAN. ) );
#2223 = DIRECTION ( 'NONE',  ( 0.3828089641232319540, -0.9238275255624818216, 0.000000000000000000 ) ) ;
#2224 = SURFACE_STYLE_FILL_AREA ( #5368 ) ;
#2225 = FILL_AREA_STYLE ('',( #5289 ) ) ;
#2226 = FILL_AREA_STYLE_COLOUR ( '', #3885 ) ;
#2227 = EDGE_CURVE ( 'NONE', #3743, #837, #5412, .T. ) ;
#2228 = CONICAL_SURFACE ( 'NONE', #1132, 2.748753783604000578, 0.7830245417463551627 ) ;
#2229 = ORIENTED_EDGE ( 'NONE', *, *, #2472, .F. ) ;
#2230 = UNCERTAINTY_MEASURE_WITH_UNIT (LENGTH_MEASURE( 1.000000000000000082E-05 ), #5655, 'distance_accuracy_value', 'NONE');
#2231 = FILL_AREA_STYLE ('',( #1294 ) ) ;
#2232 = DIRECTION ( 'NONE',  ( 3.225526565811033815E-15, 1.336570354578135212E-15, -1.000000000000000000 ) ) ;
#2233 = VERTEX_POINT ( 'NONE', #384 ) ;
#2234 = VERTEX_POINT ( 'NONE', #3500 ) ;
#2235 = CIRCLE ( 'NONE', #4367, 0.4000000000000000222 ) ;
#2236 = DIRECTION ( 'NONE',  ( -3.225526565811033815E-15, -1.336570354578135212E-15, 1.000000000000000000 ) ) ;
#2237 = STYLED_ITEM ( 'NONE', ( #1796 ), #4558 ) ;
#2238 = SURFACE_STYLE_FILL_AREA ( #467 ) ;
#2239 = CIRCLE ( 'NONE', #5197, 3.325000000000000622 ) ;
#2240 = EDGE_CURVE ( 'NONE', #5044, #4836, #2158, .T. ) ;
#2241 = FACE_OUTER_BOUND ( 'NONE', #4618, .T. ) ;
#2242 = PRESENTATION_STYLE_ASSIGNMENT (( #3492 ) ) ;
#2243 = PLANE ( 'NONE',  #951 ) ;
#2244 = VERTEX_POINT ( 'NONE', #478 ) ;
#2245 = DIRECTION ( 'NONE',  ( 0.2123755314533780636, -0.9771881260227710531, -6.210577614566906163E-16 ) ) ;
#2246 = STYLED_ITEM ( 'NONE', ( #3175 ), #3887 ) ;
#2247 = FILL_AREA_STYLE_COLOUR ( '', #815 ) ;
#2248 = FILL_AREA_STYLE ('',( #977 ) ) ;
#2249 = ADVANCED_FACE ( 'NONE', ( #979 ), #3621, .T. ) ;
#2250 = AXIS2_PLACEMENT_3D ( 'NONE', #4363, #2098, #4339 ) ;
#2251 = FILL_AREA_STYLE ('',( #483 ) ) ;
#2252 = UNCERTAINTY_MEASURE_WITH_UNIT (LENGTH_MEASURE( 1.000000000000000082E-05 ), #201, 'distance_accuracy_value', 'NONE');
#2253 =( NAMED_UNIT ( * ) PLANE_ANGLE_UNIT ( ) SI_UNIT ( $, .RADIAN. ) );
#2254 = DIRECTION ( 'NONE',  ( -3.225526565811033815E-15, -1.336570354578135212E-15, 1.000000000000000000 ) ) ;
#2255 = SURFACE_STYLE_FILL_AREA ( #1795 ) ;
#2256 = FACE_OUTER_BOUND ( 'NONE', #1392, .T. ) ;
#2257 = EDGE_LOOP ( 'NONE', ( #3712, #4948, #1938, #59 ) ) ;
#2258 = DIRECTION ( 'NONE',  ( 3.225526565811033815E-15, 1.336570354578135212E-15, -1.000000000000000000 ) ) ;
#2259 = CARTESIAN_POINT ( 'NONE',  ( -2.083360885250841669E-14, -8.632880059426142307E-15, 6.150000000000000355 ) ) ;
#2260 = DIRECTION ( 'NONE',  ( 0.9771881260227711641, 0.2123755314533781191, 3.212450881438531057E-15 ) ) ;
#2261 = ORIENTED_EDGE ( 'NONE', *, *, #11, .F. ) ;
#2262 = EDGE_CURVE ( 'NONE', #3708, #4922, #4516, .T. ) ;
#2263 =( NAMED_UNIT ( * ) SI_UNIT ( $, .STERADIAN. ) SOLID_ANGLE_UNIT ( ) );
#2264 = SURFACE_STYLE_FILL_AREA ( #4483 ) ;
#2265 = PRESENTATION_LAYER_ASSIGNMENT (  '', '', ( #4955 ) ) ;
#2266 =( NAMED_UNIT ( * ) PLANE_ANGLE_UNIT ( ) SI_UNIT ( $, .RADIAN. ) );
#2267 = CARTESIAN_POINT ( 'NONE',  ( 0.5997256348281456706, 2.483507025507583510, -4.336808689942017736E-15 ) ) ;
#2268 = ORIENTED_EDGE ( 'NONE', *, *, #4010, .T. ) ;
#2269 = ORIENTED_EDGE ( 'NONE', *, *, #4671, .F. ) ;
#2270 = FILL_AREA_STYLE_COLOUR ( '', #1371 ) ;
#2271 = MECHANICAL_DESIGN_GEOMETRIC_PRESENTATION_REPRESENTATION (  '', ( #1537 ), #5317 ) ;
#2272 = MECHANICAL_DESIGN_GEOMETRIC_PRESENTATION_REPRESENTATION (  '', ( #3576 ), #239 ) ;
#2273 =( GEOMETRIC_REPRESENTATION_CONTEXT ( 3 ) GLOBAL_UNCERTAINTY_ASSIGNED_CONTEXT ( ( #3210 ) ) GLOBAL_UNIT_ASSIGNED_CONTEXT ( ( #2407, #614, #1458 ) ) REPRESENTATION_CONTEXT ( 'NONE', 'WORKASPACE' ) );
#2274 = CARTESIAN_POINT ( 'NONE',  ( -4.221891791817772521, -1.749436966042022146, 0.3999999999999845901 ) ) ;
#2275 = PRESENTATION_LAYER_ASSIGNMENT (  '', '', ( #4783 ) ) ;
#2276 = AXIS2_PLACEMENT_3D ( 'NONE', #4612, #1966, #673 ) ;
#2277 = SURFACE_STYLE_FILL_AREA ( #502 ) ;
#2278 = VECTOR ( 'NONE', #109, 1000.000000000000000 ) ;
#2279 = EDGE_LOOP ( 'NONE', ( #4889, #4091, #5325, #442 ) ) ;
#2280 =( NAMED_UNIT ( * ) PLANE_ANGLE_UNIT ( ) SI_UNIT ( $, .RADIAN. ) );
#2281 = ADVANCED_FACE ( 'NONE', ( #3646 ), #1457, .F. ) ;
#2282 =( GEOMETRIC_REPRESENTATION_CONTEXT ( 3 ) GLOBAL_UNCERTAINTY_ASSIGNED_CONTEXT ( ( #4167 ) ) GLOBAL_UNIT_ASSIGNED_CONTEXT ( ( #5288, #4055, #2186 ) ) REPRESENTATION_CONTEXT ( 'NONE', 'WORKASPACE' ) );
#2283 =( GEOMETRIC_REPRESENTATION_CONTEXT ( 3 ) GLOBAL_UNCERTAINTY_ASSIGNED_CONTEXT ( ( #1374 ) ) GLOBAL_UNIT_ASSIGNED_CONTEXT ( ( #1133, #2878, #2445 ) ) REPRESENTATION_CONTEXT ( 'NONE', 'WORKASPACE' ) );
#2284 = FILL_AREA_STYLE ('',( #579 ) ) ;
#2285 = CIRCLE ( 'NONE', #2933, 0.5600000000000000533 ) ;
#2286 = STYLED_ITEM ( 'NONE', ( #4716 ), #1031 ) ;
#2287 =( NAMED_UNIT ( * ) PLANE_ANGLE_UNIT ( ) SI_UNIT ( $, .RADIAN. ) );
#2288 =( NAMED_UNIT ( * ) PLANE_ANGLE_UNIT ( ) SI_UNIT ( $, .RADIAN. ) );
#2289 = DIRECTION ( 'NONE',  ( 0.9771881260227711641, 0.2123755314533781191, 3.212450881438531057E-15 ) ) ;
#2290 = MECHANICAL_DESIGN_GEOMETRIC_PRESENTATION_REPRESENTATION (  '', ( #3114 ), #5250 ) ;
#2291 = DIRECTION ( 'NONE',  ( -0.9999999907685275247, -0.0001358784196986983779, -3.225708147102269001E-15 ) ) ;
#2292 = AXIS2_PLACEMENT_3D ( 'NONE', #5049, #682, #2850 ) ;
#2293 = DIRECTION ( 'NONE',  ( -0.9238275255624819327, -0.3828089641232316764, -3.491481338843133355E-15 ) ) ;
#2294 = UNCERTAINTY_MEASURE_WITH_UNIT (LENGTH_MEASURE( 1.000000000000000082E-05 ), #2137, 'distance_accuracy_value', 'NONE');
#2295 = FILL_AREA_STYLE_COLOUR ( '', #145 ) ;
#2296 = AXIS2_PLACEMENT_3D ( 'NONE', #5503, #2004, #5000 ) ;
#2297 = VECTOR ( 'NONE', #169, 1000.000000000000000 ) ;
#2298 =( GEOMETRIC_REPRESENTATION_CONTEXT ( 3 ) GLOBAL_UNCERTAINTY_ASSIGNED_CONTEXT ( ( #4867 ) ) GLOBAL_UNIT_ASSIGNED_CONTEXT ( ( #2515, #1164, #2030 ) ) REPRESENTATION_CONTEXT ( 'NONE', 'WORKASPACE' ) );
#2299 = MECHANICAL_DESIGN_GEOMETRIC_PRESENTATION_REPRESENTATION (  '', ( #4710 ), #1930 ) ;
#2300 = CYLINDRICAL_SURFACE ( 'NONE', #3503, 0.3500000000000000888 ) ;
#2301 = CARTESIAN_POINT ( 'NONE',  ( 1.117069049143128767, 2.697880045416590988, 1.920000000000007701 ) ) ;
#2302 = EDGE_CURVE ( 'NONE', #718, #1600, #3973, .T. ) ;
#2303 = SPHERICAL_SURFACE ( 'NONE', #1105, 18.57604166667000101 ) ;
#2304 = SURFACE_SIDE_STYLE ('',( #528 ) ) ;
#2305 = EDGE_LOOP ( 'NONE', ( #2220, #34, #973, #941 ) ) ;
#2306 = SURFACE_SIDE_STYLE ('',( #3187 ) ) ;
#2307 = AXIS2_PLACEMENT_3D ( 'NONE', #1581, #2980, #2050 ) ;
#2308 = LINE ( 'NONE', #4137, #2100 ) ;
#2309 = CARTESIAN_POINT ( 'NONE',  ( -1.117802175237069928, 2.697576374643594121, 1.520000000000000462 ) ) ;
#2310 =( LENGTH_UNIT ( ) NAMED_UNIT ( * ) SI_UNIT ( .MILLI., .METRE. ) );
#2311 = ORIENTED_EDGE ( 'NONE', *, *, #4543, .T. ) ;
#2312 = CYLINDRICAL_SURFACE ( 'NONE', #2633, 0.3500000000000000888 ) ;
#2313 = ORIENTED_EDGE ( 'NONE', *, *, #5598, .T. ) ;
#2314 = DIRECTION ( 'NONE',  ( -3.225526565811033815E-15, -1.336570354578135212E-15, 1.000000000000000000 ) ) ;
#2315 = UNCERTAINTY_MEASURE_WITH_UNIT (LENGTH_MEASURE( 1.000000000000000082E-05 ), #772, 'distance_accuracy_value', 'NONE');
#2316 = SURFACE_STYLE_FILL_AREA ( #2284 ) ;
#2317 = EDGE_CURVE ( 'NONE', #4838, #4126, #2097, .T. ) ;
#2318 = VERTEX_POINT ( 'NONE', #1394 ) ;
#2319 =( NAMED_UNIT ( * ) SI_UNIT ( $, .STERADIAN. ) SOLID_ANGLE_UNIT ( ) );
#2320 = CARTESIAN_POINT ( 'NONE',  ( -4.535794874127788923, -0.9857793205869926911, 10.39018118455298278 ) ) ;
#2321 = AXIS2_PLACEMENT_3D ( 'NONE', #1813, #1767, #3190 ) ;
#2322 = CARTESIAN_POINT ( 'NONE',  ( 2.770786968921510142E-12, 1.148373371065720003E-12, 0.5999999999999998668 ) ) ;
#2323 = LINE ( 'NONE', #5444, #3600 ) ;
#2324 = CARTESIAN_POINT ( 'NONE',  ( 1.117069049143130544, 2.697880045416591432, 1.520000000000008233 ) ) ;
#2325 = ORIENTED_EDGE ( 'NONE', *, *, #964, .F. ) ;
#2326 = AXIS2_PLACEMENT_3D ( 'NONE', #1544, #1083, #2882 ) ;
#2327 = ORIENTED_EDGE ( 'NONE', *, *, #2044, .F. ) ;
#2328 = DIRECTION ( 'NONE',  ( -0.9238275255624818216, -0.3828089641232323981, -3.484935554417691866E-15 ) ) ;
#2329 = EDGE_CURVE ( 'NONE', #4645, #1818, #3861, .T. ) ;
#2330 = STYLED_ITEM ( 'NONE', ( #28 ), #3794 ) ;
#2331 = CYLINDRICAL_SURFACE ( 'NONE', #5521, 4.570000000000001172 ) ;
#2332 = LINE ( 'NONE', #3731, #2741 ) ;
#2333 = FILL_AREA_STYLE ('',( #5681 ) ) ;
#2334 = ORIENTED_EDGE ( 'NONE', *, *, #3271, .T. ) ;
#2335 = DIRECTION ( 'NONE',  ( 0.6104445828554163622, 0.1326699427206652626, -0.7808688094430280557 ) ) ;
#2336 = EDGE_CURVE ( 'NONE', #666, #2579, #1369, .T. ) ;
#2337 = CARTESIAN_POINT ( 'NONE',  ( -1.117069049136667491, -2.697880045413913130, -0.1000000000000063338 ) ) ;
#2338 = AXIS2_PLACEMENT_3D ( 'NONE', #1562, #3283, #2919 ) ;
#2339 = FACE_OUTER_BOUND ( 'NONE', #5358, .T. ) ;
#2340 = DIRECTION ( 'NONE',  ( 3.225526565811033815E-15, 1.336570354578135212E-15, -1.000000000000000000 ) ) ;
#2341 = VERTEX_POINT ( 'NONE', #4920 ) ;
#2342 = ORIENTED_EDGE ( 'NONE', *, *, #2589, .F. ) ;
#2343 = UNCERTAINTY_MEASURE_WITH_UNIT (LENGTH_MEASURE( 1.000000000000000082E-05 ), #4937, 'distance_accuracy_value', 'NONE');
#2344 = SURFACE_SIDE_STYLE ('',( #1375 ) ) ;
#2345 = SURFACE_SIDE_STYLE ('',( #4935 ) ) ;
#2346 =( NAMED_UNIT ( * ) PLANE_ANGLE_UNIT ( ) SI_UNIT ( $, .RADIAN. ) );
#2347 = EDGE_CURVE ( 'NONE', #5454, #735, #3559, .T. ) ;
#2348 = ORIENTED_EDGE ( 'NONE', *, *, #358, .T. ) ;
#2349 = UNCERTAINTY_MEASURE_WITH_UNIT (LENGTH_MEASURE( 1.000000000000000082E-05 ), #2711, 'distance_accuracy_value', 'NONE');
#2350 = DIRECTION ( 'NONE',  ( -0.003622084433422477837, -0.0007871996046949532181, 0.9999931303869739052 ) ) ;
#2351 =( LENGTH_UNIT ( ) NAMED_UNIT ( * ) SI_UNIT ( .MILLI., .METRE. ) );
#2352 = FACE_OUTER_BOUND ( 'NONE', #3910, .T. ) ;
#2353 = ORIENTED_EDGE ( 'NONE', *, *, #4049, .F. ) ;
#2354 = DIRECTION ( 'NONE',  ( -0.9238275255624819327, -0.3828089641232319540, -3.487477447601074468E-15 ) ) ;
#2355 = ORIENTED_EDGE ( 'NONE', *, *, #3433, .F. ) ;
#2356 =( LENGTH_UNIT ( ) NAMED_UNIT ( * ) SI_UNIT ( .MILLI., .METRE. ) );
#2357 = DIRECTION ( 'NONE',  ( 0.9238275255624821547, 0.3828089641232312879, 3.493540333564401642E-15 ) ) ;
#2358 = CARTESIAN_POINT ( 'NONE',  ( -1.602585296346801451E-15, -6.640676968789339326E-16, 0.6500000000000003553 ) ) ;
#2359 = EDGE_LOOP ( 'NONE', ( #278, #2624, #4389, #190 ) ) ;
#2360 = VECTOR ( 'NONE', #3346, 1000.000000000000114 ) ;
#2361 =( NAMED_UNIT ( * ) SI_UNIT ( $, .STERADIAN. ) SOLID_ANGLE_UNIT ( ) );
#2362 = UNCERTAINTY_MEASURE_WITH_UNIT (LENGTH_MEASURE( 1.000000000000000082E-05 ), #4888, 'distance_accuracy_value', 'NONE');
#2363 = CARTESIAN_POINT ( 'NONE',  ( 1.117802175242610163, -2.697576374641298624, 0.1499999999999999667 ) ) ;
#2364 = SURFACE_STYLE_USAGE ( .BOTH. , #2901 ) ;
#2365 = PLANE ( 'NONE',  #2903 ) ;
#2366 = EDGE_CURVE ( 'NONE', #3449, #3629, #5513, .T. ) ;
#2367 = PRESENTATION_STYLE_ASSIGNMENT (( #608 ) ) ;
#2368 = CIRCLE ( 'NONE', #5235, 2.900000000000000799 ) ;
#2369 = PRESENTATION_LAYER_ASSIGNMENT (  '', '', ( #2286 ) ) ;
#2370 = FACE_OUTER_BOUND ( 'NONE', #4014, .T. ) ;
#2371 = MECHANICAL_DESIGN_GEOMETRIC_PRESENTATION_REPRESENTATION (  '', ( #1182 ), #234 ) ;
#2372 = CARTESIAN_POINT ( 'NONE',  ( 0.5997256348281408966, 2.483507025507581734, 1.520000000000005791 ) ) ;
#2373 = DIRECTION ( 'NONE',  ( 3.225526565811032632E-15, 1.336570354578134620E-15, -1.000000000000000000 ) ) ;
#2374 =( NAMED_UNIT ( * ) PLANE_ANGLE_UNIT ( ) SI_UNIT ( $, .RADIAN. ) );
#2375 = MECHANICAL_DESIGN_GEOMETRIC_PRESENTATION_REPRESENTATION (  '', ( #3677 ), #730 ) ;
#2376 = DIRECTION ( 'NONE',  ( 0.9238275255624818216, 0.3828089641232319540, 3.491481338843132566E-15 ) ) ;
#2377 = AXIS2_PLACEMENT_3D ( 'NONE', #396, #991, #1428 ) ;
#2378 = ORIENTED_EDGE ( 'NONE', *, *, #423, .F. ) ;
#2379 = PRESENTATION_LAYER_ASSIGNMENT (  '', '', ( #329 ) ) ;
#2380 = CIRCLE ( 'NONE', #3968, 0.2031250000000001665 ) ;
#2381 = CIRCLE ( 'NONE', #2858, 0.5600000000000000533 ) ;
#2382 = COLOUR_RGB ( '',0.9686274509803921573, 0.8784313725490195957, 0.5999999999999999778 ) ;
#2383 = AXIS2_PLACEMENT_3D ( 'NONE', #3761, #3914, #3560 ) ;
#2384 = PRESENTATION_STYLE_ASSIGNMENT (( #4211 ) ) ;
#2385 = VECTOR ( 'NONE', #4592, 1000.000000000000000 ) ;
#2386 = CARTESIAN_POINT ( 'NONE',  ( 2.833845565466004413, 0.6158890412147830506, 9.850125019537008697 ) ) ;
#2387 = ORIENTED_EDGE ( 'NONE', *, *, #1477, .F. ) ;
#2388 = AXIS2_PLACEMENT_3D ( 'NONE', #1257, #1169, #4209 ) ;
#2389 = EDGE_LOOP ( 'NONE', ( #5137, #4115, #1264, #4364 ) ) ;
#2390 = STYLED_ITEM ( 'NONE', ( #2628 ), #5656 ) ;
#2391 = VECTOR ( 'NONE', #2171, 999.9999999999998863 ) ;
#2392 =( NAMED_UNIT ( * ) SI_UNIT ( $, .STERADIAN. ) SOLID_ANGLE_UNIT ( ) );
#2393 = PRESENTATION_STYLE_ASSIGNMENT (( #1530 ) ) ;
#2394 = FILL_AREA_STYLE_COLOUR ( '', #4234 ) ;
#2395 = SURFACE_SIDE_STYLE ('',( #3790 ) ) ;
#2396 = PRESENTATION_LAYER_ASSIGNMENT (  '', '', ( #5436 ) ) ;
#2397 = VERTEX_POINT ( 'NONE', #4639 ) ;
#2398 = CIRCLE ( 'NONE', #5352, 4.569999999999998508 ) ;
#2399 = SURFACE_STYLE_USAGE ( .BOTH. , #2836 ) ;
#2400 = ORIENTED_EDGE ( 'NONE', *, *, #1368, .F. ) ;
#2401 = FACE_OUTER_BOUND ( 'NONE', #2983, .T. ) ;
#2402 = FILL_AREA_STYLE ('',( #3176 ) ) ;
#2403 = ORIENTED_EDGE ( 'NONE', *, *, #1210, .T. ) ;
#2404 = EDGE_CURVE ( 'NONE', #1895, #5044, #3668, .T. ) ;
#2405 = FILL_AREA_STYLE_COLOUR ( '', #406 ) ;
#2406 = FILL_AREA_STYLE_COLOUR ( '', #3317 ) ;
#2407 =( LENGTH_UNIT ( ) NAMED_UNIT ( * ) SI_UNIT ( .MILLI., .METRE. ) );
#2408 =( NAMED_UNIT ( * ) PLANE_ANGLE_UNIT ( ) SI_UNIT ( $, .RADIAN. ) );
#2409 = EDGE_CURVE ( 'NONE', #1482, #3078, #3323, .T. ) ;
#2410 = ORIENTED_EDGE ( 'NONE', *, *, #1699, .T. ) ;
#2411 = UNCERTAINTY_MEASURE_WITH_UNIT (LENGTH_MEASURE( 1.000000000000000082E-05 ), #4138, 'distance_accuracy_value', 'NONE');
#2412 = SURFACE_STYLE_FILL_AREA ( #5345 ) ;
#2413 = PRESENTATION_STYLE_ASSIGNMENT (( #1591 ) ) ;
#2414 = FILL_AREA_STYLE ('',( #5166 ) ) ;
#2415 = SURFACE_STYLE_USAGE ( .BOTH. , #4718 ) ;
#2416 = CARTESIAN_POINT ( 'NONE',  ( -1.634412463453509545, -2.912253065323691104, 1.519999999999991802 ) ) ;
#2417 = FACE_OUTER_BOUND ( 'NONE', #2444, .T. ) ;
#2418 = COLOUR_RGB ( '',0.9686274509803921573, 0.8784313725490195957, 0.5999999999999999778 ) ;
#2419 = SURFACE_STYLE_USAGE ( .BOTH. , #1070 ) ;
#2420 = FACE_BOUND ( 'NONE', #379, .T. ) ;
#2421 = DIRECTION ( 'NONE',  ( 0.6893342890131021194, 0.1498153038085350830, -0.7087831916288345191 ) ) ;
#2422 = VERTEX_POINT ( 'NONE', #4175 ) ;
#2423 = CIRCLE ( 'NONE', #4479, 0.2250000000000000888 ) ;
#2424 = UNCERTAINTY_MEASURE_WITH_UNIT (LENGTH_MEASURE( 1.000000000000000082E-05 ), #5300, 'distance_accuracy_value', 'NONE');
#2425 = EDGE_CURVE ( 'NONE', #992, #1852, #3596, .T. ) ;
#2426 = SURFACE_STYLE_FILL_AREA ( #4225 ) ;
#2427 = CARTESIAN_POINT ( 'NONE',  ( 2.770786968921510142E-12, 1.148373371065720003E-12, 0.4000000000000001887 ) ) ;
#2428 = MECHANICAL_DESIGN_GEOMETRIC_PRESENTATION_REPRESENTATION (  '', ( #484 ), #4933 ) ;
#2429 =( GEOMETRIC_REPRESENTATION_CONTEXT ( 3 ) GLOBAL_UNCERTAINTY_ASSIGNED_CONTEXT ( ( #2362 ) ) GLOBAL_UNIT_ASSIGNED_CONTEXT ( ( #4888, #5628, #3581 ) ) REPRESENTATION_CONTEXT ( 'NONE', 'WORKASPACE' ) );
#2430 = DIRECTION ( 'NONE',  ( -0.9238275255624821547, -0.3828089641232312879, -3.854941057726236322E-15 ) ) ;
#2431 = PRESENTATION_STYLE_ASSIGNMENT (( #2926 ) ) ;
#2432 = DIRECTION ( 'NONE',  ( 0.6104445828554163622, 0.1326699427206652626, -0.7808688094430280557 ) ) ;
#2433 = CARTESIAN_POINT ( 'NONE',  ( -1.117802175237071705, 2.697576374643594566, 1.920000000000000595 ) ) ;
#2434 = DIRECTION ( 'NONE',  ( 3.225526565811033815E-15, 1.336570354578135212E-15, -1.000000000000000000 ) ) ;
#2435 = DIRECTION ( 'NONE',  ( -0.9238275255624819327, -0.3828089641232320650, -3.491481338843134539E-15 ) ) ;
#2436 = ORIENTED_EDGE ( 'NONE', *, *, #1263, .F. ) ;
#2437 = PRESENTATION_STYLE_ASSIGNMENT (( #4744 ) ) ;
#2438 = DIRECTION ( 'NONE',  ( 3.225526565811033815E-15, 1.336570354578135212E-15, -1.000000000000000000 ) ) ;
#2439 = ORIENTED_EDGE ( 'NONE', *, *, #2347, .T. ) ;
#2440 = ORIENTED_EDGE ( 'NONE', *, *, #1144, .T. ) ;
#2441 =( NAMED_UNIT ( * ) SI_UNIT ( $, .STERADIAN. ) SOLID_ANGLE_UNIT ( ) );
#2442 = DIRECTION ( 'NONE',  ( -0.9238275255624818216, -0.3828089641232319540, -3.558407130208834256E-15 ) ) ;
#2443 = LINE ( 'NONE', #5672, #30 ) ;
#2444 = EDGE_LOOP ( 'NONE', ( #2622, #4456, #5158, #3855 ) ) ;
#2445 =( NAMED_UNIT ( * ) SI_UNIT ( $, .STERADIAN. ) SOLID_ANGLE_UNIT ( ) );
#2446 = FILL_AREA_STYLE ('',( #5461 ) ) ;
#2447 = DIRECTION ( 'NONE',  ( 0.9238275255624820437, 0.3828089641232313989, 3.854941057726237900E-15 ) ) ;
#2448 = EDGE_CURVE ( 'NONE', #867, #5395, #697, .T. ) ;
#2449 = MECHANICAL_DESIGN_GEOMETRIC_PRESENTATION_REPRESENTATION (  '', ( #2175 ), #3289 ) ;
#2450 = COLOUR_RGB ( '',0.9686274509803921573, 0.8784313725490195957, 0.5999999999999999778 ) ;
#2451 = DIRECTION ( 'NONE',  ( -3.225526565811033815E-15, -1.336570354578135212E-15, 1.000000000000000000 ) ) ;
#2452 = PRODUCT_CONTEXT ( 'NONE', #695, 'mechanical' ) ;
#2453 = VECTOR ( 'NONE', #3979, 1000.000000000000000 ) ;
#2454 = FILL_AREA_STYLE_COLOUR ( '', #1746 ) ;
#2455 = DIRECTION ( 'NONE',  ( -0.9238275255624818216, -0.3828089641232319540, -3.558407130208834256E-15 ) ) ;
#2456 = SURFACE_STYLE_USAGE ( .BOTH. , #5561 ) ;
#2457 = CLOSED_SHELL ( 'NONE', ( #5574, #5102, #3452, #609 ) ) ;
#2458 = AXIS2_PLACEMENT_3D ( 'NONE', #3529, #3142, #4085 ) ;
#2459 = UNCERTAINTY_MEASURE_WITH_UNIT (LENGTH_MEASURE( 1.000000000000000082E-05 ), #2736, 'distance_accuracy_value', 'NONE');
#2460 = FILL_AREA_STYLE_COLOUR ( '', #828 ) ;
#2461 = FILL_AREA_STYLE ('',( #260 ) ) ;
#2462 =( LENGTH_UNIT ( ) NAMED_UNIT ( * ) SI_UNIT ( .MILLI., .METRE. ) );
#2463 = AXIS2_PLACEMENT_3D ( 'NONE', #515, #81, #990 ) ;
#2464 = ORIENTED_EDGE ( 'NONE', *, *, #2611, .F. ) ;
#2465 = MECHANICAL_DESIGN_GEOMETRIC_PRESENTATION_REPRESENTATION (  '', ( #5265 ), #3607 ) ;
#2466 = DIRECTION ( 'NONE',  ( 2.168404344971008868E-15, 1.084202172485504434E-15, -1.000000000000000000 ) ) ;
#2467 = CONICAL_SURFACE ( 'NONE', #2851, 4.390488561351001628, 0.7863752867216655673 ) ;
#2468 = PRESENTATION_LAYER_ASSIGNMENT (  '', '', ( #3115 ) ) ;
#2469 = CARTESIAN_POINT ( 'NONE',  ( 3.704548377508320556, 1.535063946135307500, 1.320000000000013829 ) ) ;
#2470 = CIRCLE ( 'NONE', #5695, 0.1999999999999999833 ) ;
#2471 = ORIENTED_EDGE ( 'NONE', *, *, #5181, .F. ) ;
#2472 = EDGE_CURVE ( 'NONE', #5636, #1487, #4151, .T. ) ;
#2473 = FILL_AREA_STYLE ('',( #753 ) ) ;
#2474 = FILL_AREA_STYLE_COLOUR ( '', #5530 ) ;
#2475 = ORIENTED_EDGE ( 'NONE', *, *, #5632, .T. ) ;
#2476 = COLOUR_RGB ( '',0.9686274509803921573, 0.8784313725490195957, 0.5999999999999999778 ) ;
#2477 = AXIS2_PLACEMENT_3D ( 'NONE', #3000, #3113, #2618 ) ;
#2478 = STYLED_ITEM ( 'NONE', ( #50 ), #2973 ) ;
#2479 = DIRECTION ( 'NONE',  ( -0.9238275255624819327, -0.3828089641232319540, -3.795893820518176243E-15 ) ) ;
#2480 = EDGE_CURVE ( 'NONE', #3222, #149, #906, .T. ) ;
#2481 = TOROIDAL_SURFACE ( 'NONE', #1384, 4.209999999999999964, 0.2000000000000000111 ) ;
#2482 = FACE_BOUND ( 'NONE', #4583, .T. ) ;
#2483 = PRESENTATION_LAYER_ASSIGNMENT (  '', '', ( #830 ) ) ;
#2484 = PRESENTATION_LAYER_ASSIGNMENT (  '', '', ( #1918 ) ) ;
#2485 =( NAMED_UNIT ( * ) SI_UNIT ( $, .STERADIAN. ) SOLID_ANGLE_UNIT ( ) );
#2486 = ORIENTED_EDGE ( 'NONE', *, *, #3023, .F. ) ;
#2487 = SURFACE_SIDE_STYLE ('',( #736 ) ) ;
#2488 = AXIS2_PLACEMENT_3D ( 'NONE', #5237, #2656, #4580 ) ;
#2489 = EDGE_CURVE ( 'NONE', #713, #2096, #5689, .T. ) ;
#2490 =( LENGTH_UNIT ( ) NAMED_UNIT ( * ) SI_UNIT ( .MILLI., .METRE. ) );
#2491 = ADVANCED_FACE ( 'NONE', ( #5452 ), #3963, .T. ) ;
#2492 = EDGE_LOOP ( 'NONE', ( #4393, #5603 ) ) ;
#2493 = SURFACE_STYLE_FILL_AREA ( #4683 ) ;
#2494 = DIRECTION ( 'NONE',  ( 3.225526565811032632E-15, 1.336570354578135212E-15, -1.000000000000000000 ) ) ;
#2495 = DIRECTION ( 'NONE',  ( -0.9238275255624820437, -0.3828089641232315654, -3.854941057726239478E-15 ) ) ;
#2496 = DIRECTION ( 'NONE',  ( 2.168404344971008868E-15, 1.084202172485504434E-15, -1.000000000000000000 ) ) ;
#2497 = AXIS2_PLACEMENT_3D ( 'NONE', #4283, #317, #5261 ) ;
#2498 =( NAMED_UNIT ( * ) SI_UNIT ( $, .STERADIAN. ) SOLID_ANGLE_UNIT ( ) );
#2499 = DIRECTION ( 'NONE',  ( -0.9771881260227712751, -0.2123755314533780914, -3.348079085118082549E-15 ) ) ;
#2500 = CARTESIAN_POINT ( 'NONE',  ( 0.1993289289388034125, 5.330027133705303122, 7.806255641895631925E-15 ) ) ;
#2501 = PLANE ( 'NONE',  #2338 ) ;
#2502 = ORIENTED_EDGE ( 'NONE', *, *, #660, .F. ) ;
#2503 = DIRECTION ( 'NONE',  ( 3.225526565811033815E-15, 1.336570354578135212E-15, -1.000000000000000000 ) ) ;
#2504 = AXIS2_PLACEMENT_3D ( 'NONE', #890, #954, #477 ) ;
#2505 = SURFACE_STYLE_USAGE ( .BOTH. , #1577 ) ;
#2506 = SURFACE_SIDE_STYLE ('',( #760 ) ) ;
#2507 = MECHANICAL_DESIGN_GEOMETRIC_PRESENTATION_REPRESENTATION (  '', ( #5465 ), #20 ) ;
#2508 = PRESENTATION_LAYER_ASSIGNMENT (  '', '', ( #282 ) ) ;
#2509 = EDGE_CURVE ( 'NONE', #4573, #5083, #2332, .T. ) ;
#2510 = FACE_OUTER_BOUND ( 'NONE', #2719, .T. ) ;
#2511 = AXIS2_PLACEMENT_3D ( 'NONE', #5402, #1536, #4089 ) ;
#2512 = MECHANICAL_DESIGN_GEOMETRIC_PRESENTATION_REPRESENTATION (  '', ( #4192 ), #5649 ) ;
#2513 = FILL_AREA_STYLE ('',( #1719 ) ) ;
#2514 = SURFACE_SIDE_STYLE ('',( #4735 ) ) ;
#2515 =( LENGTH_UNIT ( ) NAMED_UNIT ( * ) SI_UNIT ( .MILLI., .METRE. ) );
#2516 = ORIENTED_EDGE ( 'NONE', *, *, #1230, .F. ) ;
#2517 =( NAMED_UNIT ( * ) PLANE_ANGLE_UNIT ( ) SI_UNIT ( $, .RADIAN. ) );
#2518 = STYLED_ITEM ( 'NONE', ( #3755 ), #4084 ) ;
#2519 = EDGE_LOOP ( 'NONE', ( #2348, #4793 ) ) ;
#2520 = DIRECTION ( 'NONE',  ( 3.225526565811033815E-15, 1.336570354578135212E-15, -1.000000000000000000 ) ) ;
#2521 = SURFACE_SIDE_STYLE ('',( #4739 ) ) ;
#2522 = ORIENTED_EDGE ( 'NONE', *, *, #4502, .T. ) ;
#2523 = ORIENTED_EDGE ( 'NONE', *, *, #5666, .F. ) ;
#2524 = UNCERTAINTY_MEASURE_WITH_UNIT (LENGTH_MEASURE( 1.000000000000000082E-05 ), #4380, 'distance_accuracy_value', 'NONE');
#2525 = PRESENTATION_LAYER_ASSIGNMENT (  '', '', ( #589 ) ) ;
#2526 = SURFACE_STYLE_FILL_AREA ( #5618 ) ;
#2527 = DIRECTION ( 'NONE',  ( -0.9238275255624820437, -0.3828089641232313989, -3.854941057726237900E-15 ) ) ;
#2528 = ADVANCED_FACE ( 'NONE', ( #1506 ), #1659, .F. ) ;
#2529 = CYLINDRICAL_SURFACE ( 'NONE', #2693, 3.325000000000000622 ) ;
#2530 = FILL_AREA_STYLE_COLOUR ( '', #3659 ) ;
#2531 =( NAMED_UNIT ( * ) SI_UNIT ( $, .STERADIAN. ) SOLID_ANGLE_UNIT ( ) );
#2532 =( NAMED_UNIT ( * ) PLANE_ANGLE_UNIT ( ) SI_UNIT ( $, .RADIAN. ) );
#2533 = ORIENTED_EDGE ( 'NONE', *, *, #5478, .T. ) ;
#2534 = ORIENTED_EDGE ( 'NONE', *, *, #3640, .F. ) ;
#2535 = PRESENTATION_STYLE_ASSIGNMENT (( #3414 ) ) ;
#2536 = FILL_AREA_STYLE ('',( #4732 ) ) ;
#2537 = LINE ( 'NONE', #2160, #4756 ) ;
#2538 = CARTESIAN_POINT ( 'NONE',  ( -3.044912063058922342E-14, -1.261728624069974511E-14, 9.600125019536998039 ) ) ;
#2539 = ADVANCED_FACE ( 'NONE', ( #636 ), #3769, .T. ) ;
#2540 = ORIENTED_EDGE ( 'NONE', *, *, #4589, .F. ) ;
#2541 = ORIENTED_EDGE ( 'NONE', *, *, #1393, .F. ) ;
#2542 = EDGE_LOOP ( 'NONE', ( #4875, #1111 ) ) ;
#2543 = AXIS2_PLACEMENT_3D ( 'NONE', #1382, #3637, #2691 ) ;
#2544 = CARTESIAN_POINT ( 'NONE',  ( -0.5997256348216825073, -2.483507025504905208, 1.519999999999995355 ) ) ;
#2545 = DIRECTION ( 'NONE',  ( -0.9771881260227710531, -0.2123755314533780358, -3.427477835599334931E-15 ) ) ;
#2546 = CIRCLE ( 'NONE', #896, 4.009999999999999787 ) ;
#2547 = SURFACE_SIDE_STYLE ('',( #798 ) ) ;
#2548 = STYLED_ITEM ( 'NONE', ( #2965 ), #36 ) ;
#2549 = PRESENTATION_LAYER_ASSIGNMENT (  '', '', ( #4051 ) ) ;
#2550 = EDGE_CURVE ( 'NONE', #5318, #3222, #242, .T. ) ;
#2551 = ORIENTED_EDGE ( 'NONE', *, *, #2689, .T. ) ;
#2552 = DIRECTION ( 'NONE',  ( -0.9238275255624820437, -0.3828089641232313989, -3.854941057726237900E-15 ) ) ;
#2553 = FACE_OUTER_BOUND ( 'NONE', #1429, .T. ) ;
#2554 = ORIENTED_EDGE ( 'NONE', *, *, #203, .F. ) ;
#2555 = COLOUR_RGB ( '',0.8509803921568627194, 0.8509803921568627194, 0.8509803921568627194 ) ;
#2556 = PRESENTATION_LAYER_ASSIGNMENT (  '', '', ( #1916 ) ) ;
#2557 =( LENGTH_UNIT ( ) NAMED_UNIT ( * ) SI_UNIT ( .MILLI., .METRE. ) );
#2558 = FACE_OUTER_BOUND ( 'NONE', #5035, .T. ) ;
#2559 = DIRECTION ( 'NONE',  ( -0.9238275255624818216, -0.3828089641232319540, -3.491481338843134144E-15 ) ) ;
#2560 =( GEOMETRIC_REPRESENTATION_CONTEXT ( 3 ) GLOBAL_UNCERTAINTY_ASSIGNED_CONTEXT ( ( #1902 ) ) GLOBAL_UNIT_ASSIGNED_CONTEXT ( ( #401, #4451, #3102 ) ) REPRESENTATION_CONTEXT ( 'NONE', 'WORKASPACE' ) );
#2561 = AXIS2_PLACEMENT_3D ( 'NONE', #4745, #5641, #3426 ) ;
#2562 = STYLED_ITEM ( 'NONE', ( #1469 ), #2667 ) ;
#2563 = CIRCLE ( 'NONE', #5346, 4.100000000000001421 ) ;
#2564 = AXIS2_PLACEMENT_3D ( 'NONE', #1347, #3929, #829 ) ;
#2565 =( NAMED_UNIT ( * ) PLANE_ANGLE_UNIT ( ) SI_UNIT ( $, .RADIAN. ) );
#2566 = DIRECTION ( 'NONE',  ( -3.225526565811033815E-15, -1.336570354578135212E-15, 1.000000000000000000 ) ) ;
#2567 = SHAPE_DEFINITION_REPRESENTATION ( #1891, #4757 ) ;
#2568 = VERTEX_POINT ( 'NONE', #2583 ) ;
#2569 = MECHANICAL_DESIGN_GEOMETRIC_PRESENTATION_REPRESENTATION (  '', ( #1936 ), #1020 ) ;
#2570 = DIRECTION ( 'NONE',  ( -0.9238275255624818216, -0.3828089641232322871, -3.484935554417692655E-15 ) ) ;
#2571 = ORIENTED_EDGE ( 'NONE', *, *, #1743, .T. ) ;
#2572 = EDGE_CURVE ( 'NONE', #4443, #1160, #1597, .T. ) ;
#2573 = SURFACE_STYLE_USAGE ( .BOTH. , #4378 ) ;
#2574 = ORIENTED_EDGE ( 'NONE', *, *, #3768, .T. ) ;
#2575 = UNCERTAINTY_MEASURE_WITH_UNIT (LENGTH_MEASURE( 1.000000000000000082E-05 ), #4383, 'distance_accuracy_value', 'NONE');
#2576 = CARTESIAN_POINT ( 'NONE',  ( -1.331442069045677190, -2.180536631098923372, -6.071532165918824830E-15 ) ) ;
#2577 = FACE_OUTER_BOUND ( 'NONE', #1515, .T. ) ;
#2578 = FACE_OUTER_BOUND ( 'NONE', #2305, .T. ) ;
#2579 = VERTEX_POINT ( 'NONE', #3817 ) ;
#2580 = SURFACE_STYLE_USAGE ( .BOTH. , #946 ) ;
#2581 = PRESENTATION_STYLE_ASSIGNMENT (( #3020 ) ) ;
#2582 = DIRECTION ( 'NONE',  ( -0.9238275255624818216, -0.3828089641232322871, -3.491481338843132172E-15 ) ) ;
#2583 = CARTESIAN_POINT ( 'NONE',  ( -1.324930242388226542, -2.784012062341640892, -0.1000000000000071942 ) ) ;
#2584 = ORIENTED_EDGE ( 'NONE', *, *, #4834, .F. ) ;
#2585 = DIRECTION ( 'NONE',  ( 0.9238275255624819327, 0.3828089641232319540, 3.487477447601074468E-15 ) ) ;
#2586 = CARTESIAN_POINT ( 'NONE',  ( -0.6004587609220757294, 2.911949394552606929, -7.806255641895631925E-15 ) ) ;
#2587 = FILL_AREA_STYLE ('',( #443 ) ) ;
#2588 = ORIENTED_EDGE ( 'NONE', *, *, #1484, .F. ) ;
#2589 = EDGE_CURVE ( 'NONE', #5090, #1134, #3491, .T. ) ;
#2590 = FILL_AREA_STYLE ('',( #3377 ) ) ;
#2591 = MECHANICAL_DESIGN_GEOMETRIC_PRESENTATION_REPRESENTATION (  '', ( #3908 ), #275 ) ;
#2592 =( NAMED_UNIT ( * ) SI_UNIT ( $, .STERADIAN. ) SOLID_ANGLE_UNIT ( ) );
#2593 = ADVANCED_FACE ( 'NONE', ( #5120 ), #5140, .F. ) ;
#2594 = STYLED_ITEM ( 'NONE', ( #2853 ), #3308 ) ;
#2595 =( NAMED_UNIT ( * ) PLANE_ANGLE_UNIT ( ) SI_UNIT ( $, .RADIAN. ) );
#2596 = CARTESIAN_POINT ( 'NONE',  ( 0.3993560884836860891, 5.130107481058386654, 0.4000000000000088485 ) ) ;
#2597 = DIRECTION ( 'NONE',  ( 3.225526565811033815E-15, 1.336570354578135212E-15, -1.000000000000000000 ) ) ;
#2598 = ORIENTED_EDGE ( 'NONE', *, *, #4502, .F. ) ;
#2599 = AXIS2_PLACEMENT_3D ( 'NONE', #5720, #4825, #456 ) ;
#2600 = AXIS2_PLACEMENT_3D ( 'NONE', #1161, #2046, #3826 ) ;
#2601 = FILL_AREA_STYLE ('',( #3009 ) ) ;
#2602 = ORIENTED_EDGE ( 'NONE', *, *, #5410, .T. ) ;
#2603 = ORIENTED_EDGE ( 'NONE', *, *, #1594, .T. ) ;
#2604 = DIRECTION ( 'NONE',  ( 0.9238275255624818216, 0.3828089641232320095, 3.379331446708064672E-15 ) ) ;
#2605 = LINE ( 'NONE', #2629, #1189 ) ;
#2606 = VECTOR ( 'NONE', #2421, 1000.000000000000114 ) ;
#2607 = CARTESIAN_POINT ( 'NONE',  ( -1.801463674846861318, -0.7464774800403112254, 6.349999999999995204 ) ) ;
#2608 = DIRECTION ( 'NONE',  ( 3.225526565811033815E-15, 1.336570354578135212E-15, -1.000000000000000000 ) ) ;
#2609 = SURFACE_STYLE_USAGE ( .BOTH. , #1329 ) ;
#2610 = ORIENTED_EDGE ( 'NONE', *, *, #3023, .T. ) ;
#2611 = EDGE_CURVE ( 'NONE', #1965, #2397, #5277, .T. ) ;
#2612 = DIRECTION ( 'NONE',  ( 3.225526565811033815E-15, 1.336570354578135212E-15, -1.000000000000000000 ) ) ;
#2613 = SURFACE_STYLE_USAGE ( .BOTH. , #5263 ) ;
#2614 = DIRECTION ( 'NONE',  ( -3.225526565811033815E-15, -1.336570354578135212E-15, 1.000000000000000000 ) ) ;
#2615 = ORIENTED_EDGE ( 'NONE', *, *, #2811, .T. ) ;
#2616 = SURFACE_STYLE_USAGE ( .BOTH. , #45 ) ;
#2617 = PRESENTATION_STYLE_ASSIGNMENT (( #92 ) ) ;
#2618 = DIRECTION ( 'NONE',  ( 0.9771881260227711641, 0.2123755314533781191, 3.212450881438531057E-15 ) ) ;
#2619 =( NAMED_UNIT ( * ) PLANE_ANGLE_UNIT ( ) SI_UNIT ( $, .RADIAN. ) );
#2620 = ADVANCED_FACE ( 'NONE', ( #440 ), #3550, .T. ) ;
#2621 = DIRECTION ( 'NONE',  ( 0.9771881260227710531, 0.2123755314533780358, 3.427477835599334931E-15 ) ) ;
#2622 = ORIENTED_EDGE ( 'NONE', *, *, #1085, .F. ) ;
#2623 = LINE ( 'NONE', #902, #377 ) ;
#2624 = ORIENTED_EDGE ( 'NONE', *, *, #2023, .F. ) ;
#2625 = UNCERTAINTY_MEASURE_WITH_UNIT (LENGTH_MEASURE( 1.000000000000000082E-05 ), #5546, 'distance_accuracy_value', 'NONE');
#2626 = DIRECTION ( 'NONE',  ( -3.225526565811033815E-15, -1.336570354578135212E-15, 1.000000000000000000 ) ) ;
#2627 = CARTESIAN_POINT ( 'NONE',  ( -1.117802175237065265, 2.697576374643597230, -0.09999999999999939493 ) ) ;
#2628 = PRESENTATION_STYLE_ASSIGNMENT (( #460 ) ) ;
#2629 = CARTESIAN_POINT ( 'NONE',  ( -0.9092078558851133252, -2.611748028486188034, 1.519999999999994467 ) ) ;
#2630 = CIRCLE ( 'NONE', #4034, 3.700000000000001066 ) ;
#2631 = FILL_AREA_STYLE ('',( #1731 ) ) ;
#2632 = CARTESIAN_POINT ( 'NONE',  ( 2.770786968921510142E-12, 1.148373371065720003E-12, 0.5999999999999998668 ) ) ;
#2633 = AXIS2_PLACEMENT_3D ( 'NONE', #1763, #3965, #4391 ) ;
#2634 =( NAMED_UNIT ( * ) PLANE_ANGLE_UNIT ( ) SI_UNIT ( $, .RADIAN. ) );
#2635 = CARTESIAN_POINT ( 'NONE',  ( -0.1993017540870222482, 5.129972966550750080, 0.4000000000000062395 ) ) ;
#2636 = PRESENTATION_STYLE_ASSIGNMENT (( #1688 ) ) ;
#2637 = COLOUR_RGB ( '',0.2235294117647058654, 0.2235294117647058654, 0.2235294117647058654 ) ;
#2638 = ORIENTED_EDGE ( 'NONE', *, *, #5181, .T. ) ;
#2639 = AXIS2_PLACEMENT_3D ( 'NONE', #3521, #5275, #314 ) ;
#2640 = EDGE_CURVE ( 'NONE', #4766, #3026, #1406, .T. ) ;
#2641 = PRESENTATION_LAYER_ASSIGNMENT (  '', '', ( #4971 ) ) ;
#2642 = DIRECTION ( 'NONE',  ( -3.225526565811033815E-15, -1.336570354578135212E-15, 1.000000000000000000 ) ) ;
#2643 = DIRECTION ( 'NONE',  ( -0.9771881260227711641, -0.2123755314533780636, -3.352122658892379771E-15 ) ) ;
#2644 =( NAMED_UNIT ( * ) PLANE_ANGLE_UNIT ( ) SI_UNIT ( $, .RADIAN. ) );
#2645 = VECTOR ( 'NONE', #976, 1000.000000000000114 ) ;
#2646 = AXIS2_PLACEMENT_3D ( 'NONE', #1958, #3480, #3542 ) ;
#2647 = VECTOR ( 'NONE', #5441, 1000.000000000000000 ) ;
#2648 = MECHANICAL_DESIGN_GEOMETRIC_PRESENTATION_REPRESENTATION (  '', ( #1755 ), #4418 ) ;
#2649 = CYLINDRICAL_SURFACE ( 'NONE', #3507, 0.2250000000000000888 ) ;
#2650 = UNCERTAINTY_MEASURE_WITH_UNIT (LENGTH_MEASURE( 1.000000000000000082E-05 ), #4196, 'distance_accuracy_value', 'NONE');
#2651 = STYLED_ITEM ( 'NONE', ( #5194 ), #1772 ) ;
#2652 = AXIS2_PLACEMENT_3D ( 'NONE', #3212, #4205, #1861 ) ;
#2653 =( GEOMETRIC_REPRESENTATION_CONTEXT ( 3 ) GLOBAL_UNCERTAINTY_ASSIGNED_CONTEXT ( ( #3117 ) ) GLOBAL_UNIT_ASSIGNED_CONTEXT ( ( #4280, #351, #5196 ) ) REPRESENTATION_CONTEXT ( 'NONE', 'WORKASPACE' ) );
#2654 = DIRECTION ( 'NONE',  ( -3.252606517456511724E-15, -1.084202172485503842E-15, 1.000000000000000000 ) ) ;
#2655 = AXIS2_PLACEMENT_3D ( 'NONE', #3695, #4130, #1923 ) ;
#2656 = DIRECTION ( 'NONE',  ( -3.225526565811033815E-15, -1.336570354578135212E-15, 1.000000000000000000 ) ) ;
#2657 = SURFACE_STYLE_FILL_AREA ( #4873 ) ;
#2658 = AXIS2_PLACEMENT_3D ( 'NONE', #1706, #1204, #5219 ) ;
#2659 = STYLED_ITEM ( 'NONE', ( #3543 ), #2911 ) ;
#2660 = VERTEX_POINT ( 'NONE', #3052 ) ;
#2661 = LINE ( 'NONE', #2781, #4695 ) ;
#2662 = ADVANCED_FACE ( 'NONE', ( #2241 ), #734, .F. ) ;
#2663 = DIRECTION ( 'NONE',  ( 3.225526565811033815E-15, 1.336570354578135212E-15, -1.000000000000000000 ) ) ;
#2664 = STYLED_ITEM ( 'NONE', ( #1448 ), #5385 ) ;
#2665 = SURFACE_STYLE_FILL_AREA ( #4852 ) ;
#2666 =( GEOMETRIC_REPRESENTATION_CONTEXT ( 3 ) GLOBAL_UNCERTAINTY_ASSIGNED_CONTEXT ( ( #2833 ) ) GLOBAL_UNIT_ASSIGNED_CONTEXT ( ( #247, #3798, #1694 ) ) REPRESENTATION_CONTEXT ( 'NONE', 'WORKASPACE' ) );
#2667 = ADVANCED_FACE ( 'NONE', ( #4508 ), #865, .T. ) ;
#2668 =( NAMED_UNIT ( * ) PLANE_ANGLE_UNIT ( ) SI_UNIT ( $, .RADIAN. ) );
#2669 = CARTESIAN_POINT ( 'NONE',  ( 1.117069049144053361, 2.697880045416973793, 1.520000000000008233 ) ) ;
#2670 = CARTESIAN_POINT ( 'NONE',  ( 1.634412463458120524, 2.912253065325601131, 1.520000000000010010 ) ) ;
#2671 = VERTEX_POINT ( 'NONE', #4190 ) ;
#2672 = SURFACE_STYLE_FILL_AREA ( #5708 ) ;
#2673 =( NAMED_UNIT ( * ) PLANE_ANGLE_UNIT ( ) SI_UNIT ( $, .RADIAN. ) );
#2674 = FACE_OUTER_BOUND ( 'NONE', #2219, .T. ) ;
#2675 =( LENGTH_UNIT ( ) NAMED_UNIT ( * ) SI_UNIT ( .MILLI., .METRE. ) );
#2676 = DIRECTION ( 'NONE',  ( 0.9771881260227710531, 0.2123755314533780636, 3.368546957522184381E-15 ) ) ;
#2677 = SURFACE_SIDE_STYLE ('',( #933 ) ) ;
#2678 = DIRECTION ( 'NONE',  ( -0.9238275255624818216, -0.3828089641232320095, -3.489534308118428038E-15 ) ) ;
#2679 = EDGE_CURVE ( 'NONE', #3353, #5397, #3875, .T. ) ;
#2680 = CIRCLE ( 'NONE', #4361, 0.5600000000000001643 ) ;
#2681 =( NAMED_UNIT ( * ) SI_UNIT ( $, .STERADIAN. ) SOLID_ANGLE_UNIT ( ) );
#2682 = CYLINDRICAL_SURFACE ( 'NONE', #4705, 0.3500000000000000888 ) ;
#2683 = VECTOR ( 'NONE', #4833, 1000.000000000000000 ) ;
#2684 = UNCERTAINTY_MEASURE_WITH_UNIT (LENGTH_MEASURE( 1.000000000000000082E-05 ), #3860, 'distance_accuracy_value', 'NONE');
#2685 = DIRECTION ( 'NONE',  ( 0.9771881260227711641, 0.2123755314533780914, 3.435801099659908788E-15 ) ) ;
#2686 =( NAMED_UNIT ( * ) PLANE_ANGLE_UNIT ( ) SI_UNIT ( $, .RADIAN. ) );
#2687 = LINE ( 'NONE', #1296, #1113 ) ;
#2688 = FACE_OUTER_BOUND ( 'NONE', #19, .T. ) ;
#2689 = EDGE_CURVE ( 'NONE', #3273, #3727, #5388, .T. ) ;
#2690 = VERTEX_POINT ( 'NONE', #5445 ) ;
#2691 = DIRECTION ( 'NONE',  ( 0.4031748826396341912, -0.9151229502140776351, 7.732508857166439736E-17 ) ) ;
#2692 =( GEOMETRIC_REPRESENTATION_CONTEXT ( 3 ) GLOBAL_UNCERTAINTY_ASSIGNED_CONTEXT ( ( #5715 ) ) GLOBAL_UNIT_ASSIGNED_CONTEXT ( ( #3783, #4276, #3810 ) ) REPRESENTATION_CONTEXT ( 'NONE', 'WORKASPACE' ) );
#2693 = AXIS2_PLACEMENT_3D ( 'NONE', #4962, #4478, #4449 ) ;
#2694 = CARTESIAN_POINT ( 'NONE',  ( 2.833845565466007965, 0.6158890412147843829, 8.850125019537010473 ) ) ;
#2695 = FACE_OUTER_BOUND ( 'NONE', #445, .T. ) ;
#2696 = CIRCLE ( 'NONE', #2149, 0.2250000000000000888 ) ;
#2697 = DIRECTION ( 'NONE',  ( -0.9238275255624821547, -0.3828089641232316764, -3.491481338843134144E-15 ) ) ;
#2698 = DIRECTION ( 'NONE',  ( -3.225526565811033815E-15, -1.336570354578135212E-15, 1.000000000000000000 ) ) ;
#2699 = ORIENTED_EDGE ( 'NONE', *, *, #944, .T. ) ;
#2700 = ADVANCED_FACE ( 'NONE', ( #3313 ), #2792, .T. ) ;
#2701 = LINE ( 'NONE', #3158, #3734 ) ;
#2702 = ORIENTED_EDGE ( 'NONE', *, *, #1658, .T. ) ;
#2703 = ORIENTED_EDGE ( 'NONE', *, *, #2448, .F. ) ;
#2704 = LINE ( 'NONE', #4458, #5558 ) ;
#2705 = FILL_AREA_STYLE_COLOUR ( '', #3016 ) ;
#2706 = SURFACE_STYLE_FILL_AREA ( #1395 ) ;
#2707 = DIRECTION ( 'NONE',  ( -3.225526565811033815E-15, -1.336570354578135212E-15, 1.000000000000000000 ) ) ;
#2708 = ORIENTED_EDGE ( 'NONE', *, *, #3680, .T. ) ;
#2709 = PRODUCT_DEFINITION_CONTEXT ( 'detailed design', #4311, 'design' ) ;
#2710 = EDGE_LOOP ( 'NONE', ( #2475, #2584, #2791, #590 ) ) ;
#2711 =( LENGTH_UNIT ( ) NAMED_UNIT ( * ) SI_UNIT ( .MILLI., .METRE. ) );
#2712 = CARTESIAN_POINT ( 'NONE',  ( -1.635145589552059908, 2.483203354734585311, 1.519999999999998685 ) ) ;
#2713 = CARTESIAN_POINT ( 'NONE',  ( -2.442970315056952835, -0.5309388286334555396, 7.350125019536991822 ) ) ;
#2714 =( LENGTH_UNIT ( ) NAMED_UNIT ( * ) SI_UNIT ( .MILLI., .METRE. ) );
#2715 =( GEOMETRIC_REPRESENTATION_CONTEXT ( 3 ) GLOBAL_UNCERTAINTY_ASSIGNED_CONTEXT ( ( #1025 ) ) GLOBAL_UNIT_ASSIGNED_CONTEXT ( ( #1960, #205, #2015 ) ) REPRESENTATION_CONTEXT ( 'NONE', 'WORKASPACE' ) );
#2716 =( NAMED_UNIT ( * ) SI_UNIT ( $, .STERADIAN. ) SOLID_ANGLE_UNIT ( ) );
#2717 = EDGE_CURVE ( 'NONE', #4917, #4727, #1090, .T. ) ;
#2718 = DIRECTION ( 'NONE',  ( 3.225526565811033815E-15, 1.336570354578135212E-15, -1.000000000000000000 ) ) ;
#2719 = EDGE_LOOP ( 'NONE', ( #2554, #2075, #2982, #2534 ) ) ;
#2720 = CARTESIAN_POINT ( 'NONE',  ( 1.117069049144058690, 2.697880045416976014, 7.806255641895631925E-15 ) ) ;
#2721 =( NAMED_UNIT ( * ) PLANE_ANGLE_UNIT ( ) SI_UNIT ( $, .RADIAN. ) );
#2722 = SURFACE_SIDE_STYLE ('',( #1405 ) ) ;
#2723 = SURFACE_SIDE_STYLE ('',( #2238 ) ) ;
#2724 = DIRECTION ( 'NONE',  ( 0.3828089641232319540, -0.9238275255624818216, 0.000000000000000000 ) ) ;
#2725 = MECHANICAL_DESIGN_GEOMETRIC_PRESENTATION_REPRESENTATION (  '', ( #1262 ), #3097 ) ;
#2726 = FACE_OUTER_BOUND ( 'NONE', #5517, .T. ) ;
#2727 = ORIENTED_EDGE ( 'NONE', *, *, #11, .T. ) ;
#2728 =( GEOMETRIC_REPRESENTATION_CONTEXT ( 3 ) GLOBAL_UNCERTAINTY_ASSIGNED_CONTEXT ( ( #3453 ) ) GLOBAL_UNIT_ASSIGNED_CONTEXT ( ( #354, #1651, #6 ) ) REPRESENTATION_CONTEXT ( 'NONE', 'WORKASPACE' ) );
#2729 = EDGE_CURVE ( 'NONE', #5248, #3216, #5338, .T. ) ;
#2730 = FILL_AREA_STYLE ('',( #3110 ) ) ;
#2731 = PRESENTATION_LAYER_ASSIGNMENT (  '', '', ( #3012 ) ) ;
#2732 = SURFACE_STYLE_FILL_AREA ( #2333 ) ;
#2733 = LINE ( 'NONE', #543, #4370 ) ;
#2734 = ORIENTED_EDGE ( 'NONE', *, *, #5206, .F. ) ;
#2735 = MECHANICAL_DESIGN_GEOMETRIC_PRESENTATION_REPRESENTATION (  '', ( #3955 ), #4703 ) ;
#2736 =( LENGTH_UNIT ( ) NAMED_UNIT ( * ) SI_UNIT ( .MILLI., .METRE. ) );
#2737 = AXIS2_PLACEMENT_3D ( 'NONE', #474, #2245, #4486 ) ;
#2738 = CONICAL_SURFACE ( 'NONE', #3488, 2.700000000000000622, 0.6747409422234239562 ) ;
#2739 = CYLINDRICAL_SURFACE ( 'NONE', #4440, 0.2250000000000000056 ) ;
#2740 =( NAMED_UNIT ( * ) PLANE_ANGLE_UNIT ( ) SI_UNIT ( $, .RADIAN. ) );
#2741 = VECTOR ( 'NONE', #4600, 1000.000000000000000 ) ;
#2742 = DIRECTION ( 'NONE',  ( -3.225526565811033815E-15, -1.336570354578135212E-15, 1.000000000000000000 ) ) ;
#2743 = VECTOR ( 'NONE', #4304, 1000.000000000000000 ) ;
#2744 = AXIS2_PLACEMENT_3D ( 'NONE', #5610, #5155, #791 ) ;
#2745 = DIRECTION ( 'NONE',  ( 0.6104445828554113662, 0.1326699427206631254, 0.7808688094430323856 ) ) ;
#2746 = VECTOR ( 'NONE', #2861, 1000.000000000000000 ) ;
#2747 = ORIENTED_EDGE ( 'NONE', *, *, #3288, .T. ) ;
#2748 = AXIS2_PLACEMENT_3D ( 'NONE', #4752, #866, #2585 ) ;
#2749 = UNCERTAINTY_MEASURE_WITH_UNIT (LENGTH_MEASURE( 1.000000000000000082E-05 ), #2029, 'distance_accuracy_value', 'NONE');
#2750 = FACE_OUTER_BOUND ( 'NONE', #2710, .T. ) ;
#2751 = FILL_AREA_STYLE_COLOUR ( '', #4341 ) ;
#2752 = ORIENTED_EDGE ( 'NONE', *, *, #5216, .F. ) ;
#2753 = AXIS2_PLACEMENT_3D ( 'NONE', #779, #4724, #1713 ) ;
#2754 = ORIENTED_EDGE ( 'NONE', *, *, #2894, .T. ) ;
#2755 = COLOUR_RGB ( '',0.8509803921568627194, 0.8509803921568627194, 0.8509803921568627194 ) ;
#2756 = ADVANCED_FACE ( 'NONE', ( #4168, #1953 ), #690, .T. ) ;
#2757 = CONICAL_SURFACE ( 'NONE', #4712, 2.700000000000000622, 0.6747409422234239562 ) ;
#2758 = COLOUR_RGB ( '',0.2235294117647058654, 0.2235294117647058654, 0.2235294117647058654 ) ;
#2759 = PRESENTATION_STYLE_ASSIGNMENT (( #593 ) ) ;
#2760 = AXIS2_PLACEMENT_3D ( 'NONE', #5596, #5174, #2972 ) ;
#2761 = DIRECTION ( 'NONE',  ( -3.225526565811033815E-15, -1.336570354578135212E-15, 1.000000000000000000 ) ) ;
#2762 = DIRECTION ( 'NONE',  ( 0.9238275255624820437, 0.3828089641232313989, 3.854941057726237900E-15 ) ) ;
#2763 =( NAMED_UNIT ( * ) SI_UNIT ( $, .STERADIAN. ) SOLID_ANGLE_UNIT ( ) );
#2764 =( LENGTH_UNIT ( ) NAMED_UNIT ( * ) SI_UNIT ( .MILLI., .METRE. ) );
#2765 = PLANE ( 'NONE',  #1703 ) ;
#2766 = ORIENTED_EDGE ( 'NONE', *, *, #3442, .T. ) ;
#2767 = COLOUR_RGB ( '',0.8509803921568627194, 0.8509803921568627194, 0.8509803921568627194 ) ;
#2768 = ORIENTED_EDGE ( 'NONE', *, *, #842, .F. ) ;
#2769 = EDGE_LOOP ( 'NONE', ( #745, #7, #3636, #1867 ) ) ;
#2770 =( NAMED_UNIT ( * ) SI_UNIT ( $, .STERADIAN. ) SOLID_ANGLE_UNIT ( ) );
#2771 = DIRECTION ( 'NONE',  ( 0.6532447079719758687, 0.2706868144305171198, -0.7071067811865947572 ) ) ;
#2772 = VERTEX_POINT ( 'NONE', #3367 ) ;
#2773 = PRESENTATION_STYLE_ASSIGNMENT (( #1018 ) ) ;
#2774 =( LENGTH_UNIT ( ) NAMED_UNIT ( * ) SI_UNIT ( .MILLI., .METRE. ) );
#2775 = EDGE_LOOP ( 'NONE', ( #1624, #619, #3878, #183 ) ) ;
#2776 = SURFACE_STYLE_USAGE ( .BOTH. , #4438 ) ;
#2777 = FILL_AREA_STYLE ('',( #4182 ) ) ;
#2778 = ORIENTED_EDGE ( 'NONE', *, *, #5590, .T. ) ;
#2779 = DIRECTION ( 'NONE',  ( -0.6909763504056738448, -0.1501721784487796418, -0.7071067811865497932 ) ) ;
#2780 = EDGE_LOOP ( 'NONE', ( #936, #4325, #2708, #3435 ) ) ;
#2781 = CARTESIAN_POINT ( 'NONE',  ( -2.833845565466068805, -0.6158890412148098070, 9.850125019536987381 ) ) ;
#2782 = DIRECTION ( 'NONE',  ( 3.225526565811033815E-15, 1.336570354578135212E-15, -1.000000000000000000 ) ) ;
#2783 = CARTESIAN_POINT ( 'NONE',  ( 2.770786968921510142E-12, 1.148373371065720003E-12, 0.5999999999999998668 ) ) ;
#2784 = DIRECTION ( 'NONE',  ( -3.225526565811033815E-15, -1.336570354578135212E-15, 1.000000000000000000 ) ) ;
#2785 =( LENGTH_UNIT ( ) NAMED_UNIT ( * ) SI_UNIT ( .MILLI., .METRE. ) );
#2786 = ORIENTED_EDGE ( 'NONE', *, *, #173, .F. ) ;
#2787 = DIRECTION ( 'NONE',  ( 0.9238275255624819327, 0.3828089641232318430, 3.523657060577889411E-15 ) ) ;
#2788 = DIRECTION ( 'NONE',  ( 3.225526565811033815E-15, 1.336570354578135212E-15, -1.000000000000000000 ) ) ;
#2789 = CIRCLE ( 'NONE', #2504, 0.5600000000000000533 ) ;
#2790 = SURFACE_STYLE_FILL_AREA ( #4504 ) ;
#2791 = ORIENTED_EDGE ( 'NONE', *, *, #5089, .F. ) ;
#2792 = CYLINDRICAL_SURFACE ( 'NONE', #3498, 0.5600000000000000533 ) ;
#2793 = COLOUR_RGB ( '',0.2235294117647058654, 0.2235294117647058654, 0.2235294117647058654 ) ;
#2794 =( LENGTH_UNIT ( ) NAMED_UNIT ( * ) SI_UNIT ( .MILLI., .METRE. ) );
#2795 = SURFACE_STYLE_USAGE ( .BOTH. , #4107 ) ;
#2796 = ORIENTED_EDGE ( 'NONE', *, *, #358, .F. ) ;
#2797 = FILL_AREA_STYLE ('',( #1167 ) ) ;
#2798 = TOROIDAL_SURFACE ( 'NONE', #4277, 0.3925000000000000155, 0.2368807716974999922 ) ;
#2799 = VECTOR ( 'NONE', #5234, 1000.000000000000000 ) ;
#2800 =( NAMED_UNIT ( * ) PLANE_ANGLE_UNIT ( ) SI_UNIT ( $, .RADIAN. ) );
#2801 = ADVANCED_FACE ( 'NONE', ( #4715 ), #794, .F. ) ;
#2802 = DIRECTION ( 'NONE',  ( -2.168404344971012812E-15, -1.084202172485506406E-15, 1.000000000000000000 ) ) ;
#2803 = SURFACE_SIDE_STYLE ('',( #115 ) ) ;
#2804 = ORIENTED_EDGE ( 'NONE', *, *, #5410, .F. ) ;
#2805 = STYLED_ITEM ( 'NONE', ( #3892 ), #3981 ) ;
#2806 = DIRECTION ( 'NONE',  ( -3.225526565811033815E-15, -1.336570354578135212E-15, 1.000000000000000000 ) ) ;
#2807 = EDGE_LOOP ( 'NONE', ( #3693, #1034, #3706, #4634 ) ) ;
#2808 = FILL_AREA_STYLE ('',( #1904 ) ) ;
#2809 = SURFACE_SIDE_STYLE ('',( #583 ) ) ;
#2810 = ORIENTED_EDGE ( 'NONE', *, *, #90, .T. ) ;
#2811 = EDGE_CURVE ( 'NONE', #5705, #5031, #2470, .T. ) ;
#2812 = UNCERTAINTY_MEASURE_WITH_UNIT (LENGTH_MEASURE( 1.000000000000000082E-05 ), #4039, 'distance_accuracy_value', 'NONE');
#2813 = FACE_OUTER_BOUND ( 'NONE', #1926, .T. ) ;
#2814 =( NAMED_UNIT ( * ) SI_UNIT ( $, .STERADIAN. ) SOLID_ANGLE_UNIT ( ) );
#2815 = ORIENTED_EDGE ( 'NONE', *, *, #1019, .T. ) ;
#2816 = DIRECTION ( 'NONE',  ( -0.9771881260227710531, -0.2123755314533780636, -3.390605524963166215E-15 ) ) ;
#2817 = PRESENTATION_LAYER_ASSIGNMENT (  '', '', ( #4858 ) ) ;
#2818 = UNCERTAINTY_MEASURE_WITH_UNIT (LENGTH_MEASURE( 1.000000000000000082E-05 ), #1299, 'distance_accuracy_value', 'NONE');
#2819 = FILL_AREA_STYLE_COLOUR ( '', #2382 ) ;
#2820 = FILL_AREA_STYLE ('',( #1062 ) ) ;
#2821 = FILL_AREA_STYLE ('',( #3723 ) ) ;
#2822 = ORIENTED_EDGE ( 'NONE', *, *, #1848, .T. ) ;
#2823 = ORIENTED_EDGE ( 'NONE', *, *, #4134, .T. ) ;
#2824 = CARTESIAN_POINT ( 'NONE',  ( -0.3992967299913841028, 5.128555358207676385, 6.071532165918824830E-15 ) ) ;
#2825 = VERTEX_POINT ( 'NONE', #2989 ) ;
#2826 = FILL_AREA_STYLE ('',( #601 ) ) ;
#2827 = CARTESIAN_POINT ( 'NONE',  ( -3.365429122328282987E-14, -1.394542163445761377E-14, 10.57009106966100020 ) ) ;
#2828 = DIRECTION ( 'NONE',  ( -3.225526565811033815E-15, -1.336570354578135212E-15, 1.000000000000000000 ) ) ;
#2829 = ORIENTED_EDGE ( 'NONE', *, *, #2347, .F. ) ;
#2830 = MECHANICAL_DESIGN_GEOMETRIC_PRESENTATION_REPRESENTATION (  '', ( #5313 ), #1730 ) ;
#2831 = ADVANCED_FACE ( 'NONE', ( #4328 ), #1010, .F. ) ;
#2832 = SURFACE_STYLE_USAGE ( .BOTH. , #4574 ) ;
#2833 = UNCERTAINTY_MEASURE_WITH_UNIT (LENGTH_MEASURE( 1.000000000000000082E-05 ), #247, 'distance_accuracy_value', 'NONE');
#2834 =( GEOMETRIC_REPRESENTATION_CONTEXT ( 3 ) GLOBAL_UNCERTAINTY_ASSIGNED_CONTEXT ( ( #2749 ) ) GLOBAL_UNIT_ASSIGNED_CONTEXT ( ( #2029, #3363, #764 ) ) REPRESENTATION_CONTEXT ( 'NONE', 'WORKASPACE' ) );
#2835 = ORIENTED_EDGE ( 'NONE', *, *, #3604, .T. ) ;
#2836 = SURFACE_SIDE_STYLE ('',( #2426 ) ) ;
#2837 = MECHANICAL_DESIGN_GEOMETRIC_PRESENTATION_REPRESENTATION (  '', ( #1081 ), #4596 ) ;
#2838 = DIRECTION ( 'NONE',  ( -3.225526565811033815E-15, -1.336570354578135212E-15, 1.000000000000000000 ) ) ;
#2839 = AXIS2_PLACEMENT_3D ( 'NONE', #937, #3128, #2293 ) ;
#2840 = CIRCLE ( 'NONE', #1275, 0.7469883813846001086 ) ;
#2841 = SURFACE_STYLE_USAGE ( .BOTH. , #4581 ) ;
#2842 =( NAMED_UNIT ( * ) PLANE_ANGLE_UNIT ( ) SI_UNIT ( $, .RADIAN. ) );
#2843 = VERTEX_POINT ( 'NONE', #1231 ) ;
#2844 = CLOSED_SHELL ( 'NONE', ( #291, #1827, #3191, #3111, #1340, #2593, #1878, #1569, #4635, #827, #2801, #4201, #929, #4522, #5717, #36, #1539, #3887, #2249, #4839, #2958, #78, #5555, #1529, #179, #5240, #4844, #4084, #3090 ) ) ;
#2845 =( GEOMETRIC_REPRESENTATION_CONTEXT ( 3 ) GLOBAL_UNCERTAINTY_ASSIGNED_CONTEXT ( ( #1546 ) ) GLOBAL_UNIT_ASSIGNED_CONTEXT ( ( #3526, #2222, #3140 ) ) REPRESENTATION_CONTEXT ( 'NONE', 'WORKASPACE' ) );
#2846 = COLOUR_RGB ( '',0.9686274509803921573, 0.8784313725490195957, 0.5999999999999999778 ) ;
#2847 = AXIS2_PLACEMENT_3D ( 'NONE', #3257, #1038, #2442 ) ;
#2848 = PRESENTATION_STYLE_ASSIGNMENT (( #3682 ) ) ;
#2849 = SURFACE_STYLE_USAGE ( .BOTH. , #194 ) ;
#2850 = DIRECTION ( 'NONE',  ( -0.9771881260227711641, -0.2123755314533780914, -3.469446951953613006E-15 ) ) ;
#2851 = AXIS2_PLACEMENT_3D ( 'NONE', #5645, #2942, #1149 ) ;
#2852 = CIRCLE ( 'NONE', #2737, 0.7469883813846004417 ) ;
#2853 = PRESENTATION_STYLE_ASSIGNMENT (( #4996 ) ) ;
#2854 = MECHANICAL_DESIGN_GEOMETRIC_PRESENTATION_REPRESENTATION (  '', ( #3115 ), #1558 ) ;
#2855 = EDGE_CURVE ( 'NONE', #364, #5577, #4012, .T. ) ;
#2856 = STYLED_ITEM ( 'NONE', ( #669 ), #2491 ) ;
#2857 = STYLED_ITEM ( 'NONE', ( #375 ), #1792 ) ;
#2858 = AXIS2_PLACEMENT_3D ( 'NONE', #139, #595, #5544 ) ;
#2859 = DIRECTION ( 'NONE',  ( -0.3828089641232319540, 0.9238275255624818216, 0.000000000000000000 ) ) ;
#2860 = CIRCLE ( 'NONE', #3779, 2.500000000000000888 ) ;
#2861 = DIRECTION ( 'NONE',  ( 3.225526565811033815E-15, 1.336570354578135212E-15, -1.000000000000000000 ) ) ;
#2862 =( GEOMETRIC_REPRESENTATION_CONTEXT ( 3 ) GLOBAL_UNCERTAINTY_ASSIGNED_CONTEXT ( ( #1964 ) ) GLOBAL_UNIT_ASSIGNED_CONTEXT ( ( #4301, #311, #286 ) ) REPRESENTATION_CONTEXT ( 'NONE', 'WORKASPACE' ) );
#2863 = SURFACE_SIDE_STYLE ('',( #2412 ) ) ;
#2864 = DIRECTION ( 'NONE',  ( -3.225526565811033815E-15, -1.336570354578135212E-15, 1.000000000000000000 ) ) ;
#2865 = CARTESIAN_POINT ( 'NONE',  ( -4.543924786005889338, -0.9875462212582094557, 0.7500000000007422951 ) ) ;
#2866 = EDGE_CURVE ( 'NONE', #462, #4771, #4878, .T. ) ;
#2867 = COLOUR_RGB ( '',0.2235294117647058654, 0.2235294117647058654, 0.2235294117647058654 ) ;
#2868 = MECHANICAL_DESIGN_GEOMETRIC_PRESENTATION_REPRESENTATION (  '', ( #3785 ), #3883 ) ;
#2869 = ORIENTED_EDGE ( 'NONE', *, *, #488, .T. ) ;
#2870 = COLOUR_RGB ( '',0.2235294117647058654, 0.2235294117647058654, 0.2235294117647058654 ) ;
#2871 = DIRECTION ( 'NONE',  ( 0.9771881260227711641, 0.2123755314533780636, 3.363802103761658346E-15 ) ) ;
#2872 = CARTESIAN_POINT ( 'NONE',  ( 1.801463674846819352, 0.7464774800402940169, 6.600000000000007638 ) ) ;
#2873 = PRESENTATION_LAYER_ASSIGNMENT (  '', '', ( #1936 ) ) ;
#2874 = CARTESIAN_POINT ( 'NONE',  ( -3.704548377502782763, -1.535063946133012447, 0.5999999999999859890 ) ) ;
#2875 = CIRCLE ( 'NONE', #167, 0.5600000000000001643 ) ;
#2876 = ORIENTED_EDGE ( 'NONE', *, *, #1263, .T. ) ;
#2877 =( GEOMETRIC_REPRESENTATION_CONTEXT ( 3 ) GLOBAL_UNCERTAINTY_ASSIGNED_CONTEXT ( ( #3533 ) ) GLOBAL_UNIT_ASSIGNED_CONTEXT ( ( #4758, #4674, #2485 ) ) REPRESENTATION_CONTEXT ( 'NONE', 'WORKASPACE' ) );
#2878 =( NAMED_UNIT ( * ) PLANE_ANGLE_UNIT ( ) SI_UNIT ( $, .RADIAN. ) );
#2879 = EDGE_CURVE ( 'NONE', #867, #3273, #345, .T. ) ;
#2880 = FILL_AREA_STYLE_COLOUR ( '', #318 ) ;
#2881 = FILL_AREA_STYLE_COLOUR ( '', #4796 ) ;
#2882 = DIRECTION ( 'NONE',  ( 0.9238275255624818216, 0.3828089641232322315, 3.491481338843131383E-15 ) ) ;
#2883 = ORIENTED_EDGE ( 'NONE', *, *, #4589, .T. ) ;
#2884 = SURFACE_STYLE_FILL_AREA ( #4591 ) ;
#2885 = CARTESIAN_POINT ( 'NONE',  ( -3.556735973415575902, -1.473814511874451894, 6.149999999999986144 ) ) ;
#2886 = DIRECTION ( 'NONE',  ( -0.9238275255624818216, -0.3828089641232320095, -3.491975828265000187E-15 ) ) ;
#2887 = CARTESIAN_POINT ( 'NONE',  ( -2.771403259486655113, -0.6023182480743647371, 6.929999999999989058 ) ) ;
#2888 = PRESENTATION_LAYER_ASSIGNMENT (  '', '', ( #3908 ) ) ;
#2889 = CARTESIAN_POINT ( 'NONE',  ( -2.083360885250841669E-14, -8.632880059426142307E-15, 6.150000000000000355 ) ) ;
#2890 = SURFACE_SIDE_STYLE ('',( #91 ) ) ;
#2891 = EDGE_LOOP ( 'NONE', ( #3967, #2699 ) ) ;
#2892 = DIRECTION ( 'NONE',  ( 0.9238275255624819327, 0.3828089641232317319, 3.523657060577888227E-15 ) ) ;
#2893 = CIRCLE ( 'NONE', #3816, 0.2250000000000000056 ) ;
#2894 = EDGE_CURVE ( 'NONE', #1006, #5090, #3411, .T. ) ;
#2895 = CARTESIAN_POINT ( 'NONE',  ( -0.3964379481824795159, 4.725240859117358916, 0.4000000000000054068 ) ) ;
#2896 = FILL_AREA_STYLE ('',( #5095 ) ) ;
#2897 = VERTEX_POINT ( 'NONE', #459 ) ;
#2898 = CIRCLE ( 'NONE', #3639, 4.650000000000002132 ) ;
#2899 = FILL_AREA_STYLE ('',( #4546 ) ) ;
#2900 = DIRECTION ( 'NONE',  ( 3.225526565811033815E-15, 1.336570354578135212E-15, -1.000000000000000000 ) ) ;
#2901 = SURFACE_SIDE_STYLE ('',( #4180 ) ) ;
#2902 = CARTESIAN_POINT ( 'NONE',  ( 1.117069049143047277, 2.697880045416556793, 27.07046610168999834 ) ) ;
#2903 = AXIS2_PLACEMENT_3D ( 'NONE', #3651, #4150, #550 ) ;
#2904 = FILL_AREA_STYLE_COLOUR ( '', #1143 ) ;
#2905 = DIRECTION ( 'NONE',  ( 3.225526565811033815E-15, 1.336570354578135212E-15, -1.000000000000000000 ) ) ;
#2906 = MECHANICAL_DESIGN_GEOMETRIC_PRESENTATION_REPRESENTATION (  '', ( #1972 ), #1421 ) ;
#2907 =( NAMED_UNIT ( * ) PLANE_ANGLE_UNIT ( ) SI_UNIT ( $, .RADIAN. ) );
#2908 = SURFACE_SIDE_STYLE ('',( #742 ) ) ;
#2909 = DIRECTION ( 'NONE',  ( -0.9238275255624818216, -0.3828089641232323981, -3.491481338843132566E-15 ) ) ;
#2910 = FACE_OUTER_BOUND ( 'NONE', #83, .T. ) ;
#2911 = ADVANCED_FACE ( 'NONE', ( #3, #5356 ), #1797, .T. ) ;
#2912 = ORIENTED_EDGE ( 'NONE', *, *, #3045, .T. ) ;
#2913 = SURFACE_STYLE_FILL_AREA ( #5586 ) ;
#2914 = ORIENTED_EDGE ( 'NONE', *, *, #998, .T. ) ;
#2915 = EDGE_CURVE ( 'NONE', #604, #4645, #1400, .T. ) ;
#2916 = DIRECTION ( 'NONE',  ( -3.225526565811033815E-15, -1.336570354578135212E-15, 1.000000000000000000 ) ) ;
#2917 = ORIENTED_EDGE ( 'NONE', *, *, #1963, .F. ) ;
#2918 = DIRECTION ( 'NONE',  ( 0.9238275255624818216, 0.3828089641232322315, 3.491481338843131383E-15 ) ) ;
#2919 = DIRECTION ( 'NONE',  ( 0.2123755314533780914, -0.9771881260227711641, -6.210577614566907149E-16 ) ) ;
#2920 = ORIENTED_EDGE ( 'NONE', *, *, #4212, .F. ) ;
#2921 = CARTESIAN_POINT ( 'NONE',  ( -2.442970315056956387, -0.5309388286334568718, 8.350125019536992710 ) ) ;
#2922 = SURFACE_SIDE_STYLE ('',( #3412 ) ) ;
#2923 = EDGE_LOOP ( 'NONE', ( #1999, #534, #67, #5664 ) ) ;
#2924 = CARTESIAN_POINT ( 'NONE',  ( -0.9092078558851133252, -2.611748028486188034, 1.519999999999994467 ) ) ;
#2925 = COLOUR_RGB ( '',0.2235294117647058654, 0.2235294117647058654, 0.2235294117647058654 ) ;
#2926 = SURFACE_STYLE_USAGE ( .BOTH. , #2908 ) ;
#2927 = COLOUR_RGB ( '',0.2235294117647058654, 0.2235294117647058654, 0.2235294117647058654 ) ;
#2928 = SURFACE_STYLE_USAGE ( .BOTH. , #1165 ) ;
#2929 =( GEOMETRIC_REPRESENTATION_CONTEXT ( 3 ) GLOBAL_UNCERTAINTY_ASSIGNED_CONTEXT ( ( #4565 ) ) GLOBAL_UNIT_ASSIGNED_CONTEXT ( ( #3418, #2565, #5210 ) ) REPRESENTATION_CONTEXT ( 'NONE', 'WORKASPACE' ) );
#2930 = UNCERTAINTY_MEASURE_WITH_UNIT (LENGTH_MEASURE( 1.000000000000000082E-05 ), #3905, 'distance_accuracy_value', 'NONE');
#2931 = SURFACE_STYLE_FILL_AREA ( #5541 ) ;
#2932 = COLOUR_RGB ( '',0.9686274509803921573, 0.8784313725490195957, 0.5999999999999999778 ) ;
#2933 = AXIS2_PLACEMENT_3D ( 'NONE', #5534, #1586, #1810 ) ;
#2934 = DIRECTION ( 'NONE',  ( 3.225526565811033815E-15, 1.336570354578135212E-15, -1.000000000000000000 ) ) ;
#2935 = ADVANCED_FACE ( 'NONE', ( #3048 ), #1839, .F. ) ;
#2936 = PRESENTATION_STYLE_ASSIGNMENT (( #4169 ) ) ;
#2937 = COLOUR_RGB ( '',0.9686274509803921573, 0.8784313725490195957, 0.5999999999999999778 ) ;
#2938 = ORIENTED_EDGE ( 'NONE', *, *, #412, .T. ) ;
#2939 = CYLINDRICAL_SURFACE ( 'NONE', #2081, 3.325000000000000622 ) ;
#2940 = AXIS2_PLACEMENT_3D ( 'NONE', #558, #1058, #5079 ) ;
#2941 = CIRCLE ( 'NONE', #5613, 4.570000000000001172 ) ;
#2942 = DIRECTION ( 'NONE',  ( 3.225526565811033815E-15, 1.336570354578135212E-15, -1.000000000000000000 ) ) ;
#2943 = STYLED_ITEM ( 'NONE', ( #1002 ), #2700 ) ;
#2944 = CARTESIAN_POINT ( 'NONE',  ( -1.117802175237065265, 2.697576374643597230, -9.540979117872439019E-15 ) ) ;
#2945 = EDGE_CURVE ( 'NONE', #4510, #1254, #3608, .T. ) ;
#2946 = FILL_AREA_STYLE ('',( #1183 ) ) ;
#2947 = PRESENTATION_LAYER_ASSIGNMENT (  '', '', ( #250 ) ) ;
#2948 = EDGE_LOOP ( 'NONE', ( #4548, #2087, #104, #237 ) ) ;
#2949 = COLOUR_RGB ( '',0.8509803921568627194, 0.8509803921568627194, 0.8509803921568627194 ) ;
#2950 = AXIS2_PLACEMENT_3D ( 'NONE', #3224, #1978, #3591 ) ;
#2951 = FACE_OUTER_BOUND ( 'NONE', #1710, .T. ) ;
#2952 = SURFACE_SIDE_STYLE ('',( #809 ) ) ;
#2953 = SURFACE_STYLE_FILL_AREA ( #2999 ) ;
#2954 = AXIS2_PLACEMENT_3D ( 'NONE', #5039, #2503, #841 ) ;
#2955 = FACE_OUTER_BOUND ( 'NONE', #4826, .T. ) ;
#2956 = PRESENTATION_LAYER_ASSIGNMENT (  '', '', ( #2119 ) ) ;
#2957 =( NAMED_UNIT ( * ) PLANE_ANGLE_UNIT ( ) SI_UNIT ( $, .RADIAN. ) );
#2958 = ADVANCED_FACE ( 'NONE', ( #547 ), #1791, .T. ) ;
#2959 = FACE_OUTER_BOUND ( 'NONE', #4680, .T. ) ;
#2960 = EDGE_LOOP ( 'NONE', ( #545, #5362, #258, #1735 ) ) ;
#2961 = ORIENTED_EDGE ( 'NONE', *, *, #1699, .F. ) ;
#2962 = FILL_AREA_STYLE_COLOUR ( '', #2925 ) ;
#2963 = DIRECTION ( 'NONE',  ( 3.225526565811033815E-15, 1.336570354578135212E-15, -1.000000000000000000 ) ) ;
#2964 = SURFACE_STYLE_USAGE ( .BOTH. , #5274 ) ;
#2965 = PRESENTATION_STYLE_ASSIGNMENT (( #3959 ) ) ;
#2966 = SURFACE_STYLE_USAGE ( .BOTH. , #4305 ) ;
#2967 = SURFACE_STYLE_FILL_AREA ( #2946 ) ;
#2968 = MECHANICAL_DESIGN_GEOMETRIC_PRESENTATION_REPRESENTATION (  '', ( #1773 ), #93 ) ;
#2969 = DIRECTION ( 'NONE',  ( -3.225526565811033815E-15, -1.336570354578135212E-15, 1.000000000000000000 ) ) ;
#2970 = CARTESIAN_POINT ( 'NONE',  ( 0.5997256348290687100, 2.483507025507966315, 5.204170427930421283E-15 ) ) ;
#2971 = EDGE_LOOP ( 'NONE', ( #1128, #4808 ) ) ;
#2972 = DIRECTION ( 'NONE',  ( -0.9238275255624819327, -0.3828089641232320650, -3.460794964542258598E-15 ) ) ;
#2973 = ADVANCED_FACE ( 'NONE', ( #3170 ), #1420, .F. ) ;
#2974 = AXIS2_PLACEMENT_3D ( 'NONE', #1142, #1462, #2816 ) ;
#2975 = DIRECTION ( 'NONE',  ( 3.225526565811033815E-15, 1.336570354578135212E-15, -1.000000000000000000 ) ) ;
#2976 = AXIS2_PLACEMENT_3D ( 'NONE', #361, #3923, #3980 ) ;
#2977 =( GEOMETRIC_REPRESENTATION_CONTEXT ( 3 ) GLOBAL_UNCERTAINTY_ASSIGNED_CONTEXT ( ( #931 ) ) GLOBAL_UNIT_ASSIGNED_CONTEXT ( ( #2714, #2842, #4991 ) ) REPRESENTATION_CONTEXT ( 'NONE', 'WORKASPACE' ) );
#2978 = CIRCLE ( 'NONE', #5570, 0.2250000000000000056 ) ;
#2979 = CARTESIAN_POINT ( 'NONE',  ( -1.325663368488604110, 2.611444357715877906, -6.000000000000000888 ) ) ;
#2980 = DIRECTION ( 'NONE',  ( -3.225526565811033815E-15, -1.336570354578135212E-15, 1.000000000000000000 ) ) ;
#2981 = FILL_AREA_STYLE_COLOUR ( '', #1575 ) ;
#2982 = ORIENTED_EDGE ( 'NONE', *, *, #3661, .T. ) ;
#2983 = EDGE_LOOP ( 'NONE', ( #988, #5193 ) ) ;
#2984 = EDGE_CURVE ( 'NONE', #1017, #4973, #4087, .T. ) ;
#2985 = ORIENTED_EDGE ( 'NONE', *, *, #3546, .T. ) ;
#2986 = UNCERTAINTY_MEASURE_WITH_UNIT (LENGTH_MEASURE( 1.000000000000000082E-05 ), #1821, 'distance_accuracy_value', 'NONE');
#2987 =( NAMED_UNIT ( * ) PLANE_ANGLE_UNIT ( ) SI_UNIT ( $, .RADIAN. ) );
#2988 = MECHANICAL_DESIGN_GEOMETRIC_PRESENTATION_REPRESENTATION (  '', ( #589 ), #3265 ) ;
#2989 = CARTESIAN_POINT ( 'NONE',  ( -3.787692854806196774, -1.569516752905259827, 6.199999999999985967 ) ) ;
#2990 = SURFACE_STYLE_FILL_AREA ( #2461 ) ;
#2991 = SURFACE_STYLE_FILL_AREA ( #1681 ) ;
#2992 = DIRECTION ( 'NONE',  ( -3.225526565811033815E-15, -1.336570354578135212E-15, 1.000000000000000000 ) ) ;
#2993 = DIRECTION ( 'NONE',  ( 3.225526565811033815E-15, 1.336570354578135212E-15, -1.000000000000000000 ) ) ;
#2994 = PLANE ( 'NONE',  #2639 ) ;
#2995 = DIRECTION ( 'NONE',  ( 0.9238275255624818216, 0.3828089641232320095, 3.491975828265000187E-15 ) ) ;
#2996 = CARTESIAN_POINT ( 'NONE',  ( -2.724395003789562328E-14, -1.128915084694187646E-14, 8.600125019536999815 ) ) ;
#2997 =( NAMED_UNIT ( * ) SI_UNIT ( $, .STERADIAN. ) SOLID_ANGLE_UNIT ( ) );
#2998 =( NAMED_UNIT ( * ) SI_UNIT ( $, .STERADIAN. ) SOLID_ANGLE_UNIT ( ) );
#2999 = FILL_AREA_STYLE ('',( #1246 ) ) ;
#3000 = CARTESIAN_POINT ( 'NONE',  ( -3.205170592693603296E-14, -1.328135393757868023E-14, 10.10012501953699804 ) ) ;
#3001 = ADVANCED_FACE ( 'NONE', ( #3505 ), #2649, .F. ) ;
#3002 = DIRECTION ( 'NONE',  ( 0.2123755314533780636, -0.9771881260227710531, -6.210577614566906163E-16 ) ) ;
#3003 = MECHANICAL_DESIGN_GEOMETRIC_PRESENTATION_REPRESENTATION (  '', ( #4955 ), #4593 ) ;
#3004 = FACE_OUTER_BOUND ( 'NONE', #1396, .T. ) ;
#3005 = ADVANCED_FACE ( 'NONE', ( #157 ), #1939, .F. ) ;
#3006 = ORIENTED_EDGE ( 'NONE', *, *, #2811, .F. ) ;
#3007 = ORIENTED_EDGE ( 'NONE', *, *, #4871, .T. ) ;
#3008 = ORIENTED_EDGE ( 'NONE', *, *, #2103, .T. ) ;
#3009 = FILL_AREA_STYLE_COLOUR ( '', #5138 ) ;
#3010 = TOROIDAL_SURFACE ( 'NONE', #891, 4.839999999999999858, 0.7469883813845999976 ) ;
#3011 = ORIENTED_EDGE ( 'NONE', *, *, #2679, .T. ) ;
#3012 = STYLED_ITEM ( 'NONE', ( #3940 ), #1949 ) ;
#3013 = SURFACE_SIDE_STYLE ('',( #2990 ) ) ;
#3014 = EDGE_LOOP ( 'NONE', ( #2268, #4945 ) ) ;
#3015 = DIRECTION ( 'NONE',  ( 3.225526565811033815E-15, 1.336570354578135212E-15, -1.000000000000000000 ) ) ;
#3016 = COLOUR_RGB ( '',0.9686274509803921573, 0.8784313725490195957, 0.5999999999999999778 ) ;
#3017 = ORIENTED_EDGE ( 'NONE', *, *, #1393, .T. ) ;
#3018 = STYLED_ITEM ( 'NONE', ( #5064 ), #1514 ) ;
#3019 =( GEOMETRIC_REPRESENTATION_CONTEXT ( 3 ) GLOBAL_UNCERTAINTY_ASSIGNED_CONTEXT ( ( #555 ) ) GLOBAL_UNIT_ASSIGNED_CONTEXT ( ( #1411, #4946, #3338 ) ) REPRESENTATION_CONTEXT ( 'NONE', 'WORKASPACE' ) );
#3020 = SURFACE_STYLE_USAGE ( .BOTH. , #1266 ) ;
#3021 = PRESENTATION_STYLE_ASSIGNMENT (( #2966 ) ) ;
#3022 = EDGE_LOOP ( 'NONE', ( #4337, #1003, #243, #5143 ) ) ;
#3023 = EDGE_CURVE ( 'NONE', #2671, #4708, #5455, .T. ) ;
#3024 = CARTESIAN_POINT ( 'NONE',  ( -0.5997256348235245893, -2.483507025505668597, -5.204170427930421283E-15 ) ) ;
#3025 = FACE_OUTER_BOUND ( 'NONE', #2923, .T. ) ;
#3026 = VERTEX_POINT ( 'NONE', #4117 ) ;
#3027 =( NAMED_UNIT ( * ) SI_UNIT ( $, .STERADIAN. ) SOLID_ANGLE_UNIT ( ) );
#3028 = CIRCLE ( 'NONE', #246, 0.3500000000000000888 ) ;
#3029 =( NAMED_UNIT ( * ) PLANE_ANGLE_UNIT ( ) SI_UNIT ( $, .RADIAN. ) );
#3030 = VECTOR ( 'NONE', #1531, 1000.000000000000000 ) ;
#3031 = AXIS2_PLACEMENT_3D ( 'NONE', #885, #2438, #5411 ) ;
#3032 = COLOUR_RGB ( '',0.9686274509803921573, 0.8784313725490195957, 0.5999999999999999778 ) ;
#3033 = MECHANICAL_DESIGN_GEOMETRIC_PRESENTATION_REPRESENTATION (  '', ( #4155 ), #4804 ) ;
#3034 = DIRECTION ( 'NONE',  ( 3.225526565811033815E-15, 1.336570354578135212E-15, -1.000000000000000000 ) ) ;
#3035 = PRESENTATION_LAYER_ASSIGNMENT (  '', '', ( #3125 ) ) ;
#3036 = CIRCLE ( 'NONE', #4720, 4.641680300178001595 ) ;
#3037 = COLOUR_RGB ( '',0.2235294117647058654, 0.2235294117647058654, 0.2235294117647058654 ) ;
#3038 = SURFACE_STYLE_FILL_AREA ( #1667 ) ;
#3039 = SURFACE_SIDE_STYLE ('',( #4439 ) ) ;
#3040 = CARTESIAN_POINT ( 'NONE',  ( -1.272839805709765848, 3.071726522495244804, 6.049999999996999556 ) ) ;
#3041 = DIRECTION ( 'NONE',  ( -0.9238275255624820437, -0.3828089641232313989, 0.000000000000000000 ) ) ;
#3042 = ORIENTED_EDGE ( 'NONE', *, *, #717, .T. ) ;
#3043 = CIRCLE ( 'NONE', #2307, 0.2250000000000000888 ) ;
#3044 = CARTESIAN_POINT ( 'NONE',  ( -0.3629261680264414536, -0.002572500440565345624, 0.3999999999999993006 ) ) ;
#3045 = EDGE_CURVE ( 'NONE', #2422, #4401, #2875, .T. ) ;
#3046 = ORIENTED_EDGE ( 'NONE', *, *, #1466, .T. ) ;
#3047 = UNCERTAINTY_MEASURE_WITH_UNIT (LENGTH_MEASURE( 1.000000000000000082E-05 ), #1693, 'distance_accuracy_value', 'NONE');
#3048 = FACE_OUTER_BOUND ( 'NONE', #1961, .T. ) ;
#3049 = CARTESIAN_POINT ( 'NONE',  ( 4.221891791823316531, 1.749436966044320085, 6.071532165918824830E-15 ) ) ;
#3050 =( NAMED_UNIT ( * ) PLANE_ANGLE_UNIT ( ) SI_UNIT ( $, .RADIAN. ) );
#3051 = CARTESIAN_POINT ( 'NONE',  ( -3.685946181597643632E-14, -1.527355702821547927E-14, 11.25000000000000000 ) ) ;
#3052 = CARTESIAN_POINT ( 'NONE',  ( -0.6004587609220803923, 2.911949394552605153, 1.520000000000002238 ) ) ;
#3053 = EDGE_LOOP ( 'NONE', ( #230, #1809, #4764, #398, #2541 ) ) ;
#3054 = CARTESIAN_POINT ( 'NONE',  ( 2.442970315056902653, 0.5309388286334345564, 8.350125019537010473 ) ) ;
#3055 = ORIENTED_EDGE ( 'NONE', *, *, #1889, .F. ) ;
#3056 = EDGE_CURVE ( 'NONE', #3629, #3449, #746, .T. ) ;
#3057 = SURFACE_STYLE_FILL_AREA ( #1217 ) ;
#3058 = AXIS2_PLACEMENT_3D ( 'NONE', #3667, #232, #5036 ) ;
#3059 = FILL_AREA_STYLE_COLOUR ( '', #3037 ) ;
#3060 = SURFACE_STYLE_USAGE ( .BOTH. , #2141 ) ;
#3061 =( NAMED_UNIT ( * ) SI_UNIT ( $, .STERADIAN. ) SOLID_ANGLE_UNIT ( ) );
#3062 = AXIS2_PLACEMENT_3D ( 'NONE', #1948, #4165, #2787 ) ;
#3063 = FILL_AREA_STYLE_COLOUR ( '', #3246 ) ;
#3064 =( GEOMETRIC_REPRESENTATION_CONTEXT ( 3 ) GLOBAL_UNCERTAINTY_ASSIGNED_CONTEXT ( ( #4118 ) ) GLOBAL_UNIT_ASSIGNED_CONTEXT ( ( #5316, #850, #2681 ) ) REPRESENTATION_CONTEXT ( 'NONE', 'WORKASPACE' ) );
#3065 = CIRCLE ( 'NONE', #289, 0.2031250000000000555 ) ;
#3066 =( NAMED_UNIT ( * ) PLANE_ANGLE_UNIT ( ) SI_UNIT ( $, .RADIAN. ) );
#3067 = VERTEX_POINT ( 'NONE', #1043 ) ;
#3068 = DIRECTION ( 'NONE',  ( 0.9771881260227711641, 0.2123755314533780914, 3.363547309191575826E-15 ) ) ;
#3069 = LINE ( 'NONE', #5324, #995 ) ;
#3070 = COLOUR_RGB ( '',0.9686274509803921573, 0.8784313725490195957, 0.5999999999999999778 ) ;
#3071 = EDGE_CURVE ( 'NONE', #887, #5349, #5350, .T. ) ;
#3072 =( NAMED_UNIT ( * ) SI_UNIT ( $, .STERADIAN. ) SOLID_ANGLE_UNIT ( ) );
#3073 = LINE ( 'NONE', #4853, #3941 ) ;
#3074 = TOROIDAL_SURFACE ( 'NONE', #4016, 0.3925000000000000155, 0.2368807716974999922 ) ;
#3075 = CARTESIAN_POINT ( 'NONE',  ( 0.3841216097351586867, 5.206588928376488568, 8.673617379884035472E-15 ) ) ;
#3076 = DIRECTION ( 'NONE',  ( -3.225526565811033815E-15, -1.336570354578135212E-15, 1.000000000000000000 ) ) ;
#3077 = CARTESIAN_POINT ( 'NONE',  ( -1.117069049136667491, -2.697880045413913130, -1.647987302177966740E-14 ) ) ;
#3078 = VERTEX_POINT ( 'NONE', #2921 ) ;
#3079 = EDGE_LOOP ( 'NONE', ( #1033, #5556 ) ) ;
#3080 = SURFACE_STYLE_FILL_AREA ( #1859 ) ;
#3081 = EDGE_CURVE ( 'NONE', #4080, #3999, #1216, .T. ) ;
#3082 = CARTESIAN_POINT ( 'NONE',  ( -3.525687651962963310E-14, -1.460948933133654731E-14, 11.05000000000000071 ) ) ;
#3083 = DIRECTION ( 'NONE',  ( 3.225526565811033815E-15, 1.336570354578135212E-15, -1.000000000000000000 ) ) ;
#3084 = DIRECTION ( 'NONE',  ( 0.9238275255624819327, 0.3828089641232320095, 3.471723491948333890E-15 ) ) ;
#3085 = PLANE ( 'NONE',  #2950 ) ;
#3086 = EDGE_CURVE ( 'NONE', #1487, #5636, #4255, .T. ) ;
#3087 = SURFACE_STYLE_FILL_AREA ( #4003 ) ;
#3088 = DIRECTION ( 'NONE',  ( 0.9238275255624819327, 0.3828089641232320650, 3.514869885863231437E-15 ) ) ;
#3089 = CYLINDRICAL_SURFACE ( 'NONE', #4843, 4.100000000000001421 ) ;
#3090 = ADVANCED_FACE ( 'NONE', ( #2951 ), #3795, .T. ) ;
#3091 = SURFACE_STYLE_USAGE ( .BOTH. , #1314 ) ;
#3092 = ORIENTED_EDGE ( 'NONE', *, *, #5456, .F. ) ;
#3093 = UNCERTAINTY_MEASURE_WITH_UNIT (LENGTH_MEASURE( 1.000000000000000082E-05 ), #707, 'distance_accuracy_value', 'NONE');
#3094 = SURFACE_STYLE_USAGE ( .BOTH. , #4408 ) ;
#3095 = DIRECTION ( 'NONE',  ( 3.225526565811033815E-15, 1.336570354578135212E-15, -1.000000000000000000 ) ) ;
#3096 = DIRECTION ( 'NONE',  ( 0.3828089641232319540, -0.9238275255624818216, 0.000000000000000000 ) ) ;
#3097 =( GEOMETRIC_REPRESENTATION_CONTEXT ( 3 ) GLOBAL_UNCERTAINTY_ASSIGNED_CONTEXT ( ( #4957 ) ) GLOBAL_UNIT_ASSIGNED_CONTEXT ( ( #1207, #694, #465 ) ) REPRESENTATION_CONTEXT ( 'NONE', 'WORKASPACE' ) );
#3098 =( GEOMETRIC_REPRESENTATION_CONTEXT ( 3 ) GLOBAL_UNCERTAINTY_ASSIGNED_CONTEXT ( ( #4849 ) ) GLOBAL_UNIT_ASSIGNED_CONTEXT ( ( #276, #4204, #3895 ) ) REPRESENTATION_CONTEXT ( 'NONE', 'WORKASPACE' ) );
#3099 = DIRECTION ( 'NONE',  ( 3.225526565811033815E-15, 1.336570354578135212E-15, -1.000000000000000000 ) ) ;
#3100 = CONICAL_SURFACE ( 'NONE', #3573, 2.700000000000000622, 0.6747409422234239562 ) ;
#3101 = LINE ( 'NONE', #3574, #334 ) ;
#3102 =( NAMED_UNIT ( * ) SI_UNIT ( $, .STERADIAN. ) SOLID_ANGLE_UNIT ( ) );
#3103 = PRESENTATION_LAYER_ASSIGNMENT (  '', '', ( #3577 ) ) ;
#3104 = SURFACE_STYLE_FILL_AREA ( #1352 ) ;
#3105 = CARTESIAN_POINT ( 'NONE',  ( 0.7944625412957416755, -2.831559512084429464, 0.1499999999999990785 ) ) ;
#3106 = SURFACE_STYLE_USAGE ( .BOTH. , #4222 ) ;
#3107 = ORIENTED_EDGE ( 'NONE', *, *, #2044, .T. ) ;
#3108 =( NAMED_UNIT ( * ) PLANE_ANGLE_UNIT ( ) SI_UNIT ( $, .RADIAN. ) );
#3109 = CLOSED_SHELL ( 'NONE', ( #978, #455, #2528, #2061, #1949, #4615, #2667, #5385, #2911 ) ) ;
#3110 = FILL_AREA_STYLE_COLOUR ( '', #1461 ) ;
#3111 = ADVANCED_FACE ( 'NONE', ( #1625 ), #3911, .F. ) ;
#3112 = SURFACE_STYLE_USAGE ( .BOTH. , #1359 ) ;
#3113 = DIRECTION ( 'NONE',  ( 3.225526565811033815E-15, 1.336570354578135212E-15, -1.000000000000000000 ) ) ;
#3114 = STYLED_ITEM ( 'NONE', ( #633 ), #1715 ) ;
#3115 = STYLED_ITEM ( 'NONE', ( #1492 ), #1155 ) ;
#3116 = DIRECTION ( 'NONE',  ( 3.225526565811033815E-15, 1.336570354578135212E-15, -1.000000000000000000 ) ) ;
#3117 = UNCERTAINTY_MEASURE_WITH_UNIT (LENGTH_MEASURE( 1.000000000000000082E-05 ), #4280, 'distance_accuracy_value', 'NONE');
#3118 = COLOUR_RGB ( '',0.7921568627450980005, 0.8196078431372548767, 0.9333333333333333481 ) ;
#3119 = AXIS2_PLACEMENT_3D ( 'NONE', #5278, #4484, #495 ) ;
#3120 = AXIS2_PLACEMENT_3D ( 'NONE', #4998, #1952, #2762 ) ;
#3121 = CARTESIAN_POINT ( 'NONE',  ( 0.3841216097351586867, 5.206588928376488568, 8.673617379884035472E-15 ) ) ;
#3122 =( GEOMETRIC_REPRESENTATION_CONTEXT ( 3 ) GLOBAL_UNCERTAINTY_ASSIGNED_CONTEXT ( ( #2252 ) ) GLOBAL_UNIT_ASSIGNED_CONTEXT ( ( #201, #1497, #3245 ) ) REPRESENTATION_CONTEXT ( 'NONE', 'WORKASPACE' ) );
#3123 = CARTESIAN_POINT ( 'NONE',  ( 3.371970468303038704, 1.397252719049788539, 6.350000000000014744 ) ) ;
#3124 = CARTESIAN_POINT ( 'NONE',  ( -3.205170592693602901E-15, -1.328135393757867865E-15, 0.7500000000004543033 ) ) ;
#3125 = STYLED_ITEM ( 'NONE', ( #2848 ), #5233 ) ;
#3126 = CIRCLE ( 'NONE', #1015, 3.850000000000001421 ) ;
#3127 = PRESENTATION_LAYER_ASSIGNMENT (  '', '', ( #1666 ) ) ;
#3128 = DIRECTION ( 'NONE',  ( -3.225526565811033815E-15, -1.336570354578135212E-15, 1.000000000000000000 ) ) ;
#3129 = ADVANCED_FACE ( 'NONE', ( #44 ), #5167, .T. ) ;
#3130 = VECTOR ( 'NONE', #2340, 1000.000000000000000 ) ;
#3131 = SURFACE_SIDE_STYLE ('',( #1376 ) ) ;
#3132 = MECHANICAL_DESIGN_GEOMETRIC_PRESENTATION_REPRESENTATION (  '', ( #5436 ), #4901 ) ;
#3133 = DIRECTION ( 'NONE',  ( 0.0004017275384776695154, -0.9999999193074891046, -1.335274463879339156E-15 ) ) ;
#3134 = EDGE_LOOP ( 'NONE', ( #3423, #2703, #3897, #2551 ) ) ;
#3135 = CARTESIAN_POINT ( 'NONE',  ( -1.324930242388231205, -2.784012062341642668, 1.519999999999992690 ) ) ;
#3136 = SURFACE_SIDE_STYLE ('',( #3104 ) ) ;
#3137 = CARTESIAN_POINT ( 'NONE',  ( -0.1993289297712622921, 5.329972964705136818, 6.938893903907228378E-15 ) ) ;
#3138 = EDGE_LOOP ( 'NONE', ( #4545, #2829, #2985, #1874 ) ) ;
#3139 = SURFACE_STYLE_USAGE ( .BOTH. , #5414 ) ;
#3140 =( NAMED_UNIT ( * ) SI_UNIT ( $, .STERADIAN. ) SOLID_ANGLE_UNIT ( ) );
#3141 = SURFACE_STYLE_FILL_AREA ( #2248 ) ;
#3142 = DIRECTION ( 'NONE',  ( -3.225526565811033815E-15, -1.336570354578135212E-15, 1.000000000000000000 ) ) ;
#3143 = ORIENTED_EDGE ( 'NONE', *, *, #3871, .T. ) ;
#3144 = ADVANCED_FACE ( 'NONE', ( #1634 ), #5407, .T. ) ;
#3145 = CARTESIAN_POINT ( 'NONE',  ( -1.634412463451662134, -2.912253065322925050, 1.519999999999991802 ) ) ;
#3146 = DIRECTION ( 'NONE',  ( -0.9771881260227711641, -0.2123755314533780914, -3.574109576397539756E-15 ) ) ;
#3147 = CIRCLE ( 'NONE', #3058, 0.2000000000000000111 ) ;
#3148 = SURFACE_STYLE_USAGE ( .BOTH. , #2164 ) ;
#3149 = UNCERTAINTY_MEASURE_WITH_UNIT (LENGTH_MEASURE( 1.000000000000000082E-05 ), #1357, 'distance_accuracy_value', 'NONE');
#3150 = DIRECTION ( 'NONE',  ( 3.225526565811032632E-15, 1.336570354578135212E-15, -1.000000000000000000 ) ) ;
#3151 =( NAMED_UNIT ( * ) SI_UNIT ( $, .STERADIAN. ) SOLID_ANGLE_UNIT ( ) );
#3152 = CIRCLE ( 'NONE', #677, 4.300000000000000711 ) ;
#3153 = ADVANCED_FACE ( 'NONE', ( #4270 ), #5415, .F. ) ;
#3154 = PRESENTATION_STYLE_ASSIGNMENT (( #1000 ) ) ;
#3155 = AXIS2_PLACEMENT_3D ( 'NONE', #4921, #2828, #1071 ) ;
#3156 = SURFACE_SIDE_STYLE ('',( #2264 ) ) ;
#3157 = FACE_BOUND ( 'NONE', #2542, .T. ) ;
#3158 = CARTESIAN_POINT ( 'NONE',  ( -3.320004052747230539, -0.7215474752024758631, 11.24999999999998579 ) ) ;
#3159 = ORIENTED_EDGE ( 'NONE', *, *, #722, .T. ) ;
#3160 = ORIENTED_EDGE ( 'NONE', *, *, #203, .T. ) ;
#3161 = CARTESIAN_POINT ( 'NONE',  ( -0.1993289297712638186, 5.329972964705135929, 0.4000000000000071276 ) ) ;
#3162 = AXIS2_PLACEMENT_3D ( 'NONE', #110, #40, #3185 ) ;
#3163 = SURFACE_STYLE_USAGE ( .BOTH. , #1847 ) ;
#3164 = CARTESIAN_POINT ( 'NONE',  ( -2.083360885250841669E-14, -8.632880059426142307E-15, 6.150000000000000355 ) ) ;
#3165 = SURFACE_STYLE_USAGE ( .BOTH. , #4841 ) ;
#3166 = DIRECTION ( 'NONE',  ( 0.3828089641232319540, -0.9238275255624818216, 0.000000000000000000 ) ) ;
#3167 = DIRECTION ( 'NONE',  ( 0.9771881260227711641, 0.2123755314533780914, 3.472331803171746845E-15 ) ) ;
#3168 = CARTESIAN_POINT ( 'NONE',  ( 0.9099409819910713182, -2.783708391569017948, -6.000000000000000888 ) ) ;
#3169 = ORIENTED_EDGE ( 'NONE', *, *, #4025, .T. ) ;
#3170 = FACE_OUTER_BOUND ( 'NONE', #3250, .T. ) ;
#3171 = UNCERTAINTY_MEASURE_WITH_UNIT (LENGTH_MEASURE( 1.000000000000000082E-05 ), #507, 'distance_accuracy_value', 'NONE');
#3172 = EDGE_LOOP ( 'NONE', ( #4047, #1345, #1757, #4492 ) ) ;
#3173 = ADVANCED_FACE ( 'NONE', ( #3926 ), #3100, .F. ) ;
#3174 = FACE_OUTER_BOUND ( 'NONE', #367, .T. ) ;
#3175 = PRESENTATION_STYLE_ASSIGNMENT (( #2841 ) ) ;
#3176 = FILL_AREA_STYLE_COLOUR ( '', #3728 ) ;
#3177 = ORIENTED_EDGE ( 'NONE', *, *, #5371, .T. ) ;
#3178 = ORIENTED_EDGE ( 'NONE', *, *, #213, .T. ) ;
#3179 = EDGE_CURVE ( 'NONE', #55, #1356, #3756, .T. ) ;
#3180 = DIRECTION ( 'NONE',  ( -3.225526565811033815E-15, -1.336570354578135212E-15, 1.000000000000000000 ) ) ;
#3181 =( NAMED_UNIT ( * ) PLANE_ANGLE_UNIT ( ) SI_UNIT ( $, .RADIAN. ) );
#3182 = LINE ( 'NONE', #195, #2647 ) ;
#3183 = VERTEX_POINT ( 'NONE', #572 ) ;
#3184 = SURFACE_STYLE_FILL_AREA ( #13 ) ;
#3185 = DIRECTION ( 'NONE',  ( 0.9238275255624818216, 0.3828089641232320095, 3.494957591306213574E-15 ) ) ;
#3186 = ORIENTED_EDGE ( 'NONE', *, *, #1848, .F. ) ;
#3187 = SURFACE_STYLE_FILL_AREA ( #4048 ) ;
#3188 = CIRCLE ( 'NONE', #4038, 0.5600000000000001643 ) ;
#3189 = PRESENTATION_STYLE_ASSIGNMENT (( #1436 ) ) ;
#3190 = DIRECTION ( 'NONE',  ( -0.9238275255624818216, -0.3828089641232320095, -3.491481338843134144E-15 ) ) ;
#3191 = ADVANCED_FACE ( 'NONE', ( #4490 ), #2312, .F. ) ;
#3192 = DIRECTION ( 'NONE',  ( -0.9238275255624818216, -0.3828089641232322871, -3.484935554417692655E-15 ) ) ;
#3193 = VECTOR ( 'NONE', #1794, 1000.000000000000000 ) ;
#3194 = DIRECTION ( 'NONE',  ( 3.225526565811033815E-15, 1.336570354578135212E-15, -1.000000000000000000 ) ) ;
#3195 =( NAMED_UNIT ( * ) PLANE_ANGLE_UNIT ( ) SI_UNIT ( $, .RADIAN. ) );
#3196 = ORIENTED_EDGE ( 'NONE', *, *, #3236, .F. ) ;
#3197 = COLOUR_RGB ( '',0.9686274509803921573, 0.8784313725490195957, 0.5999999999999999778 ) ;
#3198 = AXIS2_PLACEMENT_3D ( 'NONE', #4027, #892, #2643 ) ;
#3199 = DIRECTION ( 'NONE',  ( -0.9238275255624818216, -0.3828089641232322871, -3.484935554417692655E-15 ) ) ;
#3200 = MECHANICAL_DESIGN_GEOMETRIC_PRESENTATION_REPRESENTATION (  '', ( #1916 ), #5519 ) ;
#3201 = COLOUR_RGB ( '',0.2235294117647058654, 0.2235294117647058654, 0.2235294117647058654 ) ;
#3202 = CIRCLE ( 'NONE', #2463, 2.500000000000000888 ) ;
#3203 = CARTESIAN_POINT ( 'NONE',  ( -1.117802175237046169, 2.697576374643604780, -6.000000000000000000 ) ) ;
#3204 = SURFACE_SIDE_STYLE ('',( #4183 ) ) ;
#3205 =( GEOMETRIC_REPRESENTATION_CONTEXT ( 3 ) GLOBAL_UNCERTAINTY_ASSIGNED_CONTEXT ( ( #4208 ) ) GLOBAL_UNIT_ASSIGNED_CONTEXT ( ( #293, #5591, #1646 ) ) REPRESENTATION_CONTEXT ( 'NONE', 'WORKASPACE' ) );
#3206 = ORIENTED_EDGE ( 'NONE', *, *, #5404, .T. ) ;
#3207 = AXIS2_PLACEMENT_3D ( 'NONE', #2078, #3832, #744 ) ;
#3208 = DIRECTION ( 'NONE',  ( -0.9238275255624820437, -0.3828089641232315654, -3.854941057726239478E-15 ) ) ;
#3209 = COLOUR_RGB ( '',0.2235294117647058654, 0.2235294117647058654, 0.2235294117647058654 ) ;
#3210 = UNCERTAINTY_MEASURE_WITH_UNIT (LENGTH_MEASURE( 1.000000000000000082E-05 ), #2407, 'distance_accuracy_value', 'NONE');
#3211 = CIRCLE ( 'NONE', #2107, 3.850000000000001421 ) ;
#3212 = CARTESIAN_POINT ( 'NONE',  ( -2.564136474154882321E-14, -1.062508315006294292E-14, 7.850125019536999815 ) ) ;
#3213 = STYLED_ITEM ( 'NONE', ( #4653 ), #5102 ) ;
#3214 = CARTESIAN_POINT ( 'NONE',  ( 4.514200771572497217, 0.9810862027683016073, 8.956272047907017253 ) ) ;
#3215 = AXIS2_PLACEMENT_3D ( 'NONE', #4521, #2314, #4397 ) ;
#3216 = VERTEX_POINT ( 'NONE', #5707 ) ;
#3217 = EDGE_CURVE ( 'NONE', #3216, #5248, #3188, .T. ) ;
#3218 = MECHANICAL_DESIGN_GEOMETRIC_PRESENTATION_REPRESENTATION (  '', ( #4814 ), #1573 ) ;
#3219 =( NAMED_UNIT ( * ) SI_UNIT ( $, .STERADIAN. ) SOLID_ANGLE_UNIT ( ) );
#3220 =( GEOMETRIC_REPRESENTATION_CONTEXT ( 3 ) GLOBAL_UNCERTAINTY_ASSIGNED_CONTEXT ( ( #874 ) ) GLOBAL_UNIT_ASSIGNED_CONTEXT ( ( #1520, #656, #1223 ) ) REPRESENTATION_CONTEXT ( 'NONE', 'WORKASPACE' ) );
#3221 = COLOUR_RGB ( '',0.8509803921568627194, 0.8509803921568627194, 0.8509803921568627194 ) ;
#3222 = VERTEX_POINT ( 'NONE', #1305 ) ;
#3223 = DIRECTION ( 'NONE',  ( 0.9238275255624818216, 0.3828089641232320095, 3.489534308118428038E-15 ) ) ;
#3224 = CARTESIAN_POINT ( 'NONE',  ( 2.772389554217856756E-12, 1.149037438762598969E-12, 0.000000000000000000 ) ) ;
#3225 = SURFACE_SIDE_STYLE ('',( #3660 ) ) ;
#3226 = MECHANICAL_DESIGN_GEOMETRIC_PRESENTATION_REPRESENTATION (  '', ( #4607 ), #335 ) ;
#3227 = VERTEX_POINT ( 'NONE', #2586 ) ;
#3228 = MECHANICAL_DESIGN_GEOMETRIC_PRESENTATION_REPRESENTATION (  '', ( #349 ), #3982 ) ;
#3229 = ORIENTED_EDGE ( 'NONE', *, *, #5271, .T. ) ;
#3230 =( LENGTH_UNIT ( ) NAMED_UNIT ( * ) SI_UNIT ( .MILLI., .METRE. ) );
#3231 =( LENGTH_UNIT ( ) NAMED_UNIT ( * ) SI_UNIT ( .MILLI., .METRE. ) );
#3232 = CARTESIAN_POINT ( 'NONE',  ( 2.770786968921510142E-12, 1.148373371065720003E-12, 0.5999999999999998668 ) ) ;
#3233 = FILL_AREA_STYLE ('',( #5453 ) ) ;
#3234 = ORIENTED_EDGE ( 'NONE', *, *, #2131, .T. ) ;
#3235 = DIRECTION ( 'NONE',  ( -3.225526565811033815E-15, -1.336570354578135212E-15, 1.000000000000000000 ) ) ;
#3236 = EDGE_CURVE ( 'NONE', #2660, #3227, #405, .T. ) ;
#3237 = UNCERTAINTY_MEASURE_WITH_UNIT (LENGTH_MEASURE( 1.000000000000000082E-05 ), #309, 'distance_accuracy_value', 'NONE');
#3238 = CARTESIAN_POINT ( 'NONE',  ( 2.770786968921510142E-12, 1.148373371065720003E-12, 0.4000000000000001887 ) ) ;
#3239 =( NAMED_UNIT ( * ) SI_UNIT ( $, .STERADIAN. ) SOLID_ANGLE_UNIT ( ) );
#3240 =( NAMED_UNIT ( * ) PLANE_ANGLE_UNIT ( ) SI_UNIT ( $, .RADIAN. ) );
#3241 = EDGE_LOOP ( 'NONE', ( #2778, #3385 ) ) ;
#3242 = DIRECTION ( 'NONE',  ( -0.9238275255624818216, -0.3828089641232322315, -3.491481338843131383E-15 ) ) ;
#3243 =( NAMED_UNIT ( * ) SI_UNIT ( $, .STERADIAN. ) SOLID_ANGLE_UNIT ( ) );
#3244 = FILL_AREA_STYLE ('',( #1491 ) ) ;
#3245 =( NAMED_UNIT ( * ) SI_UNIT ( $, .STERADIAN. ) SOLID_ANGLE_UNIT ( ) );
#3246 = COLOUR_RGB ( '',0.8509803921568627194, 0.8509803921568627194, 0.8509803921568627194 ) ;
#3247 = EDGE_CURVE ( 'NONE', #1348, #1064, #4693, .T. ) ;
#3248 = CARTESIAN_POINT ( 'NONE',  ( -1.117802175237070150, 2.697576374643595010, 1.520000000000000462 ) ) ;
#3249 = DIRECTION ( 'NONE',  ( 0.6909763504056785077, 0.1501721784487815292, -0.7071067811865450192 ) ) ;
#3250 = EDGE_LOOP ( 'NONE', ( #5486, #3900, #265, #397 ) ) ;
#3251 = ORIENTED_EDGE ( 'NONE', *, *, #2336, .F. ) ;
#3252 = AXIS2_PLACEMENT_3D ( 'NONE', #3293, #4552, #1424 ) ;
#3253 = CIRCLE ( 'NONE', #2145, 1.950000000000000400 ) ;
#3254 = DIRECTION ( 'NONE',  ( 3.225526565811033815E-15, 1.336570354578135212E-15, -1.000000000000000000 ) ) ;
#3255 = VERTEX_POINT ( 'NONE', #3024 ) ;
#3256 = DIRECTION ( 'NONE',  ( 0.9771881260227711641, 0.2123755314533780914, 3.364056936936930648E-15 ) ) ;
#3257 = CARTESIAN_POINT ( 'NONE',  ( -2.083360885250841669E-14, -8.632880059426142307E-15, 6.350000000000002309 ) ) ;
#3258 = ADVANCED_FACE ( 'NONE', ( #4362 ), #3524, .F. ) ;
#3259 = PRESENTATION_STYLE_ASSIGNMENT (( #723 ) ) ;
#3260 = EDGE_LOOP ( 'NONE', ( #5295, #5629, #5096, #2054 ) ) ;
#3261 = MECHANICAL_DESIGN_GEOMETRIC_PRESENTATION_REPRESENTATION (  '', ( #2518 ), #689 ) ;
#3262 = DIRECTION ( 'NONE',  ( 0.9238275255624818216, 0.3828089641232322315, 3.484935554417691866E-15 ) ) ;
#3263 = EDGE_LOOP ( 'NONE', ( #1494, #1844, #444, #31 ) ) ;
#3264 = CARTESIAN_POINT ( 'NONE',  ( -0.7482711650120732472, 2.850699960292889745, -0.2031249999999975853 ) ) ;
#3265 =( GEOMETRIC_REPRESENTATION_CONTEXT ( 3 ) GLOBAL_UNCERTAINTY_ASSIGNED_CONTEXT ( ( #984 ) ) GLOBAL_UNIT_ASSIGNED_CONTEXT ( ( #236, #2532, #1184 ) ) REPRESENTATION_CONTEXT ( 'NONE', 'WORKASPACE' ) );
#3266 = SURFACE_STYLE_USAGE ( .BOTH. , #1513 ) ;
#3267 = EDGE_CURVE ( 'NONE', #4401, #1808, #4135, .T. ) ;
#3268 = ORIENTED_EDGE ( 'NONE', *, *, #4386, .F. ) ;
#3269 = UNCERTAINTY_MEASURE_WITH_UNIT (LENGTH_MEASURE( 1.000000000000000082E-05 ), #3717, 'distance_accuracy_value', 'NONE');
#3270 = FILL_AREA_STYLE ('',( #5469 ) ) ;
#3271 = EDGE_CURVE ( 'NONE', #1273, #5044, #5053, .T. ) ;
#3272 = FACE_OUTER_BOUND ( 'NONE', #2519, .T. ) ;
#3273 = VERTEX_POINT ( 'NONE', #493 ) ;
#3274 = UNCERTAINTY_MEASURE_WITH_UNIT (LENGTH_MEASURE( 1.000000000000000082E-05 ), #3230, 'distance_accuracy_value', 'NONE');
#3275 = CARTESIAN_POINT ( 'NONE',  ( -2.083360885250841669E-14, -8.632880059426142307E-15, 6.350000000000002309 ) ) ;
#3276 = PRESENTATION_STYLE_ASSIGNMENT (( #3720 ) ) ;
#3277 = SURFACE_SIDE_STYLE ('',( #4656 ) ) ;
#3278 = DIRECTION ( 'NONE',  ( -3.225526565811033815E-15, -1.336570354578135212E-15, 1.000000000000000000 ) ) ;
#3279 =( GEOMETRIC_REPRESENTATION_CONTEXT ( 3 ) GLOBAL_UNCERTAINTY_ASSIGNED_CONTEXT ( ( #2294 ) ) GLOBAL_UNIT_ASSIGNED_CONTEXT ( ( #2137, #2673, #3027 ) ) REPRESENTATION_CONTEXT ( 'NONE', 'WORKASPACE' ) );
#3280 = CARTESIAN_POINT ( 'NONE',  ( -3.371970468303080004, -1.397252719049805414, 6.149999999999986144 ) ) ;
#3281 = FILL_AREA_STYLE ('',( #2394 ) ) ;
#3282 = CARTESIAN_POINT ( 'NONE',  ( 3.999642353383790372, 0.8692555177481988693, 9.670000000000015916 ) ) ;
#3283 = DIRECTION ( 'NONE',  ( -3.225526565811034210E-15, -1.336570354578135212E-15, 1.000000000000000000 ) ) ;
#3284 = PRESENTATION_LAYER_ASSIGNMENT (  '', '', ( #1081 ) ) ;
#3285 = EDGE_LOOP ( 'NONE', ( #1333, #644 ) ) ;
#3286 = SURFACE_STYLE_FILL_AREA ( #2899 ) ;
#3287 = UNCERTAINTY_MEASURE_WITH_UNIT (LENGTH_MEASURE( 1.000000000000000082E-05 ), #909, 'distance_accuracy_value', 'NONE');
#3288 = EDGE_CURVE ( 'NONE', #4080, #1671, #54, .T. ) ;
#3289 =( GEOMETRIC_REPRESENTATION_CONTEXT ( 3 ) GLOBAL_UNCERTAINTY_ASSIGNED_CONTEXT ( ( #3681 ) ) GLOBAL_UNIT_ASSIGNED_CONTEXT ( ( #304, #1669, #2117 ) ) REPRESENTATION_CONTEXT ( 'NONE', 'WORKASPACE' ) );
#3290 = DIRECTION ( 'NONE',  ( -3.225526565811033815E-15, -1.336570354578135212E-15, 1.000000000000000000 ) ) ;
#3291 = MECHANICAL_DESIGN_GEOMETRIC_PRESENTATION_REPRESENTATION (  '', ( #616 ), #2728 ) ;
#3292 =( LENGTH_UNIT ( ) NAMED_UNIT ( * ) SI_UNIT ( .MILLI., .METRE. ) );
#3293 = CARTESIAN_POINT ( 'NONE',  ( -2.243619414885522307E-14, -9.296947756305075845E-15, 6.929999999999999716 ) ) ;
#3294 = STYLED_ITEM ( 'NONE', ( #5375 ), #1994 ) ;
#3295 = CLOSED_SHELL ( 'NONE', ( #2620, #1050, #1514, #3258 ) ) ;
#3296 = PRESENTATION_LAYER_ASSIGNMENT (  '', '', ( #3765 ) ) ;
#3297 = MECHANICAL_DESIGN_GEOMETRIC_PRESENTATION_REPRESENTATION (  '', ( #1280 ), #3957 ) ;
#3298 = CONICAL_SURFACE ( 'NONE', #813, 3.197507567207001244, 0.7853981633972997312 ) ;
#3299 = CARTESIAN_POINT ( 'NONE',  ( -0.7475380389116743629, -2.544756459764620615, -4.336808689942017736E-15 ) ) ;
#3300 = CARTESIAN_POINT ( 'NONE',  ( 1.634412463458120524, 2.912253065325601131, 1.520000000000010010 ) ) ;
#3301 = SURFACE_STYLE_FILL_AREA ( #4097 ) ;
#3302 = CARTESIAN_POINT ( 'NONE',  ( -2.833845565466062144, -0.6158890412148069204, 7.850125019536989157 ) ) ;
#3303 = VECTOR ( 'NONE', #537, 1000.000000000000000 ) ;
#3304 = TOROIDAL_SURFACE ( 'NONE', #508, 3.649999999999999911, 0.2000000000000000111 ) ;
#3305 = CYLINDRICAL_SURFACE ( 'NONE', #518, 0.2250000000000000888 ) ;
#3306 = AXIS2_PLACEMENT_3D ( 'NONE', #4677, #1612, #5127 ) ;
#3307 = STYLED_ITEM ( 'NONE', ( #204 ), #2528 ) ;
#3308 = ADVANCED_FACE ( 'NONE', ( #3613 ), #1430, .F. ) ;
#3309 = ORIENTED_EDGE ( 'NONE', *, *, #121, .T. ) ;
#3310 = COLOUR_RGB ( '',0.9686274509803921573, 0.8784313725490195957, 0.5999999999999999778 ) ;
#3311 = DIRECTION ( 'NONE',  ( -2.168404344971007685E-15, -1.084202172485503842E-15, 1.000000000000000000 ) ) ;
#3312 = PRESENTATION_LAYER_ASSIGNMENT (  '', '', ( #733 ) ) ;
#3313 = FACE_OUTER_BOUND ( 'NONE', #703, .T. ) ;
#3314 = AXIS2_PLACEMENT_3D ( 'NONE', #5360, #4915, #2697 ) ;
#3315 = LINE ( 'NONE', #2887, #1975 ) ;
#3316 = CARTESIAN_POINT ( 'NONE',  ( -1.611625738956036225, 3.889313882619197749, 0.4000000000000001887 ) ) ;
#3317 = COLOUR_RGB ( '',0.9686274509803921573, 0.8784313725490195957, 0.5999999999999999778 ) ;
#3318 = ORIENTED_EDGE ( 'NONE', *, *, #3247, .T. ) ;
#3319 = PRESENTATION_LAYER_ASSIGNMENT (  '', '', ( #73 ) ) ;
#3320 = STYLED_ITEM ( 'NONE', ( #5691 ), #2935 ) ;
#3321 =( LENGTH_UNIT ( ) NAMED_UNIT ( * ) SI_UNIT ( .MILLI., .METRE. ) );
#3322 = VERTEX_POINT ( 'NONE', #3337 ) ;
#3323 = LINE ( 'NONE', #4977, #997 ) ;
#3324 = COLOUR_RGB ( '',0.2235294117647058654, 0.2235294117647058654, 0.2235294117647058654 ) ;
#3325 = FACE_OUTER_BOUND ( 'NONE', #80, .T. ) ;
#3326 = ORIENTED_EDGE ( 'NONE', *, *, #3652, .T. ) ;
#3327 = DIRECTION ( 'NONE',  ( -3.225526565811033815E-15, -1.336570354578135212E-15, 1.000000000000000000 ) ) ;
#3328 = DIRECTION ( 'NONE',  ( -3.225526565811033815E-15, -1.336570354578135212E-15, 1.000000000000000000 ) ) ;
#3329 = DIRECTION ( 'NONE',  ( -3.225526565811033815E-15, -1.336570354578135212E-15, 1.000000000000000000 ) ) ;
#3330 =( NAMED_UNIT ( * ) SI_UNIT ( $, .STERADIAN. ) SOLID_ANGLE_UNIT ( ) );
#3331 = EDGE_CURVE ( 'NONE', #670, #1988, #373, .T. ) ;
#3332 =( LENGTH_UNIT ( ) NAMED_UNIT ( * ) SI_UNIT ( .MILLI., .METRE. ) );
#3333 = DIRECTION ( 'NONE',  ( -0.9238275255624818216, -0.3828089641232320095, -3.604620209821935703E-15 ) ) ;
#3334 = DIRECTION ( 'NONE',  ( 0.9238275255624819327, 0.3828089641232318430, 3.523657060577889411E-15 ) ) ;
#3335 = PRESENTATION_STYLE_ASSIGNMENT (( #2928 ) ) ;
#3336 = ORIENTED_EDGE ( 'NONE', *, *, #1039, .F. ) ;
#3337 = CARTESIAN_POINT ( 'NONE',  ( 2.442970315056905317, 0.5309388286334358886, 7.350125019537008697 ) ) ;
#3338 =( NAMED_UNIT ( * ) SI_UNIT ( $, .STERADIAN. ) SOLID_ANGLE_UNIT ( ) );
#3339 = ORIENTED_EDGE ( 'NONE', *, *, #3071, .F. ) ;
#3340 = UNCERTAINTY_MEASURE_WITH_UNIT (LENGTH_MEASURE( 1.000000000000000082E-05 ), #2490, 'distance_accuracy_value', 'NONE');
#3341 = LINE ( 'NONE', #4273, #4340 ) ;
#3342 = SURFACE_STYLE_USAGE ( .BOTH. , #5218 ) ;
#3343 = EDGE_CURVE ( 'NONE', #666, #5615, #769, .T. ) ;
#3344 = DIRECTION ( 'NONE',  ( 0.3828089641232319540, -0.9238275255624818216, 0.000000000000000000 ) ) ;
#3345 = CIRCLE ( 'NONE', #184, 0.4000000000000000222 ) ;
#3346 = DIRECTION ( 'NONE',  ( 0.9999999907685275247, 0.0001358784196986983779, 3.225708147102269001E-15 ) ) ;
#3347 = ORIENTED_EDGE ( 'NONE', *, *, #2489, .F. ) ;
#3348 = SURFACE_SIDE_STYLE ('',( #2154 ) ) ;
#3349 = AXIS2_PLACEMENT_3D ( 'NONE', #3772, #5499, #2455 ) ;
#3350 = DIRECTION ( 'NONE',  ( -3.225526565811033815E-15, -1.336570354578135212E-15, 1.000000000000000000 ) ) ;
#3351 = DIRECTION ( 'NONE',  ( -3.225526565811033815E-15, -1.336570354578135212E-15, 1.000000000000000000 ) ) ;
#3352 = FACE_OUTER_BOUND ( 'NONE', #1473, .T. ) ;
#3353 = VERTEX_POINT ( 'NONE', #172 ) ;
#3354 = PRESENTATION_LAYER_ASSIGNMENT (  '', '', ( #5465 ) ) ;
#3355 = AXIS2_PLACEMENT_3D ( 'NONE', #4563, #2236, #592 ) ;
#3356 = VERTEX_POINT ( 'NONE', #3214 ) ;
#3357 = CARTESIAN_POINT ( 'NONE',  ( -1.801463674846861984, -0.7464774800403115584, 6.599999999999994316 ) ) ;
#3358 = CIRCLE ( 'NONE', #5476, 0.7469883813846004417 ) ;
#3359 = DIRECTION ( 'NONE',  ( 0.9238275255624818216, 0.3828089641232322315, 3.484935554417691866E-15 ) ) ;
#3360 = STYLED_ITEM ( 'NONE', ( #2636 ), #4201 ) ;
#3361 = EDGE_CURVE ( 'NONE', #3255, #5548, #3440, .T. ) ;
#3362 = PRESENTATION_STYLE_ASSIGNMENT (( #252 ) ) ;
#3363 =( NAMED_UNIT ( * ) PLANE_ANGLE_UNIT ( ) SI_UNIT ( $, .RADIAN. ) );
#3364 = APPLICATION_PROTOCOL_DEFINITION ( 'draft international standard', 'automotive_design', 1998, #4311 ) ;
#3365 = SURFACE_STYLE_USAGE ( .BOTH. , #3804 ) ;
#3366 = ADVANCED_FACE ( 'NONE', ( #3272 ), #1027, .T. ) ;
#3367 = CARTESIAN_POINT ( 'NONE',  ( 0.5209692339642616465, 4.540208261442685078, 0.4000000000000080158 ) ) ;
#3368 = PRESENTATION_STYLE_ASSIGNMENT (( #2128 ) ) ;
#3369 = CARTESIAN_POINT ( 'NONE',  ( -3.525687651962963310E-14, -1.460948933133654731E-14, 11.05000000000000071 ) ) ;
#3370 = SURFACE_SIDE_STYLE ('',( #5480 ) ) ;
#3371 = CARTESIAN_POINT ( 'NONE',  ( -1.634412463451657249, -2.912253065322923273, -1.821459649775647449E-14 ) ) ;
#3372 = ORIENTED_EDGE ( 'NONE', *, *, #4434, .F. ) ;
#3373 =( NAMED_UNIT ( * ) PLANE_ANGLE_UNIT ( ) SI_UNIT ( $, .RADIAN. ) );
#3374 =( NAMED_UNIT ( * ) SI_UNIT ( $, .STERADIAN. ) SOLID_ANGLE_UNIT ( ) );
#3375 = ORIENTED_EDGE ( 'NONE', *, *, #66, .F. ) ;
#3376 = EDGE_CURVE ( 'NONE', #1988, #670, #470, .T. ) ;
#3377 = FILL_AREA_STYLE_COLOUR ( '', #2932 ) ;
#3378 = CIRCLE ( 'NONE', #3847, 0.2000000000000000666 ) ;
#3379 =( NAMED_UNIT ( * ) PLANE_ANGLE_UNIT ( ) SI_UNIT ( $, .RADIAN. ) );
#3380 = PRESENTATION_LAYER_ASSIGNMENT (  '', '', ( #3664 ) ) ;
#3381 = FILL_AREA_STYLE_COLOUR ( '', #2767 ) ;
#3382 = PRESENTATION_LAYER_ASSIGNMENT (  '', '', ( #5145 ) ) ;
#3383 = DIRECTION ( 'NONE',  ( 3.225526565811033815E-15, 1.336570354578135212E-15, -1.000000000000000000 ) ) ;
#3384 = CARTESIAN_POINT ( 'NONE',  ( -1.602585296346801451E-15, -6.640676968789339326E-16, 0.4000000000000001887 ) ) ;
#3385 = ORIENTED_EDGE ( 'NONE', *, *, #5303, .T. ) ;
#3386 = PRESENTATION_LAYER_ASSIGNMENT (  '', '', ( #511 ) ) ;
#3387 =( GEOMETRIC_REPRESENTATION_CONTEXT ( 3 ) GLOBAL_UNCERTAINTY_ASSIGNED_CONTEXT ( ( #3340 ) ) GLOBAL_UNIT_ASSIGNED_CONTEXT ( ( #2490, #4266, #1431 ) ) REPRESENTATION_CONTEXT ( 'NONE', 'WORKASPACE' ) );
#3388 = STYLED_ITEM ( 'NONE', ( #2148 ), #978 ) ;
#3389 = MECHANICAL_DESIGN_GEOMETRIC_PRESENTATION_REPRESENTATION (  '', ( #4971 ), #5239 ) ;
#3390 = EDGE_LOOP ( 'NONE', ( #2122, #4512 ) ) ;
#3391 = UNCERTAINTY_MEASURE_WITH_UNIT (LENGTH_MEASURE( 1.000000000000000082E-05 ), #5366, 'distance_accuracy_value', 'NONE');
#3392 = COLOUR_RGB ( '',0.9686274509803921573, 0.8784313725490195957, 0.5999999999999999778 ) ;
#3393 = CARTESIAN_POINT ( 'NONE',  ( 2.929128802338049287, 0.6365972626210943952, 10.85000000000000853 ) ) ;
#3394 = CONICAL_SURFACE ( 'NONE', #2377, 2.700000000000000622, 0.6747409422234239562 ) ;
#3395 = DIRECTION ( 'NONE',  ( -0.3828089641232319540, 0.9238275255624818216, 0.000000000000000000 ) ) ;
#3396 = VECTOR ( 'NONE', #3961, 1000.000000000000000 ) ;
#3397 = EDGE_CURVE ( 'NONE', #2397, #1160, #3719, .T. ) ;
#3398 = SURFACE_STYLE_FILL_AREA ( #3485 ) ;
#3399 = MECHANICAL_DESIGN_GEOMETRIC_PRESENTATION_REPRESENTATION (  '', ( #910 ), #3205 ) ;
#3400 = CIRCLE ( 'NONE', #2940, 0.1999999999999999833 ) ;
#3401 =( GEOMETRIC_REPRESENTATION_CONTEXT ( 3 ) GLOBAL_UNCERTAINTY_ASSIGNED_CONTEXT ( ( #4523 ) ) GLOBAL_UNIT_ASSIGNED_CONTEXT ( ( #38, #5331, #525 ) ) REPRESENTATION_CONTEXT ( 'NONE', 'WORKASPACE' ) );
#3402 = COLOUR_RGB ( '',0.2235294117647058654, 0.2235294117647058654, 0.2235294117647058654 ) ;
#3403 = DIRECTION ( 'NONE',  ( 3.225526565811033815E-15, 1.336570354578135212E-15, -1.000000000000000000 ) ) ;
#3404 = FILL_AREA_STYLE ('',( #1267 ) ) ;
#3405 = FILL_AREA_STYLE ('',( #381 ) ) ;
#3406 = FILL_AREA_STYLE_COLOUR ( '', #4499 ) ;
#3407 = DIRECTION ( 'NONE',  ( 0.6532447079719758687, 0.2706868144305171198, -0.7071067811865947572 ) ) ;
#3408 = STYLED_ITEM ( 'NONE', ( #780 ), #770 ) ;
#3409 = ORIENTED_EDGE ( 'NONE', *, *, #5262, .F. ) ;
#3410 = PRESENTATION_LAYER_ASSIGNMENT (  '', '', ( #5259 ) ) ;
#3411 = CIRCLE ( 'NONE', #5702, 0.2250000000000000056 ) ;
#3412 = SURFACE_STYLE_FILL_AREA ( #1245 ) ;
#3413 = PRESENTATION_LAYER_ASSIGNMENT (  '', '', ( #2664 ) ) ;
#3414 = SURFACE_STYLE_USAGE ( .BOTH. , #674 ) ;
#3415 = ORIENTED_EDGE ( 'NONE', *, *, #4943, .F. ) ;
#3416 = EDGE_CURVE ( 'NONE', #1701, #657, #1322, .T. ) ;
#3417 = DIRECTION ( 'NONE',  ( -0.9771881260227711641, -0.2123755314533780914, -3.363547309191575826E-15 ) ) ;
#3418 =( LENGTH_UNIT ( ) NAMED_UNIT ( * ) SI_UNIT ( .MILLI., .METRE. ) );
#3419 = DIRECTION ( 'NONE',  ( 0.3828089641232319540, -0.9238275255624818216, 0.000000000000000000 ) ) ;
#3420 = SURFACE_STYLE_USAGE ( .BOTH. , #2514 ) ;
#3421 = SURFACE_STYLE_FILL_AREA ( #766 ) ;
#3422 = ORIENTED_EDGE ( 'NONE', *, *, #2572, .T. ) ;
#3423 = ORIENTED_EDGE ( 'NONE', *, *, #587, .F. ) ;
#3424 =( NAMED_UNIT ( * ) SI_UNIT ( $, .STERADIAN. ) SOLID_ANGLE_UNIT ( ) );
#3425 = ORIENTED_EDGE ( 'NONE', *, *, #1324, .F. ) ;
#3426 = DIRECTION ( 'NONE',  ( -0.9238275255624820437, -0.3828089641232313989, -3.854941057726237900E-15 ) ) ;
#3427 = FILL_AREA_STYLE_COLOUR ( '', #2846 ) ;
#3428 = ORIENTED_EDGE ( 'NONE', *, *, #3800, .F. ) ;
#3429 = CARTESIAN_POINT ( 'NONE',  ( 3.071726522495233702, 1.272839805709738537, 6.049999999997010214 ) ) ;
#3430 = PLANE ( 'NONE',  #1632 ) ;
#3431 = FILL_AREA_STYLE_COLOUR ( '', #631 ) ;
#3432 = PLANE ( 'NONE',  #4229 ) ;
#3433 = EDGE_CURVE ( 'NONE', #457, #3183, #2893, .T. ) ;
#3434 = CARTESIAN_POINT ( 'NONE',  ( -1.480404479020346553, 2.547323856225225835, 1.687499999999999778 ) ) ;
#3435 = ORIENTED_EDGE ( 'NONE', *, *, #3839, .F. ) ;
#3436 = VECTOR ( 'NONE', #4173, 1000.000000000000000 ) ;
#3437 = ORIENTED_EDGE ( 'NONE', *, *, #5015, .F. ) ;
#3438 = PRESENTATION_STYLE_ASSIGNMENT (( #1308 ) ) ;
#3439 =( NAMED_UNIT ( * ) SI_UNIT ( $, .STERADIAN. ) SOLID_ANGLE_UNIT ( ) );
#3440 = CIRCLE ( 'NONE', #2326, 0.5600000000000001643 ) ;
#3441 =( NAMED_UNIT ( * ) PLANE_ANGLE_UNIT ( ) SI_UNIT ( $, .RADIAN. ) );
#3442 = EDGE_CURVE ( 'NONE', #403, #1273, #4365, .T. ) ;
#3443 = AXIS2_PLACEMENT_3D ( 'NONE', #1206, #3278, #749 ) ;
#3444 = PRESENTATION_LAYER_ASSIGNMENT (  '', '', ( #3538 ) ) ;
#3445 = AXIS2_PLACEMENT_3D ( 'NONE', #5554, #1605, #3359 ) ;
#3446 =( NAMED_UNIT ( * ) PLANE_ANGLE_UNIT ( ) SI_UNIT ( $, .RADIAN. ) );
#3447 = PRESENTATION_STYLE_ASSIGNMENT (( #4822 ) ) ;
#3448 = FILL_AREA_STYLE ('',( #1873 ) ) ;
#3449 = VERTEX_POINT ( 'NONE', #2607 ) ;
#3450 = ORIENTED_EDGE ( 'NONE', *, *, #2729, .F. ) ;
#3451 = FILL_AREA_STYLE_COLOUR ( '', #3469 ) ;
#3452 = ADVANCED_FACE ( 'NONE', ( #2211 ), #3932, .T. ) ;
#3453 = UNCERTAINTY_MEASURE_WITH_UNIT (LENGTH_MEASURE( 1.000000000000000082E-05 ), #354, 'distance_accuracy_value', 'NONE');
#3454 = CYLINDRICAL_SURFACE ( 'NONE', #2114, 0.2250000000000000056 ) ;
#3455 = SURFACE_STYLE_FILL_AREA ( #3808 ) ;
#3456 = DIRECTION ( 'NONE',  ( -0.9238275255624818216, -0.3828089641232322315, -3.484935554417691866E-15 ) ) ;
#3457 = VERTEX_POINT ( 'NONE', #3519 ) ;
#3458 = FACE_OUTER_BOUND ( 'NONE', #1508, .T. ) ;
#3459 = FILL_AREA_STYLE ('',( #4357 ) ) ;
#3460 = CARTESIAN_POINT ( 'NONE',  ( 2.833845565466011074, 0.6158890412147857152, 7.850125019537010473 ) ) ;
#3461 = SURFACE_STYLE_FILL_AREA ( #352 ) ;
#3462 =( NAMED_UNIT ( * ) PLANE_ANGLE_UNIT ( ) SI_UNIT ( $, .RADIAN. ) );
#3463 = ORIENTED_EDGE ( 'NONE', *, *, #3691, .T. ) ;
#3464 = DIRECTION ( 'NONE',  ( 0.9238275255624819327, 0.3828089641232318430, 3.523657060577889411E-15 ) ) ;
#3465 = MANIFOLD_SOLID_BREP ( '实体-移动/复制3[6]', #3295 ) ;
#3466 = EDGE_CURVE ( 'NONE', #5448, #4099, #1709, .T. ) ;
#3467 = DIRECTION ( 'NONE',  ( 3.225526565811033815E-15, 1.336570354578135212E-15, -1.000000000000000000 ) ) ;
#3468 = SURFACE_STYLE_USAGE ( .BOTH. , #5101 ) ;
#3469 = COLOUR_RGB ( '',0.2235294117647058654, 0.2235294117647058654, 0.2235294117647058654 ) ;
#3470 = FACE_OUTER_BOUND ( 'NONE', #994, .T. ) ;
#3471 = CARTESIAN_POINT ( 'NONE',  ( -1.602585296346801451E-15, -6.640676968789339326E-16, 0.4000000000000001887 ) ) ;
#3472 = ORIENTED_EDGE ( 'NONE', *, *, #3624, .F. ) ;
#3473 = VERTEX_POINT ( 'NONE', #1235 ) ;
#3474 = CARTESIAN_POINT ( 'NONE',  ( -2.564136474154882321E-14, -1.062508315006294292E-14, 7.850125019536999815 ) ) ;
#3475 = EDGE_LOOP ( 'NONE', ( #646, #549, #3251, #1261, #5016 ) ) ;
#3476 =( NAMED_UNIT ( * ) PLANE_ANGLE_UNIT ( ) SI_UNIT ( $, .RADIAN. ) );
#3477 = ORIENTED_EDGE ( 'NONE', *, *, #2550, .F. ) ;
#3478 = AXIS2_PLACEMENT_3D ( 'NONE', #4646, #4120, #2025 ) ;
#3479 = FILL_AREA_STYLE_COLOUR ( '', #4629 ) ;
#3480 = DIRECTION ( 'NONE',  ( 3.225526565811033815E-15, 1.336570354578135212E-15, -1.000000000000000000 ) ) ;
#3481 = CARTESIAN_POINT ( 'NONE',  ( -4.221891791820546302, -1.749436966043171671, 0.6499999999999848121 ) ) ;
#3482 =( GEOMETRIC_REPRESENTATION_CONTEXT ( 3 ) GLOBAL_UNCERTAINTY_ASSIGNED_CONTEXT ( ( #3633 ) ) GLOBAL_UNIT_ASSIGNED_CONTEXT ( ( #400, #5703, #2531 ) ) REPRESENTATION_CONTEXT ( 'NONE', 'WORKASPACE' ) );
#3483 = AXIS2_PLACEMENT_3D ( 'NONE', #3051, #2608, #4384 ) ;
#3484 = ADVANCED_FACE ( 'NONE', ( #861 ), #2529, .T. ) ;
#3485 = FILL_AREA_STYLE ('',( #3991 ) ) ;
#3486 = MECHANICAL_DESIGN_GEOMETRIC_PRESENTATION_REPRESENTATION (  '', ( #1649 ), #2282 ) ;
#3487 = LINE ( 'NONE', #2694, #637 ) ;
#3488 = AXIS2_PLACEMENT_3D ( 'NONE', #82, #3095, #2260 ) ;
#3489 = CARTESIAN_POINT ( 'NONE',  ( -1.117802175237065043, 2.697576374643596342, 0.000000000000000000 ) ) ;
#3490 = PRESENTATION_LAYER_ASSIGNMENT (  '', '', ( #5265 ) ) ;
#3491 = CIRCLE ( 'NONE', #1373, 0.2031250000000000278 ) ;
#3492 = SURFACE_STYLE_USAGE ( .BOTH. , #1734 ) ;
#3493 = SURFACE_STYLE_FILL_AREA ( #2587 ) ;
#3494 = VERTEX_POINT ( 'NONE', #560 ) ;
#3495 = PRESENTATION_LAYER_ASSIGNMENT (  '', '', ( #2651 ) ) ;
#3496 = STYLED_ITEM ( 'NONE', ( #966 ), #499 ) ;
#3497 = STYLED_ITEM ( 'NONE', ( #3707 ), #1403 ) ;
#3498 = AXIS2_PLACEMENT_3D ( 'NONE', #176, #562, #1549 ) ;
#3499 = SURFACE_STYLE_USAGE ( .BOTH. , #2184 ) ;
#3500 = CARTESIAN_POINT ( 'NONE',  ( -1.486600059361660398, -2.851003631063206090, -7.806255641895631925E-15 ) ) ;
#3501 = COLOUR_RGB ( '',0.2235294117647058654, 0.2235294117647058654, 0.2235294117647058654 ) ;
#3502 =( LENGTH_UNIT ( ) NAMED_UNIT ( * ) SI_UNIT ( .MILLI., .METRE. ) );
#3503 = AXIS2_PLACEMENT_3D ( 'NONE', #3994, #4387, #1732 ) ;
#3504 = PRESENTATION_LAYER_ASSIGNMENT (  '', '', ( #2659 ) ) ;
#3505 = FACE_OUTER_BOUND ( 'NONE', #347, .T. ) ;
#3506 =( GEOMETRIC_REPRESENTATION_CONTEXT ( 3 ) GLOBAL_UNCERTAINTY_ASSIGNED_CONTEXT ( ( #4463 ) ) GLOBAL_UNIT_ASSIGNED_CONTEXT ( ( #965, #1054, #2319 ) ) REPRESENTATION_CONTEXT ( 'NONE', 'WORKASPACE' ) );
#3507 = AXIS2_PLACEMENT_3D ( 'NONE', #4145, #3327, #4200 ) ;
#3508 = EDGE_CURVE ( 'NONE', #1487, #4020, #1890, .T. ) ;
#3509 = SURFACE_STYLE_USAGE ( .BOTH. , #2677 ) ;
#3510 = VECTOR ( 'NONE', #846, 1000.000000000000000 ) ;
#3511 = FACE_OUTER_BOUND ( 'NONE', #4604, .T. ) ;
#3512 = EDGE_LOOP ( 'NONE', ( #2125, #559, #1674, #5595 ) ) ;
#3513 = UNCERTAINTY_MEASURE_WITH_UNIT (LENGTH_MEASURE( 1.000000000000000082E-05 ), #2774, 'distance_accuracy_value', 'NONE');
#3514 = EDGE_CURVE ( 'NONE', #5448, #666, #4657, .T. ) ;
#3515 = DIRECTION ( 'NONE',  ( 3.225526565811033815E-15, 1.336570354578135212E-15, -1.000000000000000000 ) ) ;
#3516 = DIRECTION ( 'NONE',  ( -0.9238275255624818216, -0.3828089641232319540, -3.596377938000696577E-15 ) ) ;
#3517 = PRESENTATION_STYLE_ASSIGNMENT (( #4880 ) ) ;
#3518 = ORIENTED_EDGE ( 'NONE', *, *, #2480, .F. ) ;
#3519 = CARTESIAN_POINT ( 'NONE',  ( 0.3995192101616021896, 4.724056988609533825, 7.806255641895631925E-15 ) ) ;
#3520 = DIRECTION ( 'NONE',  ( -0.3828089641232319540, 0.9238275255624818216, 0.000000000000000000 ) ) ;
#3521 = CARTESIAN_POINT ( 'NONE',  ( -0.0007242319741205920092, 5.329999950797282615, 0.4000000000000071276 ) ) ;
#3522 = DIRECTION ( 'NONE',  ( 0.9238275255624820437, 0.3828089641232313989, 3.854941057726237900E-15 ) ) ;
#3523 = EDGE_CURVE ( 'NONE', #503, #1818, #8, .T. ) ;
#3524 = PLANE ( 'NONE',  #129 ) ;
#3525 = ORIENTED_EDGE ( 'NONE', *, *, #3247, .F. ) ;
#3526 =( LENGTH_UNIT ( ) NAMED_UNIT ( * ) SI_UNIT ( .MILLI., .METRE. ) );
#3527 = DIRECTION ( 'NONE',  ( -0.9771881260227711641, -0.2123755314533780914, -3.155472647867249356E-15 ) ) ;
#3528 = EDGE_CURVE ( 'NONE', #2825, #5031, #1350, .T. ) ;
#3529 = CARTESIAN_POINT ( 'NONE',  ( -2.403877944520202314E-14, -9.961015453184009383E-15, 7.600125019537000703 ) ) ;
#3530 = FACE_BOUND ( 'NONE', #1592, .T. ) ;
#3531 = TOROIDAL_SURFACE ( 'NONE', #1037, 4.209999999999999964, 0.2000000000000000111 ) ;
#3532 =( NAMED_UNIT ( * ) PLANE_ANGLE_UNIT ( ) SI_UNIT ( $, .RADIAN. ) );
#3533 = UNCERTAINTY_MEASURE_WITH_UNIT (LENGTH_MEASURE( 1.000000000000000082E-05 ), #4758, 'distance_accuracy_value', 'NONE');
#3534 = CIRCLE ( 'NONE', #2599, 3.325000000000000622 ) ;
#3535 = DIRECTION ( 'NONE',  ( -0.2123755314533780636, 0.9771881260227710531, 6.210577614566906163E-16 ) ) ;
#3536 = SURFACE_STYLE_FILL_AREA ( #1828 ) ;
#3537 = AXIS2_PLACEMENT_3D ( 'NONE', #188, #1076, #5433 ) ;
#3538 = STYLED_ITEM ( 'NONE', ( #4819 ), #3690 ) ;
#3539 = DIRECTION ( 'NONE',  ( 0.9238275255624818216, 0.3828089641232319540, 3.491481338843132566E-15 ) ) ;
#3540 = ORIENTED_EDGE ( 'NONE', *, *, #4236, .T. ) ;
#3541 = FACE_OUTER_BOUND ( 'NONE', #1427, .T. ) ;
#3542 = DIRECTION ( 'NONE',  ( 0.9999748795167882065, 0.007088041717208387951, 3.252606517456510935E-15 ) ) ;
#3543 = PRESENTATION_STYLE_ASSIGNMENT (( #429 ) ) ;
#3544 =( NAMED_UNIT ( * ) SI_UNIT ( $, .STERADIAN. ) SOLID_ANGLE_UNIT ( ) );
#3545 =( GEOMETRIC_REPRESENTATION_CONTEXT ( 3 ) GLOBAL_UNCERTAINTY_ASSIGNED_CONTEXT ( ( #1341 ) ) GLOBAL_UNIT_ASSIGNED_CONTEXT ( ( #1990, #5524, #3330 ) ) REPRESENTATION_CONTEXT ( 'NONE', 'WORKASPACE' ) );
#3546 = EDGE_CURVE ( 'NONE', #5454, #1482, #1962, .T. ) ;
#3547 = CYLINDRICAL_SURFACE ( 'NONE', #4143, 0.5600000000000000533 ) ;
#3548 = CARTESIAN_POINT ( 'NONE',  ( -0.5157979475582247231, 4.540798660731860892, 4.336808689942017736E-15 ) ) ;
#3549 = DIRECTION ( 'NONE',  ( 0.9238275255624820437, 0.3828089641232313989, 3.854941057726237900E-15 ) ) ;
#3550 = PLANE ( 'NONE',  #5255 ) ;
#3551 =( NAMED_UNIT ( * ) PLANE_ANGLE_UNIT ( ) SI_UNIT ( $, .RADIAN. ) );
#3552 =( NAMED_UNIT ( * ) SI_UNIT ( $, .STERADIAN. ) SOLID_ANGLE_UNIT ( ) );
#3553 = ORIENTED_EDGE ( 'NONE', *, *, #5478, .F. ) ;
#3554 = ORIENTED_EDGE ( 'NONE', *, *, #4236, .F. ) ;
#3555 = PRODUCT_DEFINITION ( '未知', '', #4071, #2709 ) ;
#3556 = ORIENTED_EDGE ( 'NONE', *, *, #1911, .F. ) ;
#3557 = SURFACE_STYLE_FILL_AREA ( #2730 ) ;
#3558 = CARTESIAN_POINT ( 'NONE',  ( 1.117802175242610163, -2.697576374641298624, 0.1499999999999999667 ) ) ;
#3559 = LINE ( 'NONE', #1985, #3587 ) ;
#3560 = DIRECTION ( 'NONE',  ( -0.9771881260227711641, -0.2123755314533780914, -3.155472647867249356E-15 ) ) ;
#3561 = MECHANICAL_DESIGN_GEOMETRIC_PRESENTATION_REPRESENTATION (  '', ( #4858 ), #2715 ) ;
#3562 = DIRECTION ( 'NONE',  ( -3.225526565811033815E-15, -1.336570354578135212E-15, 1.000000000000000000 ) ) ;
#3563 = EDGE_CURVE ( 'NONE', #600, #1920, #3916, .T. ) ;
#3564 = CARTESIAN_POINT ( 'NONE',  ( -3.999642353383853877, -0.8692555177482251816, 9.669999999999987494 ) ) ;
#3565 = DIRECTION ( 'NONE',  ( -3.225526565811033815E-15, -1.336570354578135212E-15, 1.000000000000000000 ) ) ;
#3566 = CARTESIAN_POINT ( 'NONE',  ( -2.884653533424242651E-14, -1.195321854382081158E-14, 9.100125019537001592 ) ) ;
#3567 = EDGE_LOOP ( 'NONE', ( #3425, #333, #962, #4261 ) ) ;
#3568 = UNCERTAINTY_MEASURE_WITH_UNIT (LENGTH_MEASURE( 1.000000000000000082E-05 ), #257, 'distance_accuracy_value', 'NONE');
#3569 = FILL_AREA_STYLE_COLOUR ( '', #2755 ) ;
#3570 = CARTESIAN_POINT ( 'NONE',  ( -3.926266983640550379, -1.626938097523737081, 0.3999999999999854228 ) ) ;
#3571 = ORIENTED_EDGE ( 'NONE', *, *, #4741, .F. ) ;
#3572 = TOROIDAL_SURFACE ( 'NONE', #1900, 0.3925000000000000155, 0.2368807716974999922 ) ;
#3573 = AXIS2_PLACEMENT_3D ( 'NONE', #4377, #48, #3622 ) ;
#3574 = CARTESIAN_POINT ( 'NONE',  ( 4.535794874127721421, 0.9857793205869649356, 10.39018118455301298 ) ) ;
#3575 = DIRECTION ( 'NONE',  ( 0.9238275255624818216, 0.3828089641232319540, 3.491481338843132566E-15 ) ) ;
#3576 = STYLED_ITEM ( 'NONE', ( #3438 ), #380 ) ;
#3577 = STYLED_ITEM ( 'NONE', ( #3362 ), #1881 ) ;
#3578 = FILL_AREA_STYLE_COLOUR ( '', #4427 ) ;
#3579 = EDGE_CURVE ( 'NONE', #1160, #3697, #2623, .T. ) ;
#3580 =( LENGTH_UNIT ( ) NAMED_UNIT ( * ) SI_UNIT ( .MILLI., .METRE. ) );
#3581 =( NAMED_UNIT ( * ) SI_UNIT ( $, .STERADIAN. ) SOLID_ANGLE_UNIT ( ) );
#3582 = AXIS2_PLACEMENT_3D ( 'NONE', #5716, #453, #932 ) ;
#3583 = ORIENTED_EDGE ( 'NONE', *, *, #2082, .T. ) ;
#3584 = FACE_OUTER_BOUND ( 'NONE', #4133, .T. ) ;
#3585 = STYLED_ITEM ( 'NONE', ( #2581 ), #51 ) ;
#3586 = SURFACE_STYLE_FILL_AREA ( #70 ) ;
#3587 = VECTOR ( 'NONE', #5484, 1000.000000000000114 ) ;
#3588 = DIRECTION ( 'NONE',  ( 3.225526565811033815E-15, 1.336570354578135212E-15, -1.000000000000000000 ) ) ;
#3589 = DIRECTION ( 'NONE',  ( 3.225526565811033815E-15, 1.336570354578135212E-15, -1.000000000000000000 ) ) ;
#3590 =( NAMED_UNIT ( * ) PLANE_ANGLE_UNIT ( ) SI_UNIT ( $, .RADIAN. ) );
#3591 = DIRECTION ( 'NONE',  ( 0.9238275255624818216, 0.3828089641232319540, 3.491481338843132566E-15 ) ) ;
#3592 = AXIS2_PLACEMENT_3D ( 'NONE', #862, #2176, #494 ) ;
#3593 = AXIS2_PLACEMENT_3D ( 'NONE', #531, #1896, #1998 ) ;
#3594 = MECHANICAL_DESIGN_GEOMETRIC_PRESENTATION_REPRESENTATION (  '', ( #3497 ), #903 ) ;
#3595 = ORIENTED_EDGE ( 'NONE', *, *, #2572, .F. ) ;
#3596 = CIRCLE ( 'NONE', #1745, 0.5600000000000000533 ) ;
#3597 = DIRECTION ( 'NONE',  ( -0.9238275255624819327, -0.3828089641232320650, -3.514869885863231437E-15 ) ) ;
#3598 = UNCERTAINTY_MEASURE_WITH_UNIT (LENGTH_MEASURE( 1.000000000000000082E-05 ), #3502, 'distance_accuracy_value', 'NONE');
#3599 = STYLED_ITEM ( 'NONE', ( #2242 ), #790 ) ;
#3600 = VECTOR ( 'NONE', #2350, 1000.000000000000114 ) ;
#3601 = SURFACE_SIDE_STYLE ('',( #485 ) ) ;
#3602 = MECHANICAL_DESIGN_GEOMETRIC_PRESENTATION_REPRESENTATION (  '', ( #4432 ), #3122 ) ;
#3603 = AXIS2_PLACEMENT_3D ( 'NONE', #1705, #2494, #5542 ) ;
#3604 = EDGE_CURVE ( 'NONE', #3183, #2897, #3065, .T. ) ;
#3605 =( NAMED_UNIT ( * ) SI_UNIT ( $, .STERADIAN. ) SOLID_ANGLE_UNIT ( ) );
#3606 = AXIS2_PLACEMENT_3D ( 'NONE', #127, #1912, #3242 ) ;
#3607 =( GEOMETRIC_REPRESENTATION_CONTEXT ( 3 ) GLOBAL_UNCERTAINTY_ASSIGNED_CONTEXT ( ( #4925 ) ) GLOBAL_UNIT_ASSIGNED_CONTEXT ( ( #2785, #3181, #4124 ) ) REPRESENTATION_CONTEXT ( 'NONE', 'WORKASPACE' ) );
#3608 = CIRCLE ( 'NONE', #5619, 4.009999999999999787 ) ;
#3609 = DIRECTION ( 'NONE',  ( -0.9238275255624818216, -0.3828089641232319540, -3.490602116294793666E-15 ) ) ;
#3610 = CARTESIAN_POINT ( 'NONE',  ( -3.365429122328282987E-14, -1.394542163445761377E-14, 10.39018118455399886 ) ) ;
#3611 = CARTESIAN_POINT ( 'NONE',  ( 1.117069049143128767, 2.697880045416590988, 1.920000000000007701 ) ) ;
#3612 = ORIENTED_EDGE ( 'NONE', *, *, #722, .F. ) ;
#3613 = FACE_OUTER_BOUND ( 'NONE', #4627, .T. ) ;
#3614 = CARTESIAN_POINT ( 'NONE',  ( 0.7475380389181431884, 2.544756459767301138, 6.938893903907228378E-15 ) ) ;
#3615 = LINE ( 'NONE', #884, #4141 ) ;
#3616 = PRESENTATION_STYLE_ASSIGNMENT (( #2795 ) ) ;
#3617 = ORIENTED_EDGE ( 'NONE', *, *, #2640, .T. ) ;
#3618 = EDGE_CURVE ( 'NONE', #2096, #713, #3253, .T. ) ;
#3619 = CARTESIAN_POINT ( 'NONE',  ( -0.3992967299913856571, 5.128555358207675496, 0.4000000000000062395 ) ) ;
#3620 =( NAMED_UNIT ( * ) PLANE_ANGLE_UNIT ( ) SI_UNIT ( $, .RADIAN. ) );
#3621 = PLANE ( 'NONE',  #1095 ) ;
#3622 = DIRECTION ( 'NONE',  ( 0.9771881260227711641, 0.2123755314533781191, 3.212450881438531057E-15 ) ) ;
#3623 = ORIENTED_EDGE ( 'NONE', *, *, #1466, .F. ) ;
#3624 = EDGE_CURVE ( 'NONE', #2341, #55, #189, .T. ) ;
#3625 = CARTESIAN_POINT ( 'NONE',  ( -1.324930242388231205, -2.784012062341642668, 1.519999999999992690 ) ) ;
#3626 = CARTESIAN_POINT ( 'NONE',  ( 0.7944625412957416755, -2.831559512084429464, -0.1000000000000011297 ) ) ;
#3627 = AXIS2_PLACEMENT_3D ( 'NONE', #4001, #3083, #4865 ) ;
#3628 = DIRECTION ( 'NONE',  ( 0.9999748795167882065, 0.007088041717207001040, 3.234919205456320003E-15 ) ) ;
#3629 = VERTEX_POINT ( 'NONE', #249 ) ;
#3630 = DIRECTION ( 'NONE',  ( 3.225526565811033815E-15, 1.336570354578135212E-15, -1.000000000000000000 ) ) ;
#3631 =( NAMED_UNIT ( * ) PLANE_ANGLE_UNIT ( ) SI_UNIT ( $, .RADIAN. ) );
#3632 = PRODUCT_RELATED_PRODUCT_CATEGORY ( 'part', '', ( #4441 ) ) ;
#3633 = UNCERTAINTY_MEASURE_WITH_UNIT (LENGTH_MEASURE( 1.000000000000000082E-05 ), #400, 'distance_accuracy_value', 'NONE');
#3634 = SURFACE_STYLE_FILL_AREA ( #193 ) ;
#3635 = CARTESIAN_POINT ( 'NONE',  ( 3.704548377508320556, 1.535063946135307500, 1.320000000000013829 ) ) ;
#3636 = ORIENTED_EDGE ( 'NONE', *, *, #1695, .F. ) ;
#3637 = DIRECTION ( 'NONE',  ( -3.225526565811033815E-15, -1.336570354578135212E-15, 1.000000000000000000 ) ) ;
#3638 =( GEOMETRIC_REPRESENTATION_CONTEXT ( 3 ) GLOBAL_UNCERTAINTY_ASSIGNED_CONTEXT ( ( #5311 ) ) GLOBAL_UNIT_ASSIGNED_CONTEXT ( ( #1472, #4044, #141 ) ) REPRESENTATION_CONTEXT ( 'NONE', 'WORKASPACE' ) );
#3639 = AXIS2_PLACEMENT_3D ( 'NONE', #3124, #390, #2621 ) ;
#3640 = EDGE_CURVE ( 'NONE', #3183, #457, #2048, .T. ) ;
#3641 =( NAMED_UNIT ( * ) SI_UNIT ( $, .STERADIAN. ) SOLID_ANGLE_UNIT ( ) );
#3642 = SURFACE_STYLE_FILL_AREA ( #85 ) ;
#3643 =( NAMED_UNIT ( * ) PLANE_ANGLE_UNIT ( ) SI_UNIT ( $, .RADIAN. ) );
#3644 = ORIENTED_EDGE ( 'NONE', *, *, #4702, .T. ) ;
#3645 = ORIENTED_EDGE ( 'NONE', *, *, #4187, .F. ) ;
#3646 = FACE_OUTER_BOUND ( 'NONE', #3998, .T. ) ;
#3647 = ORIENTED_EDGE ( 'NONE', *, *, #5647, .F. ) ;
#3648 = UNCERTAINTY_MEASURE_WITH_UNIT (LENGTH_MEASURE( 1.000000000000000082E-05 ), #2218, 'distance_accuracy_value', 'NONE');
#3649 = CARTESIAN_POINT ( 'NONE',  ( -1.602585296346801648E-14, -6.640676968789340115E-15, 4.853136023954000677 ) ) ;
#3650 =( NAMED_UNIT ( * ) SI_UNIT ( $, .STERADIAN. ) SOLID_ANGLE_UNIT ( ) );
#3651 = CARTESIAN_POINT ( 'NONE',  ( 0.9838190377994787683, -2.374236740694430026, 0.1499999999999999667 ) ) ;
#3652 = EDGE_CURVE ( 'NONE', #149, #1006, #584, .T. ) ;
#3653 = FACE_OUTER_BOUND ( 'NONE', #4972, .T. ) ;
#3654 = SURFACE_STYLE_USAGE ( .BOTH. , #1886 ) ;
#3655 = CARTESIAN_POINT ( 'NONE',  ( -1.324930242388207002, -2.784012062341632454, -6.000000000000007994 ) ) ;
#3656 = CARTESIAN_POINT ( 'NONE',  ( 0.9099409819910521113, -2.783708391569025498, -0.1000000000000011297 ) ) ;
#3657 = FACE_OUTER_BOUND ( 'NONE', #4982, .T. ) ;
#3658 = DIRECTION ( 'NONE',  ( 0.9238275255624818216, 0.3828089641232319540, 3.564500293103027152E-15 ) ) ;
#3659 = COLOUR_RGB ( '',0.9686274509803921573, 0.8784313725490195957, 0.5999999999999999778 ) ;
#3660 = SURFACE_STYLE_FILL_AREA ( #2821 ) ;
#3661 = EDGE_CURVE ( 'NONE', #3951, #457, #2537, .T. ) ;
#3662 = FILL_AREA_STYLE_COLOUR ( '', #4749 ) ;
#3663 = ORIENTED_EDGE ( 'NONE', *, *, #4187, .T. ) ;
#3664 = STYLED_ITEM ( 'NONE', ( #1875 ), #3191 ) ;
#3665 = EDGE_LOOP ( 'NONE', ( #3318, #821 ) ) ;
#3666 = FILL_AREA_STYLE_COLOUR ( '', #799 ) ;
#3667 = CARTESIAN_POINT ( 'NONE',  ( 0.1993561046226635380, 5.130027135551841866, 7.806255641895631925E-15 ) ) ;
#3668 = LINE ( 'NONE', #2895, #3763 ) ;
#3669 = COLOUR_RGB ( '',0.9686274509803921573, 0.8784313725490195957, 0.5999999999999999778 ) ;
#3670 = VERTEX_POINT ( 'NONE', #1664 ) ;
#3671 = AXIS2_PLACEMENT_3D ( 'NONE', #835, #3520, #5701 ) ;
#3672 = CARTESIAN_POINT ( 'NONE',  ( -2.083360885250841669E-14, -8.632880059426142307E-15, 6.350000000000002309 ) ) ;
#3673 = DIRECTION ( 'NONE',  ( -0.9238275255624821547, -0.3828089641232312879, -3.493540333564401642E-15 ) ) ;
#3674 = DIRECTION ( 'NONE',  ( 0.9238275255624819327, 0.3828089641232319540, 3.487477447601074468E-15 ) ) ;
#3675 = SURFACE_STYLE_FILL_AREA ( #2777 ) ;
#3676 = COLOUR_RGB ( '',0.8509803921568627194, 0.8509803921568627194, 0.8509803921568627194 ) ;
#3677 = STYLED_ITEM ( 'NONE', ( #408 ), #1623 ) ;
#3678 = CIRCLE ( 'NONE', #1922, 0.5600000000000000533 ) ;
#3679 = MECHANICAL_DESIGN_GEOMETRIC_PRESENTATION_REPRESENTATION (  '', ( #1109 ), #824 ) ;
#3680 = EDGE_CURVE ( 'NONE', #1584, #5567, #1049, .T. ) ;
#3681 = UNCERTAINTY_MEASURE_WITH_UNIT (LENGTH_MEASURE( 1.000000000000000082E-05 ), #304, 'distance_accuracy_value', 'NONE');
#3682 = SURFACE_STYLE_USAGE ( .BOTH. , #2344 ) ;
#3683 = CARTESIAN_POINT ( 'NONE',  ( 4.535107737447684251, 0.9856299828967917120, 10.75000095477001594 ) ) ;
#3684 = CARTESIAN_POINT ( 'NONE',  ( 0.3993560884836878655, 5.130107481058387542, 8.673617379884035472E-15 ) ) ;
#3685 = CIRCLE ( 'NONE', #4161, 0.2000000000000002054 ) ;
#3686 = ORIENTED_EDGE ( 'NONE', *, *, #796, .F. ) ;
#3687 =( GEOMETRIC_REPRESENTATION_CONTEXT ( 3 ) GLOBAL_UNCERTAINTY_ASSIGNED_CONTEXT ( ( #5427 ) ) GLOBAL_UNIT_ASSIGNED_CONTEXT ( ( #1519, #4095, #4557 ) ) REPRESENTATION_CONTEXT ( 'NONE', 'WORKASPACE' ) );
#3688 = COLOUR_RGB ( '',0.2235294117647058654, 0.2235294117647058654, 0.2235294117647058654 ) ;
#3689 = DIRECTION ( 'NONE',  ( 3.225526565811033815E-15, 1.336570354578135212E-15, -1.000000000000000000 ) ) ;
#3690 = MANIFOLD_SOLID_BREP ( '实体-移动/复制3[11]', #3109 ) ;
#3691 = EDGE_CURVE ( 'NONE', #2579, #5615, #2239, .T. ) ;
#3692 = AXIS2_PLACEMENT_3D ( 'NONE', #1798, #939, #1775 ) ;
#3693 = ORIENTED_EDGE ( 'NONE', *, *, #2915, .F. ) ;
#3694 = UNCERTAINTY_MEASURE_WITH_UNIT (LENGTH_MEASURE( 1.000000000000000082E-05 ), #721, 'distance_accuracy_value', 'NONE');
#3695 = CARTESIAN_POINT ( 'NONE',  ( -1.117069049136754533, -2.697880045413949102, 27.07046610168998413 ) ) ;
#3696 = FACE_BOUND ( 'NONE', #5652, .T. ) ;
#3697 = VERTEX_POINT ( 'NONE', #4310 ) ;
#3698 = EDGE_CURVE ( 'NONE', #5413, #3741, #952, .T. ) ;
#3699 = CARTESIAN_POINT ( 'NONE',  ( -1.602585296346801451E-15, -6.640676968789339326E-16, 0.6500000000000003553 ) ) ;
#3700 = DIRECTION ( 'NONE',  ( -3.225526565811033815E-15, -1.336570354578135212E-15, 1.000000000000000000 ) ) ;
#3701 = CARTESIAN_POINT ( 'NONE',  ( 0.7944625412957416755, -2.831559512084429464, 0.1499999999999990785 ) ) ;
#3702 = SURFACE_STYLE_USAGE ( .BOTH. , #2395 ) ;
#3703 = ORIENTED_EDGE ( 'NONE', *, *, #3839, .T. ) ;
#3704 = UNCERTAINTY_MEASURE_WITH_UNIT (LENGTH_MEASURE( 1.000000000000000082E-05 ), #848, 'distance_accuracy_value', 'NONE');
#3705 = ADVANCED_FACE ( 'NONE', ( #2510 ), #1398, .F. ) ;
#3706 = ORIENTED_EDGE ( 'NONE', *, *, #3523, .T. ) ;
#3707 = PRESENTATION_STYLE_ASSIGNMENT (( #3365 ) ) ;
#3708 = VERTEX_POINT ( 'NONE', #4823 ) ;
#3709 = PRESENTATION_STYLE_ASSIGNMENT (( #2364 ) ) ;
#3710 =( NAMED_UNIT ( * ) SI_UNIT ( $, .STERADIAN. ) SOLID_ANGLE_UNIT ( ) );
#3711 = DIRECTION ( 'NONE',  ( -0.9238275255624819327, -0.3828089641232319540, -3.491481338843133750E-15 ) ) ;
#3712 = ORIENTED_EDGE ( 'NONE', *, *, #270, .F. ) ;
#3713 = CARTESIAN_POINT ( 'NONE',  ( 4.050444782364365004, 0.8802965778742432024, 6.930000000000013038 ) ) ;
#3714 = CARTESIAN_POINT ( 'NONE',  ( -2.243619414885522307E-14, -9.296947756305075845E-15, 7.140062509769001586 ) ) ;
#3715 = CARTESIAN_POINT ( 'NONE',  ( -1.117802175237065265, 2.697576374643597230, 8.673617379884035472E-16 ) ) ;
#3716 = CARTESIAN_POINT ( 'NONE',  ( -8.653960600272727321E-14, -3.585965563146243315E-14, 26.73118644067999483 ) ) ;
#3717 =( LENGTH_UNIT ( ) NAMED_UNIT ( * ) SI_UNIT ( .MILLI., .METRE. ) );
#3718 = ORIENTED_EDGE ( 'NONE', *, *, #3618, .T. ) ;
#3719 = CIRCLE ( 'NONE', #3062, 0.2000000000000000111 ) ;
#3720 = SURFACE_STYLE_USAGE ( .BOTH. , #1863 ) ;
#3721 = SURFACE_SIDE_STYLE ('',( #626 ) ) ;
#3722 = VECTOR ( 'NONE', #4904, 1000.000000000000000 ) ;
#3723 = FILL_AREA_STYLE_COLOUR ( '', #3501 ) ;
#3724 = MECHANICAL_DESIGN_GEOMETRIC_PRESENTATION_REPRESENTATION (  '', ( #3538 ), #4287 ) ;
#3725 = FACE_OUTER_BOUND ( 'NONE', #2209, .T. ) ;
#3726 = EDGE_CURVE ( 'NONE', #2843, #5301, #2898, .T. ) ;
#3727 = VERTEX_POINT ( 'NONE', #5314 ) ;
#3728 = COLOUR_RGB ( '',0.2235294117647058654, 0.2235294117647058654, 0.2235294117647058654 ) ;
#3729 = AXIS2_PLACEMENT_3D ( 'NONE', #1136, #4647, #675 ) ;
#3730 = EDGE_LOOP ( 'NONE', ( #1733, #1205 ) ) ;
#3731 = CARTESIAN_POINT ( 'NONE',  ( -0.9099409819854881176, 2.783708391571332097, -5.999999999999999112 ) ) ;
#3732 = PRESENTATION_STYLE_ASSIGNMENT (( #1214 ) ) ;
#3733 = ORIENTED_EDGE ( 'NONE', *, *, #2894, .F. ) ;
#3734 = VECTOR ( 'NONE', #3249, 999.9999999999998863 ) ;
#3735 = CIRCLE ( 'NONE', #5294, 0.2368807716975001587 ) ;
#3736 = CARTESIAN_POINT ( 'NONE',  ( -1.117069049136666603, -2.697880045413912686, -0.2031250000000062450 ) ) ;
#3737 = EDGE_CURVE ( 'NONE', #5575, #2772, #4902, .T. ) ;
#3738 = DIRECTION ( 'NONE',  ( -3.225526565811033815E-15, -1.336570354578135212E-15, 1.000000000000000000 ) ) ;
#3739 = ORIENTED_EDGE ( 'NONE', *, *, #1317, .T. ) ;
#3740 = CARTESIAN_POINT ( 'NONE',  ( -2.083360885250841669E-14, -8.632880059426142307E-15, 6.150000000000000355 ) ) ;
#3741 = VERTEX_POINT ( 'NONE', #5682 ) ;
#3742 =( NAMED_UNIT ( * ) PLANE_ANGLE_UNIT ( ) SI_UNIT ( $, .RADIAN. ) );
#3743 = VERTEX_POINT ( 'NONE', #934 ) ;
#3744 =( NAMED_UNIT ( * ) PLANE_ANGLE_UNIT ( ) SI_UNIT ( $, .RADIAN. ) );
#3745 =( NAMED_UNIT ( * ) PLANE_ANGLE_UNIT ( ) SI_UNIT ( $, .RADIAN. ) );
#3746 = PRESENTATION_STYLE_ASSIGNMENT (( #1470 ) ) ;
#3747 = CARTESIAN_POINT ( 'NONE',  ( 0.1993289289388034125, 5.330027133705303122, 7.806255641895631925E-15 ) ) ;
#3748 = FACE_OUTER_BOUND ( 'NONE', #4250, .T. ) ;
#3749 = ORIENTED_EDGE ( 'NONE', *, *, #1353, .T. ) ;
#3750 = MECHANICAL_DESIGN_GEOMETRIC_PRESENTATION_REPRESENTATION (  '', ( #1811 ), #5500 ) ;
#3751 = EDGE_CURVE ( 'NONE', #4992, #2341, #1138, .T. ) ;
#3752 = SURFACE_STYLE_FILL_AREA ( #2826 ) ;
#3753 = DIRECTION ( 'NONE',  ( 3.225526565811033815E-15, 1.336570354578135212E-15, -1.000000000000000000 ) ) ;
#3754 = FACE_OUTER_BOUND ( 'NONE', #1086, .T. ) ;
#3755 = PRESENTATION_STYLE_ASSIGNMENT (( #4753 ) ) ;
#3756 = CIRCLE ( 'NONE', #1992, 2.997507567207001067 ) ;
#3757 = ORIENTED_EDGE ( 'NONE', *, *, #2640, .F. ) ;
#3758 = STYLED_ITEM ( 'NONE', ( #4959 ), #546 ) ;
#3759 = PRESENTATION_LAYER_ASSIGNMENT (  '', '', ( #3294 ) ) ;
#3760 = SURFACE_SIDE_STYLE ('',( #4579 ) ) ;
#3761 = CARTESIAN_POINT ( 'NONE',  ( -3.365429122328282987E-14, -1.394542163445761377E-14, 10.60006250976899800 ) ) ;
#3762 =( GEOMETRIC_REPRESENTATION_CONTEXT ( 3 ) GLOBAL_UNCERTAINTY_ASSIGNED_CONTEXT ( ( #2000 ) ) GLOBAL_UNIT_ASSIGNED_CONTEXT ( ( #4707, #2907, #1028 ) ) REPRESENTATION_CONTEXT ( 'NONE', 'WORKASPACE' ) );
#3763 = VECTOR ( 'NONE', #3753, 1000.000000000000000 ) ;
#3764 = PRESENTATION_LAYER_ASSIGNMENT (  '', '', ( #4511 ) ) ;
#3765 = STYLED_ITEM ( 'NONE', ( #1692 ), #1539 ) ;
#3766 = COLOUR_RGB ( '',0.9686274509803921573, 0.8784313725490195957, 0.5999999999999999778 ) ;
#3767 = AXIS2_PLACEMENT_3D ( 'NONE', #5668, #5133, #261 ) ;
#3768 = EDGE_CURVE ( 'NONE', #1701, #5548, #53, .T. ) ;
#3769 = TOROIDAL_SURFACE ( 'NONE', #5070, 3.700000000000000178, 0.4000000000000000222 ) ;
#3770 = MECHANICAL_DESIGN_GEOMETRIC_PRESENTATION_REPRESENTATION (  '', ( #2193 ), #4518 ) ;
#3771 = CIRCLE ( 'NONE', #1282, 0.4000000000000000222 ) ;
#3772 = CARTESIAN_POINT ( 'NONE',  ( -1.073732148552357025E-13, -4.449253569088857703E-14, 33.45587570620999429 ) ) ;
#3773 = DIRECTION ( 'NONE',  ( -0.9238275255624821547, -0.3828089641232312879, 0.000000000000000000 ) ) ;
#3774 = PRESENTATION_LAYER_ASSIGNMENT (  '', '', ( #524 ) ) ;
#3775 = MECHANICAL_DESIGN_GEOMETRIC_PRESENTATION_REPRESENTATION (  '', ( #2943 ), #434 ) ;
#3776 = EDGE_LOOP ( 'NONE', ( #4760, #2588, #133, #3645 ) ) ;
#3777 = PRESENTATION_LAYER_ASSIGNMENT (  '', '', ( #1927 ) ) ;
#3778 = PLANE ( 'NONE',  #5429 ) ;
#3779 = AXIS2_PLACEMENT_3D ( 'NONE', #1921, #1892, #5475 ) ;
#3780 = PRESENTATION_LAYER_ASSIGNMENT (  '', '', ( #164 ) ) ;
#3781 = AXIS2_PLACEMENT_3D ( 'NONE', #200, #661, #3223 ) ;
#3782 = DIRECTION ( 'NONE',  ( 0.9238275255624819327, 0.3828089641232318430, 3.523657060577889411E-15 ) ) ;
#3783 =( LENGTH_UNIT ( ) NAMED_UNIT ( * ) SI_UNIT ( .MILLI., .METRE. ) );
#3784 = CARTESIAN_POINT ( 'NONE',  ( 1.324930242394688706, 2.784012062344318750, 1.520000000000008233 ) ) ;
#3785 = STYLED_ITEM ( 'NONE', ( #284 ), #5144 ) ;
#3786 = PRESENTATION_LAYER_ASSIGNMENT (  '', '', ( #2390 ) ) ;
#3787 = CARTESIAN_POINT ( 'NONE',  ( 1.117069049143047277, 2.697880045416556793, 27.07046610168999834 ) ) ;
#3788 = ORIENTED_EDGE ( 'NONE', *, *, #3433, .T. ) ;
#3789 = DIRECTION ( 'NONE',  ( 3.225526565811033815E-15, 1.336570354578135212E-15, -1.000000000000000000 ) ) ;
#3790 = SURFACE_STYLE_FILL_AREA ( #4197 ) ;
#3791 = MECHANICAL_DESIGN_GEOMETRIC_PRESENTATION_REPRESENTATION (  '', ( #5438 ), #834 ) ;
#3792 = FILL_AREA_STYLE ('',( #4198 ) ) ;
#3793 = ORIENTED_EDGE ( 'NONE', *, *, #1979, .T. ) ;
#3794 = ADVANCED_FACE ( 'NONE', ( #4030 ), #3089, .T. ) ;
#3795 = CYLINDRICAL_SURFACE ( 'NONE', #2760, 4.009999999999999787 ) ;
#3796 = FILL_AREA_STYLE_COLOUR ( '', #5601 ) ;
#3797 =( NAMED_UNIT ( * ) SI_UNIT ( $, .STERADIAN. ) SOLID_ANGLE_UNIT ( ) );
#3798 =( NAMED_UNIT ( * ) PLANE_ANGLE_UNIT ( ) SI_UNIT ( $, .RADIAN. ) );
#3799 = DIRECTION ( 'NONE',  ( -0.9238275255624821547, -0.3828089641232312879, -3.854941057726236322E-15 ) ) ;
#3800 = EDGE_CURVE ( 'NONE', #5397, #3353, #4101, .T. ) ;
#3801 = DIRECTION ( 'NONE',  ( 3.225526565811033815E-15, 1.336570354578135212E-15, -1.000000000000000000 ) ) ;
#3802 = PLANE ( 'NONE',  #803 ) ;
#3803 =( NAMED_UNIT ( * ) PLANE_ANGLE_UNIT ( ) SI_UNIT ( $, .RADIAN. ) );
#3804 = SURFACE_SIDE_STYLE ('',( #4237 ) ) ;
#3805 = EDGE_LOOP ( 'NONE', ( #4824, #3477, #4530, #2823 ) ) ;
#3806 = SURFACE_STYLE_FILL_AREA ( #4678 ) ;
#3807 = UNCERTAINTY_MEASURE_WITH_UNIT (LENGTH_MEASURE( 1.000000000000000082E-05 ), #4344, 'distance_accuracy_value', 'NONE');
#3808 = FILL_AREA_STYLE ('',( #1590 ) ) ;
#3809 =( NAMED_UNIT ( * ) PLANE_ANGLE_UNIT ( ) SI_UNIT ( $, .RADIAN. ) );
#3810 =( NAMED_UNIT ( * ) SI_UNIT ( $, .STERADIAN. ) SOLID_ANGLE_UNIT ( ) );
#3811 = EDGE_CURVE ( 'NONE', #3457, #469, #2197, .T. ) ;
#3812 = CARTESIAN_POINT ( 'NONE',  ( -2.083360885250841669E-14, -8.632880059426142307E-15, 6.600000000000000533 ) ) ;
#3813 = SURFACE_SIDE_STYLE ('',( #4722 ) ) ;
#3814 = ORIENTED_EDGE ( 'NONE', *, *, #1303, .T. ) ;
#3815 = DIRECTION ( 'NONE',  ( -0.9238275255624819327, -0.3828089641232319540, -3.487477447601074468E-15 ) ) ;
#3816 = AXIS2_PLACEMENT_3D ( 'NONE', #363, #5242, #2165 ) ;
#3817 = CARTESIAN_POINT ( 'NONE',  ( -3.071726522495272782, -1.272839805709754746, 6.049999999996987121 ) ) ;
#3818 =( NAMED_UNIT ( * ) PLANE_ANGLE_UNIT ( ) SI_UNIT ( $, .RADIAN. ) );
#3819 = ORIENTED_EDGE ( 'NONE', *, *, #3858, .T. ) ;
#3820 = VERTEX_POINT ( 'NONE', #2713 ) ;
#3821 = AXIS2_PLACEMENT_3D ( 'NONE', #875, #5269, #2678 ) ;
#3822 = CARTESIAN_POINT ( 'NONE',  ( 0.5997256348290687100, 2.483507025507966315, 5.204170427930421283E-15 ) ) ;
#3823 =( NAMED_UNIT ( * ) SI_UNIT ( $, .STERADIAN. ) SOLID_ANGLE_UNIT ( ) );
#3824 = COLOUR_RGB ( '',0.2235294117647058654, 0.2235294117647058654, 0.2235294117647058654 ) ;
#3825 = FILL_AREA_STYLE ('',( #2904 ) ) ;
#3826 = DIRECTION ( 'NONE',  ( 0.9238275255624819327, 0.3828089641232319540, 3.516331370223256547E-15 ) ) ;
#3827 = MECHANICAL_DESIGN_GEOMETRIC_PRESENTATION_REPRESENTATION (  '', ( #3360 ), #1146 ) ;
#3828 = SURFACE_SIDE_STYLE ('',( #2049 ) ) ;
#3829 = EDGE_CURVE ( 'NONE', #4443, #1965, #582, .T. ) ;
#3830 = PRESENTATION_STYLE_ASSIGNMENT (( #4267 ) ) ;
#3831 = PRESENTATION_STYLE_ASSIGNMENT (( #4268 ) ) ;
#3832 = DIRECTION ( 'NONE',  ( 3.225526565811033815E-15, 1.336570354578135212E-15, -1.000000000000000000 ) ) ;
#3833 = ORIENTED_EDGE ( 'NONE', *, *, #4343, .T. ) ;
#3834 = SURFACE_STYLE_FILL_AREA ( #1475 ) ;
#3835 =( NAMED_UNIT ( * ) PLANE_ANGLE_UNIT ( ) SI_UNIT ( $, .RADIAN. ) );
#3836 = DIRECTION ( 'NONE',  ( 0.9238275255624820437, 0.3828089641232313989, 3.493540333564403220E-15 ) ) ;
#3837 = DIRECTION ( 'NONE',  ( 0.9771881260227711641, 0.2123755314533780914, 3.469446951953613006E-15 ) ) ;
#3838 = PRESENTATION_STYLE_ASSIGNMENT (( #1211 ) ) ;
#3839 = EDGE_CURVE ( 'NONE', #670, #5567, #3358, .T. ) ;
#3840 = DIRECTION ( 'NONE',  ( -0.9238275255624819327, -0.3828089641232319540, -3.491481338843133750E-15 ) ) ;
#3841 = FACE_OUTER_BOUND ( 'NONE', #3138, .T. ) ;
#3842 = SURFACE_SIDE_STYLE ('',( #5142 ) ) ;
#3843 = ORIENTED_EDGE ( 'NONE', *, *, #1039, .T. ) ;
#3844 = SURFACE_STYLE_USAGE ( .BOTH. , #2022 ) ;
#3845 = SURFACE_STYLE_USAGE ( .BOTH. , #2072 ) ;
#3846 = CARTESIAN_POINT ( 'NONE',  ( -3.205170592693603296E-14, -1.328135393757868023E-14, 10.10012501953699804 ) ) ;
#3847 = AXIS2_PLACEMENT_3D ( 'NONE', #5622, #4278, #2063 ) ;
#3848 = MECHANICAL_DESIGN_GEOMETRIC_PRESENTATION_REPRESENTATION (  '', ( #1635 ), #3098 ) ;
#3849 = PRESENTATION_LAYER_ASSIGNMENT (  '', '', ( #616 ) ) ;
#3850 = SURFACE_STYLE_FILL_AREA ( #2513 ) ;
#3851 = CARTESIAN_POINT ( 'NONE',  ( -1.749436966043172115, 4.221891791820542750, 0.6500000000000003553 ) ) ;
#3852 = FILL_AREA_STYLE ('',( #2880 ) ) ;
#3853 = STYLED_ITEM ( 'NONE', ( #1943 ), #2157 ) ;
#3854 = CARTESIAN_POINT ( 'NONE',  ( 1.117802175242610163, -2.697576374641298624, 0.000000000000000000 ) ) ;
#3855 = ORIENTED_EDGE ( 'NONE', *, *, #3737, .F. ) ;
#3856 = MECHANICAL_DESIGN_GEOMETRIC_PRESENTATION_REPRESENTATION (  '', ( #1279 ), #238 ) ;
#3857 = PRESENTATION_LAYER_ASSIGNMENT (  '', '', ( #3388 ) ) ;
#3858 = EDGE_CURVE ( 'NONE', #5248, #878, #1233, .T. ) ;
#3859 = DIRECTION ( 'NONE',  ( -3.225526565811033815E-15, -1.336570354578135212E-15, 1.000000000000000000 ) ) ;
#3860 =( LENGTH_UNIT ( ) NAMED_UNIT ( * ) SI_UNIT ( .MILLI., .METRE. ) );
#3861 = CIRCLE ( 'NONE', #3198, 4.140000000000001457 ) ;
#3862 = UNCERTAINTY_MEASURE_WITH_UNIT (LENGTH_MEASURE( 1.000000000000000082E-05 ), #5109, 'distance_accuracy_value', 'NONE');
#3863 = FILL_AREA_STYLE_COLOUR ( '', #1195 ) ;
#3864 = COLOUR_RGB ( '',0.2235294117647058654, 0.2235294117647058654, 0.2235294117647058654 ) ;
#3865 =( LENGTH_UNIT ( ) NAMED_UNIT ( * ) SI_UNIT ( .MILLI., .METRE. ) );
#3866 = MECHANICAL_DESIGN_GEOMETRIC_PRESENTATION_REPRESENTATION (  '', ( #524 ), #1656 ) ;
#3867 = CARTESIAN_POINT ( 'NONE',  ( 4.050444782364365004, 0.8802965778742432024, 6.930000000000013038 ) ) ;
#3868 = ORIENTED_EDGE ( 'NONE', *, *, #804, .T. ) ;
#3869 = STYLED_ITEM ( 'NONE', ( #1804 ), #2620 ) ;
#3870 = CIRCLE ( 'NONE', #2748, 4.570000000000001172 ) ;
#3871 = EDGE_CURVE ( 'NONE', #2079, #1808, #2978, .T. ) ;
#3872 = FACE_OUTER_BOUND ( 'NONE', #3475, .T. ) ;
#3873 = CIRCLE ( 'NONE', #1564, 0.2250000000000000056 ) ;
#3874 = PRESENTATION_LAYER_ASSIGNMENT (  '', '', ( #2110 ) ) ;
#3875 = CIRCLE ( 'NONE', #3781, 4.210000000000000853 ) ;
#3876 = CYLINDRICAL_SURFACE ( 'NONE', #4802, 0.2250000000000000056 ) ;
#3877 = FILL_AREA_STYLE_COLOUR ( '', #3676 ) ;
#3878 = ORIENTED_EDGE ( 'NONE', *, *, #5632, .F. ) ;
#3879 = CARTESIAN_POINT ( 'NONE',  ( 3.787692854806155029, 1.569516752905242729, 6.200000000000015277 ) ) ;
#3880 = CARTESIAN_POINT ( 'NONE',  ( 1.117802175242610163, -2.697576374641298624, 0.1499999999999999667 ) ) ;
#3881 = AXIS2_PLACEMENT_3D ( 'NONE', #5479, #1525, #1092 ) ;
#3882 = ORIENTED_EDGE ( 'NONE', *, *, #4025, .F. ) ;
#3883 =( GEOMETRIC_REPRESENTATION_CONTEXT ( 3 ) GLOBAL_UNCERTAINTY_ASSIGNED_CONTEXT ( ( #2315 ) ) GLOBAL_UNIT_ASSIGNED_CONTEXT ( ( #772, #4326, #1704 ) ) REPRESENTATION_CONTEXT ( 'NONE', 'WORKASPACE' ) );
#3884 = MECHANICAL_DESIGN_GEOMETRIC_PRESENTATION_REPRESENTATION (  '', ( #2390 ), #1753 ) ;
#3885 = COLOUR_RGB ( '',0.8509803921568627194, 0.8509803921568627194, 0.8509803921568627194 ) ;
#3886 = SURFACE_STYLE_FILL_AREA ( #1601 ) ;
#3887 = ADVANCED_FACE ( 'NONE', ( #102 ), #120, .T. ) ;
#3888 = FILL_AREA_STYLE_COLOUR ( '', #3392 ) ;
#3889 = DIRECTION ( 'NONE',  ( -3.225526565811033815E-15, -1.336570354578135212E-15, 1.000000000000000000 ) ) ;
#3890 = VECTOR ( 'NONE', #2335, 1000.000000000000114 ) ;
#3891 = DIRECTION ( 'NONE',  ( -0.6104445828554163622, -0.1326699427206652626, 0.7808688094430280557 ) ) ;
#3892 = PRESENTATION_STYLE_ASSIGNMENT (( #2111 ) ) ;
#3893 = ADVANCED_FACE ( 'NONE', ( #2401 ), #2365, .T. ) ;
#3894 = CARTESIAN_POINT ( 'NONE',  ( -0.3964379481824795159, 4.725240859117358916, 0.4000000000000054068 ) ) ;
#3895 =( NAMED_UNIT ( * ) SI_UNIT ( $, .STERADIAN. ) SOLID_ANGLE_UNIT ( ) );
#3896 = VERTEX_POINT ( 'NONE', #509 ) ;
#3897 = ORIENTED_EDGE ( 'NONE', *, *, #4772, .F. ) ;
#3898 =( LENGTH_UNIT ( ) NAMED_UNIT ( * ) SI_UNIT ( .MILLI., .METRE. ) );
#3899 = DIRECTION ( 'NONE',  ( -3.225526565811033815E-15, -1.336570354578135212E-15, 1.000000000000000000 ) ) ;
#3900 = ORIENTED_EDGE ( 'NONE', *, *, #4702, .F. ) ;
#3901 = SURFACE_STYLE_USAGE ( .BOTH. , #3930 ) ;
#3902 = FACE_OUTER_BOUND ( 'NONE', #4754, .T. ) ;
#3903 =( NAMED_UNIT ( * ) SI_UNIT ( $, .STERADIAN. ) SOLID_ANGLE_UNIT ( ) );
#3904 = DIRECTION ( 'NONE',  ( -3.225526565811033815E-15, -1.336570354578135212E-15, 1.000000000000000000 ) ) ;
#3905 =( LENGTH_UNIT ( ) NAMED_UNIT ( * ) SI_UNIT ( .MILLI., .METRE. ) );
#3906 = ADVANCED_FACE ( 'NONE', ( #1449 ), #4759, .F. ) ;
#3907 = SURFACE_STYLE_USAGE ( .BOTH. , #5199 ) ;
#3908 = STYLED_ITEM ( 'NONE', ( #1956 ), #4844 ) ;
#3909 = DIRECTION ( 'NONE',  ( -3.225526565811033815E-15, -1.336570354578135212E-15, 1.000000000000000000 ) ) ;
#3910 = EDGE_LOOP ( 'NONE', ( #5111, #1653, #1242, #530 ) ) ;
#3911 = CYLINDRICAL_SURFACE ( 'NONE', #3978, 0.5600000000000000533 ) ;
#3912 = ORIENTED_EDGE ( 'NONE', *, *, #2210, .T. ) ;
#3913 = DIRECTION ( 'NONE',  ( -3.225526565811033815E-15, -1.336570354578135212E-15, 1.000000000000000000 ) ) ;
#3914 = DIRECTION ( 'NONE',  ( -3.225526565811033815E-15, -1.336570354578135212E-15, 1.000000000000000000 ) ) ;
#3915 = STYLED_ITEM ( 'NONE', ( #2936 ), #4324 ) ;
#3916 = CIRCLE ( 'NONE', #476, 0.5600000000000000533 ) ;
#3917 = PRESENTATION_STYLE_ASSIGNMENT (( #1219 ) ) ;
#3918 = AXIS2_PLACEMENT_3D ( 'NONE', #2358, #1417, #4602 ) ;
#3919 = CARTESIAN_POINT ( 'NONE',  ( -0.6004587609220755073, 2.911949394552606041, 1.734723475976807094E-15 ) ) ;
#3920 =( LENGTH_UNIT ( ) NAMED_UNIT ( * ) SI_UNIT ( .MILLI., .METRE. ) );
#3921 = EDGE_CURVE ( 'NONE', #4573, #4970, #1334, .T. ) ;
#3922 = SURFACE_SIDE_STYLE ('',( #389 ) ) ;
#3923 = DIRECTION ( 'NONE',  ( 3.225526565811033815E-15, 1.336570354578135212E-15, -1.000000000000000000 ) ) ;
#3924 = ORIENTED_EDGE ( 'NONE', *, *, #4834, .T. ) ;
#3925 = PRESENTATION_LAYER_ASSIGNMENT (  '', '', ( #3360 ) ) ;
#3926 = FACE_OUTER_BOUND ( 'NONE', #5490, .T. ) ;
#3927 =( NAMED_UNIT ( * ) SI_UNIT ( $, .STERADIAN. ) SOLID_ANGLE_UNIT ( ) );
#3928 = EDGE_LOOP ( 'NONE', ( #1799, #691, #2603, #3553 ) ) ;
#3929 = DIRECTION ( 'NONE',  ( -3.225526565811033815E-15, -1.336570354578135212E-15, 1.000000000000000000 ) ) ;
#3930 = SURFACE_SIDE_STYLE ('',( #2526 ) ) ;
#3931 = DIRECTION ( 'NONE',  ( -0.9771881260227710531, -0.2123755314533780636, -3.255141899461538860E-15 ) ) ;
#3932 = CYLINDRICAL_SURFACE ( 'NONE', #2045, 0.2250000000000000056 ) ;
#3933 = CARTESIAN_POINT ( 'NONE',  ( 4.045558841734237632, 0.8792347002169703662, 11.25000000000001421 ) ) ;
#3934 = FILL_AREA_STYLE ('',( #4809 ) ) ;
#3935 = ORIENTED_EDGE ( 'NONE', *, *, #4806, .T. ) ;
#3936 = EDGE_CURVE ( 'NONE', #186, #1410, #2696, .T. ) ;
#3937 = DIRECTION ( 'NONE',  ( -0.9771881260227710531, -0.2123755314533780636, -3.255141899461538860E-15 ) ) ;
#3938 = CARTESIAN_POINT ( 'NONE',  ( -0.5997256348216777333, -2.483507025504902987, -1.474514954580286030E-14 ) ) ;
#3939 = CARTESIAN_POINT ( 'NONE',  ( -3.365429122328282987E-14, -1.394542163445761377E-14, 10.39018118455399886 ) ) ;
#3940 = PRESENTATION_STYLE_ASSIGNMENT (( #2161 ) ) ;
#3941 = VECTOR ( 'NONE', #3992, 1000.000000000000000 ) ;
#3942 = FACE_OUTER_BOUND ( 'NONE', #123, .T. ) ;
#3943 = AXIS2_PLACEMENT_3D ( 'NONE', #3985, #3859, #2203 ) ;
#3944 = CARTESIAN_POINT ( 'NONE',  ( -3.787692854806196774, -1.569516752905259827, 6.199999999999985967 ) ) ;
#3945 = TOROIDAL_SURFACE ( 'NONE', #2839, 0.4000000000000000222, 0.2031250000000000000 ) ;
#3946 = EDGE_CURVE ( 'NONE', #2660, #5318, #5654, .T. ) ;
#3947 = AXIS2_PLACEMENT_3D ( 'NONE', #1854, #5398, #2654 ) ;
#3948 =( NAMED_UNIT ( * ) SI_UNIT ( $, .STERADIAN. ) SOLID_ANGLE_UNIT ( ) );
#3949 = DIRECTION ( 'NONE',  ( 3.225526565811033815E-15, 1.336570354578135212E-15, -1.000000000000000000 ) ) ;
#3950 = CARTESIAN_POINT ( 'NONE',  ( -1.487333185462057505, 2.544452788994304715, 0.000000000000000000 ) ) ;
#3951 = VERTEX_POINT ( 'NONE', #4701 ) ;
#3952 = CONICAL_SURFACE ( 'NONE', #1545, 2.668050007815000235, 0.6747409422234239562 ) ;
#3953 = AXIS2_PLACEMENT_3D ( 'NONE', #3471, #5238, #1286 ) ;
#3954 = SURFACE_STYLE_USAGE ( .BOTH. , #5256 ) ;
#3955 = STYLED_ITEM ( 'NONE', ( #5578 ), #2167 ) ;
#3956 = TOROIDAL_SURFACE ( 'NONE', #324, 3.810000000000000053, 0.2000000000000000111 ) ;
#3957 =( GEOMETRIC_REPRESENTATION_CONTEXT ( 3 ) GLOBAL_UNCERTAINTY_ASSIGNED_CONTEXT ( ( #3568 ) ) GLOBAL_UNIT_ASSIGNED_CONTEXT ( ( #257, #2517, #4765 ) ) REPRESENTATION_CONTEXT ( 'NONE', 'WORKASPACE' ) );
#3958 = DIRECTION ( 'NONE',  ( 0.9238275255624818216, 0.3828089641232323981, 3.484935554417691866E-15 ) ) ;
#3959 = SURFACE_STYLE_USAGE ( .BOTH. , #2064 ) ;
#3960 = MECHANICAL_DESIGN_GEOMETRIC_PRESENTATION_REPRESENTATION (  '', ( #3388 ), #138 ) ;
#3961 = DIRECTION ( 'NONE',  ( -3.225526565811033815E-15, -1.336570354578135212E-15, 1.000000000000000000 ) ) ;
#3962 = ORIENTED_EDGE ( 'NONE', *, *, #3652, .F. ) ;
#3963 = CONICAL_SURFACE ( 'NONE', #1830, 4.641328711440001697, 0.001954246648718304096 ) ;
#3964 = CARTESIAN_POINT ( 'NONE',  ( 3.846204711232323324E-14, 1.593762472509441438E-14, -12.22604166667300163 ) ) ;
#3965 = DIRECTION ( 'NONE',  ( 3.225526565811033815E-15, 1.336570354578135212E-15, -1.000000000000000000 ) ) ;
#3966 = ORIENTED_EDGE ( 'NONE', *, *, #2052, .T. ) ;
#3967 = ORIENTED_EDGE ( 'NONE', *, *, #5262, .T. ) ;
#3968 = AXIS2_PLACEMENT_3D ( 'NONE', #4840, #4570, #599 ) ;
#3969 = AXIS2_PLACEMENT_3D ( 'NONE', #1121, #130, #4533 ) ;
#3970 = MECHANICAL_DESIGN_GEOMETRIC_PRESENTATION_REPRESENTATION (  '', ( #5258 ), #3401 ) ;
#3971 = PRESENTATION_LAYER_ASSIGNMENT (  '', '', ( #1109 ) ) ;
#3972 =( LENGTH_UNIT ( ) NAMED_UNIT ( * ) SI_UNIT ( .MILLI., .METRE. ) );
#3973 = LINE ( 'NONE', #1337, #989 ) ;
#3974 = COLOUR_RGB ( '',0.000000000000000000, 0.000000000000000000, 0.000000000000000000 ) ;
#3975 = STYLED_ITEM ( 'NONE', ( #3838 ), #4907 ) ;
#3976 = VECTOR ( 'NONE', #2258, 1000.000000000000000 ) ;
#3977 = COLOUR_RGB ( '',0.7921568627450980005, 0.8196078431372548767, 0.9333333333333333481 ) ;
#3978 = AXIS2_PLACEMENT_3D ( 'NONE', #4394, #475, #926 ) ;
#3979 = DIRECTION ( 'NONE',  ( 3.225526565811033815E-15, 1.336570354578135212E-15, -1.000000000000000000 ) ) ;
#3980 = DIRECTION ( 'NONE',  ( -0.0001358784196987262419, 0.9999999907685275247, 1.336132062787160657E-15 ) ) ;
#3981 = ADVANCED_FACE ( 'NONE', ( #2955 ), #787, .T. ) ;
#3982 =( GEOMETRIC_REPRESENTATION_CONTEXT ( 3 ) GLOBAL_UNCERTAINTY_ASSIGNED_CONTEXT ( ( #3171 ) ) GLOBAL_UNIT_ASSIGNED_CONTEXT ( ( #507, #2287, #3710 ) ) REPRESENTATION_CONTEXT ( 'NONE', 'WORKASPACE' ) );
#3983 = LINE ( 'NONE', #2596, #3722 ) ;
#3984 = DIRECTION ( 'NONE',  ( 0.9771881260227710531, 0.2123755314533780914, 3.589083053745116929E-15 ) ) ;
#3985 = CARTESIAN_POINT ( 'NONE',  ( -1.073732148552357025E-13, -4.449253569088857703E-14, 33.45587570620999429 ) ) ;
#3986 = UNCERTAINTY_MEASURE_WITH_UNIT (LENGTH_MEASURE( 1.000000000000000082E-05 ), #2217, 'distance_accuracy_value', 'NONE');
#3987 =( NAMED_UNIT ( * ) SI_UNIT ( $, .STERADIAN. ) SOLID_ANGLE_UNIT ( ) );
#3988 = PRESENTATION_STYLE_ASSIGNMENT (( #3094 ) ) ;
#3989 = SURFACE_STYLE_USAGE ( .BOTH. , #2208 ) ;
#3990 = ORIENTED_EDGE ( 'NONE', *, *, #2404, .T. ) ;
#3991 = FILL_AREA_STYLE_COLOUR ( '', #575 ) ;
#3992 = DIRECTION ( 'NONE',  ( 3.225526565811033815E-15, 1.336570354578135212E-15, -1.000000000000000000 ) ) ;
#3993 = SURFACE_STYLE_USAGE ( .BOTH. , #2722 ) ;
#3994 = CARTESIAN_POINT ( 'NONE',  ( 1.117802175242610163, -2.697576374641298624, 0.1499999999999999667 ) ) ;
#3995 = ORIENTED_EDGE ( 'NONE', *, *, #944, .F. ) ;
#3996 = EDGE_CURVE ( 'NONE', #1186, #186, #603, .T. ) ;
#3997 = SURFACE_SIDE_STYLE ('',( #2672 ) ) ;
#3998 = EDGE_LOOP ( 'NONE', ( #4284, #1770, #1526, #5243 ) ) ;
#3999 = VERTEX_POINT ( 'NONE', #4491 ) ;
#4000 = PRESENTATION_STYLE_ASSIGNMENT (( #3163 ) ) ;
#4001 = CARTESIAN_POINT ( 'NONE',  ( -1.117802175237070150, 2.697576374643595010, 1.520000000000000462 ) ) ;
#4002 = AXIS2_PLACEMENT_3D ( 'NONE', #3558, #5309, #4664 ) ;
#4003 = FILL_AREA_STYLE ('',( #2226 ) ) ;
#4004 = UNCERTAINTY_MEASURE_WITH_UNIT (LENGTH_MEASURE( 1.000000000000000082E-05 ), #500, 'distance_accuracy_value', 'NONE');
#4005 = DIRECTION ( 'NONE',  ( -3.225526565811033815E-15, -1.336570354578135212E-15, 1.000000000000000000 ) ) ;
#4006 = AXIS2_PLACEMENT_3D ( 'NONE', #4193, #3344, #2496 ) ;
#4007 =( GEOMETRIC_REPRESENTATION_CONTEXT ( 3 ) GLOBAL_UNCERTAINTY_ASSIGNED_CONTEXT ( ( #368 ) ) GLOBAL_UNIT_ASSIGNED_CONTEXT ( ( #4800, #969, #996 ) ) REPRESENTATION_CONTEXT ( 'NONE', 'WORKASPACE' ) );
#4008 = CARTESIAN_POINT ( 'NONE',  ( 1.117069049143047277, 2.697880045416556793, 27.07046610168999834 ) ) ;
#4009 = COLOUR_RGB ( '',0.8509803921568627194, 0.8509803921568627194, 0.8509803921568627194 ) ;
#4010 = EDGE_CURVE ( 'NONE', #1017, #462, #383, .T. ) ;
#4011 = FILL_AREA_STYLE_COLOUR ( '', #2949 ) ;
#4012 = LINE ( 'NONE', #880, #3976 ) ;
#4013 = CARTESIAN_POINT ( 'NONE',  ( -0.9092078558850892334, -2.611748028486177819, -6.000000000000006217 ) ) ;
#4014 = EDGE_LOOP ( 'NONE', ( #2166, #3339, #3924, #3644 ) ) ;
#4015 = ORIENTED_EDGE ( 'NONE', *, *, #471, .T. ) ;
#4016 = AXIS2_PLACEMENT_3D ( 'NONE', #1331, #2614, #5201 ) ;
#4017 =( NAMED_UNIT ( * ) PLANE_ANGLE_UNIT ( ) SI_UNIT ( $, .RADIAN. ) );
#4018 =( NAMED_UNIT ( * ) PLANE_ANGLE_UNIT ( ) SI_UNIT ( $, .RADIAN. ) );
#4019 = PRESENTATION_STYLE_ASSIGNMENT (( #4482 ) ) ;
#4020 = VERTEX_POINT ( 'NONE', #3168 ) ;
#4021 = DIRECTION ( 'NONE',  ( -0.0001358784196987262419, 0.9999999907685275247, 1.355252715606879162E-15 ) ) ;
#4022 =( LENGTH_UNIT ( ) NAMED_UNIT ( * ) SI_UNIT ( .MILLI., .METRE. ) );
#4023 = ORIENTED_EDGE ( 'NONE', *, *, #4913, .F. ) ;
#4024 = DIRECTION ( 'NONE',  ( 0.9238275255624818216, 0.3828089641232323981, 3.484935554417691866E-15 ) ) ;
#4025 = EDGE_CURVE ( 'NONE', #837, #3322, #2733, .T. ) ;
#4026 = SURFACE_STYLE_FILL_AREA ( #870 ) ;
#4027 = CARTESIAN_POINT ( 'NONE',  ( -3.685946181597643632E-14, -1.527355702821547927E-14, 11.25000000000000000 ) ) ;
#4028 = ORIENTED_EDGE ( 'NONE', *, *, #1665, .F. ) ;
#4029 = CARTESIAN_POINT ( 'NONE',  ( -1.635145589552059908, 2.483203354734585311, 1.519999999999998685 ) ) ;
#4030 = FACE_OUTER_BOUND ( 'NONE', #254, .T. ) ;
#4031 = CYLINDRICAL_SURFACE ( 'NONE', #481, 4.570000000000001172 ) ;
#4032 = ORIENTED_EDGE ( 'NONE', *, *, #2153, .T. ) ;
#4033 =( NAMED_UNIT ( * ) PLANE_ANGLE_UNIT ( ) SI_UNIT ( $, .RADIAN. ) );
#4034 = AXIS2_PLACEMENT_3D ( 'NONE', #3812, #750, #4748 ) ;
#4035 = UNCERTAINTY_MEASURE_WITH_UNIT (LENGTH_MEASURE( 1.000000000000000082E-05 ), #88, 'distance_accuracy_value', 'NONE');
#4036 = FACE_OUTER_BOUND ( 'NONE', #2780, .T. ) ;
#4037 = SURFACE_STYLE_FILL_AREA ( #2231 ) ;
#4038 = AXIS2_PLACEMENT_3D ( 'NONE', #5226, #2969, #1213 ) ;
#4039 =( LENGTH_UNIT ( ) NAMED_UNIT ( * ) SI_UNIT ( .MILLI., .METRE. ) );
#4040 = EDGE_CURVE ( 'NONE', #2422, #2079, #1053, .T. ) ;
#4041 =( GEOMETRIC_REPRESENTATION_CONTEXT ( 3 ) GLOBAL_UNCERTAINTY_ASSIGNED_CONTEXT ( ( #259 ) ) GLOBAL_UNIT_ASSIGNED_CONTEXT ( ( #3292, #5430, #3797 ) ) REPRESENTATION_CONTEXT ( 'NONE', 'WORKASPACE' ) );
#4042 = MECHANICAL_DESIGN_GEOMETRIC_PRESENTATION_REPRESENTATION (  '', ( #4412 ), #4598 ) ;
#4043 = PRESENTATION_STYLE_ASSIGNMENT (( #1864 ) ) ;
#4044 =( NAMED_UNIT ( * ) PLANE_ANGLE_UNIT ( ) SI_UNIT ( $, .RADIAN. ) );
#4045 = EDGE_LOOP ( 'NONE', ( #3556, #372, #4015, #1157 ) ) ;
#4046 = TOROIDAL_SURFACE ( 'NONE', #1642, 0.4000000000000000222, 0.2031250000000000000 ) ;
#4047 = ORIENTED_EDGE ( 'NONE', *, *, #1317, .F. ) ;
#4048 = FILL_AREA_STYLE ('',( #2270 ) ) ;
#4049 = EDGE_CURVE ( 'NONE', #1356, #1380, #573, .T. ) ;
#4050 = MECHANICAL_DESIGN_GEOMETRIC_PRESENTATION_REPRESENTATION (  '', ( #4511 ), #5516 ) ;
#4051 = STYLED_ITEM ( 'NONE', ( #4288 ), #1529 ) ;
#4052 = AXIS2_PLACEMENT_3D ( 'NONE', #346, #1639, #3456 ) ;
#4053 = DIRECTION ( 'NONE',  ( 3.225526565811033815E-15, 1.336570354578135212E-15, -1.000000000000000000 ) ) ;
#4054 = DIRECTION ( 'NONE',  ( -3.225526565811033815E-15, -1.336570354578135212E-15, 1.000000000000000000 ) ) ;
#4055 =( NAMED_UNIT ( * ) PLANE_ANGLE_UNIT ( ) SI_UNIT ( $, .RADIAN. ) );
#4056 = CARTESIAN_POINT ( 'NONE',  ( 1.117802175242629259, -2.697576374641290631, -6.000000000000000000 ) ) ;
#4057 = VECTOR ( 'NONE', #2993, 1000.000000000000000 ) ;
#4058 = VECTOR ( 'NONE', #1946, 1000.000000000000000 ) ;
#4059 = VECTOR ( 'NONE', #2432, 1000.000000000000114 ) ;
#4060 = ORIENTED_EDGE ( 'NONE', *, *, #3081, .F. ) ;
#4061 = PRESENTATION_LAYER_ASSIGNMENT (  '', '', ( #2856 ) ) ;
#4062 = CARTESIAN_POINT ( 'NONE',  ( 4.221891791820542750, 1.749436966043170338, 0.6500000000000168976 ) ) ;
#4063 =( GEOMETRIC_REPRESENTATION_CONTEXT ( 3 ) GLOBAL_UNCERTAINTY_ASSIGNED_CONTEXT ( ( #5354 ) ) GLOBAL_UNIT_ASSIGNED_CONTEXT ( ( #2794, #1552, #5052 ) ) REPRESENTATION_CONTEXT ( 'NONE', 'WORKASPACE' ) );
#4064 = AXIS2_PLACEMENT_3D ( 'NONE', #1240, #3904, #2499 ) ;
#4065 = AXIS2_PLACEMENT_3D ( 'NONE', #5676, #5631, #4842 ) ;
#4066 = PRESENTATION_LAYER_ASSIGNMENT (  '', '', ( #4155 ) ) ;
#4067 = CARTESIAN_POINT ( 'NONE',  ( -1.117069049136754533, -2.697880045413949102, 27.07046610168998413 ) ) ;
#4068 = CARTESIAN_POINT ( 'NONE',  ( -1.117069049136672154, -2.697880045413915351, 1.519999999999993578 ) ) ;
#4069 = EDGE_CURVE ( 'NONE', #2671, #3067, #586, .T. ) ;
#4070 = AXIS2_PLACEMENT_3D ( 'NONE', #5496, #3180, #1885 ) ;
#4071 = PRODUCT_DEFINITION_FORMATION_WITH_SPECIFIED_SOURCE ( '任何', '', #4441, .NOT_KNOWN. ) ;
#4072 = VECTOR ( 'NONE', #3949, 1000.000000000000000 ) ;
#4073 = TOROIDAL_SURFACE ( 'NONE', #1579, 0.4000000000000000222, 0.2031250000000000000 ) ;
#4074 = FILL_AREA_STYLE_COLOUR ( '', #4519 ) ;
#4075 = SURFACE_SIDE_STYLE ('',( #461 ) ) ;
#4076 = ORIENTED_EDGE ( 'NONE', *, *, #3528, .F. ) ;
#4077 = FILL_AREA_STYLE_COLOUR ( '', #915 ) ;
#4078 = FACE_BOUND ( 'NONE', #3730, .T. ) ;
#4079 = PRESENTATION_STYLE_ASSIGNMENT (( #4538 ) ) ;
#4080 = VERTEX_POINT ( 'NONE', #2970 ) ;
#4081 = ORIENTED_EDGE ( 'NONE', *, *, #1230, .T. ) ;
#4082 = PRESENTATION_STYLE_ASSIGNMENT (( #1868 ) ) ;
#4083 = SURFACE_STYLE_USAGE ( .BOTH. , #2890 ) ;
#4084 = ADVANCED_FACE ( 'NONE', ( #3325 ), #1104, .T. ) ;
#4085 = DIRECTION ( 'NONE',  ( -0.9771881260227711641, -0.2123755314533781191, -3.533695969582383887E-15 ) ) ;
#4086 = ORIENTED_EDGE ( 'NONE', *, *, #4671, .T. ) ;
#4087 = LINE ( 'NONE', #4062, #5535 ) ;
#4088 = STYLED_ITEM ( 'NONE', ( #2393 ), #4839 ) ;
#4089 = DIRECTION ( 'NONE',  ( -2.168404344971012812E-15, -1.084202172485506406E-15, 1.000000000000000000 ) ) ;
#4090 = EDGE_LOOP ( 'NONE', ( #2400, #2342, #3912, #2181 ) ) ;
#4091 = ORIENTED_EDGE ( 'NONE', *, *, #2131, .F. ) ;
#4092 = MECHANICAL_DESIGN_GEOMETRIC_PRESENTATION_REPRESENTATION (  '', ( #282 ), #1698 ) ;
#4093 = FILL_AREA_STYLE ('',( #2405 ) ) ;
#4094 = UNCERTAINTY_MEASURE_WITH_UNIT (LENGTH_MEASURE( 1.000000000000000082E-05 ), #905, 'distance_accuracy_value', 'NONE');
#4095 =( NAMED_UNIT ( * ) PLANE_ANGLE_UNIT ( ) SI_UNIT ( $, .RADIAN. ) );
#4096 = FILL_AREA_STYLE_COLOUR ( '', #422 ) ;
#4097 = FILL_AREA_STYLE ('',( #2751 ) ) ;
#4098 = DIRECTION ( 'NONE',  ( 0.001909665404928331161, 0.0004150339064391301170, 0.9999980904606258214 ) ) ;
#4099 = VERTEX_POINT ( 'NONE', #5550 ) ;
#4100 = CIRCLE ( 'NONE', #4006, 0.1999999999999999833 ) ;
#4101 = CIRCLE ( 'NONE', #3821, 4.210000000000000853 ) ;
#4102 = SURFACE_STYLE_FILL_AREA ( #1162 ) ;
#4103 = FACE_OUTER_BOUND ( 'NONE', #5460, .T. ) ;
#4104 = AXIS2_PLACEMENT_3D ( 'NONE', #1907, #4952, #1879 ) ;
#4105 = DIRECTION ( 'NONE',  ( 0.9238275255624818216, 0.3828089641232322871, 3.484935554417692655E-15 ) ) ;
#4106 = CYLINDRICAL_SURFACE ( 'NONE', #161, 0.2000000000000000111 ) ;
#4107 = SURFACE_SIDE_STYLE ('',( #1842 ) ) ;
#4108 = ORIENTED_EDGE ( 'NONE', *, *, #4828, .T. ) ;
#4109 = CARTESIAN_POINT ( 'NONE',  ( -4.221891791817770745, -1.749436966042021702, -1.561251128379126385E-14 ) ) ;
#4110 = MECHANICAL_DESIGN_GEOMETRIC_PRESENTATION_REPRESENTATION (  '', ( #1237 ), #3638 ) ;
#4111 = SURFACE_STYLE_USAGE ( .BOTH. , #1007 ) ;
#4112 = CARTESIAN_POINT ( 'NONE',  ( -1.923102355616161662E-14, -7.968812362547207191E-15, 6.049999999996999556 ) ) ;
#4113 = SURFACE_STYLE_FILL_AREA ( #570 ) ;
#4114 = SURFACE_STYLE_FILL_AREA ( #3281 ) ;
#4115 = ORIENTED_EDGE ( 'NONE', *, *, #4536, .T. ) ;
#4116 = ADVANCED_FACE ( 'NONE', ( #1599, #3352 ), #2501, .T. ) ;
#4117 = CARTESIAN_POINT ( 'NONE',  ( -4.050444782364390761, -0.8802965778742535274, 0.7499999999999859002 ) ) ;
#4118 = UNCERTAINTY_MEASURE_WITH_UNIT (LENGTH_MEASURE( 1.000000000000000082E-05 ), #5316, 'distance_accuracy_value', 'NONE');
#4119 = DIRECTION ( 'NONE',  ( -3.225526565811033815E-15, -1.336570354578135212E-15, 1.000000000000000000 ) ) ;
#4120 = DIRECTION ( 'NONE',  ( -3.225526565811033815E-15, -1.336570354578135212E-15, 1.000000000000000000 ) ) ;
#4121 = CARTESIAN_POINT ( 'NONE',  ( -0.9099409819854881176, 2.783708391571332097, -5.999999999999999112 ) ) ;
#4122 = CARTESIAN_POINT ( 'NONE',  ( 3.556735973415534602, 1.473814511874434574, 6.150000000000011902 ) ) ;
#4123 = SURFACE_STYLE_FILL_AREA ( #4160 ) ;
#4124 =( NAMED_UNIT ( * ) SI_UNIT ( $, .STERADIAN. ) SOLID_ANGLE_UNIT ( ) );
#4125 = LINE ( 'NONE', #3302, #4059 ) ;
#4126 = VERTEX_POINT ( 'NONE', #5059 ) ;
#4127 =( NAMED_UNIT ( * ) SI_UNIT ( $, .STERADIAN. ) SOLID_ANGLE_UNIT ( ) );
#4128 = FILL_AREA_STYLE_COLOUR ( '', #1178 ) ;
#4129 = CARTESIAN_POINT ( 'NONE',  ( 3.519782872395825102, 1.458502153310661686, 1.320000000000013829 ) ) ;
#4130 = DIRECTION ( 'NONE',  ( -3.225526565811033815E-15, -1.336570354578135212E-15, 1.000000000000000000 ) ) ;
#4131 = FILL_AREA_STYLE_COLOUR ( '', #738 ) ;
#4132 = FACE_BOUND ( 'NONE', #628, .T. ) ;
#4133 = EDGE_LOOP ( 'NONE', ( #3196, #5254, #3177, #2018 ) ) ;
#4134 = EDGE_CURVE ( 'NONE', #2660, #149, #3735, .T. ) ;
#4135 = CIRCLE ( 'NONE', #1636, 0.2368807716975002420 ) ;
#4136 = STYLED_ITEM ( 'NONE', ( #2759 ), #1878 ) ;
#4137 = CARTESIAN_POINT ( 'NONE',  ( -3.071726522495272782, -1.272839805709754746, 6.049999999996987121 ) ) ;
#4138 =( LENGTH_UNIT ( ) NAMED_UNIT ( * ) SI_UNIT ( .MILLI., .METRE. ) );
#4139 = COLOUR_RGB ( '',0.2235294117647058654, 0.2235294117647058654, 0.2235294117647058654 ) ;
#4140 = CARTESIAN_POINT ( 'NONE',  ( -2.929128802338120341, -0.6365972626211240382, 10.84999999999998899 ) ) ;
#4141 = VECTOR ( 'NONE', #10, 1000.000000000000000 ) ;
#4142 = ORIENTED_EDGE ( 'NONE', *, *, #5677, .F. ) ;
#4143 = AXIS2_PLACEMENT_3D ( 'NONE', #1609, #2028, #4534 ) ;
#4144 = MECHANICAL_DESIGN_GEOMETRIC_PRESENTATION_REPRESENTATION (  '', ( #4233 ), #1917 ) ;
#4145 = CARTESIAN_POINT ( 'NONE',  ( -1.117802175237153639, 2.697576374643560815, 27.07046610168999123 ) ) ;
#4146 = COLOUR_RGB ( '',0.8509803921568627194, 0.8509803921568627194, 0.8509803921568627194 ) ;
#4147 = DIRECTION ( 'NONE',  ( -0.9238275255624820437, -0.3828089641232313989, -3.493540333564403220E-15 ) ) ;
#4148 = VERTEX_POINT ( 'NONE', #2874 ) ;
#4149 = CIRCLE ( 'NONE', #3306, 0.4000000000000001332 ) ;
#4150 = DIRECTION ( 'NONE',  ( -3.225526565811033815E-15, -1.336570354578135212E-15, 1.000000000000000000 ) ) ;
#4151 = CIRCLE ( 'NONE', #1098, 0.2250000000000000888 ) ;
#4152 = DIRECTION ( 'NONE',  ( -3.225526565811033815E-15, -1.336570354578135212E-15, 1.000000000000000000 ) ) ;
#4153 = ORIENTED_EDGE ( 'NONE', *, *, #3267, .F. ) ;
#4154 = CIRCLE ( 'NONE', #1289, 0.2000000000000000944 ) ;
#4155 = STYLED_ITEM ( 'NONE', ( #5704 ), #2662 ) ;
#4156 = SURFACE_STYLE_FILL_AREA ( #4093 ) ;
#4157 = UNCERTAINTY_MEASURE_WITH_UNIT (LENGTH_MEASURE( 1.000000000000000082E-05 ), #3580, 'distance_accuracy_value', 'NONE');
#4158 = ADVANCED_FACE ( 'NONE', ( #4641 ), #3074, .F. ) ;
#4159 = DIRECTION ( 'NONE',  ( -0.9238275255624819327, -0.3828089641232319540, -3.491481338843134144E-15 ) ) ;
#4160 = FILL_AREA_STYLE ('',( #4074 ) ) ;
#4161 = AXIS2_PLACEMENT_3D ( 'NONE', #2635, #2698, #4021 ) ;
#4162 = CARTESIAN_POINT ( 'NONE',  ( 3.889313882620820451, 1.611625738959955534, 0.6000000000000146327 ) ) ;
#4163 = TOROIDAL_SURFACE ( 'NONE', #4070, 4.250000000000000000, 0.4000000000000000222 ) ;
#4164 = CIRCLE ( 'NONE', #5700, 4.100000000000001421 ) ;
#4165 = DIRECTION ( 'NONE',  ( -3.225526565811033815E-15, -1.336570354578135212E-15, 1.000000000000000000 ) ) ;
#4166 = MECHANICAL_DESIGN_GEOMETRIC_PRESENTATION_REPRESENTATION (  '', ( #2664 ), #651 ) ;
#4167 = UNCERTAINTY_MEASURE_WITH_UNIT (LENGTH_MEASURE( 1.000000000000000082E-05 ), #5288, 'distance_accuracy_value', 'NONE');
#4168 = FACE_BOUND ( 'NONE', #5185, .T. ) ;
#4169 = SURFACE_STYLE_USAGE ( .BOTH. , #3370 ) ;
#4170 = CIRCLE ( 'NONE', #1675, 2.500000000000000888 ) ;
#4171 = CARTESIAN_POINT ( 'NONE',  ( -1.073732148552357025E-13, -4.449253569088857703E-14, 33.45587570620999429 ) ) ;
#4172 = ORIENTED_EDGE ( 'NONE', *, *, #1353, .F. ) ;
#4173 = DIRECTION ( 'NONE',  ( 3.225526565811033815E-15, 1.336570354578135212E-15, -1.000000000000000000 ) ) ;
#4174 = EDGE_CURVE ( 'NONE', #1671, #4738, #2443, .T. ) ;
#4175 = CARTESIAN_POINT ( 'NONE',  ( -0.5997256348216825073, -2.483507025504905208, 1.519999999999995355 ) ) ;
#4176 =( NAMED_UNIT ( * ) SI_UNIT ( $, .STERADIAN. ) SOLID_ANGLE_UNIT ( ) );
#4177 = ORIENTED_EDGE ( 'NONE', *, *, #4471, .T. ) ;
#4178 = CARTESIAN_POINT ( 'NONE',  ( -2.833845565466068805, -0.6158890412148098070, 9.850125019536987381 ) ) ;
#4179 = UNCERTAINTY_MEASURE_WITH_UNIT (LENGTH_MEASURE( 1.000000000000000082E-05 ), #5477, 'distance_accuracy_value', 'NONE');
#4180 = SURFACE_STYLE_FILL_AREA ( #2446 ) ;
#4181 =( NAMED_UNIT ( * ) PLANE_ANGLE_UNIT ( ) SI_UNIT ( $, .RADIAN. ) );
#4182 = FILL_AREA_STYLE_COLOUR ( '', #3070 ) ;
#4183 = SURFACE_STYLE_FILL_AREA ( #2402 ) ;
#4184 = FILL_AREA_STYLE ('',( #4096 ) ) ;
#4185 = PRESENTATION_STYLE_ASSIGNMENT (( #4532 ) ) ;
#4186 = FILL_AREA_STYLE ('',( #1493 ) ) ;
#4187 = EDGE_CURVE ( 'NONE', #5511, #198, #1711, .T. ) ;
#4188 = STYLED_ITEM ( 'NONE', ( #348 ), #3484 ) ;
#4189 = CARTESIAN_POINT ( 'NONE',  ( -3.787692854806179898, -1.569516752905252943, 0.8499999999999862110 ) ) ;
#4190 = CARTESIAN_POINT ( 'NONE',  ( -2.833845565466068805, -0.6158890412148098070, 9.850125019536987381 ) ) ;
#4191 = AXIS2_PLACEMENT_3D ( 'NONE', #1173, #4636, #1125 ) ;
#4192 = STYLED_ITEM ( 'NONE', ( #3917 ), #3705 ) ;
#4193 = CARTESIAN_POINT ( 'NONE',  ( -3.889313882615279550, -1.611625738957658927, 0.5999999999999851008 ) ) ;
#4194 = MECHANICAL_DESIGN_GEOMETRIC_PRESENTATION_REPRESENTATION (  '', ( #2805 ), #2055 ) ;
#4195 = VERTEX_POINT ( 'NONE', #4392 ) ;
#4196 =( LENGTH_UNIT ( ) NAMED_UNIT ( * ) SI_UNIT ( .MILLI., .METRE. ) );
#4197 = FILL_AREA_STYLE ('',( #2474 ) ) ;
#4198 = FILL_AREA_STYLE_COLOUR ( '', #4290 ) ;
#4199 = ORIENTED_EDGE ( 'NONE', *, *, #3361, .T. ) ;
#4200 = DIRECTION ( 'NONE',  ( -0.9238275255624821547, -0.3828089641232312879, 0.000000000000000000 ) ) ;
#4201 = ADVANCED_FACE ( 'NONE', ( #2553 ), #886, .F. ) ;
#4202 = FACE_OUTER_BOUND ( 'NONE', #4348, .T. ) ;
#4203 = ORIENTED_EDGE ( 'NONE', *, *, #532, .T. ) ;
#4204 =( NAMED_UNIT ( * ) PLANE_ANGLE_UNIT ( ) SI_UNIT ( $, .RADIAN. ) );
#4205 = DIRECTION ( 'NONE',  ( 3.225526565811033815E-15, 1.336570354578135212E-15, -1.000000000000000000 ) ) ;
#4206 = SURFACE_STYLE_USAGE ( .BOTH. , #5023 ) ;
#4207 = CARTESIAN_POINT ( 'NONE',  ( -1.117069049136754533, -2.697880045413949102, 27.07046610168998413 ) ) ;
#4208 = UNCERTAINTY_MEASURE_WITH_UNIT (LENGTH_MEASURE( 1.000000000000000082E-05 ), #293, 'distance_accuracy_value', 'NONE');
#4209 = DIRECTION ( 'NONE',  ( 0.9238275255624820437, 0.3828089641232313989, 3.854941057726237900E-15 ) ) ;
#4210 =( NAMED_UNIT ( * ) PLANE_ANGLE_UNIT ( ) SI_UNIT ( $, .RADIAN. ) );
#4211 = SURFACE_STYLE_USAGE ( .BOTH. , #3721 ) ;
#4212 = EDGE_CURVE ( 'NONE', #457, #1806, #4569, .T. ) ;
#4213 = FACE_OUTER_BOUND ( 'NONE', #4811, .T. ) ;
#4214 = ORIENTED_EDGE ( 'NONE', *, *, #1284, .T. ) ;
#4215 = DIRECTION ( 'NONE',  ( -0.9238275255624818216, -0.3828089641232320095, -3.479532553558129794E-15 ) ) ;
#4216 = DIRECTION ( 'NONE',  ( 0.9771881260227710531, 0.2123755314533780914, 3.589083053745116929E-15 ) ) ;
#4217 =( NAMED_UNIT ( * ) PLANE_ANGLE_UNIT ( ) SI_UNIT ( $, .RADIAN. ) );
#4218 = ORIENTED_EDGE ( 'NONE', *, *, #876, .F. ) ;
#4219 = ADVANCED_FACE ( 'NONE', ( #3025 ), #1521, .F. ) ;
#4220 = CYLINDRICAL_SURFACE ( 'NONE', #5582, 4.100000000000001421 ) ;
#4221 = PRESENTATION_LAYER_ASSIGNMENT (  '', '', ( #5687 ) ) ;
#4222 = SURFACE_SIDE_STYLE ('',( #4667 ) ) ;
#4223 = ORIENTED_EDGE ( 'NONE', *, *, #121, .F. ) ;
#4224 = FILL_AREA_STYLE_COLOUR ( '', #1190 ) ;
#4225 = FILL_AREA_STYLE ('',( #1512 ) ) ;
#4226 =( GEOMETRIC_REPRESENTATION_CONTEXT ( 3 ) GLOBAL_UNCERTAINTY_ASSIGNED_CONTEXT ( ( #2349 ) ) GLOBAL_UNIT_ASSIGNED_CONTEXT ( ( #2711, #4493, #98 ) ) REPRESENTATION_CONTEXT ( 'NONE', 'WORKASPACE' ) );
#4227 = ORIENTED_EDGE ( 'NONE', *, *, #1055, .F. ) ;
#4228 = DIRECTION ( 'NONE',  ( -0.9238275255624819327, -0.3828089641232317319, -3.491481338843133355E-15 ) ) ;
#4229 = AXIS2_PLACEMENT_3D ( 'NONE', #1432, #37, #3575 ) ;
#4230 = CARTESIAN_POINT ( 'NONE',  ( -1.117069049136673931, -2.697880045413915795, 1.919999999999991935 ) ) ;
#4231 = PRESENTATION_LAYER_ASSIGNMENT (  '', '', ( #3955 ) ) ;
#4232 = CIRCLE ( 'NONE', #4605, 0.5600000000000000533 ) ;
#4233 = STYLED_ITEM ( 'NONE', ( #1915 ), #1137 ) ;
#4234 = COLOUR_RGB ( '',0.2235294117647058654, 0.2235294117647058654, 0.2235294117647058654 ) ;
#4235 =( NAMED_UNIT ( * ) SI_UNIT ( $, .STERADIAN. ) SOLID_ANGLE_UNIT ( ) );
#4236 = EDGE_CURVE ( 'NONE', #3473, #5665, #1790, .T. ) ;
#4237 = SURFACE_STYLE_FILL_AREA ( #5560 ) ;
#4238 = PRESENTATION_LAYER_ASSIGNMENT (  '', '', ( #3677 ) ) ;
#4239 = AXIS2_PLACEMENT_3D ( 'NONE', #1141, #253, #305 ) ;
#4240 = PRESENTATION_LAYER_ASSIGNMENT (  '', '', ( #156 ) ) ;
#4241 =( NAMED_UNIT ( * ) SI_UNIT ( $, .STERADIAN. ) SOLID_ANGLE_UNIT ( ) );
#4242 = COLOUR_RGB ( '',0.2235294117647058654, 0.2235294117647058654, 0.2235294117647058654 ) ;
#4243 = VERTEX_POINT ( 'NONE', #3137 ) ;
#4244 = CIRCLE ( 'NONE', #436, 4.619582096178001862 ) ;
#4245 = CIRCLE ( 'NONE', #2109, 3.650000000000000799 ) ;
#4246 =( NAMED_UNIT ( * ) SI_UNIT ( $, .STERADIAN. ) SOLID_ANGLE_UNIT ( ) );
#4247 = VECTOR ( 'NONE', #3891, 1000.000000000000114 ) ;
#4248 =( GEOMETRIC_REPRESENTATION_CONTEXT ( 3 ) GLOBAL_UNCERTAINTY_ASSIGNED_CONTEXT ( ( #2524 ) ) GLOBAL_UNIT_ASSIGNED_CONTEXT ( ( #4380, #2686, #3151 ) ) REPRESENTATION_CONTEXT ( 'NONE', 'WORKASPACE' ) );
#4249 = FILL_AREA_STYLE ('',( #4302 ) ) ;
#4250 = EDGE_LOOP ( 'NONE', ( #2768, #4861, #3229, #3995 ) ) ;
#4251 = CARTESIAN_POINT ( 'NONE',  ( -3.704548377502784984, -1.535063946133013335, 1.319999999999986073 ) ) ;
#4252 = SURFACE_STYLE_FILL_AREA ( #720 ) ;
#4253 = STYLED_ITEM ( 'NONE', ( #556 ), #5240 ) ;
#4254 = AXIS2_PLACEMENT_3D ( 'NONE', #4936, #4498, #58 ) ;
#4255 = CIRCLE ( 'NONE', #4437, 0.2250000000000000056 ) ;
#4256 = DIRECTION ( 'NONE',  ( -0.9238275255624818216, -0.3828089641232322315, -6.195440985631451767E-15 ) ) ;
#4257 = ORIENTED_EDGE ( 'NONE', *, *, #3921, .F. ) ;
#4258 = SURFACE_SIDE_STYLE ('',( #5169 ) ) ;
#4259 = DIRECTION ( 'NONE',  ( -3.225526565811033815E-15, -1.336570354578135212E-15, 1.000000000000000000 ) ) ;
#4260 = FACE_OUTER_BOUND ( 'NONE', #207, .T. ) ;
#4261 = ORIENTED_EDGE ( 'NONE', *, *, #1633, .T. ) ;
#4262 = EDGE_CURVE ( 'NONE', #4992, #1356, #2701, .T. ) ;
#4263 =( LENGTH_UNIT ( ) NAMED_UNIT ( * ) SI_UNIT ( .MILLI., .METRE. ) );
#4264 = CARTESIAN_POINT ( 'NONE',  ( -1.416393167255979524, 3.418161844581175224, 6.600000000000000533 ) ) ;
#4265 =( LENGTH_UNIT ( ) NAMED_UNIT ( * ) SI_UNIT ( .MILLI., .METRE. ) );
#4266 =( NAMED_UNIT ( * ) PLANE_ANGLE_UNIT ( ) SI_UNIT ( $, .RADIAN. ) );
#4267 = SURFACE_STYLE_USAGE ( .BOTH. , #5180 ) ;
#4268 = SURFACE_STYLE_USAGE ( .BOTH. , #1252 ) ;
#4269 = ORIENTED_EDGE ( 'NONE', *, *, #4487, .F. ) ;
#4270 = FACE_OUTER_BOUND ( 'NONE', #1215, .T. ) ;
#4271 = ORIENTED_EDGE ( 'NONE', *, *, #1594, .F. ) ;
#4272 = UNCERTAINTY_MEASURE_WITH_UNIT (LENGTH_MEASURE( 1.000000000000000082E-05 ), #12, 'distance_accuracy_value', 'NONE');
#4273 = CARTESIAN_POINT ( 'NONE',  ( -0.9092078558850892334, -2.611748028486177819, -6.000000000000006217 ) ) ;
#4274 = DIRECTION ( 'NONE',  ( -3.225526565811033815E-15, -1.336570354578135212E-15, 1.000000000000000000 ) ) ;
#4275 = CARTESIAN_POINT ( 'NONE',  ( 4.050444782364384544, 0.8802965778742511960, 0.7500000000000145439 ) ) ;
#4276 =( NAMED_UNIT ( * ) PLANE_ANGLE_UNIT ( ) SI_UNIT ( $, .RADIAN. ) );
#4277 = AXIS2_PLACEMENT_3D ( 'NONE', #650, #2742, #3711 ) ;
#4278 = DIRECTION ( 'NONE',  ( -3.225526565811033815E-15, -1.336570354578135212E-15, 1.000000000000000000 ) ) ;
#4279 = SURFACE_STYLE_FILL_AREA ( #1239 ) ;
#4280 =( LENGTH_UNIT ( ) NAMED_UNIT ( * ) SI_UNIT ( .MILLI., .METRE. ) );
#4281 = AXIS2_PLACEMENT_3D ( 'NONE', #2433, #5107, #4630 ) ;
#4282 = SURFACE_SIDE_STYLE ('',( #2039 ) ) ;
#4283 = CARTESIAN_POINT ( 'NONE',  ( -2.564136474154882321E-14, -1.062508315006294292E-14, 8.100125019536999815 ) ) ;
#4284 = ORIENTED_EDGE ( 'NONE', *, *, #1762, .T. ) ;
#4285 = ORIENTED_EDGE ( 'NONE', *, *, #4806, .F. ) ;
#4286 = PRESENTATION_LAYER_ASSIGNMENT (  '', '', ( #1232 ) ) ;
#4287 =( GEOMETRIC_REPRESENTATION_CONTEXT ( 3 ) GLOBAL_UNCERTAINTY_ASSIGNED_CONTEXT ( ( #5690 ) ) GLOBAL_UNIT_ASSIGNED_CONTEXT ( ( #4265, #3379, #5126 ) ) REPRESENTATION_CONTEXT ( 'NONE', 'WORKASPACE' ) );
#4288 = PRESENTATION_STYLE_ASSIGNMENT (( #5207 ) ) ;
#4289 = FACE_OUTER_BOUND ( 'NONE', #2492, .T. ) ;
#4290 = COLOUR_RGB ( '',0.9686274509803921573, 0.8784313725490195957, 0.5999999999999999778 ) ;
#4291 = EDGE_CURVE ( 'NONE', #5575, #1052, #4669, .T. ) ;
#4292 = SURFACE_STYLE_FILL_AREA ( #4733 ) ;
#4293 =( LENGTH_UNIT ( ) NAMED_UNIT ( * ) SI_UNIT ( .MILLI., .METRE. ) );
#4294 = CARTESIAN_POINT ( 'NONE',  ( 2.442970315056895991, 0.5309388286334320028, 10.35012501953700514 ) ) ;
#4295 = ADVANCED_FACE ( 'NONE', ( #4132, #1065 ), #2765, .T. ) ;
#4296 =( NAMED_UNIT ( * ) PLANE_ANGLE_UNIT ( ) SI_UNIT ( $, .RADIAN. ) );
#4297 = VERTEX_POINT ( 'NONE', #2267 ) ;
#4298 = DIRECTION ( 'NONE',  ( 3.225526565811033815E-15, 1.336570354578135212E-15, -1.000000000000000000 ) ) ;
#4299 = SURFACE_STYLE_USAGE ( .BOTH. , #2521 ) ;
#4300 = DIRECTION ( 'NONE',  ( -3.225526565811033815E-15, -1.336570354578135212E-15, 1.000000000000000000 ) ) ;
#4301 =( LENGTH_UNIT ( ) NAMED_UNIT ( * ) SI_UNIT ( .MILLI., .METRE. ) );
#4302 = FILL_AREA_STYLE_COLOUR ( '', #2867 ) ;
#4303 = VERTEX_POINT ( 'NONE', #5363 ) ;
#4304 = DIRECTION ( 'NONE',  ( 3.225526565811033815E-15, 1.336570354578135212E-15, -1.000000000000000000 ) ) ;
#4305 = SURFACE_SIDE_STYLE ('',( #3461 ) ) ;
#4306 = ADVANCED_FACE ( 'NONE', ( #3696, #2726 ), #2243, .T. ) ;
#4307 = ORIENTED_EDGE ( 'NONE', *, *, #3829, .F. ) ;
#4308 = MECHANICAL_DESIGN_GEOMETRIC_PRESENTATION_REPRESENTATION (  '', ( #504 ), #3279 ) ;
#4309 = COLOUR_RGB ( '',0.9686274509803921573, 0.8784313725490195957, 0.5999999999999999778 ) ;
#4310 = CARTESIAN_POINT ( 'NONE',  ( -0.1993289297712638186, 5.329972964705135929, 0.4000000000000071276 ) ) ;
#4311 = APPLICATION_CONTEXT ( 'automotive_design' ) ;
#4312 = AXIS2_PLACEMENT_3D ( 'NONE', #687, #4541, #2435 ) ;
#4313 = MECHANICAL_DESIGN_GEOMETRIC_PRESENTATION_REPRESENTATION (  '', ( #3577 ), #1362 ) ;
#4314 = DIRECTION ( 'NONE',  ( -0.9771881260227711641, -0.2123755314533781191, -3.212450881438531057E-15 ) ) ;
#4315 = DIRECTION ( 'NONE',  ( 0.9771881260227712751, 0.2123755314533781469, 3.576012102444070865E-15 ) ) ;
#4316 = PRESENTATION_STYLE_ASSIGNMENT (( #3420 ) ) ;
#4317 = DIRECTION ( 'NONE',  ( 0.000000000000000000, 0.000000000000000000, 1.000000000000000000 ) ) ;
#4318 = FACE_OUTER_BOUND ( 'NONE', #3263, .T. ) ;
#4319 = EDGE_LOOP ( 'NONE', ( #4177, #2815 ) ) ;
#4320 = ORIENTED_EDGE ( 'NONE', *, *, #4576, .F. ) ;
#4321 =( GEOMETRIC_REPRESENTATION_CONTEXT ( 3 ) GLOBAL_UNCERTAINTY_ASSIGNED_CONTEXT ( ( #3391 ) ) GLOBAL_UNIT_ASSIGNED_CONTEXT ( ( #5366, #4457, #4864 ) ) REPRESENTATION_CONTEXT ( 'NONE', 'WORKASPACE' ) );
#4322 = STYLED_ITEM ( 'NONE', ( #4475 ), #1050 ) ;
#4323 = CARTESIAN_POINT ( 'NONE',  ( -1.117802175237071705, 2.697576374643594566, 1.687500000000000666 ) ) ;
#4324 = ADVANCED_FACE ( 'NONE', ( #3725 ), #191, .F. ) ;
#4325 = ORIENTED_EDGE ( 'NONE', *, *, #388, .T. ) ;
#4326 =( NAMED_UNIT ( * ) PLANE_ANGLE_UNIT ( ) SI_UNIT ( $, .RADIAN. ) );
#4327 = AXIS2_PLACEMENT_3D ( 'NONE', #3082, #2156, #3937 ) ;
#4328 = FACE_OUTER_BOUND ( 'NONE', #4789, .T. ) ;
#4329 = LINE ( 'NONE', #3393, #69 ) ;
#4330 = AXIS2_PLACEMENT_3D ( 'NONE', #1485, #5396, #1444 ) ;
#4331 = ORIENTED_EDGE ( 'NONE', *, *, #4369, .F. ) ;
#4332 =( GEOMETRIC_REPRESENTATION_CONTEXT ( 3 ) GLOBAL_UNCERTAINTY_ASSIGNED_CONTEXT ( ( #2411 ) ) GLOBAL_UNIT_ASSIGNED_CONTEXT ( ( #4138, #1648, #1714 ) ) REPRESENTATION_CONTEXT ( 'NONE', 'WORKASPACE' ) );
#4333 = SURFACE_STYLE_USAGE ( .BOTH. , #2547 ) ;
#4334 = MECHANICAL_DESIGN_GEOMETRIC_PRESENTATION_REPRESENTATION (  '', ( #2857 ), #4617 ) ;
#4335 = VECTOR ( 'NONE', #5389, 1000.000000000000000 ) ;
#4336 = CARTESIAN_POINT ( 'NONE',  ( 4.729590529950181477, 1.027897572234336643, 9.670000000000019469 ) ) ;
#4337 = ORIENTED_EDGE ( 'NONE', *, *, #1124, .F. ) ;
#4338 = FACE_OUTER_BOUND ( 'NONE', #5100, .T. ) ;
#4339 = DIRECTION ( 'NONE',  ( -0.9238275255624818216, -0.3828089641232322871, -3.491481338843132172E-15 ) ) ;
#4340 = VECTOR ( 'NONE', #4300, 1000.000000000000000 ) ;
#4341 = COLOUR_RGB ( '',0.2235294117647058654, 0.2235294117647058654, 0.2235294117647058654 ) ;
#4342 =( GEOMETRIC_REPRESENTATION_CONTEXT ( 3 ) GLOBAL_UNCERTAINTY_ASSIGNED_CONTEXT ( ( #2986 ) ) GLOBAL_UNIT_ASSIGNED_CONTEXT ( ( #1821, #2280, #75 ) ) REPRESENTATION_CONTEXT ( 'NONE', 'WORKASPACE' ) );
#4343 = EDGE_CURVE ( 'NONE', #4595, #735, #1094, .T. ) ;
#4344 =( LENGTH_UNIT ( ) NAMED_UNIT ( * ) SI_UNIT ( .MILLI., .METRE. ) );
#4345 = DIRECTION ( 'NONE',  ( 0.3828089641232319540, -0.9238275255624818216, 0.000000000000000000 ) ) ;
#4346 = DIRECTION ( 'NONE',  ( -3.225526565811033815E-15, -1.336570354578135212E-15, 1.000000000000000000 ) ) ;
#4347 = DIRECTION ( 'NONE',  ( 3.225526565811032632E-15, 1.336570354578134620E-15, -1.000000000000000000 ) ) ;
#4348 = EDGE_LOOP ( 'NONE', ( #922, #2155, #840, #3966 ) ) ;
#4349 = ORIENTED_EDGE ( 'NONE', *, *, #2262, .T. ) ;
#4350 =( NAMED_UNIT ( * ) SI_UNIT ( $, .STERADIAN. ) SOLID_ANGLE_UNIT ( ) );
#4351 = ORIENTED_EDGE ( 'NONE', *, *, #1610, .T. ) ;
#4352 = DIRECTION ( 'NONE',  ( -3.225526565811033815E-15, -1.336570354578135212E-15, 1.000000000000000000 ) ) ;
#4353 = FILL_AREA_STYLE ('',( #5113 ) ) ;
#4354 = EDGE_LOOP ( 'NONE', ( #882, #3011 ) ) ;
#4355 = EDGE_CURVE ( 'NONE', #1410, #186, #1509, .T. ) ;
#4356 = CARTESIAN_POINT ( 'NONE',  ( -0.6004587609220802813, 2.911949394552604264, 1.520000000000002238 ) ) ;
#4357 = FILL_AREA_STYLE_COLOUR ( '', #5508 ) ;
#4358 = FILL_AREA_STYLE_COLOUR ( '', #1833 ) ;
#4359 = DIRECTION ( 'NONE',  ( -3.225526565811033815E-15, -1.336570354578135212E-15, 1.000000000000000000 ) ) ;
#4360 = SURFACE_STYLE_FILL_AREA ( #3934 ) ;
#4361 = AXIS2_PLACEMENT_3D ( 'NONE', #2309, #3588, #871 ) ;
#4362 = FACE_OUTER_BOUND ( 'NONE', #5241, .T. ) ;
#4363 = CARTESIAN_POINT ( 'NONE',  ( -1.117069049138514458, -2.697880045414678740, -6.938893903907228378E-15 ) ) ;
#4364 = ORIENTED_EDGE ( 'NONE', *, *, #2611, .T. ) ;
#4365 = CIRCLE ( 'NONE', #1222, 4.570000000000001172 ) ;
#4366 = DIRECTION ( 'NONE',  ( -2.168404344971007685E-15, -1.084202172485503842E-15, 1.000000000000000000 ) ) ;
#4367 = AXIS2_PLACEMENT_3D ( 'NONE', #4686, #3395, #2466 ) ;
#4368 = VECTOR ( 'NONE', #2520, 1000.000000000000000 ) ;
#4369 = EDGE_CURVE ( 'NONE', #5301, #1072, #5088, .T. ) ;
#4370 = VECTOR ( 'NONE', #638, 1000.000000000000114 ) ;
#4371 = LINE ( 'NONE', #2979, #1822 ) ;
#4372 = SURFACE_STYLE_USAGE ( .BOTH. , #3922 ) ;
#4373 = DIRECTION ( 'NONE',  ( -3.225526565811033815E-15, -1.336570354578135212E-15, 1.000000000000000000 ) ) ;
#4374 = FACE_OUTER_BOUND ( 'NONE', #16, .T. ) ;
#4375 = PRESENTATION_LAYER_ASSIGNMENT (  '', '', ( #297 ) ) ;
#4376 = EDGE_LOOP ( 'NONE', ( #2334, #792, #3042, #3178, #2099, #4477, #4462, #5061, #180, #2533, #2766 ) ) ;
#4377 = CARTESIAN_POINT ( 'NONE',  ( -2.564136474154882321E-14, -1.062508315006294292E-14, 8.100125019536999815 ) ) ;
#4378 = SURFACE_SIDE_STYLE ('',( #5215 ) ) ;
#4379 = UNCERTAINTY_MEASURE_WITH_UNIT (LENGTH_MEASURE( 1.000000000000000082E-05 ), #715, 'distance_accuracy_value', 'NONE');
#4380 =( LENGTH_UNIT ( ) NAMED_UNIT ( * ) SI_UNIT ( .MILLI., .METRE. ) );
#4381 = FILL_AREA_STYLE ('',( #516 ) ) ;
#4382 = VERTEX_POINT ( 'NONE', #1593 ) ;
#4383 =( LENGTH_UNIT ( ) NAMED_UNIT ( * ) SI_UNIT ( .MILLI., .METRE. ) );
#4384 = DIRECTION ( 'NONE',  ( 0.9771881260227711641, 0.2123755314533780914, 3.574109576397539756E-15 ) ) ;
#4385 = CARTESIAN_POINT ( 'NONE',  ( -3.704548377502784984, -1.535063946133013335, 1.319999999999986073 ) ) ;
#4386 = EDGE_CURVE ( 'NONE', #3067, #2244, #2062, .T. ) ;
#4387 = DIRECTION ( 'NONE',  ( -3.225526565811033815E-15, -1.336570354578135212E-15, 1.000000000000000000 ) ) ;
#4388 = SURFACE_STYLE_USAGE ( .BOTH. , #3136 ) ;
#4389 = ORIENTED_EDGE ( 'NONE', *, *, #3045, .F. ) ;
#4390 = CARTESIAN_POINT ( 'NONE',  ( -1.117069049138519343, -2.697880045414680517, 1.519999999999993578 ) ) ;
#4391 = DIRECTION ( 'NONE',  ( 0.9238275255624818216, 0.3828089641232323981, 3.484935554417691866E-15 ) ) ;
#4392 = CARTESIAN_POINT ( 'NONE',  ( 3.972458359918671356, 1.646078545729897202, 0.6500000000000160094 ) ) ;
#4393 = ORIENTED_EDGE ( 'NONE', *, *, #3698, .T. ) ;
#4394 = CARTESIAN_POINT ( 'NONE',  ( -1.117802175237065043, 2.697576374643596342, 0.000000000000000000 ) ) ;
#4395 = CARTESIAN_POINT ( 'NONE',  ( 1.324930242394712687, 2.784012062344328076, -5.999999999999992006 ) ) ;
#4396 =( NAMED_UNIT ( * ) SI_UNIT ( $, .STERADIAN. ) SOLID_ANGLE_UNIT ( ) );
#4397 = DIRECTION ( 'NONE',  ( -0.9238275255624818216, -0.3828089641232320095, -3.604620209821935703E-15 ) ) ;
#4398 = UNCERTAINTY_MEASURE_WITH_UNIT (LENGTH_MEASURE( 1.000000000000000082E-05 ), #5387, 'distance_accuracy_value', 'NONE');
#4399 = DIRECTION ( 'NONE',  ( -0.9238275255624821547, -0.3828089641232316764, -3.491481338843134144E-15 ) ) ;
#4400 = DIRECTION ( 'NONE',  ( 3.225526565811033815E-15, 1.336570354578135212E-15, -1.000000000000000000 ) ) ;
#4401 = VERTEX_POINT ( 'NONE', #663 ) ;
#4402 = MECHANICAL_DESIGN_GEOMETRIC_PRESENTATION_REPRESENTATION (  '', ( #888 ), #4597 ) ;
#4403 = DIRECTION ( 'NONE',  ( 0.9238275255624819327, 0.3828089641232320650, 3.487832425202745215E-15 ) ) ;
#4404 = EDGE_CURVE ( 'NONE', #5397, #4148, #4100, .T. ) ;
#4405 = AXIS2_PLACEMENT_3D ( 'NONE', #3238, #2838, #3674 ) ;
#4406 = DIRECTION ( 'NONE',  ( -0.9238275255624819327, -0.3828089641232318430, -3.491481338843134144E-15 ) ) ;
#4407 = DIRECTION ( 'NONE',  ( -3.225526565811033815E-15, -1.336570354578135212E-15, 1.000000000000000000 ) ) ;
#4408 = SURFACE_SIDE_STYLE ('',( #4474 ) ) ;
#4409 = CLOSED_SHELL ( 'NONE', ( #3906, #5399, #316, #958, #3705, #1155, #3981, #1726, #51 ) ) ;
#4410 = DIRECTION ( 'NONE',  ( 3.225526565811033815E-15, 1.336570354578135212E-15, -1.000000000000000000 ) ) ;
#4411 = ORIENTED_EDGE ( 'NONE', *, *, #796, .T. ) ;
#4412 = STYLED_ITEM ( 'NONE', ( #5633 ), #1905 ) ;
#4413 = MECHANICAL_DESIGN_GEOMETRIC_PRESENTATION_REPRESENTATION (  '', ( #5145 ), #1367 ) ;
#4414 = MECHANICAL_DESIGN_GEOMETRIC_PRESENTATION_REPRESENTATION (  '', ( #993 ), #2845 ) ;
#4415 = CIRCLE ( 'NONE', #2646, 0.2000000000000001499 ) ;
#4416 = PRESENTATION_STYLE_ASSIGNMENT (( #2580 ) ) ;
#4417 = SURFACE_STYLE_FILL_AREA ( #2216 ) ;
#4418 =( GEOMETRIC_REPRESENTATION_CONTEXT ( 3 ) GLOBAL_UNCERTAINTY_ASSIGNED_CONTEXT ( ( #856 ) ) GLOBAL_UNIT_ASSIGNED_CONTEXT ( ( #5122, #1154, #3439 ) ) REPRESENTATION_CONTEXT ( 'NONE', 'WORKASPACE' ) );
#4419 = VECTOR ( 'NONE', #3350, 1000.000000000000000 ) ;
#4420 = FACE_BOUND ( 'NONE', #419, .T. ) ;
#4421 = DIRECTION ( 'NONE',  ( 3.225526565811033815E-15, 1.336570354578135212E-15, -1.000000000000000000 ) ) ;
#4422 = DIRECTION ( 'NONE',  ( 0.7959129450999951061, 0.3298046460138661096, 0.5076923076922879030 ) ) ;
#4423 = EDGE_LOOP ( 'NONE', ( #4271, #2804, #3375, #1227 ) ) ;
#4424 = PRESENTATION_LAYER_ASSIGNMENT (  '', '', ( #2193 ) ) ;
#4425 = AXIS2_PLACEMENT_3D ( 'NONE', #2031, #277, #5531 ) ;
#4426 = CIRCLE ( 'NONE', #1107, 2.500000000000000888 ) ;
#4427 = COLOUR_RGB ( '',0.2235294117647058654, 0.2235294117647058654, 0.2235294117647058654 ) ;
#4428 =( NAMED_UNIT ( * ) SI_UNIT ( $, .STERADIAN. ) SOLID_ANGLE_UNIT ( ) );
#4429 = MECHANICAL_DESIGN_GEOMETRIC_PRESENTATION_REPRESENTATION (  '', ( #250 ), #1660 ) ;
#4430 = CARTESIAN_POINT ( 'NONE',  ( -3.205170592693602901E-15, -1.328135393757867865E-15, 0.8500000000000000888 ) ) ;
#4431 = PRESENTATION_LAYER_ASSIGNMENT (  '', '', ( #4253 ) ) ;
#4432 = STYLED_ITEM ( 'NONE', ( #3746 ), #5555 ) ;
#4433 =( GEOMETRIC_REPRESENTATION_CONTEXT ( 3 ) GLOBAL_UNCERTAINTY_ASSIGNED_CONTEXT ( ( #308 ) ) GLOBAL_UNIT_ASSIGNED_CONTEXT ( ( #1570, #5487, #2361 ) ) REPRESENTATION_CONTEXT ( 'NONE', 'WORKASPACE' ) );
#4434 = EDGE_CURVE ( 'NONE', #604, #503, #2047, .T. ) ;
#4435 = AXIS2_PLACEMENT_3D ( 'NONE', #3851, #5609, #3419 ) ;
#4436 = COLOUR_RGB ( '',0.7921568627450980005, 0.8196078431372548767, 0.9333333333333333481 ) ;
#4437 = AXIS2_PLACEMENT_3D ( 'NONE', #784, #321, #2138 ) ;
#4438 = SURFACE_SIDE_STYLE ('',( #2316 ) ) ;
#4439 = SURFACE_STYLE_FILL_AREA ( #1366 ) ;
#4440 = AXIS2_PLACEMENT_3D ( 'NONE', #2902, #272, #1968 ) ;
#4441 = PRODUCT ( 'MLX90640_41_FOV_55_asm', 'MLX90640_41_FOV_55_asm', '', ( #2452 ) ) ;
#4442 = SURFACE_STYLE_FILL_AREA ( #394 ) ;
#4443 = VERTEX_POINT ( 'NONE', #3747 ) ;
#4444 = UNCERTAINTY_MEASURE_WITH_UNIT (LENGTH_MEASURE( 1.000000000000000082E-05 ), #1541, 'distance_accuracy_value', 'NONE');
#4445 = SURFACE_STYLE_FILL_AREA ( #4381 ) ;
#4446 = SURFACE_STYLE_FILL_AREA ( #5191 ) ;
#4447 = EDGE_LOOP ( 'NONE', ( #2387, #5383, #1942, #4980 ) ) ;
#4448 = EDGE_CURVE ( 'NONE', #5611, #4020, #2423, .T. ) ;
#4449 = DIRECTION ( 'NONE',  ( -0.9238275255624818216, -0.3828089641232319540, -3.130328076950628664E-15 ) ) ;
#4450 = FILL_AREA_STYLE ('',( #4914 ) ) ;
#4451 =( NAMED_UNIT ( * ) PLANE_ANGLE_UNIT ( ) SI_UNIT ( $, .RADIAN. ) );
#4452 =( NAMED_UNIT ( * ) SI_UNIT ( $, .STERADIAN. ) SOLID_ANGLE_UNIT ( ) );
#4453 = ORIENTED_EDGE ( 'NONE', *, *, #4069, .T. ) ;
#4454 = FILL_AREA_STYLE_COLOUR ( '', #3310 ) ;
#4455 = ORIENTED_EDGE ( 'NONE', *, *, #2879, .F. ) ;
#4456 = ORIENTED_EDGE ( 'NONE', *, *, #3811, .T. ) ;
#4457 =( NAMED_UNIT ( * ) PLANE_ANGLE_UNIT ( ) SI_UNIT ( $, .RADIAN. ) );
#4458 = CARTESIAN_POINT ( 'NONE',  ( 0.7944625412957416755, -2.831559512084429464, -8.673617379884035472E-16 ) ) ;
#4459 = STYLED_ITEM ( 'NONE', ( #2617 ), #4730 ) ;
#4460 = DIRECTION ( 'NONE',  ( -3.225526565811033815E-15, -1.336570354578135212E-15, 1.000000000000000000 ) ) ;
#4461 = CARTESIAN_POINT ( 'NONE',  ( -3.525687651962963310E-14, -1.460948933133654731E-14, 10.84999999999999787 ) ) ;
#4462 = ORIENTED_EDGE ( 'NONE', *, *, #1116, .T. ) ;
#4463 = UNCERTAINTY_MEASURE_WITH_UNIT (LENGTH_MEASURE( 1.000000000000000082E-05 ), #965, 'distance_accuracy_value', 'NONE');
#4464 = FILL_AREA_STYLE_COLOUR ( '', #2637 ) ;
#4465 = MECHANICAL_DESIGN_GEOMETRIC_PRESENTATION_REPRESENTATION (  '', ( #1326 ), #5017 ) ;
#4466 = EDGE_CURVE ( 'NONE', #2012, #2568, #1607, .T. ) ;
#4467 = VECTOR ( 'NONE', #1777, 1000.000000000000114 ) ;
#4468 = CARTESIAN_POINT ( 'NONE',  ( 0.3995192101616021896, 4.724056988609533825, 7.806255641895631925E-15 ) ) ;
#4469 = PRESENTATION_LAYER_ASSIGNMENT (  '', '', ( #484 ) ) ;
#4470 = FILL_AREA_STYLE_COLOUR ( '', #4782 ) ;
#4471 = EDGE_CURVE ( 'NONE', #5705, #4195, #3152, .T. ) ;
#4472 = SURFACE_SIDE_STYLE ('',( #458 ) ) ;
#4473 = SURFACE_STYLE_USAGE ( .BOTH. , #3131 ) ;
#4474 = SURFACE_STYLE_FILL_AREA ( #1320 ) ;
#4475 = PRESENTATION_STYLE_ASSIGNMENT (( #1321 ) ) ;
#4476 = PRESENTATION_LAYER_ASSIGNMENT (  '', '', ( #1237 ) ) ;
#4477 = ORIENTED_EDGE ( 'NONE', *, *, #4787, .T. ) ;
#4478 = DIRECTION ( 'NONE',  ( -3.225526565811033815E-15, -1.336570354578135212E-15, 1.000000000000000000 ) ) ;
#4479 = AXIS2_PLACEMENT_3D ( 'NONE', #2007, #5505, #2034 ) ;
#4480 =( LENGTH_UNIT ( ) NAMED_UNIT ( * ) SI_UNIT ( .MILLI., .METRE. ) );
#4481 =( NAMED_UNIT ( * ) SI_UNIT ( $, .STERADIAN. ) SOLID_ANGLE_UNIT ( ) );
#4482 = SURFACE_STYLE_USAGE ( .BOTH. , #2723 ) ;
#4483 = FILL_AREA_STYLE ('',( #39 ) ) ;
#4484 = DIRECTION ( 'NONE',  ( 3.225526565811033815E-15, 1.336570354578135212E-15, -1.000000000000000000 ) ) ;
#4485 = ORIENTED_EDGE ( 'NONE', *, *, #2317, .F. ) ;
#4486 = DIRECTION ( 'NONE',  ( 0.9771881260227711641, 0.2123755314533779803, 2.322289769435722032E-15 ) ) ;
#4487 = EDGE_CURVE ( 'NONE', #3743, #3820, #3315, .T. ) ;
#4488 = DIRECTION ( 'NONE',  ( 3.225526565811033815E-15, 1.336570354578135212E-15, -1.000000000000000000 ) ) ;
#4489 = SURFACE_STYLE_USAGE ( .BOTH. , #1850 ) ;
#4490 = FACE_OUTER_BOUND ( 'NONE', #541, .T. ) ;
#4491 = CARTESIAN_POINT ( 'NONE',  ( 0.5997256348290639361, 2.483507025507964094, 1.520000000000005791 ) ) ;
#4492 = ORIENTED_EDGE ( 'NONE', *, *, #2984, .T. ) ;
#4493 =( NAMED_UNIT ( * ) PLANE_ANGLE_UNIT ( ) SI_UNIT ( $, .RADIAN. ) );
#4494 = DIRECTION ( 'NONE',  ( -3.225526565811033815E-15, -1.336570354578135212E-15, 1.000000000000000000 ) ) ;
#4495 = UNCERTAINTY_MEASURE_WITH_UNIT (LENGTH_MEASURE( 1.000000000000000082E-05 ), #5359, 'distance_accuracy_value', 'NONE');
#4496 = PRESENTATION_STYLE_ASSIGNMENT (( #654 ) ) ;
#4497 = DIRECTION ( 'NONE',  ( -3.225526565811033815E-15, -1.336570354578135212E-15, 1.000000000000000000 ) ) ;
#4498 = DIRECTION ( 'NONE',  ( 3.225526565811033815E-15, 1.336570354578135212E-15, -1.000000000000000000 ) ) ;
#4499 = COLOUR_RGB ( '',0.9686274509803921573, 0.8784313725490195957, 0.5999999999999999778 ) ;
#4500 = CARTESIAN_POINT ( 'NONE',  ( -4.514200771572554949, -0.9810862027683254771, 8.956272047906981726 ) ) ;
#4501 = CIRCLE ( 'NONE', #5054, 0.2249999999999998945 ) ;
#4502 = EDGE_CURVE ( 'NONE', #3473, #5577, #2235, .T. ) ;
#4503 = MECHANICAL_DESIGN_GEOMETRIC_PRESENTATION_REPRESENTATION (  '', ( #3294 ), #1272 ) ;
#4504 = FILL_AREA_STYLE ('',( #740 ) ) ;
#4505 = FILL_AREA_STYLE ('',( #5329 ) ) ;
#4506 = DIRECTION ( 'NONE',  ( 0.9771881260227711641, 0.2123755314533780914, 3.469446951953613006E-15 ) ) ;
#4507 = AXIS2_PLACEMENT_3D ( 'NONE', #2538, #1249, #4314 ) ;
#4508 = FACE_OUTER_BOUND ( 'NONE', #2359, .T. ) ;
#4509 = CIRCLE ( 'NONE', #627, 0.2249999999999998945 ) ;
#4510 = VERTEX_POINT ( 'NONE', #4251 ) ;
#4511 = STYLED_ITEM ( 'NONE', ( #1517 ), #97 ) ;
#4512 = ORIENTED_EDGE ( 'NONE', *, *, #5206, .T. ) ;
#4513 = PRESENTATION_LAYER_ASSIGNMENT (  '', '', ( #1279 ) ) ;
#4514 = MECHANICAL_DESIGN_GEOMETRIC_PRESENTATION_REPRESENTATION (  '', ( #2856 ), #5247 ) ;
#4515 =( NAMED_UNIT ( * ) PLANE_ANGLE_UNIT ( ) SI_UNIT ( $, .RADIAN. ) );
#4516 = LINE ( 'NONE', #4395, #900 ) ;
#4517 = SURFACE_STYLE_USAGE ( .BOTH. , #1747 ) ;
#4518 =( GEOMETRIC_REPRESENTATION_CONTEXT ( 3 ) GLOBAL_UNCERTAINTY_ASSIGNED_CONTEXT ( ( #5249 ) ) GLOBAL_UNIT_ASSIGNED_CONTEXT ( ( #3231, #4217, #1683 ) ) REPRESENTATION_CONTEXT ( 'NONE', 'WORKASPACE' ) );
#4519 = COLOUR_RGB ( '',0.000000000000000000, 0.000000000000000000, 0.000000000000000000 ) ;
#4520 = ORIENTED_EDGE ( 'NONE', *, *, #3726, .T. ) ;
#4521 = CARTESIAN_POINT ( 'NONE',  ( -1.073732148552357025E-13, -4.449253569088857703E-14, 33.45587570620999429 ) ) ;
#4522 = ADVANCED_FACE ( 'NONE', ( #79 ), #4846, .F. ) ;
#4523 = UNCERTAINTY_MEASURE_WITH_UNIT (LENGTH_MEASURE( 1.000000000000000082E-05 ), #38, 'distance_accuracy_value', 'NONE');
#4524 = CIRCLE ( 'NONE', #5072, 0.5600000000000001643 ) ;
#4525 = PRESENTATION_LAYER_ASSIGNMENT (  '', '', ( #3213 ) ) ;
#4526 = CIRCLE ( 'NONE', #3692, 0.3500000000000000888 ) ;
#4527 = MECHANICAL_DESIGN_GEOMETRIC_PRESENTATION_REPRESENTATION (  '', ( #2478 ), #4342 ) ;
#4528 = FILL_AREA_STYLE_COLOUR ( '', #1390 ) ;
#4529 = FILL_AREA_STYLE_COLOUR ( '', #5457 ) ;
#4530 = ORIENTED_EDGE ( 'NONE', *, *, #889, .T. ) ;
#4531 = SURFACE_STYLE_USAGE ( .BOTH. , #2345 ) ;
#4532 = SURFACE_STYLE_USAGE ( .BOTH. , #4560 ) ;
#4533 = DIRECTION ( 'NONE',  ( -0.9238275255624819327, -0.3828089641232319540, -3.491481338843133750E-15 ) ) ;
#4534 = DIRECTION ( 'NONE',  ( 0.9238275255624818216, 0.3828089641232322871, 3.484935554417692655E-15 ) ) ;
#4535 = DIRECTION ( 'NONE',  ( -0.9238275255624819327, -0.3828089641232319540, -3.795893820518176243E-15 ) ) ;
#4536 = EDGE_CURVE ( 'NONE', #1528, #5709, #3983, .T. ) ;
#4537 =( NAMED_UNIT ( * ) PLANE_ANGLE_UNIT ( ) SI_UNIT ( $, .RADIAN. ) );
#4538 = SURFACE_STYLE_USAGE ( .BOTH. , #2304 ) ;
#4539 = ORIENTED_EDGE ( 'NONE', *, *, #5119, .T. ) ;
#4540 = EDGE_LOOP ( 'NONE', ( #1225, #3663 ) ) ;
#4541 = DIRECTION ( 'NONE',  ( -3.225526565811033815E-15, -1.336570354578135212E-15, 1.000000000000000000 ) ) ;
#4542 =( LENGTH_UNIT ( ) NAMED_UNIT ( * ) SI_UNIT ( .MILLI., .METRE. ) );
#4543 = EDGE_CURVE ( 'NONE', #3494, #4099, #3534, .T. ) ;
#4544 =( NAMED_UNIT ( * ) PLANE_ANGLE_UNIT ( ) SI_UNIT ( $, .RADIAN. ) );
#4545 = ORIENTED_EDGE ( 'NONE', *, *, #4975, .F. ) ;
#4546 = FILL_AREA_STYLE_COLOUR ( '', #147 ) ;
#4547 = DIRECTION ( 'NONE',  ( -0.3828089641232319540, 0.9238275255624818216, 0.000000000000000000 ) ) ;
#4548 = ORIENTED_EDGE ( 'NONE', *, *, #5310, .F. ) ;
#4549 = CARTESIAN_POINT ( 'NONE',  ( 2.767581798328816106E-12, 1.147045235671962271E-12, 1.320000000000000062 ) ) ;
#4550 = ADVANCED_FACE ( 'NONE', ( #4374 ), #580, .F. ) ;
#4551 =( LENGTH_UNIT ( ) NAMED_UNIT ( * ) SI_UNIT ( .MILLI., .METRE. ) );
#4552 = DIRECTION ( 'NONE',  ( 3.225526565811033815E-15, 1.336570354578135212E-15, -1.000000000000000000 ) ) ;
#4553 = CARTESIAN_POINT ( 'NONE',  ( 1.117069049143135429, 2.697880045416593209, -0.09999999999999159561 ) ) ;
#4554 = ORIENTED_EDGE ( 'NONE', *, *, #1743, .F. ) ;
#4555 = MECHANICAL_DESIGN_GEOMETRIC_PRESENTATION_REPRESENTATION (  '', ( #1505 ), #1957 ) ;
#4556 = UNCERTAINTY_MEASURE_WITH_UNIT (LENGTH_MEASURE( 1.000000000000000082E-05 ), #1687, 'distance_accuracy_value', 'NONE');
#4557 =( NAMED_UNIT ( * ) SI_UNIT ( $, .STERADIAN. ) SOLID_ANGLE_UNIT ( ) );
#4558 = ADVANCED_FACE ( 'NONE', ( #2256 ), #4031, .T. ) ;
#4559 = FILL_AREA_STYLE ('',( #2295 ) ) ;
#4560 = SURFACE_SIDE_STYLE ('',( #3301 ) ) ;
#4561 = ORIENTED_EDGE ( 'NONE', *, *, #5497, .T. ) ;
#4562 = PRESENTATION_LAYER_ASSIGNMENT (  '', '', ( #3915 ) ) ;
#4563 = CARTESIAN_POINT ( 'NONE',  ( -1.923102355616161662E-14, -7.968812362547207191E-15, 6.049999999996999556 ) ) ;
#4564 = SURFACE_SIDE_STYLE ('',( #2213 ) ) ;
#4565 = UNCERTAINTY_MEASURE_WITH_UNIT (LENGTH_MEASURE( 1.000000000000000082E-05 ), #3418, 'distance_accuracy_value', 'NONE');
#4566 = CARTESIAN_POINT ( 'NONE',  ( -0.3964379481824779616, 4.725240859117359804, 5.204170427930421283E-15 ) ) ;
#4567 = PRESENTATION_LAYER_ASSIGNMENT (  '', '', ( #2246 ) ) ;
#4568 = ORIENTED_EDGE ( 'NONE', *, *, #4404, .F. ) ;
#4569 = CIRCLE ( 'NONE', #386, 0.2031250000000000278 ) ;
#4570 = DIRECTION ( 'NONE',  ( -0.3828089641232319540, 0.9238275255624818216, 0.000000000000000000 ) ) ;
#4571 = CYLINDRICAL_SURFACE ( 'NONE', #5637, 0.2000000000000000666 ) ;
#4572 = CARTESIAN_POINT ( 'NONE',  ( -1.117802175237069928, 2.697576374643594121, 1.520000000000000462 ) ) ;
#4573 = VERTEX_POINT ( 'NONE', #4121 ) ;
#4574 = SURFACE_SIDE_STYLE ('',( #1442 ) ) ;
#4575 = UNCERTAINTY_MEASURE_WITH_UNIT (LENGTH_MEASURE( 1.000000000000000082E-05 ), #3920, 'distance_accuracy_value', 'NONE');
#4576 = EDGE_CURVE ( 'NONE', #982, #3026, #5203, .T. ) ;
#4577 = CARTESIAN_POINT ( 'NONE',  ( 1.117069049143128767, 2.697880045416590988, 1.920000000000007701 ) ) ;
#4578 =( GEOMETRIC_REPRESENTATION_CONTEXT ( 3 ) GLOBAL_UNCERTAINTY_ASSIGNED_CONTEXT ( ( #5298 ) ) GLOBAL_UNIT_ASSIGNED_CONTEXT ( ( #4725, #3462, #3374 ) ) REPRESENTATION_CONTEXT ( 'NONE', 'WORKASPACE' ) );
#4579 = SURFACE_STYLE_FILL_AREA ( #2808 ) ;
#4580 = DIRECTION ( 'NONE',  ( -0.9238275255624821547, -0.3828089641232312879, 0.000000000000000000 ) ) ;
#4581 = SURFACE_SIDE_STYLE ('',( #1115 ) ) ;
#4582 = FACE_OUTER_BOUND ( 'NONE', #1708, .T. ) ;
#4583 = EDGE_LOOP ( 'NONE', ( #3718, #299 ) ) ;
#4584 = EDGE_CURVE ( 'NONE', #5349, #364, #287, .T. ) ;
#4585 = SURFACE_STYLE_USAGE ( .BOTH. , #553 ) ;
#4586 = CARTESIAN_POINT ( 'NONE',  ( -2.884653533424242651E-14, -1.195321854382081158E-14, 8.956272047906999489 ) ) ;
#4587 = CARTESIAN_POINT ( 'NONE',  ( 0.1993289289388016639, 5.330027133705302234, 0.4000000000000080158 ) ) ;
#4588 = ORIENTED_EDGE ( 'NONE', *, *, #1963, .T. ) ;
#4589 = EDGE_CURVE ( 'NONE', #1024, #4766, #1048, .T. ) ;
#4590 = ORIENTED_EDGE ( 'NONE', *, *, #1800, .T. ) ;
#4591 = FILL_AREA_STYLE ('',( #2819 ) ) ;
#4592 = DIRECTION ( 'NONE',  ( 3.225526565811033815E-15, 1.336570354578135212E-15, -1.000000000000000000 ) ) ;
#4593 =( GEOMETRIC_REPRESENTATION_CONTEXT ( 3 ) GLOBAL_UNCERTAINTY_ASSIGNED_CONTEXT ( ( #4094 ) ) GLOBAL_UNIT_ASSIGNED_CONTEXT ( ( #905, #5688, #3927 ) ) REPRESENTATION_CONTEXT ( 'NONE', 'WORKASPACE' ) );
#4594 =( NAMED_UNIT ( * ) SI_UNIT ( $, .STERADIAN. ) SOLID_ANGLE_UNIT ( ) );
#4595 = VERTEX_POINT ( 'NONE', #1450 ) ;
#4596 =( GEOMETRIC_REPRESENTATION_CONTEXT ( 3 ) GLOBAL_UNCERTAINTY_ASSIGNED_CONTEXT ( ( #1676 ) ) GLOBAL_UNIT_ASSIGNED_CONTEXT ( ( #825, #3476, #4350 ) ) REPRESENTATION_CONTEXT ( 'NONE', 'WORKASPACE' ) );
#4597 =( GEOMETRIC_REPRESENTATION_CONTEXT ( 3 ) GLOBAL_UNCERTAINTY_ASSIGNED_CONTEXT ( ( #613 ) ) GLOBAL_UNIT_ASSIGNED_CONTEXT ( ( #879, #3631, #2716 ) ) REPRESENTATION_CONTEXT ( 'NONE', 'WORKASPACE' ) );
#4598 =( GEOMETRIC_REPRESENTATION_CONTEXT ( 3 ) GLOBAL_UNCERTAINTY_ASSIGNED_CONTEXT ( ( #747 ) ) GLOBAL_UNIT_ASSIGNED_CONTEXT ( ( #4293, #3446, #4786 ) ) REPRESENTATION_CONTEXT ( 'NONE', 'WORKASPACE' ) );
#4599 = CARTESIAN_POINT ( 'NONE',  ( 3.519782872395825102, 1.458502153310661686, 1.520000000000014451 ) ) ;
#4600 = DIRECTION ( 'NONE',  ( -3.225526565811033815E-15, -1.336570354578135212E-15, 1.000000000000000000 ) ) ;
#4601 = PRESENTATION_LAYER_ASSIGNMENT (  '', '', ( #3853 ) ) ;
#4602 = DIRECTION ( 'NONE',  ( 0.9238275255624819327, 0.3828089641232319540, 3.487477447601074468E-15 ) ) ;
#4603 = CLOSED_SHELL ( 'NONE', ( #3893, #380, #4997, #4295, #5144, #1403, #618 ) ) ;
#4604 = EDGE_LOOP ( 'NONE', ( #2734, #2920, #3788, #2835 ) ) ;
#4605 = AXIS2_PLACEMENT_3D ( 'NONE', #672, #2806, #3199 ) ;
#4606 = AXIS2_PLACEMENT_3D ( 'NONE', #4832, #5357, #1756 ) ;
#4607 = STYLED_ITEM ( 'NONE', ( #1416 ), #668 ) ;
#4608 = CONICAL_SURFACE ( 'NONE', #1826, 2.700000000000000622, 0.6747409422234239562 ) ;
#4609 =( NAMED_UNIT ( * ) SI_UNIT ( $, .STERADIAN. ) SOLID_ANGLE_UNIT ( ) );
#4610 = AXIS2_PLACEMENT_3D ( 'NONE', #4112, #5510, #5003 ) ;
#4611 = ORIENTED_EDGE ( 'NONE', *, *, #2866, .T. ) ;
#4612 = CARTESIAN_POINT ( 'NONE',  ( -3.525687651962963310E-14, -1.460948933133654731E-14, 10.84999999999999787 ) ) ;
#4613 = CIRCLE ( 'NONE', #2744, 0.3999999999999999112 ) ;
#4614 = COLOUR_RGB ( '',0.9686274509803921573, 0.8784313725490195957, 0.5999999999999999778 ) ;
#4615 = ADVANCED_FACE ( 'NONE', ( #4582 ), #2798, .F. ) ;
#4616 = CARTESIAN_POINT ( 'NONE',  ( -1.073732148552357025E-13, -4.449253569088857703E-14, 33.45587570620999429 ) ) ;
#4617 =( GEOMETRIC_REPRESENTATION_CONTEXT ( 3 ) GLOBAL_UNCERTAINTY_ASSIGNED_CONTEXT ( ( #1145 ) ) GLOBAL_UNIT_ASSIGNED_CONTEXT ( ( #1386, #2668, #1802 ) ) REPRESENTATION_CONTEXT ( 'NONE', 'WORKASPACE' ) );
#4618 = EDGE_LOOP ( 'NONE', ( #2130, #2754, #1976, #1783 ) ) ;
#4619 = AXIS2_PLACEMENT_3D ( 'NONE', #5446, #1471, #2006 ) ;
#4620 = PRESENTATION_LAYER_ASSIGNMENT (  '', '', ( #5258 ) ) ;
#4621 = AXIS2_PLACEMENT_3D ( 'NONE', #5190, #2934, #2545 ) ;
#4622 = MECHANICAL_DESIGN_GEOMETRIC_PRESENTATION_REPRESENTATION (  '', ( #2562 ), #1568 ) ;
#4623 = SURFACE_SIDE_STYLE ('',( #5047 ) ) ;
#4624 = FACE_OUTER_BOUND ( 'NONE', #4045, .T. ) ;
#4625 =( GEOMETRIC_REPRESENTATION_CONTEXT ( 3 ) GLOBAL_UNCERTAINTY_ASSIGNED_CONTEXT ( ( #1831 ) ) GLOBAL_UNIT_ASSIGNED_CONTEXT ( ( #2764, #4537, #4594 ) ) REPRESENTATION_CONTEXT ( 'NONE', 'WORKASPACE' ) );
#4626 = DIRECTION ( 'NONE',  ( -0.3828089641232319540, 0.9238275255624818216, 0.000000000000000000 ) ) ;
#4627 = EDGE_LOOP ( 'NONE', ( #4285, #4652, #2810, #1503 ) ) ;
#4628 = ORIENTED_EDGE ( 'NONE', *, *, #3811, .F. ) ;
#4629 = COLOUR_RGB ( '',0.2235294117647058654, 0.2235294117647058654, 0.2235294117647058654 ) ;
#4630 = DIRECTION ( 'NONE',  ( 0.3828089641232319540, -0.9238275255624818216, 0.000000000000000000 ) ) ;
#4631 = AXIS2_PLACEMENT_3D ( 'NONE', #4067, #1021, #77 ) ;
#4632 = UNCERTAINTY_MEASURE_WITH_UNIT (LENGTH_MEASURE( 1.000000000000000082E-05 ), #327, 'distance_accuracy_value', 'NONE');
#4633 = SURFACE_STYLE_USAGE ( .BOTH. , #3225 ) ;
#4634 = ORIENTED_EDGE ( 'NONE', *, *, #2329, .F. ) ;
#4635 = ADVANCED_FACE ( 'NONE', ( #3653 ), #4919, .T. ) ;
#4636 = DIRECTION ( 'NONE',  ( -3.225526565811033815E-15, -1.336570354578135212E-15, 1.000000000000000000 ) ) ;
#4637 = CARTESIAN_POINT ( 'NONE',  ( -2.884653533424242651E-14, -1.195321854382081158E-14, 8.850125019537001592 ) ) ;
#4638 = FACE_OUTER_BOUND ( 'NONE', #5165, .T. ) ;
#4639 = CARTESIAN_POINT ( 'NONE',  ( 0.3841216097351569658, 5.206588928376487679, 0.4000000000000088485 ) ) ;
#4640 = CARTESIAN_POINT ( 'NONE',  ( -0.1993017540870207216, 5.129972966550750968, 6.071532165918824830E-15 ) ) ;
#4641 = FACE_OUTER_BOUND ( 'NONE', #3805, .T. ) ;
#4642 = EDGE_LOOP ( 'NONE', ( #5364, #659, #497, #5378 ) ) ;
#4643 =( NAMED_UNIT ( * ) PLANE_ANGLE_UNIT ( ) SI_UNIT ( $, .RADIAN. ) );
#4644 = UNCERTAINTY_MEASURE_WITH_UNIT (LENGTH_MEASURE( 1.000000000000000082E-05 ), #1764, 'distance_accuracy_value', 'NONE');
#4645 = VERTEX_POINT ( 'NONE', #1486 ) ;
#4646 = CARTESIAN_POINT ( 'NONE',  ( -3.685946181597643632E-14, -1.527355702821547927E-14, 11.25000000000000000 ) ) ;
#4647 = DIRECTION ( 'NONE',  ( -3.225526565811033815E-15, -1.336570354578135212E-15, 1.000000000000000000 ) ) ;
#4648 =( NAMED_UNIT ( * ) PLANE_ANGLE_UNIT ( ) SI_UNIT ( $, .RADIAN. ) );
#4649 = EDGE_CURVE ( 'NONE', #1852, #992, #2680, .T. ) ;
#4650 = CIRCLE ( 'NONE', #571, 3.850000000000001421 ) ;
#4651 = MECHANICAL_DESIGN_GEOMETRIC_PRESENTATION_REPRESENTATION (  '', ( #4188 ), #4007 ) ;
#4652 = ORIENTED_EDGE ( 'NONE', *, *, #3618, .F. ) ;
#4653 = PRESENTATION_STYLE_ASSIGNMENT (( #1089 ) ) ;
#4654 = CARTESIAN_POINT ( 'NONE',  ( 1.441141809189478318, -2.563593237198167785, 0.1500000000000016875 ) ) ;
#4655 = STYLED_ITEM ( 'NONE', ( #1344 ), #4522 ) ;
#4656 = SURFACE_STYLE_FILL_AREA ( #563 ) ;
#4657 = CIRCLE ( 'NONE', #3355, 3.325000000000000622 ) ;
#4658 = EDGE_LOOP ( 'NONE', ( #4060, #2378, #4742, #3336 ) ) ;
#4659 = CARTESIAN_POINT ( 'NONE',  ( 2.833845565466007965, 0.6158890412147843829, 8.850125019537010473 ) ) ;
#4660 = DIRECTION ( 'NONE',  ( 3.225526565811033815E-15, 1.336570354578135212E-15, -1.000000000000000000 ) ) ;
#4661 = AXIS2_PLACEMENT_3D ( 'NONE', #1876, #1439, #2771 ) ;
#4662 = PRESENTATION_STYLE_ASSIGNMENT (( #751 ) ) ;
#4663 = ORIENTED_EDGE ( 'NONE', *, *, #412, .F. ) ;
#4664 = DIRECTION ( 'NONE',  ( 0.9238275255624818216, 0.3828089641232323981, 3.484935554417691866E-15 ) ) ;
#4665 = DIRECTION ( 'NONE',  ( 0.9238275255624818216, 0.3828089641232319540, 3.558407130208834256E-15 ) ) ;
#4666 =( NAMED_UNIT ( * ) SI_UNIT ( $, .STERADIAN. ) SOLID_ANGLE_UNIT ( ) );
#4667 = SURFACE_STYLE_FILL_AREA ( #2896 ) ;
#4668 = ORIENTED_EDGE ( 'NONE', *, *, #488, .F. ) ;
#4669 = CIRCLE ( 'NONE', #2151, 4.570000000000002949 ) ;
#4670 = SURFACE_SIDE_STYLE ('',( #3286 ) ) ;
#4671 = EDGE_CURVE ( 'NONE', #3670, #1348, #2704, .T. ) ;
#4672 = DIRECTION ( 'NONE',  ( 0.9238275255624821547, 0.3828089641232312879, 3.854941057726236322E-15 ) ) ;
#4673 = CIRCLE ( 'NONE', #1474, 2.500000000000000888 ) ;
#4674 =( NAMED_UNIT ( * ) PLANE_ANGLE_UNIT ( ) SI_UNIT ( $, .RADIAN. ) );
#4675 = DIRECTION ( 'NONE',  ( 3.225526565811033815E-15, 1.336570354578135212E-15, -1.000000000000000000 ) ) ;
#4676 = CARTESIAN_POINT ( 'NONE',  ( -1.635145589552055023, 2.483203354734586643, -1.734723475976807094E-15 ) ) ;
#4677 = CARTESIAN_POINT ( 'NONE',  ( -1.117069049136667491, -2.697880045413913130, -6.071532165918824830E-15 ) ) ;
#4678 = FILL_AREA_STYLE ('',( #131 ) ) ;
#4679 = FILL_AREA_STYLE ('',( #1226 ) ) ;
#4680 = EDGE_LOOP ( 'NONE', ( #269, #4214 ) ) ;
#4681 = PRESENTATION_STYLE_ASSIGNMENT (( #4111 ) ) ;
#4682 = ORIENTED_EDGE ( 'NONE', *, *, #1820, .T. ) ;
#4683 = FILL_AREA_STYLE ('',( #3863 ) ) ;
#4684 = PLANE ( 'NONE',  #2658 ) ;
#4685 = SURFACE_STYLE_FILL_AREA ( #4353 ) ;
#4686 = CARTESIAN_POINT ( 'NONE',  ( 3.926266983640545938, 1.626938097523735083, 0.8000000000000151434 ) ) ;
#4687 = EDGE_CURVE ( 'NONE', #5548, #3255, #2789, .T. ) ;
#4688 = CARTESIAN_POINT ( 'NONE',  ( -0.5157979475582264994, 4.540798660731860004, 0.4000000000000045186 ) ) ;
#4689 = EDGE_LOOP ( 'NONE', ( #1332, #5306, #1572, #2876 ) ) ;
#4690 = CIRCLE ( 'NONE', #1078, 4.009999999999999787 ) ;
#4691 = DIRECTION ( 'NONE',  ( -0.6532447079719710947, -0.2706868144305151769, -0.7071067811865999753 ) ) ;
#4692 = FILL_AREA_STYLE_COLOUR ( '', #5033 ) ;
#4693 = CIRCLE ( 'NONE', #506, 0.3500000000000000888 ) ;
#4694 = ORIENTED_EDGE ( 'NONE', *, *, #1500, .F. ) ;
#4695 = VECTOR ( 'NONE', #2745, 1000.000000000000000 ) ;
#4696 = DIRECTION ( 'NONE',  ( 3.225526565811033815E-15, 1.336570354578135212E-15, -1.000000000000000000 ) ) ;
#4697 = ORIENTED_EDGE ( 'NONE', *, *, #3508, .F. ) ;
#4698 = DIRECTION ( 'NONE',  ( -0.9771881260227711641, -0.2123755314533780914, -3.469446951953613006E-15 ) ) ;
#4699 = VECTOR ( 'NONE', #3403, 1000.000000000000000 ) ;
#4700 = COLOUR_RGB ( '',0.2235294117647058654, 0.2235294117647058654, 0.2235294117647058654 ) ;
#4701 = CARTESIAN_POINT ( 'NONE',  ( 0.9092078558915726028, 2.611748028488864559, 1.520000000000007567 ) ) ;
#4702 = EDGE_CURVE ( 'NONE', #4917, #364, #4650, .T. ) ;
#4703 =( GEOMETRIC_REPRESENTATION_CONTEXT ( 3 ) GLOBAL_UNCERTAINTY_ASSIGNED_CONTEXT ( ( #3807 ) ) GLOBAL_UNIT_ASSIGNED_CONTEXT ( ( #4344, #1310, #3823 ) ) REPRESENTATION_CONTEXT ( 'NONE', 'WORKASPACE' ) );
#4704 = CIRCLE ( 'NONE', #1187, 0.2031250000000000278 ) ;
#4705 = AXIS2_PLACEMENT_3D ( 'NONE', #5653, #4813, #2328 ) ;
#4706 = PRESENTATION_LAYER_ASSIGNMENT (  '', '', ( #4322 ) ) ;
#4707 =( LENGTH_UNIT ( ) NAMED_UNIT ( * ) SI_UNIT ( .MILLI., .METRE. ) );
#4708 = VERTEX_POINT ( 'NONE', #1414 ) ;
#4709 = AXIS2_PLACEMENT_3D ( 'NONE', #5489, #3328, #1571 ) ;
#4710 = STYLED_ITEM ( 'NONE', ( #2437 ), #2831 ) ;
#4711 = PRESENTATION_STYLE_ASSIGNMENT (( #975 ) ) ;
#4712 = AXIS2_PLACEMENT_3D ( 'NONE', #5344, #1152, #152 ) ;
#4713 = PRESENTATION_STYLE_ASSIGNMENT (( #4768 ) ) ;
#4714 = PRESENTATION_LAYER_ASSIGNMENT (  '', '', ( #5159 ) ) ;
#4715 = FACE_OUTER_BOUND ( 'NONE', #5551, .T. ) ;
#4716 = PRESENTATION_STYLE_ASSIGNMENT (( #774 ) ) ;
#4717 = DIRECTION ( 'NONE',  ( 0.003622084433416026834, 0.0007871996046922800092, 0.9999931303869739052 ) ) ;
#4718 = SURFACE_SIDE_STYLE ('',( #664 ) ) ;
#4719 = AXIS2_PLACEMENT_3D ( 'NONE', #5272, #4352, #4406 ) ;
#4720 = AXIS2_PLACEMENT_3D ( 'NONE', #3610, #5323, #3068 ) ;
#4721 =( GEOMETRIC_REPRESENTATION_CONTEXT ( 3 ) GLOBAL_UNCERTAINTY_ASSIGNED_CONTEXT ( ( #793 ) ) GLOBAL_UNIT_ASSIGNED_CONTEXT ( ( #2557, #3029, #2221 ) ) REPRESENTATION_CONTEXT ( 'NONE', 'WORKASPACE' ) );
#4722 = SURFACE_STYLE_FILL_AREA ( #1265 ) ;
#4723 = EDGE_CURVE ( 'NONE', #143, #3670, #4837, .T. ) ;
#4724 = DIRECTION ( 'NONE',  ( -3.225526565811033815E-15, -1.336570354578135212E-15, 1.000000000000000000 ) ) ;
#4725 =( LENGTH_UNIT ( ) NAMED_UNIT ( * ) SI_UNIT ( .MILLI., .METRE. ) );
#4726 = PRESENTATION_LAYER_ASSIGNMENT (  '', '', ( #349 ) ) ;
#4727 = VERTEX_POINT ( 'NONE', #4947 ) ;
#4728 = ORIENTED_EDGE ( 'NONE', *, *, #520, .F. ) ;
#4729 = SURFACE_STYLE_USAGE ( .BOTH. , #2952 ) ;
#4730 = ADVANCED_FACE ( 'NONE', ( #2674 ), #2228, .F. ) ;
#4731 = FILL_AREA_STYLE ('',( #1135 ) ) ;
#4732 = FILL_AREA_STYLE_COLOUR ( '', #3824 ) ;
#4733 = FILL_AREA_STYLE ('',( #5579 ) ) ;
#4734 = EDGE_CURVE ( 'NONE', #5665, #4727, #3345, .T. ) ;
#4735 = SURFACE_STYLE_FILL_AREA ( #5105 ) ;
#4736 = CYLINDRICAL_SURFACE ( 'NONE', #732, 0.2250000000000000056 ) ;
#4737 = ORIENTED_EDGE ( 'NONE', *, *, #3726, .F. ) ;
#4738 = VERTEX_POINT ( 'NONE', #1336 ) ;
#4739 = SURFACE_STYLE_FILL_AREA ( #393 ) ;
#4740 = PRESENTATION_LAYER_ASSIGNMENT (  '', '', ( #1773 ) ) ;
#4741 = EDGE_CURVE ( 'NONE', #149, #3222, #761, .T. ) ;
#4742 = ORIENTED_EDGE ( 'NONE', *, *, #4174, .T. ) ;
#4743 = UNCERTAINTY_MEASURE_WITH_UNIT (LENGTH_MEASURE( 1.000000000000000082E-05 ), #395, 'distance_accuracy_value', 'NONE');
#4744 = SURFACE_STYLE_USAGE ( .BOTH. , #1638 ) ;
#4745 = CARTESIAN_POINT ( 'NONE',  ( 1.117069049143128767, 2.697880045416590988, 1.920000000000007701 ) ) ;
#4746 = DIRECTION ( 'NONE',  ( 3.225526565811033815E-15, 1.336570354578135212E-15, -1.000000000000000000 ) ) ;
#4747 = AXIS2_PLACEMENT_3D ( 'NONE', #5442, #2376, #5533 ) ;
#4748 = DIRECTION ( 'NONE',  ( -0.9238275255624819327, -0.3828089641232319540, -3.516331370223256547E-15 ) ) ;
#4749 = COLOUR_RGB ( '',0.8509803921568627194, 0.8509803921568627194, 0.8509803921568627194 ) ;
#4750 = DIRECTION ( 'NONE',  ( 3.225526565811033815E-15, 1.336570354578135212E-15, -1.000000000000000000 ) ) ;
#4751 = VECTOR ( 'NONE', #2788, 1000.000000000000000 ) ;
#4752 = CARTESIAN_POINT ( 'NONE',  ( -1.602585296346801451E-15, -6.640676968789339326E-16, 0.4000000000000001887 ) ) ;
#4753 = SURFACE_STYLE_USAGE ( .BOTH. , #3842 ) ;
#4754 = EDGE_LOOP ( 'NONE', ( #3143, #4153, #635, #2118 ) ) ;
#4755 = PRESENTATION_LAYER_ASSIGNMENT (  '', '', ( #2237 ) ) ;
#4756 = VECTOR ( 'NONE', #3467, 1000.000000000000000 ) ;
#4757 = ADVANCED_BREP_SHAPE_REPRESENTATION ( 'MLX90640_41_FOV_55_asm', ( #1792, #1623, #1563, #1883, #5589, #3465, #1866, #5656, #5683, #5365, #3690, #5246 ), #4898 ) ;
#4758 =( LENGTH_UNIT ( ) NAMED_UNIT ( * ) SI_UNIT ( .MILLI., .METRE. ) );
#4759 = TOROIDAL_SURFACE ( 'NONE', #3729, 0.3925000000000000155, 0.2368807716974999922 ) ;
#4760 = ORIENTED_EDGE ( 'NONE', *, *, #5128, .F. ) ;
#4761 = DIRECTION ( 'NONE',  ( 3.225526565811033815E-15, 1.336570354578135212E-15, -1.000000000000000000 ) ) ;
#4762 = SURFACE_STYLE_FILL_AREA ( #5183 ) ;
#4763 = CARTESIAN_POINT ( 'NONE',  ( 1.441141809189478318, -2.563593237198167785, 1.734723475976807094E-15 ) ) ;
#4764 = ORIENTED_EDGE ( 'NONE', *, *, #3691, .F. ) ;
#4765 =( NAMED_UNIT ( * ) SI_UNIT ( $, .STERADIAN. ) SOLID_ANGLE_UNIT ( ) );
#4766 = VERTEX_POINT ( 'NONE', #22 ) ;
#4767 = CARTESIAN_POINT ( 'NONE',  ( 1.117802175242610163, -2.697576374641298624, 0.1499999999999999667 ) ) ;
#4768 = SURFACE_STYLE_USAGE ( .BOTH. , #1589 ) ;
#4769 = CARTESIAN_POINT ( 'NONE',  ( -3.205170592693603296E-14, -1.328135393757868023E-14, 9.670000000000001705 ) ) ;
#4770 = DIRECTION ( 'NONE',  ( -0.6893342890130975675, -0.1498153038085332234, -0.7087831916288395151 ) ) ;
#4771 = VERTEX_POINT ( 'NONE', #1788 ) ;
#4772 = EDGE_CURVE ( 'NONE', #3273, #867, #1402, .T. ) ;
#4773 = PRESENTATION_STYLE_ASSIGNMENT (( #3954 ) ) ;
#4774 = SURFACE_STYLE_FILL_AREA ( #229 ) ;
#4775 = EDGE_LOOP ( 'NONE', ( #4331, #4737, #1234, #855 ) ) ;
#4776 = DIRECTION ( 'NONE',  ( -3.225526565811033815E-15, -1.336570354578135212E-15, 1.000000000000000000 ) ) ;
#4777 = SURFACE_STYLE_FILL_AREA ( #5280 ) ;
#4778 =( NAMED_UNIT ( * ) SI_UNIT ( $, .STERADIAN. ) SOLID_ANGLE_UNIT ( ) );
#4779 = COLOUR_RGB ( '',0.9686274509803921573, 0.8784313725490195957, 0.5999999999999999778 ) ;
#4780 = DIRECTION ( 'NONE',  ( 0.3828089641232319540, -0.9238275255624818216, 0.000000000000000000 ) ) ;
#4781 = CARTESIAN_POINT ( 'NONE',  ( 2.833845565466004413, 0.6158890412147830506, 9.850125019537008697 ) ) ;
#4782 = COLOUR_RGB ( '',0.9686274509803921573, 0.8784313725490195957, 0.5999999999999999778 ) ;
#4783 = STYLED_ITEM ( 'NONE', ( #2162 ), #618 ) ;
#4784 = CIRCLE ( 'NONE', #2276, 2.997507567207001067 ) ;
#4785 = MECHANICAL_DESIGN_GEOMETRIC_PRESENTATION_REPRESENTATION (  '', ( #1819 ), #2929 ) ;
#4786 =( NAMED_UNIT ( * ) SI_UNIT ( $, .STERADIAN. ) SOLID_ANGLE_UNIT ( ) );
#4787 = EDGE_CURVE ( 'NONE', #1965, #5709, #3147, .T. ) ;
#4788 = CARTESIAN_POINT ( 'NONE',  ( 1.117069049143135429, 2.697880045416593209, 8.673617379884035472E-15 ) ) ;
#4789 = EDGE_LOOP ( 'NONE', ( #5532, #3703, #362, #972 ) ) ;
#4790 = CARTESIAN_POINT ( 'NONE',  ( -4.221891791820546302, -1.749436966043171671, 0.6499999999999848121 ) ) ;
#4791 = AXIS2_PLACEMENT_3D ( 'NONE', #1001, #2761, #4535 ) ;
#4792 = AXIS2_PLACEMENT_3D ( 'NONE', #1156, #2104, #2479 ) ;
#4793 = ORIENTED_EDGE ( 'NONE', *, *, #5015, .T. ) ;
#4794 = UNCERTAINTY_MEASURE_WITH_UNIT (LENGTH_MEASURE( 1.000000000000000082E-05 ), #2003, 'distance_accuracy_value', 'NONE');
#4795 = CARTESIAN_POINT ( 'NONE',  ( -3.972458359918676241, -1.646078545729899201, 0.8499999999999853229 ) ) ;
#4796 = COLOUR_RGB ( '',0.2235294117647058654, 0.2235294117647058654, 0.2235294117647058654 ) ;
#4797 = CARTESIAN_POINT ( 'NONE',  ( 4.221891791820542750, 1.749436966043170338, 0.6500000000000168976 ) ) ;
#4798 = ORIENTED_EDGE ( 'NONE', *, *, #2366, .T. ) ;
#4799 = AXIS2_PLACEMENT_3D ( 'NONE', #5037, #3789, #5093 ) ;
#4800 =( LENGTH_UNIT ( ) NAMED_UNIT ( * ) SI_UNIT ( .MILLI., .METRE. ) );
#4801 = AXIS2_PLACEMENT_3D ( 'NONE', #4969, #948, #1354 ) ;
#4802 = AXIS2_PLACEMENT_3D ( 'NONE', #4942, #918, #3522 ) ;
#4803 = FILL_AREA_STYLE_COLOUR ( '', #3118 ) ;
#4804 =( GEOMETRIC_REPRESENTATION_CONTEXT ( 3 ) GLOBAL_UNCERTAINTY_ASSIGNED_CONTEXT ( ( #622 ) ) GLOBAL_UNIT_ASSIGNED_CONTEXT ( ( #402, #526, #4452 ) ) REPRESENTATION_CONTEXT ( 'NONE', 'WORKASPACE' ) );
#4805 = DIRECTION ( 'NONE',  ( -0.6104445828554113662, -0.1326699427206631254, -0.7808688094430323856 ) ) ;
#4806 = EDGE_CURVE ( 'NONE', #713, #3629, #667, .T. ) ;
#4807 = DIRECTION ( 'NONE',  ( -0.9238275255624819327, -0.3828089641232317319, -3.491481338843133355E-15 ) ) ;
#4808 = ORIENTED_EDGE ( 'NONE', *, *, #1860, .T. ) ;
#4809 = FILL_AREA_STYLE_COLOUR ( '', #3974 ) ;
#4810 = CARTESIAN_POINT ( 'NONE',  ( -2.403877944520202314E-14, -9.961015453184009383E-15, 7.600125019537000703 ) ) ;
#4811 = EDGE_LOOP ( 'NONE', ( #1201, #4668, #3990, #5227 ) ) ;
#4812 = VERTEX_POINT ( 'NONE', #5419 ) ;
#4813 = DIRECTION ( 'NONE',  ( -3.225526565811033815E-15, -1.336570354578135212E-15, 1.000000000000000000 ) ) ;
#4814 = STYLED_ITEM ( 'NONE', ( #4713 ), #5151 ) ;
#4815 = SURFACE_SIDE_STYLE ('',( #3886 ) ) ;
#4816 = FILL_AREA_STYLE ('',( #3796 ) ) ;
#4817 = CONICAL_SURFACE ( 'NONE', #446, 2.668050007815000235, 0.6747409422234239562 ) ;
#4818 = DIRECTION ( 'NONE',  ( -3.225526565811033815E-15, -1.336570354578135212E-15, 1.000000000000000000 ) ) ;
#4819 = PRESENTATION_STYLE_ASSIGNMENT (( #5209 ) ) ;
#4820 = EDGE_LOOP ( 'NONE', ( #5643, #2883 ) ) ;
#4821 = SURFACE_SIDE_STYLE ('',( #3038 ) ) ;
#4822 = SURFACE_STYLE_USAGE ( .BOTH. , #3039 ) ;
#4823 = CARTESIAN_POINT ( 'NONE',  ( 1.324930242394712687, 2.784012062344328076, -5.999999999999992006 ) ) ;
#4824 = ORIENTED_EDGE ( 'NONE', *, *, #4741, .T. ) ;
#4825 = DIRECTION ( 'NONE',  ( 3.225526565811033815E-15, 1.336570354578135212E-15, -1.000000000000000000 ) ) ;
#4826 = EDGE_LOOP ( 'NONE', ( #3409, #630, #3450, #5001 ) ) ;
#4827 = ORIENTED_EDGE ( 'NONE', *, *, #270, .T. ) ;
#4828 = EDGE_CURVE ( 'NONE', #503, #604, #5279, .T. ) ;
#4829 = PRESENTATION_STYLE_ASSIGNMENT (( #2123 ) ) ;
#4830 = EDGE_LOOP ( 'NONE', ( #2080, #4411 ) ) ;
#4831 = CARTESIAN_POINT ( 'NONE',  ( -2.083360885250841669E-14, -8.632880059426142307E-15, 6.200000000000001954 ) ) ;
#4832 = CARTESIAN_POINT ( 'NONE',  ( 1.117069049144053361, 2.697880045416973793, 1.520000000000008233 ) ) ;
#4833 = DIRECTION ( 'NONE',  ( 3.225526565811033815E-15, 1.336570354578135212E-15, -1.000000000000000000 ) ) ;
#4834 = EDGE_CURVE ( 'NONE', #887, #4917, #945, .T. ) ;
#4835 = CYLINDRICAL_SURFACE ( 'NONE', #228, 0.3500000000000000888 ) ;
#4836 = VERTEX_POINT ( 'NONE', #2013 ) ;
#4837 = CIRCLE ( 'NONE', #1218, 0.3500000000000000888 ) ;
#4838 = VERTEX_POINT ( 'NONE', #4599 ) ;
#4839 = ADVANCED_FACE ( 'NONE', ( #2417 ), #4571, .F. ) ;
#4840 = CARTESIAN_POINT ( 'NONE',  ( -0.7475380389116735858, -2.544756459764620171, -0.2031250000000045242 ) ) ;
#4841 = SURFACE_SIDE_STYLE ('',( #2224 ) ) ;
#4842 = DIRECTION ( 'NONE',  ( 0.9238275255624819327, 0.3828089641232319540, 3.491481338843132566E-15 ) ) ;
#4843 = AXIS2_PLACEMENT_3D ( 'NONE', #960, #4373, #4872 ) ;
#4844 = ADVANCED_FACE ( 'NONE', ( #4638 ), #3531, .F. ) ;
#4845 = DIRECTION ( 'NONE',  ( 3.225526565811033815E-15, 1.336570354578135212E-15, -1.000000000000000000 ) ) ;
#4846 = PLANE ( 'NONE',  #280 ) ;
#4847 = AXIS2_PLACEMENT_3D ( 'NONE', #2016, #755, #5172 ) ;
#4848 = ORIENTED_EDGE ( 'NONE', *, *, #2448, .T. ) ;
#4849 = UNCERTAINTY_MEASURE_WITH_UNIT (LENGTH_MEASURE( 1.000000000000000082E-05 ), #276, 'distance_accuracy_value', 'NONE');
#4850 = CARTESIAN_POINT ( 'NONE',  ( -3.205170592693602901E-15, -1.328135393757867865E-15, 0.8500000000000000888 ) ) ;
#4851 = CARTESIAN_POINT ( 'NONE',  ( -2.833845565466065697, -0.6158890412148082527, 8.850125019536990933 ) ) ;
#4852 = FILL_AREA_STYLE ('',( #5693 ) ) ;
#4853 = CARTESIAN_POINT ( 'NONE',  ( 1.325663368494168104, -2.611444357713571307, -0.09999999999999939493 ) ) ;
#4854 = FILL_AREA_STYLE_COLOUR ( '', #2183 ) ;
#4855 = FILL_AREA_STYLE_COLOUR ( '', #1547 ) ;
#4856 = DIRECTION ( 'NONE',  ( 3.225526565811033815E-15, 1.336570354578135212E-15, -1.000000000000000000 ) ) ;
#4857 = DIRECTION ( 'NONE',  ( 3.225526565811033815E-15, 1.336570354578135212E-15, -1.000000000000000000 ) ) ;
#4858 = STYLED_ITEM ( 'NONE', ( #3259 ), #701 ) ;
#4859 = EDGE_CURVE ( 'NONE', #3227, #2233, #1661, .T. ) ;
#4860 = DIRECTION ( 'NONE',  ( -0.9771881260227711641, -0.2123755314533780636, -3.379637153046426149E-15 ) ) ;
#4861 = ORIENTED_EDGE ( 'NONE', *, *, #3217, .F. ) ;
#4862 =( NAMED_UNIT ( * ) PLANE_ANGLE_UNIT ( ) SI_UNIT ( $, .RADIAN. ) );
#4863 = ORIENTED_EDGE ( 'NONE', *, *, #2210, .F. ) ;
#4864 =( NAMED_UNIT ( * ) SI_UNIT ( $, .STERADIAN. ) SOLID_ANGLE_UNIT ( ) );
#4865 = DIRECTION ( 'NONE',  ( 0.9238275255624820437, 0.3828089641232313989, 3.854941057726237900E-15 ) ) ;
#4866 = CARTESIAN_POINT ( 'NONE',  ( 2.767581798328816106E-12, 1.147045235671962271E-12, 1.520000000000000462 ) ) ;
#4867 = UNCERTAINTY_MEASURE_WITH_UNIT (LENGTH_MEASURE( 1.000000000000000082E-05 ), #2515, 'distance_accuracy_value', 'NONE');
#4868 = FACE_OUTER_BOUND ( 'NONE', #4775, .T. ) ;
#4869 = CIRCLE ( 'NONE', #5229, 2.900000000000000799 ) ;
#4870 =( NAMED_UNIT ( * ) SI_UNIT ( $, .STERADIAN. ) SOLID_ANGLE_UNIT ( ) );
#4871 = EDGE_CURVE ( 'NONE', #2690, #2202, #2941, .T. ) ;
#4872 = DIRECTION ( 'NONE',  ( -0.9238275255624818216, -0.3828089641232319540, -3.384826294588890756E-15 ) ) ;
#4873 = FILL_AREA_STYLE ('',( #510 ) ) ;
#4874 = COLOUR_RGB ( '',0.8509803921568627194, 0.8509803921568627194, 0.8509803921568627194 ) ;
#4875 = ORIENTED_EDGE ( 'NONE', *, *, #3416, .T. ) ;
#4876 = ORIENTED_EDGE ( 'NONE', *, *, #5584, .T. ) ;
#4877 = STYLED_ITEM ( 'NONE', ( #3709 ), #2061 ) ;
#4878 = LINE ( 'NONE', #3481, #4072 ) ;
#4879 = CARTESIAN_POINT ( 'NONE',  ( 1.325663368494168104, -2.611444357713571307, -0.09999999999999939493 ) ) ;
#4880 = SURFACE_STYLE_USAGE ( .BOTH. , #4075 ) ;
#4881 = AXIS2_PLACEMENT_3D ( 'NONE', #5041, #4119, #117 ) ;
#4882 = DIRECTION ( 'NONE',  ( -0.6532447079719710947, -0.2706868144305151769, -0.7071067811865999753 ) ) ;
#4883 = PRESENTATION_LAYER_ASSIGNMENT (  '', '', ( #1649 ) ) ;
#4884 = PRESENTATION_LAYER_ASSIGNMENT (  '', '', ( #901 ) ) ;
#4885 = FACE_OUTER_BOUND ( 'NONE', #421, .T. ) ;
#4886 = COLOUR_RGB ( '',0.9686274509803921573, 0.8784313725490195957, 0.5999999999999999778 ) ;
#4887 = DIRECTION ( 'NONE',  ( -0.9771881260227712751, -0.2123755314533780914, -3.426549688675537735E-15 ) ) ;
#4888 =( LENGTH_UNIT ( ) NAMED_UNIT ( * ) SI_UNIT ( .MILLI., .METRE. ) );
#4889 = ORIENTED_EDGE ( 'NONE', *, *, #4343, .F. ) ;
#4890 = COLOUR_RGB ( '',0.9686274509803921573, 0.8784313725490195957, 0.5999999999999999778 ) ;
#4891 = CIRCLE ( 'NONE', #2753, 2.836100015630000915 ) ;
#4892 =( GEOMETRIC_REPRESENTATION_CONTEXT ( 3 ) GLOBAL_UNCERTAINTY_ASSIGNED_CONTEXT ( ( #4179 ) ) GLOBAL_UNIT_ASSIGNED_CONTEXT ( ( #5477, #222, #5543 ) ) REPRESENTATION_CONTEXT ( 'NONE', 'WORKASPACE' ) );
#4893 = PRESENTATION_LAYER_ASSIGNMENT (  '', '', ( #2943 ) ) ;
#4894 = EDGE_CURVE ( 'NONE', #5454, #3322, #2132, .T. ) ;
#4895 = DIRECTION ( 'NONE',  ( 0.3828089641232319540, -0.9238275255624818216, 0.000000000000000000 ) ) ;
#4896 = SURFACE_STYLE_USAGE ( .BOTH. , #1311 ) ;
#4897 = CIRCLE ( 'NONE', #3606, 0.5600000000000001643 ) ;
#4898 =( GEOMETRIC_REPRESENTATION_CONTEXT ( 3 ) GLOBAL_UNCERTAINTY_ASSIGNED_CONTEXT ( ( #2192 ) ) GLOBAL_UNIT_ASSIGNED_CONTEXT ( ( #765, #3803, #706 ) ) REPRESENTATION_CONTEXT ( 'NONE', 'WORKASPACE' ) );
#4899 = FILL_AREA_STYLE ('',( #3059 ) ) ;
#4900 = EDGE_CURVE ( 'NONE', #5577, #4727, #433, .T. ) ;
#4901 =( GEOMETRIC_REPRESENTATION_CONTEXT ( 3 ) GLOBAL_UNCERTAINTY_ASSIGNED_CONTEXT ( ( #134 ) ) GLOBAL_UNIT_ASSIGNED_CONTEXT ( ( #5097, #4643, #208 ) ) REPRESENTATION_CONTEXT ( 'NONE', 'WORKASPACE' ) );
#4902 = LINE ( 'NONE', #486, #1871 ) ;
#4903 = COLOUR_RGB ( '',0.2235294117647058654, 0.2235294117647058654, 0.2235294117647058654 ) ;
#4904 = DIRECTION ( 'NONE',  ( 3.225526565811033815E-15, 1.336570354578135212E-15, -1.000000000000000000 ) ) ;
#4905 = DIRECTION ( 'NONE',  ( -0.3828089641232319540, 0.9238275255624818216, 0.000000000000000000 ) ) ;
#4906 = CARTESIAN_POINT ( 'NONE',  ( -1.117802175237071705, 2.697576374643594566, 1.920000000000000595 ) ) ;
#4907 = ADVANCED_FACE ( 'NONE', ( #5223 ), #266, .F. ) ;
#4908 = UNCERTAINTY_MEASURE_WITH_UNIT (LENGTH_MEASURE( 1.000000000000000082E-05 ), #4263, 'distance_accuracy_value', 'NONE');
#4909 = CARTESIAN_POINT ( 'NONE',  ( -3.205170592693603296E-14, -1.328135393757868023E-14, 9.670000000000001705 ) ) ;
#4910 = DIRECTION ( 'NONE',  ( 3.225526565811033815E-15, 1.336570354578135212E-15, -1.000000000000000000 ) ) ;
#4911 = DIRECTION ( 'NONE',  ( -0.9999999193074891046, -0.0004017275384788145413, -3.226063242653744271E-15 ) ) ;
#4912 = ORIENTED_EDGE ( 'NONE', *, *, #341, .T. ) ;
#4913 = EDGE_CURVE ( 'NONE', #2233, #3227, #535, .T. ) ;
#4914 = FILL_AREA_STYLE_COLOUR ( '', #1103 ) ;
#4915 = DIRECTION ( 'NONE',  ( -3.225526565811033815E-15, -1.336570354578135212E-15, 1.000000000000000000 ) ) ;
#4916 =( NAMED_UNIT ( * ) SI_UNIT ( $, .STERADIAN. ) SOLID_ANGLE_UNIT ( ) );
#4917 = VERTEX_POINT ( 'NONE', #2094 ) ;
#4918 = DIRECTION ( 'NONE',  ( -3.225526565811033815E-15, -1.336570354578135212E-15, 1.000000000000000000 ) ) ;
#4919 = TOROIDAL_SURFACE ( 'NONE', #2321, 3.810000000000000053, 0.2000000000000000111 ) ;
#4920 = CARTESIAN_POINT ( 'NONE',  ( 3.320004052747157708, 0.7215474752024457761, 11.25000000000001066 ) ) ;
#4921 = CARTESIAN_POINT ( 'NONE',  ( 1.117069049143047277, 2.697880045416556793, 27.07046610168999834 ) ) ;
#4922 = VERTEX_POINT ( 'NONE', #836 ) ;
#4923 = PRESENTATION_LAYER_ASSIGNMENT (  '', '', ( #5110 ) ) ;
#4924 = SURFACE_SIDE_STYLE ('',( #2191 ) ) ;
#4925 = UNCERTAINTY_MEASURE_WITH_UNIT (LENGTH_MEASURE( 1.000000000000000082E-05 ), #2785, 'distance_accuracy_value', 'NONE');
#4926 = AXIS2_PLACEMENT_3D ( 'NONE', #202, #1981, #5115 ) ;
#4927 = SURFACE_STYLE_USAGE ( .BOTH. , #100 ) ;
#4928 = SURFACE_SIDE_STYLE ('',( #2255 ) ) ;
#4929 = EDGE_CURVE ( 'NONE', #198, #5511, #3678, .T. ) ;
#4930 = PRESENTATION_STYLE_ASSIGNMENT (( #3148 ) ) ;
#4931 = ORIENTED_EDGE ( 'NONE', *, *, #3768, .F. ) ;
#4932 = DIRECTION ( 'NONE',  ( -0.7959129450999981037, -0.3298046460138681635, 0.5076923076922817968 ) ) ;
#4933 =( GEOMETRIC_REPRESENTATION_CONTEXT ( 3 ) GLOBAL_UNCERTAINTY_ASSIGNED_CONTEXT ( ( #452 ) ) GLOBAL_UNIT_ASSIGNED_CONTEXT ( ( #5401, #2288, #607 ) ) REPRESENTATION_CONTEXT ( 'NONE', 'WORKASPACE' ) );
#4934 = CARTESIAN_POINT ( 'NONE',  ( -3.205170592693602901E-15, -1.328135393757867865E-15, 0.8500000000000000888 ) ) ;
#4935 = SURFACE_STYLE_FILL_AREA ( #4559 ) ;
#4936 = CARTESIAN_POINT ( 'NONE',  ( -1.117069049136647951, -2.697880045413905581, -6.000000000000007105 ) ) ;
#4937 =( LENGTH_UNIT ( ) NAMED_UNIT ( * ) SI_UNIT ( .MILLI., .METRE. ) );
#4938 = PRESENTATION_LAYER_ASSIGNMENT (  '', '', ( #1972 ) ) ;
#4939 = CARTESIAN_POINT ( 'NONE',  ( 1.117069049143154524, 2.697880045416601646, -5.999999999999992006 ) ) ;
#4940 =( LENGTH_UNIT ( ) NAMED_UNIT ( * ) SI_UNIT ( .MILLI., .METRE. ) );
#4941 = PRESENTATION_STYLE_ASSIGNMENT (( #3993 ) ) ;
#4942 = CARTESIAN_POINT ( 'NONE',  ( -1.117802175237071705, 2.697576374643594566, 1.920000000000000595 ) ) ;
#4943 = EDGE_CURVE ( 'NONE', #837, #3743, #4891, .T. ) ;
#4944 = DIRECTION ( 'NONE',  ( 3.225526565811033815E-15, 1.336570354578135212E-15, -1.000000000000000000 ) ) ;
#4945 = ORIENTED_EDGE ( 'NONE', *, *, #1665, .T. ) ;
#4946 =( NAMED_UNIT ( * ) PLANE_ANGLE_UNIT ( ) SI_UNIT ( $, .RADIAN. ) );
#4947 = CARTESIAN_POINT ( 'NONE',  ( -3.556735973415558139, -1.473814511874444566, 0.7999999999999873879 ) ) ;
#4948 = ORIENTED_EDGE ( 'NONE', *, *, #3086, .F. ) ;
#4949 = SURFACE_STYLE_USAGE ( .BOTH. , #4924 ) ;
#4950 = FILL_AREA_STYLE ('',( #4464 ) ) ;
#4951 =( LENGTH_UNIT ( ) NAMED_UNIT ( * ) SI_UNIT ( .MILLI., .METRE. ) );
#4952 = DIRECTION ( 'NONE',  ( 3.225526565811033815E-15, 1.336570354578135212E-15, -1.000000000000000000 ) ) ;
#4953 = ORIENTED_EDGE ( 'NONE', *, *, #108, .T. ) ;
#4954 = EDGE_LOOP ( 'NONE', ( #1026, #3882, #5673, #1304 ) ) ;
#4955 = STYLED_ITEM ( 'NONE', ( #365 ), #291 ) ;
#4956 = ADVANCED_FACE ( 'NONE', ( #2038 ), #3876, .T. ) ;
#4957 = UNCERTAINTY_MEASURE_WITH_UNIT (LENGTH_MEASURE( 1.000000000000000082E-05 ), #1207, 'distance_accuracy_value', 'NONE');
#4958 = AXIS2_PLACEMENT_3D ( 'NONE', #1582, #5182, #3333 ) ;
#4959 = PRESENTATION_STYLE_ASSIGNMENT (( #2849 ) ) ;
#4960 =( GEOMETRIC_REPRESENTATION_CONTEXT ( 3 ) GLOBAL_UNCERTAINTY_ASSIGNED_CONTEXT ( ( #5188 ) ) GLOBAL_UNIT_ASSIGNED_CONTEXT ( ( #3898, #4033, #904 ) ) REPRESENTATION_CONTEXT ( 'NONE', 'WORKASPACE' ) );
#4961 = ORIENTED_EDGE ( 'NONE', *, *, #1911, .T. ) ;
#4962 = CARTESIAN_POINT ( 'NONE',  ( -9.455253248446128933E-14, -3.917999411585710873E-14, 29.36745762711699825 ) ) ;
#4963 = CIRCLE ( 'NONE', #1909, 4.009999999999999787 ) ;
#4964 = CARTESIAN_POINT ( 'NONE',  ( -2.243619414885522307E-14, -9.296947756305075845E-15, 7.140062509769001586 ) ) ;
#4965 = LINE ( 'NONE', #3548, #2278 ) ;
#4966 = MECHANICAL_DESIGN_GEOMETRIC_PRESENTATION_REPRESENTATION (  '', ( #2548 ), #3482 ) ;
#4967 = MECHANICAL_DESIGN_GEOMETRIC_PRESENTATION_REPRESENTATION (  '', ( #5335 ), #322 ) ;
#4968 = FILL_AREA_STYLE ('',( #137 ) ) ;
#4969 = CARTESIAN_POINT ( 'NONE',  ( 2.767581798328816106E-12, 1.147045235671962271E-12, 1.520000000000000462 ) ) ;
#4970 = VERTEX_POINT ( 'NONE', #5276 ) ;
#4971 = STYLED_ITEM ( 'NONE', ( #1415 ), #2249 ) ;
#4972 = EDGE_LOOP ( 'NONE', ( #2073, #552, #942, #17 ) ) ;
#4973 = VERTEX_POINT ( 'NONE', #1327 ) ;
#4974 =( GEOMETRIC_REPRESENTATION_CONTEXT ( 3 ) GLOBAL_UNCERTAINTY_ASSIGNED_CONTEXT ( ( #2812 ) ) GLOBAL_UNIT_ASSIGNED_CONTEXT ( ( #4039, #968, #3544 ) ) REPRESENTATION_CONTEXT ( 'NONE', 'WORKASPACE' ) );
#4975 = EDGE_CURVE ( 'NONE', #735, #3078, #4426, .T. ) ;
#4976 =( NAMED_UNIT ( * ) SI_UNIT ( $, .STERADIAN. ) SOLID_ANGLE_UNIT ( ) );
#4977 = CARTESIAN_POINT ( 'NONE',  ( -2.833845565466062144, -0.6158890412148069204, 7.850125019536989157 ) ) ;
#4978 = FACE_OUTER_BOUND ( 'NONE', #2279, .T. ) ;
#4979 =( GEOMETRIC_REPRESENTATION_CONTEXT ( 3 ) GLOBAL_UNCERTAINTY_ASSIGNED_CONTEXT ( ( #3694 ) ) GLOBAL_UNIT_ASSIGNED_CONTEXT ( ( #721, #1238, #3903 ) ) REPRESENTATION_CONTEXT ( 'NONE', 'WORKASPACE' ) );
#4980 = ORIENTED_EDGE ( 'NONE', *, *, #1124, .T. ) ;
#4981 = CIRCLE ( 'NONE', #4709, 0.4000000000000000222 ) ;
#4982 = EDGE_LOOP ( 'NONE', ( #4227, #5390, #621, #585 ) ) ;
#4983 =( GEOMETRIC_REPRESENTATION_CONTEXT ( 3 ) GLOBAL_UNCERTAINTY_ASSIGNED_CONTEXT ( ( #4794 ) ) GLOBAL_UNIT_ASSIGNED_CONTEXT ( ( #2003, #5565, #5160 ) ) REPRESENTATION_CONTEXT ( 'NONE', 'WORKASPACE' ) );
#4984 = DIRECTION ( 'NONE',  ( 0.3828089641232319540, -0.9238275255624818216, 0.000000000000000000 ) ) ;
#4985 = UNCERTAINTY_MEASURE_WITH_UNIT (LENGTH_MEASURE( 1.000000000000000082E-05 ), #877, 'distance_accuracy_value', 'NONE');
#4986 = PRESENTATION_LAYER_ASSIGNMENT (  '', '', ( #1005 ) ) ;
#4987 = SURFACE_STYLE_USAGE ( .BOTH. , #3601 ) ;
#4988 = AXIS2_PLACEMENT_3D ( 'NONE', #1339, #983, #451 ) ;
#4989 = LINE ( 'NONE', #2712, #3130 ) ;
#4990 = FILL_AREA_STYLE_COLOUR ( '', #197 ) ;
#4991 =( NAMED_UNIT ( * ) SI_UNIT ( $, .STERADIAN. ) SOLID_ANGLE_UNIT ( ) );
#4992 = VERTEX_POINT ( 'NONE', #1302 ) ;
#4993 = CIRCLE ( 'NONE', #4254, 0.2250000000000000056 ) ;
#4994 = LINE ( 'NONE', #5439, #4058 ) ;
#4995 =( LENGTH_UNIT ( ) NAMED_UNIT ( * ) SI_UNIT ( .MILLI., .METRE. ) );
#4996 = SURFACE_STYLE_USAGE ( .BOTH. , #1997 ) ;
#4997 = ADVANCED_FACE ( 'NONE', ( #2695 ), #2300, .T. ) ;
#4998 = CARTESIAN_POINT ( 'NONE',  ( -1.117802175237071705, 2.697576374643594566, 1.920000000000000595 ) ) ;
#4999 = SURFACE_STYLE_FILL_AREA ( #4968 ) ;
#5000 = DIRECTION ( 'NONE',  ( -0.9238275255624820437, -0.3828089641232313989, -3.854941057726237900E-15 ) ) ;
#5001 = ORIENTED_EDGE ( 'NONE', *, *, #842, .T. ) ;
#5002 = EDGE_CURVE ( 'NONE', #1920, #600, #1566, .T. ) ;
#5003 = DIRECTION ( 'NONE',  ( 0.3828089641232319540, -0.9238275255624818216, 0.000000000000000000 ) ) ;
#5004 = CONICAL_SURFACE ( 'NONE', #2497, 2.700000000000000622, 0.6747409422234239562 ) ;
#5005 = FILL_AREA_STYLE_COLOUR ( '', #5104 ) ;
#5006 = DIRECTION ( 'NONE',  ( 3.225526565811033815E-15, 1.336570354578135212E-15, -1.000000000000000000 ) ) ;
#5007 =( LENGTH_UNIT ( ) NAMED_UNIT ( * ) SI_UNIT ( .MILLI., .METRE. ) );
#5008 = ORIENTED_EDGE ( 'NONE', *, *, #587, .T. ) ;
#5009 = DIRECTION ( 'NONE',  ( 0.9238275255624818216, 0.3828089641232319540, 3.558407130208834256E-15 ) ) ;
#5010 = CARTESIAN_POINT ( 'NONE',  ( 2.767581798328816106E-12, 1.147045235671962271E-12, 1.520000000000000462 ) ) ;
#5011 = FACE_OUTER_BOUND ( 'NONE', #5, .T. ) ;
#5012 = FILL_AREA_STYLE ('',( #5400 ) ) ;
#5013 = PRESENTATION_STYLE_ASSIGNMENT (( #5432 ) ) ;
#5014 = COLOUR_RGB ( '',0.2235294117647058654, 0.2235294117647058654, 0.2235294117647058654 ) ;
#5015 = EDGE_CURVE ( 'NONE', #5083, #3896, #641, .T. ) ;
#5016 = ORIENTED_EDGE ( 'NONE', *, *, #3466, .T. ) ;
#5017 =( GEOMETRIC_REPRESENTATION_CONTEXT ( 3 ) GLOBAL_UNCERTAINTY_ASSIGNED_CONTEXT ( ( #1793 ) ) GLOBAL_UNIT_ASSIGNED_CONTEXT ( ( #4022, #3643, #1807 ) ) REPRESENTATION_CONTEXT ( 'NONE', 'WORKASPACE' ) );
#5018 = UNCERTAINTY_MEASURE_WITH_UNIT (LENGTH_MEASURE( 1.000000000000000082E-05 ), #2462, 'distance_accuracy_value', 'NONE');
#5019 = LINE ( 'NONE', #2372, #2297 ) ;
#5020 = PLANE ( 'NONE',  #2188 ) ;
#5021 = SURFACE_STYLE_FILL_AREA ( #3244 ) ;
#5022 =( NAMED_UNIT ( * ) SI_UNIT ( $, .STERADIAN. ) SOLID_ANGLE_UNIT ( ) );
#5023 = SURFACE_SIDE_STYLE ('',( #5472 ) ) ;
#5024 = MECHANICAL_DESIGN_GEOMETRIC_PRESENTATION_REPRESENTATION (  '', ( #2237 ), #2977 ) ;
#5025 = PRESENTATION_LAYER_ASSIGNMENT (  '', '', ( #4192 ) ) ;
#5026 = UNCERTAINTY_MEASURE_WITH_UNIT (LENGTH_MEASURE( 1.000000000000000082E-05 ), #5392, 'distance_accuracy_value', 'NONE');
#5027 = CYLINDRICAL_SURFACE ( 'NONE', #2388, 0.2250000000000000056 ) ;
#5028 = STYLED_ITEM ( 'NONE', ( #2027 ), #3906 ) ;
#5029 = CARTESIAN_POINT ( 'NONE',  ( -0.5964329240859180814, 4.723823250774667137, 0.4000000000000045186 ) ) ;
#5030 = CARTESIAN_POINT ( 'NONE',  ( 2.772389554217856756E-12, 1.149037438762598969E-12, -1.040834085586084257E-14 ) ) ;
#5031 = VERTEX_POINT ( 'NONE', #4189 ) ;
#5032 = ORIENTED_EDGE ( 'NONE', *, *, #3086, .T. ) ;
#5033 = COLOUR_RGB ( '',0.2235294117647058654, 0.2235294117647058654, 0.2235294117647058654 ) ;
#5034 = SURFACE_STYLE_FILL_AREA ( #1437 ) ;
#5035 = EDGE_LOOP ( 'NONE', ( #2464, #4307, #3422, #1765 ) ) ;
#5036 = DIRECTION ( 'NONE',  ( 0.9238275255624819327, 0.3828089641232318430, 3.491481338843130200E-15 ) ) ;
#5037 = CARTESIAN_POINT ( 'NONE',  ( -1.117802175237070150, 2.697576374643595010, 1.520000000000000462 ) ) ;
#5038 = ORIENTED_EDGE ( 'NONE', *, *, #471, .F. ) ;
#5039 = CARTESIAN_POINT ( 'NONE',  ( -2.083360885250841669E-14, -8.632880059426142307E-15, 6.350000000000002309 ) ) ;
#5040 = UNCERTAINTY_MEASURE_WITH_UNIT (LENGTH_MEASURE( 1.000000000000000082E-05 ), #3972, 'distance_accuracy_value', 'NONE');
#5041 = CARTESIAN_POINT ( 'NONE',  ( -2.083360885250841669E-14, -8.632880059426142307E-15, 6.200000000000001954 ) ) ;
#5042 = ORIENTED_EDGE ( 'NONE', *, *, #1210, .F. ) ;
#5043 = DIRECTION ( 'NONE',  ( -3.225526565811033815E-15, -1.336570354578135212E-15, 1.000000000000000000 ) ) ;
#5044 = VERTEX_POINT ( 'NONE', #4566 ) ;
#5045 = EDGE_CURVE ( 'NONE', #2843, #3356, #2323, .T. ) ;
#5046 = CARTESIAN_POINT ( 'NONE',  ( 1.441141809189478318, -2.563593237198167785, 1.734723475976807094E-15 ) ) ;
#5047 = SURFACE_STYLE_FILL_AREA ( #3270 ) ;
#5048 = DIRECTION ( 'NONE',  ( 0.9238275255624818216, 0.3828089641232319540, 3.491481338843132566E-15 ) ) ;
#5049 = CARTESIAN_POINT ( 'NONE',  ( -2.724395003789562328E-14, -1.128915084694187646E-14, 8.350125019536999815 ) ) ;
#5050 = SURFACE_SIDE_STYLE ('',( #2884 ) ) ;
#5051 =( NAMED_UNIT ( * ) PLANE_ANGLE_UNIT ( ) SI_UNIT ( $, .RADIAN. ) );
#5052 =( NAMED_UNIT ( * ) SI_UNIT ( $, .STERADIAN. ) SOLID_ANGLE_UNIT ( ) );
#5053 = CIRCLE ( 'NONE', #2543, 0.1999999999999998168 ) ;
#5054 = AXIS2_PLACEMENT_3D ( 'NONE', #4906, #1454, #3208 ) ;
#5055 = ORIENTED_EDGE ( 'NONE', *, *, #423, .T. ) ;
#5056 = CARTESIAN_POINT ( 'NONE',  ( -2.083360885250841669E-14, -8.632880059426142307E-15, 6.600000000000000533 ) ) ;
#5057 = COLOUR_RGB ( '',0.2235294117647058654, 0.2235294117647058654, 0.2235294117647058654 ) ;
#5058 = DIRECTION ( 'NONE',  ( 3.225526565811032632E-15, 1.336570354578134620E-15, -1.000000000000000000 ) ) ;
#5059 = CARTESIAN_POINT ( 'NONE',  ( -3.519782872390288642, -1.458502153308367077, 1.519999999999987583 ) ) ;
#5060 =( GEOMETRIC_REPRESENTATION_CONTEXT ( 3 ) GLOBAL_UNCERTAINTY_ASSIGNED_CONTEXT ( ( #4495 ) ) GLOBAL_UNIT_ASSIGNED_CONTEXT ( ( #5359, #4018, #4481 ) ) REPRESENTATION_CONTEXT ( 'NONE', 'WORKASPACE' ) );
#5061 = ORIENTED_EDGE ( 'NONE', *, *, #1085, .T. ) ;
#5062 = PRESENTATION_LAYER_ASSIGNMENT (  '', '', ( #3018 ) ) ;
#5063 = EDGE_CURVE ( 'NONE', #3820, #3322, #2860, .T. ) ;
#5064 = PRESENTATION_STYLE_ASSIGNMENT (( #2399 ) ) ;
#5065 = ORIENTED_EDGE ( 'NONE', *, *, #5497, .F. ) ;
#5066 = CARTESIAN_POINT ( 'NONE',  ( -0.7482711650120732472, 2.850699960292889745, 2.602085213965210642E-15 ) ) ;
#5067 = MECHANICAL_DESIGN_GEOMETRIC_PRESENTATION_REPRESENTATION (  '', ( #62 ), #3019 ) ;
#5068 = AXIS2_PLACEMENT_3D ( 'NONE', #2337, #5098, #3673 ) ;
#5069 = CARTESIAN_POINT ( 'NONE',  ( 1.117069049143154524, 2.697880045416601646, -5.999999999999992006 ) ) ;
#5070 = AXIS2_PLACEMENT_3D ( 'NONE', #5625, #4359, #3840 ) ;
#5071 = EDGE_CURVE ( 'NONE', #4838, #1254, #4154, .T. ) ;
#5072 = AXIS2_PLACEMENT_3D ( 'NONE', #4390, #2612, #468 ) ;
#5073 = AXIS2_PLACEMENT_3D ( 'NONE', #1129, #1504, #2918 ) ;
#5074 = PRESENTATION_LAYER_ASSIGNMENT (  '', '', ( #4432 ) ) ;
#5075 = VECTOR ( 'NONE', #5304, 1000.000000000000000 ) ;
#5076 = DIRECTION ( 'NONE',  ( 3.225526565811033815E-15, 1.336570354578135212E-15, -1.000000000000000000 ) ) ;
#5077 = FILL_AREA_STYLE_COLOUR ( '', #4309 ) ;
#5078 = DIRECTION ( 'NONE',  ( -0.9771881260227712751, -0.2123755314533780914, -3.348079085118082549E-15 ) ) ;
#5079 = DIRECTION ( 'NONE',  ( 4.336808689942017736E-15, 1.084202172485504434E-15, -1.000000000000000000 ) ) ;
#5080 = VECTOR ( 'NONE', #748, 1000.000000000000000 ) ;
#5081 = PRESENTATION_STYLE_ASSIGNMENT (( #3139 ) ) ;
#5082 = COLOUR_RGB ( '',0.7921568627450980005, 0.8196078431372548767, 0.9333333333333333481 ) ;
#5083 = VERTEX_POINT ( 'NONE', #5085 ) ;
#5084 = UNCERTAINTY_MEASURE_WITH_UNIT (LENGTH_MEASURE( 1.000000000000000082E-05 ), #4940, 'distance_accuracy_value', 'NONE');
#5085 = CARTESIAN_POINT ( 'NONE',  ( -0.9099409819855137638, 2.783708391571321439, 1.920000000000000595 ) ) ;
#5086 = SURFACE_STYLE_USAGE ( .BOTH. , #5502 ) ;
#5087 = DIRECTION ( 'NONE',  ( -0.9238275255624818216, -0.3828089641232321760, -3.484935554417691077E-15 ) ) ;
#5088 = LINE ( 'NONE', #2865, #1412 ) ;
#5089 = EDGE_CURVE ( 'NONE', #5349, #887, #4245, .T. ) ;
#5090 = VERTEX_POINT ( 'NONE', #1496 ) ;
#5091 = ORIENTED_EDGE ( 'NONE', *, *, #3523, .F. ) ;
#5092 = DIRECTION ( 'NONE',  ( 3.225526565811033815E-15, 1.336570354578135212E-15, -1.000000000000000000 ) ) ;
#5093 = DIRECTION ( 'NONE',  ( -0.9238275255624820437, -0.3828089641232315654, -3.854941057726239478E-15 ) ) ;
#5094 =( NAMED_UNIT ( * ) PLANE_ANGLE_UNIT ( ) SI_UNIT ( $, .RADIAN. ) );
#5095 = FILL_AREA_STYLE_COLOUR ( '', #5208 ) ;
#5096 = ORIENTED_EDGE ( 'NONE', *, *, #2550, .T. ) ;
#5097 =( LENGTH_UNIT ( ) NAMED_UNIT ( * ) SI_UNIT ( .MILLI., .METRE. ) );
#5098 = DIRECTION ( 'NONE',  ( -3.225526565811033815E-15, -1.336570354578135212E-15, 1.000000000000000000 ) ) ;
#5099 = DIRECTION ( 'NONE',  ( -0.9771881260227710531, -0.2123755314533780914, -3.589083053745116929E-15 ) ) ;
#5100 = EDGE_LOOP ( 'NONE', ( #2702, #5458, #1984 ) ) ;
#5101 = SURFACE_SIDE_STYLE ('',( #4102 ) ) ;
#5102 = ADVANCED_FACE ( 'NONE', ( #135 ), #5027, .T. ) ;
#5103 =( LENGTH_UNIT ( ) NAMED_UNIT ( * ) SI_UNIT ( .MILLI., .METRE. ) );
#5104 = COLOUR_RGB ( '',0.9686274509803921573, 0.8784313725490195957, 0.5999999999999999778 ) ;
#5105 = FILL_AREA_STYLE ('',( #5077 ) ) ;
#5106 = CARTESIAN_POINT ( 'NONE',  ( -2.929128802338120341, -0.6365972626211240382, 10.84999999999998899 ) ) ;
#5107 = DIRECTION ( 'NONE',  ( -3.225526565811033815E-15, -1.336570354578135212E-15, 1.000000000000000000 ) ) ;
#5108 = ORIENTED_EDGE ( 'NONE', *, *, #3416, .F. ) ;
#5109 =( LENGTH_UNIT ( ) NAMED_UNIT ( * ) SI_UNIT ( .MILLI., .METRE. ) );
#5110 = STYLED_ITEM ( 'NONE', ( #5697 ), #3465 ) ;
#5111 = ORIENTED_EDGE ( 'NONE', *, *, #3604, .F. ) ;
#5112 = COLOUR_RGB ( '',0.9686274509803921573, 0.8784313725490195957, 0.5999999999999999778 ) ;
#5113 = FILL_AREA_STYLE_COLOUR ( '', #519 ) ;
#5114 = AXIS2_PLACEMENT_3D ( 'NONE', #1343, #4400, #3146 ) ;
#5115 = DIRECTION ( 'NONE',  ( -0.9771881260227711641, -0.2123755314533780914, -3.364056936936930648E-15 ) ) ;
#5116 = PRESENTATION_STYLE_ASSIGNMENT (( #263 ) ) ;
#5117 = ORIENTED_EDGE ( 'NONE', *, *, #2984, .F. ) ;
#5118 = SURFACE_STYLE_USAGE ( .BOTH. , #3348 ) ;
#5119 = EDGE_CURVE ( 'NONE', #5650, #1410, #3341, .T. ) ;
#5120 = FACE_OUTER_BOUND ( 'NONE', #4658, .T. ) ;
#5121 =( NAMED_UNIT ( * ) SI_UNIT ( $, .STERADIAN. ) SOLID_ANGLE_UNIT ( ) );
#5122 =( LENGTH_UNIT ( ) NAMED_UNIT ( * ) SI_UNIT ( .MILLI., .METRE. ) );
#5123 =( NAMED_UNIT ( * ) PLANE_ANGLE_UNIT ( ) SI_UNIT ( $, .RADIAN. ) );
#5124 = CARTESIAN_POINT ( 'NONE',  ( -2.884653533424242651E-14, -1.195321854382081158E-14, 8.850125019537001592 ) ) ;
#5125 = SURFACE_STYLE_FILL_AREA ( #3825 ) ;
#5126 =( NAMED_UNIT ( * ) SI_UNIT ( $, .STERADIAN. ) SOLID_ANGLE_UNIT ( ) );
#5127 = DIRECTION ( 'NONE',  ( -0.9238275255624819327, -0.3828089641232317319, -3.491481338843133355E-15 ) ) ;
#5128 = EDGE_CURVE ( 'NONE', #2422, #5511, #5189, .T. ) ;
#5129 =( NAMED_UNIT ( * ) PLANE_ANGLE_UNIT ( ) SI_UNIT ( $, .RADIAN. ) );
#5130 = EDGE_LOOP ( 'NONE', ( #35, #700 ) ) ;
#5131 = UNCERTAINTY_MEASURE_WITH_UNIT (LENGTH_MEASURE( 1.000000000000000082E-05 ), #4542, 'distance_accuracy_value', 'NONE');
#5132 = CARTESIAN_POINT ( 'NONE',  ( -1.117069049138514458, -2.697880045414678740, -6.938893903907228378E-15 ) ) ;
#5133 = DIRECTION ( 'NONE',  ( -3.225526565811033815E-15, -1.336570354578135212E-15, 1.000000000000000000 ) ) ;
#5134 = ORIENTED_EDGE ( 'NONE', *, *, #4262, .T. ) ;
#5135 = PRESENTATION_STYLE_ASSIGNMENT (( #2415 ) ) ;
#5136 = DIRECTION ( 'NONE',  ( -3.225526565811033815E-15, -1.336570354578135212E-15, 1.000000000000000000 ) ) ;
#5137 = ORIENTED_EDGE ( 'NONE', *, *, #231, .F. ) ;
#5138 = COLOUR_RGB ( '',0.2235294117647058654, 0.2235294117647058654, 0.2235294117647058654 ) ;
#5139 = CARTESIAN_POINT ( 'NONE',  ( 2.770786968921510142E-12, 1.148373371065720003E-12, 0.4000000000000001887 ) ) ;
#5140 = CYLINDRICAL_SURFACE ( 'NONE', #5154, 0.5600000000000000533 ) ;
#5141 = PRESENTATION_STYLE_ASSIGNMENT (( #3907 ) ) ;
#5142 = SURFACE_STYLE_FILL_AREA ( #3792 ) ;
#5143 = ORIENTED_EDGE ( 'NONE', *, *, #4466, .F. ) ;
#5144 = ADVANCED_FACE ( 'NONE', ( #5640 ), #3454, .T. ) ;
#5145 = STYLED_ITEM ( 'NONE', ( #540 ), #629 ) ;
#5146 =( NAMED_UNIT ( * ) SI_UNIT ( $, .STERADIAN. ) SOLID_ANGLE_UNIT ( ) );
#5147 = MECHANICAL_DESIGN_GEOMETRIC_PRESENTATION_REPRESENTATION (  '', ( #3012 ), #1363 ) ;
#5148 = CARTESIAN_POINT ( 'NONE',  ( -3.205170592693602901E-15, -1.328135393757867865E-15, 0.8500000000000000888 ) ) ;
#5149 = DIRECTION ( 'NONE',  ( 0.9238275255624821547, 0.3828089641232312879, 3.854941057726236322E-15 ) ) ;
#5150 = VECTOR ( 'NONE', #5267, 1000.000000000000114 ) ;
#5151 = ADVANCED_FACE ( 'NONE', ( #2002, #1637 ), #3778, .T. ) ;
#5152 = VECTOR ( 'NONE', #4053, 1000.000000000000000 ) ;
#5153 = PRESENTATION_LAYER_ASSIGNMENT (  '', '', ( #62 ) ) ;
#5154 = AXIS2_PLACEMENT_3D ( 'NONE', #2669, #4857, #919 ) ;
#5155 = DIRECTION ( 'NONE',  ( -3.225526565811033815E-15, -1.336570354578135212E-15, 1.000000000000000000 ) ) ;
#5156 = ORIENTED_EDGE ( 'NONE', *, *, #2915, .T. ) ;
#5157 = CIRCLE ( 'NONE', #4330, 0.2250000000000000888 ) ;
#5158 = ORIENTED_EDGE ( 'NONE', *, *, #859, .F. ) ;
#5159 = STYLED_ITEM ( 'NONE', ( #857 ), #5170 ) ;
#5160 =( NAMED_UNIT ( * ) SI_UNIT ( $, .STERADIAN. ) SOLID_ANGLE_UNIT ( ) );
#5161 = MECHANICAL_DESIGN_GEOMETRIC_PRESENTATION_REPRESENTATION (  '', ( #2110 ), #2020 ) ;
#5162 = DIRECTION ( 'NONE',  ( 0.9771881260227711641, 0.2123755314533780636, 3.363802103761658346E-15 ) ) ;
#5163 = AXIS2_PLACEMENT_3D ( 'NONE', #4769, #2147, #5667 ) ;
#5164 =( NAMED_UNIT ( * ) SI_UNIT ( $, .STERADIAN. ) SOLID_ANGLE_UNIT ( ) );
#5165 = EDGE_LOOP ( 'NONE', ( #473, #4568, #1131, #2403 ) ) ;
#5166 = FILL_AREA_STYLE_COLOUR ( '', #2793 ) ;
#5167 = TOROIDAL_SURFACE ( 'NONE', #4312, 4.250000000000000000, 0.4000000000000000222 ) ;
#5168 = FACE_OUTER_BOUND ( 'NONE', #2, .T. ) ;
#5169 = SURFACE_STYLE_FILL_AREA ( #3404 ) ;
#5170 = ADVANCED_FACE ( 'NONE', ( #4036 ), #2200, .F. ) ;
#5171 = CIRCLE ( 'NONE', #1202, 0.2250000000000000888 ) ;
#5172 = DIRECTION ( 'NONE',  ( -0.9238275255624819327, -0.3828089641232320650, -3.460794964542258598E-15 ) ) ;
#5173 = ORIENTED_EDGE ( 'NONE', *, *, #5493, .T. ) ;
#5174 = DIRECTION ( 'NONE',  ( -3.225526565811033815E-15, -1.336570354578135212E-15, 1.000000000000000000 ) ) ;
#5175 =( LENGTH_UNIT ( ) NAMED_UNIT ( * ) SI_UNIT ( .MILLI., .METRE. ) );
#5176 = FILL_AREA_STYLE ('',( #4528 ) ) ;
#5177 = ORIENTED_EDGE ( 'NONE', *, *, #2329, .T. ) ;
#5178 = FILL_AREA_STYLE_COLOUR ( '', #5290 ) ;
#5179 = CARTESIAN_POINT ( 'NONE',  ( -4.729590529950243649, -1.027897572234363510, 9.669999999999983942 ) ) ;
#5180 = SURFACE_SIDE_STYLE ('',( #762 ) ) ;
#5181 = EDGE_CURVE ( 'NONE', #5031, #1600, #2563, .T. ) ;
#5182 = DIRECTION ( 'NONE',  ( -3.225526565811033815E-15, -1.336570354578135212E-15, 1.000000000000000000 ) ) ;
#5183 = FILL_AREA_STYLE ('',( #2981 ) ) ;
#5184 = LINE ( 'NONE', #4763, #5253 ) ;
#5185 = EDGE_LOOP ( 'NONE', ( #210, #1944 ) ) ;
#5186 = ORIENTED_EDGE ( 'NONE', *, *, #23, .T. ) ;
#5187 = PRESENTATION_STYLE_ASSIGNMENT (( #4299 ) ) ;
#5188 = UNCERTAINTY_MEASURE_WITH_UNIT (LENGTH_MEASURE( 1.000000000000000082E-05 ), #3898, 'distance_accuracy_value', 'NONE');
#5189 = LINE ( 'NONE', #2544, #5080 ) ;
#5190 = CARTESIAN_POINT ( 'NONE',  ( -3.205170592693602901E-15, -1.328135393757867865E-15, 0.7500000000004543033 ) ) ;
#5191 = FILL_AREA_STYLE ('',( #3427 ) ) ;
#5192 = ORIENTED_EDGE ( 'NONE', *, *, #551, .T. ) ;
#5193 = ORIENTED_EDGE ( 'NONE', *, *, #2879, .T. ) ;
#5194 = PRESENTATION_STYLE_ASSIGNMENT (( #5221 ) ) ;
#5195 = MECHANICAL_DESIGN_GEOMETRIC_PRESENTATION_REPRESENTATION (  '', ( #3915 ), #2692 ) ;
#5196 =( NAMED_UNIT ( * ) SI_UNIT ( $, .STERADIAN. ) SOLID_ANGLE_UNIT ( ) );
#5197 = AXIS2_PLACEMENT_3D ( 'NONE', #274, #4346, #5604 ) ;
#5198 = DIRECTION ( 'NONE',  ( 0.7959129450999951061, 0.3298046460138661096, 0.5076923076922879030 ) ) ;
#5199 = SURFACE_SIDE_STYLE ('',( #5651 ) ) ;
#5200 = DIRECTION ( 'NONE',  ( 3.225526565811033815E-15, 1.336570354578135212E-15, -1.000000000000000000 ) ) ;
#5201 = DIRECTION ( 'NONE',  ( -0.9238275255624819327, -0.3828089641232319540, -3.491481338843133750E-15 ) ) ;
#5202 = ORIENTED_EDGE ( 'NONE', *, *, #2509, .T. ) ;
#5203 = CIRCLE ( 'NONE', #3537, 4.145000000000001350 ) ;
#5204 = AXIS2_PLACEMENT_3D ( 'NONE', #3203, #1627, #2447 ) ;
#5205 = SURFACE_STYLE_USAGE ( .BOTH. , #4815 ) ;
#5206 = EDGE_CURVE ( 'NONE', #1806, #2897, #1479, .T. ) ;
#5207 = SURFACE_STYLE_USAGE ( .BOTH. , #2922 ) ;
#5208 = COLOUR_RGB ( '',0.2235294117647058654, 0.2235294117647058654, 0.2235294117647058654 ) ;
#5209 = SURFACE_STYLE_USAGE ( .BOTH. , #2487 ) ;
#5210 =( NAMED_UNIT ( * ) SI_UNIT ( $, .STERADIAN. ) SOLID_ANGLE_UNIT ( ) );
#5211 =( LENGTH_UNIT ( ) NAMED_UNIT ( * ) SI_UNIT ( .MILLI., .METRE. ) );
#5212 = CARTESIAN_POINT ( 'NONE',  ( -1.602585296346801648E-14, -6.640676968789340115E-15, 4.853136023954000677 ) ) ;
#5213 = CARTESIAN_POINT ( 'NONE',  ( 0.000000000000000000, 0.000000000000000000, 0.000000000000000000 ) ) ;
#5214 = ORIENTED_EDGE ( 'NONE', *, *, #1174, .F. ) ;
#5215 = SURFACE_STYLE_FILL_AREA ( #2601 ) ;
#5216 = EDGE_CURVE ( 'NONE', #3067, #2671, #162, .T. ) ;
#5217 = SURFACE_SIDE_STYLE ('',( #2493 ) ) ;
#5218 = SURFACE_SIDE_STYLE ('',( #3455 ) ) ;
#5219 = DIRECTION ( 'NONE',  ( 0.3828089641232319540, -0.9238275255624818216, 0.000000000000000000 ) ) ;
#5220 = ORIENTED_EDGE ( 'NONE', *, *, #897, .F. ) ;
#5221 = SURFACE_STYLE_USAGE ( .BOTH. , #1208 ) ;
#5222 = SURFACE_STYLE_FILL_AREA ( #3459 ) ;
#5223 = FACE_OUTER_BOUND ( 'NONE', #1857, .T. ) ;
#5224 = DIRECTION ( 'NONE',  ( -0.2123755314533780636, 0.9771881260227710531, 6.210577614566906163E-16 ) ) ;
#5225 = DIRECTION ( 'NONE',  ( 3.225526565811033815E-15, 1.336570354578135212E-15, -1.000000000000000000 ) ) ;
#5226 = CARTESIAN_POINT ( 'NONE',  ( 1.117069049143130544, 2.697880045416591432, 1.520000000000008233 ) ) ;
#5227 = ORIENTED_EDGE ( 'NONE', *, *, #3271, .F. ) ;
#5228 = ORIENTED_EDGE ( 'NONE', *, *, #5089, .T. ) ;
#5229 = AXIS2_PLACEMENT_3D ( 'NONE', #4637, #1236, #4216 ) ;
#5230 = CARTESIAN_POINT ( 'NONE',  ( -1.486600059361659509, -2.851003631063205646, -0.2031250000000079936 ) ) ;
#5231 =( NAMED_UNIT ( * ) SI_UNIT ( $, .STERADIAN. ) SOLID_ANGLE_UNIT ( ) );
#5232 = SURFACE_STYLE_FILL_AREA ( #2225 ) ;
#5233 = ADVANCED_FACE ( 'NONE', ( #1774 ), #4163, .T. ) ;
#5234 = DIRECTION ( 'NONE',  ( 3.225526565811033815E-15, 1.336570354578135212E-15, -1.000000000000000000 ) ) ;
#5235 = AXIS2_PLACEMENT_3D ( 'NONE', #5124, #163, #5099 ) ;
#5236 = MECHANICAL_DESIGN_GEOMETRIC_PRESENTATION_REPRESENTATION (  '', ( #5509 ), #3762 ) ;
#5237 = CARTESIAN_POINT ( 'NONE',  ( -1.117802175237153639, 2.697576374643560815, 27.07046610168999123 ) ) ;
#5238 = DIRECTION ( 'NONE',  ( -3.225526565811033815E-15, -1.336570354578135212E-15, 1.000000000000000000 ) ) ;
#5239 =( GEOMETRIC_REPRESENTATION_CONTEXT ( 3 ) GLOBAL_UNCERTAINTY_ASSIGNED_CONTEXT ( ( #1615 ) ) GLOBAL_UNIT_ASSIGNED_CONTEXT ( ( #2310, #5342, #872 ) ) REPRESENTATION_CONTEXT ( 'NONE', 'WORKASPACE' ) );
#5240 = ADVANCED_FACE ( 'NONE', ( #3541 ), #2481, .F. ) ;
#5241 = EDGE_LOOP ( 'NONE', ( #3206, #2914 ) ) ;
#5242 = DIRECTION ( 'NONE',  ( -3.225526565811033815E-15, -1.336570354578135212E-15, 1.000000000000000000 ) ) ;
#5243 = ORIENTED_EDGE ( 'NONE', *, *, #4894, .T. ) ;
#5244 = AXIS2_PLACEMENT_3D ( 'NONE', #3611, #2232, #1298 ) ;
#5245 = DIRECTION ( 'NONE',  ( 3.225526565811032632E-15, 1.336570354578134620E-15, -1.000000000000000000 ) ) ;
#5246 = AXIS2_PLACEMENT_3D ( 'NONE', #5213, #4317, #331 ) ;
#5247 =( GEOMETRIC_REPRESENTATION_CONTEXT ( 3 ) GLOBAL_UNCERTAINTY_ASSIGNED_CONTEXT ( ( #5131 ) ) GLOBAL_UNIT_ASSIGNED_CONTEXT ( ( #4542, #233, #2770 ) ) REPRESENTATION_CONTEXT ( 'NONE', 'WORKASPACE' ) );
#5248 = VERTEX_POINT ( 'NONE', #3300 ) ;
#5249 = UNCERTAINTY_MEASURE_WITH_UNIT (LENGTH_MEASURE( 1.000000000000000082E-05 ), #3231, 'distance_accuracy_value', 'NONE');
#5250 =( GEOMETRIC_REPRESENTATION_CONTEXT ( 3 ) GLOBAL_UNCERTAINTY_ASSIGNED_CONTEXT ( ( #5474 ) ) GLOBAL_UNIT_ASSIGNED_CONTEXT ( ( #3321, #2800, #2392 ) ) REPRESENTATION_CONTEXT ( 'NONE', 'WORKASPACE' ) );
#5251 = CARTESIAN_POINT ( 'NONE',  ( -4.535107737447755305, -0.9856299828968214660, 10.75000095476998396 ) ) ;
#5252 = SURFACE_SIDE_STYLE ('',( #4445 ) ) ;
#5253 = VECTOR ( 'NONE', #2053, 1000.000000000000000 ) ;
#5254 = ORIENTED_EDGE ( 'NONE', *, *, #889, .F. ) ;
#5255 = AXIS2_PLACEMENT_3D ( 'NONE', #2301, #1841, #2724 ) ;
#5256 = SURFACE_SIDE_STYLE ('',( #2991 ) ) ;
#5257 = AXIS2_PLACEMENT_3D ( 'NONE', #3248, #1980, #5087 ) ;
#5258 = STYLED_ITEM ( 'NONE', ( #4019 ), #4997 ) ;
#5259 = STYLED_ITEM ( 'NONE', ( #2384 ), #5569 ) ;
#5260 = LINE ( 'NONE', #4385, #4699 ) ;
#5261 = DIRECTION ( 'NONE',  ( 0.9771881260227711641, 0.2123755314533781191, 3.212450881438531057E-15 ) ) ;
#5262 = EDGE_CURVE ( 'NONE', #4297, #4812, #4897, .T. ) ;
#5263 = SURFACE_SIDE_STYLE ('',( #4777 ) ) ;
#5264 = ORIENTED_EDGE ( 'NONE', *, *, #4040, .F. ) ;
#5265 = STYLED_ITEM ( 'NONE', ( #3988 ), #5683 ) ;
#5266 = COLOUR_RGB ( '',0.2235294117647058654, 0.2235294117647058654, 0.2235294117647058654 ) ;
#5267 = DIRECTION ( 'NONE',  ( -0.007088041717207001040, 0.9999748795167882065, 1.313674112426553258E-15 ) ) ;
#5268 =( LENGTH_UNIT ( ) NAMED_UNIT ( * ) SI_UNIT ( .MILLI., .METRE. ) );
#5269 = DIRECTION ( 'NONE',  ( 3.225526565811033815E-15, 1.336570354578135212E-15, -1.000000000000000000 ) ) ;
#5270 = SURFACE_SIDE_STYLE ('',( #4442 ) ) ;
#5271 = EDGE_CURVE ( 'NONE', #3216, #4297, #5019, .T. ) ;
#5272 = CARTESIAN_POINT ( 'NONE',  ( 1.117069049143135429, 2.697880045416593209, 8.673617379884035472E-15 ) ) ;
#5273 = FILL_AREA_STYLE_COLOUR ( '', #4436 ) ;
#5274 = SURFACE_SIDE_STYLE ('',( #3398 ) ) ;
#5275 = DIRECTION ( 'NONE',  ( -0.0001358784196986983779, 0.9999999907685275247, 1.336132062787163812E-15 ) ) ;
#5276 = CARTESIAN_POINT ( 'NONE',  ( -1.325663368488604110, 2.611444357715877906, -6.000000000000000888 ) ) ;
#5277 = LINE ( 'NONE', #3075, #3396 ) ;
#5278 = CARTESIAN_POINT ( 'NONE',  ( 0.5995191940231666683, 4.724137334117386011, 0.4000000000000088485 ) ) ;
#5279 = CIRCLE ( 'NONE', #853, 4.640977122702000912 ) ;
#5280 = FILL_AREA_STYLE ('',( #3406 ) ) ;
#5281 =( NAMED_UNIT ( * ) PLANE_ANGLE_UNIT ( ) SI_UNIT ( $, .RADIAN. ) );
#5282 = ORIENTED_EDGE ( 'NONE', *, *, #2409, .F. ) ;
#5283 = SURFACE_STYLE_USAGE ( .BOTH. , #1882 ) ;
#5284 = VECTOR ( 'NONE', #225, 1000.000000000000000 ) ;
#5285 =( GEOMETRIC_REPRESENTATION_CONTEXT ( 3 ) GLOBAL_UNCERTAINTY_ASSIGNED_CONTEXT ( ( #2818 ) ) GLOBAL_UNIT_ASSIGNED_CONTEXT ( ( #1299, #3050, #3072 ) ) REPRESENTATION_CONTEXT ( 'NONE', 'WORKASPACE' ) );
#5286 = ADVANCED_FACE ( 'NONE', ( #1945 ), #4817, .F. ) ;
#5287 = DIRECTION ( 'NONE',  ( 2.168404344971008868E-15, 1.084202172485504434E-15, -1.000000000000000000 ) ) ;
#5288 =( LENGTH_UNIT ( ) NAMED_UNIT ( * ) SI_UNIT ( .MILLI., .METRE. ) );
#5289 = FILL_AREA_STYLE_COLOUR ( '', #1750 ) ;
#5290 = COLOUR_RGB ( '',0.7921568627450980005, 0.8196078431372548767, 0.9333333333333333481 ) ;
#5291 = LINE ( 'NONE', #3145, #3193 ) ;
#5292 = FILL_AREA_STYLE_COLOUR ( '', #2212 ) ;
#5293 = DIRECTION ( 'NONE',  ( -0.9771881260227711641, -0.2123755314533779803, -2.322289769435722032E-15 ) ) ;
#5294 = AXIS2_PLACEMENT_3D ( 'NONE', #1652, #2069, #3407 ) ;
#5295 = ORIENTED_EDGE ( 'NONE', *, *, #4134, .F. ) ;
#5296 = FACE_OUTER_BOUND ( 'NONE', #3260, .T. ) ;
#5297 = ORIENTED_EDGE ( 'NONE', *, *, #660, .T. ) ;
#5298 = UNCERTAINTY_MEASURE_WITH_UNIT (LENGTH_MEASURE( 1.000000000000000082E-05 ), #4725, 'distance_accuracy_value', 'NONE');
#5299 = FILL_AREA_STYLE ('',( #3569 ) ) ;
#5300 =( LENGTH_UNIT ( ) NAMED_UNIT ( * ) SI_UNIT ( .MILLI., .METRE. ) );
#5301 = VERTEX_POINT ( 'NONE', #1163 ) ;
#5302 = DIRECTION ( 'NONE',  ( -3.225526565811033815E-15, -1.336570354578135212E-15, 1.000000000000000000 ) ) ;
#5303 = EDGE_CURVE ( 'NONE', #4922, #4382, #3043, .T. ) ;
#5304 = DIRECTION ( 'NONE',  ( 3.225526565811033815E-15, 1.336570354578135212E-15, -1.000000000000000000 ) ) ;
#5305 = AXIS2_PLACEMENT_3D ( 'NONE', #1507, #5058, #5514 ) ;
#5306 = ORIENTED_EDGE ( 'NONE', *, *, #1800, .F. ) ;
#5307 = ADVANCED_FACE ( 'NONE', ( #1668, #1611 ), #303, .T. ) ;
#5308 = LINE ( 'NONE', #2274, #5152 ) ;
#5309 = DIRECTION ( 'NONE',  ( -3.225526565811033815E-15, -1.336570354578135212E-15, 1.000000000000000000 ) ) ;
#5310 = EDGE_CURVE ( 'NONE', #1852, #1920, #330, .T. ) ;
#5311 = UNCERTAINTY_MEASURE_WITH_UNIT (LENGTH_MEASURE( 1.000000000000000082E-05 ), #1472, 'distance_accuracy_value', 'NONE');
#5312 = LINE ( 'NONE', #3625, #2453 ) ;
#5313 = STYLED_ITEM ( 'NONE', ( #4829 ), #302 ) ;
#5314 = CARTESIAN_POINT ( 'NONE',  ( 1.441141809189478318, -2.563593237198167785, -0.09999999999999853451 ) ) ;
#5315 = ADVANCED_FACE ( 'NONE', ( #818 ), #4073, .F. ) ;
#5316 =( LENGTH_UNIT ( ) NAMED_UNIT ( * ) SI_UNIT ( .MILLI., .METRE. ) );
#5317 =( GEOMETRIC_REPRESENTATION_CONTEXT ( 3 ) GLOBAL_UNCERTAINTY_ASSIGNED_CONTEXT ( ( #3862 ) ) GLOBAL_UNIT_ASSIGNED_CONTEXT ( ( #5109, #89, #567 ) ) REPRESENTATION_CONTEXT ( 'NONE', 'WORKASPACE' ) );
#5318 = VERTEX_POINT ( 'NONE', #4029 ) ;
#5319 = COLOUR_RGB ( '',0.2235294117647058654, 0.2235294117647058654, 0.2235294117647058654 ) ;
#5320 = MECHANICAL_DESIGN_GEOMETRIC_PRESENTATION_REPRESENTATION (  '', ( #4877 ), #4041 ) ;
#5321 = SURFACE_STYLE_USAGE ( .BOTH. , #4472 ) ;
#5322 = DIRECTION ( 'NONE',  ( 0.9238275255624820437, 0.3828089641232313989, 3.493540333564403220E-15 ) ) ;
#5323 = DIRECTION ( 'NONE',  ( 3.225526565811033815E-15, 1.336570354578135212E-15, -1.000000000000000000 ) ) ;
#5324 = CARTESIAN_POINT ( 'NONE',  ( 0.3993560884836878655, 5.130107481058387542, 8.673617379884035472E-15 ) ) ;
#5325 = ORIENTED_EDGE ( 'NONE', *, *, #2068, .T. ) ;
#5326 = AXIS2_PLACEMENT_3D ( 'NONE', #47, #24, #1789 ) ;
#5327 = VECTOR ( 'NONE', #3254, 1000.000000000000000 ) ;
#5328 = DIRECTION ( 'NONE',  ( -0.6104445828554163622, -0.1326699427206652626, 0.7808688094430280557 ) ) ;
#5329 = FILL_AREA_STYLE_COLOUR ( '', #3669 ) ;
#5330 = CIRCLE ( 'NONE', #2194, 3.810000000000000497 ) ;
#5331 =( NAMED_UNIT ( * ) PLANE_ANGLE_UNIT ( ) SI_UNIT ( $, .RADIAN. ) );
#5332 = PRESENTATION_LAYER_ASSIGNMENT (  '', '', ( #3307 ) ) ;
#5333 = ORIENTED_EDGE ( 'NONE', *, *, #4687, .T. ) ;
#5334 = LINE ( 'NONE', #3161, #5606 ) ;
#5335 = STYLED_ITEM ( 'NONE', ( #4416 ), #1827 ) ;
#5336 =( GEOMETRIC_REPRESENTATION_CONTEXT ( 3 ) GLOBAL_UNCERTAINTY_ASSIGNED_CONTEXT ( ( #3986 ) ) GLOBAL_UNIT_ASSIGNED_CONTEXT ( ( #2217, #2266, #1781 ) ) REPRESENTATION_CONTEXT ( 'NONE', 'WORKASPACE' ) );
#5337 = MECHANICAL_DESIGN_GEOMETRIC_PRESENTATION_REPRESENTATION (  '', ( #164 ), #2862 ) ;
#5338 = CIRCLE ( 'NONE', #5528, 0.5600000000000000533 ) ;
#5339 = FACE_OUTER_BOUND ( 'NONE', #5612, .T. ) ;
#5340 = EDGE_CURVE ( 'NONE', #2897, #1806, #1760, .T. ) ;
#5341 = DIRECTION ( 'NONE',  ( 3.225526565811033815E-15, 1.336570354578135212E-15, -1.000000000000000000 ) ) ;
#5342 =( NAMED_UNIT ( * ) PLANE_ANGLE_UNIT ( ) SI_UNIT ( $, .RADIAN. ) );
#5343 = CIRCLE ( 'NONE', #1383, 0.2249999999999998945 ) ;
#5344 = CARTESIAN_POINT ( 'NONE',  ( -2.724395003789562328E-14, -1.128915084694187646E-14, 8.600125019536999815 ) ) ;
#5345 = FILL_AREA_STYLE ('',( #4131 ) ) ;
#5346 = AXIS2_PLACEMENT_3D ( 'NONE', #4934, #3515, #3609 ) ;
#5347 = AXIS2_PLACEMENT_3D ( 'NONE', #4831, #1754, #3516 ) ;
#5348 = MECHANICAL_DESIGN_GEOMETRIC_PRESENTATION_REPRESENTATION (  '', ( #1666 ), #1576 ) ;
#5349 = VERTEX_POINT ( 'NONE', #3123 ) ;
#5350 = CIRCLE ( 'NONE', #2954, 3.650000000000000799 ) ;
#5351 = DIRECTION ( 'NONE',  ( -3.225526565811033815E-15, -1.336570354578135212E-15, 1.000000000000000000 ) ) ;
#5352 = AXIS2_PLACEMENT_3D ( 'NONE', #2427, #187, #5523 ) ;
#5353 = ADVANCED_FACE ( 'NONE', ( #3470 ), #1250, .F. ) ;
#5354 = UNCERTAINTY_MEASURE_WITH_UNIT (LENGTH_MEASURE( 1.000000000000000082E-05 ), #2794, 'distance_accuracy_value', 'NONE');
#5355 = CARTESIAN_POINT ( 'NONE',  ( -3.205170592693603296E-14, -1.328135393757868023E-14, 9.850125019536998039 ) ) ;
#5356 = FACE_OUTER_BOUND ( 'NONE', #4540, .T. ) ;
#5357 = DIRECTION ( 'NONE',  ( 3.225526565811033815E-15, 1.336570354578135212E-15, -1.000000000000000000 ) ) ;
#5358 = EDGE_LOOP ( 'NONE', ( #1631, #5065, #1533, #4912 ) ) ;
#5359 =( LENGTH_UNIT ( ) NAMED_UNIT ( * ) SI_UNIT ( .MILLI., .METRE. ) );
#5360 = CARTESIAN_POINT ( 'NONE',  ( -1.117802175237065265, 2.697576374643597230, -0.2031249999999993061 ) ) ;
#5361 = DIRECTION ( 'NONE',  ( -3.225526565811033815E-15, -1.336570354578135212E-15, 1.000000000000000000 ) ) ;
#5362 = ORIENTED_EDGE ( 'NONE', *, *, #2729, .T. ) ;
#5363 = CARTESIAN_POINT ( 'NONE',  ( 0.9092078558915965836, 2.611748028488874329, -5.999999999999992895 ) ) ;
#5364 = ORIENTED_EDGE ( 'NONE', *, *, #1633, .F. ) ;
#5365 = MANIFOLD_SOLID_BREP ( '实体-移动/复制3[10]', #1453 ) ;
#5366 =( LENGTH_UNIT ( ) NAMED_UNIT ( * ) SI_UNIT ( .MILLI., .METRE. ) );
#5367 = DIRECTION ( 'NONE',  ( -3.225526565811033815E-15, -1.336570354578135212E-15, 1.000000000000000000 ) ) ;
#5368 = FILL_AREA_STYLE ('',( #2705 ) ) ;
#5369 = SURFACE_SIDE_STYLE ('',( #2277 ) ) ;
#5370 = EDGE_LOOP ( 'NONE', ( #1093, #652 ) ) ;
#5371 = EDGE_CURVE ( 'NONE', #5318, #2233, #4989, .T. ) ;
#5372 = COLOUR_RGB ( '',0.9686274509803921573, 0.8784313725490195957, 0.5999999999999999778 ) ;
#5373 = UNCERTAINTY_MEASURE_WITH_UNIT (LENGTH_MEASURE( 1.000000000000000082E-05 ), #122, 'distance_accuracy_value', 'NONE');
#5374 = ORIENTED_EDGE ( 'NONE', *, *, #3579, .T. ) ;
#5375 = PRESENTATION_STYLE_ASSIGNMENT (( #2776 ) ) ;
#5376 = MECHANICAL_DESIGN_GEOMETRIC_PRESENTATION_REPRESENTATION (  '', ( #4655 ), #3064 ) ;
#5377 = SURFACE_SIDE_STYLE ('',( #3675 ) ) ;
#5378 = ORIENTED_EDGE ( 'NONE', *, *, #1423, .F. ) ;
#5379 = DIRECTION ( 'NONE',  ( -0.9238275255624818216, -0.3828089641232319540, -3.558407130208834256E-15 ) ) ;
#5380 = MECHANICAL_DESIGN_GEOMETRIC_PRESENTATION_REPRESENTATION (  '', ( #2246 ), #869 ) ;
#5381 = LINE ( 'NONE', #2320, #5422 ) ;
#5382 = COLOUR_RGB ( '',0.9686274509803921573, 0.8784313725490195957, 0.5999999999999999778 ) ;
#5383 = ORIENTED_EDGE ( 'NONE', *, *, #1986, .F. ) ;
#5384 = DIRECTION ( 'NONE',  ( -0.9238275255624818216, -0.3828089641232322315, -3.491481338843131383E-15 ) ) ;
#5385 = ADVANCED_FACE ( 'NONE', ( #1906 ), #5462, .T. ) ;
#5386 = CYLINDRICAL_SURFACE ( 'NONE', #4791, 4.570000000000001172 ) ;
#5387 =( LENGTH_UNIT ( ) NAMED_UNIT ( * ) SI_UNIT ( .MILLI., .METRE. ) );
#5388 = LINE ( 'NONE', #4654, #2746 ) ;
#5389 = DIRECTION ( 'NONE',  ( 3.225526565811033815E-15, 1.336570354578135212E-15, -1.000000000000000000 ) ) ;
#5390 = ORIENTED_EDGE ( 'NONE', *, *, #4174, .F. ) ;
#5391 = SURFACE_SIDE_STYLE ('',( #3834 ) ) ;
#5392 =( LENGTH_UNIT ( ) NAMED_UNIT ( * ) SI_UNIT ( .MILLI., .METRE. ) );
#5393 = FILL_AREA_STYLE_COLOUR ( '', #514 ) ;
#5394 =( NAMED_UNIT ( * ) SI_UNIT ( $, .STERADIAN. ) SOLID_ANGLE_UNIT ( ) );
#5395 = VERTEX_POINT ( 'NONE', #3626 ) ;
#5396 = DIRECTION ( 'NONE',  ( 3.225526565811033815E-15, 1.336570354578135212E-15, -1.000000000000000000 ) ) ;
#5397 = VERTEX_POINT ( 'NONE', #1422 ) ;
#5398 = DIRECTION ( 'NONE',  ( 0.3828089641232319540, -0.9238275255624818216, 0.000000000000000000 ) ) ;
#5399 = ADVANCED_FACE ( 'NONE', ( #3174 ), #2739, .F. ) ;
#5400 = FILL_AREA_STYLE_COLOUR ( '', #5082 ) ;
#5401 =( LENGTH_UNIT ( ) NAMED_UNIT ( * ) SI_UNIT ( .MILLI., .METRE. ) );
#5402 = CARTESIAN_POINT ( 'NONE',  ( 3.371970468303038704, 1.397252719049788539, 6.150000000000011902 ) ) ;
#5403 = UNCERTAINTY_MEASURE_WITH_UNIT (LENGTH_MEASURE( 1.000000000000000082E-05 ), #653, 'distance_accuracy_value', 'NONE');
#5404 = EDGE_CURVE ( 'NONE', #3708, #4303, #5171, .T. ) ;
#5405 = SURFACE_SIDE_STYLE ('',( #3634 ) ) ;
#5406 = PRESENTATION_STYLE_ASSIGNMENT (( #3654 ) ) ;
#5407 = TOROIDAL_SURFACE ( 'NONE', #5594, 3.700000000000000178, 0.4000000000000000222 ) ;
#5408 = STYLED_ITEM ( 'NONE', ( #985 ), #2033 ) ;
#5409 = FILL_AREA_STYLE_COLOUR ( '', #5319 ) ;
#5410 = EDGE_CURVE ( 'NONE', #178, #2690, #2398, .T. ) ;
#5411 = DIRECTION ( 'NONE',  ( -0.9771881260227712751, -0.2123755314533780914, -3.348079085118082549E-15 ) ) ;
#5412 = CIRCLE ( 'NONE', #1738, 2.836100015630000915 ) ;
#5413 = VERTEX_POINT ( 'NONE', #212 ) ;
#5414 = SURFACE_SIDE_STYLE ('',( #1389 ) ) ;
#5415 = CYLINDRICAL_SURFACE ( 'NONE', #3943, 1.950000000000000400 ) ;
#5416 = ORIENTED_EDGE ( 'NONE', *, *, #23, .F. ) ;
#5417 = CIRCLE ( 'NONE', #1188, 0.7469883813846001086 ) ;
#5418 = CIRCLE ( 'NONE', #899, 0.2000000000000000666 ) ;
#5419 = CARTESIAN_POINT ( 'NONE',  ( 1.634412463458125186, 2.912253065325603352, 0.000000000000000000 ) ) ;
#5420 = EDGE_CURVE ( 'NONE', #2244, #4708, #4170, .T. ) ;
#5421 = PRESENTATION_LAYER_ASSIGNMENT (  '', '', ( #3114 ) ) ;
#5422 = VECTOR ( 'NONE', #4098, 999.9999999999998863 ) ;
#5423 = ORIENTED_EDGE ( 'NONE', *, *, #1368, .T. ) ;
#5424 = PRESENTATION_LAYER_ASSIGNMENT (  '', '', ( #3975 ) ) ;
#5425 = PRESENTATION_STYLE_ASSIGNMENT (( #2832 ) ) ;
#5426 = STYLED_ITEM ( 'NONE', ( #5141 ), #741 ) ;
#5427 = UNCERTAINTY_MEASURE_WITH_UNIT (LENGTH_MEASURE( 1.000000000000000082E-05 ), #1519, 'distance_accuracy_value', 'NONE');
#5428 =( GEOMETRIC_REPRESENTATION_CONTEXT ( 3 ) GLOBAL_UNCERTAINTY_ASSIGNED_CONTEXT ( ( #4556 ) ) GLOBAL_UNIT_ASSIGNED_CONTEXT ( ( #1687, #3818, #5573 ) ) REPRESENTATION_CONTEXT ( 'NONE', 'WORKASPACE' ) );
#5429 = AXIS2_PLACEMENT_3D ( 'NONE', #5564, #3150, #2685 ) ;
#5430 =( NAMED_UNIT ( * ) PLANE_ANGLE_UNIT ( ) SI_UNIT ( $, .RADIAN. ) );
#5431 = SURFACE_STYLE_FILL_AREA ( #1855 ) ;
#5432 = SURFACE_STYLE_USAGE ( .BOTH. , #5377 ) ;
#5433 = DIRECTION ( 'NONE',  ( 0.9771881260227712751, 0.2123755314533780914, 3.426549688675537735E-15 ) ) ;
#5434 =( GEOMETRIC_REPRESENTATION_CONTEXT ( 3 ) GLOBAL_UNCERTAINTY_ASSIGNED_CONTEXT ( ( #1044 ) ) GLOBAL_UNIT_ASSIGNED_CONTEXT ( ( #3332, #1221, #215 ) ) REPRESENTATION_CONTEXT ( 'NONE', 'WORKASPACE' ) );
#5435 = MECHANICAL_DESIGN_GEOMETRIC_PRESENTATION_REPRESENTATION (  '', ( #73 ), #2298 ) ;
#5436 = STYLED_ITEM ( 'NONE', ( #2773 ), #3005 ) ;
#5437 = SURFACE_STYLE_USAGE ( .BOTH. , #5405 ) ;
#5438 = STYLED_ITEM ( 'NONE', ( #2142 ), #5315 ) ;
#5439 = CARTESIAN_POINT ( 'NONE',  ( -2.833845565466065697, -0.6158890412148082527, 8.850125019536990933 ) ) ;
#5440 = CYLINDRICAL_SURFACE ( 'NONE', #1480, 0.2000000000000000111 ) ;
#5441 = DIRECTION ( 'NONE',  ( 3.225526565811033815E-15, 1.336570354578135212E-15, -1.000000000000000000 ) ) ;
#5442 = CARTESIAN_POINT ( 'NONE',  ( 3.846204711232323324E-14, 1.593762472509441438E-14, -12.22604166667300163 ) ) ;
#5443 = ADVANCED_FACE ( 'NONE', ( #1159 ), #1009, .F. ) ;
#5444 = CARTESIAN_POINT ( 'NONE',  ( 4.543924786005883121, 0.9875462212582067911, 0.7500000000007743806 ) ) ;
#5445 = CARTESIAN_POINT ( 'NONE',  ( -4.221891791817772521, -1.749436966042022146, 0.3999999999999845901 ) ) ;
#5446 = CARTESIAN_POINT ( 'NONE',  ( 0.7544667453598543627, 2.547627526998222258, 1.687500000000006661 ) ) ;
#5447 = DIRECTION ( 'NONE',  ( -3.225526565811033815E-15, -1.336570354578135212E-15, 1.000000000000000000 ) ) ;
#5448 = VERTEX_POINT ( 'NONE', #1278 ) ;
#5449 = LINE ( 'NONE', #2824, #3303 ) ;
#5450 = ORIENTED_EDGE ( 'NONE', *, *, #5420, .T. ) ;
#5451 = DIRECTION ( 'NONE',  ( -0.9238275255624819327, -0.3828089641232319540, -3.491481338843134144E-15 ) ) ;
#5452 = FACE_OUTER_BOUND ( 'NONE', #4689, .T. ) ;
#5453 = FILL_AREA_STYLE_COLOUR ( '', #301 ) ;
#5454 = VERTEX_POINT ( 'NONE', #1361 ) ;
#5455 = LINE ( 'NONE', #4178, #3890 ) ;
#5456 = EDGE_CURVE ( 'NONE', #4126, #4510, #2124, .T. ) ;
#5457 = COLOUR_RGB ( '',0.9686274509803921573, 0.8784313725490195957, 0.5999999999999999778 ) ;
#5458 = ORIENTED_EDGE ( 'NONE', *, *, #3514, .T. ) ;
#5459 = CARTESIAN_POINT ( 'NONE',  ( -2.833845565466062144, -0.6158890412148069204, 7.850125019536989157 ) ) ;
#5460 = EDGE_LOOP ( 'NONE', ( #3463, #1046, #1287 ) ) ;
#5461 = FILL_AREA_STYLE_COLOUR ( '', #4139 ) ;
#5462 = CYLINDRICAL_SURFACE ( 'NONE', #4631, 0.5600000000000000533 ) ;
#5463 = DIRECTION ( 'NONE',  ( 3.225526565811033815E-15, 1.336570354578135212E-15, -1.000000000000000000 ) ) ;
#5464 = EDGE_LOOP ( 'NONE', ( #3186, #2786, #3793, #1618 ) ) ;
#5465 = STYLED_ITEM ( 'NONE', ( #4930 ), #4550 ) ;
#5466 =( GEOMETRIC_REPRESENTATION_CONTEXT ( 3 ) GLOBAL_UNCERTAINTY_ASSIGNED_CONTEXT ( ( #3704 ) ) GLOBAL_UNIT_ASSIGNED_CONTEXT ( ( #848, #2595, #3605 ) ) REPRESENTATION_CONTEXT ( 'NONE', 'WORKASPACE' ) );
#5467 = CARTESIAN_POINT ( 'NONE',  ( 3.846204711232323324E-14, 1.593762472509441438E-14, -12.22604166667300163 ) ) ;
#5468 = UNCERTAINTY_MEASURE_WITH_UNIT (LENGTH_MEASURE( 1.000000000000000082E-05 ), #2129, 'distance_accuracy_value', 'NONE');
#5469 = FILL_AREA_STYLE_COLOUR ( '', #2758 ) ;
#5470 = SURFACE_STYLE_FILL_AREA ( #1888 ) ;
#5471 = ORIENTED_EDGE ( 'NONE', *, *, #788, .F. ) ;
#5472 = SURFACE_STYLE_FILL_AREA ( #4186 ) ;
#5473 = EDGE_LOOP ( 'NONE', ( #5471, #4697, #2229, #4827 ) ) ;
#5474 = UNCERTAINTY_MEASURE_WITH_UNIT (LENGTH_MEASURE( 1.000000000000000082E-05 ), #3321, 'distance_accuracy_value', 'NONE');
#5475 = DIRECTION ( 'NONE',  ( -0.9771881260227711641, -0.2123755314533780914, -3.469446951953613006E-15 ) ) ;
#5476 = AXIS2_PLACEMENT_3D ( 'NONE', #5719, #3535, #5293 ) ;
#5477 =( LENGTH_UNIT ( ) NAMED_UNIT ( * ) SI_UNIT ( .MILLI., .METRE. ) );
#5478 = EDGE_CURVE ( 'NONE', #1052, #403, #823, .T. ) ;
#5479 = CARTESIAN_POINT ( 'NONE',  ( 1.117069049143135429, 2.697880045416593209, -0.2031249999999915068 ) ) ;
#5480 = SURFACE_STYLE_FILL_AREA ( #2414 ) ;
#5481 = FILL_AREA_STYLE_COLOUR ( '', #2555 ) ;
#5482 = EDGE_LOOP ( 'NONE', ( #3046, #5220, #95, #3819 ) ) ;
#5483 = DIRECTION ( 'NONE',  ( 0.3828089641232319540, -0.9238275255624818216, 0.000000000000000000 ) ) ;
#5484 = DIRECTION ( 'NONE',  ( -0.6104445828554163622, -0.1326699427206652626, 0.7808688094430280557 ) ) ;
#5485 = DIRECTION ( 'NONE',  ( -0.9771881260227710531, -0.2123755314533780914, -3.589083053745116929E-15 ) ) ;
#5486 = ORIENTED_EDGE ( 'NONE', *, *, #2855, .F. ) ;
#5487 =( NAMED_UNIT ( * ) PLANE_ANGLE_UNIT ( ) SI_UNIT ( $, .RADIAN. ) );
#5488 = UNCERTAINTY_MEASURE_WITH_UNIT (LENGTH_MEASURE( 1.000000000000000082E-05 ), #1040, 'distance_accuracy_value', 'NONE');
#5489 = CARTESIAN_POINT ( 'NONE',  ( -1.117069049136667491, -2.697880045413913130, -6.071532165918824830E-15 ) ) ;
#5490 = EDGE_LOOP ( 'NONE', ( #5282, #1722, #2439, #5214 ) ) ;
#5491 = DIRECTION ( 'NONE',  ( 0.6104445828554163622, 0.1326699427206652626, -0.7808688094430280557 ) ) ;
#5492 = PRESENTATION_STYLE_ASSIGNMENT (( #2505 ) ) ;
#5493 = EDGE_CURVE ( 'NONE', #1600, #5031, #4164, .T. ) ;
#5494 = DIRECTION ( 'NONE',  ( -0.9238275255624819327, -0.3828089641232319540, -3.036715056414541073E-15 ) ) ;
#5495 = DIRECTION ( 'NONE',  ( -0.3828089641232320095, 0.9238275255624819327, 0.000000000000000000 ) ) ;
#5496 = CARTESIAN_POINT ( 'NONE',  ( -3.205170592693602901E-15, -1.328135393757867865E-15, 0.8000000000000003775 ) ) ;
#5497 = EDGE_CURVE ( 'NONE', #3067, #597, #356, .T. ) ;
#5498 = DIRECTION ( 'NONE',  ( 0.9238275255624819327, 0.3828089641232318430, 3.491481338843133355E-15 ) ) ;
#5499 = DIRECTION ( 'NONE',  ( -3.225526565811033815E-15, -1.336570354578135212E-15, 1.000000000000000000 ) ) ;
#5500 =( GEOMETRIC_REPRESENTATION_CONTEXT ( 3 ) GLOBAL_UNCERTAINTY_ASSIGNED_CONTEXT ( ( #2625 ) ) GLOBAL_UNIT_ASSIGNED_CONTEXT ( ( #5546, #1643, #2498 ) ) REPRESENTATION_CONTEXT ( 'NONE', 'WORKASPACE' ) );
#5501 = EDGE_LOOP ( 'NONE', ( #1862, #482, #283, #1185 ) ) ;
#5502 = SURFACE_SIDE_STYLE ('',( #4999 ) ) ;
#5503 = CARTESIAN_POINT ( 'NONE',  ( 1.117069049143130544, 2.697880045416591432, 1.520000000000008233 ) ) ;
#5504 = FILL_AREA_STYLE_COLOUR ( '', #4890 ) ;
#5505 = DIRECTION ( 'NONE',  ( 3.225526565811033815E-15, 1.336570354578135212E-15, -1.000000000000000000 ) ) ;
#5506 = MECHANICAL_DESIGN_GEOMETRIC_PRESENTATION_REPRESENTATION (  '', ( #5687 ), #2834 ) ;
#5507 = SURFACE_SIDE_STYLE ('',( #4252 ) ) ;
#5508 = COLOUR_RGB ( '',0.2235294117647058654, 0.2235294117647058654, 0.2235294117647058654 ) ;
#5509 = STYLED_ITEM ( 'NONE', ( #3154 ), #1866 ) ;
#5510 = DIRECTION ( 'NONE',  ( -3.225526565811033815E-15, -1.336570354578135212E-15, 1.000000000000000000 ) ) ;
#5511 = VERTEX_POINT ( 'NONE', #3938 ) ;
#5512 = DIRECTION ( 'NONE',  ( 3.225526565811033815E-15, 1.336570354578135212E-15, -1.000000000000000000 ) ) ;
#5513 = CIRCLE ( 'NONE', #2847, 1.950000000000000400 ) ;
#5514 = DIRECTION ( 'NONE',  ( 0.9238275255624818216, 0.3828089641232319540, 3.491481338843132566E-15 ) ) ;
#5515 =( NAMED_UNIT ( * ) PLANE_ANGLE_UNIT ( ) SI_UNIT ( $, .RADIAN. ) );
#5516 =( GEOMETRIC_REPRESENTATION_CONTEXT ( 3 ) GLOBAL_UNCERTAINTY_ASSIGNED_CONTEXT ( ( #5403 ) ) GLOBAL_UNIT_ASSIGNED_CONTEXT ( ( #653, #4648, #3219 ) ) REPRESENTATION_CONTEXT ( 'NONE', 'WORKASPACE' ) );
#5517 = EDGE_LOOP ( 'NONE', ( #3739, #3159 ) ) ;
#5518 = AXIS2_PLACEMENT_3D ( 'NONE', #1192, #4696, #3464 ) ;
#5519 =( GEOMETRIC_REPRESENTATION_CONTEXT ( 3 ) GLOBAL_UNCERTAINTY_ASSIGNED_CONTEXT ( ( #4035 ) ) GLOBAL_UNIT_ASSIGNED_CONTEXT ( ( #88, #684, #112 ) ) REPRESENTATION_CONTEXT ( 'NONE', 'WORKASPACE' ) );
#5520 = COLOUR_RGB ( '',0.2235294117647058654, 0.2235294117647058654, 0.2235294117647058654 ) ;
#5521 = AXIS2_PLACEMENT_3D ( 'NONE', #4171, #1955, #1527 ) ;
#5522 = CIRCLE ( 'NONE', #3207, 0.2250000000000000888 ) ;
#5523 = DIRECTION ( 'NONE',  ( -0.1128660716762188709, 0.9936102102255082169, 9.608356233186639211E-16 ) ) ;
#5524 =( NAMED_UNIT ( * ) PLANE_ANGLE_UNIT ( ) SI_UNIT ( $, .RADIAN. ) );
#5525 = MECHANICAL_DESIGN_GEOMETRIC_PRESENTATION_REPRESENTATION (  '', ( #3869 ), #1836 ) ;
#5526 = PRESENTATION_LAYER_ASSIGNMENT (  '', '', ( #3599 ) ) ;
#5527 = MECHANICAL_DESIGN_GEOMETRIC_PRESENTATION_REPRESENTATION (  '', ( #733 ), #2560 ) ;
#5528 = AXIS2_PLACEMENT_3D ( 'NONE', #2324, #625, #4105 ) ;
#5529 = DIRECTION ( 'NONE',  ( 3.225526565811032632E-15, 1.336570354578134817E-15, -1.000000000000000000 ) ) ;
#5530 = COLOUR_RGB ( '',0.2235294117647058654, 0.2235294117647058654, 0.2235294117647058654 ) ;
#5531 = DIRECTION ( 'NONE',  ( -0.9238275255624818216, -0.3828089641232322871, -3.491481338843132961E-15 ) ) ;
#5532 = ORIENTED_EDGE ( 'NONE', *, *, #3331, .F. ) ;
#5533 = DIRECTION ( 'NONE',  ( -3.225526565811033815E-15, -1.336570354578135212E-15, 1.000000000000000000 ) ) ;
#5534 = CARTESIAN_POINT ( 'NONE',  ( 1.117069049144058690, 2.697880045416976014, 7.806255641895631925E-15 ) ) ;
#5535 = VECTOR ( 'NONE', #3116, 1000.000000000000000 ) ;
#5536 = DIRECTION ( 'NONE',  ( -0.9238275255624819327, -0.3828089641232319540, -3.491481338843133750E-15 ) ) ;
#5537 = ADVANCED_FACE ( 'NONE', ( #5659 ), #1567, .F. ) ;
#5538 = MECHANICAL_DESIGN_GEOMETRIC_PRESENTATION_REPRESENTATION (  '', ( #1752 ), #5434 ) ;
#5539 = ORIENTED_EDGE ( 'NONE', *, *, #4734, .T. ) ;
#5540 = UNCERTAINTY_MEASURE_WITH_UNIT (LENGTH_MEASURE( 1.000000000000000082E-05 ), #4480, 'distance_accuracy_value', 'NONE');
#5541 = FILL_AREA_STYLE ('',( #2460 ) ) ;
#5542 = DIRECTION ( 'NONE',  ( 0.9771881260227711641, 0.2123755314533780914, 3.435801099659908788E-15 ) ) ;
#5543 =( NAMED_UNIT ( * ) SI_UNIT ( $, .STERADIAN. ) SOLID_ANGLE_UNIT ( ) );
#5544 = DIRECTION ( 'NONE',  ( 0.9238275255624818216, 0.3828089641232322871, 3.491481338843132961E-15 ) ) ;
#5545 = CARTESIAN_POINT ( 'NONE',  ( -1.117069049136667491, -2.697880045413913130, -0.1000000000000063338 ) ) ;
#5546 =( LENGTH_UNIT ( ) NAMED_UNIT ( * ) SI_UNIT ( .MILLI., .METRE. ) );
#5547 = CARTESIAN_POINT ( 'NONE',  ( -1.635145589552059686, 2.483203354734584423, 1.519999999999998685 ) ) ;
#5548 = VERTEX_POINT ( 'NONE', #5713 ) ;
#5549 = CARTESIAN_POINT ( 'NONE',  ( -3.525687651962963310E-14, -1.460948933133654731E-14, 10.75000095477000173 ) ) ;
#5550 = CARTESIAN_POINT ( 'NONE',  ( 3.071726522495236811, 1.272839805709739869, 4.849999999997010036 ) ) ;
#5551 = EDGE_LOOP ( 'NONE', ( #574, #5108, #2574, #771 ) ) ;
#5552 = FILL_AREA_STYLE_COLOUR ( '', #2120 ) ;
#5553 = ORIENTED_EDGE ( 'NONE', *, *, #1019, .F. ) ;
#5554 = CARTESIAN_POINT ( 'NONE',  ( -1.117802175237070150, 2.697576374643595010, 1.520000000000000462 ) ) ;
#5555 = ADVANCED_FACE ( 'NONE', ( #2108, #1247, #1768, #3530, #1338 ), #3085, .T. ) ;
#5556 = ORIENTED_EDGE ( 'NONE', *, *, #1324, .T. ) ;
#5557 = CARTESIAN_POINT ( 'NONE',  ( -1.117802175237071705, 2.697576374643594566, 1.920000000000000595 ) ) ;
#5558 = VECTOR ( 'NONE', #5367, 1000.000000000000000 ) ;
#5559 = EDGE_CURVE ( 'NONE', #3951, #878, #437, .T. ) ;
#5560 = FILL_AREA_STYLE ('',( #2454 ) ) ;
#5561 = SURFACE_SIDE_STYLE ('',( #709 ) ) ;
#5562 = MECHANICAL_DESIGN_GEOMETRIC_PRESENTATION_REPRESENTATION (  '', ( #2594 ), #949 ) ;
#5563 = ORIENTED_EDGE ( 'NONE', *, *, #4900, .T. ) ;
#5564 = CARTESIAN_POINT ( 'NONE',  ( -0.8802965778742558589, 4.050444782364386320, 0.7500000000000024425 ) ) ;
#5565 =( NAMED_UNIT ( * ) PLANE_ANGLE_UNIT ( ) SI_UNIT ( $, .RADIAN. ) );
#5566 =( NAMED_UNIT ( * ) SI_UNIT ( $, .STERADIAN. ) SOLID_ANGLE_UNIT ( ) );
#5567 = VERTEX_POINT ( 'NONE', #1817 ) ;
#5568 = VECTOR ( 'NONE', #5351, 1000.000000000000000 ) ;
#5569 = ADVANCED_FACE ( 'NONE', ( #1524 ), #642, .T. ) ;
#5570 = AXIS2_PLACEMENT_3D ( 'NONE', #4068, #5463, #1969 ) ;
#5571 = CARTESIAN_POINT ( 'NONE',  ( 0.3995192101616004687, 4.724056988609533825, 0.4000000000000080158 ) ) ;
#5572 = SURFACE_STYLE_USAGE ( .BOTH. , #4282 ) ;
#5573 =( NAMED_UNIT ( * ) SI_UNIT ( $, .STERADIAN. ) SOLID_ANGLE_UNIT ( ) );
#5574 = ADVANCED_FACE ( 'NONE', ( #2577 ), #4684, .T. ) ;
#5575 = VERTEX_POINT ( 'NONE', #1259 ) ;
#5576 = SURFACE_STYLE_FILL_AREA ( #1657 ) ;
#5577 = VERTEX_POINT ( 'NONE', #1171 ) ;
#5578 = PRESENTATION_STYLE_ASSIGNMENT (( #5630 ) ) ;
#5579 = FILL_AREA_STYLE_COLOUR ( '', #1779 ) ;
#5580 = DIRECTION ( 'NONE',  ( -3.225526565811033815E-15, -1.336570354578135212E-15, 1.000000000000000000 ) ) ;
#5581 = ORIENTED_EDGE ( 'NONE', *, *, #2052, .F. ) ;
#5582 = AXIS2_PLACEMENT_3D ( 'NONE', #1532, #3351, #1102 ) ;
#5583 = SURFACE_STYLE_FILL_AREA ( #1587 ) ;
#5584 = EDGE_CURVE ( 'NONE', #5301, #2843, #1381, .T. ) ;
#5585 = UNCERTAINTY_MEASURE_WITH_UNIT (LENGTH_MEASURE( 1.000000000000000082E-05 ), #1893, 'distance_accuracy_value', 'NONE');
#5586 = FILL_AREA_STYLE ('',( #285 ) ) ;
#5587 = DIRECTION ( 'NONE',  ( -3.225526565811033815E-15, -1.336570354578135212E-15, 1.000000000000000000 ) ) ;
#5588 = DIRECTION ( 'NONE',  ( -0.6104445828554113662, -0.1326699427206631254, -0.7808688094430323856 ) ) ;
#5589 = MANIFOLD_SOLID_BREP ( '实体-移动/复制3[5]', #808 ) ;
#5590 = EDGE_CURVE ( 'NONE', #4382, #4922, #1834, .T. ) ;
#5591 =( NAMED_UNIT ( * ) PLANE_ANGLE_UNIT ( ) SI_UNIT ( $, .RADIAN. ) );
#5592 = PRESENTATION_LAYER_ASSIGNMENT (  '', '', ( #1262 ) ) ;
#5593 = PRESENTATION_STYLE_ASSIGNMENT (( #5572 ) ) ;
#5594 = AXIS2_PLACEMENT_3D ( 'NONE', #281, #2056, #5536 ) ;
#5595 = ORIENTED_EDGE ( 'NONE', *, *, #5657, .T. ) ;
#5596 = CARTESIAN_POINT ( 'NONE',  ( 2.681042192326089262E-12, 1.111185580040499687E-12, 28.41036291266999569 ) ) ;
#5597 = MECHANICAL_DESIGN_GEOMETRIC_PRESENTATION_REPRESENTATION (  '', ( #4136 ), #3387 ) ;
#5598 = EDGE_CURVE ( 'NONE', #55, #597, #4329, .T. ) ;
#5599 = COLOUR_RGB ( '',0.8509803921568627194, 0.8509803921568627194, 0.8509803921568627194 ) ;
#5600 = CLOSED_SHELL ( 'NONE', ( #3366, #463, #4956, #3005 ) ) ;
#5601 = COLOUR_RGB ( '',0.7921568627450980005, 0.8196078431372548767, 0.9333333333333333481 ) ;
#5602 =( GEOMETRIC_REPRESENTATION_CONTEXT ( 3 ) GLOBAL_UNCERTAINTY_ASSIGNED_CONTEXT ( ( #5018 ) ) GLOBAL_UNIT_ASSIGNED_CONTEXT ( ( #2462, #3835, #2086 ) ) REPRESENTATION_CONTEXT ( 'NONE', 'WORKASPACE' ) );
#5603 = ORIENTED_EDGE ( 'NONE', *, *, #173, .T. ) ;
#5604 = DIRECTION ( 'NONE',  ( -0.9238275255624818216, -0.3828089641232319540, -3.391188750029847752E-15 ) ) ;
#5605 = AXIS2_PLACEMENT_3D ( 'NONE', #3699, #1872, #2354 ) ;
#5606 = VECTOR ( 'NONE', #974, 1000.000000000000000 ) ;
#5607 = FILL_AREA_STYLE_COLOUR ( '', #2927 ) ;
#5608 = STYLED_ITEM ( 'NONE', ( #5593 ), #2593 ) ;
#5609 = DIRECTION ( 'NONE',  ( -3.225526565811033815E-15, -1.336570354578135212E-15, 1.000000000000000000 ) ) ;
#5610 = CARTESIAN_POINT ( 'NONE',  ( -1.117802175237065265, 2.697576374643597230, 8.673617379884035472E-16 ) ) ;
#5611 = VERTEX_POINT ( 'NONE', #2085 ) ;
#5612 = EDGE_LOOP ( 'NONE', ( #4588, #3092, #4485, #1899 ) ) ;
#5613 = AXIS2_PLACEMENT_3D ( 'NONE', #5139, #376, #3815 ) ;
#5614 = PRESENTATION_LAYER_ASSIGNMENT (  '', '', ( #339 ) ) ;
#5615 = VERTEX_POINT ( 'NONE', #967 ) ;
#5616 = TOROIDAL_SURFACE ( 'NONE', #3881, 0.4000000000000000222, 0.2031250000000000000 ) ;
#5617 =( GEOMETRIC_REPRESENTATION_CONTEXT ( 3 ) GLOBAL_UNCERTAINTY_ASSIGNED_CONTEXT ( ( #3287 ) ) GLOBAL_UNIT_ASSIGNED_CONTEXT ( ( #909, #2170, #3948 ) ) REPRESENTATION_CONTEXT ( 'NONE', 'WORKASPACE' ) );
#5618 = FILL_AREA_STYLE ('',( #370 ) ) ;
#5619 = AXIS2_PLACEMENT_3D ( 'NONE', #1397, #930, #3597 ) ;
#5620 = CYLINDRICAL_SURFACE ( 'NONE', #5244, 0.2250000000000000888 ) ;
#5621 = EDGE_CURVE ( 'NONE', #3727, #5395, #4526, .T. ) ;
#5622 = CARTESIAN_POINT ( 'NONE',  ( 0.1993561046226618172, 5.130027135551841866, 0.4000000000000080158 ) ) ;
#5623 = DIRECTION ( 'NONE',  ( 3.225526565811033815E-15, 1.336570354578135212E-15, -1.000000000000000000 ) ) ;
#5624 = FACE_BOUND ( 'NONE', #3390, .T. ) ;
#5625 = CARTESIAN_POINT ( 'NONE',  ( -2.083360885250841669E-14, -8.632880059426142307E-15, 6.200000000000001954 ) ) ;
#5626 = ORIENTED_EDGE ( 'NONE', *, *, #4369, .T. ) ;
#5627 = PRESENTATION_LAYER_ASSIGNMENT (  '', '', ( #1940 ) ) ;
#5628 =( NAMED_UNIT ( * ) PLANE_ANGLE_UNIT ( ) SI_UNIT ( $, .RADIAN. ) );
#5629 = ORIENTED_EDGE ( 'NONE', *, *, #3946, .T. ) ;
#5630 = SURFACE_STYLE_USAGE ( .BOTH. , #2043 ) ;
#5631 = DIRECTION ( 'NONE',  ( 3.225526565811033815E-15, 1.336570354578135212E-15, -1.000000000000000000 ) ) ;
#5632 = EDGE_CURVE ( 'NONE', #364, #4917, #3126, .T. ) ;
#5633 = PRESENTATION_STYLE_ASSIGNMENT (( #3060 ) ) ;
#5634 = CYLINDRICAL_SURFACE ( 'NONE', #4958, 3.850000000000001421 ) ;
#5635 = ORIENTED_EDGE ( 'NONE', *, *, #2689, .F. ) ;
#5636 = VERTEX_POINT ( 'NONE', #4879 ) ;
#5637 = AXIS2_PLACEMENT_3D ( 'NONE', #1100, #1898, #2892 ) ;
#5638 = VERTEX_POINT ( 'NONE', #4851 ) ;
#5639 = UNCERTAINTY_MEASURE_WITH_UNIT (LENGTH_MEASURE( 1.000000000000000082E-05 ), #5007, 'distance_accuracy_value', 'NONE');
#5640 = FACE_OUTER_BOUND ( 'NONE', #5473, .T. ) ;
#5641 = DIRECTION ( 'NONE',  ( -3.225526565811033815E-15, -1.336570354578135212E-15, 1.000000000000000000 ) ) ;
#5642 = SURFACE_SIDE_STYLE ('',( #4685 ) ) ;
#5643 = ORIENTED_EDGE ( 'NONE', *, *, #876, .T. ) ;
#5644 = AXIS2_PLACEMENT_3D ( 'NONE', #658, #196, #2570 ) ;
#5645 = CARTESIAN_POINT ( 'NONE',  ( -3.525687651962963310E-14, -1.460948933133654731E-14, 11.00000047737999864 ) ) ;
#5646 = AXIS2_PLACEMENT_3D ( 'NONE', #5545, #290, #3836 ) ;
#5647 = EDGE_CURVE ( 'NONE', #5650, #1186, #4993, .T. ) ;
#5648 = DIRECTION ( 'NONE',  ( -0.9238275255624818216, -0.3828089641232321760, -3.491481338843130989E-15 ) ) ;
#5649 =( GEOMETRIC_REPRESENTATION_CONTEXT ( 3 ) GLOBAL_UNCERTAINTY_ASSIGNED_CONTEXT ( ( #4632 ) ) GLOBAL_UNIT_ASSIGNED_CONTEXT ( ( #327, #357, #2592 ) ) REPRESENTATION_CONTEXT ( 'NONE', 'WORKASPACE' ) );
#5650 = VERTEX_POINT ( 'NONE', #4013 ) ;
#5651 = SURFACE_STYLE_FILL_AREA ( #3405 ) ;
#5652 = EDGE_LOOP ( 'NONE', ( #3540, #5297 ) ) ;
#5653 = CARTESIAN_POINT ( 'NONE',  ( 1.117802175242610163, -2.697576374641298624, 0.1499999999999999667 ) ) ;
#5654 = CIRCLE ( 'NONE', #3445, 0.5600000000000001643 ) ;
#5655 =( LENGTH_UNIT ( ) NAMED_UNIT ( * ) SI_UNIT ( .MILLI., .METRE. ) );
#5656 = MANIFOLD_SOLID_BREP ( '实体-移动/复制3[8]', #1177 ) ;
#5657 = EDGE_CURVE ( 'NONE', #2202, #1052, #2687, .T. ) ;
#5658 = DIRECTION ( 'NONE',  ( -0.9238275255624820437, -0.3828089641232315654, -3.493540333564404798E-15 ) ) ;
#5659 = FACE_OUTER_BOUND ( 'NONE', #487, .T. ) ;
#5660 = COLOUR_RGB ( '',0.2235294117647058654, 0.2235294117647058654, 0.2235294117647058654 ) ;
#5661 = CYLINDRICAL_SURFACE ( 'NONE', #3582, 0.2250000000000000888 ) ;
#5662 = CARTESIAN_POINT ( 'NONE',  ( -1.117802175237065265, 2.697576374643597230, -0.2031249999999993061 ) ) ;
#5663 = CARTESIAN_POINT ( 'NONE',  ( -0.5997256348235293633, -2.483507025505670818, 1.519999999999995355 ) ) ;
#5664 = ORIENTED_EDGE ( 'NONE', *, *, #5063, .T. ) ;
#5665 = VERTEX_POINT ( 'NONE', #3570 ) ;
#5666 = EDGE_CURVE ( 'NONE', #5567, #1584, #3036, .T. ) ;
#5667 = DIRECTION ( 'NONE',  ( -0.9771881260227712751, -0.2123755314533780914, -3.435801099659910366E-15 ) ) ;
#5668 = CARTESIAN_POINT ( 'NONE',  ( -1.117069049136673042, -2.697880045413915351, 1.687499999999993783 ) ) ;
#5669 = DIRECTION ( 'NONE',  ( -0.9238275255624818216, -0.3828089641232319540, -3.130328076950628664E-15 ) ) ;
#5670 =( NAMED_UNIT ( * ) SI_UNIT ( $, .STERADIAN. ) SOLID_ANGLE_UNIT ( ) );
#5671 = DIRECTION ( 'NONE',  ( -0.9238275255624818216, -0.3828089641232323981, -3.484935554417691866E-15 ) ) ;
#5672 = CARTESIAN_POINT ( 'NONE',  ( 1.634412463459049780, 2.912253065325986601, 9.540979117872439019E-15 ) ) ;
#5673 = ORIENTED_EDGE ( 'NONE', *, *, #2227, .F. ) ;
#5674 = TOROIDAL_SURFACE ( 'NONE', #710, 3.649999999999999911, 0.2000000000000000111 ) ;
#5675 = SURFACE_STYLE_USAGE ( .BOTH. , #355 ) ;
#5676 = CARTESIAN_POINT ( 'NONE',  ( 2.772389554217856756E-12, 1.149037438762598969E-12, -1.040834085586084257E-14 ) ) ;
#5677 = EDGE_CURVE ( 'NONE', #2825, #718, #1200, .T. ) ;
#5678 = FILL_AREA_STYLE ('',( #5178 ) ) ;
#5679 = PRESENTATION_LAYER_ASSIGNMENT (  '', '', ( #5509 ) ) ;
#5680 = AXIS2_PLACEMENT_3D ( 'NONE', #5212, #3194, #1251 ) ;
#5681 = FILL_AREA_STYLE_COLOUR ( '', #1903 ) ;
#5682 = CARTESIAN_POINT ( 'NONE',  ( -3.418161844581204978, -1.416393167255967755, 6.599999999999987210 ) ) ;
#5683 = MANIFOLD_SOLID_BREP ( '实体-移动/复制3[9]', #2457 ) ;
#5684 = MECHANICAL_DESIGN_GEOMETRIC_PRESENTATION_REPRESENTATION (  '', ( #3018 ), #2283 ) ;
#5685 = ORIENTED_EDGE ( 'NONE', *, *, #4859, .T. ) ;
#5686 = CIRCLE ( 'NONE', #325, 4.300000000000000711 ) ;
#5687 = STYLED_ITEM ( 'NONE', ( #5406 ), #569 ) ;
#5688 =( NAMED_UNIT ( * ) PLANE_ANGLE_UNIT ( ) SI_UNIT ( $, .RADIAN. ) );
#5689 = CIRCLE ( 'NONE', #728, 1.950000000000000400 ) ;
#5690 = UNCERTAINTY_MEASURE_WITH_UNIT (LENGTH_MEASURE( 1.000000000000000082E-05 ), #4265, 'distance_accuracy_value', 'NONE');
#5691 = PRESENTATION_STYLE_ASSIGNMENT (( #4473 ) ) ;
#5692 = TOROIDAL_SURFACE ( 'NONE', #3969, 0.3925000000000000155, 0.2368807716974999922 ) ;
#5693 = FILL_AREA_STYLE_COLOUR ( '', #3201 ) ;
#5694 = EDGE_LOOP ( 'NONE', ( #5008, #1077 ) ) ;
#5695 = AXIS2_PLACEMENT_3D ( 'NONE', #4795, #1147, #2084 ) ;
#5696 = ADVANCED_FACE ( 'NONE', ( #1973 ), #1377, .F. ) ;
#5697 = PRESENTATION_STYLE_ASSIGNMENT (( #2964 ) ) ;
#5698 = CIRCLE ( 'NONE', #533, 4.145000000000001350 ) ;
#5699 =( GEOMETRIC_REPRESENTATION_CONTEXT ( 3 ) GLOBAL_UNCERTAINTY_ASSIGNED_CONTEXT ( ( #4398 ) ) GLOBAL_UNIT_ASSIGNED_CONTEXT ( ( #5387, #3744, #84 ) ) REPRESENTATION_CONTEXT ( 'NONE', 'WORKASPACE' ) );
#5700 = AXIS2_PLACEMENT_3D ( 'NONE', #4430, #385, #2159 ) ;
#5701 = DIRECTION ( 'NONE',  ( -3.252606517456511724E-15, -1.084202172485503842E-15, 1.000000000000000000 ) ) ;
#5702 = AXIS2_PLACEMENT_3D ( 'NONE', #2627, #4407, #5322 ) ;
#5703 =( NAMED_UNIT ( * ) PLANE_ANGLE_UNIT ( ) SI_UNIT ( $, .RADIAN. ) );
#5704 = PRESENTATION_STYLE_ASSIGNMENT (( #4388 ) ) ;
#5705 = VERTEX_POINT ( 'NONE', #1914 ) ;
#5706 = DIRECTION ( 'NONE',  ( 3.225526565811032632E-15, 1.336570354578134817E-15, -1.000000000000000000 ) ) ;
#5707 = CARTESIAN_POINT ( 'NONE',  ( 0.5997256348281408966, 2.483507025507581734, 1.520000000000005791 ) ) ;
#5708 = FILL_AREA_STYLE ('',( #921 ) ) ;
#5709 = VERTEX_POINT ( 'NONE', #3684 ) ;
#5710 = CARTESIAN_POINT ( 'NONE',  ( -3.365429122328282987E-14, -1.394542163445761377E-14, 10.60006250976899800 ) ) ;
#5711 = MECHANICAL_DESIGN_GEOMETRIC_PRESENTATION_REPRESENTATION (  '', ( #1300 ), #1845 ) ;
#5712 = PRESENTATION_STYLE_ASSIGNMENT (( #3112 ) ) ;
#5713 = CARTESIAN_POINT ( 'NONE',  ( -1.634412463453504660, -2.912253065323688883, -8.673617379884035472E-15 ) ) ;
#5714 = DIRECTION ( 'NONE',  ( -0.9238275255624818216, -0.3828089641232319540, -3.491481338843134144E-15 ) ) ;
#5715 = UNCERTAINTY_MEASURE_WITH_UNIT (LENGTH_MEASURE( 1.000000000000000082E-05 ), #3783, 'distance_accuracy_value', 'NONE');
#5716 = CARTESIAN_POINT ( 'NONE',  ( -1.117069049136754533, -2.697880045413949102, 27.07046610168998413 ) ) ;
#5717 = ADVANCED_FACE ( 'NONE', ( #681 ), #5440, .T. ) ;
#5718 =( NAMED_UNIT ( * ) PLANE_ANGLE_UNIT ( ) SI_UNIT ( $, .RADIAN. ) );
#5719 = CARTESIAN_POINT ( 'NONE',  ( 4.729590529950181477, 1.027897572234336643, 9.670000000000019469 ) ) ;
#5720 = CARTESIAN_POINT ( 'NONE',  ( -1.602585296346801648E-14, -6.640676968789340115E-15, 4.849999999997000266 ) ) ;
ENDSEC;
END-ISO-10303-21;
