#VRML V2.0 utf8
# 3D model generated by kicad-lcsc-manager
# Based on easyeda2kicad.py v1.0.1

Shape{
    appearance Appearance {
        material  Material {
            diffuseColor 0.7764705882352941 0.7568627450980392 0.7372549019607844
            specularColor 0.38823529411764707 0.3764705882352941 0.3686274509803922
            ambientIntensity 0.7605
            transparency 0.0
            shininess 0.5
        }
    }
    geometry IndexedFaceSet {
        ccw TRUE
        solid FALSE
        coord DEF co Coordinate {
            point [
                -0.6959 -0.1076 -0.0014, -0.6965 -0.1062 -0.0014, -0.6951 -0.1056 0.0394, -0.7833 -0.043 -0.0014, -0.7845 -0.043 -0.0014, -0.7845 -0.0415 0.0394, -0.8383 -0.0573 -0.0014, -0.8392 -0.0579 -0.0014, -0.8399 -0.0567 0.0394, -0.8758 -0.1 -0.0014, -0.8761 -0.1008 -0.0014, -0.8775 -0.1002 0.0394, -0.883 -0.1563 -0.0014, -0.8828 -0.1571 -0.0014, -0.8843 -0.1573 0.0394, -0.8574 -0.207 -0.0014, -0.857 -0.2075 -0.0014, -0.858 -0.2085 0.0394, -0.8078 -0.2347 -0.0014, -0.8074 -0.2348 -0.0014, -0.8077 -0.2362 0.0394, -0.7512 -0.2299 -0.0014, -0.751 -0.2298 -0.0014, -0.7504 -0.2311 0.0394, -0.707 -0.1942 -0.0014, -0.707 -0.1941 -0.0014, -0.7058 -0.1949 0.0394, -0.6917 -0.163 0.0394, -0.6932 -0.1627 -0.0014, -0.6897 -0.1516 0.0394, -0.6918 -0.1563 -0.0014, -0.6951 -0.1742 0.0394, -0.6965 -0.1737 -0.0014, -0.6959 -0.1722 -0.0014, -0.6935 -0.1644 -0.0014, -0.699 -0.1799 -0.0014, -0.6998 -0.1849 0.0394, -0.7012 -0.1842 -0.0014, -0.7027 -0.1872 -0.0014, -0.7119 -0.2009 -0.0014, -0.7128 -0.2042 0.0394, -0.714 -0.2032 -0.0014, -0.73 -0.2199 0.0394, -0.7309 -0.2187 -0.0014, -0.7297 -0.2179 -0.0014, -0.721 -0.2125 0.0394, -0.7233 -0.2127 -0.0014, -0.722 -0.2114 -0.0014, -0.7174 -0.207 -0.0014, -0.7365 -0.2225 -0.0014, -0.7399 -0.2261 0.0394, -0.7406 -0.2248 -0.0014, -0.7437 -0.2265 -0.0014, -0.759 -0.2327 -0.0014, -0.7615 -0.2349 0.0394, -0.7619 -0.2334 -0.0014, -0.7845 -0.2383 0.0394, -0.7845 -0.2368 -0.0014, -0.7833 -0.2368 -0.0014, -0.7729 -0.2373 0.0394, -0.7751 -0.2361 -0.0014, -0.7731 -0.2358 -0.0014, -0.767 -0.2347 -0.0014, -0.7915 -0.2368 -0.0014, -0.7961 -0.238 0.0394, -0.796 -0.2365 -0.0014, -0.7997 -0.2361 -0.0014, -0.8158 -0.2327 -0.0014, -0.8189 -0.2332 0.0394, -0.8184 -0.2317 -0.0014, -0.8399 -0.2231 0.0394, -0.8392 -0.2219 -0.0014, -0.8383 -0.2225 -0.0014, -0.8297 -0.2288 0.0394, -0.8311 -0.2265 -0.0014, -0.8291 -0.2274 -0.0014, -0.8236 -0.2299 -0.0014, -0.8451 -0.2179 -0.0014, -0.8494 -0.2163 0.0394, -0.8485 -0.2152 -0.0014, -0.8515 -0.2127 -0.0014, -0.8629 -0.2009 -0.0014, -0.8656 -0.1996 0.0394, -0.8644 -0.1987 -0.0014, -0.8775 -0.1796 0.0394, -0.8761 -0.179 -0.0014, -0.8758 -0.1799 -0.0014, -0.8721 -0.19 0.0394, -0.8721 -0.1872 -0.0014, -0.8709 -0.1892 -0.0014, -0.8678 -0.1942 -0.0014, -0.8789 -0.1722 -0.0014, -0.8815 -0.1687 0.0394, -0.8801 -0.1682 -0.0014, -0.8813 -0.1644 -0.0014, -0.8841 -0.1481 -0.0014, -0.8857 -0.1457 0.0394, -0.8842 -0.1457 -0.0014, -0.8843 -0.1225 0.0394, -0.8828 -0.1228 -0.0014, -0.883 -0.1235 -0.0014, -0.8857 -0.1341 0.0394, -0.8841 -0.1317 -0.0014, -0.8842 -0.1342 -0.0014, -0.8844 -0.1399 -0.0014, -0.8813 -0.1155 -0.0014, -0.8815 -0.1112 0.0394, -0.8801 -0.1116 -0.0014, -0.8789 -0.1076 -0.0014, -0.8721 -0.0926 -0.0014, -0.8721 -0.0899 0.0394, -0.8709 -0.0906 -0.0014, -0.8678 -0.0856 -0.0014, -0.8656 -0.0802 0.0394, -0.8644 -0.0811 -0.0014, -0.858 -0.0714 0.0394, -0.857 -0.0724 -0.0014, -0.8574 -0.0728 -0.0014, -0.8629 -0.079 -0.0014, -0.8515 -0.0671 -0.0014, -0.8494 -0.0635 0.0394, -0.8485 -0.0647 -0.0014, -0.8451 -0.0619 -0.0014, -0.8311 -0.0533 -0.0014, -0.8297 -0.0511 0.0394, -0.8291 -0.0524 -0.0014, -0.8236 -0.0499 -0.0014, -0.8189 -0.0467 0.0394, -0.8184 -0.0481 -0.0014, -0.8077 -0.0436 0.0394, -0.8074 -0.045 -0.0014, -0.8078 -0.0451 -0.0014, -0.8158 -0.0472 -0.0014, -0.7997 -0.0437 -0.0014, -0.7961 -0.0419 0.0394, -0.796 -0.0434 -0.0014, -0.7915 -0.043 -0.0014, -0.7751 -0.0437 -0.0014, -0.7729 -0.0426 0.0394, -0.7731 -0.044 -0.0014, -0.767 -0.0451 -0.0014, -0.7615 -0.045 0.0394, -0.7619 -0.0464 -0.0014, -0.7504 -0.0487 0.0394, -0.751 -0.05 -0.0014, -0.7512 -0.0499 -0.0014, -0.759 -0.0472 -0.0014, -0.7437 -0.0533 -0.0014, -0.7399 -0.0537 0.0394, -0.7406 -0.055 -0.0014, -0.73 -0.0599 0.0394, -0.7309 -0.0611 -0.0014, -0.7365 -0.0573 -0.0014, -0.721 -0.0673 0.0394, -0.7233 -0.0671 -0.0014, -0.7297 -0.0619 -0.0014, -0.7128 -0.0757 0.0394, -0.7174 -0.0728 -0.0014, -0.722 -0.0684 -0.0014, -0.707 -0.0856 -0.0014, -0.7119 -0.079 -0.0014, -0.714 -0.0766 -0.0014, -0.707 -0.0857 -0.0014, -0.7058 -0.0849 0.0394, -0.7027 -0.0926 -0.0014, -0.6998 -0.095 0.0394, -0.7012 -0.0957 -0.0014, -0.699 -0.1 -0.0014, -0.6935 -0.1155 -0.0014, -0.6917 -0.1168 0.0394, -0.6932 -0.1171 -0.0014, -0.6918 -0.1235 -0.0014, -0.6897 -0.1283 0.0394, -0.6912 -0.1285 -0.0014, -0.6912 -0.1514 -0.0014, -0.6907 -0.1481 -0.0014, -0.689 -0.1399 0.0394, -0.6904 -0.1399 -0.0014, -0.6907 -0.1317 -0.0014, -0.7297 -0.1399 -0.0394, -0.73 -0.1448 -0.0394, -0.7874 -0.1399 -0.0394, -0.73 -0.135 -0.0394, -0.733 -0.1207 -0.0394, -0.7316 -0.1254 -0.0394, -0.7306 -0.1302 -0.0394, -0.7396 -0.1076 -0.0394, -0.7371 -0.1118 -0.0394, -0.7349 -0.1162 -0.0394, -0.7493 -0.0966 -0.0394, -0.7458 -0.1 -0.0394, -0.7425 -0.1037 -0.0394, -0.7614 -0.0884 -0.0394, -0.7572 -0.0908 -0.0394, -0.7531 -0.0936 -0.0394, -0.7753 -0.0836 -0.0394, -0.7705 -0.0848 -0.0394, -0.7659 -0.0864 -0.0394, -0.7898 -0.0823 -0.0394, -0.785 -0.0823 -0.0394, -0.7801 -0.0827 -0.0394, -0.8043 -0.0848 -0.0394, -0.7995 -0.0836 -0.0394, -0.7947 -0.0827 -0.0394, -0.8176 -0.0908 -0.0394, -0.8134 -0.0884 -0.0394, -0.8089 -0.0864 -0.0394, -0.829 -0.1 -0.0394, -0.8255 -0.0966 -0.0394, -0.8217 -0.0936 -0.0394, -0.8377 -0.1118 -0.0394, -0.8352 -0.1076 -0.0394, -0.8323 -0.1037 -0.0394, -0.8432 -0.1254 -0.0394, -0.8418 -0.1207 -0.0394, -0.8399 -0.1162 -0.0394, -0.8451 -0.1399 -0.0394, -0.8449 -0.135 -0.0394, -0.8442 -0.1302 -0.0394, -0.8432 -0.1544 -0.0394, -0.8442 -0.1497 -0.0394, -0.8449 -0.1448 -0.0394, -0.8377 -0.168 -0.0394, -0.8399 -0.1637 -0.0394, -0.8418 -0.1591 -0.0394, -0.829 -0.1798 -0.0394, -0.8323 -0.1761 -0.0394, -0.8352 -0.1722 -0.0394, -0.8176 -0.189 -0.0394, -0.8217 -0.1863 -0.0394, -0.8255 -0.1832 -0.0394, -0.8043 -0.195 -0.0394, -0.8089 -0.1934 -0.0394, -0.8134 -0.1914 -0.0394, -0.7898 -0.1975 -0.0394, -0.7947 -0.1971 -0.0394, -0.7995 -0.1963 -0.0394, -0.7753 -0.1963 -0.0394, -0.7801 -0.1971 -0.0394, -0.785 -0.1975 -0.0394, -0.7614 -0.1914 -0.0394, -0.7659 -0.1934 -0.0394, -0.7705 -0.195 -0.0394, -0.7493 -0.1832 -0.0394, -0.7531 -0.1863 -0.0394, -0.7572 -0.189 -0.0394, -0.7396 -0.1722 -0.0394, -0.7425 -0.1761 -0.0394, -0.7458 -0.1798 -0.0394, -0.733 -0.1591 -0.0394, -0.7349 -0.1637 -0.0394, -0.7371 -0.168 -0.0394, -0.7306 -0.1497 -0.0394, -0.7316 -0.1544 -0.0394, -0.7874 -0.1399 0.0394, -0.694 -0.1642 -0.0064, -0.6923 -0.1562 -0.0064, -0.6964 -0.1721 -0.0064, -0.6995 -0.1797 -0.0064, -0.7032 -0.187 -0.0064, -0.7074 -0.194 -0.0064, -0.7123 -0.2005 -0.0064, -0.7177 -0.2067 -0.0064, -0.7236 -0.2124 -0.0064, -0.73 -0.2175 -0.0064, -0.7368 -0.2221 -0.0064, -0.744 -0.2261 -0.0064, -0.7514 -0.2295 -0.0064, -0.7591 -0.2322 -0.0064, -0.7671 -0.2343 -0.0064, -0.7751 -0.2356 -0.0064, -0.7833 -0.2363 -0.0064, -0.7915 -0.2363 -0.0064, -0.7997 -0.2356 -0.0064, -0.8077 -0.2343 -0.0064, -0.8157 -0.2322 -0.0064, -0.8234 -0.2295 -0.0064, -0.8308 -0.2261 -0.0064, -0.838 -0.2221 -0.0064, -0.8448 -0.2175 -0.0064, -0.8512 -0.2124 -0.0064, -0.8571 -0.2067 -0.0064, -0.8625 -0.2005 -0.0064, -0.8674 -0.194 -0.0064, -0.8717 -0.187 -0.0064, -0.8753 -0.1797 -0.0064, -0.8784 -0.1721 -0.0064, -0.8808 -0.1642 -0.0064, -0.8825 -0.1562 -0.0064, -0.8836 -0.1481 -0.0064, -0.8839 -0.1399 -0.0064, -0.8836 -0.1317 -0.0064, -0.8825 -0.1236 -0.0064, -0.8808 -0.1156 -0.0064, -0.8784 -0.1078 -0.0064, -0.8753 -0.1002 -0.0064, -0.8717 -0.0929 -0.0064, -0.8674 -0.0859 -0.0064, -0.8625 -0.0793 -0.0064, -0.8571 -0.0731 -0.0064, -0.8512 -0.0675 -0.0064, -0.8448 -0.0623 -0.0064, -0.838 -0.0577 -0.0064, -0.8308 -0.0537 -0.0064, -0.8234 -0.0504 -0.0064, -0.8157 -0.0476 -0.0064, -0.8077 -0.0456 -0.0064, -0.7997 -0.0442 -0.0064, -0.7915 -0.0435 -0.0064, -0.7833 -0.0435 -0.0064, -0.7751 -0.0442 -0.0064, -0.7671 -0.0456 -0.0064, -0.7591 -0.0476 -0.0064, -0.7514 -0.0504 -0.0064, -0.744 -0.0537 -0.0064, -0.7368 -0.0577 -0.0064, -0.73 -0.0623 -0.0064, -0.7236 -0.0675 -0.0064, -0.7177 -0.0731 -0.0064, -0.7123 -0.0793 -0.0064, -0.7074 -0.0859 -0.0064, -0.7032 -0.0929 -0.0064, -0.6995 -0.1002 -0.0064, -0.6964 -0.1078 -0.0064, -0.694 -0.1156 -0.0064, -0.6923 -0.1236 -0.0064, -0.6912 -0.1317 -0.0064, -0.6909 -0.1399 -0.0064, -0.6912 -0.1481 -0.0064, -0.6924 -0.1318 -0.0113, -0.6934 -0.1238 -0.0113, -0.6951 -0.1159 -0.0113, -0.6975 -0.1081 -0.0113, -0.7005 -0.1006 -0.0113, -0.7041 -0.0934 -0.0113, -0.7084 -0.0865 -0.0113, -0.7132 -0.08 -0.0113, -0.7185 -0.0739 -0.0113, -0.7244 -0.0683 -0.0113, -0.7307 -0.0632 -0.0113, -0.7374 -0.0587 -0.0113, -0.7445 -0.0548 -0.0113, -0.7518 -0.0514 -0.0113, -0.7595 -0.0487 -0.0113, -0.7673 -0.0467 -0.0113, -0.7753 -0.0453 -0.0113, -0.7834 -0.0446 -0.0113, -0.7914 -0.0446 -0.0113, -0.7995 -0.0453 -0.0113, -0.8075 -0.0467 -0.0113, -0.8153 -0.0487 -0.0113, -0.823 -0.0514 -0.0113, -0.8303 -0.0548 -0.0113, -0.8374 -0.0587 -0.0113, -0.8441 -0.0632 -0.0113, -0.8504 -0.0683 -0.0113, -0.8563 -0.0739 -0.0113, -0.8616 -0.08 -0.0113, -0.8664 -0.0865 -0.0113, -0.8707 -0.0934 -0.0113, -0.8743 -0.1006 -0.0113, -0.8773 -0.1081 -0.0113, -0.8797 -0.1159 -0.0113, -0.8814 -0.1238 -0.0113, -0.8824 -0.1318 -0.0113, -0.8828 -0.1399 -0.0113, -0.8824 -0.148 -0.0113, -0.8814 -0.156 -0.0113, -0.8797 -0.164 -0.0113, -0.8773 -0.1717 -0.0113, -0.8743 -0.1792 -0.0113, -0.8707 -0.1864 -0.0113, -0.8664 -0.1933 -0.0113, -0.8616 -0.1998 -0.0113, -0.8563 -0.2059 -0.0113, -0.8504 -0.2115 -0.0113, -0.8441 -0.2166 -0.0113, -0.8374 -0.2211 -0.0113, -0.8303 -0.2251 -0.0113, -0.823 -0.2284 -0.0113, -0.8153 -0.2311 -0.0113, -0.8075 -0.2332 -0.0113, -0.7995 -0.2345 -0.0113, -0.7914 -0.2352 -0.0113, -0.7834 -0.2352 -0.0113, -0.7753 -0.2345 -0.0113, -0.7673 -0.2332 -0.0113, -0.7595 -0.2311 -0.0113, -0.7518 -0.2284 -0.0113, -0.7445 -0.2251 -0.0113, -0.7374 -0.2211 -0.0113, -0.7307 -0.2166 -0.0113, -0.7244 -0.2115 -0.0113, -0.7185 -0.2059 -0.0113, -0.7132 -0.1998 -0.0113, -0.7084 -0.1933 -0.0113, -0.7041 -0.1864 -0.0113, -0.7005 -0.1792 -0.0113, -0.6975 -0.1717 -0.0113, -0.6951 -0.164 -0.0113, -0.6934 -0.156 -0.0113, -0.6924 -0.148 -0.0113, -0.692 -0.1399 -0.0113, -0.6941 -0.132 -0.016, -0.6951 -0.1241 -0.016, -0.6968 -0.1163 -0.016, -0.6991 -0.1087 -0.016, -0.7021 -0.1014 -0.016, -0.7057 -0.0943 -0.016, -0.7098 -0.0875 -0.016, -0.7146 -0.0811 -0.016, -0.7198 -0.0751 -0.016, -0.7255 -0.0696 -0.016, -0.7317 -0.0646 -0.016, -0.7383 -0.0602 -0.016, -0.7453 -0.0563 -0.016, -0.7525 -0.053 -0.016, -0.76 -0.0504 -0.016, -0.7677 -0.0484 -0.016, -0.7755 -0.0471 -0.016, -0.7834 -0.0464 -0.016, -0.7914 -0.0464 -0.016, -0.7993 -0.0471 -0.016, -0.8071 -0.0484 -0.016, -0.8148 -0.0504 -0.016, -0.8223 -0.053 -0.016, -0.8296 -0.0563 -0.016, -0.8365 -0.0602 -0.016, -0.8431 -0.0646 -0.016, -0.8493 -0.0696 -0.016, -0.855 -0.0751 -0.016, -0.8602 -0.0811 -0.016, -0.865 -0.0875 -0.016, -0.8691 -0.0943 -0.016, -0.8727 -0.1014 -0.016, -0.8757 -0.1087 -0.016, -0.878 -0.1163 -0.016, -0.8797 -0.1241 -0.016, -0.8807 -0.132 -0.016, -0.881 -0.1399 -0.016, -0.8807 -0.1479 -0.016, -0.8797 -0.1557 -0.016, -0.878 -0.1635 -0.016, -0.8757 -0.1711 -0.016, -0.8727 -0.1785 -0.016, -0.8691 -0.1856 -0.016, -0.865 -0.1923 -0.016, -0.8602 -0.1987 -0.016, -0.855 -0.2047 -0.016, -0.8493 -0.2102 -0.016, -0.8431 -0.2152 -0.016, -0.8365 -0.2196 -0.016, -0.8296 -0.2235 -0.016, -0.8223 -0.2268 -0.016, -0.8148 -0.2294 -0.016, -0.8071 -0.2314 -0.016, -0.7993 -0.2328 -0.016, -0.7914 -0.2335 -0.016, -0.7834 -0.2335 -0.016, -0.7755 -0.2328 -0.016, -0.7677 -0.2314 -0.016, -0.76 -0.2294 -0.016, -0.7525 -0.2268 -0.016, -0.7453 -0.2235 -0.016, -0.7383 -0.2196 -0.016, -0.7317 -0.2152 -0.016, -0.7255 -0.2102 -0.016, -0.7198 -0.2047 -0.016, -0.7146 -0.1987 -0.016, -0.7098 -0.1923 -0.016, -0.7057 -0.1856 -0.016, -0.7021 -0.1785 -0.016, -0.6991 -0.1711 -0.016, -0.6968 -0.1635 -0.016, -0.6951 -0.1557 -0.016, -0.6941 -0.1479 -0.016, -0.6938 -0.1399 -0.016, -0.6964 -0.1322 -0.0205, -0.6974 -0.1245 -0.0205, -0.6991 -0.1169 -0.0205, -0.7013 -0.1095 -0.0205, -0.7042 -0.1023 -0.0205, -0.7077 -0.0954 -0.0205, -0.7118 -0.0888 -0.0205, -0.7164 -0.0826 -0.0205, -0.7215 -0.0768 -0.0205, -0.7271 -0.0714 -0.0205, -0.7331 -0.0665 -0.0205, -0.7395 -0.0622 -0.0205, -0.7463 -0.0584 -0.0205, -0.7534 -0.0552 -0.0205, -0.7607 -0.0526 -0.0205, -0.7682 -0.0507 -0.0205, -0.7758 -0.0494 -0.0205, -0.7835 -0.0487 -0.0205, -0.7913 -0.0487 -0.0205, -0.799 -0.0494 -0.0205, -0.8066 -0.0507 -0.0205, -0.8141 -0.0526 -0.0205, -0.8214 -0.0552 -0.0205, -0.8285 -0.0584 -0.0205, -0.8353 -0.0622 -0.0205, -0.8417 -0.0665 -0.0205, -0.8477 -0.0714 -0.0205, -0.8533 -0.0768 -0.0205, -0.8584 -0.0826 -0.0205, -0.863 -0.0888 -0.0205, -0.8671 -0.0954 -0.0205, -0.8706 -0.1023 -0.0205, -0.8735 -0.1095 -0.0205, -0.8757 -0.1169 -0.0205, -0.8774 -0.1245 -0.0205, -0.8784 -0.1322 -0.0205, -0.8787 -0.1399 -0.0205, -0.8784 -0.1477 -0.0205, -0.8774 -0.1553 -0.0205, -0.8757 -0.1629 -0.0205, -0.8735 -0.1703 -0.0205, -0.8706 -0.1775 -0.0205, -0.8671 -0.1844 -0.0205, -0.863 -0.191 -0.0205, -0.8584 -0.1973 -0.0205, -0.8533 -0.2031 -0.0205, -0.8477 -0.2084 -0.0205, -0.8417 -0.2133 -0.0205, -0.8353 -0.2176 -0.0205, -0.8285 -0.2214 -0.0205, -0.8214 -0.2246 -0.0205, -0.8141 -0.2272 -0.0205, -0.8066 -0.2292 -0.0205, -0.799 -0.2305 -0.0205, -0.7913 -0.2311 -0.0205, -0.7835 -0.2311 -0.0205, -0.7758 -0.2305 -0.0205, -0.7682 -0.2292 -0.0205, -0.7607 -0.2272 -0.0205, -0.7534 -0.2246 -0.0205, -0.7463 -0.2214 -0.0205, -0.7395 -0.2176 -0.0205, -0.7331 -0.2133 -0.0205, -0.7271 -0.2084 -0.0205, -0.7215 -0.2031 -0.0205, -0.7164 -0.1973 -0.0205, -0.7118 -0.191 -0.0205, -0.7077 -0.1844 -0.0205, -0.7042 -0.1775 -0.0205, -0.7013 -0.1703 -0.0205, -0.6991 -0.1629 -0.0205, -0.6974 -0.1553 -0.0205, -0.6964 -0.1477 -0.0205, -0.6961 -0.1399 -0.0205, -0.6993 -0.1324 -0.0246, -0.7003 -0.125 -0.0246, -0.7019 -0.1176 -0.0246, -0.7041 -0.1105 -0.0246, -0.7069 -0.1035 -0.0246, -0.7102 -0.0968 -0.0246, -0.7142 -0.0904 -0.0246, -0.7186 -0.0844 -0.0246, -0.7236 -0.0788 -0.0246, -0.729 -0.0736 -0.0246, -0.7348 -0.0688 -0.0246, -0.7411 -0.0646 -0.0246, -0.7476 -0.061 -0.0246, -0.7544 -0.0579 -0.0246, -0.7615 -0.0554 -0.0246, -0.7688 -0.0535 -0.0246, -0.7762 -0.0522 -0.0246, -0.7837 -0.0516 -0.0246, -0.7912 -0.0516 -0.0246, -0.7986 -0.0522 -0.0246, -0.806 -0.0535 -0.0246, -0.8133 -0.0554 -0.0246, -0.8204 -0.0579 -0.0246, -0.8272 -0.061 -0.0246, -0.8337 -0.0646 -0.0246, -0.84 -0.0688 -0.0246, -0.8458 -0.0736 -0.0246, -0.8512 -0.0788 -0.0246, -0.8562 -0.0844 -0.0246, -0.8606 -0.0904 -0.0246, -0.8646 -0.0968 -0.0246, -0.868 -0.1035 -0.0246, -0.8707 -0.1105 -0.0246, -0.8729 -0.1176 -0.0246, -0.8745 -0.125 -0.0246, -0.8755 -0.1324 -0.0246, -0.8758 -0.1399 -0.0246, -0.8755 -0.1474 -0.0246, -0.8745 -0.1549 -0.0246, -0.8729 -0.1622 -0.0246, -0.8707 -0.1694 -0.0246, -0.868 -0.1763 -0.0246, -0.8646 -0.183 -0.0246, -0.8606 -0.1894 -0.0246, -0.8562 -0.1955 -0.0246, -0.8512 -0.2011 -0.0246, -0.8458 -0.2063 -0.0246, -0.84 -0.211 -0.0246, -0.8337 -0.2152 -0.0246, -0.8272 -0.2188 -0.0246, -0.8204 -0.2219 -0.0246, -0.8133 -0.2244 -0.0246, -0.806 -0.2263 -0.0246, -0.7986 -0.2276 -0.0246, -0.7912 -0.2282 -0.0246, -0.7837 -0.2282 -0.0246, -0.7762 -0.2276 -0.0246, -0.7688 -0.2263 -0.0246, -0.7615 -0.2244 -0.0246, -0.7544 -0.2219 -0.0246, -0.7476 -0.2188 -0.0246, -0.7411 -0.2152 -0.0246, -0.7348 -0.211 -0.0246, -0.729 -0.2063 -0.0246, -0.7236 -0.2011 -0.0246, -0.7186 -0.1955 -0.0246, -0.7142 -0.1894 -0.0246, -0.7102 -0.183 -0.0246, -0.7069 -0.1763 -0.0246, -0.7041 -0.1694 -0.0246, -0.7019 -0.1622 -0.0246, -0.7003 -0.1549 -0.0246, -0.6993 -0.1474 -0.0246, -0.699 -0.1399 -0.0246, -0.7027 -0.1327 -0.0283, -0.7036 -0.1256 -0.0283, -0.7051 -0.1185 -0.0283, -0.7073 -0.1116 -0.0283, -0.7099 -0.1049 -0.0283, -0.7132 -0.0985 -0.0283, -0.717 -0.0923 -0.0283, -0.7213 -0.0865 -0.0283, -0.726 -0.0811 -0.0283, -0.7312 -0.0761 -0.0283, -0.7369 -0.0716 -0.0283, -0.7428 -0.0675 -0.0283, -0.7491 -0.064 -0.0283, -0.7557 -0.061 -0.0283, -0.7625 -0.0586 -0.0283, -0.7695 -0.0568 -0.0283, -0.7766 -0.0556 -0.0283, -0.7838 -0.055 -0.0283, -0.791 -0.055 -0.0283, -0.7982 -0.0556 -0.0283, -0.8053 -0.0568 -0.0283, -0.8123 -0.0586 -0.0283, -0.8191 -0.061 -0.0283, -0.8257 -0.064 -0.0283, -0.832 -0.0675 -0.0283, -0.8379 -0.0716 -0.0283, -0.8436 -0.0761 -0.0283, -0.8488 -0.0811 -0.0283, -0.8535 -0.0865 -0.0283, -0.8578 -0.0923 -0.0283, -0.8616 -0.0985 -0.0283, -0.8649 -0.1049 -0.0283, -0.8676 -0.1116 -0.0283, -0.8697 -0.1185 -0.0283, -0.8712 -0.1256 -0.0283, -0.8721 -0.1327 -0.0283, -0.8724 -0.1399 -0.0283, -0.8721 -0.1471 -0.0283, -0.8712 -0.1543 -0.0283, -0.8697 -0.1613 -0.0283, -0.8676 -0.1682 -0.0283, -0.8649 -0.1749 -0.0283, -0.8616 -0.1814 -0.0283, -0.8578 -0.1875 -0.0283, -0.8535 -0.1933 -0.0283, -0.8488 -0.1987 -0.0283, -0.8436 -0.2037 -0.0283, -0.8379 -0.2083 -0.0283, -0.832 -0.2123 -0.0283, -0.8257 -0.2158 -0.0283, -0.8191 -0.2188 -0.0283, -0.8123 -0.2212 -0.0283, -0.8053 -0.223 -0.0283, -0.7982 -0.2242 -0.0283, -0.791 -0.2248 -0.0283, -0.7838 -0.2248 -0.0283, -0.7766 -0.2242 -0.0283, -0.7695 -0.223 -0.0283, -0.7625 -0.2212 -0.0283, -0.7557 -0.2188 -0.0283, -0.7491 -0.2158 -0.0283, -0.7428 -0.2123 -0.0283, -0.7369 -0.2083 -0.0283, -0.7312 -0.2037 -0.0283, -0.726 -0.1987 -0.0283, -0.7213 -0.1933 -0.0283, -0.717 -0.1875 -0.0283, -0.7132 -0.1814 -0.0283, -0.7099 -0.1749 -0.0283, -0.7073 -0.1682 -0.0283, -0.7051 -0.1613 -0.0283, -0.7036 -0.1543 -0.0283, -0.7027 -0.1471 -0.0283, -0.7024 -0.1399 -0.0283, -0.7065 -0.133 -0.0316, -0.7074 -0.1262 -0.0316, -0.7089 -0.1195 -0.0316, -0.7109 -0.1129 -0.0316, -0.7134 -0.1065 -0.0316, -0.7165 -0.1003 -0.0316, -0.7202 -0.0945 -0.0316, -0.7243 -0.0889 -0.0316, -0.7288 -0.0838 -0.0316, -0.7338 -0.079 -0.0316, -0.7391 -0.0747 -0.0316, -0.7448 -0.0708 -0.0316, -0.7509 -0.0674 -0.0316, -0.7571 -0.0646 -0.0316, -0.7636 -0.0623 -0.0316, -0.7703 -0.0606 -0.0316, -0.7771 -0.0594 -0.0316, -0.784 -0.0588 -0.0316, -0.7908 -0.0588 -0.0316, -0.7977 -0.0594 -0.0316, -0.8045 -0.0606 -0.0316, -0.8112 -0.0623 -0.0316, -0.8177 -0.0646 -0.0316, -0.8239 -0.0674 -0.0316, -0.83 -0.0708 -0.0316, -0.8357 -0.0747 -0.0316, -0.841 -0.079 -0.0316, -0.846 -0.0838 -0.0316, -0.8506 -0.0889 -0.0316, -0.8546 -0.0945 -0.0316, -0.8583 -0.1003 -0.0316, -0.8614 -0.1065 -0.0316, -0.8639 -0.1129 -0.0316, -0.8659 -0.1195 -0.0316, -0.8674 -0.1262 -0.0316, -0.8683 -0.133 -0.0316, -0.8686 -0.1399 -0.0316, -0.8683 -0.1468 -0.0316, -0.8674 -0.1536 -0.0316, -0.8659 -0.1604 -0.0316, -0.8639 -0.167 -0.0316, -0.8614 -0.1734 -0.0316, -0.8583 -0.1795 -0.0316, -0.8546 -0.1854 -0.0316, -0.8506 -0.1909 -0.0316, -0.846 -0.1961 -0.0316, -0.841 -0.2008 -0.0316, -0.8357 -0.2052 -0.0316, -0.83 -0.209 -0.0316, -0.8239 -0.2124 -0.0316, -0.8177 -0.2152 -0.0316, -0.8112 -0.2175 -0.0316, -0.8045 -0.2193 -0.0316, -0.7977 -0.2204 -0.0316, -0.7908 -0.221 -0.0316, -0.784 -0.221 -0.0316, -0.7771 -0.2204 -0.0316, -0.7703 -0.2193 -0.0316, -0.7636 -0.2175 -0.0316, -0.7571 -0.2152 -0.0316, -0.7509 -0.2124 -0.0316, -0.7448 -0.209 -0.0316, -0.7391 -0.2052 -0.0316, -0.7338 -0.2008 -0.0316, -0.7288 -0.1961 -0.0316, -0.7243 -0.1909 -0.0316, -0.7202 -0.1854 -0.0316, -0.7165 -0.1795 -0.0316, -0.7134 -0.1734 -0.0316, -0.7109 -0.167 -0.0316, -0.7089 -0.1604 -0.0316, -0.7074 -0.1536 -0.0316, -0.7065 -0.1468 -0.0316, -0.7062 -0.1399 -0.0316, -0.7107 -0.1334 -0.0343, -0.7116 -0.1269 -0.0343, -0.7129 -0.1205 -0.0343, -0.7149 -0.1143 -0.0343, -0.7173 -0.1082 -0.0343, -0.7202 -0.1024 -0.0343, -0.7237 -0.0968 -0.0343, -0.7275 -0.0916 -0.0343, -0.7319 -0.0867 -0.0343, -0.7366 -0.0822 -0.0343, -0.7416 -0.0781 -0.0343, -0.7471 -0.0744 -0.0343, -0.7528 -0.0712 -0.0343, -0.7587 -0.0685 -0.0343, -0.7649 -0.0663 -0.0343, -0.7712 -0.0647 -0.0343, -0.7776 -0.0636 -0.0343, -0.7841 -0.063 -0.0343, -0.7907 -0.063 -0.0343, -0.7972 -0.0636 -0.0343, -0.8036 -0.0647 -0.0343, -0.8099 -0.0663 -0.0343, -0.8161 -0.0685 -0.0343, -0.822 -0.0712 -0.0343, -0.8277 -0.0744 -0.0343, -0.8332 -0.0781 -0.0343, -0.8382 -0.0822 -0.0343, -0.843 -0.0867 -0.0343, -0.8473 -0.0916 -0.0343, -0.8511 -0.0968 -0.0343, -0.8546 -0.1024 -0.0343, -0.8575 -0.1082 -0.0343, -0.8599 -0.1143 -0.0343, -0.8619 -0.1205 -0.0343, -0.8632 -0.1269 -0.0343, -0.8641 -0.1334 -0.0343, -0.8643 -0.1399 -0.0343, -0.8641 -0.1464 -0.0343, -0.8632 -0.1529 -0.0343, -0.8619 -0.1593 -0.0343, -0.8599 -0.1656 -0.0343, -0.8575 -0.1716 -0.0343, -0.8546 -0.1774 -0.0343, -0.8511 -0.183 -0.0343, -0.8473 -0.1883 -0.0343, -0.843 -0.1932 -0.0343, -0.8382 -0.1977 -0.0343, -0.8332 -0.2018 -0.0343, -0.8277 -0.2054 -0.0343, -0.822 -0.2086 -0.0343, -0.8161 -0.2113 -0.0343, -0.8099 -0.2135 -0.0343, -0.8036 -0.2151 -0.0343, -0.7972 -0.2162 -0.0343, -0.7907 -0.2168 -0.0343, -0.7841 -0.2168 -0.0343, -0.7776 -0.2162 -0.0343, -0.7712 -0.2151 -0.0343, -0.7649 -0.2135 -0.0343, -0.7587 -0.2113 -0.0343, -0.7528 -0.2086 -0.0343, -0.7471 -0.2054 -0.0343, -0.7416 -0.2018 -0.0343, -0.7366 -0.1977 -0.0343, -0.7319 -0.1932 -0.0343, -0.7275 -0.1883 -0.0343, -0.7237 -0.183 -0.0343, -0.7202 -0.1774 -0.0343, -0.7173 -0.1716 -0.0343, -0.7149 -0.1656 -0.0343, -0.7129 -0.1593 -0.0343, -0.7116 -0.1529 -0.0343, -0.7107 -0.1464 -0.0343, -0.7105 -0.1399 -0.0343, -0.7153 -0.1338 -0.0365, -0.716 -0.1277 -0.0365, -0.7173 -0.1217 -0.0365, -0.7191 -0.1158 -0.0365, -0.7214 -0.1101 -0.0365, -0.7242 -0.1046 -0.0365, -0.7274 -0.0994 -0.0365, -0.7311 -0.0944 -0.0365, -0.7351 -0.0898 -0.0365, -0.7396 -0.0856 -0.0365, -0.7443 -0.0817 -0.0365, -0.7494 -0.0783 -0.0365, -0.7548 -0.0753 -0.0365, -0.7604 -0.0727 -0.0365, -0.7662 -0.0707 -0.0365, -0.7721 -0.0691 -0.0365, -0.7782 -0.0681 -0.0365, -0.7843 -0.0676 -0.0365, -0.7905 -0.0676 -0.0365, -0.7966 -0.0681 -0.0365, -0.8027 -0.0691 -0.0365, -0.8086 -0.0707 -0.0365, -0.8144 -0.0727 -0.0365, -0.82 -0.0753 -0.0365, -0.8254 -0.0783 -0.0365, -0.8305 -0.0817 -0.0365, -0.8352 -0.0856 -0.0365, -0.8397 -0.0898 -0.0365, -0.8437 -0.0944 -0.0365, -0.8474 -0.0994 -0.0365, -0.8506 -0.1046 -0.0365, -0.8534 -0.1101 -0.0365, -0.8557 -0.1158 -0.0365, -0.8575 -0.1217 -0.0365, -0.8588 -0.1277 -0.0365, -0.8595 -0.1338 -0.0365, -0.8598 -0.1399 -0.0365, -0.8595 -0.1461 -0.0365, -0.8588 -0.1522 -0.0365, -0.8575 -0.1582 -0.0365, -0.8557 -0.164 -0.0365, -0.8534 -0.1697 -0.0365, -0.8506 -0.1752 -0.0365, -0.8474 -0.1805 -0.0365, -0.8437 -0.1854 -0.0365, -0.8397 -0.19 -0.0365, -0.8352 -0.1943 -0.0365, -0.8305 -0.1981 -0.0365, -0.8254 -0.2016 -0.0365, -0.82 -0.2046 -0.0365, -0.8144 -0.2071 -0.0365, -0.8086 -0.2091 -0.0365, -0.8027 -0.2107 -0.0365, -0.7966 -0.2117 -0.0365, -0.7905 -0.2123 -0.0365, -0.7843 -0.2123 -0.0365, -0.7782 -0.2117 -0.0365, -0.7721 -0.2107 -0.0365, -0.7662 -0.2091 -0.0365, -0.7604 -0.2071 -0.0365, -0.7548 -0.2046 -0.0365, -0.7494 -0.2016 -0.0365, -0.7443 -0.1981 -0.0365, -0.7396 -0.1943 -0.0365, -0.7351 -0.19 -0.0365, -0.7311 -0.1854 -0.0365, -0.7274 -0.1805 -0.0365, -0.7242 -0.1752 -0.0365, -0.7214 -0.1697 -0.0365, -0.7191 -0.164 -0.0365, -0.7173 -0.1582 -0.0365, -0.716 -0.1522 -0.0365, -0.7153 -0.1461 -0.0365, -0.715 -0.1399 -0.0365, -0.72 -0.1342 -0.0381, -0.7207 -0.1285 -0.0381, -0.722 -0.1229 -0.0381, -0.7236 -0.1174 -0.0381, -0.7258 -0.1121 -0.0381, -0.7284 -0.1069 -0.0381, -0.7314 -0.1021 -0.0381, -0.7348 -0.0974 -0.0381, -0.7386 -0.0931 -0.0381, -0.7427 -0.0892 -0.0381, -0.7472 -0.0855 -0.0381, -0.7519 -0.0823 -0.0381, -0.757 -0.0795 -0.0381, -0.7622 -0.0772 -0.0381, -0.7676 -0.0753 -0.0381, -0.7732 -0.0738 -0.0381, -0.7788 -0.0728 -0.0381, -0.7845 -0.0724 -0.0381, -0.7903 -0.0724 -0.0381, -0.796 -0.0728 -0.0381, -0.8016 -0.0738 -0.0381, -0.8072 -0.0753 -0.0381, -0.8126 -0.0772 -0.0381, -0.8178 -0.0795 -0.0381, -0.8229 -0.0823 -0.0381, -0.8276 -0.0855 -0.0381, -0.8321 -0.0892 -0.0381, -0.8362 -0.0931 -0.0381, -0.84 -0.0974 -0.0381, -0.8434 -0.1021 -0.0381, -0.8464 -0.1069 -0.0381, -0.849 -0.1121 -0.0381, -0.8512 -0.1174 -0.0381, -0.8528 -0.1229 -0.0381, -0.8541 -0.1285 -0.0381, -0.8548 -0.1342 -0.0381, -0.855 -0.1399 -0.0381, -0.8548 -0.1457 -0.0381, -0.8541 -0.1513 -0.0381, -0.8528 -0.157 -0.0381, -0.8512 -0.1624 -0.0381, -0.849 -0.1678 -0.0381, -0.8464 -0.1729 -0.0381, -0.8434 -0.1778 -0.0381, -0.84 -0.1824 -0.0381, -0.8362 -0.1867 -0.0381, -0.8321 -0.1907 -0.0381, -0.8276 -0.1943 -0.0381, -0.8229 -0.1975 -0.0381, -0.8178 -0.2003 -0.0381, -0.8126 -0.2027 -0.0381, -0.8072 -0.2046 -0.0381, -0.8016 -0.206 -0.0381, -0.796 -0.207 -0.0381, -0.7903 -0.2075 -0.0381, -0.7845 -0.2075 -0.0381, -0.7788 -0.207 -0.0381, -0.7732 -0.206 -0.0381, -0.7676 -0.2046 -0.0381, -0.7622 -0.2027 -0.0381, -0.757 -0.2003 -0.0381, -0.7519 -0.1975 -0.0381, -0.7472 -0.1943 -0.0381, -0.7427 -0.1907 -0.0381, -0.7386 -0.1867 -0.0381, -0.7348 -0.1824 -0.0381, -0.7314 -0.1778 -0.0381, -0.7284 -0.1729 -0.0381, -0.7258 -0.1678 -0.0381, -0.7236 -0.1624 -0.0381, -0.722 -0.157 -0.0381, -0.7207 -0.1513 -0.0381, -0.72 -0.1457 -0.0381, -0.7198 -0.1399 -0.0381, -0.7249 -0.1346 -0.039, -0.7256 -0.1293 -0.039, -0.7267 -0.1241 -0.039, -0.7283 -0.119 -0.039, -0.7303 -0.1141 -0.039, -0.7327 -0.1093 -0.039, -0.7355 -0.1048 -0.039, -0.7386 -0.1005 -0.039, -0.7421 -0.0965 -0.039, -0.746 -0.0929 -0.039, -0.7501 -0.0895 -0.039, -0.7545 -0.0865 -0.039, -0.7592 -0.0839 -0.039, -0.764 -0.0818 -0.039, -0.769 -0.08 -0.039, -0.7742 -0.0786 -0.039, -0.7794 -0.0777 -0.039, -0.7847 -0.0773 -0.039, -0.7901 -0.0773 -0.039, -0.7954 -0.0777 -0.039, -0.8006 -0.0786 -0.039, -0.8058 -0.08 -0.039, -0.8108 -0.0818 -0.039, -0.8156 -0.0839 -0.039, -0.8203 -0.0865 -0.039, -0.8247 -0.0895 -0.039, -0.8288 -0.0929 -0.039, -0.8327 -0.0965 -0.039, -0.8362 -0.1005 -0.039, -0.8393 -0.1048 -0.039, -0.8421 -0.1093 -0.039, -0.8445 -0.1141 -0.039, -0.8465 -0.119 -0.039, -0.8481 -0.1241 -0.039, -0.8492 -0.1293 -0.039, -0.8499 -0.1346 -0.039, -0.8501 -0.1399 -0.039, -0.8499 -0.1452 -0.039, -0.8492 -0.1505 -0.039, -0.8481 -0.1557 -0.039, -0.8465 -0.1608 -0.039, -0.8445 -0.1657 -0.039, -0.8421 -0.1705 -0.039, -0.8393 -0.175 -0.039, -0.8362 -0.1793 -0.039, -0.8327 -0.1833 -0.039, -0.8288 -0.187 -0.039, -0.8247 -0.1903 -0.039, -0.8203 -0.1933 -0.039, -0.8156 -0.1959 -0.039, -0.8108 -0.1981 -0.039, -0.8058 -0.1999 -0.039, -0.8006 -0.2012 -0.039, -0.7954 -0.2021 -0.039, -0.7901 -0.2025 -0.039, -0.7847 -0.2025 -0.039, -0.7794 -0.2021 -0.039, -0.7742 -0.2012 -0.039, -0.769 -0.1999 -0.039, -0.764 -0.1981 -0.039, -0.7592 -0.1959 -0.039, -0.7545 -0.1933 -0.039, -0.7501 -0.1903 -0.039, -0.746 -0.187 -0.039, -0.7421 -0.1833 -0.039, -0.7386 -0.1793 -0.039, -0.7355 -0.175 -0.039, -0.7327 -0.1705 -0.039, -0.7303 -0.1657 -0.039, -0.7283 -0.1608 -0.039, -0.7267 -0.1557 -0.039, -0.7256 -0.1505 -0.039, -0.7249 -0.1452 -0.039, -0.7247 -0.1399 -0.039
            ]
        }
        coordIndex [
            0,1,2,-1,3,4,5,-1,6,7,8,-1,9,10,11,-1,12,13,14,-1,15,16,17,-1,18,19,20,-1,21,22,23,-1,24,25,26,-1,27,28,29,-1,29,28,30,-1,31,32,33,-1,31,33,27,-1,27,33,34,-1,27,34,28,-1,32,31,35,-1,35,31,36,-1,35,36,37,-1,26,25,36,-1,36,25,38,-1,36,38,37,-1,24,26,39,-1,39,26,40,-1,39,40,41,-1,42,43,44,-1,42,44,45,-1,44,46,45,-1,45,46,47,-1,45,47,40,-1,40,47,48,-1,40,48,41,-1,43,42,49,-1,49,42,50,-1,49,50,51,-1,23,22,50,-1,50,22,52,-1,50,52,51,-1,21,23,53,-1,53,23,54,-1,53,54,55,-1,56,57,58,-1,56,58,59,-1,58,60,59,-1,59,60,61,-1,59,61,54,-1,54,61,62,-1,54,62,55,-1,57,56,63,-1,63,56,64,-1,63,64,65,-1,20,19,64,-1,64,19,66,-1,64,66,65,-1,18,20,67,-1,67,20,68,-1,67,68,69,-1,70,71,72,-1,70,72,73,-1,72,74,73,-1,73,74,75,-1,73,75,68,-1,68,75,76,-1,68,76,69,-1,71,70,77,-1,77,70,78,-1,77,78,79,-1,17,16,78,-1,78,16,80,-1,78,80,79,-1,15,17,81,-1,81,17,82,-1,81,82,83,-1,84,85,86,-1,84,86,87,-1,86,88,87,-1,87,88,89,-1,87,89,82,-1,82,89,90,-1,82,90,83,-1,85,84,91,-1,91,84,92,-1,91,92,93,-1,14,13,92,-1,92,13,94,-1,92,94,93,-1,12,14,95,-1,95,14,96,-1,95,96,97,-1,98,99,100,-1,98,100,101,-1,100,102,101,-1,101,102,103,-1,101,103,96,-1,96,103,104,-1,96,104,97,-1,99,98,105,-1,105,98,106,-1,105,106,107,-1,11,10,106,-1,106,10,108,-1,106,108,107,-1,9,11,109,-1,109,11,110,-1,109,110,111,-1,111,110,112,-1,112,110,113,-1,112,113,114,-1,115,116,117,-1,115,117,113,-1,113,117,118,-1,113,118,114,-1,116,115,119,-1,119,115,120,-1,119,120,121,-1,8,7,120,-1,120,7,122,-1,120,122,121,-1,6,8,123,-1,123,8,124,-1,123,124,125,-1,125,124,126,-1,126,124,127,-1,126,127,128,-1,129,130,131,-1,129,131,127,-1,127,131,132,-1,127,132,128,-1,130,129,133,-1,133,129,134,-1,133,134,135,-1,5,4,134,-1,134,4,136,-1,134,136,135,-1,3,5,137,-1,137,5,138,-1,137,138,139,-1,139,138,140,-1,140,138,141,-1,140,141,142,-1,143,144,145,-1,143,145,141,-1,141,145,146,-1,141,146,142,-1,144,143,147,-1,147,143,148,-1,147,148,149,-1,150,151,148,-1,148,151,152,-1,148,152,149,-1,153,154,150,-1,150,154,155,-1,150,155,151,-1,156,157,153,-1,153,157,158,-1,153,158,154,-1,159,160,156,-1,156,160,161,-1,156,161,157,-1,159,156,162,-1,162,156,163,-1,162,163,164,-1,164,163,165,-1,164,165,166,-1,2,1,165,-1,165,1,167,-1,165,167,166,-1,0,2,168,-1,168,2,169,-1,168,169,170,-1,170,169,171,-1,171,169,172,-1,171,172,173,-1,30,174,29,-1,29,174,175,-1,29,175,176,-1,176,175,177,-1,176,177,172,-1,172,177,178,-1,172,178,173,-1,179,180,181,-1,179,181,182,-1,183,184,181,-1,181,184,185,-1,181,185,182,-1,186,187,181,-1,181,187,188,-1,181,188,183,-1,189,190,181,-1,181,190,191,-1,181,191,186,-1,192,193,181,-1,181,193,194,-1,181,194,189,-1,195,196,181,-1,181,196,197,-1,181,197,192,-1,198,199,181,-1,181,199,200,-1,181,200,195,-1,201,202,181,-1,181,202,203,-1,181,203,198,-1,204,205,181,-1,181,205,206,-1,181,206,201,-1,207,208,181,-1,181,208,209,-1,181,209,204,-1,210,211,181,-1,181,211,212,-1,181,212,207,-1,213,214,181,-1,181,214,215,-1,181,215,210,-1,216,217,181,-1,181,217,218,-1,181,218,213,-1,219,220,181,-1,181,220,221,-1,181,221,216,-1,222,223,181,-1,181,223,224,-1,181,224,219,-1,225,226,181,-1,181,226,227,-1,181,227,222,-1,228,229,181,-1,181,229,230,-1,181,230,225,-1,231,232,181,-1,181,232,233,-1,181,233,228,-1,234,235,181,-1,181,235,236,-1,181,236,231,-1,237,238,181,-1,181,238,239,-1,181,239,234,-1,240,241,181,-1,181,241,242,-1,181,242,237,-1,243,244,181,-1,181,244,245,-1,181,245,240,-1,246,247,181,-1,181,247,248,-1,181,248,243,-1,249,250,181,-1,181,250,251,-1,181,251,246,-1,180,252,181,-1,181,252,253,-1,181,253,249,-1,176,172,254,-1,176,254,29,-1,36,31,254,-1,254,31,27,-1,254,27,29,-1,45,40,254,-1,254,40,26,-1,254,26,36,-1,23,50,254,-1,254,50,42,-1,254,42,45,-1,56,59,254,-1,254,59,54,-1,254,54,23,-1,68,20,254,-1,254,20,64,-1,254,64,56,-1,78,70,254,-1,254,70,73,-1,254,73,68,-1,87,82,254,-1,254,82,17,-1,254,17,78,-1,14,92,254,-1,254,92,84,-1,254,84,87,-1,98,101,254,-1,254,101,96,-1,254,96,14,-1,110,11,254,-1,254,11,106,-1,254,106,98,-1,120,115,254,-1,254,115,113,-1,254,113,110,-1,127,124,254,-1,254,124,8,-1,254,8,120,-1,5,134,254,-1,254,134,129,-1,254,129,127,-1,143,141,254,-1,254,141,138,-1,254,138,5,-1,153,150,254,-1,254,150,148,-1,254,148,143,-1,165,163,254,-1,254,163,156,-1,254,156,153,-1,172,169,254,-1,254,169,2,-1,254,2,165,-1,28,255,256,-1,28,34,255,-1,255,34,33,-1,255,33,257,-1,257,33,32,-1,257,32,258,-1,258,32,35,-1,258,35,259,-1,259,35,37,-1,37,38,259,-1,259,38,25,-1,259,25,260,-1,25,24,260,-1,260,24,39,-1,260,39,261,-1,261,39,41,-1,261,41,262,-1,41,48,262,-1,262,48,47,-1,262,47,263,-1,47,46,263,-1,263,46,44,-1,263,44,264,-1,264,44,43,-1,264,43,265,-1,265,43,49,-1,265,49,266,-1,266,49,51,-1,51,52,266,-1,266,52,22,-1,266,22,267,-1,22,21,267,-1,267,21,53,-1,267,53,268,-1,268,53,55,-1,268,55,269,-1,55,62,269,-1,269,62,61,-1,269,61,270,-1,61,60,270,-1,270,60,58,-1,270,58,271,-1,271,58,57,-1,271,57,272,-1,272,57,63,-1,272,63,273,-1,273,63,65,-1,65,66,273,-1,273,66,19,-1,273,19,274,-1,19,18,274,-1,274,18,67,-1,274,67,275,-1,275,67,69,-1,275,69,276,-1,69,76,276,-1,276,76,75,-1,276,75,277,-1,75,74,277,-1,277,74,72,-1,277,72,278,-1,278,72,71,-1,278,71,279,-1,279,71,77,-1,279,77,280,-1,280,77,79,-1,79,80,280,-1,280,80,16,-1,280,16,281,-1,16,15,281,-1,281,15,81,-1,281,81,282,-1,282,81,83,-1,282,83,283,-1,83,90,283,-1,283,90,89,-1,283,89,284,-1,89,88,284,-1,284,88,86,-1,284,86,285,-1,285,86,85,-1,285,85,286,-1,286,85,91,-1,286,91,287,-1,287,91,93,-1,93,94,287,-1,287,94,13,-1,287,13,288,-1,13,12,288,-1,288,12,95,-1,288,95,289,-1,289,95,97,-1,289,97,290,-1,97,104,290,-1,290,104,103,-1,290,103,291,-1,103,102,291,-1,291,102,100,-1,291,100,292,-1,292,100,99,-1,292,99,293,-1,99,105,293,-1,293,105,107,-1,293,107,294,-1,107,108,294,-1,294,108,10,-1,294,10,295,-1,10,9,295,-1,295,9,109,-1,295,109,296,-1,296,109,111,-1,296,111,297,-1,111,112,297,-1,297,112,114,-1,297,114,298,-1,114,118,298,-1,298,118,117,-1,298,117,299,-1,299,117,116,-1,299,116,300,-1,116,119,300,-1,300,119,121,-1,300,121,301,-1,121,122,301,-1,301,122,7,-1,301,7,302,-1,7,6,302,-1,302,6,123,-1,302,123,303,-1,303,123,125,-1,303,125,304,-1,125,126,304,-1,304,126,128,-1,304,128,305,-1,128,132,305,-1,305,132,131,-1,305,131,306,-1,306,131,130,-1,306,130,307,-1,130,133,307,-1,307,133,135,-1,307,135,308,-1,135,136,308,-1,308,136,4,-1,308,4,309,-1,4,3,309,-1,309,3,137,-1,309,137,310,-1,310,137,139,-1,310,139,311,-1,311,139,140,-1,311,140,312,-1,312,140,142,-1,142,146,312,-1,312,146,145,-1,312,145,313,-1,313,145,144,-1,313,144,314,-1,144,147,314,-1,314,147,149,-1,314,149,315,-1,149,152,315,-1,315,152,151,-1,315,151,316,-1,151,155,316,-1,316,155,154,-1,316,154,317,-1,317,154,158,-1,317,158,318,-1,318,158,157,-1,318,157,319,-1,319,157,161,-1,161,160,319,-1,319,160,159,-1,319,159,320,-1,320,159,162,-1,320,162,321,-1,162,164,321,-1,321,164,166,-1,321,166,322,-1,166,167,322,-1,322,167,1,-1,322,1,323,-1,1,0,323,-1,323,0,168,-1,323,168,324,-1,324,168,170,-1,324,170,325,-1,325,170,171,-1,325,171,326,-1,326,171,173,-1,173,178,326,-1,326,178,177,-1,326,177,327,-1,327,177,175,-1,327,175,328,-1,328,175,174,-1,328,174,256,-1,256,174,30,-1,256,30,28,-1,327,329,326,-1,326,329,330,-1,326,330,325,-1,325,330,331,-1,325,331,324,-1,324,331,332,-1,324,332,323,-1,323,332,333,-1,323,333,322,-1,322,333,334,-1,322,334,321,-1,321,334,335,-1,321,335,320,-1,320,335,336,-1,320,336,319,-1,319,336,337,-1,319,337,318,-1,318,337,338,-1,318,338,317,-1,317,338,339,-1,317,339,316,-1,316,339,340,-1,316,340,315,-1,315,340,341,-1,315,341,314,-1,314,341,342,-1,314,342,313,-1,313,342,343,-1,313,343,312,-1,312,343,344,-1,312,344,311,-1,311,344,345,-1,311,345,310,-1,310,345,346,-1,310,346,309,-1,309,346,347,-1,309,347,308,-1,308,347,348,-1,308,348,307,-1,307,348,349,-1,307,349,306,-1,306,349,350,-1,306,350,305,-1,305,350,351,-1,305,351,304,-1,304,351,352,-1,304,352,303,-1,303,352,353,-1,303,353,302,-1,302,353,354,-1,302,354,301,-1,301,354,355,-1,301,355,300,-1,300,355,356,-1,300,356,299,-1,299,356,357,-1,299,357,298,-1,298,357,358,-1,298,358,297,-1,297,358,359,-1,297,359,296,-1,296,359,360,-1,296,360,295,-1,295,360,361,-1,295,361,294,-1,294,361,362,-1,294,362,293,-1,293,362,363,-1,293,363,292,-1,292,363,364,-1,292,364,291,-1,291,364,365,-1,291,365,290,-1,290,365,366,-1,290,366,289,-1,289,366,367,-1,289,367,288,-1,288,367,368,-1,288,368,287,-1,287,368,369,-1,287,369,286,-1,286,369,370,-1,286,370,285,-1,285,370,371,-1,285,371,284,-1,284,371,372,-1,284,372,283,-1,283,372,373,-1,283,373,282,-1,282,373,374,-1,282,374,281,-1,281,374,375,-1,281,375,280,-1,280,375,376,-1,280,376,279,-1,279,376,377,-1,279,377,278,-1,278,377,378,-1,278,378,277,-1,277,378,379,-1,277,379,276,-1,276,379,380,-1,276,380,275,-1,275,380,381,-1,275,381,274,-1,274,381,382,-1,274,382,273,-1,273,382,383,-1,273,383,272,-1,272,383,384,-1,272,384,271,-1,271,384,385,-1,271,385,270,-1,270,385,386,-1,270,386,269,-1,269,386,387,-1,269,387,268,-1,268,387,388,-1,268,388,267,-1,267,388,389,-1,267,389,266,-1,266,389,390,-1,266,390,265,-1,265,390,391,-1,265,391,264,-1,264,391,392,-1,264,392,263,-1,263,392,393,-1,263,393,262,-1,262,393,394,-1,262,394,261,-1,261,394,395,-1,261,395,260,-1,260,395,396,-1,260,396,259,-1,259,396,397,-1,259,397,258,-1,258,397,398,-1,258,398,257,-1,257,398,399,-1,257,399,255,-1,255,399,400,-1,255,400,256,-1,256,400,401,-1,256,401,328,-1,328,401,402,-1,328,402,327,-1,327,402,329,-1,402,403,329,-1,329,403,404,-1,329,404,330,-1,330,404,405,-1,330,405,331,-1,331,405,406,-1,331,406,332,-1,332,406,407,-1,332,407,333,-1,333,407,408,-1,333,408,334,-1,334,408,409,-1,334,409,335,-1,335,409,410,-1,335,410,336,-1,336,410,411,-1,336,411,337,-1,337,411,412,-1,337,412,338,-1,338,412,413,-1,338,413,339,-1,339,413,414,-1,339,414,340,-1,340,414,415,-1,340,415,341,-1,341,415,416,-1,341,416,342,-1,342,416,417,-1,342,417,343,-1,343,417,418,-1,343,418,344,-1,344,418,419,-1,344,419,345,-1,345,419,420,-1,345,420,346,-1,346,420,421,-1,346,421,347,-1,347,421,422,-1,347,422,348,-1,348,422,423,-1,348,423,349,-1,349,423,424,-1,349,424,350,-1,350,424,425,-1,350,425,351,-1,351,425,426,-1,351,426,352,-1,352,426,427,-1,352,427,353,-1,353,427,428,-1,353,428,354,-1,354,428,429,-1,354,429,355,-1,355,429,430,-1,355,430,356,-1,356,430,431,-1,356,431,357,-1,357,431,432,-1,357,432,358,-1,358,432,433,-1,358,433,359,-1,359,433,434,-1,359,434,360,-1,360,434,435,-1,360,435,361,-1,361,435,436,-1,361,436,362,-1,362,436,437,-1,362,437,363,-1,363,437,438,-1,363,438,364,-1,364,438,439,-1,364,439,365,-1,365,439,440,-1,365,440,366,-1,366,440,441,-1,366,441,367,-1,367,441,442,-1,367,442,368,-1,368,442,443,-1,368,443,369,-1,369,443,444,-1,369,444,370,-1,370,444,445,-1,370,445,371,-1,371,445,446,-1,371,446,372,-1,372,446,447,-1,372,447,373,-1,373,447,448,-1,373,448,374,-1,374,448,449,-1,374,449,375,-1,375,449,450,-1,375,450,376,-1,376,450,451,-1,376,451,377,-1,377,451,452,-1,377,452,378,-1,378,452,453,-1,378,453,379,-1,379,453,454,-1,379,454,380,-1,380,454,455,-1,380,455,381,-1,381,455,456,-1,381,456,382,-1,382,456,457,-1,382,457,383,-1,383,457,458,-1,383,458,384,-1,384,458,459,-1,384,459,385,-1,385,459,460,-1,385,460,386,-1,386,460,461,-1,386,461,387,-1,387,461,462,-1,387,462,388,-1,388,462,463,-1,388,463,389,-1,389,463,464,-1,389,464,390,-1,390,464,465,-1,390,465,391,-1,391,465,466,-1,391,466,392,-1,392,466,467,-1,392,467,393,-1,393,467,468,-1,393,468,394,-1,394,468,469,-1,394,469,395,-1,395,469,470,-1,395,470,396,-1,396,470,471,-1,396,471,397,-1,397,471,472,-1,397,472,398,-1,398,472,473,-1,398,473,399,-1,399,473,474,-1,399,474,400,-1,400,474,475,-1,400,475,401,-1,401,475,476,-1,401,476,402,-1,402,476,403,-1,476,477,403,-1,403,477,478,-1,403,478,404,-1,404,478,479,-1,404,479,405,-1,405,479,480,-1,405,480,406,-1,406,480,481,-1,406,481,407,-1,407,481,482,-1,407,482,408,-1,408,482,483,-1,408,483,409,-1,409,483,484,-1,409,484,410,-1,410,484,485,-1,410,485,411,-1,411,485,486,-1,411,486,412,-1,412,486,487,-1,412,487,413,-1,413,487,488,-1,413,488,414,-1,414,488,489,-1,414,489,415,-1,415,489,490,-1,415,490,416,-1,416,490,491,-1,416,491,417,-1,417,491,492,-1,417,492,418,-1,418,492,493,-1,418,493,419,-1,419,493,494,-1,419,494,420,-1,420,494,495,-1,420,495,421,-1,421,495,496,-1,421,496,422,-1,422,496,497,-1,422,497,423,-1,423,497,498,-1,423,498,424,-1,424,498,499,-1,424,499,425,-1,425,499,500,-1,425,500,426,-1,426,500,501,-1,426,501,427,-1,427,501,502,-1,427,502,428,-1,428,502,503,-1,428,503,429,-1,429,503,504,-1,429,504,430,-1,430,504,505,-1,430,505,431,-1,431,505,506,-1,431,506,432,-1,432,506,507,-1,432,507,433,-1,433,507,508,-1,433,508,434,-1,434,508,509,-1,434,509,435,-1,435,509,510,-1,435,510,436,-1,436,510,511,-1,436,511,437,-1,437,511,512,-1,437,512,438,-1,438,512,513,-1,438,513,439,-1,439,513,514,-1,439,514,440,-1,440,514,515,-1,440,515,441,-1,441,515,516,-1,441,516,442,-1,442,516,517,-1,442,517,443,-1,443,517,518,-1,443,518,444,-1,444,518,519,-1,444,519,445,-1,445,519,520,-1,445,520,446,-1,446,520,521,-1,446,521,447,-1,447,521,522,-1,447,522,448,-1,448,522,523,-1,448,523,449,-1,449,523,524,-1,449,524,450,-1,450,524,525,-1,450,525,451,-1,451,525,526,-1,451,526,452,-1,452,526,527,-1,452,527,453,-1,453,527,528,-1,453,528,454,-1,454,528,529,-1,454,529,455,-1,455,529,530,-1,455,530,456,-1,456,530,531,-1,456,531,457,-1,457,531,532,-1,457,532,458,-1,458,532,533,-1,458,533,459,-1,459,533,534,-1,459,534,460,-1,460,534,535,-1,460,535,461,-1,461,535,536,-1,461,536,462,-1,462,536,537,-1,462,537,463,-1,463,537,538,-1,463,538,464,-1,464,538,539,-1,464,539,465,-1,465,539,540,-1,465,540,466,-1,466,540,541,-1,466,541,467,-1,467,541,542,-1,467,542,468,-1,468,542,543,-1,468,543,469,-1,469,543,544,-1,469,544,470,-1,470,544,545,-1,470,545,471,-1,471,545,546,-1,471,546,472,-1,472,546,547,-1,472,547,473,-1,473,547,548,-1,473,548,474,-1,474,548,549,-1,474,549,475,-1,475,549,550,-1,475,550,476,-1,476,550,477,-1,550,551,477,-1,477,551,552,-1,477,552,478,-1,478,552,553,-1,478,553,479,-1,479,553,554,-1,479,554,480,-1,480,554,555,-1,480,555,481,-1,481,555,556,-1,481,556,482,-1,482,556,557,-1,482,557,483,-1,483,557,558,-1,483,558,484,-1,484,558,559,-1,484,559,485,-1,485,559,560,-1,485,560,486,-1,486,560,561,-1,486,561,487,-1,487,561,562,-1,487,562,488,-1,488,562,563,-1,488,563,489,-1,489,563,564,-1,489,564,490,-1,490,564,565,-1,490,565,491,-1,491,565,566,-1,491,566,492,-1,492,566,567,-1,492,567,493,-1,493,567,568,-1,493,568,494,-1,494,568,569,-1,494,569,495,-1,495,569,570,-1,495,570,496,-1,496,570,571,-1,496,571,497,-1,497,571,572,-1,497,572,498,-1,498,572,573,-1,498,573,499,-1,499,573,574,-1,499,574,500,-1,500,574,575,-1,500,575,501,-1,501,575,576,-1,501,576,502,-1,502,576,577,-1,502,577,503,-1,503,577,578,-1,503,578,504,-1,504,578,579,-1,504,579,505,-1,505,579,580,-1,505,580,506,-1,506,580,581,-1,506,581,507,-1,507,581,582,-1,507,582,508,-1,508,582,583,-1,508,583,509,-1,509,583,584,-1,509,584,510,-1,510,584,585,-1,510,585,511,-1,511,585,586,-1,511,586,512,-1,512,586,587,-1,512,587,513,-1,513,587,588,-1,513,588,514,-1,514,588,589,-1,514,589,515,-1,515,589,590,-1,515,590,516,-1,516,590,591,-1,516,591,517,-1,517,591,592,-1,517,592,518,-1,518,592,593,-1,518,593,519,-1,519,593,594,-1,519,594,520,-1,520,594,595,-1,520,595,521,-1,521,595,596,-1,521,596,522,-1,522,596,597,-1,522,597,523,-1,523,597,598,-1,523,598,524,-1,524,598,599,-1,524,599,525,-1,525,599,600,-1,525,600,526,-1,526,600,601,-1,526,601,527,-1,527,601,602,-1,527,602,528,-1,528,602,603,-1,528,603,529,-1,529,603,604,-1,529,604,530,-1,530,604,605,-1,530,605,531,-1,531,605,606,-1,531,606,532,-1,532,606,607,-1,532,607,533,-1,533,607,608,-1,533,608,534,-1,534,608,609,-1,534,609,535,-1,535,609,610,-1,535,610,536,-1,536,610,611,-1,536,611,537,-1,537,611,612,-1,537,612,538,-1,538,612,613,-1,538,613,539,-1,539,613,614,-1,539,614,540,-1,540,614,615,-1,540,615,541,-1,541,615,616,-1,541,616,542,-1,542,616,617,-1,542,617,543,-1,543,617,618,-1,543,618,544,-1,544,618,619,-1,544,619,545,-1,545,619,620,-1,545,620,546,-1,546,620,621,-1,546,621,547,-1,547,621,622,-1,547,622,548,-1,548,622,623,-1,548,623,549,-1,549,623,624,-1,549,624,550,-1,550,624,551,-1,624,625,551,-1,551,625,626,-1,551,626,552,-1,552,626,627,-1,552,627,553,-1,553,627,628,-1,553,628,554,-1,554,628,629,-1,554,629,555,-1,555,629,630,-1,555,630,556,-1,556,630,631,-1,556,631,557,-1,557,631,632,-1,557,632,558,-1,558,632,633,-1,558,633,559,-1,559,633,634,-1,559,634,560,-1,560,634,635,-1,560,635,561,-1,561,635,636,-1,561,636,562,-1,562,636,637,-1,562,637,563,-1,563,637,638,-1,563,638,564,-1,564,638,639,-1,564,639,565,-1,565,639,640,-1,565,640,566,-1,566,640,641,-1,566,641,567,-1,567,641,642,-1,567,642,568,-1,568,642,643,-1,568,643,569,-1,569,643,644,-1,569,644,570,-1,570,644,645,-1,570,645,571,-1,571,645,646,-1,571,646,572,-1,572,646,647,-1,572,647,573,-1,573,647,648,-1,573,648,574,-1,574,648,649,-1,574,649,575,-1,575,649,650,-1,575,650,576,-1,576,650,651,-1,576,651,577,-1,577,651,652,-1,577,652,578,-1,578,652,653,-1,578,653,579,-1,579,653,654,-1,579,654,580,-1,580,654,655,-1,580,655,581,-1,581,655,656,-1,581,656,582,-1,582,656,657,-1,582,657,583,-1,583,657,658,-1,583,658,584,-1,584,658,659,-1,584,659,585,-1,585,659,660,-1,585,660,586,-1,586,660,661,-1,586,661,587,-1,587,661,662,-1,587,662,588,-1,588,662,663,-1,588,663,589,-1,589,663,664,-1,589,664,590,-1,590,664,665,-1,590,665,591,-1,591,665,666,-1,591,666,592,-1,592,666,667,-1,592,667,593,-1,593,667,668,-1,593,668,594,-1,594,668,669,-1,594,669,595,-1,595,669,670,-1,595,670,596,-1,596,670,671,-1,596,671,597,-1,597,671,672,-1,597,672,598,-1,598,672,673,-1,598,673,599,-1,599,673,674,-1,599,674,600,-1,600,674,675,-1,600,675,601,-1,601,675,676,-1,601,676,602,-1,602,676,677,-1,602,677,603,-1,603,677,678,-1,603,678,604,-1,604,678,679,-1,604,679,605,-1,605,679,680,-1,605,680,606,-1,606,680,681,-1,606,681,607,-1,607,681,682,-1,607,682,608,-1,608,682,683,-1,608,683,609,-1,609,683,684,-1,609,684,610,-1,610,684,685,-1,610,685,611,-1,611,685,686,-1,611,686,612,-1,612,686,687,-1,612,687,613,-1,613,687,688,-1,613,688,614,-1,614,688,689,-1,614,689,615,-1,615,689,690,-1,615,690,616,-1,616,690,691,-1,616,691,617,-1,617,691,692,-1,617,692,618,-1,618,692,693,-1,618,693,619,-1,619,693,694,-1,619,694,620,-1,620,694,695,-1,620,695,621,-1,621,695,696,-1,621,696,622,-1,622,696,697,-1,622,697,623,-1,623,697,698,-1,623,698,624,-1,624,698,625,-1,698,699,625,-1,625,699,700,-1,625,700,626,-1,626,700,701,-1,626,701,627,-1,627,701,702,-1,627,702,628,-1,628,702,703,-1,628,703,629,-1,629,703,704,-1,629,704,630,-1,630,704,705,-1,630,705,631,-1,631,705,706,-1,631,706,632,-1,632,706,707,-1,632,707,633,-1,633,707,708,-1,633,708,634,-1,634,708,709,-1,634,709,635,-1,635,709,710,-1,635,710,636,-1,636,710,711,-1,636,711,637,-1,637,711,712,-1,637,712,638,-1,638,712,713,-1,638,713,639,-1,639,713,714,-1,639,714,640,-1,640,714,715,-1,640,715,641,-1,641,715,716,-1,641,716,642,-1,642,716,717,-1,642,717,643,-1,643,717,718,-1,643,718,644,-1,644,718,719,-1,644,719,645,-1,645,719,720,-1,645,720,646,-1,646,720,721,-1,646,721,647,-1,647,721,722,-1,647,722,648,-1,648,722,723,-1,648,723,649,-1,649,723,724,-1,649,724,650,-1,650,724,725,-1,650,725,651,-1,651,725,726,-1,651,726,652,-1,652,726,727,-1,652,727,653,-1,653,727,728,-1,653,728,654,-1,654,728,729,-1,654,729,655,-1,655,729,730,-1,655,730,656,-1,656,730,731,-1,656,731,657,-1,657,731,732,-1,657,732,658,-1,658,732,733,-1,658,733,659,-1,659,733,734,-1,659,734,660,-1,660,734,735,-1,660,735,661,-1,661,735,736,-1,661,736,662,-1,662,736,737,-1,662,737,663,-1,663,737,738,-1,663,738,664,-1,664,738,739,-1,664,739,665,-1,665,739,740,-1,665,740,666,-1,666,740,741,-1,666,741,667,-1,667,741,742,-1,667,742,668,-1,668,742,743,-1,668,743,669,-1,669,743,744,-1,669,744,670,-1,670,744,745,-1,670,745,671,-1,671,745,746,-1,671,746,672,-1,672,746,747,-1,672,747,673,-1,673,747,748,-1,673,748,674,-1,674,748,749,-1,674,749,675,-1,675,749,750,-1,675,750,676,-1,676,750,751,-1,676,751,677,-1,677,751,752,-1,677,752,678,-1,678,752,753,-1,678,753,679,-1,679,753,754,-1,679,754,680,-1,680,754,755,-1,680,755,681,-1,681,755,756,-1,681,756,682,-1,682,756,757,-1,682,757,683,-1,683,757,758,-1,683,758,684,-1,684,758,759,-1,684,759,685,-1,685,759,760,-1,685,760,686,-1,686,760,761,-1,686,761,687,-1,687,761,762,-1,687,762,688,-1,688,762,763,-1,688,763,689,-1,689,763,764,-1,689,764,690,-1,690,764,765,-1,690,765,691,-1,691,765,766,-1,691,766,692,-1,692,766,767,-1,692,767,693,-1,693,767,768,-1,693,768,694,-1,694,768,769,-1,694,769,695,-1,695,769,770,-1,695,770,696,-1,696,770,771,-1,696,771,697,-1,697,771,772,-1,697,772,698,-1,698,772,699,-1,772,773,699,-1,699,773,774,-1,699,774,700,-1,700,774,775,-1,700,775,701,-1,701,775,776,-1,701,776,702,-1,702,776,777,-1,702,777,703,-1,703,777,778,-1,703,778,704,-1,704,778,779,-1,704,779,705,-1,705,779,780,-1,705,780,706,-1,706,780,781,-1,706,781,707,-1,707,781,782,-1,707,782,708,-1,708,782,783,-1,708,783,709,-1,709,783,784,-1,709,784,710,-1,710,784,785,-1,710,785,711,-1,711,785,786,-1,711,786,712,-1,712,786,787,-1,712,787,713,-1,713,787,788,-1,713,788,714,-1,714,788,789,-1,714,789,715,-1,715,789,790,-1,715,790,716,-1,716,790,791,-1,716,791,717,-1,717,791,792,-1,717,792,718,-1,718,792,793,-1,718,793,719,-1,719,793,794,-1,719,794,720,-1,720,794,795,-1,720,795,721,-1,721,795,796,-1,721,796,722,-1,722,796,797,-1,722,797,723,-1,723,797,798,-1,723,798,724,-1,724,798,799,-1,724,799,725,-1,725,799,800,-1,725,800,726,-1,726,800,801,-1,726,801,727,-1,727,801,802,-1,727,802,728,-1,728,802,803,-1,728,803,729,-1,729,803,804,-1,729,804,730,-1,730,804,805,-1,730,805,731,-1,731,805,806,-1,731,806,732,-1,732,806,807,-1,732,807,733,-1,733,807,808,-1,733,808,734,-1,734,808,809,-1,734,809,735,-1,735,809,810,-1,735,810,736,-1,736,810,811,-1,736,811,737,-1,737,811,812,-1,737,812,738,-1,738,812,813,-1,738,813,739,-1,739,813,814,-1,739,814,740,-1,740,814,815,-1,740,815,741,-1,741,815,816,-1,741,816,742,-1,742,816,817,-1,742,817,743,-1,743,817,818,-1,743,818,744,-1,744,818,819,-1,744,819,745,-1,745,819,820,-1,745,820,746,-1,746,820,821,-1,746,821,747,-1,747,821,822,-1,747,822,748,-1,748,822,823,-1,748,823,749,-1,749,823,824,-1,749,824,750,-1,750,824,825,-1,750,825,751,-1,751,825,826,-1,751,826,752,-1,752,826,827,-1,752,827,753,-1,753,827,828,-1,753,828,754,-1,754,828,829,-1,754,829,755,-1,755,829,830,-1,755,830,756,-1,756,830,831,-1,756,831,757,-1,757,831,832,-1,757,832,758,-1,758,832,833,-1,758,833,759,-1,759,833,834,-1,759,834,760,-1,760,834,835,-1,760,835,761,-1,761,835,836,-1,761,836,762,-1,762,836,837,-1,762,837,763,-1,763,837,838,-1,763,838,764,-1,764,838,839,-1,764,839,765,-1,765,839,840,-1,765,840,766,-1,766,840,841,-1,766,841,767,-1,767,841,842,-1,767,842,768,-1,768,842,843,-1,768,843,769,-1,769,843,844,-1,769,844,770,-1,770,844,845,-1,770,845,771,-1,771,845,846,-1,771,846,772,-1,772,846,773,-1,846,847,773,-1,773,847,848,-1,773,848,774,-1,774,848,849,-1,774,849,775,-1,775,849,850,-1,775,850,776,-1,776,850,851,-1,776,851,777,-1,777,851,852,-1,777,852,778,-1,778,852,853,-1,778,853,779,-1,779,853,854,-1,779,854,780,-1,780,854,855,-1,780,855,781,-1,781,855,856,-1,781,856,782,-1,782,856,857,-1,782,857,783,-1,783,857,858,-1,783,858,784,-1,784,858,859,-1,784,859,785,-1,785,859,860,-1,785,860,786,-1,786,860,861,-1,786,861,787,-1,787,861,862,-1,787,862,788,-1,788,862,863,-1,788,863,789,-1,789,863,864,-1,789,864,790,-1,790,864,865,-1,790,865,791,-1,791,865,866,-1,791,866,792,-1,792,866,867,-1,792,867,793,-1,793,867,868,-1,793,868,794,-1,794,868,869,-1,794,869,795,-1,795,869,870,-1,795,870,796,-1,796,870,871,-1,796,871,797,-1,797,871,872,-1,797,872,798,-1,798,872,873,-1,798,873,799,-1,799,873,874,-1,799,874,800,-1,800,874,875,-1,800,875,801,-1,801,875,876,-1,801,876,802,-1,802,876,877,-1,802,877,803,-1,803,877,878,-1,803,878,804,-1,804,878,879,-1,804,879,805,-1,805,879,880,-1,805,880,806,-1,806,880,881,-1,806,881,807,-1,807,881,882,-1,807,882,808,-1,808,882,883,-1,808,883,809,-1,809,883,884,-1,809,884,810,-1,810,884,885,-1,810,885,811,-1,811,885,886,-1,811,886,812,-1,812,886,887,-1,812,887,813,-1,813,887,888,-1,813,888,814,-1,814,888,889,-1,814,889,815,-1,815,889,890,-1,815,890,816,-1,816,890,891,-1,816,891,817,-1,817,891,892,-1,817,892,818,-1,818,892,893,-1,818,893,819,-1,819,893,894,-1,819,894,820,-1,820,894,895,-1,820,895,821,-1,821,895,896,-1,821,896,822,-1,822,896,897,-1,822,897,823,-1,823,897,898,-1,823,898,824,-1,824,898,899,-1,824,899,825,-1,825,899,900,-1,825,900,826,-1,826,900,901,-1,826,901,827,-1,827,901,902,-1,827,902,828,-1,828,902,903,-1,828,903,829,-1,829,903,904,-1,829,904,830,-1,830,904,905,-1,830,905,831,-1,831,905,906,-1,831,906,832,-1,832,906,907,-1,832,907,833,-1,833,907,908,-1,833,908,834,-1,834,908,909,-1,834,909,835,-1,835,909,910,-1,835,910,836,-1,836,910,911,-1,836,911,837,-1,837,911,912,-1,837,912,838,-1,838,912,913,-1,838,913,839,-1,839,913,914,-1,839,914,840,-1,840,914,915,-1,840,915,841,-1,841,915,916,-1,841,916,842,-1,842,916,917,-1,842,917,843,-1,843,917,918,-1,843,918,844,-1,844,918,919,-1,844,919,845,-1,845,919,920,-1,845,920,846,-1,846,920,847,-1,920,921,847,-1,847,921,922,-1,847,922,848,-1,848,922,923,-1,848,923,849,-1,849,923,924,-1,849,924,850,-1,850,924,925,-1,850,925,851,-1,851,925,926,-1,851,926,852,-1,852,926,927,-1,852,927,853,-1,853,927,928,-1,853,928,854,-1,854,928,929,-1,854,929,855,-1,855,929,930,-1,855,930,856,-1,856,930,931,-1,856,931,857,-1,857,931,932,-1,857,932,858,-1,858,932,933,-1,858,933,859,-1,859,933,934,-1,859,934,860,-1,860,934,935,-1,860,935,861,-1,861,935,936,-1,861,936,862,-1,862,936,937,-1,862,937,863,-1,863,937,938,-1,863,938,864,-1,864,938,939,-1,864,939,865,-1,865,939,940,-1,865,940,866,-1,866,940,941,-1,866,941,867,-1,867,941,942,-1,867,942,868,-1,868,942,943,-1,868,943,869,-1,869,943,944,-1,869,944,870,-1,870,944,945,-1,870,945,871,-1,871,945,946,-1,871,946,872,-1,872,946,947,-1,872,947,873,-1,873,947,948,-1,873,948,874,-1,874,948,949,-1,874,949,875,-1,875,949,950,-1,875,950,876,-1,876,950,951,-1,876,951,877,-1,877,951,952,-1,877,952,878,-1,878,952,953,-1,878,953,879,-1,879,953,954,-1,879,954,880,-1,880,954,955,-1,880,955,881,-1,881,955,956,-1,881,956,882,-1,882,956,957,-1,882,957,883,-1,883,957,958,-1,883,958,884,-1,884,958,959,-1,884,959,885,-1,885,959,960,-1,885,960,886,-1,886,960,961,-1,886,961,887,-1,887,961,962,-1,887,962,888,-1,888,962,963,-1,888,963,889,-1,889,963,964,-1,889,964,890,-1,890,964,965,-1,890,965,891,-1,891,965,966,-1,891,966,892,-1,892,966,967,-1,892,967,893,-1,893,967,968,-1,893,968,894,-1,894,968,969,-1,894,969,895,-1,895,969,970,-1,895,970,896,-1,896,970,971,-1,896,971,897,-1,897,971,972,-1,897,972,898,-1,898,972,973,-1,898,973,899,-1,899,973,974,-1,899,974,900,-1,900,974,975,-1,900,975,901,-1,901,975,976,-1,901,976,902,-1,902,976,977,-1,902,977,903,-1,903,977,978,-1,903,978,904,-1,904,978,979,-1,904,979,905,-1,905,979,980,-1,905,980,906,-1,906,980,981,-1,906,981,907,-1,907,981,982,-1,907,982,908,-1,908,982,983,-1,908,983,909,-1,909,983,984,-1,909,984,910,-1,910,984,985,-1,910,985,911,-1,911,985,986,-1,911,986,912,-1,912,986,987,-1,912,987,913,-1,913,987,988,-1,913,988,914,-1,914,988,989,-1,914,989,915,-1,915,989,990,-1,915,990,916,-1,916,990,991,-1,916,991,917,-1,917,991,992,-1,917,992,918,-1,918,992,993,-1,918,993,919,-1,919,993,994,-1,919,994,920,-1,920,994,921,-1,994,995,921,-1,921,995,996,-1,921,996,922,-1,922,996,997,-1,922,997,923,-1,923,997,998,-1,923,998,924,-1,924,998,999,-1,924,999,925,-1,925,999,1000,-1,925,1000,926,-1,926,1000,1001,-1,926,1001,927,-1,927,1001,1002,-1,927,1002,928,-1,928,1002,1003,-1,928,1003,929,-1,929,1003,1004,-1,929,1004,930,-1,930,1004,1005,-1,930,1005,931,-1,931,1005,1006,-1,931,1006,932,-1,932,1006,1007,-1,932,1007,933,-1,933,1007,1008,-1,933,1008,934,-1,934,1008,1009,-1,934,1009,935,-1,935,1009,1010,-1,935,1010,936,-1,936,1010,1011,-1,936,1011,937,-1,937,1011,1012,-1,937,1012,938,-1,938,1012,1013,-1,938,1013,939,-1,939,1013,1014,-1,939,1014,940,-1,940,1014,1015,-1,940,1015,941,-1,941,1015,1016,-1,941,1016,942,-1,942,1016,1017,-1,942,1017,943,-1,943,1017,1018,-1,943,1018,944,-1,944,1018,1019,-1,944,1019,945,-1,945,1019,1020,-1,945,1020,946,-1,946,1020,1021,-1,946,1021,947,-1,947,1021,1022,-1,947,1022,948,-1,948,1022,1023,-1,948,1023,949,-1,949,1023,1024,-1,949,1024,950,-1,950,1024,1025,-1,950,1025,951,-1,951,1025,1026,-1,951,1026,952,-1,952,1026,1027,-1,952,1027,953,-1,953,1027,1028,-1,953,1028,954,-1,954,1028,1029,-1,954,1029,955,-1,955,1029,1030,-1,955,1030,956,-1,956,1030,1031,-1,956,1031,957,-1,957,1031,1032,-1,957,1032,958,-1,958,1032,1033,-1,958,1033,959,-1,959,1033,1034,-1,959,1034,960,-1,960,1034,1035,-1,960,1035,961,-1,961,1035,1036,-1,961,1036,962,-1,962,1036,1037,-1,962,1037,963,-1,963,1037,1038,-1,963,1038,964,-1,964,1038,1039,-1,964,1039,965,-1,965,1039,1040,-1,965,1040,966,-1,966,1040,1041,-1,966,1041,967,-1,967,1041,1042,-1,967,1042,968,-1,968,1042,1043,-1,968,1043,969,-1,969,1043,1044,-1,969,1044,970,-1,970,1044,1045,-1,970,1045,971,-1,971,1045,1046,-1,971,1046,972,-1,972,1046,1047,-1,972,1047,973,-1,973,1047,1048,-1,973,1048,974,-1,974,1048,1049,-1,974,1049,975,-1,975,1049,1050,-1,975,1050,976,-1,976,1050,1051,-1,976,1051,977,-1,977,1051,1052,-1,977,1052,978,-1,978,1052,1053,-1,978,1053,979,-1,979,1053,1054,-1,979,1054,980,-1,980,1054,1055,-1,980,1055,981,-1,981,1055,1056,-1,981,1056,982,-1,982,1056,1057,-1,982,1057,983,-1,983,1057,1058,-1,983,1058,984,-1,984,1058,1059,-1,984,1059,985,-1,985,1059,1060,-1,985,1060,986,-1,986,1060,1061,-1,986,1061,987,-1,987,1061,1062,-1,987,1062,988,-1,988,1062,1063,-1,988,1063,989,-1,989,1063,1064,-1,989,1064,990,-1,990,1064,1065,-1,990,1065,991,-1,991,1065,1066,-1,991,1066,992,-1,992,1066,1067,-1,992,1067,993,-1,993,1067,1068,-1,993,1068,994,-1,994,1068,995,-1,1068,182,995,-1,995,182,185,-1,995,185,996,-1,996,185,184,-1,996,184,997,-1,997,184,183,-1,997,183,998,-1,998,183,188,-1,998,188,999,-1,999,188,187,-1,999,187,1000,-1,1000,187,186,-1,1000,186,1001,-1,1001,186,191,-1,1001,191,1002,-1,1002,191,190,-1,1002,190,1003,-1,1003,190,189,-1,1003,189,1004,-1,1004,189,194,-1,1004,194,1005,-1,1005,194,193,-1,1005,193,1006,-1,1006,193,192,-1,1006,192,1007,-1,1007,192,197,-1,1007,197,1008,-1,1008,197,196,-1,1008,196,1009,-1,1009,196,195,-1,1009,195,1010,-1,1010,195,200,-1,1010,200,1011,-1,1011,200,199,-1,1011,199,1012,-1,1012,199,198,-1,1012,198,1013,-1,1013,198,203,-1,1013,203,1014,-1,1014,203,202,-1,1014,202,1015,-1,1015,202,201,-1,1015,201,1016,-1,1016,201,206,-1,1016,206,1017,-1,1017,206,205,-1,1017,205,1018,-1,1018,205,204,-1,1018,204,1019,-1,1019,204,209,-1,1019,209,1020,-1,1020,209,208,-1,1020,208,1021,-1,1021,208,207,-1,1021,207,1022,-1,1022,207,212,-1,1022,212,1023,-1,1023,212,211,-1,1023,211,1024,-1,1024,211,210,-1,1024,210,1025,-1,1025,210,215,-1,1025,215,1026,-1,1026,215,214,-1,1026,214,1027,-1,1027,214,213,-1,1027,213,1028,-1,1028,213,218,-1,1028,218,1029,-1,1029,218,217,-1,1029,217,1030,-1,1030,217,216,-1,1030,216,1031,-1,1031,216,221,-1,1031,221,1032,-1,1032,221,220,-1,1032,220,1033,-1,1033,220,219,-1,1033,219,1034,-1,1034,219,224,-1,1034,224,1035,-1,1035,224,223,-1,1035,223,1036,-1,1036,223,222,-1,1036,222,1037,-1,1037,222,227,-1,1037,227,1038,-1,1038,227,226,-1,1038,226,1039,-1,1039,226,225,-1,1039,225,1040,-1,1040,225,230,-1,1040,230,1041,-1,1041,230,229,-1,1041,229,1042,-1,1042,229,228,-1,1042,228,1043,-1,1043,228,233,-1,1043,233,1044,-1,1044,233,232,-1,1044,232,1045,-1,1045,232,231,-1,1045,231,1046,-1,1046,231,236,-1,1046,236,1047,-1,1047,236,235,-1,1047,235,1048,-1,1048,235,234,-1,1048,234,1049,-1,1049,234,239,-1,1049,239,1050,-1,1050,239,238,-1,1050,238,1051,-1,1051,238,237,-1,1051,237,1052,-1,1052,237,242,-1,1052,242,1053,-1,1053,242,241,-1,1053,241,1054,-1,1054,241,240,-1,1054,240,1055,-1,1055,240,245,-1,1055,245,1056,-1,1056,245,244,-1,1056,244,1057,-1,1057,244,243,-1,1057,243,1058,-1,1058,243,248,-1,1058,248,1059,-1,1059,248,247,-1,1059,247,1060,-1,1060,247,246,-1,1060,246,1061,-1,1061,246,251,-1,1061,251,1062,-1,1062,251,250,-1,1062,250,1063,-1,1063,250,249,-1,1063,249,1064,-1,1064,249,253,-1,1064,253,1065,-1,1065,253,252,-1,1065,252,1066,-1,1066,252,180,-1,1066,180,1067,-1,1067,180,179,-1,1067,179,1068,-1,1068,179,182,-1,
        ]
    }
}
Shape{
    appearance Appearance {
        material  Material {
            diffuseColor 0.9686274509803922 0.8784313725490196 0.6
            specularColor 0.6784313725490196 0.615686274509804 0.4196078431372549
            ambientIntensity 0.8737
            transparency 0.0
            shininess 0.5
        }
    }
    geometry IndexedFaceSet {
        ccw TRUE
        solid FALSE
        coord DEF co Coordinate {
            point [
                1.128 0.8957 -0.7173, 1.1476 0.8957 -0.8189, 1.128 0.8366 -0.7173, 1.1476 0.8366 -0.8189, 1.1949 0.8366 -0.8189, 1.1949 0.8957 -0.8189, 1.2146 0.8366 -0.7173, 1.2146 0.8957 -0.7173, 1.2146 0.8957 0.1654, 1.128 0.8957 0.1654, 1.128 0.8366 0.1654, 1.2146 0.8366 0.1654, 0.7933 0.8957 -0.7173, 0.813 0.8957 -0.8189, 0.7933 0.8366 -0.7173, 0.813 0.8366 -0.8189, 0.8602 0.8366 -0.8189, 0.8602 0.8957 -0.8189, 0.8799 0.8366 -0.7173, 0.8799 0.8957 -0.7173, 0.8799 0.8957 0.1654, 0.7933 0.8957 0.1654, 0.7933 0.8366 0.1654, 0.8799 0.8366 0.1654, 0.4587 0.8957 -0.7173, 0.4783 0.8957 -0.8189, 0.4587 0.8366 -0.7173, 0.4783 0.8366 -0.8189, 0.5256 0.8366 -0.8189, 0.5256 0.8957 -0.8189, 0.5453 0.8366 -0.7173, 0.5453 0.8957 -0.7173, 0.5453 0.8957 0.1654, 0.4587 0.8957 0.1654, 0.4587 0.8366 0.1654, 0.5453 0.8366 0.1654, 0.124 0.8957 -0.7173, 0.1437 0.8957 -0.8189, 0.124 0.8366 -0.7173, 0.1437 0.8366 -0.8189, 0.1909 0.8366 -0.8189, 0.1909 0.8957 -0.8189, 0.2106 0.8366 -0.7173, 0.2106 0.8957 -0.7173, 0.124 0.8957 0.1654, 0.1565 0.8957 0.1654, 0.2106 0.8957 0.1654, 0.124 0.8366 0.1654, 0.2106 0.8366 0.1654, 0.1565 0.8366 0.1654, -0.2106 0.8957 -0.7173, -0.1909 0.8957 -0.8189, -0.2106 0.8366 -0.7173, -0.1909 0.8366 -0.8189, -0.1437 0.8366 -0.8189, -0.1437 0.8957 -0.8189, -0.124 0.8366 -0.7173, -0.124 0.8957 -0.7173, -0.2106 0.8957 0.1654, -0.1452 0.8957 0.1654, -0.124 0.8957 0.1654, -0.2106 0.8366 0.1654, -0.124 0.8366 0.1654, -0.1452 0.8366 0.1654, -0.5453 0.8957 -0.7173, -0.5256 0.8957 -0.8189, -0.5453 0.8366 -0.7173, -0.5256 0.8366 -0.8189, -0.4783 0.8366 -0.8189, -0.4783 0.8957 -0.8189, -0.4587 0.8366 -0.7173, -0.4587 0.8957 -0.7173, -0.4587 0.8957 0.1654, -0.5453 0.8957 0.1654, -0.5453 0.8366 0.1654, -0.4587 0.8366 0.1654
            ]
        }
        coordIndex [
            0,1,2,-1,2,1,3,-1,4,3,5,-1,5,3,1,-1,6,4,7,-1,7,4,5,-1,5,1,7,-1,7,1,0,-1,7,0,8,-1,8,0,9,-1,2,10,0,-1,0,10,9,-1,11,10,6,-1,6,10,2,-1,6,2,4,-1,4,2,3,-1,7,8,6,-1,6,8,11,-1,12,13,14,-1,14,13,15,-1,16,15,17,-1,17,15,13,-1,18,16,19,-1,19,16,17,-1,17,13,19,-1,19,13,12,-1,19,12,20,-1,20,12,21,-1,14,22,12,-1,12,22,21,-1,23,22,18,-1,18,22,14,-1,18,14,16,-1,16,14,15,-1,19,20,18,-1,18,20,23,-1,24,25,26,-1,26,25,27,-1,28,27,29,-1,29,27,25,-1,30,28,31,-1,31,28,29,-1,29,25,31,-1,31,25,24,-1,31,24,32,-1,32,24,33,-1,26,34,24,-1,24,34,33,-1,35,34,30,-1,30,34,26,-1,30,26,28,-1,28,26,27,-1,31,32,30,-1,30,32,35,-1,36,37,38,-1,38,37,39,-1,40,39,41,-1,41,39,37,-1,42,40,43,-1,43,40,41,-1,43,41,37,-1,36,44,45,-1,36,45,37,-1,37,45,46,-1,37,46,43,-1,38,47,36,-1,36,47,44,-1,42,48,49,-1,40,42,39,-1,39,42,49,-1,39,49,38,-1,38,49,47,-1,43,46,42,-1,42,46,48,-1,50,51,52,-1,52,51,53,-1,54,53,55,-1,55,53,51,-1,56,54,57,-1,57,54,55,-1,50,58,59,-1,51,50,55,-1,55,50,59,-1,55,59,57,-1,57,59,60,-1,52,61,50,-1,50,61,58,-1,52,53,54,-1,56,62,63,-1,56,63,54,-1,54,63,61,-1,54,61,52,-1,57,60,56,-1,56,60,62,-1,64,65,66,-1,66,65,67,-1,68,67,69,-1,69,67,65,-1,70,68,71,-1,71,68,69,-1,69,65,71,-1,71,65,64,-1,71,64,72,-1,72,64,73,-1,66,74,64,-1,64,74,73,-1,75,74,70,-1,70,74,66,-1,70,66,68,-1,68,66,67,-1,71,72,70,-1,70,72,75,-1,
        ]
    }
}
Shape{
    appearance Appearance {
        material  Material {
            diffuseColor 0.10980392156862745 0.10980392156862745 0.10980392156862745
            specularColor 0.0784313725490196 0.0784313725490196 0.0784313725490196
            ambientIntensity 0.1098
            transparency 0.0
            shininess 0.5
        }
    }
    geometry IndexedFaceSet {
        ccw TRUE
        solid FALSE
        coord DEF co Coordinate {
            point [
                0.0341 0.607 0.1654, -0.0293 0.607 0.1654, -0.0408 0.7225 0.1654, 0.1781 0.607 0.1654, 0.1608 0.607 0.1654, 0.1565 0.7225 0.1654, -0.2107 0.1053 0.1654, -0.3347 0.1053 0.1654, -0.3347 0.4882 0.1654, 0.0906 0.1053 0.1654, 0.0456 0.1053 0.1654, 0.0456 0.4882 0.1654, -1.2313 -0.0945 0.1654, -1.248 -0.0945 0.1654, -1.248 0.1053 0.1654, 0.2106 0.3642 0.1654, 0.1565 0.3642 0.1654, 0.1565 0.4882 0.1654, 0.1565 0.8366 0.1654, 0.2106 0.8366 0.1654, 0.363 0.7225 0.1654, 0.363 1.0866 0.1654, 0.2106 0.8957 0.1654, 0.1565 1.0866 0.1654, 0.1565 0.8957 0.1654, 0.0906 1.0866 0.1654, 0.124 0.8957 0.1654, 0.124 0.8366 0.1654, 0.0906 0.7225 0.1654, -0.1452 0.7225 0.1654, -0.1452 0.8366 0.1654, -0.124 0.8366 0.1654, -0.124 0.8957 0.1654, -0.0408 1.0866 0.1654, -0.1452 1.0866 0.1654, -0.1452 0.8957 0.1654, -0.2107 1.0866 0.1654, -0.2106 0.8366 0.1654, -0.2107 0.7225 0.1654, -0.2106 0.8957 0.1654, -0.0408 0.4882 0.1654, -0.0695 0.4882 0.1654, -0.066 0.4884 0.1654, -0.0657 0.5023 0.1654, -0.08 0.5004 0.1654, -0.0858 0.5021 0.1654, -0.0523 0.4922 0.1654, -0.0523 0.508 0.1654, -0.0523 0.5879 0.1654, -0.0669 0.5938 0.1654, -0.0826 0.5955 0.1654, -0.1402 0.5502 0.1654, -0.1387 0.5435 0.1654, -0.1452 0.4882 0.1654, -0.1305 0.5164 0.1654, -0.1245 0.5064 0.1654, -0.1124 0.5145 0.1654, -0.1165 0.5194 0.1654, -0.0959 0.5924 0.1654, -0.1197 0.5256 0.1654, -0.1223 0.5348 0.1654, -0.1243 0.5492 0.1654, -0.1216 0.5635 0.1654, -0.1042 0.5893 0.1654, -0.0523 0.6009 0.1654, -0.0681 0.6068 0.1654, -0.0848 0.6085 0.1654, -0.094 0.6061 0.1654, -0.1164 0.5979 0.1654, -0.125 0.5921 0.1654, -0.1301 0.5863 0.1654, -0.1052 0.5095 0.1654, -0.1174 0.576 0.1654, -0.1134 0.5823 0.1654, -0.1098 0.5859 0.1654, -0.1185 0.5005 0.1654, -0.1106 0.4957 0.1654, -0.0989 0.4915 0.1654, -0.1341 0.5788 0.1654, -0.1374 0.5677 0.1654, -0.0801 0.4875 0.1654, -0.124 0.3642 0.1654, -0.0835 0.4882 0.1654, -0.1452 0.3642 0.1654, 0.0893 0.607 0.1654, 0.0456 0.7225 0.1654, 0.0571 0.607 0.1654, 0.0571 0.4889 0.1654, 0.0905 0.4889 0.1654, 0.0906 0.4882 0.1654, 0.0906 0.4889 0.1654, 0.0988 0.4906 0.1654, 0.124 0.498 0.1654, 0.1411 0.5801 0.1654, 0.1347 0.5898 0.1654, 0.1285 0.5955 0.1654, 0.1335 0.5037 0.1654, 0.1394 0.5094 0.1654, 0.144 0.5171 0.1654, 0.1481 0.5284 0.1654, 0.1522 0.5465 0.1654, 0.1504 0.5536 0.1654, 0.1203 0.6 0.1654, 0.1083 0.6037 0.1654, 0.0906 0.6068 0.1654, -0.2108 0.4889 0.1654, -0.2107 0.4889 0.1654, -0.2107 0.4882 0.1654, -0.1949 0.4889 0.1654, -0.1949 0.5941 0.1654, -0.1503 0.5941 0.1654, -0.1503 0.607 0.1654, -0.2107 0.607 0.1654, -0.3347 0.7225 0.1654, -0.2106 0.3642 0.1654, -0.2106 0.3051 0.1654, 0.124 0.3642 0.1654, 0.124 0.3051 0.1654, 0.0456 -0.0945 0.1654, 0.0906 -0.0945 0.1654, 0.1565 -0.0945 0.1654, 0.1565 0.1053 0.1654, 0.363 -0.0945 0.1654, 0.363 0.1053 0.1654, 0.6693 -0.0945 0.1654, 0.6693 0.1053 0.1654, 1.0039 -0.0945 0.1654, 1.0039 0.1053 0.1654, 1.248 -0.0945 0.1654, 1.248 0.1053 0.1654, -1.2313 0.1053 0.1654, -1.0039 -0.0945 0.1654, -1.0039 0.1053 0.1654, -0.6693 -0.0945 0.1654, -0.6693 0.1053 0.1654, -0.3347 -0.0945 0.1654, -0.2107 -0.0945 0.1654, -0.1452 -0.0945 0.1654, -0.1452 0.1053 0.1654, -0.0408 -0.0945 0.1654, -0.0408 0.1053 0.1654, 1.2146 0.3642 0.1654, 1.248 0.4882 0.1654, 1.2146 0.3051 0.1654, 1.128 0.3051 0.1654, 1.128 0.3642 0.1654, 1.0039 0.4882 0.1654, 0.8799 0.3642 0.1654, 0.8799 0.3051 0.1654, 0.7933 0.3051 0.1654, 0.7933 0.3642 0.1654, 0.6693 0.4882 0.1654, 0.5453 0.3642 0.1654, 0.5453 0.3051 0.1654, 0.4587 0.3051 0.1654, 0.4587 0.3642 0.1654, 0.363 0.4882 0.1654, 0.2106 0.3051 0.1654, 0.1565 0.3051 0.1654, -0.124 0.3051 0.1654, -0.1452 0.3051 0.1654, -0.2108 0.607 0.1654, -0.4587 0.3642 0.1654, -0.4587 0.3051 0.1654, -0.5453 0.3051 0.1654, -0.5453 0.3642 0.1654, -0.6693 0.4882 0.1654, -0.7933 0.3642 0.1654, -0.7933 0.3051 0.1654, -0.8799 0.3051 0.1654, -0.8799 0.3642 0.1654, -1.0039 0.4882 0.1654, -1.2313 0.4882 0.1654, -1.2146 0.3642 0.1654, -1.2146 0.3051 0.1654, -1.128 0.3642 0.1654, -1.128 0.3051 0.1654, 0.6693 0.7225 0.1654, 1.0039 0.7225 0.1654, 1.248 0.7225 0.1654, 0.2055 0.4889 0.1654, 0.2213 0.4889 0.1654, 0.2674 0.607 0.1654, 0.2501 0.607 0.1654, 0.2382 0.5739 0.1654, 0.1894 0.5739 0.1654, -0.0293 0.4889 0.1654, 0.0312 0.4889 0.1654, 0.0312 0.5019 0.1654, -0.0134 0.5019 0.1654, -0.0134 0.5408 0.1654, 0.0283 0.5408 0.1654, 0.0283 0.5537 0.1654, -0.0134 0.5537 0.1654, -0.0134 0.5941 0.1654, 0.0341 0.5941 0.1654, -1.2313 0.7225 0.1654, -1.0039 0.7225 0.1654, -0.6693 0.7225 0.1654, 1.2146 0.8366 0.1654, 1.2146 0.8957 0.1654, 1.128 0.8366 0.1654, 1.128 0.8957 0.1654, 1.0039 1.0866 0.1654, 1.248 1.0866 0.1654, 0.8799 0.8957 0.1654, 0.8799 0.8366 0.1654, 0.7933 0.8366 0.1654, 0.7933 0.8957 0.1654, 0.6693 1.0866 0.1654, 0.5453 0.8957 0.1654, 0.5453 0.8366 0.1654, 0.4587 0.8366 0.1654, 0.4587 0.8957 0.1654, 0.0456 1.0866 0.1654, -0.3347 1.0866 0.1654, -0.4587 0.8957 0.1654, -0.4587 0.8366 0.1654, -0.5453 0.8366 0.1654, -0.5453 0.8957 0.1654, -0.6693 1.0866 0.1654, -0.7933 0.8957 0.1654, -0.7933 0.8366 0.1654, -0.8799 0.8366 0.1654, -0.8799 0.8957 0.1654, -1.0039 1.0866 0.1654, -1.128 0.8957 0.1654, -1.128 0.8366 0.1654, -1.2146 0.8366 0.1654, -1.2146 0.8957 0.1654, -1.2313 1.0866 0.1654, -1.248 0.4882 0.1654, -1.248 0.7225 0.1654, -1.248 1.0866 0.1654
            ]
        }
        coordIndex [
            0,1,2,-1,3,4,5,-1,6,7,8,-1,9,10,11,-1,12,13,14,-1,15,16,17,-1,18,19,20,-1,20,19,21,-1,21,19,22,-1,21,22,23,-1,23,22,24,-1,23,24,25,-1,26,27,28,-1,28,27,5,-1,2,29,30,-1,31,32,33,-1,33,32,34,-1,34,32,35,-1,34,35,36,-1,30,29,37,-1,37,29,38,-1,37,38,39,-1,40,41,42,-1,43,44,45,-1,42,46,40,-1,40,46,47,-1,40,47,2,-1,2,47,48,-1,47,43,48,-1,48,43,45,-1,48,45,49,-1,49,45,50,-1,51,52,53,-1,53,52,54,-1,53,54,55,-1,56,57,58,-1,58,57,59,-1,58,59,60,-1,60,61,58,-1,58,61,62,-1,58,62,63,-1,48,64,2,-1,2,64,65,-1,2,65,29,-1,29,65,66,-1,29,66,67,-1,67,68,29,-1,29,68,69,-1,29,69,70,-1,50,45,58,-1,58,45,71,-1,58,71,56,-1,72,73,62,-1,62,73,74,-1,62,74,63,-1,55,75,53,-1,53,75,76,-1,53,76,77,-1,70,78,29,-1,29,78,79,-1,29,79,51,-1,80,81,82,-1,82,81,83,-1,28,84,85,-1,85,84,86,-1,85,86,11,-1,87,88,89,-1,88,90,89,-1,89,90,91,-1,89,91,17,-1,17,91,92,-1,93,94,5,-1,5,94,95,-1,92,96,17,-1,17,96,97,-1,17,97,98,-1,98,99,17,-1,17,99,100,-1,17,100,5,-1,5,100,101,-1,5,101,93,-1,95,102,5,-1,5,102,103,-1,5,103,28,-1,28,103,104,-1,28,104,84,-1,105,106,107,-1,107,106,108,-1,107,108,53,-1,108,109,53,-1,53,109,110,-1,53,110,111,-1,51,53,29,-1,29,53,111,-1,29,111,38,-1,38,111,112,-1,38,112,113,-1,77,82,53,-1,53,82,83,-1,53,83,107,-1,107,83,114,-1,107,114,115,-1,17,16,89,-1,89,16,116,-1,89,116,117,-1,118,10,119,-1,119,10,9,-1,119,9,120,-1,120,9,121,-1,120,121,122,-1,122,121,123,-1,122,123,124,-1,124,123,125,-1,124,125,126,-1,126,125,127,-1,126,127,128,-1,128,127,129,-1,12,130,131,-1,131,130,132,-1,131,132,133,-1,133,132,134,-1,133,134,135,-1,135,134,7,-1,135,7,136,-1,136,7,6,-1,136,6,137,-1,137,6,138,-1,137,138,139,-1,139,138,140,-1,139,140,118,-1,141,142,143,-1,143,142,129,-1,143,129,144,-1,144,129,127,-1,144,127,145,-1,145,127,146,-1,145,146,141,-1,141,146,142,-1,147,146,148,-1,148,146,127,-1,148,127,149,-1,149,127,125,-1,149,125,150,-1,150,125,151,-1,150,151,147,-1,147,151,146,-1,152,151,153,-1,153,151,125,-1,153,125,154,-1,154,125,123,-1,154,123,155,-1,155,123,156,-1,155,156,152,-1,152,156,151,-1,15,156,157,-1,157,156,123,-1,157,123,158,-1,158,123,121,-1,158,121,117,-1,117,121,9,-1,117,9,89,-1,89,9,11,-1,89,11,87,-1,87,11,86,-1,80,41,81,-1,81,41,40,-1,81,40,159,-1,159,40,140,-1,159,140,160,-1,160,140,138,-1,160,138,115,-1,115,138,6,-1,115,6,107,-1,107,6,8,-1,107,8,105,-1,105,8,161,-1,162,8,163,-1,163,8,7,-1,163,7,164,-1,164,7,134,-1,164,134,165,-1,165,134,166,-1,165,166,162,-1,162,166,8,-1,167,166,168,-1,168,166,134,-1,168,134,169,-1,169,134,132,-1,169,132,170,-1,170,132,171,-1,170,171,167,-1,167,171,166,-1,172,173,174,-1,173,172,175,-1,175,172,171,-1,175,171,176,-1,176,171,132,-1,176,132,174,-1,174,132,130,-1,174,130,172,-1,156,20,151,-1,151,20,177,-1,151,177,146,-1,146,177,178,-1,146,178,142,-1,142,178,179,-1,5,4,17,-1,17,4,180,-1,17,180,181,-1,15,17,156,-1,156,17,181,-1,156,181,20,-1,20,181,182,-1,20,182,183,-1,184,185,183,-1,183,185,3,-1,183,3,20,-1,20,3,5,-1,20,5,18,-1,18,5,27,-1,2,1,40,-1,40,1,186,-1,40,186,187,-1,118,140,10,-1,10,140,40,-1,10,40,11,-1,11,40,187,-1,11,187,188,-1,189,190,188,-1,188,190,191,-1,188,191,11,-1,11,191,192,-1,193,194,192,-1,192,194,195,-1,192,195,11,-1,11,195,0,-1,11,0,85,-1,85,0,2,-1,172,196,171,-1,171,196,197,-1,171,197,166,-1,166,197,198,-1,166,198,8,-1,8,198,113,-1,8,113,161,-1,161,113,112,-1,179,199,200,-1,199,179,201,-1,201,179,178,-1,201,178,202,-1,202,178,203,-1,202,203,200,-1,200,203,204,-1,200,204,179,-1,205,203,206,-1,206,203,178,-1,206,178,207,-1,207,178,177,-1,207,177,208,-1,208,177,209,-1,208,209,205,-1,205,209,203,-1,210,209,211,-1,211,209,177,-1,211,177,212,-1,212,177,20,-1,212,20,213,-1,213,20,21,-1,213,21,210,-1,210,21,209,-1,30,31,2,-1,2,31,33,-1,2,33,85,-1,85,33,214,-1,85,214,28,-1,28,214,25,-1,28,25,26,-1,26,25,24,-1,113,215,38,-1,38,215,36,-1,38,36,39,-1,39,36,35,-1,216,215,217,-1,217,215,113,-1,217,113,218,-1,218,113,198,-1,218,198,219,-1,219,198,220,-1,219,220,216,-1,216,220,215,-1,221,220,222,-1,222,220,198,-1,222,198,223,-1,223,198,197,-1,223,197,224,-1,224,197,225,-1,224,225,221,-1,221,225,220,-1,226,225,227,-1,227,225,197,-1,227,197,228,-1,228,197,196,-1,228,196,229,-1,229,196,230,-1,229,230,226,-1,226,230,225,-1,12,14,130,-1,130,14,231,-1,130,231,172,-1,172,231,232,-1,172,232,196,-1,196,232,233,-1,196,233,230,-1,
        ]
    }
}
Shape{
    appearance Appearance {
        material  Material {
            diffuseColor 0.9686274509803922 0.8784313725490196 0.6
            specularColor 0.6784313725490196 0.615686274509804 0.4196078431372549
            ambientIntensity 0.8737
            transparency 0.0
            shininess 0.5
        }
    }
    geometry IndexedFaceSet {
        ccw TRUE
        solid FALSE
        coord DEF co Coordinate {
            point [
                1.128 0.3642 -0.7173, 1.1476 0.3642 -0.8189, 1.128 0.3051 -0.7173, 1.1476 0.3051 -0.8189, 1.1949 0.3051 -0.8189, 1.1949 0.3642 -0.8189, 1.2146 0.3051 -0.7173, 1.2146 0.3642 -0.7173, 1.2146 0.3642 0.1654, 1.128 0.3642 0.1654, 1.128 0.3051 0.1654, 1.2146 0.3051 0.1654, 0.7933 0.3642 -0.7173, 0.813 0.3642 -0.8189, 0.7933 0.3051 -0.7173, 0.813 0.3051 -0.8189, 0.8602 0.3051 -0.8189, 0.8602 0.3642 -0.8189, 0.8799 0.3051 -0.7173, 0.8799 0.3642 -0.7173, 0.8799 0.3642 0.1654, 0.7933 0.3642 0.1654, 0.7933 0.3051 0.1654, 0.8799 0.3051 0.1654, 0.4587 0.3642 -0.7173, 0.4783 0.3642 -0.8189, 0.4587 0.3051 -0.7173, 0.4783 0.3051 -0.8189, 0.5256 0.3051 -0.8189, 0.5256 0.3642 -0.8189, 0.5453 0.3051 -0.7173, 0.5453 0.3642 -0.7173, 0.5453 0.3642 0.1654, 0.4587 0.3642 0.1654, 0.4587 0.3051 0.1654, 0.5453 0.3051 0.1654, 0.124 0.3642 -0.7173, 0.1437 0.3642 -0.8189, 0.124 0.3051 -0.7173, 0.1437 0.3051 -0.8189, 0.1909 0.3051 -0.8189, 0.1909 0.3642 -0.8189, 0.2106 0.3051 -0.7173, 0.2106 0.3642 -0.7173, 0.124 0.3642 0.1654, 0.1565 0.3642 0.1654, 0.2106 0.3642 0.1654, 0.124 0.3051 0.1654, 0.2106 0.3051 0.1654, 0.1565 0.3051 0.1654, -0.2106 0.3642 -0.7173, -0.1909 0.3642 -0.8189, -0.2106 0.3051 -0.7173, -0.1909 0.3051 -0.8189, -0.1437 0.3051 -0.8189, -0.1437 0.3642 -0.8189, -0.124 0.3051 -0.7173, -0.124 0.3642 -0.7173, -0.2106 0.3642 0.1654, -0.1452 0.3642 0.1654, -0.124 0.3642 0.1654, -0.2106 0.3051 0.1654, -0.124 0.3051 0.1654, -0.1452 0.3051 0.1654, -0.5453 0.3642 -0.7173, -0.5256 0.3642 -0.8189, -0.5453 0.3051 -0.7173, -0.5256 0.3051 -0.8189, -0.4783 0.3051 -0.8189, -0.4783 0.3642 -0.8189, -0.4587 0.3051 -0.7173, -0.4587 0.3642 -0.7173, -0.4587 0.3642 0.1654, -0.5453 0.3642 0.1654, -0.5453 0.3051 0.1654, -0.4587 0.3051 0.1654
            ]
        }
        coordIndex [
            0,1,2,-1,2,1,3,-1,4,3,5,-1,5,3,1,-1,6,4,7,-1,7,4,5,-1,5,1,7,-1,7,1,0,-1,7,0,8,-1,8,0,9,-1,2,10,0,-1,0,10,9,-1,11,10,6,-1,6,10,2,-1,6,2,4,-1,4,2,3,-1,7,8,6,-1,6,8,11,-1,12,13,14,-1,14,13,15,-1,16,15,17,-1,17,15,13,-1,18,16,19,-1,19,16,17,-1,17,13,19,-1,19,13,12,-1,19,12,20,-1,20,12,21,-1,14,22,12,-1,12,22,21,-1,23,22,18,-1,18,22,14,-1,18,14,16,-1,16,14,15,-1,19,20,18,-1,18,20,23,-1,24,25,26,-1,26,25,27,-1,28,27,29,-1,29,27,25,-1,30,28,31,-1,31,28,29,-1,29,25,31,-1,31,25,24,-1,31,24,32,-1,32,24,33,-1,26,34,24,-1,24,34,33,-1,35,34,30,-1,30,34,26,-1,30,26,28,-1,28,26,27,-1,31,32,30,-1,30,32,35,-1,36,37,38,-1,38,37,39,-1,40,39,41,-1,41,39,37,-1,42,40,43,-1,43,40,41,-1,43,41,37,-1,36,44,45,-1,36,45,37,-1,37,45,46,-1,37,46,43,-1,38,47,36,-1,36,47,44,-1,42,48,49,-1,40,42,39,-1,39,42,49,-1,39,49,38,-1,38,49,47,-1,43,46,42,-1,42,46,48,-1,50,51,52,-1,52,51,53,-1,54,53,55,-1,55,53,51,-1,56,54,57,-1,57,54,55,-1,50,58,59,-1,51,50,55,-1,55,50,59,-1,55,59,57,-1,57,59,60,-1,52,61,50,-1,50,61,58,-1,52,53,54,-1,56,62,63,-1,56,63,54,-1,54,63,61,-1,54,61,52,-1,57,60,56,-1,56,60,62,-1,64,65,66,-1,66,65,67,-1,68,67,69,-1,69,67,65,-1,70,68,71,-1,71,68,69,-1,69,65,71,-1,71,65,64,-1,71,64,72,-1,72,64,73,-1,66,74,64,-1,64,74,73,-1,75,74,70,-1,70,74,66,-1,70,66,68,-1,68,66,67,-1,71,72,70,-1,70,72,75,-1,
        ]
    }
}
Shape{
    appearance Appearance {
        material  Material {
            diffuseColor 0.10980392156862745 0.10980392156862745 0.10980392156862745
            specularColor 0.0784313725490196 0.0784313725490196 0.0784313725490196
            ambientIntensity 0.1098
            transparency 0.0
            shininess 0.5
        }
    }
    geometry IndexedFaceSet {
        ccw TRUE
        solid FALSE
        coord DEF co Coordinate {
            point [
                1.4647 -0.2913 0.4921, 1.4696 -0.2913 0.5039, 1.334 -0.2913 0.5039, 1.4506 -0.2913 0.4697, 1.2552 -0.2913 0.4961, -1.3583 -0.2913 0.4252, 1.3583 -0.2913 0.4252, -0.227 -0.2913 0.4961, -0.227 -0.2913 0.5039, -0.3335 -0.2913 0.5039, -0.3335 -0.2913 0.4961, -0.4122 -0.2913 0.4961, -1.1533 -0.2913 0.5039, -1.2598 -0.2913 0.5039, -1.1533 -0.2913 0.4961, -1.2598 -0.2913 0.4961, 1.334 -0.2913 0.4961, 1.0699 -0.2913 0.4961, 1.0699 -0.2913 0.5039, 0.9634 -0.2913 0.5039, 0.5141 -0.2913 0.4961, 0.5141 -0.2913 0.5039, 0.4076 -0.2913 0.5039, -1.3386 -0.2913 0.5039, -1.4696 -0.2913 0.5039, -1.4647 -0.2913 0.4921, 1.3845 -0.2913 0.4282, 1.4095 -0.2913 0.4369, 1.4319 -0.2913 0.451, 0.9634 -0.2913 0.4961, 0.8847 -0.2913 0.4961, 0.4076 -0.2913 0.4961, 0.3289 -0.2913 0.4961, -0.5975 -0.2913 0.4961, -0.5188 -0.2913 0.4961, -0.5188 -0.2913 0.5039, -0.4122 -0.2913 0.5039, -1.0746 -0.2913 0.4961, -1.3845 -0.2913 0.4282, -1.3386 -0.2913 0.4961, -1.4506 -0.2913 0.4697, -1.4319 -0.2913 0.451, -1.4095 -0.2913 0.4369, 1.2552 -0.2913 0.5039, 1.1487 -0.2913 0.5039, 1.1487 -0.2913 0.4961, 0.8847 -0.2913 0.5039, 0.7781 -0.2913 0.5039, 0.7781 -0.2913 0.4961, 0.6994 -0.2913 0.4961, 0.1436 -0.2913 0.4961, 0.1436 -0.2913 0.5039, 0.0371 -0.2913 0.5039, -0.968 -0.2913 0.4961, -0.968 -0.2913 0.5039, -1.0746 -0.2913 0.5039, 0.5929 -0.2913 0.4961, 0.5929 -0.2913 0.5039, 0.6994 -0.2913 0.5039, 0.0371 -0.2913 0.4961, -0.0417 -0.2913 0.4961, -0.5975 -0.2913 0.5039, -0.704 -0.2913 0.5039, -0.704 -0.2913 0.4961, -0.7828 -0.2913 0.4961, 0.2223 -0.2913 0.4961, 0.2223 -0.2913 0.5039, 0.3289 -0.2913 0.5039, -0.8893 -0.2913 0.4961, -0.8893 -0.2913 0.5039, -0.7828 -0.2913 0.5039, -0.1482 -0.2913 0.4961, -0.1482 -0.2913 0.5039, -0.0417 -0.2913 0.5039, 1.1487 -1.3937 0.5039, 1.2552 -1.3937 0.5039, 0.9634 -1.3937 0.5039, 1.0699 -1.3937 0.5039, 0.7781 -1.3937 0.5039, 0.8847 -1.3937 0.5039, 0.5929 -1.3937 0.5039, 0.6994 -1.3937 0.5039, 0.4076 -1.3937 0.5039, 0.5141 -1.3937 0.5039, 0.0371 -1.3937 0.5039, 0.1436 -1.3937 0.5039, -0.1482 -1.3937 0.5039, -0.0417 -1.3937 0.5039, -0.5188 -1.3937 0.5039, -0.4122 -1.3937 0.5039, -0.704 -1.3937 0.5039, -0.5975 -1.3937 0.5039, -0.8893 -1.3937 0.5039, -0.7828 -1.3937 0.5039, -1.0746 -1.3937 0.5039, -0.968 -1.3937 0.5039, -1.2598 -1.3937 0.5039, -1.1533 -1.3937 0.5039, -0.3335 -1.3937 0.5039, -0.227 -1.3937 0.5039, 0.2223 -1.3937 0.5039, 0.3289 -1.3937 0.5039, -1.4696 -1.3937 0.5039, -1.3386 -1.3937 0.5039, 1.4696 -1.3937 0.8189, 1.4696 -0.2913 0.8189, 1.334 -1.3937 0.8189, 1.334 -0.2913 0.8189, 1.2552 -0.2913 0.8189, 1.1487 -0.2913 0.8189, 1.2552 -1.3937 0.8189, 1.1487 -1.3937 0.8189, 1.0699 -0.2913 0.8189, 0.9634 -0.2913 0.8189, 1.0699 -1.3937 0.8189, 0.9634 -1.3937 0.8189, 0.8847 -0.2913 0.8189, 0.7781 -0.2913 0.8189, 0.8847 -1.3937 0.8189, 0.7781 -1.3937 0.8189, 0.6994 -0.2913 0.8189, 0.5929 -0.2913 0.8189, 0.6994 -1.3937 0.8189, 0.5929 -1.3937 0.8189, 0.3289 -1.3937 0.8189, 0.3289 -0.2913 0.8189, 0.2223 -1.3937 0.8189, 0.2223 -0.2913 0.8189, 0.1436 -0.2913 0.8189, 0.0371 -0.2913 0.8189, 0.1436 -1.3937 0.8189, 0.0371 -1.3937 0.8189, -0.227 -1.3937 0.8189, -0.227 -0.2913 0.8189, -0.3335 -1.3937 0.8189, -0.3335 -0.2913 0.8189, -0.4122 -0.2913 0.8189, -0.5188 -0.2913 0.8189, -0.4122 -1.3937 0.8189, -0.5188 -1.3937 0.8189, -1.4647 -0.2913 0.8308, -1.4696 -0.2913 0.8189, -1.3386 -0.2913 0.8189, -0.8893 -0.2913 0.8268, -0.8893 -0.2913 0.8189, -0.7828 -0.2913 0.8189, -1.4506 -0.2913 0.8532, -1.3845 -0.2913 0.8947, -1.4095 -0.2913 0.8859, -1.3386 -0.2913 0.8268, -0.3335 -0.2913 0.8268, -1.4319 -0.2913 0.8719, 0.9634 -0.2913 0.8268, -1.2598 -0.2913 0.8189, -1.1533 -0.2913 0.8189, -1.2598 -0.2913 0.8268, -1.1533 -0.2913 0.8268, -0.7828 -0.2913 0.8268, -0.704 -0.2913 0.8268, 1.3583 -0.2913 0.8976, 1.1487 -0.2913 0.8268, 1.2552 -0.2913 0.8268, 1.4647 -0.2913 0.8308, 1.0699 -0.2913 0.8268, 1.3845 -0.2913 0.8947, 1.334 -0.2913 0.8268, -1.3583 -0.2913 0.8976, -1.0746 -0.2913 0.8268, -0.227 -0.2913 0.8268, -0.1482 -0.2913 0.8268, 1.4506 -0.2913 0.8532, 1.4319 -0.2913 0.8719, 1.4095 -0.2913 0.8859, -0.704 -0.2913 0.8189, -0.5975 -0.2913 0.8189, -0.5975 -0.2913 0.8268, -0.5188 -0.2913 0.8268, -0.4122 -0.2913 0.8268, 0.0371 -0.2913 0.8268, -1.0746 -0.2913 0.8189, -0.968 -0.2913 0.8189, -0.968 -0.2913 0.8268, 0.1436 -0.2913 0.8268, 0.2223 -0.2913 0.8268, -0.0417 -0.2913 0.8268, -0.0417 -0.2913 0.8189, -0.1482 -0.2913 0.8189, 0.5141 -0.2913 0.8268, 0.5929 -0.2913 0.8268, 0.4076 -0.2913 0.8268, 0.4076 -0.2913 0.8189, 0.5141 -0.2913 0.8189, 0.3289 -0.2913 0.8268, 0.6994 -0.2913 0.8268, 0.7781 -0.2913 0.8268, 0.8847 -0.2913 0.8268, -0.5975 -1.3937 0.8189, -0.704 -1.3937 0.8189, -0.7828 -1.3937 0.8189, -0.8893 -1.3937 0.8189, -0.968 -1.3937 0.8189, -1.0746 -1.3937 0.8189, -0.0417 -1.3937 0.8189, -0.1482 -1.3937 0.8189, 0.5141 -1.3937 0.8189, 0.4076 -1.3937 0.8189, -1.1533 -1.3937 0.8189, -1.2598 -1.3937 0.8189, -1.4764 -0.2913 0.5433, -1.4734 -0.2913 0.517, -1.4764 -0.2913 0.7795, -1.4734 -0.2913 0.8058, 1.4734 -0.2913 0.517, 1.4764 -0.2913 0.5433, 1.4764 -0.2913 0.7795, 1.4734 -0.2913 0.8058, 1.3339 -0.0945 1.1478, 1.3583 -0.0945 0.8976, 1.4154 -0.0945 1.1193, 1.3845 -0.0945 0.8947, 1.4886 -0.0945 1.0733, 1.4095 -0.0945 0.8859, 1.5497 -0.0945 1.0122, 1.4319 -0.0945 0.8719, 1.5956 -0.0945 0.9391, -1.5956 -0.0945 0.9391, -1.6242 -0.0945 0.8575, -1.4734 -0.0945 0.8058, 1.4506 -0.0945 0.8532, 1.4647 -0.0945 0.8308, 1.6242 -0.0945 0.8575, 1.4734 -0.0945 0.8058, 1.6339 -0.0945 0.7717, 1.4764 -0.0945 0.7795, 1.6339 -0.0945 0.5512, 1.4764 -0.0945 0.5433, 1.6242 -0.0945 0.4653, 1.4734 -0.0945 0.517, 1.5956 -0.0945 0.3838, 1.4647 -0.0945 0.4921, 1.4506 -0.0945 0.4697, 1.5497 -0.0945 0.3106, 1.4319 -0.0945 0.451, 1.4886 -0.0945 0.2495, 1.4095 -0.0945 0.4369, 1.4154 -0.0945 0.2036, 1.3845 -0.0945 0.4282, 1.3339 -0.0945 0.175, 1.3583 -0.0945 0.4252, 1.248 -0.0945 0.1654, -1.4764 -0.0945 0.7795, -1.6339 -0.0945 0.7717, -1.4764 -0.0945 0.5433, -1.6339 -0.0945 0.5512, -1.4734 -0.0945 0.517, -1.6242 -0.0945 0.4653, -1.4647 -0.0945 0.4921, -1.5956 -0.0945 0.3838, -1.4506 -0.0945 0.4697, 1.248 -0.0945 1.1575, -1.248 -0.0945 1.1575, -1.3583 -0.0945 0.8976, -1.3339 -0.0945 1.1478, -1.3845 -0.0945 0.8947, -1.4154 -0.0945 1.1193, -1.4095 -0.0945 0.8859, -1.4886 -0.0945 1.0733, -1.4319 -0.0945 0.8719, -1.5497 -0.0945 1.0122, -1.4506 -0.0945 0.8532, -1.4647 -0.0945 0.8308, -1.2313 -0.0945 0.1654, -1.0039 -0.0945 0.1654, -1.3583 -0.0945 0.4252, -1.248 -0.0945 0.1654, -1.4319 -0.0945 0.451, -1.5497 -0.0945 0.3106, -1.4095 -0.0945 0.4369, -1.4886 -0.0945 0.2495, -1.3845 -0.0945 0.4282, -1.4154 -0.0945 0.2036, -1.3339 -0.0945 0.175, -0.6693 -0.0945 0.1654, -0.3347 -0.0945 0.1654, -0.2107 -0.0945 0.1654, 0.0456 -0.0945 0.1654, -0.0408 -0.0945 0.1654, -0.1452 -0.0945 0.1654, 0.0906 -0.0945 0.1654, 0.1565 -0.0945 0.1654, 0.363 -0.0945 0.1654, 0.6693 -0.0945 0.1654, 1.0039 -0.0945 0.1654, 1.248 0.7225 0.1654, 1.248 1.0866 0.1654, 1.3339 1.0866 0.175, 1.248 0.1053 0.1654, 1.248 0.4882 0.1654, 1.4154 1.0866 0.2036, 1.4886 1.0866 0.2495, 1.5497 1.0866 0.3106, 1.5956 1.0866 0.3838, 1.6242 1.0866 0.4653, 1.6339 1.0866 0.5512, 1.6339 1.0866 0.7008, 1.6339 0.811 0.7008, 1.6339 0.811 0.7717, 1.6178 0.811 0.8819, 1.6178 1.0866 0.8819, 1.5956 1.0866 0.9391, 1.6242 0.811 0.8575, 1.5497 1.0866 1.0122, 1.4886 1.0866 1.0733, 1.4154 1.0866 1.1193, 1.3339 1.0866 1.1478, 1.248 1.0866 1.1575, 0.9483 1.0866 1.1575, 0.9483 0.6535 1.1575, 0.4758 0.6535 1.1575, -0.9483 1.0866 1.1575, -1.248 1.0866 1.1575, -0.9483 0.6535 1.1575, -0.4758 0.6535 1.1575, -0.4758 1.0866 1.1575, 0.4758 1.0866 1.1575, -1.6242 0.811 0.8575, -1.6339 0.811 0.7717, -1.5956 1.0866 0.9391, -1.6178 1.0866 0.8819, -1.6178 0.811 0.8819, -1.5497 1.0866 1.0122, -1.4886 1.0866 1.0733, -1.4154 1.0866 1.1193, -1.3339 1.0866 1.1478, -1.6339 1.0866 0.7008, -1.6339 1.0866 0.5512, -1.6339 0.811 0.7008, -1.248 0.1053 0.1654, -1.6242 1.0866 0.4653, -1.248 1.0866 0.1654, -1.248 0.7225 0.1654, -1.3339 1.0866 0.175, -1.248 0.4882 0.1654, -1.5956 1.0866 0.3838, -1.5497 1.0866 0.3106, -1.4886 1.0866 0.2495, -1.4154 1.0866 0.2036, 1.7598 1.0866 0.8819, 1.7598 1.0866 0.7008, 0.9483 1.0866 0.9213, -0.9483 1.0866 0.9213, 0.4758 1.0866 0.9213, -0.4758 1.0866 0.9213, -1.7598 1.0866 0.7008, -1.7598 1.0866 0.8819, 0.1565 1.0866 0.1654, 0.0906 1.0866 0.1654, 0.0456 1.0866 0.1654, 0.363 1.0866 0.1654, 0.6693 1.0866 0.1654, 1.0039 1.0866 0.1654, -0.0408 1.0866 0.1654, -0.1452 1.0866 0.1654, -0.2107 1.0866 0.1654, -0.3347 1.0866 0.1654, -0.6693 1.0866 0.1654, -1.0039 1.0866 0.1654, -1.2313 1.0866 0.1654, -0.9483 0.6535 0.9213, -0.4758 0.6535 0.9213, 0.9483 0.6535 0.9213, 0.4758 0.6535 0.9213, 1.7598 0.811 0.7008, 1.7598 0.811 0.8819, -1.7598 0.811 0.7008, -1.7598 0.811 0.8819, -1.4696 -1.3937 0.8189, 1.334 -1.3937 0.5039, 1.4696 -1.3937 0.5039, -1.3386 -1.3937 0.8189, 1.4303 -1.4724 0.7795, -1.4303 -1.4724 0.7795, 1.4303 -1.4724 0.5433, -1.4303 -1.4724 0.5433
            ]
        }
        coordIndex [
            0,1,2,-1,0,2,3,-1,4,5,6,-1,7,8,9,-1,10,11,5,-1,12,13,14,-1,14,13,15,-1,4,6,16,-1,17,18,19,-1,20,21,22,-1,23,24,25,-1,6,26,16,-1,16,26,27,-1,16,27,2,-1,2,27,28,-1,2,28,3,-1,29,30,5,-1,31,32,5,-1,33,5,34,-1,34,5,11,-1,34,11,35,-1,35,11,36,-1,37,14,5,-1,5,14,15,-1,5,15,38,-1,38,15,39,-1,25,40,23,-1,23,40,41,-1,23,41,39,-1,39,41,42,-1,39,42,38,-1,43,44,4,-1,4,44,45,-1,4,45,5,-1,5,45,17,-1,5,17,29,-1,29,17,19,-1,46,47,30,-1,30,47,48,-1,30,48,5,-1,5,48,49,-1,50,51,52,-1,53,54,55,-1,22,31,20,-1,20,31,5,-1,20,5,56,-1,56,5,49,-1,56,49,57,-1,57,49,58,-1,59,60,5,-1,61,62,33,-1,33,62,63,-1,33,63,5,-1,5,63,64,-1,52,59,50,-1,50,59,5,-1,50,5,65,-1,65,5,32,-1,65,32,66,-1,66,32,67,-1,55,37,53,-1,53,37,5,-1,53,5,68,-1,68,5,64,-1,68,64,69,-1,69,64,70,-1,9,10,7,-1,7,10,5,-1,7,5,71,-1,71,5,60,-1,71,60,72,-1,72,60,73,-1,74,44,75,-1,75,44,43,-1,76,19,77,-1,77,19,18,-1,78,47,79,-1,79,47,46,-1,80,57,81,-1,81,57,58,-1,82,22,83,-1,83,22,21,-1,84,52,85,-1,85,52,51,-1,86,72,87,-1,87,72,73,-1,88,35,89,-1,89,35,36,-1,90,62,91,-1,91,62,61,-1,92,69,93,-1,93,69,70,-1,94,55,95,-1,95,55,54,-1,96,13,97,-1,97,13,12,-1,9,8,98,-1,98,8,99,-1,66,67,100,-1,100,67,101,-1,102,24,103,-1,103,24,23,-1,104,105,106,-1,106,105,107,-1,108,109,110,-1,110,109,111,-1,112,113,114,-1,114,113,115,-1,116,117,118,-1,118,117,119,-1,120,121,122,-1,122,121,123,-1,124,125,126,-1,126,125,127,-1,128,129,130,-1,130,129,131,-1,132,133,134,-1,134,133,135,-1,136,137,138,-1,138,137,139,-1,140,141,142,-1,143,144,145,-1,140,142,146,-1,147,148,149,-1,150,135,133,-1,149,148,142,-1,142,148,151,-1,142,151,146,-1,152,113,112,-1,153,154,155,-1,155,154,156,-1,157,158,159,-1,109,108,160,-1,160,108,161,-1,107,105,162,-1,163,160,159,-1,159,160,161,-1,159,161,164,-1,164,161,165,-1,147,149,166,-1,166,149,155,-1,166,155,159,-1,159,155,156,-1,159,156,167,-1,168,169,159,-1,162,170,107,-1,107,170,171,-1,107,171,165,-1,165,171,172,-1,165,172,164,-1,173,174,158,-1,158,174,175,-1,158,175,159,-1,159,175,176,-1,133,168,150,-1,150,168,159,-1,150,159,177,-1,177,159,176,-1,177,176,136,-1,136,176,137,-1,178,129,128,-1,179,180,167,-1,167,180,181,-1,167,181,159,-1,159,181,143,-1,159,143,157,-1,157,143,145,-1,182,183,159,-1,128,182,178,-1,178,182,159,-1,178,159,184,-1,184,159,169,-1,184,169,185,-1,185,169,186,-1,187,188,159,-1,189,190,191,-1,191,187,189,-1,189,187,159,-1,189,159,192,-1,192,159,183,-1,192,183,125,-1,125,183,127,-1,121,120,188,-1,188,120,193,-1,188,193,159,-1,159,193,194,-1,112,163,152,-1,152,163,159,-1,152,159,195,-1,195,159,194,-1,195,194,116,-1,116,194,117,-1,174,173,196,-1,196,173,197,-1,145,144,198,-1,198,144,199,-1,180,179,200,-1,200,179,201,-1,185,186,202,-1,202,186,203,-1,191,190,204,-1,204,190,205,-1,154,153,206,-1,206,153,207,-1,208,209,24,-1,208,24,210,-1,210,24,141,-1,210,141,211,-1,212,213,1,-1,1,213,214,-1,1,214,105,-1,105,214,215,-1,216,217,218,-1,218,217,219,-1,218,219,220,-1,220,219,221,-1,220,221,222,-1,222,221,223,-1,222,223,224,-1,225,226,227,-1,223,228,224,-1,224,228,229,-1,224,229,230,-1,230,229,231,-1,230,231,232,-1,232,231,233,-1,232,233,234,-1,234,233,235,-1,234,235,236,-1,236,235,237,-1,236,237,238,-1,237,239,238,-1,238,239,240,-1,238,240,241,-1,241,240,242,-1,241,242,243,-1,243,242,244,-1,243,244,245,-1,245,244,246,-1,245,246,247,-1,247,246,248,-1,247,248,249,-1,227,226,250,-1,250,226,251,-1,250,251,252,-1,252,251,253,-1,252,253,254,-1,254,253,255,-1,254,255,256,-1,256,255,257,-1,256,257,258,-1,216,259,217,-1,217,259,260,-1,217,260,261,-1,261,260,262,-1,261,262,263,-1,263,262,264,-1,263,264,265,-1,265,264,266,-1,265,266,267,-1,267,266,268,-1,267,268,269,-1,269,268,225,-1,269,225,270,-1,270,225,227,-1,271,272,273,-1,271,273,274,-1,258,257,275,-1,275,257,276,-1,275,276,277,-1,277,276,278,-1,277,278,279,-1,279,278,280,-1,279,280,273,-1,273,280,281,-1,273,281,274,-1,272,282,273,-1,273,282,283,-1,273,283,284,-1,285,248,286,-1,286,248,273,-1,286,273,287,-1,287,273,284,-1,285,288,248,-1,248,288,289,-1,248,289,290,-1,290,291,248,-1,248,291,292,-1,248,292,249,-1,293,294,295,-1,249,296,247,-1,247,296,297,-1,293,295,297,-1,297,295,247,-1,247,295,298,-1,247,298,245,-1,245,298,299,-1,245,299,243,-1,243,299,300,-1,243,300,241,-1,241,300,301,-1,241,301,238,-1,238,301,302,-1,238,302,236,-1,236,302,303,-1,236,303,234,-1,303,304,305,-1,306,232,305,-1,305,232,234,-1,305,234,303,-1,307,308,309,-1,310,307,224,-1,224,230,310,-1,310,230,232,-1,310,232,306,-1,307,309,224,-1,224,309,311,-1,224,311,222,-1,222,311,312,-1,222,312,220,-1,220,312,313,-1,220,313,218,-1,218,313,314,-1,218,314,216,-1,216,314,315,-1,216,315,259,-1,315,316,259,-1,259,316,317,-1,259,317,260,-1,260,317,318,-1,319,320,321,-1,321,320,260,-1,321,260,322,-1,322,260,318,-1,322,318,323,-1,323,318,324,-1,325,326,226,-1,226,326,251,-1,327,328,329,-1,325,226,329,-1,329,226,225,-1,329,225,327,-1,327,225,268,-1,327,268,330,-1,330,268,266,-1,330,266,331,-1,331,266,264,-1,331,264,332,-1,332,264,262,-1,332,262,333,-1,333,262,260,-1,333,260,320,-1,334,335,336,-1,336,335,253,-1,336,253,326,-1,326,253,251,-1,337,274,281,-1,253,335,338,-1,339,340,341,-1,341,340,342,-1,253,338,255,-1,255,338,343,-1,255,343,257,-1,257,343,344,-1,257,344,276,-1,276,344,345,-1,276,345,278,-1,278,345,346,-1,278,346,280,-1,280,346,341,-1,280,341,281,-1,281,341,342,-1,281,342,337,-1,311,309,315,-1,347,348,308,-1,308,348,304,-1,349,316,315,-1,302,301,349,-1,343,338,350,-1,324,351,323,-1,323,351,352,-1,309,308,315,-1,315,308,304,-1,315,304,349,-1,349,304,303,-1,349,303,302,-1,320,319,334,-1,334,319,350,-1,334,350,335,-1,335,350,338,-1,353,354,334,-1,334,354,328,-1,334,328,320,-1,320,328,327,-1,320,327,333,-1,355,356,352,-1,352,356,357,-1,355,352,358,-1,358,352,351,-1,358,351,359,-1,359,351,349,-1,359,349,360,-1,311,315,312,-1,312,315,314,-1,312,314,313,-1,330,331,327,-1,327,331,332,-1,327,332,333,-1,301,300,349,-1,349,300,299,-1,349,299,298,-1,298,295,349,-1,349,295,294,-1,349,294,360,-1,357,361,352,-1,352,361,362,-1,352,362,363,-1,363,364,352,-1,352,364,365,-1,352,365,350,-1,350,365,366,-1,350,366,367,-1,367,339,350,-1,350,339,341,-1,350,341,346,-1,346,345,350,-1,350,345,344,-1,350,344,343,-1,321,368,319,-1,319,368,350,-1,368,369,350,-1,350,369,352,-1,369,322,352,-1,352,322,323,-1,322,369,321,-1,321,369,368,-1,370,317,349,-1,349,317,316,-1,318,371,324,-1,324,371,351,-1,371,370,351,-1,351,370,349,-1,371,318,370,-1,370,318,317,-1,304,348,305,-1,305,348,372,-1,373,372,347,-1,347,372,348,-1,307,373,308,-1,308,373,347,-1,373,307,310,-1,373,310,372,-1,372,310,306,-1,372,306,305,-1,374,353,336,-1,336,353,334,-1,328,354,329,-1,329,354,375,-1,374,375,353,-1,353,375,354,-1,325,329,375,-1,325,375,326,-1,326,375,374,-1,326,374,336,-1,6,248,246,-1,6,246,26,-1,26,246,244,-1,26,244,27,-1,27,244,242,-1,27,242,28,-1,28,242,240,-1,28,240,3,-1,3,240,239,-1,3,239,0,-1,0,239,1,-1,1,239,237,-1,1,237,212,-1,212,237,235,-1,212,235,213,-1,214,213,233,-1,233,213,235,-1,233,231,214,-1,214,231,215,-1,215,231,105,-1,105,231,229,-1,105,229,162,-1,162,229,228,-1,162,228,170,-1,170,228,223,-1,170,223,171,-1,171,223,221,-1,171,221,172,-1,172,221,219,-1,172,219,164,-1,164,219,217,-1,164,217,159,-1,166,159,261,-1,261,159,217,-1,166,261,263,-1,166,263,147,-1,147,263,265,-1,147,265,148,-1,148,265,267,-1,148,267,151,-1,151,267,269,-1,151,269,146,-1,146,269,270,-1,146,270,140,-1,140,270,141,-1,141,270,227,-1,141,227,211,-1,211,227,250,-1,211,250,210,-1,208,210,252,-1,252,210,250,-1,252,254,208,-1,208,254,209,-1,209,254,24,-1,24,254,256,-1,24,256,25,-1,25,256,258,-1,25,258,40,-1,40,258,275,-1,40,275,41,-1,41,275,277,-1,41,277,42,-1,42,277,279,-1,42,279,38,-1,38,279,273,-1,38,273,5,-1,6,5,248,-1,248,5,273,-1,376,141,102,-1,102,141,24,-1,2,1,377,-1,377,1,378,-1,378,1,104,-1,104,1,105,-1,142,141,379,-1,379,141,376,-1,380,381,382,-1,382,381,383,-1,102,383,376,-1,376,383,381,-1,383,102,103,-1,99,86,383,-1,103,96,383,-1,383,96,97,-1,383,97,94,-1,382,100,101,-1,94,95,383,-1,383,95,92,-1,383,92,93,-1,86,87,383,-1,383,87,84,-1,383,84,382,-1,382,84,85,-1,382,85,100,-1,101,82,382,-1,382,82,83,-1,382,83,80,-1,93,90,383,-1,383,90,91,-1,383,91,88,-1,80,81,382,-1,382,81,78,-1,382,78,79,-1,88,89,383,-1,383,89,98,-1,383,98,99,-1,79,76,382,-1,382,76,77,-1,382,77,74,-1,74,75,382,-1,382,75,377,-1,382,377,378,-1,104,106,380,-1,380,106,110,-1,380,110,111,-1,111,114,380,-1,380,114,115,-1,380,115,118,-1,118,119,380,-1,380,119,122,-1,380,122,123,-1,123,204,380,-1,380,204,205,-1,380,205,124,-1,124,126,380,-1,380,126,130,-1,380,130,381,-1,381,130,131,-1,381,131,202,-1,202,203,381,-1,381,203,132,-1,381,132,134,-1,134,138,381,-1,381,138,139,-1,381,139,196,-1,196,197,381,-1,381,197,198,-1,381,198,199,-1,199,200,381,-1,381,200,201,-1,381,201,206,-1,206,207,381,-1,381,207,379,-1,381,379,376,-1,104,380,378,-1,378,380,382,-1,
        ]
    }
}
Shape{
    appearance Appearance {
        material  Material {
            diffuseColor 0.9686274509803922 0.8784313725490196 0.6
            specularColor 0.6784313725490196 0.615686274509804 0.4196078431372549
            ambientIntensity 0.8737
            transparency 0.0
            shininess 0.5
        }
    }
    geometry IndexedFaceSet {
        ccw TRUE
        solid FALSE
        coord DEF co Coordinate {
            point [
                -1.3386 -0.2913 0.8268, -1.3386 -1.3937 0.8268, -1.2598 -0.2913 0.8268, -1.2598 -1.3937 0.8268, -1.2598 -0.2913 0.8189, -1.2598 -1.3937 0.8189, -1.3386 -1.3937 0.8189, -1.3386 -0.2913 0.8189, 0.3289 -0.2913 0.8268, 0.3289 -1.3937 0.8268, 0.4076 -0.2913 0.8268, 0.4076 -1.3937 0.8268, 0.3289 -1.3937 0.8189, 0.3289 -0.2913 0.8189, 0.4076 -0.2913 0.8189, 0.4076 -1.3937 0.8189, -0.227 -0.2913 0.8268, -0.227 -1.3937 0.8268, -0.1482 -0.2913 0.8268, -0.1482 -1.3937 0.8268, -0.227 -1.3937 0.8189, -0.227 -0.2913 0.8189, -0.1482 -0.2913 0.8189, -0.1482 -1.3937 0.8189, -1.1533 -0.2913 0.8268, -1.1533 -1.3937 0.8268, -1.0746 -0.2913 0.8268, -1.0746 -1.3937 0.8268, -1.0746 -0.2913 0.8189, -1.0746 -1.3937 0.8189, -1.1533 -1.3937 0.8189, -1.1533 -0.2913 0.8189, -0.968 -0.2913 0.8268, -0.968 -1.3937 0.8268, -0.8893 -0.2913 0.8268, -0.8893 -1.3937 0.8268, -0.8893 -0.2913 0.8189, -0.8893 -1.3937 0.8189, -0.968 -1.3937 0.8189, -0.968 -0.2913 0.8189, -0.7828 -0.2913 0.8268, -0.7828 -1.3937 0.8268, -0.704 -0.2913 0.8268, -0.704 -1.3937 0.8268, -0.704 -0.2913 0.8189, -0.704 -1.3937 0.8189, -0.7828 -1.3937 0.8189, -0.7828 -0.2913 0.8189, -0.5975 -0.2913 0.8268, -0.5975 -1.3937 0.8268, -0.5188 -0.2913 0.8268, -0.5188 -1.3937 0.8268, -0.5975 -1.3937 0.8189, -0.5975 -0.2913 0.8189, -0.5188 -0.2913 0.8189, -0.5188 -1.3937 0.8189, -0.4122 -1.3937 0.8268, -0.4122 -0.2913 0.8268, -0.4122 -1.3937 0.8189, -0.4122 -0.2913 0.8189, -0.3335 -0.2913 0.8268, -0.3335 -1.3937 0.8268, -0.3335 -0.2913 0.8189, -0.3335 -1.3937 0.8189, -0.0417 -0.2913 0.8268, -0.0417 -1.3937 0.8268, 0.0371 -0.2913 0.8268, 0.0371 -1.3937 0.8268, -0.0417 -1.3937 0.8189, -0.0417 -0.2913 0.8189, 0.0371 -0.2913 0.8189, 0.0371 -1.3937 0.8189, 0.1436 -1.3937 0.8268, 0.1436 -0.2913 0.8268, 0.1436 -1.3937 0.8189, 0.1436 -0.2913 0.8189, 0.2223 -0.2913 0.8268, 0.2223 -1.3937 0.8268, 0.2223 -0.2913 0.8189, 0.2223 -1.3937 0.8189, 0.5141 -0.2913 0.8268, 0.5141 -1.3937 0.8268, 0.5929 -0.2913 0.8268, 0.5929 -1.3937 0.8268, 0.5141 -1.3937 0.8189, 0.5141 -0.2913 0.8189, 0.5929 -0.2913 0.8189, 0.5929 -1.3937 0.8189, 0.6994 -1.3937 0.8268, 0.6994 -0.2913 0.8268, 0.6994 -1.3937 0.8189, 0.6994 -0.2913 0.8189, 0.7781 -0.2913 0.8268, 0.7781 -1.3937 0.8268, 0.7781 -0.2913 0.8189, 0.7781 -1.3937 0.8189, 0.8847 -1.3937 0.8268, 0.8847 -0.2913 0.8268, 0.8847 -1.3937 0.8189, 0.8847 -0.2913 0.8189, 0.9634 -0.2913 0.8268, 0.9634 -1.3937 0.8268, 0.9634 -0.2913 0.8189, 0.9634 -1.3937 0.8189, 1.0699 -1.3937 0.8268, 1.0699 -0.2913 0.8268, 1.0699 -1.3937 0.8189, 1.0699 -0.2913 0.8189, 1.1487 -0.2913 0.8268, 1.1487 -1.3937 0.8268, 1.1487 -0.2913 0.8189, 1.1487 -1.3937 0.8189, 1.2552 -1.3937 0.8268, 1.2552 -0.2913 0.8268, 1.2552 -1.3937 0.8189, 1.2552 -0.2913 0.8189, 1.334 -0.2913 0.8268, 1.334 -1.3937 0.8268, 1.334 -0.2913 0.8189, 1.334 -1.3937 0.8189, -1.2598 -1.3937 0.4961, -1.3386 -1.3937 0.4961, -1.2598 -0.2913 0.4961, -1.3386 -0.2913 0.4961, -1.2598 -1.3937 0.5039, -1.2598 -0.2913 0.5039, -1.3386 -0.2913 0.5039, -1.3386 -1.3937 0.5039, 0.4076 -1.3937 0.4961, 0.3289 -1.3937 0.4961, 0.4076 -0.2913 0.4961, 0.3289 -0.2913 0.4961, 0.3289 -0.2913 0.5039, 0.3289 -1.3937 0.5039, 0.4076 -1.3937 0.5039, 0.4076 -0.2913 0.5039, -0.1482 -1.3937 0.4961, -0.227 -1.3937 0.4961, -0.1482 -0.2913 0.4961, -0.227 -0.2913 0.4961, -0.227 -0.2913 0.5039, -0.227 -1.3937 0.5039, -0.1482 -1.3937 0.5039, -0.1482 -0.2913 0.5039, -1.0746 -1.3937 0.4961, -1.1533 -1.3937 0.4961, -1.0746 -0.2913 0.4961, -1.1533 -0.2913 0.4961, -1.1533 -0.2913 0.5039, -1.1533 -1.3937 0.5039, -1.0746 -1.3937 0.5039, -1.0746 -0.2913 0.5039, -0.8893 -1.3937 0.4961, -0.968 -1.3937 0.4961, -0.8893 -0.2913 0.4961, -0.968 -0.2913 0.4961, -0.968 -0.2913 0.5039, -0.968 -1.3937 0.5039, -0.8893 -1.3937 0.5039, -0.8893 -0.2913 0.5039, -0.704 -1.3937 0.4961, -0.7828 -1.3937 0.4961, -0.704 -0.2913 0.4961, -0.7828 -0.2913 0.4961, -0.7828 -0.2913 0.5039, -0.7828 -1.3937 0.5039, -0.704 -1.3937 0.5039, -0.704 -0.2913 0.5039, -0.5188 -1.3937 0.4961, -0.5975 -1.3937 0.4961, -0.5188 -0.2913 0.4961, -0.5975 -0.2913 0.4961, -0.5975 -0.2913 0.5039, -0.5975 -1.3937 0.5039, -0.5188 -1.3937 0.5039, -0.5188 -0.2913 0.5039, -0.3335 -1.3937 0.4961, -0.4122 -1.3937 0.4961, -0.3335 -0.2913 0.4961, -0.4122 -0.2913 0.4961, -0.4122 -0.2913 0.5039, -0.4122 -1.3937 0.5039, -0.3335 -1.3937 0.5039, -0.3335 -0.2913 0.5039, 0.0371 -1.3937 0.4961, -0.0417 -1.3937 0.4961, 0.0371 -0.2913 0.4961, -0.0417 -0.2913 0.4961, -0.0417 -0.2913 0.5039, -0.0417 -1.3937 0.5039, 0.0371 -1.3937 0.5039, 0.0371 -0.2913 0.5039, 0.2223 -1.3937 0.4961, 0.1436 -1.3937 0.4961, 0.2223 -0.2913 0.4961, 0.1436 -0.2913 0.4961, 0.1436 -0.2913 0.5039, 0.1436 -1.3937 0.5039, 0.2223 -1.3937 0.5039, 0.2223 -0.2913 0.5039, 0.5929 -1.3937 0.4961, 0.5141 -1.3937 0.4961, 0.5929 -0.2913 0.4961, 0.5141 -0.2913 0.4961, 0.5141 -0.2913 0.5039, 0.5141 -1.3937 0.5039, 0.5929 -1.3937 0.5039, 0.5929 -0.2913 0.5039, 0.7781 -1.3937 0.4961, 0.6994 -1.3937 0.4961, 0.7781 -0.2913 0.4961, 0.6994 -0.2913 0.4961, 0.6994 -0.2913 0.5039, 0.6994 -1.3937 0.5039, 0.7781 -1.3937 0.5039, 0.7781 -0.2913 0.5039, 0.9634 -1.3937 0.4961, 0.8847 -1.3937 0.4961, 0.9634 -0.2913 0.4961, 0.8847 -0.2913 0.4961, 0.8847 -0.2913 0.5039, 0.8847 -1.3937 0.5039, 0.9634 -1.3937 0.5039, 0.9634 -0.2913 0.5039, 1.1487 -1.3937 0.4961, 1.0699 -1.3937 0.4961, 1.1487 -0.2913 0.4961, 1.0699 -0.2913 0.4961, 1.0699 -0.2913 0.5039, 1.0699 -1.3937 0.5039, 1.1487 -1.3937 0.5039, 1.1487 -0.2913 0.5039, 1.334 -1.3937 0.4961, 1.2552 -1.3937 0.4961, 1.334 -0.2913 0.4961, 1.2552 -0.2913 0.4961, 1.2552 -0.2913 0.5039, 1.2552 -1.3937 0.5039, 1.334 -1.3937 0.5039, 1.334 -0.2913 0.5039
            ]
        }
        coordIndex [
            0,1,2,-1,2,1,3,-1,2,3,4,-1,4,3,5,-1,6,1,7,-1,7,1,0,-1,5,3,6,-1,6,3,1,-1,8,9,10,-1,10,9,11,-1,12,9,13,-1,13,9,8,-1,10,11,14,-1,14,11,15,-1,15,11,12,-1,12,11,9,-1,16,17,18,-1,18,17,19,-1,20,17,21,-1,21,17,16,-1,18,19,22,-1,22,19,23,-1,23,19,20,-1,20,19,17,-1,24,25,26,-1,26,25,27,-1,26,27,28,-1,28,27,29,-1,30,25,31,-1,31,25,24,-1,27,25,29,-1,29,25,30,-1,32,33,34,-1,34,33,35,-1,34,35,36,-1,36,35,37,-1,38,33,39,-1,39,33,32,-1,35,33,37,-1,37,33,38,-1,40,41,42,-1,42,41,43,-1,42,43,44,-1,44,43,45,-1,46,41,47,-1,47,41,40,-1,43,41,45,-1,45,41,46,-1,48,49,50,-1,50,49,51,-1,52,49,53,-1,53,49,48,-1,50,51,54,-1,54,51,55,-1,55,51,52,-1,52,51,49,-1,56,57,58,-1,58,57,59,-1,57,56,60,-1,60,56,61,-1,62,60,63,-1,63,60,61,-1,63,61,58,-1,58,61,56,-1,64,65,66,-1,66,65,67,-1,68,65,69,-1,69,65,64,-1,66,67,70,-1,70,67,71,-1,71,67,68,-1,68,67,65,-1,72,73,74,-1,74,73,75,-1,73,72,76,-1,76,72,77,-1,78,76,79,-1,79,76,77,-1,79,77,74,-1,74,77,72,-1,80,81,82,-1,82,81,83,-1,84,81,85,-1,85,81,80,-1,82,83,86,-1,86,83,87,-1,87,83,84,-1,84,83,81,-1,88,89,90,-1,90,89,91,-1,89,88,92,-1,92,88,93,-1,94,92,95,-1,95,92,93,-1,95,93,90,-1,90,93,88,-1,96,97,98,-1,98,97,99,-1,97,96,100,-1,100,96,101,-1,102,100,103,-1,103,100,101,-1,103,101,98,-1,98,101,96,-1,104,105,106,-1,106,105,107,-1,105,104,108,-1,108,104,109,-1,110,108,111,-1,111,108,109,-1,111,109,106,-1,106,109,104,-1,112,113,114,-1,114,113,115,-1,113,112,116,-1,116,112,117,-1,118,116,119,-1,119,116,117,-1,119,117,114,-1,114,117,112,-1,120,121,122,-1,122,121,123,-1,124,120,125,-1,125,120,122,-1,123,121,126,-1,126,121,127,-1,127,121,124,-1,124,121,120,-1,128,129,130,-1,130,129,131,-1,131,129,132,-1,132,129,133,-1,134,128,135,-1,135,128,130,-1,133,129,134,-1,134,129,128,-1,136,137,138,-1,138,137,139,-1,139,137,140,-1,140,137,141,-1,142,136,143,-1,143,136,138,-1,141,137,142,-1,142,137,136,-1,144,145,146,-1,146,145,147,-1,147,145,148,-1,148,145,149,-1,150,144,151,-1,151,144,146,-1,145,144,149,-1,149,144,150,-1,152,153,154,-1,154,153,155,-1,155,153,156,-1,156,153,157,-1,158,152,159,-1,159,152,154,-1,153,152,157,-1,157,152,158,-1,160,161,162,-1,162,161,163,-1,163,161,164,-1,164,161,165,-1,166,160,167,-1,167,160,162,-1,161,160,165,-1,165,160,166,-1,168,169,170,-1,170,169,171,-1,171,169,172,-1,172,169,173,-1,174,168,175,-1,175,168,170,-1,173,169,174,-1,174,169,168,-1,176,177,178,-1,178,177,179,-1,179,177,180,-1,180,177,181,-1,182,176,183,-1,183,176,178,-1,181,177,182,-1,182,177,176,-1,184,185,186,-1,186,185,187,-1,187,185,188,-1,188,185,189,-1,190,184,191,-1,191,184,186,-1,189,185,190,-1,190,185,184,-1,192,193,194,-1,194,193,195,-1,195,193,196,-1,196,193,197,-1,198,192,199,-1,199,192,194,-1,197,193,198,-1,198,193,192,-1,200,201,202,-1,202,201,203,-1,203,201,204,-1,204,201,205,-1,206,200,207,-1,207,200,202,-1,205,201,206,-1,206,201,200,-1,208,209,210,-1,210,209,211,-1,211,209,212,-1,212,209,213,-1,214,208,215,-1,215,208,210,-1,213,209,214,-1,214,209,208,-1,216,217,218,-1,218,217,219,-1,219,217,220,-1,220,217,221,-1,222,216,223,-1,223,216,218,-1,221,217,222,-1,222,217,216,-1,224,225,226,-1,226,225,227,-1,227,225,228,-1,228,225,229,-1,230,224,231,-1,231,224,226,-1,229,225,230,-1,230,225,224,-1,232,233,234,-1,234,233,235,-1,235,233,236,-1,236,233,237,-1,238,232,239,-1,239,232,234,-1,237,233,238,-1,238,233,232,-1,
        ]
    }
}
Shape{
    appearance Appearance {
        material  Material {
            diffuseColor 1.0 1.0 1.0
            specularColor 0.30196078431372547 0.30196078431372547 0.30196078431372547
            ambientIntensity 1.0
            transparency 0.0
            shininess 0.5
        }
    }
    geometry IndexedFaceSet {
        ccw TRUE
        solid FALSE
        coord DEF co Coordinate {
            point [
                0.1894 0.5739 0.1654, 0.1894 0.5739 0.1693, 0.1781 0.607 0.1654, 0.1781 0.607 0.1693, 0.2382 0.5739 0.1654, 0.2382 0.5739 0.1693, 0.2501 0.607 0.1654, 0.2501 0.607 0.1693, 0.2674 0.607 0.1654, 0.2674 0.607 0.1693, 0.2213 0.4889 0.1654, 0.2213 0.4889 0.1693, 0.2055 0.4889 0.1654, 0.2055 0.4889 0.1693, 0.1608 0.607 0.1654, 0.1608 0.607 0.1693, 0.1934 0.5609 0.1693, 0.211 0.5116 0.1693, 0.2121 0.5075 0.1693, 0.2129 0.5033 0.1693, 0.2141 0.5074 0.1693, 0.2329 0.5609 0.1693, 0.2151 0.5116 0.1693, 0.1934 0.5609 0.1654, 0.211 0.5116 0.1654, 0.2329 0.5609 0.1654, 0.2151 0.5116 0.1654, 0.2141 0.5074 0.1654, 0.2129 0.5033 0.1654, 0.2121 0.5075 0.1654, 0.0571 0.607 0.1654, 0.0571 0.607 0.1693, 0.0571 0.4889 0.1654, 0.0571 0.4889 0.1693, 0.0893 0.607 0.1654, 0.0893 0.607 0.1693, 0.1522 0.5465 0.1654, 0.1522 0.5465 0.1693, 0.1504 0.5536 0.1693, 0.1504 0.5536 0.1654, 0.1411 0.5801 0.1693, 0.1411 0.5801 0.1654, 0.1347 0.5898 0.1693, 0.1347 0.5898 0.1654, 0.1285 0.5955 0.1693, 0.1285 0.5955 0.1654, 0.1203 0.6 0.1693, 0.1203 0.6 0.1654, 0.1083 0.6037 0.1693, 0.1083 0.6037 0.1654, 0.0906 0.6068 0.1654, 0.0905 0.4889 0.1654, 0.0905 0.4889 0.1693, 0.0906 0.4889 0.1654, 0.0988 0.4906 0.1693, 0.0988 0.4906 0.1654, 0.124 0.498 0.1693, 0.124 0.498 0.1654, 0.1335 0.5037 0.1693, 0.1335 0.5037 0.1654, 0.1394 0.5094 0.1693, 0.1394 0.5094 0.1654, 0.144 0.5171 0.1693, 0.144 0.5171 0.1654, 0.1481 0.5284 0.1693, 0.1481 0.5284 0.1654, 0.113 0.5065 0.1693, 0.119 0.5095 0.1693, 0.1233 0.5131 0.1693, 0.1276 0.5191 0.1693, 0.1324 0.5308 0.1693, 0.1364 0.5468 0.1693, 0.1342 0.561 0.1693, 0.1316 0.5701 0.1693, 0.1285 0.5762 0.1693, 0.1247 0.5808 0.1693, 0.1185 0.5852 0.1693, 0.1063 0.5901 0.1693, 0.1042 0.504 0.1693, 0.0904 0.5019 0.1693, 0.073 0.5019 0.1693, 0.073 0.5941 0.1693, 0.0898 0.5941 0.1693, 0.1364 0.5468 0.1654, 0.1324 0.5308 0.1654, 0.1276 0.5191 0.1654, 0.1233 0.5131 0.1654, 0.119 0.5095 0.1654, 0.113 0.5065 0.1654, 0.1042 0.504 0.1654, 0.0904 0.5019 0.1654, 0.073 0.5019 0.1654, 0.073 0.5941 0.1654, 0.0898 0.5941 0.1654, 0.1063 0.5901 0.1654, 0.1185 0.5852 0.1654, 0.1247 0.5808 0.1654, 0.1285 0.5762 0.1654, 0.1316 0.5701 0.1654, 0.1342 0.561 0.1654, 0.0283 0.5408 0.1654, 0.0283 0.5408 0.1693, 0.0283 0.5537 0.1654, 0.0283 0.5537 0.1693, -0.0134 0.5408 0.1654, -0.0134 0.5408 0.1693, -0.0134 0.5019 0.1654, -0.0134 0.5019 0.1693, 0.0312 0.5019 0.1654, 0.0312 0.5019 0.1693, 0.0312 0.4889 0.1654, 0.0312 0.4889 0.1693, -0.0293 0.4889 0.1654, -0.0293 0.4889 0.1693, -0.0293 0.607 0.1654, -0.0293 0.607 0.1693, 0.0341 0.607 0.1654, 0.0341 0.607 0.1693, 0.0341 0.5941 0.1654, 0.0341 0.5941 0.1693, -0.0134 0.5941 0.1654, -0.0134 0.5941 0.1693, -0.0134 0.5537 0.1654, -0.0134 0.5537 0.1693, -0.0523 0.508 0.1654, -0.0523 0.508 0.1693, -0.0657 0.5023 0.1693, -0.0657 0.5023 0.1654, -0.08 0.5004 0.1693, -0.08 0.5004 0.1654, -0.0523 0.4922 0.1654, -0.0523 0.4922 0.1693, -0.0801 0.4875 0.1654, -0.0801 0.4875 0.1693, -0.0695 0.4882 0.1654, -0.066 0.4884 0.1693, -0.066 0.4884 0.1654, -0.1402 0.5502 0.1654, -0.1402 0.5502 0.1693, -0.1387 0.5435 0.1693, -0.1387 0.5435 0.1654, -0.1305 0.5164 0.1693, -0.1305 0.5164 0.1654, -0.1245 0.5064 0.1693, -0.1245 0.5064 0.1654, -0.1185 0.5005 0.1693, -0.1185 0.5005 0.1654, -0.1106 0.4957 0.1693, -0.1106 0.4957 0.1654, -0.0989 0.4915 0.1693, -0.0989 0.4915 0.1654, -0.0835 0.4882 0.1654, -0.0848 0.6085 0.1654, -0.0848 0.6085 0.1693, -0.094 0.6061 0.1693, -0.094 0.6061 0.1654, -0.1164 0.5979 0.1693, -0.1164 0.5979 0.1654, -0.125 0.5921 0.1693, -0.125 0.5921 0.1654, -0.1301 0.5863 0.1693, -0.1301 0.5863 0.1654, -0.1341 0.5788 0.1693, -0.1341 0.5788 0.1654, -0.1374 0.5677 0.1693, -0.1374 0.5677 0.1654, -0.0523 0.6009 0.1654, -0.0523 0.6009 0.1693, -0.0681 0.6068 0.1693, -0.0681 0.6068 0.1654, -0.0523 0.5879 0.1654, -0.0523 0.5879 0.1693, -0.0826 0.5955 0.1654, -0.0826 0.5955 0.1693, -0.0669 0.5938 0.1693, -0.0669 0.5938 0.1654, -0.1243 0.5492 0.1654, -0.1243 0.5492 0.1693, -0.1216 0.5635 0.1693, -0.1216 0.5635 0.1654, -0.1174 0.576 0.1693, -0.1174 0.576 0.1654, -0.1134 0.5823 0.1693, -0.1134 0.5823 0.1654, -0.1098 0.5859 0.1693, -0.1098 0.5859 0.1654, -0.1042 0.5893 0.1693, -0.1042 0.5893 0.1654, -0.0959 0.5924 0.1693, -0.0959 0.5924 0.1654, -0.0858 0.5021 0.1693, -0.0858 0.5021 0.1654, -0.1052 0.5095 0.1693, -0.1052 0.5095 0.1654, -0.1124 0.5145 0.1693, -0.1124 0.5145 0.1654, -0.1165 0.5194 0.1693, -0.1165 0.5194 0.1654, -0.1197 0.5256 0.1693, -0.1197 0.5256 0.1654, -0.1223 0.5348 0.1693, -0.1223 0.5348 0.1654, -0.2108 0.607 0.1654, -0.2108 0.607 0.1693, -0.2108 0.4889 0.1654, -0.2108 0.4889 0.1693, -0.1503 0.607 0.1654, -0.1503 0.607 0.1693, -0.2107 0.607 0.1654, -0.1503 0.5941 0.1654, -0.1503 0.5941 0.1693, -0.1949 0.5941 0.1654, -0.1949 0.5941 0.1693, -0.1949 0.4889 0.1654, -0.1949 0.4889 0.1693, -0.2107 0.4889 0.1654
            ]
        }
        coordIndex [
            0,1,2,-1,2,1,3,-1,4,5,0,-1,0,5,1,-1,6,7,4,-1,4,7,5,-1,8,9,6,-1,6,9,7,-1,10,11,8,-1,8,11,9,-1,12,13,10,-1,10,13,11,-1,14,15,12,-1,12,15,13,-1,14,2,15,-1,15,2,3,-1,16,17,13,-1,17,18,13,-1,13,18,19,-1,13,19,11,-1,11,19,20,-1,15,3,1,-1,13,15,16,-1,16,15,1,-1,16,1,21,-1,21,1,5,-1,20,22,11,-1,11,22,21,-1,11,21,9,-1,9,21,5,-1,9,5,7,-1,16,23,17,-1,17,23,24,-1,21,25,16,-1,16,25,23,-1,22,26,21,-1,21,26,25,-1,26,22,20,-1,26,20,27,-1,27,20,19,-1,27,19,28,-1,28,19,18,-1,28,18,29,-1,29,18,17,-1,29,17,24,-1,30,31,32,-1,32,31,33,-1,34,35,30,-1,30,35,31,-1,36,37,38,-1,36,38,39,-1,39,38,40,-1,39,40,41,-1,41,40,42,-1,41,42,43,-1,43,42,44,-1,43,44,45,-1,45,44,46,-1,45,46,47,-1,47,46,48,-1,47,48,49,-1,49,48,50,-1,50,48,35,-1,50,35,34,-1,51,52,53,-1,53,52,54,-1,53,54,55,-1,55,54,56,-1,55,56,57,-1,57,56,58,-1,57,58,59,-1,59,58,60,-1,59,60,61,-1,61,60,62,-1,61,62,63,-1,63,62,64,-1,63,64,65,-1,65,64,37,-1,65,37,36,-1,51,32,52,-1,52,32,33,-1,66,67,56,-1,56,67,58,-1,58,67,68,-1,58,68,60,-1,60,68,69,-1,60,69,62,-1,62,69,70,-1,62,70,64,-1,64,70,37,-1,37,70,71,-1,37,71,38,-1,38,71,72,-1,38,72,40,-1,72,73,40,-1,40,73,74,-1,40,74,42,-1,42,74,75,-1,42,75,44,-1,44,75,76,-1,44,76,46,-1,46,76,77,-1,66,56,78,-1,78,56,54,-1,78,54,79,-1,79,54,52,-1,79,52,80,-1,80,52,33,-1,80,33,81,-1,81,33,31,-1,81,31,82,-1,82,31,35,-1,82,35,77,-1,77,35,48,-1,77,48,46,-1,83,71,70,-1,83,70,84,-1,84,70,69,-1,84,69,85,-1,85,69,68,-1,85,68,86,-1,86,68,67,-1,86,67,87,-1,87,67,66,-1,87,66,88,-1,88,66,78,-1,88,78,89,-1,89,78,79,-1,89,79,90,-1,80,91,79,-1,79,91,90,-1,81,92,80,-1,80,92,91,-1,82,93,81,-1,81,93,92,-1,93,82,77,-1,93,77,94,-1,94,77,76,-1,94,76,95,-1,95,76,75,-1,95,75,96,-1,96,75,74,-1,96,74,97,-1,97,74,73,-1,97,73,98,-1,98,73,72,-1,98,72,99,-1,99,72,71,-1,99,71,83,-1,100,101,102,-1,102,101,103,-1,104,105,100,-1,100,105,101,-1,106,107,104,-1,104,107,105,-1,108,109,106,-1,106,109,107,-1,110,111,108,-1,108,111,109,-1,112,113,110,-1,110,113,111,-1,114,115,112,-1,112,115,113,-1,116,117,114,-1,114,117,115,-1,118,119,116,-1,116,119,117,-1,120,121,118,-1,118,121,119,-1,122,123,120,-1,120,123,121,-1,122,102,123,-1,123,102,103,-1,109,111,107,-1,107,111,113,-1,107,113,105,-1,117,119,115,-1,115,119,121,-1,115,121,123,-1,103,101,123,-1,123,101,105,-1,123,105,115,-1,115,105,113,-1,124,125,126,-1,124,126,127,-1,127,126,128,-1,127,128,129,-1,130,131,124,-1,124,131,125,-1,132,133,134,-1,134,133,135,-1,134,135,136,-1,136,135,131,-1,136,131,130,-1,137,138,139,-1,137,139,140,-1,140,139,141,-1,140,141,142,-1,142,141,143,-1,142,143,144,-1,144,143,145,-1,144,145,146,-1,146,145,147,-1,146,147,148,-1,148,147,149,-1,148,149,150,-1,150,149,151,-1,151,149,133,-1,151,133,132,-1,152,153,154,-1,152,154,155,-1,155,154,156,-1,155,156,157,-1,157,156,158,-1,157,158,159,-1,159,158,160,-1,159,160,161,-1,161,160,162,-1,161,162,163,-1,163,162,164,-1,163,164,165,-1,165,164,138,-1,165,138,137,-1,166,167,168,-1,166,168,169,-1,169,168,153,-1,169,153,152,-1,170,171,166,-1,166,171,167,-1,172,173,174,-1,172,174,175,-1,175,174,171,-1,175,171,170,-1,176,177,178,-1,176,178,179,-1,179,178,180,-1,179,180,181,-1,181,180,182,-1,181,182,183,-1,183,182,184,-1,183,184,185,-1,185,184,186,-1,185,186,187,-1,187,186,188,-1,187,188,189,-1,189,188,173,-1,189,173,172,-1,129,128,190,-1,129,190,191,-1,191,190,192,-1,191,192,193,-1,193,192,194,-1,193,194,195,-1,195,194,196,-1,195,196,197,-1,197,196,198,-1,197,198,199,-1,199,198,200,-1,199,200,201,-1,201,200,177,-1,201,177,176,-1,125,131,126,-1,126,131,135,-1,126,135,128,-1,128,135,133,-1,128,133,190,-1,190,133,149,-1,190,149,192,-1,178,162,180,-1,180,162,160,-1,180,160,182,-1,182,160,158,-1,182,158,184,-1,184,158,156,-1,149,147,192,-1,192,147,145,-1,192,145,194,-1,194,145,143,-1,194,143,196,-1,196,143,141,-1,196,141,198,-1,167,171,168,-1,168,171,174,-1,168,174,153,-1,153,174,173,-1,153,173,154,-1,154,173,188,-1,154,188,156,-1,156,188,186,-1,156,186,184,-1,198,141,200,-1,200,141,139,-1,200,139,177,-1,177,139,138,-1,177,138,178,-1,178,138,164,-1,178,164,162,-1,202,203,204,-1,204,203,205,-1,206,207,208,-1,208,207,203,-1,208,203,202,-1,209,210,206,-1,206,210,207,-1,211,212,209,-1,209,212,210,-1,213,214,211,-1,211,214,212,-1,204,205,215,-1,215,205,214,-1,215,214,213,-1,214,205,212,-1,212,205,203,-1,212,203,210,-1,210,203,207,-1,
        ]
    }
}
Shape{
    appearance Appearance {
        material  Material {
            diffuseColor 0.10980392156862745 0.10980392156862745 0.10980392156862745
            specularColor 0.0784313725490196 0.0784313725490196 0.0784313725490196
            ambientIntensity 0.1098
            transparency 0.0
            shininess 0.5
        }
    }
    geometry IndexedFaceSet {
        ccw TRUE
        solid FALSE
        coord DEF co Coordinate {
            point [
                0.1934 0.5609 0.1654, 0.2329 0.5609 0.1654, 0.211 0.5116 0.1654, 0.2151 0.5116 0.1654, 0.2121 0.5075 0.1654, 0.2141 0.5074 0.1654, 0.2129 0.5033 0.1654, 0.0904 0.5019 0.1654, 0.073 0.5019 0.1654, 0.1342 0.561 0.1654, 0.1316 0.5701 0.1654, 0.113 0.5065 0.1654, 0.1042 0.504 0.1654, 0.1324 0.5308 0.1654, 0.1364 0.5468 0.1654, 0.073 0.5941 0.1654, 0.0898 0.5941 0.1654, 0.1063 0.5901 0.1654, 0.1185 0.5852 0.1654, 0.1247 0.5808 0.1654, 0.1285 0.5762 0.1654, 0.119 0.5095 0.1654, 0.1276 0.5191 0.1654, 0.1233 0.5131 0.1654
            ]
        }
        coordIndex [
            0,1,2,-1,2,1,3,-1,2,3,4,-1,4,3,5,-1,4,5,6,-1,7,8,9,-1,9,8,10,-1,11,12,13,-1,7,9,12,-1,12,9,14,-1,12,14,13,-1,15,16,8,-1,8,16,17,-1,8,17,18,-1,18,19,8,-1,8,19,20,-1,8,20,10,-1,11,13,21,-1,21,13,22,-1,21,22,23,-1,
        ]
    }
}
Shape{
    appearance Appearance {
        material  Material {
            diffuseColor 0.9686274509803922 0.8784313725490196 0.6
            specularColor 0.6784313725490196 0.615686274509804 0.4196078431372549
            ambientIntensity 0.8737
            transparency 0.0
            shininess 0.5
        }
    }
    geometry IndexedFaceSet {
        ccw TRUE
        solid FALSE
        coord DEF co Coordinate {
            point [
                -1.128 0.3642 -0.7173, -1.128 0.3642 0.1654, -1.128 0.3051 -0.7173, -1.128 0.3051 0.1654, -1.2146 0.3051 0.1654, -1.2146 0.3051 -0.7173, -1.1476 0.3051 -0.8189, -1.1949 0.3051 -0.8189, -1.2146 0.3642 -0.7173, -1.2146 0.3642 0.1654, -1.1476 0.3642 -0.8189, -1.1949 0.3642 -0.8189, -1.128 0.8957 -0.7173, -1.128 0.8957 0.1654, -1.128 0.8366 -0.7173, -1.128 0.8366 0.1654, -1.2146 0.8366 0.1654, -1.2146 0.8366 -0.7173, -1.1476 0.8366 -0.8189, -1.1949 0.8366 -0.8189, -1.2146 0.8957 -0.7173, -1.2146 0.8957 0.1654, -1.1476 0.8957 -0.8189, -1.1949 0.8957 -0.8189, -0.7933 0.3642 -0.7173, -0.7933 0.3642 0.1654, -0.7933 0.3051 -0.7173, -0.7933 0.3051 0.1654, -0.8799 0.3051 0.1654, -0.8799 0.3051 -0.7173, -0.813 0.3051 -0.8189, -0.8602 0.3051 -0.8189, -0.8799 0.3642 -0.7173, -0.8799 0.3642 0.1654, -0.813 0.3642 -0.8189, -0.8602 0.3642 -0.8189, -0.7933 0.8957 -0.7173, -0.7933 0.8957 0.1654, -0.7933 0.8366 -0.7173, -0.7933 0.8366 0.1654, -0.8799 0.8366 0.1654, -0.8799 0.8366 -0.7173, -0.813 0.8366 -0.8189, -0.8602 0.8366 -0.8189, -0.8799 0.8957 -0.7173, -0.8799 0.8957 0.1654, -0.813 0.8957 -0.8189, -0.8602 0.8957 -0.8189
            ]
        }
        coordIndex [
            0,1,2,-1,2,1,3,-1,3,4,2,-1,2,4,5,-1,2,5,6,-1,6,5,7,-1,5,4,8,-1,8,4,9,-1,10,11,0,-1,0,11,8,-1,0,8,1,-1,1,8,9,-1,6,7,10,-1,10,7,11,-1,12,13,14,-1,14,13,15,-1,15,16,14,-1,14,16,17,-1,14,17,18,-1,18,17,19,-1,17,16,20,-1,20,16,21,-1,22,23,12,-1,12,23,20,-1,12,20,13,-1,13,20,21,-1,18,19,22,-1,22,19,23,-1,14,18,12,-1,12,18,22,-1,20,23,17,-1,17,23,19,-1,2,6,0,-1,0,6,10,-1,8,11,5,-1,5,11,7,-1,24,25,26,-1,26,25,27,-1,27,28,26,-1,26,28,29,-1,26,29,30,-1,30,29,31,-1,29,28,32,-1,32,28,33,-1,34,35,24,-1,24,35,32,-1,24,32,25,-1,25,32,33,-1,26,30,24,-1,24,30,34,-1,30,31,34,-1,34,31,35,-1,32,35,29,-1,29,35,31,-1,36,37,38,-1,38,37,39,-1,39,40,38,-1,38,40,41,-1,38,41,42,-1,42,41,43,-1,41,40,44,-1,44,40,45,-1,46,47,36,-1,36,47,44,-1,36,44,37,-1,37,44,45,-1,38,42,36,-1,36,42,46,-1,42,43,46,-1,46,43,47,-1,44,47,41,-1,41,47,43,-1,
        ]
    }
}
Shape{
    appearance Appearance {
        material  Material {
            diffuseColor 0.7764705882352941 0.7568627450980392 0.7372549019607844
            specularColor 0.38823529411764707 0.3764705882352941 0.3686274509803922
            ambientIntensity 0.7605
            transparency 0.0
            shininess 0.5
        }
    }
    geometry IndexedFaceSet {
        ccw TRUE
        solid FALSE
        coord DEF co Coordinate {
            point [
                1.248 -2.3268 1.2835, 1.248 -1.5591 1.2835, 0.6398 -1.5591 1.2835, 0.3555 -0.2425 1.2835, 0.3028 -0.2425 1.2835, 0.3028 -0.2449 1.2835, 1.0827 0.6732 1.2835, 0.6398 0.6732 1.2835, 0.6398 0.1536 1.2835, 0.149 -0.2221 1.2835, 0.1706 -0.2449 1.2835, 0.149 -0.1789 1.2835, 0.1706 0.1536 1.2835, 0.0911 0.1536 1.2835, 0.1035 0.1528 1.2835, 0.149 0.1404 1.2835, 0.149 0.0876 1.2835, 0.1047 0.1066 1.2835, 0.142 -0.1828 1.2835, 0.0568 0.1128 1.2835, 0.018 0.1084 1.2835, -0.0114 0.0978 1.2835, -0.0387 0.0796 1.2835, -0.0625 0.0533 1.2835, -0.0911 -0.0498 1.2835, -0.0871 -0.0925 1.2835, -0.0764 -0.1263 1.2835, 0.0112 -0.2 1.2835, 0.048 -0.2041 1.2835, -0.0175 -0.1894 1.2835, -0.0416 -0.1731 1.2835, -0.0601 -0.1536 1.2835, 0.1002 -0.1983 1.2835, -0.0787 0.0229 1.2835, -0.0892 -0.0192 1.2835, 0.0267 0.1536 1.2835, 0.0564 0.156 1.2835, 0.1706 1.0669 1.2835, 0.0175 -0.2449 1.2835, -0.0078 -0.2423 1.2835, -0.1751 -0.2449 1.2835, -0.046 -0.2291 1.2835, -0.0777 -0.2089 1.2835, -0.0998 0.0845 1.2835, -0.0642 0.1187 1.2835, -0.1751 0.1536 1.2835, -0.0268 0.1401 1.2835, -0.1439 -0.0531 1.2835, -0.1382 0.0029 1.2835, -0.123 0.0478 1.2835, -0.1751 1.0669 1.2835, 0.0171 0.1528 1.2835, -0.1072 -0.1778 1.2835, -0.1282 -0.1403 1.2835, -0.1401 -0.0987 1.2835, 0.0514 -0.2471 1.2835, 0.1706 -0.6177 1.2835, 0.0673 -0.2449 1.2835, 0.107 -0.2393 1.2835, -0.4921 0.6732 1.2835, -0.2936 0.1536 1.2835, -0.2685 0.1516 1.2835, -0.2159 0.1356 1.2835, -0.2159 0.0828 1.2835, -0.2591 -0.1867 1.2835, -0.2591 -0.0793 1.2835, -0.2639 -0.1891 1.2835, -0.3455 -0.0793 1.2835, -0.2958 -0.2002 1.2835, -0.4008 -0.1901 1.2835, -0.3735 -0.1999 1.2835, -0.3347 -0.2041 1.2835, -0.4643 0.0189 1.2835, -0.473 -0.0165 1.2835, -0.3455 -0.036 1.2835, -0.4752 -0.0474 1.2835, -0.4713 -0.0912 1.2835, -0.4611 -0.1255 1.2835, -0.3069 0.112 1.2835, -0.2587 0.1027 1.2835, -0.2063 -0.036 1.2835, -0.2063 -0.2142 1.2835, -0.2704 -0.2394 1.2835, -0.4458 -0.1525 1.2835, -0.4243 -0.1751 1.2835, -0.328 0.1128 1.2835, -0.3665 0.1083 1.2835, -0.3963 0.0971 1.2835, -0.4236 0.0785 1.2835, -0.4478 0.0511 1.2835, -0.4921 0.7126 1.2835, -0.4758 0.7126 1.2835, -0.4758 1.0669 1.2835, -0.5494 -0.2449 1.2835, -0.3618 -0.2449 1.2835, -0.3887 -0.2421 1.2835, -0.428 -0.2285 1.2835, -0.4646 -0.2045 1.2835, -0.4936 -0.1725 1.2835, -0.528 -0.0508 1.2835, -0.5219 0.0043 1.2835, -0.5494 0.1536 1.2835, -0.5063 0.0482 1.2835, -0.4788 0.089 1.2835, -0.4444 0.1201 1.2835, -0.4057 0.1412 1.2835, -0.3611 0.1533 1.2835, -0.3564 0.1536 1.2835, -0.5139 -0.1341 1.2835, -0.525 -0.0915 1.2835, -0.318 -0.2449 1.2835, -0.1751 -0.6177 1.2835, 0.0407 -0.2473 1.2835, -0.3389 -0.2473 1.2835, -0.5494 -0.6177 1.2835, 0.4921 0.6732 1.2835, 0.4921 0.6929 1.2835, 0.3028 0.1536 1.2835, 0.4758 0.6929 1.2835, -1.0827 1.0669 1.2835, -1.248 1.0669 1.2835, -1.0827 0.6732 1.2835, -1.248 0.1536 1.2835, -1.0571 0.6732 1.2835, -0.5478 -1.9955 1.2835, -0.5315 -1.983 1.2835, -0.5494 -1.5591 1.2835, -0.1751 -2.3268 1.2835, -0.4528 -2.1194 1.2835, -0.5494 -2.3268 1.2835, -0.4717 -2.1272 1.2835, -0.4921 -2.1299 1.2835, -0.5125 -2.1272 1.2835, -0.5315 -2.1194 1.2835, -0.4528 -1.983 1.2835, -0.4364 -1.9955 1.2835, -0.1751 -1.5591 1.2835, -0.4239 -2.0118 1.2835, -0.4161 -2.0308 1.2835, -0.4134 -2.0512 1.2835, -0.4161 -2.0716 1.2835, -0.5125 -1.9751 1.2835, -0.4921 -1.9724 1.2835, -0.4717 -1.9751 1.2835, -0.4239 -2.0905 1.2835, -0.4364 -2.1069 1.2835, -0.5478 -2.1069 1.2835, -0.5494 -2.1048 1.2835, -0.6398 -2.3268 1.2835, -0.5603 -2.0905 1.2835, -0.6398 -1.5591 1.2835, -0.5603 -2.0118 1.2835, -0.5494 -1.9976 1.2835, -0.5682 -2.0716 1.2835, -0.5709 -2.0512 1.2835, -0.5682 -2.0308 1.2835, 0.6398 -0.2449 1.2835, 0.4707 0.108 1.2835, 0.3555 0.108 1.2835, 0.4707 0.1512 1.2835, 0.3026 -0.2425 1.2835, 0.3026 0.108 1.2835, 0.1922 0.108 1.2835, 0.1922 0.1512 1.2835, 0.3028 0.1512 1.2835, 0.3028 1.0669 1.2835, 0.4758 1.0669 1.2835, -0.6398 0.1536 1.2835, -0.6398 -0.2449 1.2835, -1.0571 0.1536 1.2835, -1.0571 -0.2449 1.2835, 0.3028 -0.6177 1.2835, 0.3028 -1.5591 1.2835, -0.6398 -0.6177 1.2835, -1.0571 -0.6177 1.2835, 0.8556 -1.1063 1.2835, 0.8431 -1.1226 1.2835, 0.8431 -1.0112 1.2835, 0.8556 -1.0276 1.2835, 1.248 -0.6177 1.2835, 0.8268 -1.1351 1.2835, 0.8078 -1.143 1.2835, 0.7874 -1.1457 1.2835, 0.767 -1.143 1.2835, 0.8635 -1.0465 1.2835, 0.8661 -1.0669 1.2835, 0.8635 -1.0873 1.2835, 0.748 -1.1351 1.2835, 0.7317 -1.1226 1.2835, 0.7192 -1.1063 1.2835, 0.7113 -1.0873 1.2835, 0.7087 -1.0669 1.2835, 0.6398 -0.6177 1.2835, 0.7113 -1.0465 1.2835, 0.7192 -1.0276 1.2835, 0.7317 -1.0112 1.2835, 0.748 -0.9987 1.2835, 0.767 -0.9909 1.2835, 0.7874 -0.9882 1.2835, 0.8078 -0.9909 1.2835, 0.8268 -0.9987 1.2835, 1.248 -0.2449 1.2835, 1.248 0.1536 1.2835, 1.248 1.0669 1.2835, 1.0827 1.0669 1.2835, -0.8556 -1.0276 1.2835, -0.8431 -1.0112 1.2835, -0.7113 -1.0873 1.2835, -0.7192 -1.1063 1.2835, -0.7087 -1.0669 1.2835, -0.7113 -1.0465 1.2835, -0.7192 -1.0276 1.2835, -0.7317 -1.1226 1.2835, -0.748 -1.1351 1.2835, -0.767 -1.143 1.2835, -0.7874 -1.1457 1.2835, -0.8078 -1.143 1.2835, -1.0571 -1.5591 1.2835, -0.8268 -1.1351 1.2835, -0.8431 -1.1226 1.2835, -0.8556 -1.1063 1.2835, -0.767 -0.9909 1.2835, -0.748 -0.9987 1.2835, -0.7317 -1.0112 1.2835, 0.1706 -1.5591 1.2835, -0.8635 -1.0873 1.2835, -0.8661 -1.0669 1.2835, -0.8635 -1.0465 1.2835, -0.8268 -0.9987 1.2835, -0.8078 -0.9909 1.2835, -0.7874 -0.9882 1.2835, 0.4528 -2.1194 1.2835, 0.4364 -2.1069 1.2835, 0.3028 -2.3268 1.2835, 0.6398 -2.3268 1.2835, 0.5709 -2.0512 1.2835, 0.5682 -2.0716 1.2835, 0.4239 -2.0905 1.2835, 0.4161 -2.0716 1.2835, 0.4134 -2.0512 1.2835, 0.4161 -2.0308 1.2835, 0.4239 -2.0118 1.2835, 0.4364 -1.9955 1.2835, 0.4528 -1.983 1.2835, 0.4717 -1.9751 1.2835, 0.4921 -1.9724 1.2835, 0.5125 -1.9751 1.2835, 0.5315 -1.983 1.2835, 1.248 -2.5236 1.2835, 0.5682 -2.0308 1.2835, 0.5603 -2.0905 1.2835, 0.5478 -2.1069 1.2835, 0.5315 -2.1194 1.2835, 0.5478 -1.9955 1.2835, 0.5603 -2.0118 1.2835, 0.5125 -2.1272 1.2835, 0.4921 -2.1299 1.2835, 0.4717 -2.1272 1.2835, 0.1706 -2.3268 1.2835, -1.0571 -2.3268 1.2835, 0.6398 -2.5236 1.2835, 0.3028 -2.5236 1.2835, 0.1706 -2.5236 1.2835, -0.1751 -2.5236 1.2835, -0.5494 -2.5236 1.2835, -0.6398 -2.5236 1.2835, -1.0571 -2.5236 1.2835, -1.248 -2.5236 1.2835, -1.248 -2.3268 1.2835, -1.248 -1.5591 1.2835, -1.248 -0.6177 1.2835, -1.248 -0.2449 1.2835, -0.6398 0.6732 1.2835, -0.5494 0.6732 1.2835, -0.3234 0.156 1.2835, -1.7598 0.815 0.5512, -1.7598 1.0866 0.5512, -1.6417 0.815 0.5512, -1.6417 1.0866 0.5512, 1.7598 0.1457 0.5512, 1.7598 0.0472 0.5512, 1.6417 0.1457 0.5512, 1.6417 0.0472 0.5512, 1.7598 1.0472 0.5512, 1.7598 0.815 0.5512, 1.6417 1.0472 0.5512, 1.6417 0.815 0.5512, -1.7598 0.753 0.7235, -1.7598 0.7953 0.5459, -1.7598 0.7871 0.5396, -1.7598 0.185 0.5118, -1.7598 0.1837 0.522, -1.7598 0.7756 0.5118, -1.7598 -1.3242 0.522, -1.7598 -1.3281 0.5315, -1.7598 -0.6916 0.522, -1.7598 0.1798 0.5315, -1.7598 0.1735 0.5396, -1.7598 0.7809 0.5315, -1.7598 0.1654 0.5459, -1.7598 0.7559 0.7152, -1.7598 0.7606 0.7077, -1.7598 0.8048 0.5498, -1.7598 0.7668 0.7015, -1.7598 0.752 0.7717, -1.7598 0.752 0.7323, -1.7598 -2.5236 0.7717, -1.7598 -0.6535 0.5512, -1.7598 -0.6637 0.5498, -1.7598 -1.3425 0.5459, -1.7598 -0.6732 0.5459, -1.7598 -0.6814 0.5396, -1.7598 -0.6876 0.5315, -1.7598 -1.3344 0.5396, -1.7598 0.7769 0.522, -1.7598 0.7743 0.6968, -1.7598 0.7826 0.6939, -1.7598 0.7913 0.6929, -1.7598 1.0472 0.6929, -1.7598 -1.0079 -0.315, -1.7598 -1.0079 -0.0, -1.7598 -0.9685 -0.3543, -1.7598 -1.3228 0.5118, -1.7598 -1.1362 0.038, -1.7598 -1.0276 0.0341, -1.7598 -1.0194 0.0278, -1.7598 -0.6929 0.5118, -1.7598 -1.0131 0.0197, -1.7598 -1.0092 0.0102, -1.7598 0.1864 -0.837, -1.7598 0.185 -0.8268, -1.7598 0.2244 -0.8661, -1.7598 1.0574 0.6916, -1.7598 1.0853 0.6637, -1.7598 1.0866 0.6535, -1.7598 0.7362 -0.8661, -1.7598 -0.6943 -0.3252, -1.7598 -0.6982 -0.3346, -1.7598 -0.7044 -0.3428, -1.7598 -0.7126 -0.3491, -1.7598 -1.0065 -0.3252, -1.7598 -1.1457 0.0341, -1.7598 -1.1538 0.0278, -1.7598 -1.3228 -0.0, -1.7598 -1.1601 0.0197, -1.7598 -1.164 0.0102, -1.7598 -1.1654 -0.0, -1.7598 0.2047 -0.8609, -1.7598 0.1966 -0.8546, -1.7598 0.1903 -0.8465, -1.7598 1.0669 0.6876, -1.7598 1.0751 0.6814, -1.7598 1.0813 0.6732, -1.7598 -0.6929 -0.315, -1.7598 -0.7221 -0.353, -1.7598 -0.7323 -0.3543, -1.7598 -1.0371 0.038, -1.7598 -1.0472 0.0394, -1.7598 -1.126 0.0394, -1.7598 0.7756 -0.8268, -1.7598 -0.5551 0.5512, -1.7598 -1.352 0.5498, -1.7598 -1.3622 0.5512, -1.7598 -1.4606 0.5512, -1.7598 -2.5236 0.5512, -1.7598 -0.9787 -0.353, -1.7598 -0.9882 -0.3491, -1.7598 -0.9963 -0.3428, -1.7598 0.7703 -0.8465, -1.7598 0.7641 -0.8546, -1.7598 0.7559 -0.8609, -1.7598 0.2142 -0.8648, -1.7598 0.1559 0.5498, -1.7598 0.1457 0.5512, -1.7598 0.0079 0.5512, -1.7598 -1.0026 -0.3346, -1.7598 -1.2047 -0.0394, -1.7598 -1.2835 -0.0394, -1.7598 -1.3215 -0.0102, -1.7598 0.7743 -0.837, -1.7598 0.7464 -0.8648, -1.7598 -1.1706 -0.0197, -1.7598 -1.1769 -0.0278, -1.7598 -1.185 -0.0341, -1.7598 -1.2937 -0.038, -1.7598 -1.3031 -0.0341, -1.7598 -1.3176 -0.0197, -1.7598 -1.3113 -0.0278, -1.7598 -1.1667 -0.0102, -1.7598 -1.1945 -0.038, -1.6417 -1.0371 0.038, -1.6417 -1.0276 0.0341, -1.6417 -0.6876 0.5315, -1.6417 0.7756 0.5118, -1.6417 0.7769 0.522, -1.6417 0.7756 0.5512, -1.6417 0.7809 0.5315, -1.6417 0.7871 0.5396, -1.6417 0.1654 0.5459, -1.6417 0.1735 0.5396, -1.6417 0.185 0.5512, -1.6417 0.1798 0.5315, -1.6417 0.1837 0.522, -1.6417 0.185 0.5118, -1.6417 -1.352 0.5498, -1.6417 -1.3425 0.5459, -1.6417 -0.6535 0.5512, -1.6417 1.0472 0.6929, -1.6417 0.7913 0.6929, -1.6417 0.7826 0.6939, -1.6417 0.7743 0.6968, -1.6417 0.7668 0.7015, -1.6417 0.7606 0.7077, -1.6417 0.7559 0.7152, -1.6417 0.753 0.7235, -1.6417 -2.5236 0.7717, -1.6417 0.752 0.7323, -1.6417 0.752 0.7717, -1.6417 1.0866 0.6535, -1.6417 1.0853 0.6637, -1.6417 -1.0194 0.0278, -1.6417 -0.6929 0.5118, -1.6417 -0.6916 0.522, -1.6417 -0.9787 -0.353, -1.6417 -0.9685 -0.3543, -1.6417 -1.0065 -0.3252, -1.6417 0.7953 0.5459, -1.6417 0.8048 0.5498, -1.6417 1.0574 0.6916, -1.6417 1.0669 0.6876, -1.6417 -1.3344 0.5396, -1.6417 -1.3281 0.5315, -1.6417 -0.6637 0.5498, -1.6417 -0.6732 0.5459, -1.6417 -1.0079 -0.0, -1.6417 -0.7323 -0.3543, -1.6417 -0.7221 -0.353, -1.6417 -1.0079 -0.315, -1.6417 -0.7126 -0.3491, -1.6417 -0.7044 -0.3428, -1.6417 -0.6982 -0.3346, -1.6417 -1.0131 0.0197, -1.6417 -1.0092 0.0102, -1.6417 -0.6929 -0.315, -1.6417 -0.6943 -0.3252, -1.6417 -1.3622 0.5512, -1.6417 -1.4606 0.5512, -1.6417 -2.5236 0.5512, -1.6417 1.0813 0.6732, -1.6417 1.0751 0.6814, -1.6417 -1.2937 -0.038, -1.6417 -1.2835 -0.0394, -1.6417 -1.3228 -0.0, -1.6417 -0.5551 0.5512, -1.6417 0.0079 0.5512, -1.6417 0.1457 0.5512, -1.6417 0.1559 0.5498, -1.6417 -1.3176 -0.0197, -1.6417 -1.3113 -0.0278, -1.6417 -1.3031 -0.0341, -1.6417 -1.1654 -0.0, -1.6417 -1.164 0.0102, -1.6417 -1.1601 0.0197, -1.6417 -1.3228 0.5118, -1.6417 -1.1538 0.0278, -1.6417 -1.1457 0.0341, -1.6417 -1.1362 0.038, -1.6417 -1.3242 0.522, -1.6417 -1.126 0.0394, -1.6417 -1.0472 0.0394, -1.6417 -0.9882 -0.3491, -1.6417 -1.0026 -0.3346, -1.6417 -0.9963 -0.3428, -1.6417 -1.2047 -0.0394, -1.6417 -1.1667 -0.0102, -1.6417 -1.185 -0.0341, -1.6417 -1.1769 -0.0278, -1.6417 -1.1706 -0.0197, -1.6417 -0.6814 0.5396, -1.6417 -1.3215 -0.0102, -1.6417 -1.1945 -0.038, -1.759 -0.5171 0.522, -1.7593 -0.5187 0.5269, -1.747 -0.5157 0.4373, -1.7583 -0.5157 0.5118, -1.7587 -0.5161 0.517, -1.7595 -0.521 0.5315, -1.7596 -0.5239 0.5358, -1.7597 -0.5273 0.5396, -1.7598 -0.5311 0.543, -1.7598 -0.5354 0.5459, -1.7598 -0.54 0.5482, -1.7598 -0.5449 0.5498, -1.7598 -0.55 0.5508, -1.747 0.0079 0.4373, -1.7092 0.0079 0.3291, -1.7092 -0.5157 0.3291, -1.6482 0.0079 0.2321, -1.6482 -0.5157 0.2321, -1.5671 0.0079 0.151, -1.5671 -0.5157 0.151, -1.4701 0.0079 0.0901, -1.4701 -0.5157 0.0901, -1.3619 0.0079 0.0522, -1.3619 -0.5157 0.0522, -1.248 0.0079 0.0394, -1.248 -0.5157 0.0394, -1.6417 -0.55 0.5508, -1.6417 -0.5449 0.5498, -1.6417 -0.54 0.5482, -1.6417 -0.5354 0.5459, -1.6416 -0.5312 0.5431, -1.6416 -0.5273 0.5396, -1.6414 -0.5239 0.5358, -1.6412 -0.521 0.5315, -1.641 -0.5187 0.5269, -1.6406 -0.5171 0.522, -1.248 -0.5157 0.1575, -1.248 0.0079 0.1575, -1.3356 -0.5157 0.1674, -1.3356 0.0079 0.1674, -1.4189 -0.5157 0.1965, -1.4189 0.0079 0.1965, -1.4935 -0.5157 0.2434, -1.4935 0.0079 0.2434, -1.5558 -0.5157 0.3057, -1.5558 0.0079 0.3057, -1.6027 -0.5157 0.3804, -1.6027 0.0079 0.3804, -1.6319 -0.5157 0.4636, -1.6319 0.0079 0.4636, -1.6398 -0.5157 0.5118, -1.6402 -0.5161 0.5169, -0.6299 -2.0444 0.0394, -0.6272 -2.0648 0.0394, -1.248 -2.5236 0.0394, -0.6194 -2.0838 0.0394, -0.6069 -2.1001 0.0394, -0.7914 -1.4409 0.0394, -0.7796 -1.4125 0.0394, -0.4955 -1.9887 0.0394, -0.7756 -0.6339 0.0394, -0.7796 -0.6033 0.0394, -0.0039 0.0079 0.0394, -0.7914 -0.5748 0.0394, -0.8102 -0.5503 0.0394, -0.0039 -2.5236 0.0394, -0.5308 -2.1205 0.0394, -0.5118 -2.1126 0.0394, -0.5906 -1.9762 0.0394, -0.6069 -1.9887 0.0394, -0.8631 -1.496 0.0394, -0.6272 -2.024 0.0394, -1.248 -1.5 0.0394, -0.6194 -2.005 0.0394, -0.8346 -0.5316 0.0394, -0.8631 -0.5198 0.0394, -0.8937 -0.5157 0.0394, -0.5906 -2.1126 0.0394, -0.5716 -2.1205 0.0394, -0.5512 -2.1232 0.0394, -0.5512 -1.9657 0.0394, -0.5716 -1.9684 0.0394, -0.8102 -1.4654 0.0394, -0.4955 -2.1001 0.0394, -0.483 -2.0838 0.0394, -0.4751 -2.0648 0.0394, -0.4724 -2.0444 0.0394, -0.4751 -2.024 0.0394, -0.483 -2.005 0.0394, -0.7756 -1.3819 0.0394, -0.5308 -1.9684 0.0394, -0.8937 -1.5 0.0394, -0.5118 -1.9762 0.0394, -0.8346 -1.4842 0.0394, -0.8631 -0.5198 0.1575, -0.8346 -0.5316 0.1575, -0.0039 0.0079 0.1575, -0.8102 -0.5503 0.1575, -0.7914 -0.5748 0.1575, -0.8102 -1.4654 0.1575, -0.0039 -2.5236 0.1575, -0.7914 -1.4409 0.1575, -0.7796 -1.4125 0.1575, -0.8937 -0.5157 0.1575, -0.7796 -0.6033 0.1575, -0.7756 -0.6339 0.1575, -0.7756 -1.3819 0.1575, -0.8346 -1.4842 0.1575, -0.8631 -1.496 0.1575, -1.248 -2.5236 0.1575, -0.8937 -1.5 0.1575, -1.248 -1.5 0.1575, 1.7598 -1.3622 0.5512, 1.7598 -1.4606 0.5512, 1.6417 -1.3622 0.5512, 1.6417 -1.4606 0.5512, 1.6417 -0.6535 0.5512, 1.6417 -0.5551 0.5512, 1.7598 -0.6535 0.5512, 1.7598 -0.5551 0.5512, -0.4921 0.7126 1.2826, 0.4758 1.0669 1.1654, -0.4758 1.0669 1.1654, 0.4758 0.6929 1.1654, 0.4921 0.6929 1.1654, 0.4921 0.6732 1.1654, 1.0827 1.0669 1.1654, 1.248 1.0669 1.1654, 1.0827 0.6732 1.1654, 1.248 -2.5236 1.1654, -1.248 -2.5236 1.1654, -0.4921 0.6732 1.1654, -0.4921 0.7126 1.1654, -0.4758 0.7126 1.1654, -1.0827 0.6732 1.1654, -1.248 1.0669 1.1654, -1.0827 1.0669 1.1654, -1.589 1.0669 0.9685, -1.6089 1.0669 0.9291, -1.735 1.0669 0.9291, -1.7092 1.0669 0.9937, -1.6482 1.0669 1.0908, -1.5264 1.0669 1.05, -1.5671 1.0669 1.1718, -1.4449 1.0669 1.1126, -1.4701 1.0669 1.2328, -1.3499 1.0669 1.1519, -1.3619 1.0669 1.2706, 1.4449 1.0669 1.1126, 1.5671 1.0669 1.1718, 1.5264 1.0669 1.05, 1.6482 1.0669 1.0908, 1.589 1.0669 0.9685, 1.7092 1.0669 0.9937, 1.6089 1.0669 0.9291, 1.735 1.0669 0.9291, 1.3499 1.0669 1.1519, 1.3619 1.0669 1.2706, 1.4701 1.0669 1.2328, 1.747 0.0079 0.4373, 1.7092 -0.5157 0.3291, 1.7092 0.0079 0.3291, 1.6482 -0.5157 0.2321, 1.6482 0.0079 0.2321, 1.5671 -0.5157 0.151, 1.5671 0.0079 0.151, 1.4701 -0.5157 0.0901, 1.4701 0.0079 0.0901, 1.3619 -0.5157 0.0522, 1.3619 0.0079 0.0522, 1.248 -0.5157 0.0394, 1.248 0.0079 0.0394, 1.7598 -0.55 0.5508, 1.7598 -0.5449 0.5498, 1.7598 -0.54 0.5482, 1.7598 -0.5354 0.5459, 1.7598 -0.5312 0.5431, 1.7597 -0.5273 0.5396, 1.7595 0.0132 0.5315, 1.7595 -0.521 0.5315, 1.7593 0.0109 0.5269, 1.7593 -0.5187 0.5269, 1.759 0.0092 0.522, 1.759 -0.5171 0.522, 1.7587 0.0082 0.517, 1.7587 -0.5161 0.5169, 1.7583 0.0079 0.5118, 1.7583 -0.5157 0.5118, 1.747 -0.5157 0.4373, 1.7596 0.016 0.5358, 1.7597 0.0194 0.5396, 1.7598 0.0233 0.543, 1.7598 0.0276 0.5459, 1.7598 0.0322 0.5482, 1.7598 0.0371 0.5498, 1.7596 -0.5239 0.5358, 1.7598 0.0421 0.5508, 1.6417 0.0421 0.5508, 1.6417 0.0371 0.5498, 1.6417 0.0322 0.5482, 1.6417 0.0276 0.5459, 1.6416 0.0233 0.5431, 1.6416 0.0194 0.5396, 1.6416 -0.5311 0.543, 1.6412 0.0132 0.5315, 1.6416 -0.5273 0.5396, 1.6414 -0.5239 0.5358, 1.6417 -0.5354 0.5459, 1.6417 -0.54 0.5482, 1.6417 -0.5449 0.5498, 1.6414 0.016 0.5358, 1.6417 -0.55 0.5508, 1.248 0.0079 0.1575, 1.248 -0.5157 0.1575, 1.3356 0.0079 0.1674, 1.3356 -0.5157 0.1674, 1.4189 0.0079 0.1965, 1.4189 -0.5157 0.1965, 1.4935 0.0079 0.2434, 1.4935 -0.5157 0.2434, 1.5558 0.0079 0.3057, 1.5558 -0.5157 0.3057, 1.6027 0.0079 0.3804, 1.6027 -0.5157 0.3804, 1.6319 0.0079 0.4636, 1.6319 -0.5157 0.4636, 1.6398 0.0079 0.5118, 1.6398 -0.5157 0.5118, 1.6402 0.0082 0.5169, 1.6402 -0.5161 0.517, 1.6406 0.0092 0.522, 1.6406 -0.5171 0.522, 1.641 0.0109 0.5269, 1.641 -0.5187 0.5269, 1.6412 -0.521 0.5315, -1.3499 -2.5236 1.1519, -1.3619 -2.5236 1.2706, -1.4449 -2.5236 1.1126, -1.4701 -2.5236 1.2328, -1.5264 -2.5236 1.05, -1.747 -2.5236 0.8855, -1.6283 -2.5236 0.8736, -1.7092 -2.5236 0.9937, -1.589 -2.5236 0.9685, -1.6482 -2.5236 1.0908, -1.5671 -2.5236 1.1718, -1.7472 0.7717 0.8845, -1.7479 0.7674 0.8816, -1.7486 0.7635 0.8782, -1.7503 0.7572 0.8701, -1.7521 0.7533 0.8606, -1.7537 0.752 0.8504, -1.746 0.7913 0.8898, -1.7461 0.7862 0.8894, -1.746 1.0276 0.8898, -1.744 1.0516 0.8979, -1.7447 1.0472 0.895, -1.7409 1.0472 0.9096, -1.7453 1.0426 0.8928, -1.7457 1.0378 0.8911, -1.7459 1.0327 0.8901, -1.7382 1.0656 0.9189, -1.7409 1.0617 0.9094, -1.7432 1.0554 0.9013, -1.747 0.7736 0.8855, -1.7463 0.7812 0.8884, -1.6252 0.7717 0.8845, -1.6245 0.7763 0.8868, -1.6261 0.7674 0.8816, -1.6237 0.7862 0.8894, -1.624 0.7812 0.8884, -1.6226 1.0427 0.8928, -1.6219 1.0472 0.895, -1.6236 0.7913 0.8898, -1.6209 1.0515 0.8979, -1.6198 1.0554 0.9013, -1.6168 1.0617 0.9094, -1.6131 1.0656 0.9189, -1.6232 1.0378 0.8911, -1.6236 1.0276 0.8898, -1.6235 1.0327 0.8901, -1.6316 0.7533 0.8606, -1.6292 0.7572 0.8701, -1.6283 0.7599 0.8735, -1.627 0.7635 0.8782, -1.6338 0.752 0.8504, -1.6319 -2.5236 0.4636, -1.747 -2.5236 0.4373, -1.6027 -2.5236 0.3804, -1.7092 -2.5236 0.3291, -1.5558 -2.5236 0.3057, -1.6482 -2.5236 0.2321, -1.4935 -2.5236 0.2434, -1.5671 -2.5236 0.151, -1.4189 -2.5236 0.1965, -1.4701 -2.5236 0.0901, -1.3356 -2.5236 0.1674, -1.3619 -2.5236 0.0522, -1.7598 -1.4658 0.5508, -1.7598 -1.4708 0.5498, -1.7598 -1.4757 0.5482, -1.7598 -1.4803 0.5459, -1.7598 -1.4846 0.5431, -1.7597 -1.4885 0.5396, -1.7596 -1.4918 0.5358, -1.7595 -1.4947 0.5315, -1.7593 -1.497 0.5269, -1.759 -1.4987 0.522, -1.7587 -1.4997 0.5169, -1.7583 -1.5 0.5118, -1.747 -1.5 0.4373, -1.7092 -1.5 0.3291, -1.6482 -1.5 0.2321, -1.5671 -1.5 0.151, -1.4701 -1.5 0.0901, -1.3619 -1.5 0.0522, -1.6406 -1.4987 0.522, -1.641 -1.497 0.5269, -1.6402 -1.4997 0.517, -1.6412 -1.4947 0.5315, -1.6414 -1.4919 0.5358, -1.6416 -1.4885 0.5396, -1.6416 -1.4846 0.543, -1.6417 -1.4803 0.5459, -1.6417 -1.4757 0.5482, -1.6417 -1.4708 0.5498, -1.6417 -1.4658 0.5508, -1.3356 -1.5 0.1674, -1.4189 -1.5 0.1965, -1.4935 -1.5 0.2434, -1.5558 -1.5 0.3057, -1.6027 -1.5 0.3804, -1.6319 -1.5 0.4636, -1.6398 -1.5 0.5118, 1.6417 -2.5236 0.7717, 1.7598 -2.5236 0.7717, 1.6283 -2.5236 0.8736, 1.747 -2.5236 0.8855, 1.589 -2.5236 0.9685, 1.7092 -2.5236 0.9937, 1.5264 -2.5236 1.05, 1.3619 -2.5236 1.2706, 1.3499 -2.5236 1.1519, 1.4701 -2.5236 1.2328, 1.4449 -2.5236 1.1126, 1.5671 -2.5236 1.1718, 1.6482 -2.5236 1.0908, 1.7409 1.0472 0.9096, 1.744 1.0515 0.8979, 1.7432 1.0554 0.9013, 1.7409 1.0617 0.9094, 1.7382 1.0656 0.9189, 1.7457 1.0378 0.8911, 1.7453 1.0427 0.8928, 1.7447 1.0472 0.895, 1.7461 0.7862 0.8894, 1.746 0.7913 0.8898, 1.746 1.0276 0.8898, 1.7459 1.0327 0.8901, 1.7598 0.752 0.7717, 1.7537 0.752 0.8504, 1.7521 0.7533 0.8606, 1.7503 0.7572 0.8701, 1.7486 0.7635 0.8782, 1.7479 0.7674 0.8816, 1.7473 0.7717 0.8844, 1.747 0.7736 0.8855, 1.7463 0.7812 0.8884, 1.6338 0.752 0.8504, 1.6417 0.752 0.7717, 1.6316 0.7533 0.8606, 1.6236 1.0276 0.8898, 1.6236 0.7913 0.8898, 1.6209 1.0516 0.8979, 1.6219 1.0472 0.895, 1.6168 1.0472 0.9096, 1.6226 1.0426 0.8928, 1.6232 1.0378 0.8911, 1.6235 1.0327 0.8901, 1.6131 1.0656 0.9189, 1.6168 1.0617 0.9094, 1.6198 1.0554 0.9013, 1.6237 0.7862 0.8894, 1.624 0.7812 0.8884, 1.6245 0.7762 0.8868, 1.6252 0.7717 0.8845, 1.6261 0.7674 0.8816, 1.627 0.7635 0.8782, 1.6283 0.7599 0.8735, 1.6292 0.7572 0.8701, 1.6417 -2.5236 0.5512, 1.7598 -2.5236 0.5512, 1.7598 -1.3425 0.5459, 1.7598 -1.3344 0.5396, 1.7598 -1.352 0.5498, 1.7598 -0.6814 0.5396, 1.7598 -0.6732 0.5459, 1.7598 0.1559 0.5498, 1.7598 0.1654 0.5459, 1.7598 0.7756 0.5118, 1.7598 0.7769 0.522, 1.7598 0.185 0.5118, 1.7598 -0.6876 0.5315, 1.7598 -1.3281 0.5315, 1.7598 -1.3242 0.522, 1.7598 0.1735 0.5396, 1.7598 0.1798 0.5315, 1.7598 0.752 0.7323, 1.7598 0.7533 0.7221, 1.7598 -0.6637 0.5498, 1.7598 -1.1538 0.0278, 1.7598 -1.3228 0.5118, 1.7598 -1.1601 0.0197, 1.7598 -1.3228 -0.0, 1.7598 -1.164 0.0102, 1.7598 -1.0371 0.038, 1.7598 -0.6916 0.522, 1.7598 -1.0276 0.0341, 1.7598 -0.6929 0.5118, 1.7598 -1.0194 0.0278, 1.7598 0.7635 0.7044, 1.7598 0.7871 0.5396, 1.7598 0.7953 0.5459, 1.7598 0.7572 0.7126, 1.7598 0.7809 0.5315, 1.7598 0.1837 0.522, 1.7598 -1.1457 0.0341, 1.7598 -1.1362 0.038, 1.7598 -1.126 0.0394, 1.7598 -1.0472 0.0394, 1.7598 -0.9685 -0.3543, 1.7598 -1.0079 -0.315, 1.7598 -1.0065 -0.3252, 1.7598 0.2244 -0.8661, 1.7598 0.185 -0.8268, 1.7598 -1.2937 -0.038, 1.7598 -1.2835 -0.0394, 1.7598 -1.0079 -0.0, 1.7598 -0.7323 -0.3543, 1.7598 -0.7221 -0.353, 1.7598 0.7756 -0.8268, 1.7598 0.7362 -0.8661, 1.7598 1.0574 0.6916, 1.7598 1.0472 0.6929, 1.7598 1.0853 0.6637, 1.7598 -1.1654 -0.0, 1.7598 -1.2047 -0.0394, 1.7598 -1.185 -0.0341, 1.7598 -1.1769 -0.0278, 1.7598 -1.1706 -0.0197, 1.7598 -1.0026 -0.3346, 1.7598 -0.9963 -0.3428, 1.7598 -0.9787 -0.353, 1.7598 -0.9882 -0.3491, 1.7598 -0.7126 -0.3491, 1.7598 -0.7044 -0.3428, 1.7598 -0.6982 -0.3346, 1.7598 -1.0131 0.0197, 1.7598 -1.0092 0.0102, 1.7598 -0.6929 -0.315, 1.7598 -0.6943 -0.3252, 1.7598 0.1903 -0.8465, 1.7598 0.1966 -0.8546, 1.7598 0.2047 -0.8609, 1.7598 -1.1945 -0.038, 1.7598 -1.1667 -0.0102, 1.7598 0.1864 -0.837, 1.7598 0.2142 -0.8648, 1.7598 0.7559 -0.8609, 1.7598 0.7641 -0.8546, 1.7598 0.7703 -0.8465, 1.7598 -1.3215 -0.0102, 1.7598 -1.3176 -0.0197, 1.7598 -1.3031 -0.0341, 1.7598 -1.3113 -0.0278, 1.7598 0.7464 -0.8648, 1.7598 0.7743 -0.837, 1.7598 0.7913 0.6929, 1.7598 0.8048 0.5498, 1.7598 0.7812 0.6943, 1.7598 0.7717 0.6982, 1.7598 1.0574 0.5525, 1.7598 1.0853 0.5804, 1.7598 1.0866 0.5906, 1.7598 1.0866 0.6535, 1.7598 1.0669 0.5565, 1.7598 1.0751 0.5627, 1.7598 1.0813 0.5709, 1.7598 1.0813 0.6732, 1.7598 1.0751 0.6814, 1.7598 1.0669 0.6876, 1.6417 -1.3344 0.5396, 1.6417 -1.3425 0.5459, 1.6417 0.7871 0.5396, 1.6417 0.7809 0.5315, 1.6417 0.7756 0.5512, 1.6417 0.7769 0.522, 1.6417 0.7756 0.5118, 1.6417 1.0472 0.6929, 1.6417 0.7913 0.6929, 1.6417 0.7812 0.6943, 1.6417 0.185 0.5512, 1.6417 0.185 0.5118, 1.6417 0.1837 0.522, 1.6417 0.1798 0.5315, 1.6417 0.1735 0.5396, 1.6417 0.1654 0.5459, 1.6417 -1.3215 -0.0102, 1.6417 -1.3228 -0.0, 1.6417 -1.2835 -0.0394, 1.6417 0.8048 0.5498, 1.6417 0.7953 0.5459, 1.6417 0.7533 0.7221, 1.6417 0.752 0.7323, 1.6417 0.7572 0.7126, 1.6417 0.7635 0.7044, 1.6417 0.7717 0.6982, 1.6417 -1.3242 0.522, 1.6417 -0.6876 0.5315, 1.6417 -0.6916 0.522, 1.6417 -1.3281 0.5315, 1.6417 -0.6814 0.5396, 1.6417 -0.6637 0.5498, 1.6417 -0.6732 0.5459, 1.6417 1.0574 0.6916, 1.6417 1.0853 0.6637, 1.6417 1.0866 0.6535, 1.6417 -1.352 0.5498, 1.6417 -0.7221 -0.353, 1.6417 -0.7323 -0.3543, 1.6417 -1.0079 -0.0, 1.6417 -0.9685 -0.3543, 1.6417 1.0669 0.6876, 1.6417 1.0751 0.6814, 1.6417 1.0813 0.6732, 1.6417 1.0669 0.5565, 1.6417 1.0853 0.5804, 1.6417 1.0751 0.5627, 1.6417 1.0813 0.5709, 1.6417 1.0866 0.5906, 1.6417 1.0574 0.5525, 1.6417 -0.6943 -0.3252, 1.6417 -0.6982 -0.3346, 1.6417 -1.0276 0.0341, 1.6417 -1.0194 0.0278, 1.6417 -0.6929 0.5118, 1.6417 -1.0131 0.0197, 1.6417 -1.0092 0.0102, 1.6417 -1.3228 0.5118, 1.6417 -1.1362 0.038, 1.6417 0.1559 0.5498, 1.6417 -0.6929 -0.315, 1.6417 -0.7044 -0.3428, 1.6417 -0.7126 -0.3491, 1.6417 -0.9787 -0.353, 1.6417 -1.0065 -0.3252, 1.6417 -1.0079 -0.315, 1.6417 -1.1457 0.0341, 1.6417 -1.1538 0.0278, 1.6417 -1.1601 0.0197, 1.6417 -1.164 0.0102, 1.6417 -1.1654 -0.0, 1.6417 -0.9882 -0.3491, 1.6417 -0.9963 -0.3428, 1.6417 -1.0026 -0.3346, 1.6417 -1.0371 0.038, 1.6417 -1.0472 0.0394, 1.6417 -1.126 0.0394, 1.6417 -1.3031 -0.0341, 1.6417 -1.3113 -0.0278, 1.6417 -1.3176 -0.0197, 1.6417 -1.1706 -0.0197, 1.6417 -1.1769 -0.0278, 1.6417 -1.185 -0.0341, 1.6417 -1.2047 -0.0394, 1.6417 -1.1945 -0.038, 1.6417 -1.2937 -0.038, 1.6417 -1.1667 -0.0102, 1.248 -2.5236 0.1575, 1.248 -2.5236 0.0394, 1.3356 -2.5236 0.1674, 1.3619 -2.5236 0.0522, 1.4189 -2.5236 0.1965, 1.4701 -2.5236 0.0901, 1.4935 -2.5236 0.2434, 1.5671 -2.5236 0.151, 1.5558 -2.5236 0.3057, 1.6482 -2.5236 0.2321, 1.6027 -2.5236 0.3804, 1.7092 -2.5236 0.3291, 1.6319 -2.5236 0.4636, 1.747 -2.5236 0.4373, 1.759 -1.4987 0.522, 1.7593 -1.497 0.5269, 1.747 -1.5 0.4373, 1.7583 -1.5 0.5118, 1.7587 -1.4997 0.517, 1.7595 -1.4947 0.5315, 1.7596 -1.4919 0.5358, 1.7597 -1.4885 0.5396, 1.7598 -1.4846 0.543, 1.7598 -1.4803 0.5459, 1.7598 -1.4757 0.5482, 1.7598 -1.4708 0.5498, 1.7598 -1.4658 0.5508, 1.7092 -1.5 0.3291, 1.6482 -1.5 0.2321, 1.5671 -1.5 0.151, 1.4701 -1.5 0.0901, 1.3619 -1.5 0.0522, 1.248 -1.5 0.0394, 1.6417 -1.4658 0.5508, 1.6417 -1.4708 0.5498, 1.6417 -1.4757 0.5482, 1.6417 -1.4803 0.5459, 1.6416 -1.4846 0.5431, 1.6416 -1.4885 0.5396, 1.6406 -1.4987 0.522, 1.6402 -1.4997 0.5169, 1.6414 -1.4918 0.5358, 1.6412 -1.4947 0.5315, 1.641 -1.497 0.5269, 1.248 -1.5 0.1575, 1.3356 -1.5 0.1674, 1.4189 -1.5 0.1965, 1.4935 -1.5 0.2434, 1.5558 -1.5 0.3057, 1.6027 -1.5 0.3804, 1.6319 -1.5 0.4636, 1.6398 -1.5 0.5118, 0.0039 -2.5236 0.1575, 0.0039 -2.5236 0.0394, 0.8937 -0.5157 0.0394, 0.4724 -2.0444 0.0394, 0.4751 -2.0648 0.0394, 0.8937 -1.5 0.0394, 0.4751 -2.024 0.0394, 0.0039 0.0079 0.0394, 0.8631 -0.5198 0.0394, 0.8346 -0.5316 0.0394, 0.8102 -0.5503 0.0394, 0.7756 -1.3819 0.0394, 0.7796 -1.4125 0.0394, 0.4955 -1.9887 0.0394, 0.483 -2.0838 0.0394, 0.4955 -2.1001 0.0394, 0.5118 -2.1126 0.0394, 0.7914 -0.5748 0.0394, 0.7796 -0.6033 0.0394, 0.7756 -0.6339 0.0394, 0.8631 -1.496 0.0394, 0.6272 -2.024 0.0394, 0.6194 -2.005 0.0394, 0.5308 -2.1205 0.0394, 0.5512 -2.1232 0.0394, 0.5716 -2.1205 0.0394, 0.5906 -2.1126 0.0394, 0.6069 -2.1001 0.0394, 0.6194 -2.0838 0.0394, 0.6272 -2.0648 0.0394, 0.6299 -2.0444 0.0394, 0.483 -2.005 0.0394, 0.7914 -1.4409 0.0394, 0.8102 -1.4654 0.0394, 0.5118 -1.9762 0.0394, 0.5308 -1.9684 0.0394, 0.6069 -1.9887 0.0394, 0.5906 -1.9762 0.0394, 0.8346 -1.4842 0.0394, 0.5716 -1.9684 0.0394, 0.5512 -1.9657 0.0394, 0.8631 -1.496 0.1575, 0.8346 -1.4842 0.1575, 0.8102 -1.4654 0.1575, 0.7914 -1.4409 0.1575, 0.8102 -0.5503 0.1575, 0.0039 0.0079 0.1575, 0.7914 -0.5748 0.1575, 0.7796 -0.6033 0.1575, 0.8346 -0.5316 0.1575, 0.8631 -0.5198 0.1575, 0.8937 -0.5157 0.1575, 0.7796 -1.4125 0.1575, 0.7756 -1.3819 0.1575, 0.7756 -0.6339 0.1575, 0.8937 -1.5 0.1575, 0.4921 0.6929 1.2826, -0.5037 0.7126 1.1538, -0.4955 0.7126 1.1601, -0.486 0.7126 1.164, -0.5872 0.7126 1.2373, -0.5546 0.7126 1.2624, -0.5166 0.7126 1.2781, -0.5037 1.0669 1.1538, -0.5872 1.0669 1.2373, -0.4955 1.0669 1.1601, -0.5546 1.0669 1.2624, -0.486 1.0669 1.164, -0.5166 1.0669 1.2781, -0.7916 1.0669 1.0329, -0.7081 1.0669 0.9494, -0.7081 0.7126 0.9494, -0.7916 0.7126 1.0329, -0.8157 1.0472 1.0088, -0.7988 1.0656 1.0257, -0.8113 1.0554 1.0132, -0.8055 1.0617 1.019, -0.8194 1.0276 1.0051, -0.8185 1.0378 1.006, -0.8194 0.752 1.0051, -0.8185 0.7418 1.006, -0.8157 0.7323 1.0088, -0.8113 0.7241 1.0132, -0.8055 0.7179 1.019, -0.7988 0.7139 1.0257, -0.7153 1.0656 0.9422, -0.7359 1.0276 0.9216, -0.7359 0.752 0.9216, -0.735 0.7418 0.9225, -0.7153 0.7139 0.9422, -0.722 0.7179 0.9355, -0.7278 0.7241 0.9297, -0.735 1.0378 0.9225, -0.7322 1.0472 0.9253, -0.722 1.0617 0.9355, -0.7278 1.0554 0.9297, -0.7322 0.7323 0.9253, 0.5166 0.6929 1.2781, 0.5546 0.6929 1.2624, 0.5037 0.6929 1.1538, 0.5872 0.6929 1.2373, 0.486 0.6929 1.164, 0.4955 0.6929 1.1601, 0.486 1.0669 1.164, 0.5166 1.0669 1.2781, 0.4955 1.0669 1.1601, 0.5546 1.0669 1.2624, 0.5037 1.0669 1.1538, 0.5872 1.0669 1.2373, 0.7081 1.0669 0.9494, 0.7916 1.0669 1.0329, 0.7916 0.6929 1.0329, 0.7081 0.6929 0.9494, 0.8113 1.0554 1.0132, 0.8055 1.0617 1.019, 0.7988 1.0656 1.0257, 0.8157 1.0472 1.0088, 0.7988 0.6943 1.0257, 0.8055 0.6982 1.019, 0.8113 0.7044 1.0132, 0.8157 0.7126 1.0088, 0.8185 0.7221 1.006, 0.8194 0.7323 1.0051, 0.8194 1.0276 1.0051, 0.8185 1.0378 1.006, 0.7359 1.0276 0.9216, 0.7153 1.0656 0.9422, 0.7359 0.7323 0.9216, 0.735 0.7221 0.9225, 0.722 1.0617 0.9355, 0.7278 1.0554 0.9297, 0.7322 1.0472 0.9253, 0.735 1.0378 0.9225, 0.7322 0.7126 0.9253, 0.7278 0.7044 0.9297, 0.7153 0.6943 0.9422, 0.722 0.6982 0.9355, 1.6339 0.7756 0.5512, 1.6339 0.185 0.5512, 1.6339 0.185 -0.8268, 1.6339 0.2244 -0.8661, 1.6339 0.7756 -0.8268, 1.6339 0.7362 -0.8661, 1.6339 0.2047 -0.8609, 1.6339 0.1966 -0.8546, 1.6339 0.1903 -0.8465, 1.6339 0.7703 -0.8465, 1.6339 0.7641 -0.8546, 1.6339 0.7559 -0.8609, 1.6339 0.2142 -0.8648, 1.6339 0.1864 -0.837, 1.6339 0.7743 -0.837, 1.6339 0.7464 -0.8648, -1.6339 0.185 0.5512, -1.6339 0.7756 0.5512, -1.6339 0.7756 -0.8268, -1.6339 0.185 -0.8268, -1.6339 0.1864 -0.837, -1.6339 0.1903 -0.8465, -1.6339 0.7362 -0.8661, -1.6339 0.2244 -0.8661, -1.6339 0.2142 -0.8648, -1.6339 0.1966 -0.8546, -1.6339 0.2047 -0.8609, -1.6339 0.7559 -0.8609, -1.6339 0.7641 -0.8546, -1.6339 0.7703 -0.8465, -1.6339 0.7464 -0.8648, -1.6339 0.7743 -0.837
            ]
        }
        coordIndex [
            0,1,2,-1,3,4,5,-1,6,7,8,-1,9,10,11,-1,11,10,12,-1,12,13,14,-1,14,15,12,-1,12,15,16,-1,12,16,11,-1,11,16,17,-1,11,17,18,-1,18,17,19,-1,18,19,20,-1,20,21,18,-1,18,21,22,-1,18,22,23,-1,24,25,18,-1,18,25,26,-1,27,28,29,-1,29,28,30,-1,26,31,18,-1,18,31,30,-1,18,30,32,-1,32,30,28,-1,23,33,18,-1,18,33,34,-1,18,34,24,-1,35,36,37,-1,37,36,13,-1,38,39,40,-1,40,39,41,-1,40,41,42,-1,43,44,45,-1,45,44,46,-1,47,48,45,-1,45,48,49,-1,45,49,43,-1,37,50,35,-1,35,50,45,-1,35,45,51,-1,51,45,46,-1,42,52,40,-1,40,52,53,-1,40,53,54,-1,55,56,57,-1,57,56,10,-1,57,10,58,-1,58,10,9,-1,59,60,45,-1,45,60,61,-1,45,61,62,-1,54,47,40,-1,40,47,45,-1,40,45,63,-1,63,45,62,-1,64,65,66,-1,66,65,67,-1,66,67,68,-1,69,70,67,-1,67,70,71,-1,67,71,68,-1,72,73,74,-1,74,73,75,-1,74,75,67,-1,67,75,76,-1,67,76,77,-1,78,74,79,-1,79,74,80,-1,79,80,63,-1,63,80,40,-1,40,80,81,-1,40,81,82,-1,77,83,67,-1,67,83,84,-1,67,84,69,-1,78,85,74,-1,74,85,86,-1,74,86,87,-1,87,88,74,-1,74,88,89,-1,74,89,72,-1,90,59,91,-1,91,59,45,-1,91,45,92,-1,92,45,50,-1,93,94,95,-1,95,96,93,-1,93,96,97,-1,93,97,98,-1,99,100,101,-1,100,102,101,-1,101,102,103,-1,101,103,104,-1,104,105,101,-1,101,105,106,-1,101,106,107,-1,98,108,93,-1,93,108,109,-1,93,109,99,-1,82,110,40,-1,40,110,111,-1,40,111,38,-1,38,111,56,-1,38,56,112,-1,112,56,55,-1,110,113,111,-1,111,113,94,-1,111,94,114,-1,115,116,117,-1,117,116,118,-1,119,120,121,-1,121,120,122,-1,121,122,123,-1,124,125,126,-1,127,128,129,-1,129,128,130,-1,130,131,129,-1,129,131,132,-1,129,132,133,-1,134,135,136,-1,136,135,137,-1,136,137,138,-1,138,139,127,-1,127,139,140,-1,125,141,126,-1,126,141,142,-1,126,142,136,-1,136,142,143,-1,136,143,134,-1,140,144,127,-1,127,144,145,-1,127,145,128,-1,133,146,129,-1,129,146,147,-1,129,147,148,-1,148,147,149,-1,150,151,126,-1,126,151,152,-1,126,152,124,-1,149,153,148,-1,148,153,154,-1,148,154,150,-1,150,154,155,-1,150,155,151,-1,156,157,158,-1,157,156,159,-1,159,156,8,-1,159,8,117,-1,117,8,7,-1,117,7,115,-1,160,161,10,-1,10,161,162,-1,10,162,12,-1,12,162,163,-1,12,163,117,-1,117,163,164,-1,117,164,159,-1,13,12,37,-1,37,12,117,-1,37,117,165,-1,165,117,118,-1,165,118,166,-1,99,101,93,-1,93,101,167,-1,93,167,168,-1,168,167,169,-1,168,169,170,-1,4,160,5,-1,5,160,10,-1,5,10,171,-1,171,10,56,-1,171,56,172,-1,94,93,114,-1,114,93,168,-1,114,168,173,-1,173,168,170,-1,173,170,174,-1,1,175,176,-1,177,178,179,-1,176,180,1,-1,1,180,181,-1,1,181,2,-1,2,181,182,-1,2,182,183,-1,178,184,179,-1,179,184,185,-1,179,185,1,-1,1,185,186,-1,1,186,175,-1,183,187,2,-1,2,187,188,-1,2,188,189,-1,189,190,2,-1,2,190,191,-1,2,191,192,-1,192,191,193,-1,192,193,194,-1,194,195,192,-1,192,195,196,-1,192,196,197,-1,198,199,179,-1,179,199,200,-1,179,200,177,-1,197,198,192,-1,192,198,179,-1,192,179,156,-1,156,179,201,-1,156,201,8,-1,8,201,202,-1,8,202,6,-1,6,202,203,-1,6,203,204,-1,205,206,174,-1,207,208,150,-1,209,173,210,-1,210,173,211,-1,208,212,150,-1,150,212,213,-1,150,213,214,-1,215,216,217,-1,216,218,217,-1,217,218,219,-1,217,219,220,-1,221,222,173,-1,173,222,223,-1,173,223,211,-1,172,56,224,-1,224,56,111,-1,224,111,136,-1,136,111,114,-1,136,114,126,-1,126,114,173,-1,126,173,150,-1,150,173,209,-1,150,209,207,-1,220,225,217,-1,217,225,226,-1,217,226,174,-1,174,226,227,-1,174,227,205,-1,206,228,174,-1,174,228,229,-1,174,229,173,-1,173,229,230,-1,173,230,221,-1,231,232,233,-1,234,235,236,-1,232,237,233,-1,233,237,238,-1,233,238,239,-1,240,241,172,-1,172,241,242,-1,172,242,243,-1,244,245,2,-1,2,245,246,-1,2,246,247,-1,248,0,234,-1,234,0,2,-1,234,2,235,-1,235,2,249,-1,236,250,234,-1,234,250,251,-1,234,251,252,-1,247,253,2,-1,2,253,254,-1,2,254,249,-1,252,255,234,-1,234,255,256,-1,234,256,233,-1,233,256,257,-1,233,257,231,-1,243,244,172,-1,172,244,2,-1,172,2,171,-1,171,2,192,-1,171,192,5,-1,5,192,156,-1,5,156,3,-1,3,156,158,-1,138,127,136,-1,136,127,258,-1,136,258,224,-1,224,258,233,-1,224,233,172,-1,172,233,239,-1,172,239,240,-1,214,215,150,-1,150,215,217,-1,150,217,148,-1,148,217,259,-1,248,234,260,-1,260,234,233,-1,260,233,261,-1,261,233,258,-1,261,258,262,-1,262,258,127,-1,262,127,263,-1,263,127,129,-1,263,129,264,-1,264,129,148,-1,264,148,265,-1,265,148,259,-1,265,259,266,-1,267,266,268,-1,268,266,259,-1,268,259,269,-1,269,259,217,-1,269,217,270,-1,270,217,174,-1,270,174,271,-1,271,174,170,-1,271,170,122,-1,122,170,169,-1,122,169,123,-1,123,169,167,-1,123,167,272,-1,272,167,101,-1,272,101,273,-1,273,101,107,-1,273,107,59,-1,59,107,274,-1,59,274,60,-1,275,276,277,-1,277,276,278,-1,279,280,281,-1,281,280,282,-1,283,284,285,-1,285,284,286,-1,287,288,289,-1,290,291,292,-1,293,294,295,-1,296,297,298,-1,298,297,299,-1,287,300,288,-1,288,300,301,-1,288,301,302,-1,302,301,303,-1,304,305,306,-1,306,305,287,-1,306,287,298,-1,298,287,289,-1,307,308,309,-1,309,308,310,-1,309,310,311,-1,311,312,309,-1,309,312,295,-1,309,295,313,-1,313,295,294,-1,296,298,291,-1,291,298,314,-1,291,314,292,-1,303,315,302,-1,302,315,316,-1,302,316,275,-1,275,316,317,-1,275,317,276,-1,276,317,318,-1,319,320,321,-1,322,293,323,-1,324,295,325,-1,325,295,326,-1,325,326,327,-1,327,326,328,-1,329,330,331,-1,332,333,318,-1,318,333,334,-1,318,334,276,-1,331,330,335,-1,336,337,320,-1,320,337,338,-1,320,338,339,-1,319,321,340,-1,323,341,322,-1,322,341,342,-1,322,342,343,-1,342,344,343,-1,343,344,345,-1,343,345,346,-1,347,348,349,-1,332,350,333,-1,333,350,351,-1,333,351,352,-1,328,326,320,-1,320,326,353,-1,320,353,336,-1,339,354,320,-1,320,354,355,-1,320,355,321,-1,324,356,295,-1,295,356,357,-1,295,357,293,-1,293,357,358,-1,293,358,323,-1,290,292,330,-1,330,292,359,-1,330,359,335,-1,360,307,306,-1,309,361,307,-1,307,361,362,-1,307,362,306,-1,306,362,363,-1,306,363,364,-1,365,366,367,-1,368,369,370,-1,329,331,349,-1,349,331,371,-1,349,371,347,-1,299,372,298,-1,298,372,373,-1,298,373,306,-1,306,373,374,-1,306,374,360,-1,365,367,321,-1,321,367,375,-1,321,375,340,-1,346,376,343,-1,343,376,377,-1,343,377,378,-1,359,379,335,-1,335,379,368,-1,335,368,380,-1,380,368,370,-1,381,382,383,-1,377,384,378,-1,378,384,385,-1,378,385,386,-1,386,385,387,-1,346,388,376,-1,376,388,381,-1,376,381,389,-1,389,381,383,-1,390,391,392,-1,393,394,395,-1,395,394,396,-1,395,396,397,-1,398,399,400,-1,399,401,400,-1,400,401,402,-1,400,402,403,-1,404,405,406,-1,395,407,408,-1,408,409,395,-1,395,409,410,-1,395,410,400,-1,400,410,411,-1,400,411,412,-1,412,413,400,-1,400,413,414,-1,400,414,415,-1,415,414,416,-1,415,416,417,-1,278,418,277,-1,277,418,419,-1,420,421,391,-1,391,421,422,-1,391,422,392,-1,423,424,425,-1,397,426,395,-1,395,426,427,-1,395,427,407,-1,407,427,277,-1,407,277,428,-1,428,277,429,-1,405,430,406,-1,406,430,431,-1,406,431,432,-1,432,431,433,-1,434,435,436,-1,435,434,424,-1,424,434,437,-1,424,437,425,-1,436,438,434,-1,434,438,439,-1,434,439,440,-1,420,441,421,-1,421,441,442,-1,421,442,443,-1,443,442,434,-1,443,434,444,-1,444,434,440,-1,445,415,446,-1,446,415,447,-1,419,448,277,-1,277,448,449,-1,277,449,429,-1,450,451,452,-1,453,415,406,-1,406,415,445,-1,406,445,404,-1,453,454,415,-1,415,454,455,-1,415,455,400,-1,400,455,456,-1,400,456,398,-1,457,458,459,-1,460,461,452,-1,452,461,462,-1,452,462,463,-1,463,462,464,-1,464,465,463,-1,463,465,466,-1,463,466,467,-1,467,466,468,-1,467,468,469,-1,423,425,470,-1,470,425,471,-1,470,471,472,-1,452,451,460,-1,460,451,473,-1,460,473,474,-1,475,476,477,-1,433,431,478,-1,478,431,467,-1,478,467,392,-1,392,467,469,-1,392,469,390,-1,450,452,459,-1,459,452,479,-1,459,479,457,-1,474,473,477,-1,477,473,480,-1,477,480,475,-1,481,482,374,-1,483,484,374,-1,374,484,485,-1,374,485,481,-1,482,486,374,-1,374,486,487,-1,374,487,488,-1,488,489,374,-1,374,489,490,-1,374,490,491,-1,491,492,374,-1,374,492,493,-1,374,493,360,-1,374,494,483,-1,483,494,495,-1,483,495,496,-1,496,495,497,-1,496,497,498,-1,498,497,499,-1,498,499,500,-1,500,499,501,-1,500,501,502,-1,502,501,503,-1,502,503,504,-1,504,503,505,-1,504,505,506,-1,454,453,507,-1,507,508,454,-1,454,508,509,-1,454,509,510,-1,510,511,454,-1,454,511,512,-1,454,512,513,-1,513,514,454,-1,454,514,515,-1,454,515,516,-1,517,518,519,-1,519,518,520,-1,519,520,521,-1,521,520,522,-1,521,522,523,-1,523,522,524,-1,523,524,525,-1,525,524,526,-1,525,526,527,-1,527,526,528,-1,527,528,529,-1,529,528,530,-1,529,530,531,-1,531,530,454,-1,531,454,532,-1,532,454,516,-1,533,534,535,-1,535,534,536,-1,535,536,537,-1,538,539,540,-1,541,542,543,-1,543,542,544,-1,543,544,545,-1,546,547,548,-1,549,550,551,-1,533,535,552,-1,552,535,553,-1,552,553,554,-1,545,555,543,-1,543,555,556,-1,543,556,505,-1,505,556,557,-1,505,557,506,-1,537,558,535,-1,535,558,559,-1,535,559,546,-1,546,559,560,-1,546,560,547,-1,561,562,563,-1,548,564,546,-1,546,564,565,-1,546,565,566,-1,566,567,546,-1,546,567,568,-1,546,568,569,-1,541,543,570,-1,570,543,546,-1,570,546,539,-1,539,546,569,-1,539,569,540,-1,561,563,571,-1,554,553,550,-1,550,553,572,-1,550,572,551,-1,538,540,563,-1,563,540,573,-1,563,573,571,-1,549,551,562,-1,562,551,574,-1,562,574,563,-1,575,576,577,-1,577,576,578,-1,577,578,579,-1,580,581,582,-1,582,581,583,-1,575,577,584,-1,584,577,518,-1,584,518,517,-1,579,585,577,-1,577,585,586,-1,577,586,581,-1,581,586,587,-1,581,587,583,-1,580,588,581,-1,581,588,589,-1,581,589,590,-1,590,589,591,-1,590,591,592,-1,334,418,276,-1,276,418,278,-1,452,463,343,-1,343,463,322,-1,435,424,355,-1,355,424,321,-1,307,360,406,-1,406,360,453,-1,593,594,595,-1,595,594,596,-1,597,598,599,-1,599,598,600,-1,91,601,90,-1,165,166,602,-1,603,92,50,-1,603,50,602,-1,602,50,37,-1,602,37,165,-1,604,605,606,-1,607,608,609,-1,609,608,610,-1,609,610,606,-1,606,610,611,-1,612,613,614,-1,614,603,602,-1,602,604,614,-1,614,604,606,-1,614,606,612,-1,612,606,611,-1,612,611,615,-1,615,611,616,-1,615,616,617,-1,613,612,601,-1,601,612,59,-1,601,59,90,-1,618,619,620,-1,620,621,618,-1,618,621,622,-1,618,622,623,-1,623,622,624,-1,623,624,625,-1,625,624,626,-1,625,626,627,-1,627,626,628,-1,627,628,616,-1,616,628,120,-1,616,120,617,-1,617,120,119,-1,629,630,631,-1,631,630,632,-1,631,632,633,-1,633,632,634,-1,633,634,635,-1,635,634,636,-1,607,204,608,-1,608,204,203,-1,608,203,637,-1,637,203,638,-1,637,638,629,-1,629,638,639,-1,629,639,630,-1,640,641,642,-1,642,641,643,-1,642,643,644,-1,644,643,645,-1,644,645,646,-1,646,645,647,-1,646,647,648,-1,648,647,649,-1,648,649,650,-1,650,649,651,-1,650,651,652,-1,600,653,280,-1,280,653,654,-1,280,654,655,-1,655,656,280,-1,280,656,657,-1,280,657,658,-1,659,660,661,-1,661,660,662,-1,661,662,663,-1,663,662,664,-1,663,664,665,-1,665,664,666,-1,665,666,667,-1,667,666,668,-1,667,668,640,-1,640,668,669,-1,640,669,641,-1,659,670,660,-1,660,670,671,-1,660,671,672,-1,672,673,660,-1,660,673,674,-1,660,674,675,-1,658,676,280,-1,280,676,660,-1,280,660,677,-1,677,660,675,-1,282,678,598,-1,598,678,679,-1,598,679,680,-1,680,681,598,-1,598,681,682,-1,598,682,683,-1,684,685,686,-1,686,685,687,-1,684,688,685,-1,685,688,689,-1,685,689,690,-1,683,691,598,-1,598,691,685,-1,598,685,692,-1,692,685,690,-1,693,694,695,-1,695,694,696,-1,695,696,697,-1,697,696,698,-1,697,698,699,-1,699,698,700,-1,699,700,701,-1,701,700,702,-1,701,702,703,-1,703,702,704,-1,703,704,705,-1,705,704,706,-1,705,706,707,-1,707,706,708,-1,707,708,709,-1,709,708,710,-1,709,710,711,-1,711,710,712,-1,711,712,713,-1,713,712,714,-1,713,714,685,-1,685,714,715,-1,685,715,687,-1,610,248,260,-1,260,261,610,-1,610,261,262,-1,610,262,611,-1,611,262,263,-1,611,263,264,-1,264,265,611,-1,611,265,266,-1,611,266,267,-1,611,267,716,-1,716,267,717,-1,716,717,718,-1,718,717,719,-1,718,719,720,-1,306,415,721,-1,721,415,722,-1,721,722,723,-1,723,722,724,-1,723,724,725,-1,725,724,720,-1,725,720,726,-1,726,720,719,-1,727,728,306,-1,306,728,729,-1,306,729,730,-1,730,731,306,-1,306,731,732,-1,306,732,304,-1,733,734,621,-1,733,621,735,-1,736,737,738,-1,738,737,739,-1,739,740,738,-1,738,740,741,-1,738,741,735,-1,735,621,738,-1,738,621,620,-1,738,620,742,-1,742,743,738,-1,738,743,744,-1,738,744,736,-1,727,306,745,-1,745,306,721,-1,745,721,746,-1,746,721,723,-1,746,723,734,-1,267,268,717,-1,717,268,269,-1,717,269,270,-1,120,628,122,-1,122,628,271,-1,734,723,621,-1,621,723,725,-1,621,725,622,-1,622,725,726,-1,622,726,624,-1,624,726,719,-1,624,719,626,-1,626,719,717,-1,626,717,628,-1,628,717,270,-1,628,270,271,-1,747,748,724,-1,747,724,749,-1,619,618,750,-1,750,618,751,-1,752,753,754,-1,754,753,755,-1,755,756,754,-1,754,756,757,-1,754,757,750,-1,750,757,758,-1,750,758,619,-1,752,754,759,-1,759,754,760,-1,759,760,761,-1,762,763,722,-1,722,763,764,-1,722,764,724,-1,724,764,765,-1,724,765,749,-1,415,417,722,-1,722,417,766,-1,722,766,762,-1,748,751,724,-1,724,751,618,-1,724,618,720,-1,720,618,623,-1,720,623,718,-1,718,623,625,-1,718,625,716,-1,716,625,627,-1,716,627,611,-1,611,627,616,-1,306,364,415,-1,415,364,447,-1,447,364,767,-1,767,364,768,-1,767,768,769,-1,769,768,770,-1,769,770,771,-1,771,770,772,-1,771,772,773,-1,773,772,774,-1,773,774,775,-1,775,774,776,-1,775,776,777,-1,777,776,778,-1,777,778,590,-1,590,778,535,-1,363,779,364,-1,364,779,780,-1,364,780,781,-1,781,782,364,-1,364,782,783,-1,364,783,784,-1,784,785,364,-1,364,785,786,-1,364,786,768,-1,768,786,787,-1,787,788,768,-1,768,788,789,-1,768,789,790,-1,790,791,768,-1,768,791,792,-1,768,792,770,-1,770,792,793,-1,770,793,772,-1,772,793,794,-1,772,794,774,-1,774,794,795,-1,774,795,776,-1,776,795,796,-1,776,796,778,-1,778,796,553,-1,778,553,535,-1,797,798,447,-1,797,447,799,-1,798,800,447,-1,447,800,801,-1,447,801,802,-1,802,803,447,-1,447,803,804,-1,447,804,805,-1,805,806,447,-1,447,806,807,-1,447,807,446,-1,590,592,777,-1,777,592,808,-1,777,808,775,-1,775,808,809,-1,775,809,773,-1,773,809,810,-1,773,810,771,-1,771,810,811,-1,771,811,769,-1,769,811,812,-1,769,812,767,-1,767,812,813,-1,767,813,447,-1,447,813,814,-1,447,814,799,-1,546,581,535,-1,535,581,590,-1,577,581,543,-1,543,581,546,-1,815,816,817,-1,817,816,818,-1,817,818,819,-1,819,818,820,-1,819,820,821,-1,248,610,822,-1,822,610,823,-1,822,823,824,-1,824,823,825,-1,824,825,826,-1,826,825,821,-1,826,821,827,-1,827,821,820,-1,0,248,822,-1,828,636,634,-1,829,830,828,-1,830,831,828,-1,828,831,832,-1,828,832,636,-1,833,834,828,-1,828,834,835,-1,828,835,829,-1,836,837,634,-1,634,837,838,-1,634,838,828,-1,828,838,839,-1,828,839,833,-1,816,840,818,-1,818,840,841,-1,818,841,842,-1,842,843,818,-1,818,843,844,-1,818,844,845,-1,845,846,818,-1,818,846,847,-1,818,847,820,-1,820,847,848,-1,820,848,836,-1,0,822,1,-1,203,202,638,-1,638,202,201,-1,638,201,179,-1,836,634,820,-1,820,634,632,-1,820,632,827,-1,827,632,630,-1,827,630,826,-1,826,630,639,-1,826,639,824,-1,824,639,638,-1,824,638,822,-1,822,638,179,-1,822,179,1,-1,849,850,815,-1,849,815,851,-1,852,853,633,-1,854,855,856,-1,856,855,857,-1,857,858,856,-1,856,858,859,-1,856,859,852,-1,852,633,856,-1,856,633,635,-1,856,635,860,-1,860,861,856,-1,856,861,862,-1,856,862,854,-1,863,864,819,-1,819,864,865,-1,819,865,866,-1,866,867,819,-1,819,867,868,-1,819,868,817,-1,817,868,869,-1,817,869,815,-1,815,869,870,-1,815,870,851,-1,853,863,633,-1,633,863,819,-1,633,819,631,-1,631,819,821,-1,631,821,629,-1,629,821,825,-1,629,825,637,-1,637,825,823,-1,637,823,608,-1,608,823,610,-1,871,872,815,-1,815,872,816,-1,873,874,840,-1,872,594,816,-1,816,594,593,-1,816,593,840,-1,840,593,875,-1,840,875,873,-1,874,876,877,-1,280,279,840,-1,840,279,878,-1,840,878,879,-1,880,881,882,-1,876,874,883,-1,883,874,884,-1,883,884,885,-1,879,886,840,-1,840,886,887,-1,840,887,888,-1,888,887,889,-1,877,890,874,-1,874,890,599,-1,874,599,840,-1,840,599,600,-1,840,600,280,-1,891,892,893,-1,893,892,894,-1,893,894,895,-1,883,896,897,-1,897,896,898,-1,897,898,899,-1,899,898,900,-1,901,902,903,-1,901,904,902,-1,902,904,889,-1,902,889,905,-1,905,889,887,-1,905,887,881,-1,881,887,906,-1,881,906,882,-1,891,907,892,-1,892,907,908,-1,892,908,885,-1,885,908,909,-1,885,909,883,-1,883,909,910,-1,883,910,896,-1,911,912,913,-1,914,882,915,-1,916,917,894,-1,912,911,918,-1,918,911,919,-1,918,919,920,-1,880,882,921,-1,921,882,914,-1,921,914,922,-1,923,924,925,-1,895,894,926,-1,926,894,917,-1,926,917,927,-1,928,929,930,-1,913,931,911,-1,911,931,932,-1,911,932,933,-1,933,932,934,-1,920,935,918,-1,918,935,936,-1,918,936,937,-1,900,938,899,-1,899,938,939,-1,899,939,940,-1,940,939,918,-1,940,918,941,-1,941,918,937,-1,942,943,944,-1,927,945,926,-1,926,945,928,-1,926,928,946,-1,946,928,930,-1,915,947,914,-1,914,947,942,-1,914,942,948,-1,948,942,944,-1,949,950,951,-1,894,952,916,-1,916,952,953,-1,916,953,954,-1,954,953,955,-1,922,956,921,-1,921,956,949,-1,921,949,957,-1,957,949,951,-1,283,924,284,-1,284,924,958,-1,284,958,959,-1,959,958,960,-1,959,960,903,-1,903,960,961,-1,903,961,901,-1,962,963,283,-1,283,963,964,-1,283,964,924,-1,924,964,965,-1,924,965,925,-1,962,966,963,-1,963,966,967,-1,963,967,968,-1,969,970,925,-1,925,970,971,-1,925,971,923,-1,597,972,973,-1,974,975,976,-1,976,975,977,-1,976,977,978,-1,979,976,980,-1,980,976,981,-1,982,983,984,-1,984,985,982,-1,982,985,986,-1,982,986,987,-1,988,989,990,-1,285,286,979,-1,979,286,991,-1,979,991,976,-1,976,991,992,-1,976,992,974,-1,993,982,994,-1,994,982,815,-1,994,815,850,-1,993,995,982,-1,982,995,996,-1,982,996,976,-1,976,996,997,-1,976,997,981,-1,998,999,1000,-1,998,1001,999,-1,999,1001,972,-1,999,972,1002,-1,597,1003,972,-1,972,1003,1004,-1,972,1004,1002,-1,598,597,815,-1,1005,1006,979,-1,979,1006,1007,-1,979,1007,285,-1,973,1008,597,-1,597,1008,595,-1,597,595,815,-1,815,595,596,-1,815,596,871,-1,1009,1010,1011,-1,1011,1010,1012,-1,1005,1013,1006,-1,1006,1013,1014,-1,1006,1014,1015,-1,1016,1017,1018,-1,1018,1017,1019,-1,1007,1020,285,-1,285,1020,1017,-1,285,1017,1021,-1,1021,1017,1016,-1,1022,1023,1011,-1,1024,1000,1025,-1,1025,1000,1026,-1,1025,1026,1027,-1,1027,1026,1028,-1,1029,998,1030,-1,987,1031,982,-1,982,1031,281,-1,982,281,815,-1,815,281,282,-1,815,282,598,-1,1028,1026,1011,-1,1011,1026,1032,-1,1011,1032,1022,-1,1023,1033,1011,-1,1011,1033,1034,-1,1011,1034,1009,-1,1035,1036,1012,-1,1012,1036,1037,-1,1012,1037,1011,-1,1030,1038,1029,-1,1029,1038,1039,-1,1029,1039,989,-1,1039,1040,989,-1,989,1040,1041,-1,989,1041,1042,-1,1035,1043,1036,-1,1036,1043,1044,-1,1036,1044,1045,-1,1024,1046,1000,-1,1000,1046,1047,-1,1000,1047,998,-1,998,1047,1048,-1,998,1048,1030,-1,1049,1050,1051,-1,1052,1053,1054,-1,990,989,1055,-1,1055,989,1042,-1,1055,1042,1056,-1,988,990,1051,-1,1051,990,1057,-1,1051,1057,1049,-1,1056,1042,1054,-1,1054,1042,1058,-1,1054,1058,1052,-1,1059,1060,1061,-1,1061,1060,1062,-1,1061,1062,1063,-1,1063,1062,1064,-1,1063,1064,1065,-1,1065,1064,1066,-1,1065,1066,1067,-1,1067,1066,1068,-1,1067,1068,1069,-1,1069,1068,1070,-1,1069,1070,1071,-1,1071,1070,1072,-1,1071,1072,871,-1,871,1072,872,-1,1073,1074,872,-1,1075,1076,872,-1,872,1076,1077,-1,872,1077,1073,-1,1074,1078,872,-1,872,1078,1079,-1,872,1079,1080,-1,1080,1081,872,-1,872,1081,1082,-1,872,1082,1083,-1,1083,1084,872,-1,872,1084,1085,-1,872,1085,594,-1,872,1072,1075,-1,1075,1072,1070,-1,1075,1070,1086,-1,1086,1070,1068,-1,1086,1068,1087,-1,1087,1068,1066,-1,1087,1066,1088,-1,1088,1066,1064,-1,1088,1064,1089,-1,1089,1064,1062,-1,1089,1062,1090,-1,1090,1062,1060,-1,1090,1060,1091,-1,596,1092,871,-1,871,1092,1093,-1,871,1093,1094,-1,1094,1095,871,-1,871,1095,1096,-1,871,1096,1097,-1,1098,1099,1071,-1,1097,1100,871,-1,871,1100,1101,-1,871,1101,1071,-1,1071,1101,1102,-1,1071,1102,1098,-1,1103,1059,1104,-1,1104,1059,1061,-1,1104,1061,1105,-1,1105,1061,1063,-1,1105,1063,1106,-1,1106,1063,1065,-1,1106,1065,1107,-1,1107,1065,1067,-1,1107,1067,1108,-1,1108,1067,1069,-1,1108,1069,1109,-1,1109,1069,1071,-1,1109,1071,1110,-1,1110,1071,1099,-1,1059,1111,1060,-1,1060,1111,1112,-1,652,651,1113,-1,1112,1114,1115,-1,1116,1091,1060,-1,1114,1112,1117,-1,652,1113,1118,-1,1113,1119,1118,-1,1118,1119,1120,-1,1118,1120,1121,-1,1122,1123,1124,-1,1115,1125,1112,-1,1112,1125,1126,-1,1112,1126,1127,-1,1121,1128,1118,-1,1118,1128,1129,-1,1118,1129,1130,-1,1131,1132,1133,-1,1127,1134,1112,-1,1112,1134,1135,-1,1112,1135,1060,-1,1060,1135,1136,-1,1060,1136,1137,-1,1137,1138,1060,-1,1060,1138,1139,-1,1060,1139,1116,-1,1116,1139,1140,-1,1116,1140,1131,-1,1131,1140,1141,-1,1131,1141,1132,-1,1117,1112,1142,-1,1142,1112,1118,-1,1142,1118,1124,-1,1124,1118,1130,-1,1124,1130,1122,-1,1123,1143,1124,-1,1124,1143,1144,-1,1124,1144,1145,-1,1145,1144,1146,-1,1133,1147,1131,-1,1131,1147,1148,-1,1131,1148,1149,-1,1149,1148,1150,-1,1149,1150,1144,-1,1144,1150,1151,-1,1144,1151,1146,-1,1152,1153,1111,-1,1111,1153,1154,-1,1111,1154,1155,-1,1156,1157,1158,-1,1158,1157,1159,-1,1156,1160,1157,-1,1157,1160,1161,-1,1157,1161,693,-1,693,1161,1162,-1,693,1162,694,-1,1155,1163,1111,-1,1111,1163,1164,-1,1111,1164,1157,-1,1157,1164,1165,-1,1157,1165,1159,-1,1152,1111,1166,-1,1166,1111,1059,-1,1166,1059,1103,-1,1112,1111,1118,-1,1118,1111,1157,-1,1162,1113,694,-1,694,1113,651,-1,694,651,696,-1,696,651,649,-1,696,649,698,-1,698,649,647,-1,698,647,700,-1,700,647,645,-1,700,645,702,-1,702,645,643,-1,702,643,704,-1,704,643,641,-1,704,641,706,-1,706,641,669,-1,706,669,708,-1,708,669,668,-1,1110,1076,1109,-1,1109,1076,1075,-1,1109,1075,1108,-1,1108,1075,1086,-1,1108,1086,1107,-1,1107,1086,1087,-1,1107,1087,1106,-1,1106,1087,1088,-1,1106,1088,1105,-1,1105,1088,1089,-1,1105,1089,1104,-1,1104,1089,1090,-1,1104,1090,1103,-1,1103,1090,1091,-1,1103,1091,1166,-1,1166,1091,1116,-1,1165,1130,1159,-1,1159,1130,1129,-1,1159,1129,1158,-1,1158,1129,1128,-1,1158,1128,1156,-1,1156,1128,1121,-1,1156,1121,1160,-1,1160,1121,1120,-1,1160,1120,1161,-1,1161,1120,1119,-1,1161,1119,1162,-1,1162,1119,1113,-1,1122,1130,1164,-1,1164,1130,1165,-1,1166,1116,1152,-1,1152,1116,1131,-1,1152,1131,1153,-1,1153,1131,1149,-1,1153,1149,1154,-1,1154,1149,1144,-1,1154,1144,1155,-1,1155,1144,1143,-1,1155,1143,1163,-1,1163,1143,1123,-1,1163,1123,1164,-1,1164,1123,1122,-1,445,446,362,-1,362,446,363,-1,531,484,529,-1,529,484,483,-1,529,483,527,-1,527,483,496,-1,527,496,525,-1,525,496,498,-1,525,498,523,-1,523,498,500,-1,523,500,521,-1,521,500,502,-1,521,502,519,-1,519,502,504,-1,519,504,517,-1,517,504,506,-1,517,506,584,-1,584,506,557,-1,591,572,592,-1,592,572,553,-1,592,553,808,-1,808,553,796,-1,808,796,809,-1,809,796,795,-1,809,795,810,-1,810,795,794,-1,810,794,811,-1,811,794,793,-1,811,793,812,-1,812,793,792,-1,812,792,813,-1,813,792,791,-1,813,791,814,-1,814,791,790,-1,584,557,575,-1,575,557,556,-1,575,556,576,-1,576,556,555,-1,576,555,578,-1,578,555,545,-1,578,545,579,-1,579,545,544,-1,579,544,585,-1,585,544,542,-1,585,542,586,-1,586,542,541,-1,587,570,583,-1,583,570,539,-1,583,539,582,-1,582,539,538,-1,582,538,580,-1,580,538,563,-1,580,563,588,-1,588,563,574,-1,588,574,589,-1,589,574,551,-1,589,551,591,-1,591,551,572,-1,541,570,586,-1,586,570,587,-1,760,754,735,-1,735,754,733,-1,838,837,852,-1,852,837,853,-1,455,454,373,-1,373,454,374,-1,416,305,417,-1,417,305,304,-1,417,304,766,-1,766,304,732,-1,849,841,850,-1,850,841,840,-1,850,840,994,-1,994,840,888,-1,979,980,924,-1,924,980,958,-1,1020,1007,964,-1,964,1007,965,-1,600,598,653,-1,653,598,692,-1,653,692,654,-1,654,692,690,-1,654,690,655,-1,655,690,689,-1,655,689,656,-1,656,689,688,-1,656,688,657,-1,657,688,684,-1,657,684,658,-1,658,684,686,-1,658,686,676,-1,676,686,687,-1,676,687,660,-1,660,687,715,-1,660,715,662,-1,662,715,714,-1,662,714,664,-1,664,714,712,-1,664,712,666,-1,666,712,710,-1,666,710,668,-1,668,710,708,-1,596,594,1092,-1,1092,594,1085,-1,1092,1085,1093,-1,1093,1085,1084,-1,1093,1084,1094,-1,1094,1084,1083,-1,1094,1083,1095,-1,1095,1083,1082,-1,1095,1082,1096,-1,1096,1082,1081,-1,1096,1081,1097,-1,1081,1080,1097,-1,1097,1080,1079,-1,1097,1079,1100,-1,1100,1079,1078,-1,1100,1078,1101,-1,1101,1078,1074,-1,1101,1074,1102,-1,1102,1074,1073,-1,1102,1073,1098,-1,1098,1073,1077,-1,1098,1077,1099,-1,1099,1077,1076,-1,1099,1076,1110,-1,979,924,923,-1,979,923,1005,-1,1005,923,971,-1,1005,971,1013,-1,1013,971,970,-1,1013,970,1014,-1,1014,970,969,-1,1014,969,1015,-1,1015,969,925,-1,1015,925,1006,-1,1006,925,965,-1,1006,965,1007,-1,994,888,993,-1,993,888,889,-1,993,889,995,-1,995,889,904,-1,995,904,996,-1,996,904,901,-1,996,901,997,-1,997,901,961,-1,997,961,981,-1,981,961,960,-1,981,960,980,-1,980,960,958,-1,838,852,839,-1,839,852,859,-1,839,859,833,-1,833,859,858,-1,833,858,834,-1,834,858,857,-1,834,857,835,-1,835,857,855,-1,835,855,829,-1,829,855,854,-1,829,854,830,-1,854,862,830,-1,830,862,861,-1,830,861,831,-1,831,861,860,-1,831,860,832,-1,832,860,635,-1,832,635,636,-1,853,837,863,-1,863,837,836,-1,863,836,864,-1,864,836,848,-1,864,848,865,-1,865,848,847,-1,865,847,866,-1,866,847,846,-1,866,846,867,-1,867,846,845,-1,867,845,868,-1,868,845,844,-1,868,844,869,-1,869,844,843,-1,869,843,870,-1,870,843,842,-1,870,842,851,-1,851,842,841,-1,851,841,849,-1,318,317,407,-1,407,317,408,-1,418,334,333,-1,418,333,419,-1,419,333,352,-1,419,352,448,-1,448,352,351,-1,448,351,449,-1,449,351,350,-1,449,350,429,-1,429,350,332,-1,429,332,428,-1,428,332,318,-1,428,318,407,-1,408,317,409,-1,409,317,316,-1,409,316,410,-1,410,316,315,-1,410,315,411,-1,411,315,303,-1,411,303,412,-1,412,303,301,-1,412,301,413,-1,413,301,300,-1,413,300,414,-1,414,300,287,-1,414,287,416,-1,416,287,305,-1,760,735,741,-1,760,741,761,-1,761,741,740,-1,761,740,759,-1,759,740,739,-1,759,739,752,-1,752,739,737,-1,752,737,753,-1,753,737,736,-1,753,736,755,-1,755,736,744,-1,755,744,756,-1,756,744,743,-1,756,743,757,-1,757,743,742,-1,757,742,758,-1,758,742,620,-1,758,620,619,-1,766,732,731,-1,766,731,762,-1,762,731,730,-1,762,730,763,-1,763,730,764,-1,764,730,729,-1,764,729,765,-1,765,729,728,-1,765,728,749,-1,749,728,727,-1,749,727,747,-1,747,727,745,-1,747,745,748,-1,748,745,746,-1,748,746,751,-1,751,746,734,-1,751,734,750,-1,750,734,733,-1,750,733,754,-1,607,609,204,-1,204,609,6,-1,6,609,7,-1,7,609,606,-1,7,606,115,-1,116,115,1167,-1,1167,115,606,-1,1167,606,605,-1,615,617,121,-1,121,617,119,-1,273,59,612,-1,615,121,123,-1,615,123,612,-1,612,123,272,-1,612,272,273,-1,1167,118,116,-1,1168,1169,613,-1,613,1169,1170,-1,613,1170,614,-1,1171,1168,1172,-1,1172,1168,613,-1,1172,613,1173,-1,1173,613,601,-1,1174,1175,1176,-1,1176,1175,1177,-1,1176,1177,1178,-1,1178,1177,1179,-1,1178,1179,603,-1,603,1179,92,-1,91,92,601,-1,601,92,1179,-1,601,1179,1173,-1,1173,1179,1177,-1,1173,1177,1172,-1,1172,1177,1175,-1,1172,1175,1171,-1,1168,1174,1169,-1,1169,1174,1176,-1,1169,1176,1170,-1,1170,1176,1178,-1,1170,1178,614,-1,614,1178,603,-1,1180,1175,1181,-1,1181,1175,1174,-1,1182,1168,1183,-1,1183,1168,1171,-1,1184,1185,1186,-1,1186,1185,1187,-1,1171,1175,1183,-1,1183,1175,1180,-1,1183,1180,1188,-1,1188,1180,1185,-1,1188,1185,1189,-1,1189,1185,1184,-1,1188,1190,1183,-1,1183,1190,1191,-1,1183,1191,1192,-1,1192,1193,1183,-1,1183,1193,1194,-1,1183,1194,1195,-1,1196,1181,1197,-1,1174,1168,1181,-1,1181,1168,1182,-1,1197,1181,1198,-1,1198,1181,1182,-1,1198,1182,1199,-1,1200,1201,1202,-1,1197,1203,1196,-1,1196,1203,1204,-1,1196,1204,1205,-1,1205,1204,1206,-1,1200,1202,1182,-1,1182,1202,1207,-1,1182,1207,1199,-1,1190,1188,1198,-1,1198,1188,1197,-1,1208,1167,605,-1,1208,605,1209,-1,1209,605,1210,-1,1209,1210,1211,-1,604,1212,605,-1,605,1212,1213,-1,605,1213,1210,-1,602,166,1214,-1,1214,166,1215,-1,1214,1215,1216,-1,1216,1215,1217,-1,1216,1217,1218,-1,1218,1217,1219,-1,166,118,1167,-1,166,1167,1215,-1,1167,1208,1215,-1,1215,1208,1209,-1,1215,1209,1217,-1,1217,1209,1211,-1,1217,1211,1219,-1,1218,1210,1216,-1,1216,1210,1213,-1,1216,1213,1214,-1,1214,1213,1212,-1,1214,1212,602,-1,602,1212,604,-1,1220,1218,1221,-1,1221,1218,1219,-1,1222,1211,1223,-1,1223,1211,1210,-1,1219,1211,1221,-1,1221,1211,1222,-1,1224,1225,1226,-1,1224,1226,1227,-1,1228,1229,1222,-1,1222,1229,1230,-1,1222,1230,1231,-1,1231,1232,1222,-1,1222,1232,1233,-1,1222,1233,1221,-1,1221,1233,1234,-1,1221,1234,1226,-1,1226,1234,1235,-1,1226,1235,1227,-1,1210,1218,1223,-1,1223,1218,1220,-1,1236,1220,1237,-1,1220,1236,1223,-1,1223,1236,1238,-1,1223,1238,1239,-1,1237,1240,1241,-1,1241,1242,1237,-1,1237,1242,1243,-1,1237,1243,1236,-1,1239,1244,1223,-1,1223,1244,1245,-1,1223,1245,1246,-1,1246,1245,1247,-1,1238,1236,1233,-1,1233,1236,1234,-1,1222,1223,1246,-1,1222,1246,1228,-1,1228,1246,1247,-1,1228,1247,1229,-1,1229,1247,1245,-1,1229,1245,1230,-1,1230,1245,1244,-1,1230,1244,1231,-1,1231,1244,1239,-1,1231,1239,1232,-1,1232,1239,1238,-1,1232,1238,1233,-1,1190,1198,1199,-1,1190,1199,1191,-1,1191,1199,1207,-1,1191,1207,1192,-1,1192,1207,1202,-1,1192,1202,1193,-1,1193,1202,1201,-1,1193,1201,1194,-1,1194,1201,1200,-1,1194,1200,1195,-1,1195,1200,1182,-1,1195,1182,1183,-1,1180,1181,1196,-1,1180,1196,1185,-1,1185,1196,1205,-1,1185,1205,1187,-1,1187,1205,1206,-1,1187,1206,1186,-1,1186,1206,1204,-1,1186,1204,1184,-1,1184,1204,1203,-1,1184,1203,1189,-1,1189,1203,1197,-1,1189,1197,1188,-1,1234,1236,1243,-1,1234,1243,1235,-1,1235,1243,1242,-1,1235,1242,1227,-1,1227,1242,1241,-1,1227,1241,1224,-1,1224,1241,1240,-1,1224,1240,1225,-1,1225,1240,1237,-1,1225,1237,1226,-1,1226,1237,1220,-1,1226,1220,1221,-1,1029,989,892,-1,892,989,894,-1,899,940,1026,-1,1026,940,1032,-1,919,911,1010,-1,1010,911,1012,-1,910,909,1047,-1,1047,909,1048,-1,927,917,1055,-1,1055,917,990,-1,1011,1037,918,-1,918,1037,912,-1,353,326,443,-1,443,326,421,-1,469,468,357,-1,357,468,358,-1,473,451,376,-1,376,451,377,-1,437,434,319,-1,319,434,320,-1,353,443,444,-1,353,444,336,-1,336,444,440,-1,336,440,337,-1,337,440,439,-1,337,439,338,-1,338,439,438,-1,338,438,339,-1,339,438,436,-1,339,436,354,-1,354,436,435,-1,354,435,355,-1,437,319,340,-1,437,340,425,-1,425,340,375,-1,425,375,471,-1,471,375,367,-1,471,367,472,-1,472,367,366,-1,472,366,470,-1,470,366,365,-1,470,365,423,-1,423,365,321,-1,423,321,424,-1,320,434,328,-1,328,434,442,-1,328,442,327,-1,327,442,441,-1,327,441,325,-1,325,441,420,-1,325,420,324,-1,324,420,391,-1,324,391,356,-1,356,391,390,-1,356,390,357,-1,357,390,469,-1,473,376,389,-1,473,389,480,-1,480,389,383,-1,480,383,475,-1,475,383,382,-1,475,382,476,-1,476,382,381,-1,476,381,477,-1,477,381,388,-1,477,388,474,-1,474,388,346,-1,474,346,460,-1,358,468,323,-1,323,468,466,-1,323,466,341,-1,341,466,465,-1,341,465,342,-1,342,465,464,-1,342,464,344,-1,344,464,462,-1,344,462,345,-1,345,462,461,-1,345,461,346,-1,346,461,460,-1,452,343,378,-1,452,378,479,-1,479,378,386,-1,479,386,457,-1,457,386,387,-1,457,387,458,-1,458,387,385,-1,458,385,459,-1,459,385,384,-1,459,384,450,-1,450,384,377,-1,450,377,451,-1,322,463,293,-1,293,463,467,-1,293,467,294,-1,294,467,431,-1,294,431,313,-1,313,431,430,-1,313,430,309,-1,309,430,405,-1,309,405,361,-1,361,405,404,-1,361,404,362,-1,362,404,445,-1,363,446,779,-1,779,446,807,-1,779,807,780,-1,780,807,806,-1,780,806,781,-1,781,806,805,-1,781,805,782,-1,782,805,804,-1,782,804,783,-1,783,804,803,-1,783,803,784,-1,784,803,802,-1,784,802,785,-1,785,802,801,-1,785,801,786,-1,786,801,800,-1,786,800,787,-1,787,800,798,-1,787,798,788,-1,788,798,797,-1,788,797,789,-1,789,797,799,-1,789,799,790,-1,790,799,814,-1,421,326,422,-1,422,326,295,-1,422,295,392,-1,392,295,312,-1,392,312,478,-1,478,312,311,-1,478,311,433,-1,433,311,310,-1,433,310,432,-1,432,310,308,-1,432,308,406,-1,406,308,307,-1,453,360,507,-1,507,360,493,-1,507,493,508,-1,508,493,492,-1,508,492,509,-1,509,492,491,-1,509,491,510,-1,510,491,490,-1,510,490,511,-1,511,490,489,-1,511,489,512,-1,489,488,512,-1,512,488,487,-1,512,487,513,-1,513,487,486,-1,513,486,514,-1,514,486,482,-1,514,482,515,-1,515,482,481,-1,515,481,516,-1,516,481,485,-1,516,485,532,-1,532,485,484,-1,532,484,531,-1,597,599,1003,-1,1003,599,890,-1,1003,890,1004,-1,1004,890,877,-1,1004,877,1002,-1,1002,877,876,-1,1002,876,999,-1,999,876,883,-1,999,883,1000,-1,1000,883,897,-1,1000,897,1026,-1,1026,897,899,-1,593,595,875,-1,875,595,1008,-1,875,1008,873,-1,873,1008,973,-1,873,973,874,-1,874,973,972,-1,874,972,884,-1,884,972,1001,-1,884,1001,885,-1,885,1001,998,-1,885,998,892,-1,892,998,1029,-1,910,1047,896,-1,896,1047,1046,-1,896,1046,898,-1,898,1046,1024,-1,898,1024,900,-1,900,1024,1025,-1,900,1025,938,-1,938,1025,1027,-1,938,1027,939,-1,939,1027,1028,-1,939,1028,918,-1,918,1028,1011,-1,1042,926,946,-1,1042,946,1058,-1,1058,946,930,-1,1058,930,1052,-1,1052,930,929,-1,1052,929,1053,-1,1053,929,928,-1,1053,928,1054,-1,1054,928,945,-1,1054,945,1056,-1,1056,945,927,-1,1056,927,1055,-1,926,1042,895,-1,895,1042,1041,-1,895,1041,893,-1,893,1041,1040,-1,893,1040,891,-1,891,1040,1039,-1,891,1039,907,-1,907,1039,1038,-1,907,1038,908,-1,908,1038,1030,-1,908,1030,909,-1,909,1030,1048,-1,990,917,916,-1,990,916,1057,-1,1057,916,954,-1,1057,954,1049,-1,1049,954,955,-1,1049,955,1050,-1,1050,955,953,-1,1050,953,1051,-1,1051,953,952,-1,1051,952,988,-1,988,952,894,-1,988,894,989,-1,1032,940,941,-1,1032,941,1022,-1,1022,941,937,-1,1022,937,1023,-1,1023,937,936,-1,1023,936,1033,-1,1033,936,935,-1,1033,935,1034,-1,1034,935,920,-1,1034,920,1009,-1,1009,920,919,-1,1009,919,1010,-1,912,1037,1036,-1,912,1036,913,-1,913,1036,1045,-1,913,1045,931,-1,931,1045,1044,-1,931,1044,932,-1,932,1044,1043,-1,932,1043,934,-1,934,1043,1035,-1,934,1035,933,-1,933,1035,1012,-1,933,1012,911,-1,707,667,705,-1,705,667,640,-1,705,640,703,-1,703,640,642,-1,703,642,701,-1,701,642,644,-1,701,644,699,-1,699,644,646,-1,699,646,697,-1,697,646,648,-1,697,648,695,-1,695,648,650,-1,695,650,693,-1,693,650,652,-1,693,652,1157,-1,1157,652,1118,-1,577,543,518,-1,518,543,505,-1,518,505,520,-1,520,505,503,-1,520,503,522,-1,522,503,501,-1,522,501,524,-1,524,501,499,-1,524,499,526,-1,526,499,497,-1,526,497,528,-1,528,497,495,-1,528,495,530,-1,530,495,494,-1,530,494,454,-1,454,494,374,-1,1248,1249,976,-1,976,1249,982,-1,982,1249,983,-1,983,1249,1250,-1,983,1250,882,-1,882,1250,915,-1,1250,1249,1251,-1,1249,1248,1251,-1,1251,1248,1252,-1,1251,1252,1253,-1,1254,1255,1256,-1,1257,1258,1259,-1,1251,1260,1250,-1,1250,1260,1254,-1,1250,1254,1261,-1,1261,1254,1256,-1,1252,1262,1253,-1,1253,1262,1257,-1,1253,1257,1263,-1,1263,1257,1259,-1,1248,976,978,-1,880,921,978,-1,978,921,1252,-1,978,1252,1248,-1,1251,1253,914,-1,914,1253,922,-1,915,1250,1261,-1,915,1261,947,-1,947,1261,1256,-1,947,1256,942,-1,942,1256,1255,-1,942,1255,943,-1,943,1255,1254,-1,943,1254,944,-1,944,1254,1260,-1,944,1260,948,-1,948,1260,1251,-1,948,1251,914,-1,1252,921,957,-1,1252,957,1262,-1,1262,957,951,-1,1262,951,1257,-1,1257,951,950,-1,1257,950,1258,-1,1258,950,949,-1,1258,949,1259,-1,1259,949,956,-1,1259,956,1263,-1,1263,956,922,-1,1263,922,1253,-1,283,285,1021,-1,283,1021,962,-1,962,1021,1016,-1,962,1016,966,-1,966,1016,1018,-1,966,1018,967,-1,967,1018,1019,-1,967,1019,968,-1,968,1019,1017,-1,968,1017,963,-1,963,1017,1020,-1,963,1020,964,-1,880,978,881,-1,881,978,977,-1,881,977,905,-1,905,977,975,-1,905,975,902,-1,902,975,974,-1,902,974,903,-1,903,974,992,-1,903,992,959,-1,959,992,991,-1,959,991,284,-1,284,991,286,-1,983,882,984,-1,984,882,906,-1,984,906,985,-1,985,906,887,-1,985,887,986,-1,986,887,886,-1,986,886,987,-1,987,886,879,-1,987,879,1031,-1,1031,879,878,-1,1031,878,281,-1,281,878,279,-1,683,670,691,-1,691,670,659,-1,691,659,685,-1,685,659,661,-1,685,661,713,-1,713,661,663,-1,713,663,711,-1,711,663,665,-1,711,665,709,-1,709,665,667,-1,709,667,707,-1,282,280,678,-1,678,280,677,-1,678,677,679,-1,679,677,675,-1,679,675,680,-1,680,675,674,-1,680,674,681,-1,681,674,673,-1,681,673,682,-1,682,673,672,-1,682,672,683,-1,683,672,671,-1,683,671,670,-1,1264,1265,400,-1,400,1265,395,-1,395,1265,393,-1,393,1265,1266,-1,393,1266,292,-1,292,1266,359,-1,1265,1264,1266,-1,1266,1264,1267,-1,1267,1268,1269,-1,1270,1266,1271,-1,1271,1266,1267,-1,1271,1267,1272,-1,1269,1273,1267,-1,1267,1273,1274,-1,1267,1274,1272,-1,1275,1276,1277,-1,1270,1278,1266,-1,1266,1278,1275,-1,1266,1275,1279,-1,1279,1275,1277,-1,1264,400,403,-1,290,330,403,-1,403,330,1267,-1,403,1267,1264,-1,331,335,1271,-1,1271,335,1270,-1,1267,330,329,-1,1267,329,1268,-1,1268,329,349,-1,1268,349,1269,-1,1269,349,348,-1,1269,348,1273,-1,1273,348,347,-1,1273,347,1274,-1,1274,347,371,-1,1274,371,1272,-1,1272,371,331,-1,1272,331,1271,-1,359,1266,1279,-1,359,1279,379,-1,379,1279,1277,-1,379,1277,368,-1,368,1277,1276,-1,368,1276,369,-1,369,1276,1275,-1,369,1275,370,-1,370,1275,1278,-1,370,1278,380,-1,380,1278,1270,-1,380,1270,335,-1,393,292,394,-1,394,292,314,-1,394,314,396,-1,396,314,298,-1,396,298,397,-1,397,298,289,-1,397,289,426,-1,426,289,288,-1,426,288,427,-1,427,288,302,-1,427,302,277,-1,277,302,275,-1,290,403,291,-1,291,403,402,-1,291,402,296,-1,296,402,401,-1,296,401,297,-1,297,401,399,-1,297,399,299,-1,299,399,398,-1,299,398,372,-1,372,398,456,-1,372,456,373,-1,373,456,455,-1,
        ]
    }
}
Shape{
    appearance Appearance {
        material  Material {
            diffuseColor 1.0 1.0 1.0
            specularColor 0.30196078431372547 0.30196078431372547 0.30196078431372547
            ambientIntensity 1.0
            transparency 0.0
            shininess 0.5
        }
    }
    geometry IndexedFaceSet {
        ccw TRUE
        solid FALSE
        coord DEF co Coordinate {
            point [
                0.4724 -2.0444 0.0591, 0.4724 -2.0444 0.0394, 0.4751 -2.024 0.0591, 0.4751 -2.024 0.0394, 0.483 -2.005 0.0591, 0.483 -2.005 0.0394, 0.4955 -1.9887 0.0591, 0.4955 -1.9887 0.0394, 0.5118 -1.9762 0.0591, 0.5118 -1.9762 0.0394, 0.5308 -1.9684 0.0591, 0.5308 -1.9684 0.0394, 0.5512 -1.9657 0.0591, 0.5512 -1.9657 0.0394, 0.5716 -1.9684 0.0591, 0.5716 -1.9684 0.0394, 0.5906 -1.9762 0.0591, 0.5906 -1.9762 0.0394, 0.6069 -1.9887 0.0591, 0.6069 -1.9887 0.0394, 0.6194 -2.005 0.0591, 0.6194 -2.005 0.0394, 0.6272 -2.024 0.0591, 0.6272 -2.024 0.0394, 0.6299 -2.0444 0.0591, 0.6299 -2.0444 0.0394, 0.6272 -2.0648 0.0591, 0.6272 -2.0648 0.0394, 0.6194 -2.0838 0.0591, 0.6194 -2.0838 0.0394, 0.6069 -2.1001 0.0591, 0.6069 -2.1001 0.0394, 0.5906 -2.1126 0.0591, 0.5906 -2.1126 0.0394, 0.5716 -2.1205 0.0591, 0.5716 -2.1205 0.0394, 0.5512 -2.1232 0.0591, 0.5512 -2.1232 0.0394, 0.5308 -2.1205 0.0591, 0.5308 -2.1205 0.0394, 0.5118 -2.1126 0.0591, 0.5118 -2.1126 0.0394, 0.4955 -2.1001 0.0591, 0.4955 -2.1001 0.0394, 0.483 -2.0838 0.0591, 0.483 -2.0838 0.0394, 0.4751 -2.0648 0.0591, 0.4751 -2.0648 0.0394, 0.5512 -2.0444 0.0591, -0.6299 -2.0444 0.0591, -0.6299 -2.0444 0.0394, -0.6272 -2.024 0.0591, -0.6272 -2.024 0.0394, -0.6194 -2.005 0.0591, -0.6194 -2.005 0.0394, -0.6069 -1.9887 0.0591, -0.6069 -1.9887 0.0394, -0.5906 -1.9762 0.0591, -0.5906 -1.9762 0.0394, -0.5716 -1.9684 0.0591, -0.5716 -1.9684 0.0394, -0.5512 -1.9657 0.0591, -0.5512 -1.9657 0.0394, -0.5308 -1.9684 0.0591, -0.5308 -1.9684 0.0394, -0.5118 -1.9762 0.0591, -0.5118 -1.9762 0.0394, -0.4955 -1.9887 0.0591, -0.4955 -1.9887 0.0394, -0.483 -2.005 0.0591, -0.483 -2.005 0.0394, -0.4751 -2.024 0.0591, -0.4751 -2.024 0.0394, -0.4724 -2.0444 0.0591, -0.4724 -2.0444 0.0394, -0.4751 -2.0648 0.0591, -0.4751 -2.0648 0.0394, -0.483 -2.0838 0.0591, -0.483 -2.0838 0.0394, -0.4955 -2.1001 0.0591, -0.4955 -2.1001 0.0394, -0.5118 -2.1126 0.0591, -0.5118 -2.1126 0.0394, -0.5308 -2.1205 0.0591, -0.5308 -2.1205 0.0394, -0.5512 -2.1232 0.0591, -0.5512 -2.1232 0.0394, -0.5716 -2.1205 0.0591, -0.5716 -2.1205 0.0394, -0.5906 -2.1126 0.0591, -0.5906 -2.1126 0.0394, -0.6069 -2.1001 0.0591, -0.6069 -2.1001 0.0394, -0.6194 -2.0838 0.0591, -0.6194 -2.0838 0.0394, -0.6272 -2.0648 0.0591, -0.6272 -2.0648 0.0394, -0.5512 -2.0444 0.0591, -0.3389 -0.2473 1.2835, -0.3389 -0.2473 1.2795, -0.3618 -0.2449 1.2835, -0.3887 -0.2421 1.2795, -0.3887 -0.2421 1.2835, -0.428 -0.2285 1.2795, -0.428 -0.2285 1.2835, -0.4646 -0.2045 1.2795, -0.4646 -0.2045 1.2835, -0.4936 -0.1725 1.2795, -0.4936 -0.1725 1.2835, -0.5139 -0.1341 1.2795, -0.5139 -0.1341 1.2835, -0.525 -0.0915 1.2795, -0.525 -0.0915 1.2835, -0.528 -0.0508 1.2795, -0.528 -0.0508 1.2835, -0.3234 0.156 1.2795, -0.3234 0.156 1.2835, -0.3611 0.1533 1.2795, -0.3564 0.1536 1.2835, -0.3611 0.1533 1.2835, -0.4057 0.1412 1.2835, -0.4057 0.1412 1.2795, -0.4444 0.1201 1.2835, -0.4444 0.1201 1.2795, -0.4788 0.089 1.2835, -0.4788 0.089 1.2795, -0.5063 0.0482 1.2835, -0.5063 0.0482 1.2795, -0.5219 0.0043 1.2835, -0.5219 0.0043 1.2795, -0.2936 0.1536 1.2835, -0.2685 0.1516 1.2795, -0.2685 0.1516 1.2835, -0.2159 0.1356 1.2795, -0.2159 0.1356 1.2835, -0.2159 0.0828 1.2795, -0.2159 0.0828 1.2835, -0.328 0.1128 1.2795, -0.328 0.1128 1.2835, -0.3069 0.112 1.2835, -0.3069 0.112 1.2795, -0.2587 0.1027 1.2835, -0.2587 0.1027 1.2795, -0.4752 -0.0474 1.2795, -0.4752 -0.0474 1.2835, -0.473 -0.0165 1.2835, -0.473 -0.0165 1.2795, -0.4643 0.0189 1.2835, -0.4643 0.0189 1.2795, -0.4478 0.0511 1.2835, -0.4478 0.0511 1.2795, -0.4236 0.0785 1.2835, -0.4236 0.0785 1.2795, -0.3963 0.0971 1.2835, -0.3963 0.0971 1.2795, -0.3665 0.1083 1.2835, -0.3665 0.1083 1.2795, -0.3347 -0.2041 1.2795, -0.3347 -0.2041 1.2835, -0.3735 -0.1999 1.2835, -0.3735 -0.1999 1.2795, -0.4008 -0.1901 1.2835, -0.4008 -0.1901 1.2795, -0.4243 -0.1751 1.2835, -0.4243 -0.1751 1.2795, -0.4458 -0.1525 1.2835, -0.4458 -0.1525 1.2795, -0.4611 -0.1255 1.2835, -0.4611 -0.1255 1.2795, -0.4713 -0.0912 1.2835, -0.4713 -0.0912 1.2795, -0.2591 -0.1867 1.2795, -0.2591 -0.1867 1.2835, -0.2639 -0.1891 1.2835, -0.2639 -0.1891 1.2795, -0.2958 -0.2002 1.2835, -0.2958 -0.2002 1.2795, -0.2591 -0.0793 1.2795, -0.2591 -0.0793 1.2835, -0.3455 -0.0793 1.2795, -0.3455 -0.0793 1.2835, -0.3455 -0.036 1.2795, -0.3455 -0.036 1.2835, -0.2063 -0.036 1.2795, -0.2063 -0.036 1.2835, -0.2063 -0.2142 1.2795, -0.2063 -0.2142 1.2835, -0.2704 -0.2394 1.2795, -0.318 -0.2449 1.2835, -0.2704 -0.2394 1.2835, 0.8661 -1.0669 1.2795, 0.8661 -1.0669 1.2835, 0.8635 -1.0465 1.2795, 0.8635 -1.0465 1.2835, 0.8556 -1.0276 1.2795, 0.8556 -1.0276 1.2835, 0.8431 -1.0112 1.2795, 0.8431 -1.0112 1.2835, 0.8268 -0.9987 1.2795, 0.8268 -0.9987 1.2835, 0.8078 -0.9909 1.2795, 0.8078 -0.9909 1.2835, 0.7874 -0.9882 1.2795, 0.7874 -0.9882 1.2835, 0.767 -0.9909 1.2795, 0.767 -0.9909 1.2835, 0.748 -0.9987 1.2795, 0.748 -0.9987 1.2835, 0.7317 -1.0112 1.2795, 0.7317 -1.0112 1.2835, 0.7192 -1.0276 1.2795, 0.7192 -1.0276 1.2835, 0.7113 -1.0465 1.2795, 0.7113 -1.0465 1.2835, 0.7087 -1.0669 1.2795, 0.7087 -1.0669 1.2835, 0.7113 -1.0873 1.2795, 0.7113 -1.0873 1.2835, 0.7192 -1.1063 1.2795, 0.7192 -1.1063 1.2835, 0.7317 -1.1226 1.2795, 0.7317 -1.1226 1.2835, 0.748 -1.1351 1.2795, 0.748 -1.1351 1.2835, 0.767 -1.143 1.2795, 0.767 -1.143 1.2835, 0.7874 -1.1457 1.2795, 0.7874 -1.1457 1.2835, 0.8078 -1.143 1.2795, 0.8078 -1.143 1.2835, 0.8268 -1.1351 1.2795, 0.8268 -1.1351 1.2835, 0.8431 -1.1226 1.2795, 0.8431 -1.1226 1.2835, 0.8556 -1.1063 1.2795, 0.8556 -1.1063 1.2835, 0.8635 -1.0873 1.2795, 0.8635 -1.0873 1.2835, 0.7874 -1.0669 1.2795, 0.5709 -2.0512 1.2795, 0.5709 -2.0512 1.2835, 0.5682 -2.0308 1.2795, 0.5682 -2.0308 1.2835, 0.5603 -2.0118 1.2795, 0.5603 -2.0118 1.2835, 0.5478 -1.9955 1.2795, 0.5478 -1.9955 1.2835, 0.5315 -1.983 1.2795, 0.5315 -1.983 1.2835, 0.5125 -1.9751 1.2795, 0.5125 -1.9751 1.2835, 0.4921 -1.9724 1.2795, 0.4921 -1.9724 1.2835, 0.4717 -1.9751 1.2795, 0.4717 -1.9751 1.2835, 0.4528 -1.983 1.2795, 0.4528 -1.983 1.2835, 0.4364 -1.9955 1.2795, 0.4364 -1.9955 1.2835, 0.4239 -2.0118 1.2795, 0.4239 -2.0118 1.2835, 0.4161 -2.0308 1.2795, 0.4161 -2.0308 1.2835, 0.4134 -2.0512 1.2795, 0.4134 -2.0512 1.2835, 0.4161 -2.0716 1.2795, 0.4161 -2.0716 1.2835, 0.4239 -2.0905 1.2795, 0.4239 -2.0905 1.2835, 0.4364 -2.1069 1.2795, 0.4364 -2.1069 1.2835, 0.4528 -2.1194 1.2795, 0.4528 -2.1194 1.2835, 0.4717 -2.1272 1.2795, 0.4717 -2.1272 1.2835, 0.4921 -2.1299 1.2795, 0.4921 -2.1299 1.2835, 0.5125 -2.1272 1.2795, 0.5125 -2.1272 1.2835, 0.5315 -2.1194 1.2795, 0.5315 -2.1194 1.2835, 0.5478 -2.1069 1.2795, 0.5478 -2.1069 1.2835, 0.5603 -2.0905 1.2795, 0.5603 -2.0905 1.2835, 0.5682 -2.0716 1.2795, 0.5682 -2.0716 1.2835, 0.4921 -2.0512 1.2795, -0.5478 -1.9955 1.2795, -0.5494 -1.9976 1.2835, -0.5603 -2.0118 1.2795, -0.5603 -2.0118 1.2835, -0.5682 -2.0308 1.2795, -0.5682 -2.0308 1.2835, -0.5709 -2.0512 1.2795, -0.5709 -2.0512 1.2835, -0.5682 -2.0716 1.2795, -0.5682 -2.0716 1.2835, -0.5603 -2.0905 1.2795, -0.5603 -2.0905 1.2835, -0.5478 -2.1069 1.2795, -0.5494 -2.1048 1.2835, -0.5478 -2.1069 1.2835, -0.5315 -2.1194 1.2795, -0.5315 -2.1194 1.2835, -0.5125 -2.1272 1.2795, -0.5125 -2.1272 1.2835, -0.4921 -2.1299 1.2795, -0.4921 -2.1299 1.2835, -0.4717 -2.1272 1.2795, -0.4717 -2.1272 1.2835, -0.4528 -2.1194 1.2795, -0.4528 -2.1194 1.2835, -0.4364 -2.1069 1.2795, -0.4364 -2.1069 1.2835, -0.4239 -2.0905 1.2795, -0.4239 -2.0905 1.2835, -0.4161 -2.0716 1.2795, -0.4161 -2.0716 1.2835, -0.4134 -2.0512 1.2795, -0.4134 -2.0512 1.2835, -0.4161 -2.0308 1.2795, -0.4161 -2.0308 1.2835, -0.4239 -2.0118 1.2795, -0.4239 -2.0118 1.2835, -0.4364 -1.9955 1.2795, -0.4364 -1.9955 1.2835, -0.4528 -1.983 1.2795, -0.4528 -1.983 1.2835, -0.4717 -1.9751 1.2795, -0.4717 -1.9751 1.2835, -0.4921 -1.9724 1.2795, -0.4921 -1.9724 1.2835, -0.5125 -1.9751 1.2795, -0.5125 -1.9751 1.2835, -0.5315 -1.983 1.2795, -0.5315 -1.983 1.2835, -0.5478 -1.9955 1.2835, -0.4921 -2.0512 1.2795, -0.7087 -1.0669 1.2795, -0.7087 -1.0669 1.2835, -0.7113 -1.0465 1.2795, -0.7113 -1.0465 1.2835, -0.7192 -1.0276 1.2795, -0.7192 -1.0276 1.2835, -0.7317 -1.0112 1.2795, -0.7317 -1.0112 1.2835, -0.748 -0.9987 1.2795, -0.748 -0.9987 1.2835, -0.767 -0.9909 1.2795, -0.767 -0.9909 1.2835, -0.7874 -0.9882 1.2795, -0.7874 -0.9882 1.2835, -0.8078 -0.9909 1.2795, -0.8078 -0.9909 1.2835, -0.8268 -0.9987 1.2795, -0.8268 -0.9987 1.2835, -0.8431 -1.0112 1.2795, -0.8431 -1.0112 1.2835, -0.8556 -1.0276 1.2795, -0.8556 -1.0276 1.2835, -0.8635 -1.0465 1.2795, -0.8635 -1.0465 1.2835, -0.8661 -1.0669 1.2795, -0.8661 -1.0669 1.2835, -0.8635 -1.0873 1.2795, -0.8635 -1.0873 1.2835, -0.8556 -1.1063 1.2795, -0.8556 -1.1063 1.2835, -0.8431 -1.1226 1.2795, -0.8431 -1.1226 1.2835, -0.8268 -1.1351 1.2795, -0.8268 -1.1351 1.2835, -0.8078 -1.143 1.2795, -0.8078 -1.143 1.2835, -0.7874 -1.1457 1.2795, -0.7874 -1.1457 1.2835, -0.767 -1.143 1.2795, -0.767 -1.143 1.2835, -0.748 -1.1351 1.2795, -0.748 -1.1351 1.2835, -0.7317 -1.1226 1.2795, -0.7317 -1.1226 1.2835, -0.7192 -1.1063 1.2795, -0.7192 -1.1063 1.2835, -0.7113 -1.0873 1.2795, -0.7113 -1.0873 1.2835, -0.7874 -1.0669 1.2795, 0.3555 -0.2425 1.2795, 0.3555 -0.2425 1.2835, 0.3555 0.108 1.2795, 0.3555 0.108 1.2835, 0.3028 -0.2425 1.2835, 0.3026 -0.2425 1.2795, 0.3026 -0.2425 1.2835, 0.3026 0.108 1.2795, 0.3026 0.108 1.2835, 0.1922 0.108 1.2795, 0.1922 0.108 1.2835, 0.1922 0.1512 1.2795, 0.1922 0.1512 1.2835, 0.3028 0.1512 1.2835, 0.4707 0.1512 1.2795, 0.4707 0.1512 1.2835, 0.4707 0.108 1.2795, 0.4707 0.108 1.2835, 0.0407 -0.2473 1.2835, 0.0407 -0.2473 1.2795, 0.0175 -0.2449 1.2835, -0.0078 -0.2423 1.2795, -0.0078 -0.2423 1.2835, -0.046 -0.2291 1.2795, -0.046 -0.2291 1.2835, -0.0777 -0.2089 1.2795, -0.0777 -0.2089 1.2835, -0.1072 -0.1778 1.2795, -0.1072 -0.1778 1.2835, -0.1282 -0.1403 1.2795, -0.1282 -0.1403 1.2835, -0.1401 -0.0987 1.2795, -0.1401 -0.0987 1.2835, -0.1439 -0.0531 1.2795, -0.1439 -0.0531 1.2835, 0.0564 0.156 1.2795, 0.0564 0.156 1.2835, 0.0171 0.1528 1.2795, 0.0267 0.1536 1.2835, 0.0171 0.1528 1.2835, -0.0268 0.1401 1.2835, -0.0268 0.1401 1.2795, -0.0642 0.1187 1.2835, -0.0642 0.1187 1.2795, -0.0998 0.0845 1.2835, -0.0998 0.0845 1.2795, -0.123 0.0478 1.2835, -0.123 0.0478 1.2795, -0.1382 0.0029 1.2835, -0.1382 0.0029 1.2795, 0.0911 0.1536 1.2835, 0.1035 0.1528 1.2795, 0.1035 0.1528 1.2835, 0.149 0.1404 1.2795, 0.149 0.1404 1.2835, 0.149 0.0876 1.2795, 0.149 0.0876 1.2835, 0.0568 0.1128 1.2795, 0.0568 0.1128 1.2835, 0.1047 0.1066 1.2835, 0.1047 0.1066 1.2795, -0.0911 -0.0498 1.2795, -0.0911 -0.0498 1.2835, -0.0892 -0.0192 1.2835, -0.0892 -0.0192 1.2795, -0.0787 0.0229 1.2835, -0.0787 0.0229 1.2795, -0.0625 0.0533 1.2835, -0.0625 0.0533 1.2795, -0.0387 0.0796 1.2835, -0.0387 0.0796 1.2795, -0.0114 0.0978 1.2835, -0.0114 0.0978 1.2795, 0.018 0.1084 1.2835, 0.018 0.1084 1.2795, 0.048 -0.2041 1.2795, 0.048 -0.2041 1.2835, 0.0112 -0.2 1.2835, 0.0112 -0.2 1.2795, -0.0175 -0.1894 1.2835, -0.0175 -0.1894 1.2795, -0.0416 -0.1731 1.2835, -0.0416 -0.1731 1.2795, -0.0601 -0.1536 1.2835, -0.0601 -0.1536 1.2795, -0.0764 -0.1263 1.2835, -0.0764 -0.1263 1.2795, -0.0871 -0.0925 1.2835, -0.0871 -0.0925 1.2795, 0.149 -0.1789 1.2795, 0.149 -0.1789 1.2835, 0.142 -0.1828 1.2835, 0.142 -0.1828 1.2795, 0.1002 -0.1983 1.2835, 0.1002 -0.1983 1.2795, 0.149 -0.2221 1.2795, 0.149 -0.2221 1.2835, 0.107 -0.2393 1.2795, 0.0514 -0.2471 1.2835, 0.0514 -0.2471 1.2795, 0.0673 -0.2449 1.2835, 0.107 -0.2393 1.2835
            ]
        }
        coordIndex [
            0,1,2,-1,2,1,3,-1,2,3,4,-1,4,3,5,-1,4,5,6,-1,6,5,7,-1,6,7,8,-1,8,7,9,-1,8,9,10,-1,10,9,11,-1,10,11,12,-1,12,11,13,-1,12,13,14,-1,14,13,15,-1,14,15,16,-1,16,15,17,-1,16,17,18,-1,18,17,19,-1,18,19,20,-1,20,19,21,-1,20,21,22,-1,22,21,23,-1,22,23,24,-1,24,23,25,-1,24,25,26,-1,26,25,27,-1,26,27,28,-1,28,27,29,-1,28,29,30,-1,30,29,31,-1,30,31,32,-1,32,31,33,-1,32,33,34,-1,34,33,35,-1,34,35,36,-1,36,35,37,-1,36,37,38,-1,38,37,39,-1,38,39,40,-1,40,39,41,-1,40,41,42,-1,42,41,43,-1,42,43,44,-1,44,43,45,-1,44,45,46,-1,46,45,47,-1,46,47,0,-1,0,47,1,-1,20,22,48,-1,48,22,24,-1,48,24,26,-1,14,16,48,-1,48,16,18,-1,48,18,20,-1,8,10,48,-1,48,10,12,-1,48,12,14,-1,2,4,48,-1,48,4,6,-1,48,6,8,-1,44,46,48,-1,48,46,0,-1,48,0,2,-1,38,40,48,-1,48,40,42,-1,48,42,44,-1,32,34,48,-1,48,34,36,-1,48,36,38,-1,26,28,48,-1,48,28,30,-1,48,30,32,-1,49,50,51,-1,51,50,52,-1,51,52,53,-1,53,52,54,-1,53,54,55,-1,55,54,56,-1,55,56,57,-1,57,56,58,-1,57,58,59,-1,59,58,60,-1,59,60,61,-1,61,60,62,-1,61,62,63,-1,63,62,64,-1,63,64,65,-1,65,64,66,-1,65,66,67,-1,67,66,68,-1,67,68,69,-1,69,68,70,-1,69,70,71,-1,71,70,72,-1,71,72,73,-1,73,72,74,-1,73,74,75,-1,75,74,76,-1,75,76,77,-1,77,76,78,-1,77,78,79,-1,79,78,80,-1,79,80,81,-1,81,80,82,-1,81,82,83,-1,83,82,84,-1,83,84,85,-1,85,84,86,-1,85,86,87,-1,87,86,88,-1,87,88,89,-1,89,88,90,-1,89,90,91,-1,91,90,92,-1,91,92,93,-1,93,92,94,-1,93,94,95,-1,95,94,96,-1,95,96,49,-1,49,96,50,-1,93,95,97,-1,97,95,49,-1,97,49,51,-1,87,89,97,-1,97,89,91,-1,97,91,93,-1,81,83,97,-1,97,83,85,-1,97,85,87,-1,75,77,97,-1,97,77,79,-1,97,79,81,-1,69,71,97,-1,97,71,73,-1,97,73,75,-1,63,65,97,-1,97,65,67,-1,97,67,69,-1,57,59,97,-1,97,59,61,-1,97,61,63,-1,51,53,97,-1,97,53,55,-1,97,55,57,-1,98,99,100,-1,100,99,101,-1,100,101,102,-1,102,101,103,-1,102,103,104,-1,104,103,105,-1,104,105,106,-1,106,105,107,-1,106,107,108,-1,108,107,109,-1,108,109,110,-1,110,109,111,-1,110,111,112,-1,112,111,113,-1,112,113,114,-1,115,116,117,-1,117,116,118,-1,118,119,117,-1,117,119,120,-1,117,120,121,-1,121,120,122,-1,121,122,123,-1,123,122,124,-1,123,124,125,-1,125,124,126,-1,125,126,127,-1,127,126,128,-1,127,128,129,-1,129,128,114,-1,129,114,113,-1,116,115,130,-1,130,115,131,-1,130,131,132,-1,132,131,133,-1,132,133,134,-1,135,136,133,-1,133,136,134,-1,137,138,139,-1,137,139,140,-1,140,139,141,-1,140,141,142,-1,142,141,136,-1,142,136,135,-1,143,144,145,-1,143,145,146,-1,146,145,147,-1,146,147,148,-1,148,147,149,-1,148,149,150,-1,150,149,151,-1,150,151,152,-1,152,151,153,-1,152,153,154,-1,154,153,155,-1,154,155,156,-1,156,155,138,-1,156,138,137,-1,157,158,159,-1,157,159,160,-1,160,159,161,-1,160,161,162,-1,162,161,163,-1,162,163,164,-1,164,163,165,-1,164,165,166,-1,166,165,167,-1,166,167,168,-1,168,167,169,-1,168,169,170,-1,170,169,144,-1,170,144,143,-1,171,172,173,-1,171,173,174,-1,174,173,175,-1,174,175,176,-1,176,175,158,-1,176,158,157,-1,177,178,171,-1,171,178,172,-1,179,180,177,-1,177,180,178,-1,181,182,179,-1,179,182,180,-1,183,184,181,-1,181,184,182,-1,185,186,183,-1,183,186,184,-1,186,185,187,-1,99,98,188,-1,99,188,187,-1,187,188,189,-1,187,189,186,-1,181,179,183,-1,183,179,177,-1,183,177,185,-1,185,177,171,-1,185,171,187,-1,135,133,142,-1,142,133,131,-1,142,131,140,-1,140,131,115,-1,171,174,187,-1,187,174,176,-1,187,176,99,-1,99,176,157,-1,99,157,101,-1,101,157,160,-1,101,160,103,-1,103,160,162,-1,103,162,105,-1,105,162,164,-1,105,164,107,-1,107,164,166,-1,107,166,109,-1,109,166,168,-1,109,168,111,-1,111,168,170,-1,111,170,113,-1,113,170,143,-1,113,143,129,-1,129,143,146,-1,129,146,127,-1,127,146,148,-1,127,148,125,-1,125,148,150,-1,125,150,123,-1,123,150,152,-1,123,152,121,-1,121,152,154,-1,121,154,117,-1,117,154,156,-1,117,156,115,-1,115,156,137,-1,115,137,140,-1,190,191,192,-1,192,191,193,-1,192,193,194,-1,194,193,195,-1,194,195,196,-1,196,195,197,-1,196,197,198,-1,198,197,199,-1,198,199,200,-1,200,199,201,-1,200,201,202,-1,202,201,203,-1,202,203,204,-1,204,203,205,-1,204,205,206,-1,206,205,207,-1,206,207,208,-1,208,207,209,-1,208,209,210,-1,210,209,211,-1,210,211,212,-1,212,211,213,-1,212,213,214,-1,214,213,215,-1,214,215,216,-1,216,215,217,-1,216,217,218,-1,218,217,219,-1,218,219,220,-1,220,219,221,-1,220,221,222,-1,222,221,223,-1,222,223,224,-1,224,223,225,-1,224,225,226,-1,226,225,227,-1,226,227,228,-1,228,227,229,-1,228,229,230,-1,230,229,231,-1,230,231,232,-1,232,231,233,-1,232,233,234,-1,234,233,235,-1,234,235,236,-1,236,235,237,-1,236,237,190,-1,190,237,191,-1,234,236,238,-1,238,236,190,-1,238,190,192,-1,228,230,238,-1,238,230,232,-1,238,232,234,-1,222,224,238,-1,238,224,226,-1,238,226,228,-1,216,218,238,-1,238,218,220,-1,238,220,222,-1,210,212,238,-1,238,212,214,-1,238,214,216,-1,204,206,238,-1,238,206,208,-1,238,208,210,-1,198,200,238,-1,238,200,202,-1,238,202,204,-1,192,194,238,-1,238,194,196,-1,238,196,198,-1,239,240,241,-1,241,240,242,-1,241,242,243,-1,243,242,244,-1,243,244,245,-1,245,244,246,-1,245,246,247,-1,247,246,248,-1,247,248,249,-1,249,248,250,-1,249,250,251,-1,251,250,252,-1,251,252,253,-1,253,252,254,-1,253,254,255,-1,255,254,256,-1,255,256,257,-1,257,256,258,-1,257,258,259,-1,259,258,260,-1,259,260,261,-1,261,260,262,-1,261,262,263,-1,263,262,264,-1,263,264,265,-1,265,264,266,-1,265,266,267,-1,267,266,268,-1,267,268,269,-1,269,268,270,-1,269,270,271,-1,271,270,272,-1,271,272,273,-1,273,272,274,-1,273,274,275,-1,275,274,276,-1,275,276,277,-1,277,276,278,-1,277,278,279,-1,279,278,280,-1,279,280,281,-1,281,280,282,-1,281,282,283,-1,283,282,284,-1,283,284,285,-1,285,284,286,-1,285,286,239,-1,239,286,240,-1,283,285,287,-1,287,285,239,-1,287,239,241,-1,277,279,287,-1,287,279,281,-1,287,281,283,-1,271,273,287,-1,287,273,275,-1,287,275,277,-1,265,267,287,-1,287,267,269,-1,287,269,271,-1,259,261,287,-1,287,261,263,-1,287,263,265,-1,253,255,287,-1,287,255,257,-1,287,257,259,-1,247,249,287,-1,287,249,251,-1,287,251,253,-1,241,243,287,-1,287,243,245,-1,287,245,247,-1,288,289,290,-1,290,289,291,-1,290,291,292,-1,292,291,293,-1,292,293,294,-1,294,293,295,-1,294,295,296,-1,296,295,297,-1,296,297,298,-1,298,297,299,-1,298,299,300,-1,299,301,300,-1,300,301,302,-1,300,302,303,-1,303,302,304,-1,303,304,305,-1,305,304,306,-1,305,306,307,-1,307,306,308,-1,307,308,309,-1,309,308,310,-1,309,310,311,-1,311,310,312,-1,311,312,313,-1,313,312,314,-1,313,314,315,-1,315,314,316,-1,315,316,317,-1,317,316,318,-1,317,318,319,-1,319,318,320,-1,319,320,321,-1,321,320,322,-1,321,322,323,-1,323,322,324,-1,323,324,325,-1,325,324,326,-1,325,326,327,-1,327,326,328,-1,327,328,329,-1,329,328,330,-1,329,330,331,-1,331,330,332,-1,331,332,333,-1,333,332,334,-1,333,334,335,-1,335,334,336,-1,335,336,288,-1,288,336,337,-1,288,337,289,-1,315,317,338,-1,338,317,319,-1,338,319,321,-1,309,311,338,-1,338,311,313,-1,338,313,315,-1,303,305,338,-1,338,305,307,-1,338,307,309,-1,296,298,338,-1,338,298,300,-1,338,300,303,-1,290,292,338,-1,338,292,294,-1,338,294,296,-1,333,335,338,-1,338,335,288,-1,338,288,290,-1,327,329,338,-1,338,329,331,-1,338,331,333,-1,321,323,338,-1,338,323,325,-1,338,325,327,-1,339,340,341,-1,341,340,342,-1,341,342,343,-1,343,342,344,-1,343,344,345,-1,345,344,346,-1,345,346,347,-1,347,346,348,-1,347,348,349,-1,349,348,350,-1,349,350,351,-1,351,350,352,-1,351,352,353,-1,353,352,354,-1,353,354,355,-1,355,354,356,-1,355,356,357,-1,357,356,358,-1,357,358,359,-1,359,358,360,-1,359,360,361,-1,361,360,362,-1,361,362,363,-1,363,362,364,-1,363,364,365,-1,365,364,366,-1,365,366,367,-1,367,366,368,-1,367,368,369,-1,369,368,370,-1,369,370,371,-1,371,370,372,-1,371,372,373,-1,373,372,374,-1,373,374,375,-1,375,374,376,-1,375,376,377,-1,377,376,378,-1,377,378,379,-1,379,378,380,-1,379,380,381,-1,381,380,382,-1,381,382,383,-1,383,382,384,-1,383,384,385,-1,385,384,386,-1,385,386,339,-1,339,386,340,-1,383,385,387,-1,387,385,339,-1,387,339,341,-1,377,379,387,-1,387,379,381,-1,387,381,383,-1,371,373,387,-1,387,373,375,-1,387,375,377,-1,365,367,387,-1,387,367,369,-1,387,369,371,-1,359,361,387,-1,387,361,363,-1,387,363,365,-1,353,355,387,-1,387,355,357,-1,387,357,359,-1,347,349,387,-1,387,349,351,-1,387,351,353,-1,341,343,387,-1,387,343,345,-1,387,345,347,-1,388,389,390,-1,390,389,391,-1,389,388,392,-1,392,388,393,-1,392,393,394,-1,395,396,393,-1,393,396,394,-1,397,398,395,-1,395,398,396,-1,399,400,397,-1,397,400,398,-1,400,399,401,-1,401,399,402,-1,401,402,403,-1,404,405,402,-1,402,405,403,-1,404,390,405,-1,405,390,391,-1,402,399,395,-1,395,399,397,-1,404,402,390,-1,390,402,395,-1,390,395,388,-1,388,395,393,-1,406,407,408,-1,408,407,409,-1,408,409,410,-1,410,409,411,-1,410,411,412,-1,412,411,413,-1,412,413,414,-1,414,413,415,-1,414,415,416,-1,416,415,417,-1,416,417,418,-1,418,417,419,-1,418,419,420,-1,420,419,421,-1,420,421,422,-1,423,424,425,-1,425,424,426,-1,426,427,425,-1,425,427,428,-1,425,428,429,-1,429,428,430,-1,429,430,431,-1,431,430,432,-1,431,432,433,-1,433,432,434,-1,433,434,435,-1,435,434,436,-1,435,436,437,-1,437,436,422,-1,437,422,421,-1,424,423,438,-1,438,423,439,-1,438,439,440,-1,440,439,441,-1,440,441,442,-1,443,444,441,-1,441,444,442,-1,445,446,447,-1,445,447,448,-1,448,447,444,-1,448,444,443,-1,449,450,451,-1,449,451,452,-1,452,451,453,-1,452,453,454,-1,454,453,455,-1,454,455,456,-1,456,455,457,-1,456,457,458,-1,458,457,459,-1,458,459,460,-1,460,459,461,-1,460,461,462,-1,462,461,446,-1,462,446,445,-1,463,464,465,-1,463,465,466,-1,466,465,467,-1,466,467,468,-1,468,467,469,-1,468,469,470,-1,470,469,471,-1,470,471,472,-1,472,471,473,-1,472,473,474,-1,474,473,475,-1,474,475,476,-1,476,475,450,-1,476,450,449,-1,477,478,479,-1,477,479,480,-1,480,479,481,-1,480,481,482,-1,482,481,464,-1,482,464,463,-1,483,484,477,-1,477,484,478,-1,484,483,485,-1,407,406,486,-1,407,486,487,-1,487,486,488,-1,487,488,485,-1,485,488,489,-1,485,489,484,-1,466,407,463,-1,463,407,487,-1,463,487,482,-1,482,487,485,-1,482,485,480,-1,480,485,483,-1,480,483,477,-1,443,441,448,-1,448,441,439,-1,448,439,445,-1,445,439,423,-1,445,423,462,-1,462,423,425,-1,462,425,460,-1,460,425,429,-1,460,429,458,-1,458,429,431,-1,458,431,456,-1,456,431,433,-1,456,433,454,-1,454,433,435,-1,454,435,452,-1,452,435,437,-1,452,437,449,-1,449,437,421,-1,449,421,476,-1,476,421,419,-1,476,419,474,-1,474,419,417,-1,474,417,472,-1,472,417,415,-1,472,415,470,-1,470,415,413,-1,470,413,468,-1,468,413,411,-1,468,411,466,-1,466,411,409,-1,466,409,407,-1,
        ]
    }
}
Shape{
    appearance Appearance {
        material  Material {
            diffuseColor 0.7764705882352941 0.7568627450980392 0.7372549019607844
            specularColor 0.38823529411764707 0.3764705882352941 0.3686274509803922
            ambientIntensity 0.7605
            transparency 0.0
            shininess 0.5
        }
    }
    geometry IndexedFaceSet {
        ccw TRUE
        solid FALSE
        coord DEF co Coordinate {
            point [
                0.6959 -0.1722 -0.0014, 0.6965 -0.1737 -0.0014, 0.6951 -0.1742 0.0394, 0.7833 -0.2368 -0.0014, 0.7845 -0.2368 -0.0014, 0.7845 -0.2383 0.0394, 0.8383 -0.2225 -0.0014, 0.8392 -0.2219 -0.0014, 0.8399 -0.2231 0.0394, 0.8758 -0.1799 -0.0014, 0.8761 -0.179 -0.0014, 0.8775 -0.1796 0.0394, 0.883 -0.1235 -0.0014, 0.8828 -0.1228 -0.0014, 0.8843 -0.1225 0.0394, 0.8574 -0.0728 -0.0014, 0.857 -0.0724 -0.0014, 0.858 -0.0714 0.0394, 0.8078 -0.0451 -0.0014, 0.8074 -0.045 -0.0014, 0.8077 -0.0436 0.0394, 0.7512 -0.0499 -0.0014, 0.751 -0.05 -0.0014, 0.7504 -0.0487 0.0394, 0.707 -0.0856 -0.0014, 0.707 -0.0857 -0.0014, 0.7058 -0.0849 0.0394, 0.6917 -0.1168 0.0394, 0.6932 -0.1171 -0.0014, 0.6897 -0.1283 0.0394, 0.6918 -0.1235 -0.0014, 0.6951 -0.1056 0.0394, 0.6965 -0.1062 -0.0014, 0.6959 -0.1076 -0.0014, 0.6935 -0.1155 -0.0014, 0.699 -0.1 -0.0014, 0.6998 -0.095 0.0394, 0.7012 -0.0957 -0.0014, 0.7027 -0.0926 -0.0014, 0.7119 -0.079 -0.0014, 0.7128 -0.0757 0.0394, 0.714 -0.0766 -0.0014, 0.73 -0.0599 0.0394, 0.7309 -0.0611 -0.0014, 0.7297 -0.0619 -0.0014, 0.721 -0.0673 0.0394, 0.7233 -0.0671 -0.0014, 0.722 -0.0684 -0.0014, 0.7174 -0.0728 -0.0014, 0.7365 -0.0573 -0.0014, 0.7399 -0.0537 0.0394, 0.7406 -0.055 -0.0014, 0.7437 -0.0533 -0.0014, 0.759 -0.0472 -0.0014, 0.7615 -0.045 0.0394, 0.7619 -0.0464 -0.0014, 0.7845 -0.0415 0.0394, 0.7845 -0.043 -0.0014, 0.7833 -0.043 -0.0014, 0.7729 -0.0426 0.0394, 0.7751 -0.0437 -0.0014, 0.7731 -0.044 -0.0014, 0.767 -0.0451 -0.0014, 0.7915 -0.043 -0.0014, 0.7961 -0.0419 0.0394, 0.796 -0.0434 -0.0014, 0.7997 -0.0437 -0.0014, 0.8158 -0.0472 -0.0014, 0.8189 -0.0467 0.0394, 0.8184 -0.0481 -0.0014, 0.8399 -0.0567 0.0394, 0.8392 -0.0579 -0.0014, 0.8383 -0.0573 -0.0014, 0.8297 -0.0511 0.0394, 0.8311 -0.0533 -0.0014, 0.8291 -0.0524 -0.0014, 0.8236 -0.0499 -0.0014, 0.8451 -0.0619 -0.0014, 0.8494 -0.0635 0.0394, 0.8485 -0.0647 -0.0014, 0.8515 -0.0671 -0.0014, 0.8629 -0.079 -0.0014, 0.8656 -0.0802 0.0394, 0.8644 -0.0811 -0.0014, 0.8775 -0.1002 0.0394, 0.8761 -0.1008 -0.0014, 0.8758 -0.1 -0.0014, 0.8721 -0.0899 0.0394, 0.8721 -0.0926 -0.0014, 0.8709 -0.0906 -0.0014, 0.8678 -0.0856 -0.0014, 0.8789 -0.1076 -0.0014, 0.8815 -0.1112 0.0394, 0.8801 -0.1116 -0.0014, 0.8813 -0.1155 -0.0014, 0.8841 -0.1317 -0.0014, 0.8857 -0.1341 0.0394, 0.8842 -0.1342 -0.0014, 0.8843 -0.1573 0.0394, 0.8828 -0.1571 -0.0014, 0.883 -0.1563 -0.0014, 0.8857 -0.1457 0.0394, 0.8841 -0.1481 -0.0014, 0.8842 -0.1457 -0.0014, 0.8844 -0.1399 -0.0014, 0.8813 -0.1644 -0.0014, 0.8815 -0.1687 0.0394, 0.8801 -0.1682 -0.0014, 0.8789 -0.1722 -0.0014, 0.8721 -0.1872 -0.0014, 0.8721 -0.19 0.0394, 0.8709 -0.1892 -0.0014, 0.8678 -0.1942 -0.0014, 0.8656 -0.1996 0.0394, 0.8644 -0.1987 -0.0014, 0.858 -0.2085 0.0394, 0.857 -0.2075 -0.0014, 0.8574 -0.207 -0.0014, 0.8629 -0.2009 -0.0014, 0.8515 -0.2127 -0.0014, 0.8494 -0.2163 0.0394, 0.8485 -0.2152 -0.0014, 0.8451 -0.2179 -0.0014, 0.8311 -0.2265 -0.0014, 0.8297 -0.2288 0.0394, 0.8291 -0.2274 -0.0014, 0.8236 -0.2299 -0.0014, 0.8189 -0.2332 0.0394, 0.8184 -0.2317 -0.0014, 0.8077 -0.2362 0.0394, 0.8074 -0.2348 -0.0014, 0.8078 -0.2347 -0.0014, 0.8158 -0.2327 -0.0014, 0.7997 -0.2361 -0.0014, 0.7961 -0.238 0.0394, 0.796 -0.2365 -0.0014, 0.7915 -0.2368 -0.0014, 0.7751 -0.2361 -0.0014, 0.7729 -0.2373 0.0394, 0.7731 -0.2358 -0.0014, 0.767 -0.2347 -0.0014, 0.7615 -0.2349 0.0394, 0.7619 -0.2334 -0.0014, 0.7504 -0.2311 0.0394, 0.751 -0.2298 -0.0014, 0.7512 -0.2299 -0.0014, 0.759 -0.2327 -0.0014, 0.7437 -0.2265 -0.0014, 0.7399 -0.2261 0.0394, 0.7406 -0.2248 -0.0014, 0.73 -0.2199 0.0394, 0.7309 -0.2187 -0.0014, 0.7365 -0.2225 -0.0014, 0.721 -0.2125 0.0394, 0.7233 -0.2127 -0.0014, 0.7297 -0.2179 -0.0014, 0.7128 -0.2042 0.0394, 0.7174 -0.207 -0.0014, 0.722 -0.2114 -0.0014, 0.707 -0.1942 -0.0014, 0.7119 -0.2009 -0.0014, 0.714 -0.2032 -0.0014, 0.707 -0.1941 -0.0014, 0.7058 -0.1949 0.0394, 0.7027 -0.1872 -0.0014, 0.6998 -0.1849 0.0394, 0.7012 -0.1842 -0.0014, 0.699 -0.1799 -0.0014, 0.6935 -0.1644 -0.0014, 0.6917 -0.163 0.0394, 0.6932 -0.1627 -0.0014, 0.6918 -0.1563 -0.0014, 0.6897 -0.1516 0.0394, 0.6912 -0.1514 -0.0014, 0.6912 -0.1285 -0.0014, 0.6907 -0.1317 -0.0014, 0.689 -0.1399 0.0394, 0.6904 -0.1399 -0.0014, 0.6907 -0.1481 -0.0014, 0.7297 -0.1399 -0.0394, 0.73 -0.135 -0.0394, 0.7874 -0.1399 -0.0394, 0.73 -0.1448 -0.0394, 0.733 -0.1591 -0.0394, 0.7316 -0.1544 -0.0394, 0.7306 -0.1497 -0.0394, 0.7396 -0.1722 -0.0394, 0.7371 -0.168 -0.0394, 0.7349 -0.1637 -0.0394, 0.7493 -0.1832 -0.0394, 0.7458 -0.1798 -0.0394, 0.7425 -0.1761 -0.0394, 0.7614 -0.1914 -0.0394, 0.7572 -0.189 -0.0394, 0.7531 -0.1863 -0.0394, 0.7753 -0.1963 -0.0394, 0.7705 -0.195 -0.0394, 0.7659 -0.1934 -0.0394, 0.7898 -0.1975 -0.0394, 0.785 -0.1975 -0.0394, 0.7801 -0.1971 -0.0394, 0.8043 -0.195 -0.0394, 0.7995 -0.1963 -0.0394, 0.7947 -0.1971 -0.0394, 0.8176 -0.189 -0.0394, 0.8134 -0.1914 -0.0394, 0.8089 -0.1934 -0.0394, 0.829 -0.1798 -0.0394, 0.8255 -0.1832 -0.0394, 0.8217 -0.1863 -0.0394, 0.8377 -0.168 -0.0394, 0.8352 -0.1722 -0.0394, 0.8323 -0.1761 -0.0394, 0.8432 -0.1544 -0.0394, 0.8418 -0.1591 -0.0394, 0.8399 -0.1637 -0.0394, 0.8451 -0.1399 -0.0394, 0.8449 -0.1448 -0.0394, 0.8442 -0.1497 -0.0394, 0.8432 -0.1254 -0.0394, 0.8442 -0.1302 -0.0394, 0.8449 -0.135 -0.0394, 0.8377 -0.1118 -0.0394, 0.8399 -0.1162 -0.0394, 0.8418 -0.1207 -0.0394, 0.829 -0.1 -0.0394, 0.8323 -0.1037 -0.0394, 0.8352 -0.1076 -0.0394, 0.8176 -0.0908 -0.0394, 0.8217 -0.0936 -0.0394, 0.8255 -0.0966 -0.0394, 0.8043 -0.0848 -0.0394, 0.8089 -0.0864 -0.0394, 0.8134 -0.0884 -0.0394, 0.7898 -0.0823 -0.0394, 0.7947 -0.0827 -0.0394, 0.7995 -0.0836 -0.0394, 0.7753 -0.0836 -0.0394, 0.7801 -0.0827 -0.0394, 0.785 -0.0823 -0.0394, 0.7614 -0.0884 -0.0394, 0.7659 -0.0864 -0.0394, 0.7705 -0.0848 -0.0394, 0.7493 -0.0966 -0.0394, 0.7531 -0.0936 -0.0394, 0.7572 -0.0908 -0.0394, 0.7396 -0.1076 -0.0394, 0.7425 -0.1037 -0.0394, 0.7458 -0.1 -0.0394, 0.733 -0.1207 -0.0394, 0.7349 -0.1162 -0.0394, 0.7371 -0.1118 -0.0394, 0.7306 -0.1302 -0.0394, 0.7316 -0.1254 -0.0394, 0.7874 -0.1399 0.0394, 0.6923 -0.1236 -0.0064, 0.694 -0.1156 -0.0064, 0.6995 -0.1002 -0.0064, 0.7074 -0.0859 -0.0064, 0.7177 -0.0731 -0.0064, 0.7236 -0.0675 -0.0064, 0.7368 -0.0577 -0.0064, 0.7514 -0.0504 -0.0064, 0.7671 -0.0456 -0.0064, 0.7751 -0.0442 -0.0064, 0.7915 -0.0435 -0.0064, 0.8077 -0.0456 -0.0064, 0.8234 -0.0504 -0.0064, 0.8308 -0.0537 -0.0064, 0.8448 -0.0623 -0.0064, 0.8571 -0.0731 -0.0064, 0.8674 -0.0859 -0.0064, 0.8717 -0.0929 -0.0064, 0.8784 -0.1078 -0.0064, 0.8825 -0.1236 -0.0064, 0.8839 -0.1399 -0.0064, 0.8836 -0.1481 -0.0064, 0.8808 -0.1642 -0.0064, 0.8784 -0.1721 -0.0064, 0.8753 -0.1797 -0.0064, 0.8674 -0.194 -0.0064, 0.8625 -0.2005 -0.0064, 0.8512 -0.2124 -0.0064, 0.8448 -0.2175 -0.0064, 0.838 -0.2221 -0.0064, 0.8234 -0.2295 -0.0064, 0.8157 -0.2322 -0.0064, 0.7997 -0.2356 -0.0064, 0.7915 -0.2363 -0.0064, 0.7833 -0.2363 -0.0064, 0.7671 -0.2343 -0.0064, 0.744 -0.2261 -0.0064, 0.7368 -0.2221 -0.0064, 0.73 -0.2175 -0.0064, 0.7177 -0.2067 -0.0064, 0.7032 -0.187 -0.0064, 0.6995 -0.1797 -0.0064, 0.6964 -0.1721 -0.0064, 0.6923 -0.1562 -0.0064, 0.7249 -0.1452 -0.039, 0.7256 -0.1505 -0.039, 0.72 -0.1457 -0.0381, 0.7207 -0.1513 -0.0381, 0.7153 -0.1461 -0.0365, 0.716 -0.1522 -0.0365, 0.7107 -0.1464 -0.0343, 0.7116 -0.1529 -0.0343, 0.7065 -0.1468 -0.0316, 0.7074 -0.1536 -0.0316, 0.7027 -0.1471 -0.0283, 0.7036 -0.1543 -0.0283, 0.6993 -0.1474 -0.0246, 0.7003 -0.1549 -0.0246, 0.6964 -0.1477 -0.0205, 0.6974 -0.1553 -0.0205, 0.6941 -0.1479 -0.016, 0.6951 -0.1557 -0.016, 0.6924 -0.148 -0.0113, 0.6934 -0.156 -0.0113, 0.6912 -0.1481 -0.0064, 0.7386 -0.1793 -0.039, 0.7421 -0.1833 -0.039, 0.7348 -0.1824 -0.0381, 0.7386 -0.1867 -0.0381, 0.7311 -0.1854 -0.0365, 0.7351 -0.19 -0.0365, 0.7275 -0.1883 -0.0343, 0.7319 -0.1932 -0.0343, 0.7243 -0.1909 -0.0316, 0.7288 -0.1961 -0.0316, 0.7213 -0.1933 -0.0283, 0.726 -0.1987 -0.0283, 0.7186 -0.1955 -0.0246, 0.7236 -0.2011 -0.0246, 0.7164 -0.1973 -0.0205, 0.7215 -0.2031 -0.0205, 0.7146 -0.1987 -0.016, 0.7198 -0.2047 -0.016, 0.7132 -0.1998 -0.0113, 0.7185 -0.2059 -0.0113, 0.7123 -0.2005 -0.0064, 0.769 -0.1999 -0.039, 0.7742 -0.2012 -0.039, 0.7676 -0.2046 -0.0381, 0.7732 -0.206 -0.0381, 0.7662 -0.2091 -0.0365, 0.7721 -0.2107 -0.0365, 0.7649 -0.2135 -0.0343, 0.7712 -0.2151 -0.0343, 0.7636 -0.2175 -0.0316, 0.7703 -0.2193 -0.0316, 0.7625 -0.2212 -0.0283, 0.7695 -0.223 -0.0283, 0.7615 -0.2244 -0.0246, 0.7688 -0.2263 -0.0246, 0.7607 -0.2272 -0.0205, 0.7682 -0.2292 -0.0205, 0.76 -0.2294 -0.016, 0.7677 -0.2314 -0.016, 0.7595 -0.2311 -0.0113, 0.7673 -0.2332 -0.0113, 0.7591 -0.2322 -0.0064, 0.8481 -0.1241 -0.039, 0.8465 -0.119 -0.039, 0.8528 -0.1229 -0.0381, 0.8512 -0.1174 -0.0381, 0.8575 -0.1217 -0.0365, 0.8557 -0.1158 -0.0365, 0.8619 -0.1205 -0.0343, 0.8599 -0.1143 -0.0343, 0.8659 -0.1195 -0.0316, 0.8639 -0.1129 -0.0316, 0.8697 -0.1185 -0.0283, 0.8676 -0.1116 -0.0283, 0.8729 -0.1176 -0.0246, 0.8707 -0.1105 -0.0246, 0.8757 -0.1169 -0.0205, 0.8735 -0.1095 -0.0205, 0.878 -0.1163 -0.016, 0.8757 -0.1087 -0.016, 0.8797 -0.1159 -0.0113, 0.8773 -0.1081 -0.0113, 0.8808 -0.1156 -0.0064, 0.8288 -0.0929 -0.039, 0.8247 -0.0895 -0.039, 0.8321 -0.0892 -0.0381, 0.8276 -0.0855 -0.0381, 0.8352 -0.0856 -0.0365, 0.8305 -0.0817 -0.0365, 0.8382 -0.0822 -0.0343, 0.8332 -0.0781 -0.0343, 0.841 -0.079 -0.0316, 0.8357 -0.0747 -0.0316, 0.8436 -0.0761 -0.0283, 0.8379 -0.0716 -0.0283, 0.8458 -0.0736 -0.0246, 0.84 -0.0688 -0.0246, 0.8477 -0.0714 -0.0205, 0.8417 -0.0665 -0.0205, 0.8493 -0.0696 -0.016, 0.8431 -0.0646 -0.016, 0.8504 -0.0683 -0.0113, 0.8441 -0.0632 -0.0113, 0.8512 -0.0675 -0.0064, 0.7954 -0.0777 -0.039, 0.7901 -0.0773 -0.039, 0.796 -0.0728 -0.0381, 0.7903 -0.0724 -0.0381, 0.7966 -0.0681 -0.0365, 0.7905 -0.0676 -0.0365, 0.7972 -0.0636 -0.0343, 0.7907 -0.063 -0.0343, 0.7977 -0.0594 -0.0316, 0.7908 -0.0588 -0.0316, 0.7982 -0.0556 -0.0283, 0.791 -0.055 -0.0283, 0.7986 -0.0522 -0.0246, 0.7912 -0.0516 -0.0246, 0.799 -0.0494 -0.0205, 0.7913 -0.0487 -0.0205, 0.7993 -0.0471 -0.016, 0.7914 -0.0464 -0.016, 0.7995 -0.0453 -0.0113, 0.7914 -0.0446 -0.0113, 0.7997 -0.0442 -0.0064, 0.7592 -0.0839 -0.039, 0.7545 -0.0865 -0.039, 0.757 -0.0795 -0.0381, 0.7519 -0.0823 -0.0381, 0.7548 -0.0753 -0.0365, 0.7494 -0.0783 -0.0365, 0.7528 -0.0712 -0.0343, 0.7471 -0.0744 -0.0343, 0.7509 -0.0674 -0.0316, 0.7448 -0.0708 -0.0316, 0.7491 -0.064 -0.0283, 0.7428 -0.0675 -0.0283, 0.7476 -0.061 -0.0246, 0.7411 -0.0646 -0.0246, 0.7463 -0.0584 -0.0205, 0.7395 -0.0622 -0.0205, 0.7453 -0.0563 -0.016, 0.7383 -0.0602 -0.016, 0.7445 -0.0548 -0.0113, 0.7374 -0.0587 -0.0113, 0.744 -0.0537 -0.0064, 0.7327 -0.1093 -0.039, 0.7303 -0.1141 -0.039, 0.7284 -0.1069 -0.0381, 0.7258 -0.1121 -0.0381, 0.7242 -0.1046 -0.0365, 0.7214 -0.1101 -0.0365, 0.7202 -0.1024 -0.0343, 0.7173 -0.1082 -0.0343, 0.7165 -0.1003 -0.0316, 0.7134 -0.1065 -0.0316, 0.7132 -0.0985 -0.0283, 0.7099 -0.1049 -0.0283, 0.7102 -0.0968 -0.0246, 0.7069 -0.1035 -0.0246, 0.7077 -0.0954 -0.0205, 0.7042 -0.1023 -0.0205, 0.7057 -0.0943 -0.016, 0.7021 -0.1014 -0.016, 0.7041 -0.0934 -0.0113, 0.7005 -0.1006 -0.0113, 0.7032 -0.0929 -0.0064, 0.7247 -0.1399 -0.039, 0.7198 -0.1399 -0.0381, 0.715 -0.1399 -0.0365, 0.7105 -0.1399 -0.0343, 0.7062 -0.1399 -0.0316, 0.7024 -0.1399 -0.0283, 0.699 -0.1399 -0.0246, 0.6961 -0.1399 -0.0205, 0.6938 -0.1399 -0.016, 0.692 -0.1399 -0.0113, 0.6909 -0.1399 -0.0064, 0.694 -0.1642 -0.0064, 0.6951 -0.164 -0.0113, 0.6968 -0.1635 -0.016, 0.6991 -0.1629 -0.0205, 0.7019 -0.1622 -0.0246, 0.7051 -0.1613 -0.0283, 0.7089 -0.1604 -0.0316, 0.7129 -0.1593 -0.0343, 0.7173 -0.1582 -0.0365, 0.722 -0.157 -0.0381, 0.7267 -0.1557 -0.039, 0.7283 -0.1608 -0.039, 0.7236 -0.1624 -0.0381, 0.7191 -0.164 -0.0365, 0.7149 -0.1656 -0.0343, 0.7109 -0.167 -0.0316, 0.7073 -0.1682 -0.0283, 0.7041 -0.1694 -0.0246, 0.7013 -0.1703 -0.0205, 0.6991 -0.1711 -0.016, 0.6975 -0.1717 -0.0113, 0.7005 -0.1792 -0.0113, 0.7021 -0.1785 -0.016, 0.7042 -0.1775 -0.0205, 0.7069 -0.1763 -0.0246, 0.7099 -0.1749 -0.0283, 0.7134 -0.1734 -0.0316, 0.7173 -0.1716 -0.0343, 0.7214 -0.1697 -0.0365, 0.7258 -0.1678 -0.0381, 0.7303 -0.1657 -0.039, 0.7041 -0.1864 -0.0113, 0.7057 -0.1856 -0.016, 0.7077 -0.1844 -0.0205, 0.7102 -0.183 -0.0246, 0.7132 -0.1814 -0.0283, 0.7165 -0.1795 -0.0316, 0.7202 -0.1774 -0.0343, 0.7242 -0.1752 -0.0365, 0.7284 -0.1729 -0.0381, 0.7327 -0.1705 -0.039, 0.7074 -0.194 -0.0064, 0.7084 -0.1933 -0.0113, 0.7098 -0.1923 -0.016, 0.7118 -0.191 -0.0205, 0.7142 -0.1894 -0.0246, 0.717 -0.1875 -0.0283, 0.7202 -0.1854 -0.0316, 0.7237 -0.183 -0.0343, 0.7274 -0.1805 -0.0365, 0.7314 -0.1778 -0.0381, 0.7355 -0.175 -0.039, 0.7236 -0.2124 -0.0064, 0.7244 -0.2115 -0.0113, 0.7255 -0.2102 -0.016, 0.7271 -0.2084 -0.0205, 0.729 -0.2063 -0.0246, 0.7312 -0.2037 -0.0283, 0.7338 -0.2008 -0.0316, 0.7366 -0.1977 -0.0343, 0.7396 -0.1943 -0.0365, 0.7427 -0.1907 -0.0381, 0.746 -0.187 -0.039, 0.7501 -0.1903 -0.039, 0.7472 -0.1943 -0.0381, 0.7443 -0.1981 -0.0365, 0.7416 -0.2018 -0.0343, 0.7391 -0.2052 -0.0316, 0.7369 -0.2083 -0.0283, 0.7348 -0.211 -0.0246, 0.7331 -0.2133 -0.0205, 0.7317 -0.2152 -0.016, 0.7307 -0.2166 -0.0113, 0.7374 -0.2211 -0.0113, 0.7383 -0.2196 -0.016, 0.7395 -0.2176 -0.0205, 0.7411 -0.2152 -0.0246, 0.7428 -0.2123 -0.0283, 0.7448 -0.209 -0.0316, 0.7471 -0.2054 -0.0343, 0.7494 -0.2016 -0.0365, 0.7519 -0.1975 -0.0381, 0.7545 -0.1933 -0.039, 0.7445 -0.2251 -0.0113, 0.7453 -0.2235 -0.016, 0.7463 -0.2214 -0.0205, 0.7476 -0.2188 -0.0246, 0.7491 -0.2158 -0.0283, 0.7509 -0.2124 -0.0316, 0.7528 -0.2086 -0.0343, 0.7548 -0.2046 -0.0365, 0.757 -0.2003 -0.0381, 0.7592 -0.1959 -0.039, 0.7514 -0.2295 -0.0064, 0.7518 -0.2284 -0.0113, 0.7525 -0.2268 -0.016, 0.7534 -0.2246 -0.0205, 0.7544 -0.2219 -0.0246, 0.7557 -0.2188 -0.0283, 0.7571 -0.2152 -0.0316, 0.7587 -0.2113 -0.0343, 0.7604 -0.2071 -0.0365, 0.7622 -0.2027 -0.0381, 0.764 -0.1981 -0.039, 0.7751 -0.2356 -0.0064, 0.7753 -0.2345 -0.0113, 0.7755 -0.2328 -0.016, 0.7758 -0.2305 -0.0205, 0.7762 -0.2276 -0.0246, 0.7766 -0.2242 -0.0283, 0.7771 -0.2204 -0.0316, 0.7776 -0.2162 -0.0343, 0.7782 -0.2117 -0.0365, 0.7788 -0.207 -0.0381, 0.7794 -0.2021 -0.039, 0.7847 -0.2025 -0.039, 0.7845 -0.2075 -0.0381, 0.7843 -0.2123 -0.0365, 0.7841 -0.2168 -0.0343, 0.784 -0.221 -0.0316, 0.7838 -0.2248 -0.0283, 0.7837 -0.2282 -0.0246, 0.7835 -0.2311 -0.0205, 0.7834 -0.2335 -0.016, 0.7834 -0.2352 -0.0113, 0.7914 -0.2352 -0.0113, 0.7914 -0.2335 -0.016, 0.7913 -0.2311 -0.0205, 0.7912 -0.2282 -0.0246, 0.791 -0.2248 -0.0283, 0.7908 -0.221 -0.0316, 0.7907 -0.2168 -0.0343, 0.7905 -0.2123 -0.0365, 0.7903 -0.2075 -0.0381, 0.7901 -0.2025 -0.039, 0.7995 -0.2345 -0.0113, 0.7993 -0.2328 -0.016, 0.799 -0.2305 -0.0205, 0.7986 -0.2276 -0.0246, 0.7982 -0.2242 -0.0283, 0.7977 -0.2204 -0.0316, 0.7972 -0.2162 -0.0343, 0.7966 -0.2117 -0.0365, 0.796 -0.207 -0.0381, 0.7954 -0.2021 -0.039, 0.8077 -0.2343 -0.0064, 0.8075 -0.2332 -0.0113, 0.8071 -0.2314 -0.016, 0.8066 -0.2292 -0.0205, 0.806 -0.2263 -0.0246, 0.8053 -0.223 -0.0283, 0.8045 -0.2193 -0.0316, 0.8036 -0.2151 -0.0343, 0.8027 -0.2107 -0.0365, 0.8016 -0.206 -0.0381, 0.8006 -0.2012 -0.039, 0.8058 -0.1999 -0.039, 0.8072 -0.2046 -0.0381, 0.8086 -0.2091 -0.0365, 0.8099 -0.2135 -0.0343, 0.8112 -0.2175 -0.0316, 0.8123 -0.2212 -0.0283, 0.8133 -0.2244 -0.0246, 0.8141 -0.2272 -0.0205, 0.8148 -0.2294 -0.016, 0.8153 -0.2311 -0.0113, 0.823 -0.2284 -0.0113, 0.8223 -0.2268 -0.016, 0.8214 -0.2246 -0.0205, 0.8204 -0.2219 -0.0246, 0.8191 -0.2188 -0.0283, 0.8177 -0.2152 -0.0316, 0.8161 -0.2113 -0.0343, 0.8144 -0.2071 -0.0365, 0.8126 -0.2027 -0.0381, 0.8108 -0.1981 -0.039, 0.8308 -0.2261 -0.0064, 0.8303 -0.2251 -0.0113, 0.8296 -0.2235 -0.016, 0.8285 -0.2214 -0.0205, 0.8272 -0.2188 -0.0246, 0.8257 -0.2158 -0.0283, 0.8239 -0.2124 -0.0316, 0.822 -0.2086 -0.0343, 0.82 -0.2046 -0.0365, 0.8178 -0.2003 -0.0381, 0.8156 -0.1959 -0.039, 0.8203 -0.1933 -0.039, 0.8229 -0.1975 -0.0381, 0.8254 -0.2016 -0.0365, 0.8277 -0.2054 -0.0343, 0.83 -0.209 -0.0316, 0.832 -0.2123 -0.0283, 0.8337 -0.2152 -0.0246, 0.8353 -0.2176 -0.0205, 0.8365 -0.2196 -0.016, 0.8374 -0.2211 -0.0113, 0.8441 -0.2166 -0.0113, 0.8431 -0.2152 -0.016, 0.8417 -0.2133 -0.0205, 0.84 -0.211 -0.0246, 0.8379 -0.2083 -0.0283, 0.8357 -0.2052 -0.0316, 0.8332 -0.2018 -0.0343, 0.8305 -0.1981 -0.0365, 0.8276 -0.1943 -0.0381, 0.8247 -0.1903 -0.039, 0.8504 -0.2115 -0.0113, 0.8493 -0.2102 -0.016, 0.8477 -0.2084 -0.0205, 0.8458 -0.2063 -0.0246, 0.8436 -0.2037 -0.0283, 0.841 -0.2008 -0.0316, 0.8382 -0.1977 -0.0343, 0.8352 -0.1943 -0.0365, 0.8321 -0.1907 -0.0381, 0.8288 -0.187 -0.039, 0.8571 -0.2067 -0.0064, 0.8563 -0.2059 -0.0113, 0.855 -0.2047 -0.016, 0.8533 -0.2031 -0.0205, 0.8512 -0.2011 -0.0246, 0.8488 -0.1987 -0.0283, 0.846 -0.1961 -0.0316, 0.843 -0.1932 -0.0343, 0.8397 -0.19 -0.0365, 0.8362 -0.1867 -0.0381, 0.8327 -0.1833 -0.039, 0.8362 -0.1793 -0.039, 0.84 -0.1824 -0.0381, 0.8437 -0.1854 -0.0365, 0.8473 -0.1883 -0.0343, 0.8506 -0.1909 -0.0316, 0.8535 -0.1933 -0.0283, 0.8562 -0.1955 -0.0246, 0.8584 -0.1973 -0.0205, 0.8602 -0.1987 -0.016, 0.8616 -0.1998 -0.0113, 0.8664 -0.1933 -0.0113, 0.865 -0.1923 -0.016, 0.863 -0.191 -0.0205, 0.8606 -0.1894 -0.0246, 0.8578 -0.1875 -0.0283, 0.8546 -0.1854 -0.0316, 0.8511 -0.183 -0.0343, 0.8474 -0.1805 -0.0365, 0.8434 -0.1778 -0.0381, 0.8393 -0.175 -0.039, 0.8717 -0.187 -0.0064, 0.8707 -0.1864 -0.0113, 0.8691 -0.1856 -0.016, 0.8671 -0.1844 -0.0205, 0.8646 -0.183 -0.0246, 0.8616 -0.1814 -0.0283, 0.8583 -0.1795 -0.0316, 0.8546 -0.1774 -0.0343, 0.8506 -0.1752 -0.0365, 0.8464 -0.1729 -0.0381, 0.8421 -0.1705 -0.039, 0.8445 -0.1657 -0.039, 0.849 -0.1678 -0.0381, 0.8534 -0.1697 -0.0365, 0.8575 -0.1716 -0.0343, 0.8614 -0.1734 -0.0316, 0.8649 -0.1749 -0.0283, 0.868 -0.1763 -0.0246, 0.8706 -0.1775 -0.0205, 0.8727 -0.1785 -0.016, 0.8743 -0.1792 -0.0113, 0.8773 -0.1717 -0.0113, 0.8757 -0.1711 -0.016, 0.8735 -0.1703 -0.0205, 0.8707 -0.1694 -0.0246, 0.8676 -0.1682 -0.0283, 0.8639 -0.167 -0.0316, 0.8599 -0.1656 -0.0343, 0.8557 -0.164 -0.0365, 0.8512 -0.1624 -0.0381, 0.8465 -0.1608 -0.039, 0.8797 -0.164 -0.0113, 0.878 -0.1635 -0.016, 0.8757 -0.1629 -0.0205, 0.8729 -0.1622 -0.0246, 0.8697 -0.1613 -0.0283, 0.8659 -0.1604 -0.0316, 0.8619 -0.1593 -0.0343, 0.8575 -0.1582 -0.0365, 0.8528 -0.157 -0.0381, 0.8481 -0.1557 -0.039, 0.8825 -0.1562 -0.0064, 0.8814 -0.156 -0.0113, 0.8797 -0.1557 -0.016, 0.8774 -0.1553 -0.0205, 0.8745 -0.1549 -0.0246, 0.8712 -0.1543 -0.0283, 0.8674 -0.1536 -0.0316, 0.8632 -0.1529 -0.0343, 0.8588 -0.1522 -0.0365, 0.8541 -0.1513 -0.0381, 0.8492 -0.1505 -0.039, 0.8499 -0.1452 -0.039, 0.8548 -0.1457 -0.0381, 0.8595 -0.1461 -0.0365, 0.8641 -0.1464 -0.0343, 0.8683 -0.1468 -0.0316, 0.8721 -0.1471 -0.0283, 0.8755 -0.1474 -0.0246, 0.8784 -0.1477 -0.0205, 0.8807 -0.1479 -0.016, 0.8824 -0.148 -0.0113, 0.8828 -0.1399 -0.0113, 0.881 -0.1399 -0.016, 0.8787 -0.1399 -0.0205, 0.8758 -0.1399 -0.0246, 0.8724 -0.1399 -0.0283, 0.8686 -0.1399 -0.0316, 0.8643 -0.1399 -0.0343, 0.8598 -0.1399 -0.0365, 0.855 -0.1399 -0.0381, 0.8501 -0.1399 -0.039, 0.8836 -0.1317 -0.0064, 0.8824 -0.1318 -0.0113, 0.8807 -0.132 -0.016, 0.8784 -0.1322 -0.0205, 0.8755 -0.1324 -0.0246, 0.8721 -0.1327 -0.0283, 0.8683 -0.133 -0.0316, 0.8641 -0.1334 -0.0343, 0.8595 -0.1338 -0.0365, 0.8548 -0.1342 -0.0381, 0.8499 -0.1346 -0.039, 0.8492 -0.1293 -0.039, 0.8541 -0.1285 -0.0381, 0.8588 -0.1277 -0.0365, 0.8632 -0.1269 -0.0343, 0.8674 -0.1262 -0.0316, 0.8712 -0.1256 -0.0283, 0.8745 -0.125 -0.0246, 0.8774 -0.1245 -0.0205, 0.8797 -0.1241 -0.016, 0.8814 -0.1238 -0.0113, 0.8753 -0.1002 -0.0064, 0.8743 -0.1006 -0.0113, 0.8727 -0.1014 -0.016, 0.8706 -0.1023 -0.0205, 0.868 -0.1035 -0.0246, 0.8649 -0.1049 -0.0283, 0.8614 -0.1065 -0.0316, 0.8575 -0.1082 -0.0343, 0.8534 -0.1101 -0.0365, 0.849 -0.1121 -0.0381, 0.8445 -0.1141 -0.039, 0.8421 -0.1093 -0.039, 0.8464 -0.1069 -0.0381, 0.8506 -0.1046 -0.0365, 0.8546 -0.1024 -0.0343, 0.8583 -0.1003 -0.0316, 0.8616 -0.0985 -0.0283, 0.8646 -0.0968 -0.0246, 0.8671 -0.0954 -0.0205, 0.8691 -0.0943 -0.016, 0.8707 -0.0934 -0.0113, 0.8664 -0.0865 -0.0113, 0.865 -0.0875 -0.016, 0.863 -0.0888 -0.0205, 0.8606 -0.0904 -0.0246, 0.8578 -0.0923 -0.0283, 0.8546 -0.0945 -0.0316, 0.8511 -0.0968 -0.0343, 0.8474 -0.0994 -0.0365, 0.8434 -0.1021 -0.0381, 0.8393 -0.1048 -0.039, 0.8625 -0.0793 -0.0064, 0.8616 -0.08 -0.0113, 0.8602 -0.0811 -0.016, 0.8584 -0.0826 -0.0205, 0.8562 -0.0844 -0.0246, 0.8535 -0.0865 -0.0283, 0.8506 -0.0889 -0.0316, 0.8473 -0.0916 -0.0343, 0.8437 -0.0944 -0.0365, 0.84 -0.0974 -0.0381, 0.8362 -0.1005 -0.039, 0.8327 -0.0965 -0.039, 0.8362 -0.0931 -0.0381, 0.8397 -0.0898 -0.0365, 0.843 -0.0867 -0.0343, 0.846 -0.0838 -0.0316, 0.8488 -0.0811 -0.0283, 0.8512 -0.0788 -0.0246, 0.8533 -0.0768 -0.0205, 0.855 -0.0751 -0.016, 0.8563 -0.0739 -0.0113, 0.838 -0.0577 -0.0064, 0.8374 -0.0587 -0.0113, 0.8365 -0.0602 -0.016, 0.8353 -0.0622 -0.0205, 0.8337 -0.0646 -0.0246, 0.832 -0.0675 -0.0283, 0.83 -0.0708 -0.0316, 0.8277 -0.0744 -0.0343, 0.8254 -0.0783 -0.0365, 0.8229 -0.0823 -0.0381, 0.8203 -0.0865 -0.039, 0.8156 -0.0839 -0.039, 0.8178 -0.0795 -0.0381, 0.82 -0.0753 -0.0365, 0.822 -0.0712 -0.0343, 0.8239 -0.0674 -0.0316, 0.8257 -0.064 -0.0283, 0.8272 -0.061 -0.0246, 0.8285 -0.0584 -0.0205, 0.8296 -0.0563 -0.016, 0.8303 -0.0548 -0.0113, 0.823 -0.0514 -0.0113, 0.8223 -0.053 -0.016, 0.8214 -0.0552 -0.0205, 0.8204 -0.0579 -0.0246, 0.8191 -0.061 -0.0283, 0.8177 -0.0646 -0.0316, 0.8161 -0.0685 -0.0343, 0.8144 -0.0727 -0.0365, 0.8126 -0.0772 -0.0381, 0.8108 -0.0818 -0.039, 0.8157 -0.0476 -0.0064, 0.8153 -0.0487 -0.0113, 0.8148 -0.0504 -0.016, 0.8141 -0.0526 -0.0205, 0.8133 -0.0554 -0.0246, 0.8123 -0.0586 -0.0283, 0.8112 -0.0623 -0.0316, 0.8099 -0.0663 -0.0343, 0.8086 -0.0707 -0.0365, 0.8072 -0.0753 -0.0381, 0.8058 -0.08 -0.039, 0.8006 -0.0786 -0.039, 0.8016 -0.0738 -0.0381, 0.8027 -0.0691 -0.0365, 0.8036 -0.0647 -0.0343, 0.8045 -0.0606 -0.0316, 0.8053 -0.0568 -0.0283, 0.806 -0.0535 -0.0246, 0.8066 -0.0507 -0.0205, 0.8071 -0.0484 -0.016, 0.8075 -0.0467 -0.0113, 0.7833 -0.0435 -0.0064, 0.7834 -0.0446 -0.0113, 0.7834 -0.0464 -0.016, 0.7835 -0.0487 -0.0205, 0.7837 -0.0516 -0.0246, 0.7838 -0.055 -0.0283, 0.784 -0.0588 -0.0316, 0.7841 -0.063 -0.0343, 0.7843 -0.0676 -0.0365, 0.7845 -0.0724 -0.0381, 0.7847 -0.0773 -0.039, 0.7794 -0.0777 -0.039, 0.7788 -0.0728 -0.0381, 0.7782 -0.0681 -0.0365, 0.7776 -0.0636 -0.0343, 0.7771 -0.0594 -0.0316, 0.7766 -0.0556 -0.0283, 0.7762 -0.0522 -0.0246, 0.7758 -0.0494 -0.0205, 0.7755 -0.0471 -0.016, 0.7753 -0.0453 -0.0113, 0.7673 -0.0467 -0.0113, 0.7677 -0.0484 -0.016, 0.7682 -0.0507 -0.0205, 0.7688 -0.0535 -0.0246, 0.7695 -0.0568 -0.0283, 0.7703 -0.0606 -0.0316, 0.7712 -0.0647 -0.0343, 0.7721 -0.0691 -0.0365, 0.7732 -0.0738 -0.0381, 0.7742 -0.0786 -0.039, 0.7591 -0.0476 -0.0064, 0.7595 -0.0487 -0.0113, 0.76 -0.0504 -0.016, 0.7607 -0.0526 -0.0205, 0.7615 -0.0554 -0.0246, 0.7625 -0.0586 -0.0283, 0.7636 -0.0623 -0.0316, 0.7649 -0.0663 -0.0343, 0.7662 -0.0707 -0.0365, 0.7676 -0.0753 -0.0381, 0.769 -0.08 -0.039, 0.764 -0.0818 -0.039, 0.7622 -0.0772 -0.0381, 0.7604 -0.0727 -0.0365, 0.7587 -0.0685 -0.0343, 0.7571 -0.0646 -0.0316, 0.7557 -0.061 -0.0283, 0.7544 -0.0579 -0.0246, 0.7534 -0.0552 -0.0205, 0.7525 -0.053 -0.016, 0.7518 -0.0514 -0.0113, 0.73 -0.0623 -0.0064, 0.7307 -0.0632 -0.0113, 0.7317 -0.0646 -0.016, 0.7331 -0.0665 -0.0205, 0.7348 -0.0688 -0.0246, 0.7369 -0.0716 -0.0283, 0.7391 -0.0747 -0.0316, 0.7416 -0.0781 -0.0343, 0.7443 -0.0817 -0.0365, 0.7472 -0.0855 -0.0381, 0.7501 -0.0895 -0.039, 0.746 -0.0929 -0.039, 0.7427 -0.0892 -0.0381, 0.7396 -0.0856 -0.0365, 0.7366 -0.0822 -0.0343, 0.7338 -0.079 -0.0316, 0.7312 -0.0761 -0.0283, 0.729 -0.0736 -0.0246, 0.7271 -0.0714 -0.0205, 0.7255 -0.0696 -0.016, 0.7244 -0.0683 -0.0113, 0.7185 -0.0739 -0.0113, 0.7198 -0.0751 -0.016, 0.7215 -0.0768 -0.0205, 0.7236 -0.0788 -0.0246, 0.726 -0.0811 -0.0283, 0.7288 -0.0838 -0.0316, 0.7319 -0.0867 -0.0343, 0.7351 -0.0898 -0.0365, 0.7386 -0.0931 -0.0381, 0.7421 -0.0965 -0.039, 0.7123 -0.0793 -0.0064, 0.7132 -0.08 -0.0113, 0.7146 -0.0811 -0.016, 0.7164 -0.0826 -0.0205, 0.7186 -0.0844 -0.0246, 0.7213 -0.0865 -0.0283, 0.7243 -0.0889 -0.0316, 0.7275 -0.0916 -0.0343, 0.7311 -0.0944 -0.0365, 0.7348 -0.0974 -0.0381, 0.7386 -0.1005 -0.039, 0.7355 -0.1048 -0.039, 0.7314 -0.1021 -0.0381, 0.7274 -0.0994 -0.0365, 0.7237 -0.0968 -0.0343, 0.7202 -0.0945 -0.0316, 0.717 -0.0923 -0.0283, 0.7142 -0.0904 -0.0246, 0.7118 -0.0888 -0.0205, 0.7098 -0.0875 -0.016, 0.7084 -0.0865 -0.0113, 0.6964 -0.1078 -0.0064, 0.6975 -0.1081 -0.0113, 0.6991 -0.1087 -0.016, 0.7013 -0.1095 -0.0205, 0.7041 -0.1105 -0.0246, 0.7073 -0.1116 -0.0283, 0.7109 -0.1129 -0.0316, 0.7149 -0.1143 -0.0343, 0.7191 -0.1158 -0.0365, 0.7236 -0.1174 -0.0381, 0.7283 -0.119 -0.039, 0.7267 -0.1241 -0.039, 0.722 -0.1229 -0.0381, 0.7173 -0.1217 -0.0365, 0.7129 -0.1205 -0.0343, 0.7089 -0.1195 -0.0316, 0.7051 -0.1185 -0.0283, 0.7019 -0.1176 -0.0246, 0.6991 -0.1169 -0.0205, 0.6968 -0.1163 -0.016, 0.6951 -0.1159 -0.0113, 0.6934 -0.1238 -0.0113, 0.6951 -0.1241 -0.016, 0.6974 -0.1245 -0.0205, 0.7003 -0.125 -0.0246, 0.7036 -0.1256 -0.0283, 0.7074 -0.1262 -0.0316, 0.7116 -0.1269 -0.0343, 0.716 -0.1277 -0.0365, 0.7207 -0.1285 -0.0381, 0.7256 -0.1293 -0.039, 0.6912 -0.1317 -0.0064, 0.6924 -0.1318 -0.0113, 0.6941 -0.132 -0.016, 0.6964 -0.1322 -0.0205, 0.6993 -0.1324 -0.0246, 0.7027 -0.1327 -0.0283, 0.7065 -0.133 -0.0316, 0.7107 -0.1334 -0.0343, 0.7153 -0.1338 -0.0365, 0.72 -0.1342 -0.0381, 0.7249 -0.1346 -0.039
            ]
        }
        coordIndex [
            0,1,2,-1,3,4,5,-1,6,7,8,-1,9,10,11,-1,12,13,14,-1,15,16,17,-1,18,19,20,-1,21,22,23,-1,24,25,26,-1,27,28,29,-1,29,28,30,-1,31,32,33,-1,31,33,27,-1,27,33,34,-1,27,34,28,-1,32,31,35,-1,35,31,36,-1,35,36,37,-1,26,25,36,-1,36,25,38,-1,36,38,37,-1,24,26,39,-1,39,26,40,-1,39,40,41,-1,42,43,44,-1,42,44,45,-1,44,46,45,-1,45,46,47,-1,45,47,40,-1,40,47,48,-1,40,48,41,-1,43,42,49,-1,49,42,50,-1,49,50,51,-1,23,22,50,-1,50,22,52,-1,50,52,51,-1,21,23,53,-1,53,23,54,-1,53,54,55,-1,56,57,58,-1,56,58,59,-1,58,60,59,-1,59,60,61,-1,59,61,54,-1,54,61,62,-1,54,62,55,-1,57,56,63,-1,63,56,64,-1,63,64,65,-1,20,19,64,-1,64,19,66,-1,64,66,65,-1,18,20,67,-1,67,20,68,-1,67,68,69,-1,70,71,72,-1,70,72,73,-1,72,74,73,-1,73,74,75,-1,73,75,68,-1,68,75,76,-1,68,76,69,-1,71,70,77,-1,77,70,78,-1,77,78,79,-1,17,16,78,-1,78,16,80,-1,78,80,79,-1,15,17,81,-1,81,17,82,-1,81,82,83,-1,84,85,86,-1,84,86,87,-1,86,88,87,-1,87,88,89,-1,87,89,82,-1,82,89,90,-1,82,90,83,-1,85,84,91,-1,91,84,92,-1,91,92,93,-1,14,13,92,-1,92,13,94,-1,92,94,93,-1,12,14,95,-1,95,14,96,-1,95,96,97,-1,98,99,100,-1,98,100,101,-1,100,102,101,-1,101,102,103,-1,101,103,96,-1,96,103,104,-1,96,104,97,-1,99,98,105,-1,105,98,106,-1,105,106,107,-1,11,10,106,-1,106,10,108,-1,106,108,107,-1,9,11,109,-1,109,11,110,-1,109,110,111,-1,111,110,112,-1,112,110,113,-1,112,113,114,-1,115,116,117,-1,115,117,113,-1,113,117,118,-1,113,118,114,-1,116,115,119,-1,119,115,120,-1,119,120,121,-1,8,7,120,-1,120,7,122,-1,120,122,121,-1,6,8,123,-1,123,8,124,-1,123,124,125,-1,125,124,126,-1,126,124,127,-1,126,127,128,-1,129,130,131,-1,129,131,127,-1,127,131,132,-1,127,132,128,-1,130,129,133,-1,133,129,134,-1,133,134,135,-1,5,4,134,-1,134,4,136,-1,134,136,135,-1,3,5,137,-1,137,5,138,-1,137,138,139,-1,139,138,140,-1,140,138,141,-1,140,141,142,-1,143,144,145,-1,143,145,141,-1,141,145,146,-1,141,146,142,-1,144,143,147,-1,147,143,148,-1,147,148,149,-1,150,151,148,-1,148,151,152,-1,148,152,149,-1,153,154,150,-1,150,154,155,-1,150,155,151,-1,156,157,153,-1,153,157,158,-1,153,158,154,-1,159,160,156,-1,156,160,161,-1,156,161,157,-1,159,156,162,-1,162,156,163,-1,162,163,164,-1,164,163,165,-1,164,165,166,-1,2,1,165,-1,165,1,167,-1,165,167,166,-1,0,2,168,-1,168,2,169,-1,168,169,170,-1,170,169,171,-1,171,169,172,-1,171,172,173,-1,30,174,29,-1,29,174,175,-1,29,175,176,-1,176,175,177,-1,176,177,172,-1,172,177,178,-1,172,178,173,-1,179,180,181,-1,179,181,182,-1,183,184,181,-1,181,184,185,-1,181,185,182,-1,186,187,181,-1,181,187,188,-1,181,188,183,-1,189,190,181,-1,181,190,191,-1,181,191,186,-1,192,193,181,-1,181,193,194,-1,181,194,189,-1,195,196,181,-1,181,196,197,-1,181,197,192,-1,198,199,181,-1,181,199,200,-1,181,200,195,-1,201,202,181,-1,181,202,203,-1,181,203,198,-1,204,205,181,-1,181,205,206,-1,181,206,201,-1,207,208,181,-1,181,208,209,-1,181,209,204,-1,210,211,181,-1,181,211,212,-1,181,212,207,-1,213,214,181,-1,181,214,215,-1,181,215,210,-1,216,217,181,-1,181,217,218,-1,181,218,213,-1,219,220,181,-1,181,220,221,-1,181,221,216,-1,222,223,181,-1,181,223,224,-1,181,224,219,-1,225,226,181,-1,181,226,227,-1,181,227,222,-1,228,229,181,-1,181,229,230,-1,181,230,225,-1,231,232,181,-1,181,232,233,-1,181,233,228,-1,234,235,181,-1,181,235,236,-1,181,236,231,-1,237,238,181,-1,181,238,239,-1,181,239,234,-1,240,241,181,-1,181,241,242,-1,181,242,237,-1,243,244,181,-1,181,244,245,-1,181,245,240,-1,246,247,181,-1,181,247,248,-1,181,248,243,-1,249,250,181,-1,181,250,251,-1,181,251,246,-1,180,252,181,-1,181,252,253,-1,181,253,249,-1,176,172,254,-1,176,254,29,-1,36,31,254,-1,254,31,27,-1,254,27,29,-1,45,40,254,-1,254,40,26,-1,254,26,36,-1,23,50,254,-1,254,50,42,-1,254,42,45,-1,56,59,254,-1,254,59,54,-1,254,54,23,-1,68,20,254,-1,254,20,64,-1,254,64,56,-1,78,70,254,-1,254,70,73,-1,254,73,68,-1,87,82,254,-1,254,82,17,-1,254,17,78,-1,14,92,254,-1,254,92,84,-1,254,84,87,-1,98,101,254,-1,254,101,96,-1,254,96,14,-1,110,11,254,-1,254,11,106,-1,254,106,98,-1,120,115,254,-1,254,115,113,-1,254,113,110,-1,127,124,254,-1,254,124,8,-1,254,8,120,-1,5,134,254,-1,254,134,129,-1,254,129,127,-1,143,141,254,-1,254,141,138,-1,254,138,5,-1,153,150,254,-1,254,150,148,-1,254,148,143,-1,165,163,254,-1,254,163,156,-1,254,156,153,-1,172,169,254,-1,254,169,2,-1,254,2,165,-1,174,30,255,-1,28,34,256,-1,32,35,257,-1,25,24,258,-1,41,48,259,-1,47,46,260,-1,43,49,261,-1,22,21,262,-1,55,62,263,-1,61,60,264,-1,57,63,265,-1,19,18,266,-1,69,76,267,-1,75,74,268,-1,71,77,269,-1,16,15,270,-1,83,90,271,-1,89,88,272,-1,85,91,273,-1,13,12,274,-1,97,104,275,-1,103,102,276,-1,99,105,277,-1,107,108,278,-1,10,9,279,-1,111,112,280,-1,114,118,281,-1,116,119,282,-1,121,122,283,-1,7,6,284,-1,125,126,285,-1,128,132,286,-1,130,133,287,-1,135,136,288,-1,4,3,289,-1,139,140,290,-1,144,147,291,-1,149,152,292,-1,151,155,293,-1,158,157,294,-1,162,164,295,-1,166,167,296,-1,1,0,297,-1,170,171,298,-1,182,185,299,-1,299,185,300,-1,299,300,301,-1,301,300,302,-1,301,302,303,-1,303,302,304,-1,303,304,305,-1,305,304,306,-1,305,306,307,-1,307,306,308,-1,307,308,309,-1,309,308,310,-1,309,310,311,-1,311,310,312,-1,311,312,313,-1,313,312,314,-1,313,314,315,-1,315,314,316,-1,315,316,317,-1,317,316,318,-1,317,318,319,-1,319,318,298,-1,191,190,320,-1,320,190,321,-1,320,321,322,-1,322,321,323,-1,322,323,324,-1,324,323,325,-1,324,325,326,-1,326,325,327,-1,326,327,328,-1,328,327,329,-1,328,329,330,-1,330,329,331,-1,330,331,332,-1,332,331,333,-1,332,333,334,-1,334,333,335,-1,334,335,336,-1,336,335,337,-1,336,337,338,-1,338,337,339,-1,338,339,340,-1,340,339,294,-1,196,195,341,-1,341,195,342,-1,341,342,343,-1,343,342,344,-1,343,344,345,-1,345,344,346,-1,345,346,347,-1,347,346,348,-1,347,348,349,-1,349,348,350,-1,349,350,351,-1,351,350,352,-1,351,352,353,-1,353,352,354,-1,353,354,355,-1,355,354,356,-1,355,356,357,-1,357,356,358,-1,357,358,359,-1,359,358,360,-1,359,360,361,-1,361,360,290,-1,219,224,362,-1,362,224,363,-1,362,363,364,-1,364,363,365,-1,364,365,366,-1,366,365,367,-1,366,367,368,-1,368,367,369,-1,368,369,370,-1,370,369,371,-1,370,371,372,-1,372,371,373,-1,372,373,374,-1,374,373,375,-1,374,375,376,-1,376,375,377,-1,376,377,378,-1,378,377,379,-1,378,379,380,-1,380,379,381,-1,380,381,382,-1,382,381,273,-1,230,229,383,-1,383,229,384,-1,383,384,385,-1,385,384,386,-1,385,386,387,-1,387,386,388,-1,387,388,389,-1,389,388,390,-1,389,390,391,-1,391,390,392,-1,391,392,393,-1,393,392,394,-1,393,394,395,-1,395,394,396,-1,395,396,397,-1,397,396,398,-1,397,398,399,-1,399,398,400,-1,399,400,401,-1,401,400,402,-1,401,402,403,-1,403,402,269,-1,235,234,404,-1,404,234,405,-1,404,405,406,-1,406,405,407,-1,406,407,408,-1,408,407,409,-1,408,409,410,-1,410,409,411,-1,410,411,412,-1,412,411,413,-1,412,413,414,-1,414,413,415,-1,414,415,416,-1,416,415,417,-1,416,417,418,-1,418,417,419,-1,418,419,420,-1,420,419,421,-1,420,421,422,-1,422,421,423,-1,422,423,424,-1,424,423,265,-1,240,245,425,-1,425,245,426,-1,425,426,427,-1,427,426,428,-1,427,428,429,-1,429,428,430,-1,429,430,431,-1,431,430,432,-1,431,432,433,-1,433,432,434,-1,433,434,435,-1,435,434,436,-1,435,436,437,-1,437,436,438,-1,437,438,439,-1,439,438,440,-1,439,440,441,-1,441,440,442,-1,441,442,443,-1,443,442,444,-1,443,444,445,-1,445,444,261,-1,251,250,446,-1,446,250,447,-1,446,447,448,-1,448,447,449,-1,448,449,450,-1,450,449,451,-1,450,451,452,-1,452,451,453,-1,452,453,454,-1,454,453,455,-1,454,455,456,-1,456,455,457,-1,456,457,458,-1,458,457,459,-1,458,459,460,-1,460,459,461,-1,460,461,462,-1,462,461,463,-1,462,463,464,-1,464,463,465,-1,464,465,466,-1,466,465,257,-1,179,182,467,-1,467,182,299,-1,467,299,468,-1,468,299,301,-1,468,301,469,-1,469,301,303,-1,469,303,470,-1,470,303,305,-1,470,305,471,-1,471,305,307,-1,471,307,472,-1,472,307,309,-1,472,309,473,-1,473,309,311,-1,473,311,474,-1,474,311,313,-1,474,313,475,-1,475,313,315,-1,475,315,476,-1,476,315,317,-1,476,317,477,-1,477,317,319,-1,477,319,177,-1,177,319,178,-1,298,171,319,-1,319,171,173,-1,319,173,178,-1,168,170,478,-1,478,170,298,-1,478,298,479,-1,479,298,318,-1,479,318,480,-1,480,318,316,-1,480,316,481,-1,481,316,314,-1,481,314,482,-1,482,314,312,-1,482,312,483,-1,483,312,310,-1,483,310,484,-1,484,310,308,-1,484,308,485,-1,485,308,306,-1,485,306,486,-1,486,306,304,-1,486,304,487,-1,487,304,302,-1,487,302,488,-1,488,302,300,-1,488,300,184,-1,184,300,185,-1,184,183,488,-1,488,183,489,-1,488,489,487,-1,487,489,490,-1,487,490,486,-1,486,490,491,-1,486,491,485,-1,485,491,492,-1,485,492,484,-1,484,492,493,-1,484,493,483,-1,483,493,494,-1,483,494,482,-1,482,494,495,-1,482,495,481,-1,481,495,496,-1,481,496,480,-1,480,496,497,-1,480,497,479,-1,479,497,498,-1,479,498,478,-1,478,498,297,-1,478,297,168,-1,168,297,0,-1,167,1,296,-1,296,1,297,-1,296,297,499,-1,499,297,498,-1,499,498,500,-1,500,498,497,-1,500,497,501,-1,501,497,496,-1,501,496,502,-1,502,496,495,-1,502,495,503,-1,503,495,494,-1,503,494,504,-1,504,494,493,-1,504,493,505,-1,505,493,492,-1,505,492,506,-1,506,492,491,-1,506,491,507,-1,507,491,490,-1,507,490,508,-1,508,490,489,-1,508,489,188,-1,188,489,183,-1,164,166,295,-1,295,166,296,-1,295,296,509,-1,509,296,499,-1,509,499,510,-1,510,499,500,-1,510,500,511,-1,511,500,501,-1,511,501,512,-1,512,501,502,-1,512,502,513,-1,513,502,503,-1,513,503,514,-1,514,503,504,-1,514,504,515,-1,515,504,505,-1,515,505,516,-1,516,505,506,-1,516,506,517,-1,517,506,507,-1,517,507,518,-1,518,507,508,-1,518,508,187,-1,187,508,188,-1,159,162,519,-1,519,162,295,-1,519,295,520,-1,520,295,509,-1,520,509,521,-1,521,509,510,-1,521,510,522,-1,522,510,511,-1,522,511,523,-1,523,511,512,-1,523,512,524,-1,524,512,513,-1,524,513,525,-1,525,513,514,-1,525,514,526,-1,526,514,515,-1,526,515,527,-1,527,515,516,-1,527,516,528,-1,528,516,517,-1,528,517,529,-1,529,517,518,-1,529,518,186,-1,186,518,187,-1,186,191,529,-1,529,191,320,-1,529,320,528,-1,528,320,322,-1,528,322,527,-1,527,322,324,-1,527,324,526,-1,526,324,326,-1,526,326,525,-1,525,326,328,-1,525,328,524,-1,524,328,330,-1,524,330,523,-1,523,330,332,-1,523,332,522,-1,522,332,334,-1,522,334,521,-1,521,334,336,-1,521,336,520,-1,520,336,338,-1,520,338,519,-1,519,338,340,-1,519,340,159,-1,159,340,160,-1,294,157,340,-1,340,157,161,-1,340,161,160,-1,154,158,530,-1,530,158,294,-1,530,294,531,-1,531,294,339,-1,531,339,532,-1,532,339,337,-1,532,337,533,-1,533,337,335,-1,533,335,534,-1,534,335,333,-1,534,333,535,-1,535,333,331,-1,535,331,536,-1,536,331,329,-1,536,329,537,-1,537,329,327,-1,537,327,538,-1,538,327,325,-1,538,325,539,-1,539,325,323,-1,539,323,540,-1,540,323,321,-1,540,321,189,-1,189,321,190,-1,189,194,540,-1,540,194,541,-1,540,541,539,-1,539,541,542,-1,539,542,538,-1,538,542,543,-1,538,543,537,-1,537,543,544,-1,537,544,536,-1,536,544,545,-1,536,545,535,-1,535,545,546,-1,535,546,534,-1,534,546,547,-1,534,547,533,-1,533,547,548,-1,533,548,532,-1,532,548,549,-1,532,549,531,-1,531,549,550,-1,531,550,530,-1,530,550,293,-1,530,293,154,-1,154,293,155,-1,152,151,292,-1,292,151,293,-1,292,293,551,-1,551,293,550,-1,551,550,552,-1,552,550,549,-1,552,549,553,-1,553,549,548,-1,553,548,554,-1,554,548,547,-1,554,547,555,-1,555,547,546,-1,555,546,556,-1,556,546,545,-1,556,545,557,-1,557,545,544,-1,557,544,558,-1,558,544,543,-1,558,543,559,-1,559,543,542,-1,559,542,560,-1,560,542,541,-1,560,541,193,-1,193,541,194,-1,147,149,291,-1,291,149,292,-1,291,292,561,-1,561,292,551,-1,561,551,562,-1,562,551,552,-1,562,552,563,-1,563,552,553,-1,563,553,564,-1,564,553,554,-1,564,554,565,-1,565,554,555,-1,565,555,566,-1,566,555,556,-1,566,556,567,-1,567,556,557,-1,567,557,568,-1,568,557,558,-1,568,558,569,-1,569,558,559,-1,569,559,570,-1,570,559,560,-1,570,560,192,-1,192,560,193,-1,145,144,571,-1,571,144,291,-1,571,291,572,-1,572,291,561,-1,572,561,573,-1,573,561,562,-1,573,562,574,-1,574,562,563,-1,574,563,575,-1,575,563,564,-1,575,564,576,-1,576,564,565,-1,576,565,577,-1,577,565,566,-1,577,566,578,-1,578,566,567,-1,578,567,579,-1,579,567,568,-1,579,568,580,-1,580,568,569,-1,580,569,581,-1,581,569,570,-1,581,570,197,-1,197,570,192,-1,197,196,581,-1,581,196,341,-1,581,341,580,-1,580,341,343,-1,580,343,579,-1,579,343,345,-1,579,345,578,-1,578,345,347,-1,578,347,577,-1,577,347,349,-1,577,349,576,-1,576,349,351,-1,576,351,575,-1,575,351,353,-1,575,353,574,-1,574,353,355,-1,574,355,573,-1,573,355,357,-1,573,357,572,-1,572,357,359,-1,572,359,571,-1,571,359,361,-1,571,361,145,-1,145,361,146,-1,290,140,361,-1,361,140,142,-1,361,142,146,-1,137,139,582,-1,582,139,290,-1,582,290,583,-1,583,290,360,-1,583,360,584,-1,584,360,358,-1,584,358,585,-1,585,358,356,-1,585,356,586,-1,586,356,354,-1,586,354,587,-1,587,354,352,-1,587,352,588,-1,588,352,350,-1,588,350,589,-1,589,350,348,-1,589,348,590,-1,590,348,346,-1,590,346,591,-1,591,346,344,-1,591,344,592,-1,592,344,342,-1,592,342,200,-1,200,342,195,-1,200,199,592,-1,592,199,593,-1,592,593,591,-1,591,593,594,-1,591,594,590,-1,590,594,595,-1,590,595,589,-1,589,595,596,-1,589,596,588,-1,588,596,597,-1,588,597,587,-1,587,597,598,-1,587,598,586,-1,586,598,599,-1,586,599,585,-1,585,599,600,-1,585,600,584,-1,584,600,601,-1,584,601,583,-1,583,601,602,-1,583,602,582,-1,582,602,289,-1,582,289,137,-1,137,289,3,-1,136,4,288,-1,288,4,289,-1,288,289,603,-1,603,289,602,-1,603,602,604,-1,604,602,601,-1,604,601,605,-1,605,601,600,-1,605,600,606,-1,606,600,599,-1,606,599,607,-1,607,599,598,-1,607,598,608,-1,608,598,597,-1,608,597,609,-1,609,597,596,-1,609,596,610,-1,610,596,595,-1,610,595,611,-1,611,595,594,-1,611,594,612,-1,612,594,593,-1,612,593,198,-1,198,593,199,-1,133,135,287,-1,287,135,288,-1,287,288,613,-1,613,288,603,-1,613,603,614,-1,614,603,604,-1,614,604,615,-1,615,604,605,-1,615,605,616,-1,616,605,606,-1,616,606,617,-1,617,606,607,-1,617,607,618,-1,618,607,608,-1,618,608,619,-1,619,608,609,-1,619,609,620,-1,620,609,610,-1,620,610,621,-1,621,610,611,-1,621,611,622,-1,622,611,612,-1,622,612,203,-1,203,612,198,-1,131,130,623,-1,623,130,287,-1,623,287,624,-1,624,287,613,-1,624,613,625,-1,625,613,614,-1,625,614,626,-1,626,614,615,-1,626,615,627,-1,627,615,616,-1,627,616,628,-1,628,616,617,-1,628,617,629,-1,629,617,618,-1,629,618,630,-1,630,618,619,-1,630,619,631,-1,631,619,620,-1,631,620,632,-1,632,620,621,-1,632,621,633,-1,633,621,622,-1,633,622,202,-1,202,622,203,-1,202,201,633,-1,633,201,634,-1,633,634,632,-1,632,634,635,-1,632,635,631,-1,631,635,636,-1,631,636,630,-1,630,636,637,-1,630,637,629,-1,629,637,638,-1,629,638,628,-1,628,638,639,-1,628,639,627,-1,627,639,640,-1,627,640,626,-1,626,640,641,-1,626,641,625,-1,625,641,642,-1,625,642,624,-1,624,642,643,-1,624,643,623,-1,623,643,286,-1,623,286,131,-1,131,286,132,-1,126,128,285,-1,285,128,286,-1,285,286,644,-1,644,286,643,-1,644,643,645,-1,645,643,642,-1,645,642,646,-1,646,642,641,-1,646,641,647,-1,647,641,640,-1,647,640,648,-1,648,640,639,-1,648,639,649,-1,649,639,638,-1,649,638,650,-1,650,638,637,-1,650,637,651,-1,651,637,636,-1,651,636,652,-1,652,636,635,-1,652,635,653,-1,653,635,634,-1,653,634,206,-1,206,634,201,-1,123,125,654,-1,654,125,285,-1,654,285,655,-1,655,285,644,-1,655,644,656,-1,656,644,645,-1,656,645,657,-1,657,645,646,-1,657,646,658,-1,658,646,647,-1,658,647,659,-1,659,647,648,-1,659,648,660,-1,660,648,649,-1,660,649,661,-1,661,649,650,-1,661,650,662,-1,662,650,651,-1,662,651,663,-1,663,651,652,-1,663,652,664,-1,664,652,653,-1,664,653,205,-1,205,653,206,-1,205,204,664,-1,664,204,665,-1,664,665,663,-1,663,665,666,-1,663,666,662,-1,662,666,667,-1,662,667,661,-1,661,667,668,-1,661,668,660,-1,660,668,669,-1,660,669,659,-1,659,669,670,-1,659,670,658,-1,658,670,671,-1,658,671,657,-1,657,671,672,-1,657,672,656,-1,656,672,673,-1,656,673,655,-1,655,673,674,-1,655,674,654,-1,654,674,284,-1,654,284,123,-1,123,284,6,-1,122,7,283,-1,283,7,284,-1,283,284,675,-1,675,284,674,-1,675,674,676,-1,676,674,673,-1,676,673,677,-1,677,673,672,-1,677,672,678,-1,678,672,671,-1,678,671,679,-1,679,671,670,-1,679,670,680,-1,680,670,669,-1,680,669,681,-1,681,669,668,-1,681,668,682,-1,682,668,667,-1,682,667,683,-1,683,667,666,-1,683,666,684,-1,684,666,665,-1,684,665,209,-1,209,665,204,-1,119,121,282,-1,282,121,283,-1,282,283,685,-1,685,283,675,-1,685,675,686,-1,686,675,676,-1,686,676,687,-1,687,676,677,-1,687,677,688,-1,688,677,678,-1,688,678,689,-1,689,678,679,-1,689,679,690,-1,690,679,680,-1,690,680,691,-1,691,680,681,-1,691,681,692,-1,692,681,682,-1,692,682,693,-1,693,682,683,-1,693,683,694,-1,694,683,684,-1,694,684,208,-1,208,684,209,-1,117,116,695,-1,695,116,282,-1,695,282,696,-1,696,282,685,-1,696,685,697,-1,697,685,686,-1,697,686,698,-1,698,686,687,-1,698,687,699,-1,699,687,688,-1,699,688,700,-1,700,688,689,-1,700,689,701,-1,701,689,690,-1,701,690,702,-1,702,690,691,-1,702,691,703,-1,703,691,692,-1,703,692,704,-1,704,692,693,-1,704,693,705,-1,705,693,694,-1,705,694,207,-1,207,694,208,-1,207,212,705,-1,705,212,706,-1,705,706,704,-1,704,706,707,-1,704,707,703,-1,703,707,708,-1,703,708,702,-1,702,708,709,-1,702,709,701,-1,701,709,710,-1,701,710,700,-1,700,710,711,-1,700,711,699,-1,699,711,712,-1,699,712,698,-1,698,712,713,-1,698,713,697,-1,697,713,714,-1,697,714,696,-1,696,714,715,-1,696,715,695,-1,695,715,281,-1,695,281,117,-1,117,281,118,-1,112,114,280,-1,280,114,281,-1,280,281,716,-1,716,281,715,-1,716,715,717,-1,717,715,714,-1,717,714,718,-1,718,714,713,-1,718,713,719,-1,719,713,712,-1,719,712,720,-1,720,712,711,-1,720,711,721,-1,721,711,710,-1,721,710,722,-1,722,710,709,-1,722,709,723,-1,723,709,708,-1,723,708,724,-1,724,708,707,-1,724,707,725,-1,725,707,706,-1,725,706,211,-1,211,706,212,-1,109,111,726,-1,726,111,280,-1,726,280,727,-1,727,280,716,-1,727,716,728,-1,728,716,717,-1,728,717,729,-1,729,717,718,-1,729,718,730,-1,730,718,719,-1,730,719,731,-1,731,719,720,-1,731,720,732,-1,732,720,721,-1,732,721,733,-1,733,721,722,-1,733,722,734,-1,734,722,723,-1,734,723,735,-1,735,723,724,-1,735,724,736,-1,736,724,725,-1,736,725,210,-1,210,725,211,-1,210,215,736,-1,736,215,737,-1,736,737,735,-1,735,737,738,-1,735,738,734,-1,734,738,739,-1,734,739,733,-1,733,739,740,-1,733,740,732,-1,732,740,741,-1,732,741,731,-1,731,741,742,-1,731,742,730,-1,730,742,743,-1,730,743,729,-1,729,743,744,-1,729,744,728,-1,728,744,745,-1,728,745,727,-1,727,745,746,-1,727,746,726,-1,726,746,279,-1,726,279,109,-1,109,279,9,-1,108,10,278,-1,278,10,279,-1,278,279,747,-1,747,279,746,-1,747,746,748,-1,748,746,745,-1,748,745,749,-1,749,745,744,-1,749,744,750,-1,750,744,743,-1,750,743,751,-1,751,743,742,-1,751,742,752,-1,752,742,741,-1,752,741,753,-1,753,741,740,-1,753,740,754,-1,754,740,739,-1,754,739,755,-1,755,739,738,-1,755,738,756,-1,756,738,737,-1,756,737,214,-1,214,737,215,-1,105,107,277,-1,277,107,278,-1,277,278,757,-1,757,278,747,-1,757,747,758,-1,758,747,748,-1,758,748,759,-1,759,748,749,-1,759,749,760,-1,760,749,750,-1,760,750,761,-1,761,750,751,-1,761,751,762,-1,762,751,752,-1,762,752,763,-1,763,752,753,-1,763,753,764,-1,764,753,754,-1,764,754,765,-1,765,754,755,-1,765,755,766,-1,766,755,756,-1,766,756,213,-1,213,756,214,-1,100,99,767,-1,767,99,277,-1,767,277,768,-1,768,277,757,-1,768,757,769,-1,769,757,758,-1,769,758,770,-1,770,758,759,-1,770,759,771,-1,771,759,760,-1,771,760,772,-1,772,760,761,-1,772,761,773,-1,773,761,762,-1,773,762,774,-1,774,762,763,-1,774,763,775,-1,775,763,764,-1,775,764,776,-1,776,764,765,-1,776,765,777,-1,777,765,766,-1,777,766,218,-1,218,766,213,-1,218,217,777,-1,777,217,778,-1,777,778,776,-1,776,778,779,-1,776,779,775,-1,775,779,780,-1,775,780,774,-1,774,780,781,-1,774,781,773,-1,773,781,782,-1,773,782,772,-1,772,782,783,-1,772,783,771,-1,771,783,784,-1,771,784,770,-1,770,784,785,-1,770,785,769,-1,769,785,786,-1,769,786,768,-1,768,786,787,-1,768,787,767,-1,767,787,276,-1,767,276,100,-1,100,276,102,-1,104,103,275,-1,275,103,276,-1,275,276,788,-1,788,276,787,-1,788,787,789,-1,789,787,786,-1,789,786,790,-1,790,786,785,-1,790,785,791,-1,791,785,784,-1,791,784,792,-1,792,784,783,-1,792,783,793,-1,793,783,782,-1,793,782,794,-1,794,782,781,-1,794,781,795,-1,795,781,780,-1,795,780,796,-1,796,780,779,-1,796,779,797,-1,797,779,778,-1,797,778,216,-1,216,778,217,-1,95,97,798,-1,798,97,275,-1,798,275,799,-1,799,275,788,-1,799,788,800,-1,800,788,789,-1,800,789,801,-1,801,789,790,-1,801,790,802,-1,802,790,791,-1,802,791,803,-1,803,791,792,-1,803,792,804,-1,804,792,793,-1,804,793,805,-1,805,793,794,-1,805,794,806,-1,806,794,795,-1,806,795,807,-1,807,795,796,-1,807,796,808,-1,808,796,797,-1,808,797,221,-1,221,797,216,-1,221,220,808,-1,808,220,809,-1,808,809,807,-1,807,809,810,-1,807,810,806,-1,806,810,811,-1,806,811,805,-1,805,811,812,-1,805,812,804,-1,804,812,813,-1,804,813,803,-1,803,813,814,-1,803,814,802,-1,802,814,815,-1,802,815,801,-1,801,815,816,-1,801,816,800,-1,800,816,817,-1,800,817,799,-1,799,817,818,-1,799,818,798,-1,798,818,274,-1,798,274,95,-1,95,274,12,-1,94,13,382,-1,382,13,274,-1,382,274,380,-1,380,274,818,-1,380,818,378,-1,378,818,817,-1,378,817,376,-1,376,817,816,-1,376,816,374,-1,374,816,815,-1,374,815,372,-1,372,815,814,-1,372,814,370,-1,370,814,813,-1,370,813,368,-1,368,813,812,-1,368,812,366,-1,366,812,811,-1,366,811,364,-1,364,811,810,-1,364,810,362,-1,362,810,809,-1,362,809,219,-1,219,809,220,-1,273,91,382,-1,382,91,93,-1,382,93,94,-1,86,85,819,-1,819,85,273,-1,819,273,820,-1,820,273,381,-1,820,381,821,-1,821,381,379,-1,821,379,822,-1,822,379,377,-1,822,377,823,-1,823,377,375,-1,823,375,824,-1,824,375,373,-1,824,373,825,-1,825,373,371,-1,825,371,826,-1,826,371,369,-1,826,369,827,-1,827,369,367,-1,827,367,828,-1,828,367,365,-1,828,365,829,-1,829,365,363,-1,829,363,223,-1,223,363,224,-1,223,222,829,-1,829,222,830,-1,829,830,828,-1,828,830,831,-1,828,831,827,-1,827,831,832,-1,827,832,826,-1,826,832,833,-1,826,833,825,-1,825,833,834,-1,825,834,824,-1,824,834,835,-1,824,835,823,-1,823,835,836,-1,823,836,822,-1,822,836,837,-1,822,837,821,-1,821,837,838,-1,821,838,820,-1,820,838,839,-1,820,839,819,-1,819,839,272,-1,819,272,86,-1,86,272,88,-1,90,89,271,-1,271,89,272,-1,271,272,840,-1,840,272,839,-1,840,839,841,-1,841,839,838,-1,841,838,842,-1,842,838,837,-1,842,837,843,-1,843,837,836,-1,843,836,844,-1,844,836,835,-1,844,835,845,-1,845,835,834,-1,845,834,846,-1,846,834,833,-1,846,833,847,-1,847,833,832,-1,847,832,848,-1,848,832,831,-1,848,831,849,-1,849,831,830,-1,849,830,227,-1,227,830,222,-1,81,83,850,-1,850,83,271,-1,850,271,851,-1,851,271,840,-1,851,840,852,-1,852,840,841,-1,852,841,853,-1,853,841,842,-1,853,842,854,-1,854,842,843,-1,854,843,855,-1,855,843,844,-1,855,844,856,-1,856,844,845,-1,856,845,857,-1,857,845,846,-1,857,846,858,-1,858,846,847,-1,858,847,859,-1,859,847,848,-1,859,848,860,-1,860,848,849,-1,860,849,226,-1,226,849,227,-1,226,225,860,-1,860,225,861,-1,860,861,859,-1,859,861,862,-1,859,862,858,-1,858,862,863,-1,858,863,857,-1,857,863,864,-1,857,864,856,-1,856,864,865,-1,856,865,855,-1,855,865,866,-1,855,866,854,-1,854,866,867,-1,854,867,853,-1,853,867,868,-1,853,868,852,-1,852,868,869,-1,852,869,851,-1,851,869,870,-1,851,870,850,-1,850,870,270,-1,850,270,81,-1,81,270,15,-1,80,16,403,-1,403,16,270,-1,403,270,401,-1,401,270,870,-1,401,870,399,-1,399,870,869,-1,399,869,397,-1,397,869,868,-1,397,868,395,-1,395,868,867,-1,395,867,393,-1,393,867,866,-1,393,866,391,-1,391,866,865,-1,391,865,389,-1,389,865,864,-1,389,864,387,-1,387,864,863,-1,387,863,385,-1,385,863,862,-1,385,862,383,-1,383,862,861,-1,383,861,230,-1,230,861,225,-1,269,77,403,-1,403,77,79,-1,403,79,80,-1,72,71,871,-1,871,71,269,-1,871,269,872,-1,872,269,402,-1,872,402,873,-1,873,402,400,-1,873,400,874,-1,874,400,398,-1,874,398,875,-1,875,398,396,-1,875,396,876,-1,876,396,394,-1,876,394,877,-1,877,394,392,-1,877,392,878,-1,878,392,390,-1,878,390,879,-1,879,390,388,-1,879,388,880,-1,880,388,386,-1,880,386,881,-1,881,386,384,-1,881,384,228,-1,228,384,229,-1,228,233,881,-1,881,233,882,-1,881,882,880,-1,880,882,883,-1,880,883,879,-1,879,883,884,-1,879,884,878,-1,878,884,885,-1,878,885,877,-1,877,885,886,-1,877,886,876,-1,876,886,887,-1,876,887,875,-1,875,887,888,-1,875,888,874,-1,874,888,889,-1,874,889,873,-1,873,889,890,-1,873,890,872,-1,872,890,891,-1,872,891,871,-1,871,891,268,-1,871,268,72,-1,72,268,74,-1,76,75,267,-1,267,75,268,-1,267,268,892,-1,892,268,891,-1,892,891,893,-1,893,891,890,-1,893,890,894,-1,894,890,889,-1,894,889,895,-1,895,889,888,-1,895,888,896,-1,896,888,887,-1,896,887,897,-1,897,887,886,-1,897,886,898,-1,898,886,885,-1,898,885,899,-1,899,885,884,-1,899,884,900,-1,900,884,883,-1,900,883,901,-1,901,883,882,-1,901,882,232,-1,232,882,233,-1,67,69,902,-1,902,69,267,-1,902,267,903,-1,903,267,892,-1,903,892,904,-1,904,892,893,-1,904,893,905,-1,905,893,894,-1,905,894,906,-1,906,894,895,-1,906,895,907,-1,907,895,896,-1,907,896,908,-1,908,896,897,-1,908,897,909,-1,909,897,898,-1,909,898,910,-1,910,898,899,-1,910,899,911,-1,911,899,900,-1,911,900,912,-1,912,900,901,-1,912,901,231,-1,231,901,232,-1,231,236,912,-1,912,236,913,-1,912,913,911,-1,911,913,914,-1,911,914,910,-1,910,914,915,-1,910,915,909,-1,909,915,916,-1,909,916,908,-1,908,916,917,-1,908,917,907,-1,907,917,918,-1,907,918,906,-1,906,918,919,-1,906,919,905,-1,905,919,920,-1,905,920,904,-1,904,920,921,-1,904,921,903,-1,903,921,922,-1,903,922,902,-1,902,922,266,-1,902,266,67,-1,67,266,18,-1,66,19,424,-1,424,19,266,-1,424,266,422,-1,422,266,922,-1,422,922,420,-1,420,922,921,-1,420,921,418,-1,418,921,920,-1,418,920,416,-1,416,920,919,-1,416,919,414,-1,414,919,918,-1,414,918,412,-1,412,918,917,-1,412,917,410,-1,410,917,916,-1,410,916,408,-1,408,916,915,-1,408,915,406,-1,406,915,914,-1,406,914,404,-1,404,914,913,-1,404,913,235,-1,235,913,236,-1,265,63,424,-1,424,63,65,-1,424,65,66,-1,58,57,923,-1,923,57,265,-1,923,265,924,-1,924,265,423,-1,924,423,925,-1,925,423,421,-1,925,421,926,-1,926,421,419,-1,926,419,927,-1,927,419,417,-1,927,417,928,-1,928,417,415,-1,928,415,929,-1,929,415,413,-1,929,413,930,-1,930,413,411,-1,930,411,931,-1,931,411,409,-1,931,409,932,-1,932,409,407,-1,932,407,933,-1,933,407,405,-1,933,405,239,-1,239,405,234,-1,239,238,933,-1,933,238,934,-1,933,934,932,-1,932,934,935,-1,932,935,931,-1,931,935,936,-1,931,936,930,-1,930,936,937,-1,930,937,929,-1,929,937,938,-1,929,938,928,-1,928,938,939,-1,928,939,927,-1,927,939,940,-1,927,940,926,-1,926,940,941,-1,926,941,925,-1,925,941,942,-1,925,942,924,-1,924,942,943,-1,924,943,923,-1,923,943,264,-1,923,264,58,-1,58,264,60,-1,62,61,263,-1,263,61,264,-1,263,264,944,-1,944,264,943,-1,944,943,945,-1,945,943,942,-1,945,942,946,-1,946,942,941,-1,946,941,947,-1,947,941,940,-1,947,940,948,-1,948,940,939,-1,948,939,949,-1,949,939,938,-1,949,938,950,-1,950,938,937,-1,950,937,951,-1,951,937,936,-1,951,936,952,-1,952,936,935,-1,952,935,953,-1,953,935,934,-1,953,934,237,-1,237,934,238,-1,53,55,954,-1,954,55,263,-1,954,263,955,-1,955,263,944,-1,955,944,956,-1,956,944,945,-1,956,945,957,-1,957,945,946,-1,957,946,958,-1,958,946,947,-1,958,947,959,-1,959,947,948,-1,959,948,960,-1,960,948,949,-1,960,949,961,-1,961,949,950,-1,961,950,962,-1,962,950,951,-1,962,951,963,-1,963,951,952,-1,963,952,964,-1,964,952,953,-1,964,953,242,-1,242,953,237,-1,242,241,964,-1,964,241,965,-1,964,965,963,-1,963,965,966,-1,963,966,962,-1,962,966,967,-1,962,967,961,-1,961,967,968,-1,961,968,960,-1,960,968,969,-1,960,969,959,-1,959,969,970,-1,959,970,958,-1,958,970,971,-1,958,971,957,-1,957,971,972,-1,957,972,956,-1,956,972,973,-1,956,973,955,-1,955,973,974,-1,955,974,954,-1,954,974,262,-1,954,262,53,-1,53,262,21,-1,52,22,445,-1,445,22,262,-1,445,262,443,-1,443,262,974,-1,443,974,441,-1,441,974,973,-1,441,973,439,-1,439,973,972,-1,439,972,437,-1,437,972,971,-1,437,971,435,-1,435,971,970,-1,435,970,433,-1,433,970,969,-1,433,969,431,-1,431,969,968,-1,431,968,429,-1,429,968,967,-1,429,967,427,-1,427,967,966,-1,427,966,425,-1,425,966,965,-1,425,965,240,-1,240,965,241,-1,261,49,445,-1,445,49,51,-1,445,51,52,-1,44,43,975,-1,975,43,261,-1,975,261,976,-1,976,261,444,-1,976,444,977,-1,977,444,442,-1,977,442,978,-1,978,442,440,-1,978,440,979,-1,979,440,438,-1,979,438,980,-1,980,438,436,-1,980,436,981,-1,981,436,434,-1,981,434,982,-1,982,434,432,-1,982,432,983,-1,983,432,430,-1,983,430,984,-1,984,430,428,-1,984,428,985,-1,985,428,426,-1,985,426,244,-1,244,426,245,-1,244,243,985,-1,985,243,986,-1,985,986,984,-1,984,986,987,-1,984,987,983,-1,983,987,988,-1,983,988,982,-1,982,988,989,-1,982,989,981,-1,981,989,990,-1,981,990,980,-1,980,990,991,-1,980,991,979,-1,979,991,992,-1,979,992,978,-1,978,992,993,-1,978,993,977,-1,977,993,994,-1,977,994,976,-1,976,994,995,-1,976,995,975,-1,975,995,260,-1,975,260,44,-1,44,260,46,-1,48,47,259,-1,259,47,260,-1,259,260,996,-1,996,260,995,-1,996,995,997,-1,997,995,994,-1,997,994,998,-1,998,994,993,-1,998,993,999,-1,999,993,992,-1,999,992,1000,-1,1000,992,991,-1,1000,991,1001,-1,1001,991,990,-1,1001,990,1002,-1,1002,990,989,-1,1002,989,1003,-1,1003,989,988,-1,1003,988,1004,-1,1004,988,987,-1,1004,987,1005,-1,1005,987,986,-1,1005,986,248,-1,248,986,243,-1,39,41,1006,-1,1006,41,259,-1,1006,259,1007,-1,1007,259,996,-1,1007,996,1008,-1,1008,996,997,-1,1008,997,1009,-1,1009,997,998,-1,1009,998,1010,-1,1010,998,999,-1,1010,999,1011,-1,1011,999,1000,-1,1011,1000,1012,-1,1012,1000,1001,-1,1012,1001,1013,-1,1013,1001,1002,-1,1013,1002,1014,-1,1014,1002,1003,-1,1014,1003,1015,-1,1015,1003,1004,-1,1015,1004,1016,-1,1016,1004,1005,-1,1016,1005,247,-1,247,1005,248,-1,247,246,1016,-1,1016,246,1017,-1,1016,1017,1015,-1,1015,1017,1018,-1,1015,1018,1014,-1,1014,1018,1019,-1,1014,1019,1013,-1,1013,1019,1020,-1,1013,1020,1012,-1,1012,1020,1021,-1,1012,1021,1011,-1,1011,1021,1022,-1,1011,1022,1010,-1,1010,1022,1023,-1,1010,1023,1009,-1,1009,1023,1024,-1,1009,1024,1008,-1,1008,1024,1025,-1,1008,1025,1007,-1,1007,1025,1026,-1,1007,1026,1006,-1,1006,1026,258,-1,1006,258,39,-1,39,258,24,-1,38,25,466,-1,466,25,258,-1,466,258,464,-1,464,258,1026,-1,464,1026,462,-1,462,1026,1025,-1,462,1025,460,-1,460,1025,1024,-1,460,1024,458,-1,458,1024,1023,-1,458,1023,456,-1,456,1023,1022,-1,456,1022,454,-1,454,1022,1021,-1,454,1021,452,-1,452,1021,1020,-1,452,1020,450,-1,450,1020,1019,-1,450,1019,448,-1,448,1019,1018,-1,448,1018,446,-1,446,1018,1017,-1,446,1017,251,-1,251,1017,246,-1,257,35,466,-1,466,35,37,-1,466,37,38,-1,33,32,1027,-1,1027,32,257,-1,1027,257,1028,-1,1028,257,465,-1,1028,465,1029,-1,1029,465,463,-1,1029,463,1030,-1,1030,463,461,-1,1030,461,1031,-1,1031,461,459,-1,1031,459,1032,-1,1032,459,457,-1,1032,457,1033,-1,1033,457,455,-1,1033,455,1034,-1,1034,455,453,-1,1034,453,1035,-1,1035,453,451,-1,1035,451,1036,-1,1036,451,449,-1,1036,449,1037,-1,1037,449,447,-1,1037,447,249,-1,249,447,250,-1,249,253,1037,-1,1037,253,1038,-1,1037,1038,1036,-1,1036,1038,1039,-1,1036,1039,1035,-1,1035,1039,1040,-1,1035,1040,1034,-1,1034,1040,1041,-1,1034,1041,1033,-1,1033,1041,1042,-1,1033,1042,1032,-1,1032,1042,1043,-1,1032,1043,1031,-1,1031,1043,1044,-1,1031,1044,1030,-1,1030,1044,1045,-1,1030,1045,1029,-1,1029,1045,1046,-1,1029,1046,1028,-1,1028,1046,1047,-1,1028,1047,1027,-1,1027,1047,256,-1,1027,256,33,-1,33,256,34,-1,30,28,255,-1,255,28,256,-1,255,256,1048,-1,1048,256,1047,-1,1048,1047,1049,-1,1049,1047,1046,-1,1049,1046,1050,-1,1050,1046,1045,-1,1050,1045,1051,-1,1051,1045,1044,-1,1051,1044,1052,-1,1052,1044,1043,-1,1052,1043,1053,-1,1053,1043,1042,-1,1053,1042,1054,-1,1054,1042,1041,-1,1054,1041,1055,-1,1055,1041,1040,-1,1055,1040,1056,-1,1056,1040,1039,-1,1056,1039,1057,-1,1057,1039,1038,-1,1057,1038,252,-1,252,1038,253,-1,175,174,1058,-1,1058,174,255,-1,1058,255,1059,-1,1059,255,1048,-1,1059,1048,1060,-1,1060,1048,1049,-1,1060,1049,1061,-1,1061,1049,1050,-1,1061,1050,1062,-1,1062,1050,1051,-1,1062,1051,1063,-1,1063,1051,1052,-1,1063,1052,1064,-1,1064,1052,1053,-1,1064,1053,1065,-1,1065,1053,1054,-1,1065,1054,1066,-1,1066,1054,1055,-1,1066,1055,1067,-1,1067,1055,1056,-1,1067,1056,1068,-1,1068,1056,1057,-1,1068,1057,180,-1,180,1057,252,-1,180,179,1068,-1,1068,179,467,-1,1068,467,1067,-1,1067,467,468,-1,1067,468,1066,-1,1066,468,469,-1,1066,469,1065,-1,1065,469,470,-1,1065,470,1064,-1,1064,470,471,-1,1064,471,1063,-1,1063,471,472,-1,1063,472,1062,-1,1062,472,473,-1,1062,473,1061,-1,1061,473,474,-1,1061,474,1060,-1,1060,474,475,-1,1060,475,1059,-1,1059,475,476,-1,1059,476,1058,-1,1058,476,477,-1,1058,477,175,-1,175,477,177,-1,
        ]
    }
}