#VRML V2.0 utf8
# 3D model generated by kicad-lcsc-manager
# Based on easyeda2kicad.py v1.0.1

Shape{
    appearance Appearance {
        material  Material {
            diffuseColor 0.9490196078431372 0.7607843137254902 0.1803921568627451
            specularColor 0.7607843137254902 0.6078431372549019 0.1450980392156863
            ambientIntensity 0.7509
            transparency 0.0
            shininess 0.5
        }
    }
    geometry IndexedFaceSet {
        ccw TRUE
        solid FALSE
        coord DEF co Coordinate {
            point [
                4.6378 0.0402 -0.4277, 4.6378 0.0391 -0.418, 4.6378 -0.0337 -0.449, 4.6378 0.0498 -0.5203, 4.6378 0.1378 -0.5324, 4.6378 0.0498 -0.4699, 4.6378 0.1378 0.1969, 4.6378 -0.0402 -0.3941, 4.6378 -0.0324 -0.3867, 4.6378 -0.0486 -0.3691, 4.6378 -0.0492 -0.4179, 4.6378 -0.0486 -0.3187, 4.6378 0.0387 -0.4396, 4.6378 -0.0327 -0.4507, 4.6378 0.0339 -0.4507, 4.6378 -0.0042 -0.5179, 4.6378 -0.0492 -0.5324, 4.6378 0.0066 -0.5179, 4.6378 0.039 -0.5203, 4.6378 0.0066 -0.4831, 4.6378 0.039 -0.4831, 4.6378 0.0498 -0.3187, 4.6378 0.0498 -0.3319, 4.6378 0.0239 -0.3827, 4.6378 0.0331 -0.3885, 4.6378 0.0417 -0.3974, 4.6378 0.047 -0.4067, 4.6378 -0.0378 -0.3691, 4.6378 -0.0231 -0.3814, 4.6378 -0.0378 -0.3319, 4.6378 0.0502 -0.4177, 4.6378 0.051 -0.4276, 4.6378 0.0502 -0.4394, 4.6378 0.0471 -0.4507, 4.6378 -0.0486 -0.4699, 4.6378 -0.0435 -0.4507, 4.6378 -0.0485 -0.4115, 4.6378 -0.0452 -0.402, 4.6378 0.0365 -0.4106, 4.6378 0.0319 -0.4038, 4.6378 0.0254 -0.3979, 4.6378 -0.0004 -0.3907, 4.6378 -0.0111 -0.3917, 4.6378 -0.0195 -0.3944, 4.6378 -0.038 -0.4163, 4.6378 -0.039 -0.4255, 4.6378 -0.0353 -0.4091, 4.6378 -0.0312 -0.4031, 4.6378 -0.0264 -0.3985, 4.6378 -0.0375 -0.4385, 4.6378 -0.0126 -0.3785, 4.6378 -0.0012 -0.3775, 4.6378 0.0128 -0.3789, 4.6378 0.0178 -0.3938, 4.6378 0.0072 -0.3912, 4.6378 -0.0042 -0.4831, 4.6378 -0.0378 -0.4831, 4.6378 -0.0378 -0.5227, 4.6378 -0.0486 -0.5227, 4.6378 -0.0492 -0.4303, 4.6378 -0.0497 -0.4263, 4.6378 -0.1378 -0.5324, 4.6378 -0.0498 -0.4236, 4.6378 -0.0492 0.1969, 4.6378 -0.1378 0.1969, 4.6378 0.0498 -0.6656, 4.6378 0.0498 -0.6788, 4.6378 -0.0486 -0.5687, 4.6378 -0.0486 -0.542, 4.6378 0.0498 -0.542, 4.6378 -0.0486 -0.7028, 4.6378 -0.0486 -0.7172, 4.6378 -0.0492 -1.0236, 4.6378 0.1378 -1.0236, 4.6378 0.0498 -0.5697, 4.6378 0.0483 -0.5839, 4.6378 0.0443 -0.5955, 4.6378 0.0371 -0.6062, 4.6378 -0.0486 -0.6284, 4.6378 -0.0216 -0.6163, 4.6378 -0.0304 -0.6106, 4.6378 0.037 -0.6063, 4.6378 0.0293 -0.6132, 4.6378 0.0208 -0.6178, 4.6378 -0.0382 -0.6025, 4.6378 -0.0441 -0.5922, 4.6378 -0.0475 -0.5809, 4.6378 -0.0486 -0.6428, 4.6378 -0.021 -0.6522, 4.6378 -0.021 -0.6928, 4.6378 0.0111 -0.6205, 4.6378 0.0019 -0.6212, 4.6378 -0.0113 -0.6198, 4.6378 -0.0478 -0.4402, 4.6378 -0.1378 -1.0236
            ]
        }
        coordIndex [
            0,1,2,-1,3,4,5,-1,5,4,6,-1,7,8,9,-1,10,9,11,-1,0,2,12,-1,12,2,13,-1,12,13,14,-1,15,16,17,-1,17,16,18,-1,17,18,19,-1,19,18,20,-1,6,21,22,-1,23,24,22,-1,22,24,25,-1,22,25,26,-1,9,8,27,-1,27,8,28,-1,27,28,29,-1,26,30,22,-1,22,30,31,-1,22,31,6,-1,6,31,32,-1,6,32,5,-1,32,33,5,-1,5,33,14,-1,5,14,34,-1,34,14,13,-1,34,13,35,-1,10,36,9,-1,9,36,37,-1,9,37,7,-1,1,38,2,-1,2,38,39,-1,2,39,40,-1,41,42,2,-1,2,42,43,-1,44,45,46,-1,46,45,47,-1,43,48,2,-1,2,48,47,-1,2,47,49,-1,49,47,45,-1,28,50,29,-1,29,50,51,-1,29,51,22,-1,22,51,52,-1,22,52,23,-1,40,53,2,-1,2,53,54,-1,2,54,41,-1,55,56,15,-1,15,56,57,-1,15,57,16,-1,16,57,58,-1,16,58,34,-1,59,60,61,-1,61,60,62,-1,61,62,10,-1,21,6,11,-1,11,6,63,-1,11,63,10,-1,10,63,64,-1,10,64,61,-1,4,65,66,-1,67,68,16,-1,3,18,4,-1,4,18,16,-1,4,16,69,-1,69,16,68,-1,70,16,71,-1,71,16,72,-1,71,72,66,-1,66,72,73,-1,66,73,4,-1,69,74,4,-1,4,74,75,-1,4,75,65,-1,65,75,76,-1,65,76,77,-1,78,79,80,-1,77,81,65,-1,65,81,82,-1,65,82,83,-1,80,84,78,-1,78,84,85,-1,78,85,86,-1,86,67,78,-1,78,67,16,-1,78,16,87,-1,87,16,70,-1,87,70,88,-1,88,70,89,-1,83,90,65,-1,65,90,91,-1,65,91,78,-1,78,91,92,-1,78,92,79,-1,35,93,34,-1,34,93,59,-1,34,59,16,-1,16,59,61,-1,16,61,72,-1,72,61,94,-1,
        ]
    }
}
Shape{
    appearance Appearance {
        material  Material {
            diffuseColor 0.17647058823529413 0.17647058823529413 0.17647058823529413
            specularColor 0.050980392156862744 0.050980392156862744 0.050980392156862744
            ambientIntensity 0.251
            transparency 0.0
            shininess 0.5
        }
    }
    geometry IndexedFaceSet {
        ccw TRUE
        solid FALSE
        coord DEF co Coordinate {
            point [
                4.3622 -0.1378 0.1969, 4.6378 -0.1378 0.1969, 5.0 -0.2638 0.1969, 4.6378 -0.0492 0.1969, 5.0 0.2638 0.1969, 4.6378 0.1378 0.1969, 4.0 0.2638 0.1969, 4.3622 0.1378 0.1969, 4.0 -0.2638 0.1969, 4.1181 -0.5 0.0118, 4.1181 -0.5 0.9843, 4.0 -0.3819 0.0118, 4.0 -0.3819 0.9843, 4.8819 -0.5 0.0118, 4.8819 -0.5 0.9843, 5.0 -0.3819 0.0118, 5.0 -0.3819 0.9843, 5.0 -0.2638 0.0118, 5.0 0.2638 0.0118, 5.0 0.3819 0.0118, 5.0 0.3819 0.9843, 4.8819 0.5 0.0118, 4.8819 0.5 0.9843, 4.1181 0.5 0.0118, 4.1181 0.5 0.9843, 4.0 0.3819 0.0118, 4.0 0.3819 0.9843, 4.0 0.2638 0.0118, 4.0 -0.2638 0.0118, 4.6378 -0.1378 0.9843, 4.3622 -0.1378 0.9843, 4.3622 0.1378 0.9843, 4.6378 0.1378 0.9843
            ]
        }
        coordIndex [
            0,1,2,-1,2,1,3,-1,2,3,4,-1,4,3,5,-1,4,5,6,-1,6,5,7,-1,6,7,8,-1,8,7,0,-1,8,0,2,-1,9,10,11,-1,11,10,12,-1,13,14,9,-1,9,14,10,-1,15,16,13,-1,13,16,14,-1,15,17,2,-1,18,19,4,-1,4,19,20,-1,4,20,2,-1,2,20,16,-1,2,16,15,-1,21,22,19,-1,19,22,20,-1,23,24,21,-1,21,24,22,-1,25,26,23,-1,23,26,24,-1,25,27,6,-1,28,11,8,-1,8,11,12,-1,8,12,6,-1,6,12,26,-1,6,26,25,-1,26,12,10,-1,22,24,26,-1,14,29,10,-1,10,29,30,-1,10,30,26,-1,26,30,31,-1,26,31,22,-1,22,31,20,-1,14,16,29,-1,29,16,20,-1,29,20,32,-1,32,20,31,-1,6,27,4,-1,4,27,18,-1,27,25,23,-1,23,21,27,-1,27,21,19,-1,27,19,18,-1,2,17,8,-1,8,17,28,-1,11,28,9,-1,9,28,17,-1,9,17,13,-1,13,17,15,-1,
        ]
    }
}
Shape{
    appearance Appearance {
        material  Material {
            diffuseColor 0.9490196078431372 0.7607843137254902 0.1803921568627451
            specularColor 0.7607843137254902 0.6078431372549019 0.1450980392156863
            ambientIntensity 0.7509
            transparency 0.0
            shininess 0.5
        }
    }
    geometry IndexedFaceSet {
        ccw TRUE
        solid FALSE
        coord DEF co Coordinate {
            point [
                4.5984 -0.0984 3.3465, 4.5984 0.0984 3.3465, 4.4016 -0.0984 3.3465, 4.4016 0.0984 3.3465, 4.6378 0.1378 3.189, 4.6378 0.1378 0.9843, 4.3622 0.1378 3.189, 4.3622 0.1378 0.9843, 4.3622 -0.1378 3.189, 4.3622 -0.1378 0.9843, 4.6378 -0.1378 3.189, 4.6378 -0.1378 0.9843, 4.6378 -0.1378 0.1969, 4.3622 -0.1378 0.1969, 4.6378 -0.1378 -0.5324, 4.3622 -0.1378 -1.0236, 4.6378 -0.1378 -1.0236, 4.3622 0.1378 -1.0236, 4.3622 0.1378 0.1969, 4.6378 0.1378 0.1969, 4.6378 0.1378 -0.5324, 4.6378 0.1378 -1.0236, 4.5984 0.0984 -1.1811, 4.5984 -0.0984 -1.1811, 4.4016 0.0984 -1.1811, 4.4016 -0.0984 -1.1811, 4.6378 -0.0492 -1.0236
            ]
        }
        coordIndex [
            0,1,2,-1,2,1,3,-1,4,5,6,-1,6,5,7,-1,6,7,8,-1,8,7,9,-1,8,9,10,-1,10,9,11,-1,10,11,4,-1,4,11,5,-1,12,13,14,-1,14,13,15,-1,14,15,16,-1,15,13,17,-1,17,13,18,-1,18,19,17,-1,17,19,20,-1,17,20,21,-1,22,23,24,-1,24,23,25,-1,23,16,25,-1,25,16,15,-1,16,23,26,-1,26,23,22,-1,26,22,21,-1,17,24,15,-1,15,24,25,-1,24,17,22,-1,22,17,21,-1,6,3,4,-1,4,3,1,-1,8,2,6,-1,6,2,3,-1,0,10,1,-1,1,10,4,-1,10,0,8,-1,8,0,2,-1,
        ]
    }
}
Shape{
    appearance Appearance {
        material  Material {
            diffuseColor 0.0 0.0 0.0
            specularColor 0.0 0.0 0.0
            ambientIntensity 0.0
            transparency 0.0
            shininess 0.5
        }
    }
    geometry IndexedFaceSet {
        ccw TRUE
        solid FALSE
        coord DEF co Coordinate {
            point [
                4.6339 0.0498 -0.6788, 4.6339 -0.0486 -0.7172, 4.6378 0.0498 -0.6788, 4.6378 -0.0486 -0.7172, 4.6339 -0.0486 -0.7028, 4.6378 -0.0486 -0.7028, 4.6339 -0.021 -0.6928, 4.6378 -0.021 -0.6928, 4.6339 -0.021 -0.6522, 4.6378 -0.021 -0.6522, 4.6339 -0.0486 -0.6428, 4.6378 -0.0486 -0.6428, 4.6339 -0.0486 -0.6284, 4.6378 -0.0486 -0.6284, 4.6339 0.0498 -0.6656, 4.6378 0.0498 -0.6656, 4.6339 -0.0102 -0.6555, 4.6339 -0.0102 -0.6884, 4.6339 0.0309 -0.6702, 4.6339 0.0343 -0.6711, 4.6339 0.0378 -0.6718, 4.6339 0.0378 -0.6721, 4.6339 0.0344 -0.6727, 4.6339 0.0309 -0.6736, 4.6378 -0.0102 -0.6555, 4.6378 -0.0102 -0.6884, 4.6378 0.0309 -0.6702, 4.6378 0.0343 -0.6711, 4.6378 0.0378 -0.6718, 4.6378 0.0378 -0.6721, 4.6378 0.0344 -0.6727, 4.6378 0.0309 -0.6736, 4.6339 -0.0486 -0.5687, 4.6339 -0.0486 -0.542, 4.6378 -0.0486 -0.5687, 4.6378 -0.0486 -0.542, 4.6339 0.0498 -0.542, 4.6378 0.0498 -0.542, 4.6339 0.0498 -0.5697, 4.6378 0.0498 -0.5697, 4.6339 0.0019 -0.6212, 4.6378 0.0019 -0.6212, 4.6378 0.0111 -0.6205, 4.6339 0.0111 -0.6205, 4.6378 0.0208 -0.6178, 4.6339 0.0208 -0.6178, 4.6378 0.0293 -0.6132, 4.6339 0.0293 -0.6132, 4.6378 0.037 -0.6063, 4.6339 0.037 -0.6063, 4.6378 0.0371 -0.6062, 4.6339 0.0371 -0.6062, 4.6378 0.0443 -0.5955, 4.6339 0.0443 -0.5955, 4.6378 0.0483 -0.5839, 4.6339 0.0483 -0.5839, 4.6378 -0.0475 -0.5809, 4.6339 -0.0475 -0.5809, 4.6378 -0.0441 -0.5922, 4.6339 -0.0441 -0.5922, 4.6378 -0.0382 -0.6025, 4.6339 -0.0382 -0.6025, 4.6378 -0.0304 -0.6106, 4.6339 -0.0304 -0.6106, 4.6378 -0.0216 -0.6163, 4.6339 -0.0216 -0.6163, 4.6378 -0.0113 -0.6198, 4.6339 -0.0113 -0.6198, 4.6339 0.0252 -0.6014, 4.6339 0.0303 -0.5966, 4.6339 0.035 -0.5894, 4.6339 0.0378 -0.5813, 4.6339 0.039 -0.5697, 4.6339 0.039 -0.5552, 4.6339 -0.0378 -0.5552, 4.6339 -0.0378 -0.5691, 4.6339 -0.0368 -0.5795, 4.6339 -0.0342 -0.5878, 4.6339 -0.0303 -0.5945, 4.6339 -0.0248 -0.6, 4.6339 -0.018 -0.6042, 4.6339 -0.0088 -0.6071, 4.6339 0.0016 -0.608, 4.6339 0.0114 -0.6071, 4.6339 0.0192 -0.6048, 4.6378 0.039 -0.5697, 4.6378 0.039 -0.5552, 4.6378 0.0378 -0.5813, 4.6378 0.035 -0.5894, 4.6378 0.0303 -0.5966, 4.6378 0.0252 -0.6014, 4.6378 0.0192 -0.6048, 4.6378 0.0114 -0.6071, 4.6378 0.0016 -0.608, 4.6378 -0.0088 -0.6071, 4.6378 -0.018 -0.6042, 4.6378 -0.0248 -0.6, 4.6378 -0.0303 -0.5945, 4.6378 -0.0342 -0.5878, 4.6378 -0.0368 -0.5795, 4.6378 -0.0378 -0.5691, 4.6378 -0.0378 -0.5552, 4.6339 -0.0378 -0.5227, 4.6339 -0.0486 -0.5227, 4.6378 -0.0378 -0.5227, 4.6378 -0.0486 -0.5227, 4.6339 -0.0486 -0.4699, 4.6378 -0.0486 -0.4699, 4.6339 0.0498 -0.4699, 4.6378 0.0498 -0.4699, 4.6339 0.0498 -0.5203, 4.6378 0.0498 -0.5203, 4.6339 0.039 -0.5203, 4.6378 0.039 -0.5203, 4.6339 0.039 -0.4831, 4.6378 0.039 -0.4831, 4.6339 0.0066 -0.4831, 4.6378 0.0066 -0.4831, 4.6339 0.0066 -0.5179, 4.6378 0.0066 -0.5179, 4.6339 -0.0042 -0.5179, 4.6378 -0.0042 -0.5179, 4.6339 -0.0042 -0.4831, 4.6378 -0.0042 -0.4831, 4.6339 -0.0378 -0.4831, 4.6378 -0.0378 -0.4831, 4.6339 -0.0327 -0.4507, 4.6339 -0.0435 -0.4507, 4.6378 -0.0327 -0.4507, 4.6378 -0.0435 -0.4507, 4.6339 -0.0478 -0.4402, 4.6339 -0.0498 -0.4236, 4.6378 -0.0498 -0.4236, 4.6378 -0.0497 -0.4263, 4.6339 -0.0497 -0.4263, 4.6378 -0.0492 -0.4303, 4.6378 -0.0478 -0.4402, 4.6339 -0.0012 -0.3775, 4.6378 -0.0012 -0.3775, 4.6378 -0.0126 -0.3785, 4.6339 -0.0126 -0.3785, 4.6378 -0.0231 -0.3814, 4.6339 -0.0231 -0.3814, 4.6378 -0.0324 -0.3867, 4.6339 -0.0324 -0.3867, 4.6378 -0.0402 -0.3941, 4.6339 -0.0402 -0.3941, 4.6378 -0.0452 -0.402, 4.6339 -0.0452 -0.402, 4.6378 -0.0485 -0.4115, 4.6339 -0.0485 -0.4115, 4.6378 -0.0492 -0.4179, 4.6339 0.051 -0.4276, 4.6378 0.051 -0.4276, 4.6378 0.0502 -0.4177, 4.6339 0.0502 -0.4177, 4.6378 0.047 -0.4067, 4.6339 0.047 -0.4067, 4.6378 0.0417 -0.3974, 4.6339 0.0417 -0.3974, 4.6378 0.0331 -0.3885, 4.6339 0.0331 -0.3885, 4.6378 0.0239 -0.3827, 4.6339 0.0239 -0.3827, 4.6378 0.0128 -0.3789, 4.6339 0.0128 -0.3789, 4.6339 0.0471 -0.4507, 4.6378 0.0471 -0.4507, 4.6378 0.0502 -0.4394, 4.6339 0.0502 -0.4394, 4.6339 0.0339 -0.4507, 4.6378 0.0339 -0.4507, 4.6339 0.0402 -0.4277, 4.6378 0.0402 -0.4277, 4.6378 0.0387 -0.4396, 4.6339 0.0387 -0.4396, 4.6339 -0.0004 -0.3907, 4.6378 -0.0004 -0.3907, 4.6378 0.0072 -0.3912, 4.6339 0.0072 -0.3912, 4.6378 0.0178 -0.3938, 4.6339 0.0178 -0.3938, 4.6378 0.0254 -0.3979, 4.6339 0.0254 -0.3979, 4.6378 0.0319 -0.4038, 4.6339 0.0319 -0.4038, 4.6378 0.0365 -0.4106, 4.6339 0.0365 -0.4106, 4.6378 0.0391 -0.418, 4.6339 0.0391 -0.418, 4.6339 -0.039 -0.4255, 4.6378 -0.039 -0.4255, 4.6378 -0.038 -0.4163, 4.6339 -0.038 -0.4163, 4.6378 -0.0353 -0.4091, 4.6339 -0.0353 -0.4091, 4.6378 -0.0312 -0.4031, 4.6339 -0.0312 -0.4031, 4.6378 -0.0264 -0.3985, 4.6339 -0.0264 -0.3985, 4.6378 -0.0195 -0.3944, 4.6339 -0.0195 -0.3944, 4.6378 -0.0111 -0.3917, 4.6339 -0.0111 -0.3917, 4.6378 -0.0337 -0.449, 4.6339 -0.0337 -0.449, 4.6378 -0.0375 -0.4385, 4.6339 -0.0375 -0.4385, 4.6339 -0.0378 -0.3691, 4.6339 -0.0486 -0.3691, 4.6378 -0.0378 -0.3691, 4.6378 -0.0486 -0.3691, 4.6339 -0.0486 -0.3187, 4.6378 -0.0486 -0.3187, 4.6339 0.0498 -0.3187, 4.6378 0.0498 -0.3187, 4.6339 0.0498 -0.3319, 4.6378 0.0498 -0.3319, 4.6339 -0.0378 -0.3319, 4.6378 -0.0378 -0.3319
            ]
        }
        coordIndex [
            0,1,2,-1,2,1,3,-1,1,4,3,-1,3,4,5,-1,4,6,5,-1,5,6,7,-1,6,8,7,-1,7,8,9,-1,8,10,9,-1,9,10,11,-1,10,12,11,-1,11,12,13,-1,12,14,13,-1,13,14,15,-1,14,0,15,-1,15,0,2,-1,16,8,17,-1,17,8,6,-1,18,14,16,-1,16,14,12,-1,16,12,8,-1,8,12,10,-1,18,19,14,-1,14,19,20,-1,14,20,0,-1,0,20,21,-1,0,21,22,-1,22,23,0,-1,0,23,17,-1,0,17,1,-1,1,17,6,-1,1,6,4,-1,16,17,24,-1,24,17,25,-1,18,16,26,-1,26,16,24,-1,18,26,27,-1,18,27,19,-1,19,27,28,-1,19,28,20,-1,21,20,29,-1,29,20,28,-1,21,29,30,-1,21,30,22,-1,22,30,31,-1,22,31,23,-1,17,23,25,-1,25,23,31,-1,32,33,34,-1,34,33,35,-1,33,36,35,-1,35,36,37,-1,36,38,37,-1,37,38,39,-1,40,41,42,-1,40,42,43,-1,43,42,44,-1,43,44,45,-1,45,44,46,-1,45,46,47,-1,47,46,48,-1,47,48,49,-1,49,48,50,-1,49,50,51,-1,51,50,52,-1,51,52,53,-1,53,52,54,-1,53,54,55,-1,55,54,39,-1,55,39,38,-1,32,34,56,-1,32,56,57,-1,57,56,58,-1,57,58,59,-1,59,58,60,-1,59,60,61,-1,61,60,62,-1,61,62,63,-1,63,62,64,-1,63,64,65,-1,65,64,66,-1,65,66,67,-1,67,66,41,-1,67,41,40,-1,45,47,68,-1,68,47,49,-1,68,49,69,-1,69,49,51,-1,69,51,70,-1,70,51,53,-1,70,53,71,-1,71,53,55,-1,71,55,72,-1,72,55,38,-1,72,38,73,-1,73,38,36,-1,73,36,74,-1,74,36,33,-1,74,33,75,-1,75,33,32,-1,75,32,76,-1,76,32,57,-1,76,57,77,-1,77,57,59,-1,77,59,78,-1,78,59,61,-1,78,61,79,-1,79,61,63,-1,79,63,80,-1,80,63,65,-1,80,65,81,-1,81,65,67,-1,81,67,82,-1,82,67,40,-1,82,40,83,-1,83,40,43,-1,83,43,84,-1,84,43,45,-1,84,45,68,-1,72,73,85,-1,85,73,86,-1,72,85,87,-1,72,87,71,-1,71,87,88,-1,71,88,70,-1,70,88,89,-1,70,89,69,-1,69,89,90,-1,69,90,68,-1,68,90,91,-1,68,91,84,-1,84,91,92,-1,84,92,83,-1,83,92,93,-1,83,93,82,-1,82,93,94,-1,82,94,81,-1,81,94,95,-1,81,95,80,-1,80,95,96,-1,80,96,79,-1,79,96,97,-1,79,97,78,-1,78,97,98,-1,78,98,77,-1,77,98,99,-1,77,99,76,-1,76,99,100,-1,76,100,75,-1,74,75,101,-1,101,75,100,-1,73,74,86,-1,86,74,101,-1,102,103,104,-1,104,103,105,-1,103,106,105,-1,105,106,107,-1,106,108,107,-1,107,108,109,-1,108,110,109,-1,109,110,111,-1,110,112,111,-1,111,112,113,-1,112,114,113,-1,113,114,115,-1,114,116,115,-1,115,116,117,-1,116,118,117,-1,117,118,119,-1,118,120,119,-1,119,120,121,-1,120,122,121,-1,121,122,123,-1,122,124,123,-1,123,124,125,-1,124,102,125,-1,125,102,104,-1,106,103,102,-1,102,124,106,-1,106,124,122,-1,106,122,108,-1,112,110,114,-1,114,110,108,-1,114,108,116,-1,116,108,122,-1,116,122,118,-1,118,122,120,-1,126,127,128,-1,128,127,129,-1,129,127,130,-1,131,132,133,-1,131,133,134,-1,134,133,135,-1,134,135,130,-1,130,135,136,-1,130,136,129,-1,137,138,139,-1,137,139,140,-1,140,139,141,-1,140,141,142,-1,142,141,143,-1,142,143,144,-1,144,143,145,-1,144,145,146,-1,146,145,147,-1,146,147,148,-1,148,147,149,-1,148,149,150,-1,150,149,131,-1,131,149,151,-1,131,151,132,-1,152,153,154,-1,152,154,155,-1,155,154,156,-1,155,156,157,-1,157,156,158,-1,157,158,159,-1,159,158,160,-1,159,160,161,-1,161,160,162,-1,161,162,163,-1,163,162,164,-1,163,164,165,-1,165,164,138,-1,165,138,137,-1,166,167,168,-1,166,168,169,-1,169,168,153,-1,169,153,152,-1,166,170,167,-1,167,170,171,-1,172,173,174,-1,172,174,175,-1,175,174,171,-1,175,171,170,-1,176,177,178,-1,176,178,179,-1,179,178,180,-1,179,180,181,-1,181,180,182,-1,181,182,183,-1,183,182,184,-1,183,184,185,-1,185,184,186,-1,185,186,187,-1,187,186,188,-1,187,188,189,-1,189,188,173,-1,189,173,172,-1,190,191,192,-1,190,192,193,-1,193,192,194,-1,193,194,195,-1,195,194,196,-1,195,196,197,-1,197,196,198,-1,197,198,199,-1,199,198,200,-1,199,200,201,-1,201,200,202,-1,201,202,203,-1,203,202,177,-1,203,177,176,-1,126,128,204,-1,126,204,205,-1,205,204,206,-1,205,206,207,-1,207,206,191,-1,207,191,190,-1,193,131,190,-1,190,131,134,-1,190,134,207,-1,207,134,130,-1,207,130,205,-1,205,130,127,-1,205,127,126,-1,170,166,175,-1,175,166,169,-1,175,169,172,-1,172,169,152,-1,172,152,189,-1,189,152,155,-1,189,155,187,-1,187,155,157,-1,187,157,185,-1,185,157,159,-1,185,159,183,-1,183,159,161,-1,183,161,181,-1,181,161,163,-1,181,163,179,-1,179,163,165,-1,179,165,176,-1,176,165,137,-1,176,137,203,-1,203,137,140,-1,203,140,201,-1,201,140,142,-1,201,142,199,-1,199,142,144,-1,199,144,197,-1,197,144,146,-1,197,146,195,-1,195,146,148,-1,195,148,193,-1,193,148,150,-1,193,150,131,-1,208,209,210,-1,210,209,211,-1,209,212,211,-1,211,212,213,-1,212,214,213,-1,213,214,215,-1,214,216,215,-1,215,216,217,-1,216,218,217,-1,217,218,219,-1,218,208,219,-1,219,208,210,-1,216,214,218,-1,218,214,212,-1,218,212,208,-1,208,212,209,-1,
        ]
    }
}
Shape{
    appearance Appearance {
        material  Material {
            diffuseColor 0.9490196078431372 0.7607843137254902 0.1803921568627451
            specularColor 0.7607843137254902 0.6078431372549019 0.1450980392156863
            ambientIntensity 0.7509
            transparency 0.0
            shininess 0.5
        }
    }
    geometry IndexedFaceSet {
        ccw TRUE
        solid FALSE
        coord DEF co Coordinate {
            point [
                4.6378 -0.0102 -0.6555, 4.6378 -0.0102 -0.6884, 4.6378 0.0309 -0.6702, 4.6378 0.0309 -0.6736, 4.6378 0.0343 -0.6711, 4.6378 0.0344 -0.6727, 4.6378 0.0378 -0.6718, 4.6378 0.0378 -0.6721, 4.6378 0.039 -0.5552, 4.6378 -0.0378 -0.5552, 4.6378 0.039 -0.5697, 4.6378 -0.0378 -0.5691, 4.6378 -0.0368 -0.5795, 4.6378 0.0016 -0.608, 4.6378 0.0114 -0.6071, 4.6378 0.0192 -0.6048, 4.6378 0.0378 -0.5813, 4.6378 -0.0342 -0.5878, 4.6378 -0.0303 -0.5945, 4.6378 -0.0248 -0.6, 4.6378 -0.018 -0.6042, 4.6378 -0.0088 -0.6071, 4.6378 0.0252 -0.6014, 4.6378 0.0303 -0.5966, 4.6378 0.035 -0.5894, 3.6378 0.0402 -0.4277, 3.6378 0.0391 -0.418, 3.6378 -0.0337 -0.449, 3.6378 0.0498 -0.5203, 3.6378 0.1378 -0.5324, 3.6378 0.0498 -0.4699, 3.6378 0.1378 0.1969, 3.6378 -0.0402 -0.3941, 3.6378 -0.0324 -0.3867, 3.6378 -0.0486 -0.3691, 3.6378 -0.0492 -0.4179, 3.6378 -0.0486 -0.3187, 3.6378 0.0387 -0.4396, 3.6378 -0.0327 -0.4507, 3.6378 0.0339 -0.4507, 3.6378 -0.0042 -0.5179, 3.6378 -0.0492 -0.5324, 3.6378 0.0066 -0.5179, 3.6378 0.039 -0.5203, 3.6378 0.0066 -0.4831, 3.6378 0.039 -0.4831, 3.6378 0.0498 -0.3187, 3.6378 0.0498 -0.3319, 3.6378 0.0239 -0.3827, 3.6378 0.0331 -0.3885, 3.6378 0.0417 -0.3974, 3.6378 0.047 -0.4067, 3.6378 -0.0378 -0.3691, 3.6378 -0.0231 -0.3814, 3.6378 -0.0378 -0.3319, 3.6378 0.0502 -0.4177, 3.6378 0.051 -0.4276, 3.6378 0.0502 -0.4394, 3.6378 0.0471 -0.4507, 3.6378 -0.0486 -0.4699, 3.6378 -0.0435 -0.4507, 3.6378 -0.0485 -0.4115, 3.6378 -0.0452 -0.402, 3.6378 0.0365 -0.4106, 3.6378 0.0319 -0.4038, 3.6378 0.0254 -0.3979, 3.6378 -0.0004 -0.3907, 3.6378 -0.0111 -0.3917, 3.6378 -0.0195 -0.3944, 3.6378 -0.038 -0.4163, 3.6378 -0.039 -0.4255, 3.6378 -0.0353 -0.4091, 3.6378 -0.0312 -0.4031, 3.6378 -0.0264 -0.3985, 3.6378 -0.0375 -0.4385, 3.6378 -0.0126 -0.3785, 3.6378 -0.0012 -0.3775, 3.6378 0.0128 -0.3789, 3.6378 0.0178 -0.3938, 3.6378 0.0072 -0.3912, 3.6378 -0.0042 -0.4831, 3.6378 -0.0378 -0.4831, 3.6378 -0.0378 -0.5227, 3.6378 -0.0486 -0.5227, 3.6378 -0.0492 -0.4303, 3.6378 -0.0497 -0.4263, 3.6378 -0.1378 -0.5324, 3.6378 -0.0498 -0.4236, 3.6378 -0.0492 0.1969, 3.6378 -0.1378 0.1969, 3.6378 0.0498 -0.6656, 3.6378 0.0498 -0.6788, 3.6378 -0.0486 -0.5687, 3.6378 -0.0486 -0.542, 3.6378 0.0498 -0.542, 3.6378 -0.0486 -0.7028, 3.6378 -0.0486 -0.7172, 3.6378 -0.0492 -1.0236, 3.6378 0.1378 -1.0236, 3.6378 0.0498 -0.5697, 3.6378 0.0483 -0.5839, 3.6378 0.0443 -0.5955, 3.6378 0.0371 -0.6062, 3.6378 -0.0486 -0.6284, 3.6378 -0.0216 -0.6163, 3.6378 -0.0304 -0.6106, 3.6378 0.037 -0.6063, 3.6378 0.0293 -0.6132, 3.6378 0.0208 -0.6178, 3.6378 -0.0382 -0.6025, 3.6378 -0.0441 -0.5922, 3.6378 -0.0475 -0.5809, 3.6378 -0.0486 -0.6428, 3.6378 -0.021 -0.6522, 3.6378 -0.021 -0.6928, 3.6378 0.0111 -0.6205, 3.6378 0.0019 -0.6212, 3.6378 -0.0113 -0.6198, 3.6378 -0.0478 -0.4402, 3.6378 -0.1378 -1.0236
            ]
        }
        coordIndex [
            0,1,2,-1,2,1,3,-1,2,3,4,-1,4,3,5,-1,4,5,6,-1,6,5,7,-1,8,9,10,-1,10,9,11,-1,10,11,12,-1,13,14,10,-1,10,14,15,-1,10,15,16,-1,12,17,10,-1,10,17,18,-1,10,18,19,-1,19,20,10,-1,10,20,21,-1,10,21,13,-1,22,23,15,-1,15,23,24,-1,15,24,16,-1,25,26,27,-1,28,29,30,-1,30,29,31,-1,32,33,34,-1,35,34,36,-1,25,27,37,-1,37,27,38,-1,37,38,39,-1,40,41,42,-1,42,41,43,-1,42,43,44,-1,44,43,45,-1,31,46,47,-1,48,49,47,-1,47,49,50,-1,47,50,51,-1,34,33,52,-1,52,33,53,-1,52,53,54,-1,51,55,47,-1,47,55,56,-1,47,56,31,-1,31,56,57,-1,31,57,30,-1,57,58,30,-1,30,58,39,-1,30,39,59,-1,59,39,38,-1,59,38,60,-1,35,61,34,-1,34,61,62,-1,34,62,32,-1,26,63,27,-1,27,63,64,-1,27,64,65,-1,66,67,27,-1,27,67,68,-1,69,70,71,-1,71,70,72,-1,68,73,27,-1,27,73,72,-1,27,72,74,-1,74,72,70,-1,53,75,54,-1,54,75,76,-1,54,76,47,-1,47,76,77,-1,47,77,48,-1,65,78,27,-1,27,78,79,-1,27,79,66,-1,80,81,40,-1,40,81,82,-1,40,82,41,-1,41,82,83,-1,41,83,59,-1,84,85,86,-1,86,85,87,-1,86,87,35,-1,46,31,36,-1,36,31,88,-1,36,88,35,-1,35,88,89,-1,35,89,86,-1,29,90,91,-1,92,93,41,-1,28,43,29,-1,29,43,41,-1,29,41,94,-1,94,41,93,-1,95,41,96,-1,96,41,97,-1,96,97,91,-1,91,97,98,-1,91,98,29,-1,94,99,29,-1,29,99,100,-1,29,100,90,-1,90,100,101,-1,90,101,102,-1,103,104,105,-1,102,106,90,-1,90,106,107,-1,90,107,108,-1,105,109,103,-1,103,109,110,-1,103,110,111,-1,111,92,103,-1,103,92,41,-1,103,41,112,-1,112,41,95,-1,112,95,113,-1,113,95,114,-1,108,115,90,-1,90,115,116,-1,90,116,103,-1,103,116,117,-1,103,117,104,-1,60,118,59,-1,59,118,84,-1,59,84,41,-1,41,84,86,-1,41,86,97,-1,97,86,119,-1,
        ]
    }
}
Shape{
    appearance Appearance {
        material  Material {
            diffuseColor 0.17647058823529413 0.17647058823529413 0.17647058823529413
            specularColor 0.050980392156862744 0.050980392156862744 0.050980392156862744
            ambientIntensity 0.251
            transparency 0.0
            shininess 0.5
        }
    }
    geometry IndexedFaceSet {
        ccw TRUE
        solid FALSE
        coord DEF co Coordinate {
            point [
                3.3622 -0.1378 0.1969, 3.6378 -0.1378 0.1969, 4.0 -0.2638 0.1969, 3.6378 -0.0492 0.1969, 4.0 0.2638 0.1969, 3.6378 0.1378 0.1969, 3.0 0.2638 0.1969, 3.3622 0.1378 0.1969, 3.0 -0.2638 0.1969, 3.1181 -0.5 0.0118, 3.1181 -0.5 0.9843, 3.0 -0.3819 0.0118, 3.0 -0.3819 0.9843, 3.8819 -0.5 0.0118, 3.8819 -0.5 0.9843, 4.0 -0.3819 0.0118, 4.0 -0.3819 0.9843, 4.0 -0.2638 0.0118, 4.0 0.2638 0.0118, 4.0 0.3819 0.0118, 4.0 0.3819 0.9843, 3.8819 0.5 0.0118, 3.8819 0.5 0.9843, 3.1181 0.5 0.0118, 3.1181 0.5 0.9843, 3.0 0.3819 0.0118, 3.0 0.3819 0.9843, 3.0 0.2638 0.0118, 3.0 -0.2638 0.0118, 3.3622 -0.1378 0.9843, 3.6378 -0.1378 0.9843, 3.6378 0.1378 0.9843, 3.3622 0.1378 0.9843
            ]
        }
        coordIndex [
            0,1,2,-1,2,1,3,-1,2,3,4,-1,4,3,5,-1,4,5,6,-1,6,5,7,-1,6,7,8,-1,8,7,0,-1,8,0,2,-1,9,10,11,-1,11,10,12,-1,13,14,9,-1,9,14,10,-1,15,16,13,-1,13,16,14,-1,15,17,2,-1,18,19,4,-1,4,19,20,-1,4,20,2,-1,2,20,16,-1,2,16,15,-1,21,22,19,-1,19,22,20,-1,23,24,21,-1,21,24,22,-1,25,26,23,-1,23,26,24,-1,25,27,6,-1,28,11,8,-1,8,11,12,-1,8,12,6,-1,6,12,26,-1,6,26,25,-1,10,14,16,-1,26,12,10,-1,24,26,29,-1,29,26,10,-1,29,10,30,-1,30,10,16,-1,30,16,31,-1,31,16,20,-1,20,22,31,-1,31,22,24,-1,31,24,32,-1,32,24,29,-1,6,27,4,-1,4,27,18,-1,19,18,21,-1,21,18,27,-1,21,27,23,-1,23,27,25,-1,2,17,8,-1,8,17,28,-1,17,15,13,-1,13,9,17,-1,17,9,11,-1,17,11,28,-1,
        ]
    }
}
Shape{
    appearance Appearance {
        material  Material {
            diffuseColor 0.9490196078431372 0.7607843137254902 0.1803921568627451
            specularColor 0.7607843137254902 0.6078431372549019 0.1450980392156863
            ambientIntensity 0.7509
            transparency 0.0
            shininess 0.5
        }
    }
    geometry IndexedFaceSet {
        ccw TRUE
        solid FALSE
        coord DEF co Coordinate {
            point [
                3.5984 -0.0984 3.3465, 3.5984 0.0984 3.3465, 3.4016 -0.0984 3.3465, 3.4016 0.0984 3.3465, 3.6378 0.1378 3.189, 3.6378 0.1378 0.9843, 3.3622 0.1378 3.189, 3.3622 0.1378 0.9843, 3.3622 -0.1378 3.189, 3.3622 -0.1378 0.9843, 3.6378 -0.1378 3.189, 3.6378 -0.1378 0.9843, 3.6378 -0.1378 0.1969, 3.3622 -0.1378 0.1969, 3.6378 -0.1378 -0.5324, 3.3622 -0.1378 -1.0236, 3.6378 -0.1378 -1.0236, 3.3622 0.1378 -1.0236, 3.3622 0.1378 0.1969, 3.6378 0.1378 0.1969, 3.6378 0.1378 -0.5324, 3.6378 0.1378 -1.0236, 3.5984 0.0984 -1.1811, 3.5984 -0.0984 -1.1811, 3.4016 0.0984 -1.1811, 3.4016 -0.0984 -1.1811, 3.6378 -0.0492 -1.0236
            ]
        }
        coordIndex [
            0,1,2,-1,2,1,3,-1,4,5,6,-1,6,5,7,-1,6,7,8,-1,8,7,9,-1,8,9,10,-1,10,9,11,-1,10,11,4,-1,4,11,5,-1,12,13,14,-1,14,13,15,-1,14,15,16,-1,15,13,17,-1,17,13,18,-1,18,19,17,-1,17,19,20,-1,17,20,21,-1,22,23,24,-1,24,23,25,-1,23,16,25,-1,25,16,15,-1,16,23,26,-1,26,23,22,-1,26,22,21,-1,17,24,15,-1,15,24,25,-1,24,17,22,-1,22,17,21,-1,6,3,4,-1,4,3,1,-1,8,2,6,-1,6,2,3,-1,0,10,1,-1,1,10,4,-1,10,0,8,-1,8,0,2,-1,
        ]
    }
}
Shape{
    appearance Appearance {
        material  Material {
            diffuseColor 0.0 0.0 0.0
            specularColor 0.0 0.0 0.0
            ambientIntensity 0.0
            transparency 0.0
            shininess 0.5
        }
    }
    geometry IndexedFaceSet {
        ccw TRUE
        solid FALSE
        coord DEF co Coordinate {
            point [
                3.6339 0.0498 -0.6788, 3.6339 -0.0486 -0.7172, 3.6378 0.0498 -0.6788, 3.6378 -0.0486 -0.7172, 3.6339 -0.0486 -0.7028, 3.6378 -0.0486 -0.7028, 3.6339 -0.021 -0.6928, 3.6378 -0.021 -0.6928, 3.6339 -0.021 -0.6522, 3.6378 -0.021 -0.6522, 3.6339 -0.0486 -0.6428, 3.6378 -0.0486 -0.6428, 3.6339 -0.0486 -0.6284, 3.6378 -0.0486 -0.6284, 3.6339 0.0498 -0.6656, 3.6378 0.0498 -0.6656, 3.6339 -0.0102 -0.6555, 3.6339 -0.0102 -0.6884, 3.6339 0.0309 -0.6702, 3.6339 0.0343 -0.6711, 3.6339 0.0378 -0.6718, 3.6339 0.0378 -0.6721, 3.6339 0.0344 -0.6727, 3.6339 0.0309 -0.6736, 3.6378 -0.0102 -0.6555, 3.6378 -0.0102 -0.6884, 3.6378 0.0309 -0.6702, 3.6378 0.0343 -0.6711, 3.6378 0.0378 -0.6718, 3.6378 0.0378 -0.6721, 3.6378 0.0344 -0.6727, 3.6378 0.0309 -0.6736, 3.6339 -0.0486 -0.5687, 3.6339 -0.0486 -0.542, 3.6378 -0.0486 -0.5687, 3.6378 -0.0486 -0.542, 3.6339 0.0498 -0.542, 3.6378 0.0498 -0.542, 3.6339 0.0498 -0.5697, 3.6378 0.0498 -0.5697, 3.6339 0.0019 -0.6212, 3.6378 0.0019 -0.6212, 3.6378 0.0111 -0.6205, 3.6339 0.0111 -0.6205, 3.6378 0.0208 -0.6178, 3.6339 0.0208 -0.6178, 3.6378 0.0293 -0.6132, 3.6339 0.0293 -0.6132, 3.6378 0.037 -0.6063, 3.6339 0.037 -0.6063, 3.6378 0.0371 -0.6062, 3.6339 0.0371 -0.6062, 3.6378 0.0443 -0.5955, 3.6339 0.0443 -0.5955, 3.6378 0.0483 -0.5839, 3.6339 0.0483 -0.5839, 3.6378 -0.0475 -0.5809, 3.6339 -0.0475 -0.5809, 3.6378 -0.0441 -0.5922, 3.6339 -0.0441 -0.5922, 3.6378 -0.0382 -0.6025, 3.6339 -0.0382 -0.6025, 3.6378 -0.0304 -0.6106, 3.6339 -0.0304 -0.6106, 3.6378 -0.0216 -0.6163, 3.6339 -0.0216 -0.6163, 3.6378 -0.0113 -0.6198, 3.6339 -0.0113 -0.6198, 3.6339 0.0252 -0.6014, 3.6339 0.0303 -0.5966, 3.6339 0.035 -0.5894, 3.6339 0.0378 -0.5813, 3.6339 0.039 -0.5697, 3.6339 0.039 -0.5552, 3.6339 -0.0378 -0.5552, 3.6339 -0.0378 -0.5691, 3.6339 -0.0368 -0.5795, 3.6339 -0.0342 -0.5878, 3.6339 -0.0303 -0.5945, 3.6339 -0.0248 -0.6, 3.6339 -0.018 -0.6042, 3.6339 -0.0088 -0.6071, 3.6339 0.0016 -0.608, 3.6339 0.0114 -0.6071, 3.6339 0.0192 -0.6048, 3.6378 0.039 -0.5697, 3.6378 0.039 -0.5552, 3.6378 0.0378 -0.5813, 3.6378 0.035 -0.5894, 3.6378 0.0303 -0.5966, 3.6378 0.0252 -0.6014, 3.6378 0.0192 -0.6048, 3.6378 0.0114 -0.6071, 3.6378 0.0016 -0.608, 3.6378 -0.0088 -0.6071, 3.6378 -0.018 -0.6042, 3.6378 -0.0248 -0.6, 3.6378 -0.0303 -0.5945, 3.6378 -0.0342 -0.5878, 3.6378 -0.0368 -0.5795, 3.6378 -0.0378 -0.5691, 3.6378 -0.0378 -0.5552, 3.6339 -0.0378 -0.5227, 3.6339 -0.0486 -0.5227, 3.6378 -0.0378 -0.5227, 3.6378 -0.0486 -0.5227, 3.6339 -0.0486 -0.4699, 3.6378 -0.0486 -0.4699, 3.6339 0.0498 -0.4699, 3.6378 0.0498 -0.4699, 3.6339 0.0498 -0.5203, 3.6378 0.0498 -0.5203, 3.6339 0.039 -0.5203, 3.6378 0.039 -0.5203, 3.6339 0.039 -0.4831, 3.6378 0.039 -0.4831, 3.6339 0.0066 -0.4831, 3.6378 0.0066 -0.4831, 3.6339 0.0066 -0.5179, 3.6378 0.0066 -0.5179, 3.6339 -0.0042 -0.5179, 3.6378 -0.0042 -0.5179, 3.6339 -0.0042 -0.4831, 3.6378 -0.0042 -0.4831, 3.6339 -0.0378 -0.4831, 3.6378 -0.0378 -0.4831, 3.6339 -0.0327 -0.4507, 3.6339 -0.0435 -0.4507, 3.6378 -0.0327 -0.4507, 3.6378 -0.0435 -0.4507, 3.6339 -0.0478 -0.4402, 3.6339 -0.0498 -0.4236, 3.6378 -0.0498 -0.4236, 3.6378 -0.0497 -0.4263, 3.6339 -0.0497 -0.4263, 3.6378 -0.0492 -0.4303, 3.6378 -0.0478 -0.4402, 3.6339 -0.0012 -0.3775, 3.6378 -0.0012 -0.3775, 3.6378 -0.0126 -0.3785, 3.6339 -0.0126 -0.3785, 3.6378 -0.0231 -0.3814, 3.6339 -0.0231 -0.3814, 3.6378 -0.0324 -0.3867, 3.6339 -0.0324 -0.3867, 3.6378 -0.0402 -0.3941, 3.6339 -0.0402 -0.3941, 3.6378 -0.0452 -0.402, 3.6339 -0.0452 -0.402, 3.6378 -0.0485 -0.4115, 3.6339 -0.0485 -0.4115, 3.6378 -0.0492 -0.4179, 3.6339 0.051 -0.4276, 3.6378 0.051 -0.4276, 3.6378 0.0502 -0.4177, 3.6339 0.0502 -0.4177, 3.6378 0.047 -0.4067, 3.6339 0.047 -0.4067, 3.6378 0.0417 -0.3974, 3.6339 0.0417 -0.3974, 3.6378 0.0331 -0.3885, 3.6339 0.0331 -0.3885, 3.6378 0.0239 -0.3827, 3.6339 0.0239 -0.3827, 3.6378 0.0128 -0.3789, 3.6339 0.0128 -0.3789, 3.6339 0.0471 -0.4507, 3.6378 0.0471 -0.4507, 3.6378 0.0502 -0.4394, 3.6339 0.0502 -0.4394, 3.6339 0.0339 -0.4507, 3.6378 0.0339 -0.4507, 3.6339 0.0402 -0.4277, 3.6378 0.0402 -0.4277, 3.6378 0.0387 -0.4396, 3.6339 0.0387 -0.4396, 3.6339 -0.0004 -0.3907, 3.6378 -0.0004 -0.3907, 3.6378 0.0072 -0.3912, 3.6339 0.0072 -0.3912, 3.6378 0.0178 -0.3938, 3.6339 0.0178 -0.3938, 3.6378 0.0254 -0.3979, 3.6339 0.0254 -0.3979, 3.6378 0.0319 -0.4038, 3.6339 0.0319 -0.4038, 3.6378 0.0365 -0.4106, 3.6339 0.0365 -0.4106, 3.6378 0.0391 -0.418, 3.6339 0.0391 -0.418, 3.6339 -0.039 -0.4255, 3.6378 -0.039 -0.4255, 3.6378 -0.038 -0.4163, 3.6339 -0.038 -0.4163, 3.6378 -0.0353 -0.4091, 3.6339 -0.0353 -0.4091, 3.6378 -0.0312 -0.4031, 3.6339 -0.0312 -0.4031, 3.6378 -0.0264 -0.3985, 3.6339 -0.0264 -0.3985, 3.6378 -0.0195 -0.3944, 3.6339 -0.0195 -0.3944, 3.6378 -0.0111 -0.3917, 3.6339 -0.0111 -0.3917, 3.6378 -0.0337 -0.449, 3.6339 -0.0337 -0.449, 3.6378 -0.0375 -0.4385, 3.6339 -0.0375 -0.4385, 3.6339 -0.0378 -0.3691, 3.6339 -0.0486 -0.3691, 3.6378 -0.0378 -0.3691, 3.6378 -0.0486 -0.3691, 3.6339 -0.0486 -0.3187, 3.6378 -0.0486 -0.3187, 3.6339 0.0498 -0.3187, 3.6378 0.0498 -0.3187, 3.6339 0.0498 -0.3319, 3.6378 0.0498 -0.3319, 3.6339 -0.0378 -0.3319, 3.6378 -0.0378 -0.3319
            ]
        }
        coordIndex [
            0,1,2,-1,2,1,3,-1,1,4,3,-1,3,4,5,-1,4,6,5,-1,5,6,7,-1,6,8,7,-1,7,8,9,-1,8,10,9,-1,9,10,11,-1,10,12,11,-1,11,12,13,-1,12,14,13,-1,13,14,15,-1,14,0,15,-1,15,0,2,-1,16,8,17,-1,17,8,6,-1,18,14,16,-1,16,14,12,-1,16,12,8,-1,8,12,10,-1,18,19,14,-1,14,19,20,-1,14,20,0,-1,0,20,21,-1,0,21,22,-1,22,23,0,-1,0,23,17,-1,0,17,1,-1,1,17,6,-1,1,6,4,-1,16,17,24,-1,24,17,25,-1,18,16,26,-1,26,16,24,-1,18,26,27,-1,18,27,19,-1,19,27,28,-1,19,28,20,-1,21,20,29,-1,29,20,28,-1,21,29,30,-1,21,30,22,-1,22,30,31,-1,22,31,23,-1,17,23,25,-1,25,23,31,-1,32,33,34,-1,34,33,35,-1,33,36,35,-1,35,36,37,-1,36,38,37,-1,37,38,39,-1,40,41,42,-1,40,42,43,-1,43,42,44,-1,43,44,45,-1,45,44,46,-1,45,46,47,-1,47,46,48,-1,47,48,49,-1,49,48,50,-1,49,50,51,-1,51,50,52,-1,51,52,53,-1,53,52,54,-1,53,54,55,-1,55,54,39,-1,55,39,38,-1,32,34,56,-1,32,56,57,-1,57,56,58,-1,57,58,59,-1,59,58,60,-1,59,60,61,-1,61,60,62,-1,61,62,63,-1,63,62,64,-1,63,64,65,-1,65,64,66,-1,65,66,67,-1,67,66,41,-1,67,41,40,-1,45,47,68,-1,68,47,49,-1,68,49,69,-1,69,49,51,-1,69,51,70,-1,70,51,53,-1,70,53,71,-1,71,53,55,-1,71,55,72,-1,72,55,38,-1,72,38,73,-1,73,38,36,-1,73,36,74,-1,74,36,33,-1,74,33,75,-1,75,33,32,-1,75,32,76,-1,76,32,57,-1,76,57,77,-1,77,57,59,-1,77,59,78,-1,78,59,61,-1,78,61,79,-1,79,61,63,-1,79,63,80,-1,80,63,65,-1,80,65,81,-1,81,65,67,-1,81,67,82,-1,82,67,40,-1,82,40,83,-1,83,40,43,-1,83,43,84,-1,84,43,45,-1,84,45,68,-1,72,73,85,-1,85,73,86,-1,72,85,87,-1,72,87,71,-1,71,87,88,-1,71,88,70,-1,70,88,89,-1,70,89,69,-1,69,89,90,-1,69,90,68,-1,68,90,91,-1,68,91,84,-1,84,91,92,-1,84,92,83,-1,83,92,93,-1,83,93,82,-1,82,93,94,-1,82,94,81,-1,81,94,95,-1,81,95,80,-1,80,95,96,-1,80,96,79,-1,79,96,97,-1,79,97,78,-1,78,97,98,-1,78,98,77,-1,77,98,99,-1,77,99,76,-1,76,99,100,-1,76,100,75,-1,74,75,101,-1,101,75,100,-1,73,74,86,-1,86,74,101,-1,102,103,104,-1,104,103,105,-1,103,106,105,-1,105,106,107,-1,106,108,107,-1,107,108,109,-1,108,110,109,-1,109,110,111,-1,110,112,111,-1,111,112,113,-1,112,114,113,-1,113,114,115,-1,114,116,115,-1,115,116,117,-1,116,118,117,-1,117,118,119,-1,118,120,119,-1,119,120,121,-1,120,122,121,-1,121,122,123,-1,122,124,123,-1,123,124,125,-1,124,102,125,-1,125,102,104,-1,106,103,102,-1,102,124,106,-1,106,124,122,-1,106,122,108,-1,112,110,114,-1,114,110,108,-1,114,108,116,-1,116,108,122,-1,116,122,118,-1,118,122,120,-1,126,127,128,-1,128,127,129,-1,129,127,130,-1,131,132,133,-1,131,133,134,-1,134,133,135,-1,134,135,130,-1,130,135,136,-1,130,136,129,-1,137,138,139,-1,137,139,140,-1,140,139,141,-1,140,141,142,-1,142,141,143,-1,142,143,144,-1,144,143,145,-1,144,145,146,-1,146,145,147,-1,146,147,148,-1,148,147,149,-1,148,149,150,-1,150,149,131,-1,131,149,151,-1,131,151,132,-1,152,153,154,-1,152,154,155,-1,155,154,156,-1,155,156,157,-1,157,156,158,-1,157,158,159,-1,159,158,160,-1,159,160,161,-1,161,160,162,-1,161,162,163,-1,163,162,164,-1,163,164,165,-1,165,164,138,-1,165,138,137,-1,166,167,168,-1,166,168,169,-1,169,168,153,-1,169,153,152,-1,166,170,167,-1,167,170,171,-1,172,173,174,-1,172,174,175,-1,175,174,171,-1,175,171,170,-1,176,177,178,-1,176,178,179,-1,179,178,180,-1,179,180,181,-1,181,180,182,-1,181,182,183,-1,183,182,184,-1,183,184,185,-1,185,184,186,-1,185,186,187,-1,187,186,188,-1,187,188,189,-1,189,188,173,-1,189,173,172,-1,190,191,192,-1,190,192,193,-1,193,192,194,-1,193,194,195,-1,195,194,196,-1,195,196,197,-1,197,196,198,-1,197,198,199,-1,199,198,200,-1,199,200,201,-1,201,200,202,-1,201,202,203,-1,203,202,177,-1,203,177,176,-1,126,128,204,-1,126,204,205,-1,205,204,206,-1,205,206,207,-1,207,206,191,-1,207,191,190,-1,193,131,190,-1,190,131,134,-1,190,134,207,-1,207,134,130,-1,207,130,205,-1,205,130,127,-1,205,127,126,-1,170,166,175,-1,175,166,169,-1,175,169,172,-1,172,169,152,-1,172,152,189,-1,189,152,155,-1,189,155,187,-1,187,155,157,-1,187,157,185,-1,185,157,159,-1,185,159,183,-1,183,159,161,-1,183,161,181,-1,181,161,163,-1,181,163,179,-1,179,163,165,-1,179,165,176,-1,176,165,137,-1,176,137,203,-1,203,137,140,-1,203,140,201,-1,201,140,142,-1,201,142,199,-1,199,142,144,-1,199,144,197,-1,197,144,146,-1,197,146,195,-1,195,146,148,-1,195,148,193,-1,193,148,150,-1,193,150,131,-1,208,209,210,-1,210,209,211,-1,209,212,211,-1,211,212,213,-1,212,214,213,-1,213,214,215,-1,214,216,215,-1,215,216,217,-1,216,218,217,-1,217,218,219,-1,218,208,219,-1,219,208,210,-1,216,214,218,-1,218,214,212,-1,218,212,208,-1,208,212,209,-1,
        ]
    }
}
Shape{
    appearance Appearance {
        material  Material {
            diffuseColor 0.9490196078431372 0.7607843137254902 0.1803921568627451
            specularColor 0.7607843137254902 0.6078431372549019 0.1450980392156863
            ambientIntensity 0.7509
            transparency 0.0
            shininess 0.5
        }
    }
    geometry IndexedFaceSet {
        ccw TRUE
        solid FALSE
        coord DEF co Coordinate {
            point [
                3.6378 -0.0102 -0.6555, 3.6378 -0.0102 -0.6884, 3.6378 0.0309 -0.6702, 3.6378 0.0309 -0.6736, 3.6378 0.0343 -0.6711, 3.6378 0.0344 -0.6727, 3.6378 0.0378 -0.6718, 3.6378 0.0378 -0.6721, 3.6378 0.039 -0.5552, 3.6378 -0.0378 -0.5552, 3.6378 0.039 -0.5697, 3.6378 -0.0378 -0.5691, 3.6378 -0.0368 -0.5795, 3.6378 0.0016 -0.608, 3.6378 0.0114 -0.6071, 3.6378 0.0192 -0.6048, 3.6378 0.0378 -0.5813, 3.6378 -0.0342 -0.5878, 3.6378 -0.0303 -0.5945, 3.6378 -0.0248 -0.6, 3.6378 -0.018 -0.6042, 3.6378 -0.0088 -0.6071, 3.6378 0.0252 -0.6014, 3.6378 0.0303 -0.5966, 3.6378 0.035 -0.5894, 2.6378 0.0402 -0.4277, 2.6378 0.0391 -0.418, 2.6378 -0.0337 -0.449, 2.6378 0.0498 -0.5203, 2.6378 0.1378 -0.5324, 2.6378 0.0498 -0.4699, 2.6378 0.1378 0.1969, 2.6378 -0.0402 -0.3941, 2.6378 -0.0324 -0.3867, 2.6378 -0.0486 -0.3691, 2.6378 -0.0492 -0.4179, 2.6378 -0.0486 -0.3187, 2.6378 0.0387 -0.4396, 2.6378 -0.0327 -0.4507, 2.6378 0.0339 -0.4507, 2.6378 -0.0042 -0.5179, 2.6378 -0.0492 -0.5324, 2.6378 0.0066 -0.5179, 2.6378 0.039 -0.5203, 2.6378 0.0066 -0.4831, 2.6378 0.039 -0.4831, 2.6378 0.0498 -0.3187, 2.6378 0.0498 -0.3319, 2.6378 0.0239 -0.3827, 2.6378 0.0331 -0.3885, 2.6378 0.0417 -0.3974, 2.6378 0.047 -0.4067, 2.6378 -0.0378 -0.3691, 2.6378 -0.0231 -0.3814, 2.6378 -0.0378 -0.3319, 2.6378 0.0502 -0.4177, 2.6378 0.051 -0.4276, 2.6378 0.0502 -0.4394, 2.6378 0.0471 -0.4507, 2.6378 -0.0486 -0.4699, 2.6378 -0.0435 -0.4507, 2.6378 -0.0485 -0.4115, 2.6378 -0.0452 -0.402, 2.6378 0.0365 -0.4106, 2.6378 0.0319 -0.4038, 2.6378 0.0254 -0.3979, 2.6378 -0.0004 -0.3907, 2.6378 -0.0111 -0.3917, 2.6378 -0.0195 -0.3944, 2.6378 -0.038 -0.4163, 2.6378 -0.039 -0.4255, 2.6378 -0.0353 -0.4091, 2.6378 -0.0312 -0.4031, 2.6378 -0.0264 -0.3985, 2.6378 -0.0375 -0.4385, 2.6378 -0.0126 -0.3785, 2.6378 -0.0012 -0.3775, 2.6378 0.0128 -0.3789, 2.6378 0.0178 -0.3938, 2.6378 0.0072 -0.3912, 2.6378 -0.0042 -0.4831, 2.6378 -0.0378 -0.4831, 2.6378 -0.0378 -0.5227, 2.6378 -0.0486 -0.5227, 2.6378 -0.0492 -0.4303, 2.6378 -0.0497 -0.4263, 2.6378 -0.1378 -0.5324, 2.6378 -0.0498 -0.4236, 2.6378 -0.0492 0.1969, 2.6378 -0.1378 0.1969, 2.6378 0.0498 -0.6656, 2.6378 0.0498 -0.6788, 2.6378 -0.0486 -0.5687, 2.6378 -0.0486 -0.542, 2.6378 0.0498 -0.542, 2.6378 -0.0486 -0.7028, 2.6378 -0.0486 -0.7172, 2.6378 -0.0492 -1.0236, 2.6378 0.1378 -1.0236, 2.6378 0.0498 -0.5697, 2.6378 0.0483 -0.5839, 2.6378 0.0443 -0.5955, 2.6378 0.0371 -0.6062, 2.6378 -0.0486 -0.6284, 2.6378 -0.0216 -0.6163, 2.6378 -0.0304 -0.6106, 2.6378 0.037 -0.6063, 2.6378 0.0293 -0.6132, 2.6378 0.0208 -0.6178, 2.6378 -0.0382 -0.6025, 2.6378 -0.0441 -0.5922, 2.6378 -0.0475 -0.5809, 2.6378 -0.0486 -0.6428, 2.6378 -0.021 -0.6522, 2.6378 -0.021 -0.6928, 2.6378 0.0111 -0.6205, 2.6378 0.0019 -0.6212, 2.6378 -0.0113 -0.6198, 2.6378 -0.0478 -0.4402, 2.6378 -0.1378 -1.0236
            ]
        }
        coordIndex [
            0,1,2,-1,2,1,3,-1,2,3,4,-1,4,3,5,-1,4,5,6,-1,6,5,7,-1,8,9,10,-1,10,9,11,-1,10,11,12,-1,13,14,10,-1,10,14,15,-1,10,15,16,-1,12,17,10,-1,10,17,18,-1,10,18,19,-1,19,20,10,-1,10,20,21,-1,10,21,13,-1,22,23,15,-1,15,23,24,-1,15,24,16,-1,25,26,27,-1,28,29,30,-1,30,29,31,-1,32,33,34,-1,35,34,36,-1,25,27,37,-1,37,27,38,-1,37,38,39,-1,40,41,42,-1,42,41,43,-1,42,43,44,-1,44,43,45,-1,31,46,47,-1,48,49,47,-1,47,49,50,-1,47,50,51,-1,34,33,52,-1,52,33,53,-1,52,53,54,-1,51,55,47,-1,47,55,56,-1,47,56,31,-1,31,56,57,-1,31,57,30,-1,57,58,30,-1,30,58,39,-1,30,39,59,-1,59,39,38,-1,59,38,60,-1,35,61,34,-1,34,61,62,-1,34,62,32,-1,26,63,27,-1,27,63,64,-1,27,64,65,-1,66,67,27,-1,27,67,68,-1,69,70,71,-1,71,70,72,-1,68,73,27,-1,27,73,72,-1,27,72,74,-1,74,72,70,-1,53,75,54,-1,54,75,76,-1,54,76,47,-1,47,76,77,-1,47,77,48,-1,65,78,27,-1,27,78,79,-1,27,79,66,-1,80,81,40,-1,40,81,82,-1,40,82,41,-1,41,82,83,-1,41,83,59,-1,84,85,86,-1,86,85,87,-1,86,87,35,-1,46,31,36,-1,36,31,88,-1,36,88,35,-1,35,88,89,-1,35,89,86,-1,29,90,91,-1,92,93,41,-1,28,43,29,-1,29,43,41,-1,29,41,94,-1,94,41,93,-1,95,41,96,-1,96,41,97,-1,96,97,91,-1,91,97,98,-1,91,98,29,-1,94,99,29,-1,29,99,100,-1,29,100,90,-1,90,100,101,-1,90,101,102,-1,103,104,105,-1,102,106,90,-1,90,106,107,-1,90,107,108,-1,105,109,103,-1,103,109,110,-1,103,110,111,-1,111,92,103,-1,103,92,41,-1,103,41,112,-1,112,41,95,-1,112,95,113,-1,113,95,114,-1,108,115,90,-1,90,115,116,-1,90,116,103,-1,103,116,117,-1,103,117,104,-1,60,118,59,-1,59,118,84,-1,59,84,41,-1,41,84,86,-1,41,86,97,-1,97,86,119,-1,
        ]
    }
}
Shape{
    appearance Appearance {
        material  Material {
            diffuseColor 0.17647058823529413 0.17647058823529413 0.17647058823529413
            specularColor 0.050980392156862744 0.050980392156862744 0.050980392156862744
            ambientIntensity 0.251
            transparency 0.0
            shininess 0.5
        }
    }
    geometry IndexedFaceSet {
        ccw TRUE
        solid FALSE
        coord DEF co Coordinate {
            point [
                2.3622 -0.1378 0.1969, 2.6378 -0.1378 0.1969, 3.0 -0.2638 0.1969, 2.6378 -0.0492 0.1969, 3.0 0.2638 0.1969, 2.6378 0.1378 0.1969, 2.0 0.2638 0.1969, 2.3622 0.1378 0.1969, 2.0 -0.2638 0.1969, 2.1181 -0.5 0.0118, 2.1181 -0.5 0.9843, 2.0 -0.3819 0.0118, 2.0 -0.3819 0.9843, 2.8819 -0.5 0.0118, 2.8819 -0.5 0.9843, 3.0 -0.3819 0.0118, 3.0 -0.3819 0.9843, 3.0 -0.2638 0.0118, 3.0 0.2638 0.0118, 3.0 0.3819 0.0118, 3.0 0.3819 0.9843, 2.8819 0.5 0.0118, 2.8819 0.5 0.9843, 2.1181 0.5 0.0118, 2.1181 0.5 0.9843, 2.0 0.3819 0.0118, 2.0 0.3819 0.9843, 2.0 0.2638 0.0118, 2.0 -0.2638 0.0118, 2.3622 0.1378 0.9843, 2.3622 -0.1378 0.9843, 2.6378 -0.1378 0.9843, 2.6378 0.1378 0.9843
            ]
        }
        coordIndex [
            0,1,2,-1,2,1,3,-1,2,3,4,-1,4,3,5,-1,4,5,6,-1,6,5,7,-1,6,7,8,-1,8,7,0,-1,8,0,2,-1,9,10,11,-1,11,10,12,-1,13,14,9,-1,9,14,10,-1,15,16,13,-1,13,16,14,-1,15,17,2,-1,18,19,4,-1,4,19,20,-1,4,20,2,-1,2,20,16,-1,2,16,15,-1,21,22,19,-1,19,22,20,-1,23,24,21,-1,21,24,22,-1,25,26,23,-1,23,26,24,-1,25,27,6,-1,28,11,8,-1,8,11,12,-1,8,12,6,-1,6,12,26,-1,6,26,25,-1,10,14,16,-1,16,20,22,-1,24,26,29,-1,29,26,12,-1,29,12,30,-1,30,12,10,-1,30,10,31,-1,31,10,16,-1,31,16,32,-1,32,16,22,-1,32,22,29,-1,29,22,24,-1,6,27,4,-1,4,27,18,-1,21,19,18,-1,21,18,23,-1,23,18,27,-1,23,27,25,-1,2,17,8,-1,8,17,28,-1,11,28,9,-1,9,28,17,-1,9,17,13,-1,13,17,15,-1,
        ]
    }
}
Shape{
    appearance Appearance {
        material  Material {
            diffuseColor 0.9490196078431372 0.7607843137254902 0.1803921568627451
            specularColor 0.7607843137254902 0.6078431372549019 0.1450980392156863
            ambientIntensity 0.7509
            transparency 0.0
            shininess 0.5
        }
    }
    geometry IndexedFaceSet {
        ccw TRUE
        solid FALSE
        coord DEF co Coordinate {
            point [
                2.5984 -0.0984 3.3465, 2.5984 0.0984 3.3465, 2.4016 -0.0984 3.3465, 2.4016 0.0984 3.3465, 2.6378 0.1378 3.189, 2.6378 0.1378 0.9843, 2.3622 0.1378 3.189, 2.3622 0.1378 0.9843, 2.3622 -0.1378 3.189, 2.3622 -0.1378 0.9843, 2.6378 -0.1378 3.189, 2.6378 -0.1378 0.9843, 2.6378 -0.1378 0.1969, 2.3622 -0.1378 0.1969, 2.6378 -0.1378 -0.5324, 2.3622 -0.1378 -1.0236, 2.6378 -0.1378 -1.0236, 2.3622 0.1378 -1.0236, 2.3622 0.1378 0.1969, 2.6378 0.1378 0.1969, 2.6378 0.1378 -0.5324, 2.6378 0.1378 -1.0236, 2.5984 0.0984 -1.1811, 2.5984 -0.0984 -1.1811, 2.4016 0.0984 -1.1811, 2.4016 -0.0984 -1.1811, 2.6378 -0.0492 -1.0236
            ]
        }
        coordIndex [
            0,1,2,-1,2,1,3,-1,4,5,6,-1,6,5,7,-1,6,7,8,-1,8,7,9,-1,8,9,10,-1,10,9,11,-1,10,11,4,-1,4,11,5,-1,12,13,14,-1,14,13,15,-1,14,15,16,-1,15,13,17,-1,17,13,18,-1,18,19,17,-1,17,19,20,-1,17,20,21,-1,22,23,24,-1,24,23,25,-1,23,16,25,-1,25,16,15,-1,16,23,26,-1,26,23,22,-1,26,22,21,-1,17,24,15,-1,15,24,25,-1,24,17,22,-1,22,17,21,-1,6,3,4,-1,4,3,1,-1,8,2,6,-1,6,2,3,-1,0,10,1,-1,1,10,4,-1,10,0,8,-1,8,0,2,-1,
        ]
    }
}
Shape{
    appearance Appearance {
        material  Material {
            diffuseColor 0.0 0.0 0.0
            specularColor 0.0 0.0 0.0
            ambientIntensity 0.0
            transparency 0.0
            shininess 0.5
        }
    }
    geometry IndexedFaceSet {
        ccw TRUE
        solid FALSE
        coord DEF co Coordinate {
            point [
                2.6339 0.0498 -0.6788, 2.6339 -0.0486 -0.7172, 2.6378 0.0498 -0.6788, 2.6378 -0.0486 -0.7172, 2.6339 -0.0486 -0.7028, 2.6378 -0.0486 -0.7028, 2.6339 -0.021 -0.6928, 2.6378 -0.021 -0.6928, 2.6339 -0.021 -0.6522, 2.6378 -0.021 -0.6522, 2.6339 -0.0486 -0.6428, 2.6378 -0.0486 -0.6428, 2.6339 -0.0486 -0.6284, 2.6378 -0.0486 -0.6284, 2.6339 0.0498 -0.6656, 2.6378 0.0498 -0.6656, 2.6339 -0.0102 -0.6555, 2.6339 -0.0102 -0.6884, 2.6339 0.0309 -0.6702, 2.6339 0.0343 -0.6711, 2.6339 0.0378 -0.6718, 2.6339 0.0378 -0.6721, 2.6339 0.0344 -0.6727, 2.6339 0.0309 -0.6736, 2.6378 -0.0102 -0.6555, 2.6378 -0.0102 -0.6884, 2.6378 0.0309 -0.6702, 2.6378 0.0343 -0.6711, 2.6378 0.0378 -0.6718, 2.6378 0.0378 -0.6721, 2.6378 0.0344 -0.6727, 2.6378 0.0309 -0.6736, 2.6339 -0.0486 -0.5687, 2.6339 -0.0486 -0.542, 2.6378 -0.0486 -0.5687, 2.6378 -0.0486 -0.542, 2.6339 0.0498 -0.542, 2.6378 0.0498 -0.542, 2.6339 0.0498 -0.5697, 2.6378 0.0498 -0.5697, 2.6339 0.0019 -0.6212, 2.6378 0.0019 -0.6212, 2.6378 0.0111 -0.6205, 2.6339 0.0111 -0.6205, 2.6378 0.0208 -0.6178, 2.6339 0.0208 -0.6178, 2.6378 0.0293 -0.6132, 2.6339 0.0293 -0.6132, 2.6378 0.037 -0.6063, 2.6339 0.037 -0.6063, 2.6378 0.0371 -0.6062, 2.6339 0.0371 -0.6062, 2.6378 0.0443 -0.5955, 2.6339 0.0443 -0.5955, 2.6378 0.0483 -0.5839, 2.6339 0.0483 -0.5839, 2.6378 -0.0475 -0.5809, 2.6339 -0.0475 -0.5809, 2.6378 -0.0441 -0.5922, 2.6339 -0.0441 -0.5922, 2.6378 -0.0382 -0.6025, 2.6339 -0.0382 -0.6025, 2.6378 -0.0304 -0.6106, 2.6339 -0.0304 -0.6106, 2.6378 -0.0216 -0.6163, 2.6339 -0.0216 -0.6163, 2.6378 -0.0113 -0.6198, 2.6339 -0.0113 -0.6198, 2.6339 0.0252 -0.6014, 2.6339 0.0303 -0.5966, 2.6339 0.035 -0.5894, 2.6339 0.0378 -0.5813, 2.6339 0.039 -0.5697, 2.6339 0.039 -0.5552, 2.6339 -0.0378 -0.5552, 2.6339 -0.0378 -0.5691, 2.6339 -0.0368 -0.5795, 2.6339 -0.0342 -0.5878, 2.6339 -0.0303 -0.5945, 2.6339 -0.0248 -0.6, 2.6339 -0.018 -0.6042, 2.6339 -0.0088 -0.6071, 2.6339 0.0016 -0.608, 2.6339 0.0114 -0.6071, 2.6339 0.0192 -0.6048, 2.6378 0.039 -0.5697, 2.6378 0.039 -0.5552, 2.6378 0.0378 -0.5813, 2.6378 0.035 -0.5894, 2.6378 0.0303 -0.5966, 2.6378 0.0252 -0.6014, 2.6378 0.0192 -0.6048, 2.6378 0.0114 -0.6071, 2.6378 0.0016 -0.608, 2.6378 -0.0088 -0.6071, 2.6378 -0.018 -0.6042, 2.6378 -0.0248 -0.6, 2.6378 -0.0303 -0.5945, 2.6378 -0.0342 -0.5878, 2.6378 -0.0368 -0.5795, 2.6378 -0.0378 -0.5691, 2.6378 -0.0378 -0.5552, 2.6339 -0.0378 -0.5227, 2.6339 -0.0486 -0.5227, 2.6378 -0.0378 -0.5227, 2.6378 -0.0486 -0.5227, 2.6339 -0.0486 -0.4699, 2.6378 -0.0486 -0.4699, 2.6339 0.0498 -0.4699, 2.6378 0.0498 -0.4699, 2.6339 0.0498 -0.5203, 2.6378 0.0498 -0.5203, 2.6339 0.039 -0.5203, 2.6378 0.039 -0.5203, 2.6339 0.039 -0.4831, 2.6378 0.039 -0.4831, 2.6339 0.0066 -0.4831, 2.6378 0.0066 -0.4831, 2.6339 0.0066 -0.5179, 2.6378 0.0066 -0.5179, 2.6339 -0.0042 -0.5179, 2.6378 -0.0042 -0.5179, 2.6339 -0.0042 -0.4831, 2.6378 -0.0042 -0.4831, 2.6339 -0.0378 -0.4831, 2.6378 -0.0378 -0.4831, 2.6339 -0.0327 -0.4507, 2.6339 -0.0435 -0.4507, 2.6378 -0.0327 -0.4507, 2.6378 -0.0435 -0.4507, 2.6339 -0.0478 -0.4402, 2.6339 -0.0498 -0.4236, 2.6378 -0.0498 -0.4236, 2.6378 -0.0497 -0.4263, 2.6339 -0.0497 -0.4263, 2.6378 -0.0492 -0.4303, 2.6378 -0.0478 -0.4402, 2.6339 -0.0012 -0.3775, 2.6378 -0.0012 -0.3775, 2.6378 -0.0126 -0.3785, 2.6339 -0.0126 -0.3785, 2.6378 -0.0231 -0.3814, 2.6339 -0.0231 -0.3814, 2.6378 -0.0324 -0.3867, 2.6339 -0.0324 -0.3867, 2.6378 -0.0402 -0.3941, 2.6339 -0.0402 -0.3941, 2.6378 -0.0452 -0.402, 2.6339 -0.0452 -0.402, 2.6378 -0.0485 -0.4115, 2.6339 -0.0485 -0.4115, 2.6378 -0.0492 -0.4179, 2.6339 0.051 -0.4276, 2.6378 0.051 -0.4276, 2.6378 0.0502 -0.4177, 2.6339 0.0502 -0.4177, 2.6378 0.047 -0.4067, 2.6339 0.047 -0.4067, 2.6378 0.0417 -0.3974, 2.6339 0.0417 -0.3974, 2.6378 0.0331 -0.3885, 2.6339 0.0331 -0.3885, 2.6378 0.0239 -0.3827, 2.6339 0.0239 -0.3827, 2.6378 0.0128 -0.3789, 2.6339 0.0128 -0.3789, 2.6339 0.0471 -0.4507, 2.6378 0.0471 -0.4507, 2.6378 0.0502 -0.4394, 2.6339 0.0502 -0.4394, 2.6339 0.0339 -0.4507, 2.6378 0.0339 -0.4507, 2.6339 0.0402 -0.4277, 2.6378 0.0402 -0.4277, 2.6378 0.0387 -0.4396, 2.6339 0.0387 -0.4396, 2.6339 -0.0004 -0.3907, 2.6378 -0.0004 -0.3907, 2.6378 0.0072 -0.3912, 2.6339 0.0072 -0.3912, 2.6378 0.0178 -0.3938, 2.6339 0.0178 -0.3938, 2.6378 0.0254 -0.3979, 2.6339 0.0254 -0.3979, 2.6378 0.0319 -0.4038, 2.6339 0.0319 -0.4038, 2.6378 0.0365 -0.4106, 2.6339 0.0365 -0.4106, 2.6378 0.0391 -0.418, 2.6339 0.0391 -0.418, 2.6339 -0.039 -0.4255, 2.6378 -0.039 -0.4255, 2.6378 -0.038 -0.4163, 2.6339 -0.038 -0.4163, 2.6378 -0.0353 -0.4091, 2.6339 -0.0353 -0.4091, 2.6378 -0.0312 -0.4031, 2.6339 -0.0312 -0.4031, 2.6378 -0.0264 -0.3985, 2.6339 -0.0264 -0.3985, 2.6378 -0.0195 -0.3944, 2.6339 -0.0195 -0.3944, 2.6378 -0.0111 -0.3917, 2.6339 -0.0111 -0.3917, 2.6378 -0.0337 -0.449, 2.6339 -0.0337 -0.449, 2.6378 -0.0375 -0.4385, 2.6339 -0.0375 -0.4385, 2.6339 -0.0378 -0.3691, 2.6339 -0.0486 -0.3691, 2.6378 -0.0378 -0.3691, 2.6378 -0.0486 -0.3691, 2.6339 -0.0486 -0.3187, 2.6378 -0.0486 -0.3187, 2.6339 0.0498 -0.3187, 2.6378 0.0498 -0.3187, 2.6339 0.0498 -0.3319, 2.6378 0.0498 -0.3319, 2.6339 -0.0378 -0.3319, 2.6378 -0.0378 -0.3319
            ]
        }
        coordIndex [
            0,1,2,-1,2,1,3,-1,1,4,3,-1,3,4,5,-1,4,6,5,-1,5,6,7,-1,6,8,7,-1,7,8,9,-1,8,10,9,-1,9,10,11,-1,10,12,11,-1,11,12,13,-1,12,14,13,-1,13,14,15,-1,14,0,15,-1,15,0,2,-1,16,8,17,-1,17,8,6,-1,18,14,16,-1,16,14,12,-1,16,12,8,-1,8,12,10,-1,18,19,14,-1,14,19,20,-1,14,20,0,-1,0,20,21,-1,0,21,22,-1,22,23,0,-1,0,23,17,-1,0,17,1,-1,1,17,6,-1,1,6,4,-1,16,17,24,-1,24,17,25,-1,18,16,26,-1,26,16,24,-1,18,26,27,-1,18,27,19,-1,19,27,28,-1,19,28,20,-1,21,20,29,-1,29,20,28,-1,21,29,30,-1,21,30,22,-1,22,30,31,-1,22,31,23,-1,17,23,25,-1,25,23,31,-1,32,33,34,-1,34,33,35,-1,33,36,35,-1,35,36,37,-1,36,38,37,-1,37,38,39,-1,40,41,42,-1,40,42,43,-1,43,42,44,-1,43,44,45,-1,45,44,46,-1,45,46,47,-1,47,46,48,-1,47,48,49,-1,49,48,50,-1,49,50,51,-1,51,50,52,-1,51,52,53,-1,53,52,54,-1,53,54,55,-1,55,54,39,-1,55,39,38,-1,32,34,56,-1,32,56,57,-1,57,56,58,-1,57,58,59,-1,59,58,60,-1,59,60,61,-1,61,60,62,-1,61,62,63,-1,63,62,64,-1,63,64,65,-1,65,64,66,-1,65,66,67,-1,67,66,41,-1,67,41,40,-1,45,47,68,-1,68,47,49,-1,68,49,69,-1,69,49,51,-1,69,51,70,-1,70,51,53,-1,70,53,71,-1,71,53,55,-1,71,55,72,-1,72,55,38,-1,72,38,73,-1,73,38,36,-1,73,36,74,-1,74,36,33,-1,74,33,75,-1,75,33,32,-1,75,32,76,-1,76,32,57,-1,76,57,77,-1,77,57,59,-1,77,59,78,-1,78,59,61,-1,78,61,79,-1,79,61,63,-1,79,63,80,-1,80,63,65,-1,80,65,81,-1,81,65,67,-1,81,67,82,-1,82,67,40,-1,82,40,83,-1,83,40,43,-1,83,43,84,-1,84,43,45,-1,84,45,68,-1,72,73,85,-1,85,73,86,-1,72,85,87,-1,72,87,71,-1,71,87,88,-1,71,88,70,-1,70,88,89,-1,70,89,69,-1,69,89,90,-1,69,90,68,-1,68,90,91,-1,68,91,84,-1,84,91,92,-1,84,92,83,-1,83,92,93,-1,83,93,82,-1,82,93,94,-1,82,94,81,-1,81,94,95,-1,81,95,80,-1,80,95,96,-1,80,96,79,-1,79,96,97,-1,79,97,78,-1,78,97,98,-1,78,98,77,-1,77,98,99,-1,77,99,76,-1,76,99,100,-1,76,100,75,-1,74,75,101,-1,101,75,100,-1,73,74,86,-1,86,74,101,-1,102,103,104,-1,104,103,105,-1,103,106,105,-1,105,106,107,-1,106,108,107,-1,107,108,109,-1,108,110,109,-1,109,110,111,-1,110,112,111,-1,111,112,113,-1,112,114,113,-1,113,114,115,-1,114,116,115,-1,115,116,117,-1,116,118,117,-1,117,118,119,-1,118,120,119,-1,119,120,121,-1,120,122,121,-1,121,122,123,-1,122,124,123,-1,123,124,125,-1,124,102,125,-1,125,102,104,-1,106,103,102,-1,102,124,106,-1,106,124,122,-1,106,122,108,-1,112,110,114,-1,114,110,108,-1,114,108,116,-1,116,108,122,-1,116,122,118,-1,118,122,120,-1,126,127,128,-1,128,127,129,-1,129,127,130,-1,131,132,133,-1,131,133,134,-1,134,133,135,-1,134,135,130,-1,130,135,136,-1,130,136,129,-1,137,138,139,-1,137,139,140,-1,140,139,141,-1,140,141,142,-1,142,141,143,-1,142,143,144,-1,144,143,145,-1,144,145,146,-1,146,145,147,-1,146,147,148,-1,148,147,149,-1,148,149,150,-1,150,149,131,-1,131,149,151,-1,131,151,132,-1,152,153,154,-1,152,154,155,-1,155,154,156,-1,155,156,157,-1,157,156,158,-1,157,158,159,-1,159,158,160,-1,159,160,161,-1,161,160,162,-1,161,162,163,-1,163,162,164,-1,163,164,165,-1,165,164,138,-1,165,138,137,-1,166,167,168,-1,166,168,169,-1,169,168,153,-1,169,153,152,-1,166,170,167,-1,167,170,171,-1,172,173,174,-1,172,174,175,-1,175,174,171,-1,175,171,170,-1,176,177,178,-1,176,178,179,-1,179,178,180,-1,179,180,181,-1,181,180,182,-1,181,182,183,-1,183,182,184,-1,183,184,185,-1,185,184,186,-1,185,186,187,-1,187,186,188,-1,187,188,189,-1,189,188,173,-1,189,173,172,-1,190,191,192,-1,190,192,193,-1,193,192,194,-1,193,194,195,-1,195,194,196,-1,195,196,197,-1,197,196,198,-1,197,198,199,-1,199,198,200,-1,199,200,201,-1,201,200,202,-1,201,202,203,-1,203,202,177,-1,203,177,176,-1,126,128,204,-1,126,204,205,-1,205,204,206,-1,205,206,207,-1,207,206,191,-1,207,191,190,-1,193,131,190,-1,190,131,134,-1,190,134,207,-1,207,134,130,-1,207,130,205,-1,205,130,127,-1,205,127,126,-1,170,166,175,-1,175,166,169,-1,175,169,172,-1,172,169,152,-1,172,152,189,-1,189,152,155,-1,189,155,187,-1,187,155,157,-1,187,157,185,-1,185,157,159,-1,185,159,183,-1,183,159,161,-1,183,161,181,-1,181,161,163,-1,181,163,179,-1,179,163,165,-1,179,165,176,-1,176,165,137,-1,176,137,203,-1,203,137,140,-1,203,140,201,-1,201,140,142,-1,201,142,199,-1,199,142,144,-1,199,144,197,-1,197,144,146,-1,197,146,195,-1,195,146,148,-1,195,148,193,-1,193,148,150,-1,193,150,131,-1,208,209,210,-1,210,209,211,-1,209,212,211,-1,211,212,213,-1,212,214,213,-1,213,214,215,-1,214,216,215,-1,215,216,217,-1,216,218,217,-1,217,218,219,-1,218,208,219,-1,219,208,210,-1,216,214,218,-1,218,214,212,-1,218,212,208,-1,208,212,209,-1,
        ]
    }
}
Shape{
    appearance Appearance {
        material  Material {
            diffuseColor 0.9490196078431372 0.7607843137254902 0.1803921568627451
            specularColor 0.7607843137254902 0.6078431372549019 0.1450980392156863
            ambientIntensity 0.7509
            transparency 0.0
            shininess 0.5
        }
    }
    geometry IndexedFaceSet {
        ccw TRUE
        solid FALSE
        coord DEF co Coordinate {
            point [
                2.6378 -0.0102 -0.6555, 2.6378 -0.0102 -0.6884, 2.6378 0.0309 -0.6702, 2.6378 0.0309 -0.6736, 2.6378 0.0343 -0.6711, 2.6378 0.0344 -0.6727, 2.6378 0.0378 -0.6718, 2.6378 0.0378 -0.6721, 2.6378 0.039 -0.5552, 2.6378 -0.0378 -0.5552, 2.6378 0.039 -0.5697, 2.6378 -0.0378 -0.5691, 2.6378 -0.0368 -0.5795, 2.6378 0.0016 -0.608, 2.6378 0.0114 -0.6071, 2.6378 0.0192 -0.6048, 2.6378 0.0378 -0.5813, 2.6378 -0.0342 -0.5878, 2.6378 -0.0303 -0.5945, 2.6378 -0.0248 -0.6, 2.6378 -0.018 -0.6042, 2.6378 -0.0088 -0.6071, 2.6378 0.0252 -0.6014, 2.6378 0.0303 -0.5966, 2.6378 0.035 -0.5894, 1.6378 0.0402 -0.4277, 1.6378 0.0391 -0.418, 1.6378 -0.0337 -0.449, 1.6378 0.0498 -0.5203, 1.6378 0.1378 -0.5324, 1.6378 0.0498 -0.4699, 1.6378 0.1378 0.1969, 1.6378 -0.0402 -0.3941, 1.6378 -0.0324 -0.3867, 1.6378 -0.0486 -0.3691, 1.6378 -0.0492 -0.4179, 1.6378 -0.0486 -0.3187, 1.6378 0.0387 -0.4396, 1.6378 -0.0327 -0.4507, 1.6378 0.0339 -0.4507, 1.6378 -0.0042 -0.5179, 1.6378 -0.0492 -0.5324, 1.6378 0.0066 -0.5179, 1.6378 0.039 -0.5203, 1.6378 0.0066 -0.4831, 1.6378 0.039 -0.4831, 1.6378 0.0498 -0.3187, 1.6378 0.0498 -0.3319, 1.6378 0.0239 -0.3827, 1.6378 0.0331 -0.3885, 1.6378 0.0417 -0.3974, 1.6378 0.047 -0.4067, 1.6378 -0.0378 -0.3691, 1.6378 -0.0231 -0.3814, 1.6378 -0.0378 -0.3319, 1.6378 0.0502 -0.4177, 1.6378 0.051 -0.4276, 1.6378 0.0502 -0.4394, 1.6378 0.0471 -0.4507, 1.6378 -0.0486 -0.4699, 1.6378 -0.0435 -0.4507, 1.6378 -0.0485 -0.4115, 1.6378 -0.0452 -0.402, 1.6378 0.0365 -0.4106, 1.6378 0.0319 -0.4038, 1.6378 0.0254 -0.3979, 1.6378 -0.0004 -0.3907, 1.6378 -0.0111 -0.3917, 1.6378 -0.0195 -0.3944, 1.6378 -0.038 -0.4163, 1.6378 -0.039 -0.4255, 1.6378 -0.0353 -0.4091, 1.6378 -0.0312 -0.4031, 1.6378 -0.0264 -0.3985, 1.6378 -0.0375 -0.4385, 1.6378 -0.0126 -0.3785, 1.6378 -0.0012 -0.3775, 1.6378 0.0128 -0.3789, 1.6378 0.0178 -0.3938, 1.6378 0.0072 -0.3912, 1.6378 -0.0042 -0.4831, 1.6378 -0.0378 -0.4831, 1.6378 -0.0378 -0.5227, 1.6378 -0.0486 -0.5227, 1.6378 -0.0492 -0.4303, 1.6378 -0.0497 -0.4263, 1.6378 -0.1378 -0.5324, 1.6378 -0.0498 -0.4236, 1.6378 -0.0492 0.1969, 1.6378 -0.1378 0.1969, 1.6378 0.0498 -0.6656, 1.6378 0.0498 -0.6788, 1.6378 -0.0486 -0.5687, 1.6378 -0.0486 -0.542, 1.6378 0.0498 -0.542, 1.6378 -0.0486 -0.7028, 1.6378 -0.0486 -0.7172, 1.6378 -0.0492 -1.0236, 1.6378 0.1378 -1.0236, 1.6378 0.0498 -0.5697, 1.6378 0.0483 -0.5839, 1.6378 0.0443 -0.5955, 1.6378 0.0371 -0.6062, 1.6378 -0.0486 -0.6284, 1.6378 -0.0216 -0.6163, 1.6378 -0.0304 -0.6106, 1.6378 0.037 -0.6063, 1.6378 0.0293 -0.6132, 1.6378 0.0208 -0.6178, 1.6378 -0.0382 -0.6025, 1.6378 -0.0441 -0.5922, 1.6378 -0.0475 -0.5809, 1.6378 -0.0486 -0.6428, 1.6378 -0.021 -0.6522, 1.6378 -0.021 -0.6928, 1.6378 0.0111 -0.6205, 1.6378 0.0019 -0.6212, 1.6378 -0.0113 -0.6198, 1.6378 -0.0478 -0.4402, 1.6378 -0.1378 -1.0236
            ]
        }
        coordIndex [
            0,1,2,-1,2,1,3,-1,2,3,4,-1,4,3,5,-1,4,5,6,-1,6,5,7,-1,8,9,10,-1,10,9,11,-1,10,11,12,-1,13,14,10,-1,10,14,15,-1,10,15,16,-1,12,17,10,-1,10,17,18,-1,10,18,19,-1,19,20,10,-1,10,20,21,-1,10,21,13,-1,22,23,15,-1,15,23,24,-1,15,24,16,-1,25,26,27,-1,28,29,30,-1,30,29,31,-1,32,33,34,-1,35,34,36,-1,25,27,37,-1,37,27,38,-1,37,38,39,-1,40,41,42,-1,42,41,43,-1,42,43,44,-1,44,43,45,-1,31,46,47,-1,48,49,47,-1,47,49,50,-1,47,50,51,-1,34,33,52,-1,52,33,53,-1,52,53,54,-1,51,55,47,-1,47,55,56,-1,47,56,31,-1,31,56,57,-1,31,57,30,-1,57,58,30,-1,30,58,39,-1,30,39,59,-1,59,39,38,-1,59,38,60,-1,35,61,34,-1,34,61,62,-1,34,62,32,-1,26,63,27,-1,27,63,64,-1,27,64,65,-1,66,67,27,-1,27,67,68,-1,69,70,71,-1,71,70,72,-1,68,73,27,-1,27,73,72,-1,27,72,74,-1,74,72,70,-1,53,75,54,-1,54,75,76,-1,54,76,47,-1,47,76,77,-1,47,77,48,-1,65,78,27,-1,27,78,79,-1,27,79,66,-1,80,81,40,-1,40,81,82,-1,40,82,41,-1,41,82,83,-1,41,83,59,-1,84,85,86,-1,86,85,87,-1,86,87,35,-1,46,31,36,-1,36,31,88,-1,36,88,35,-1,35,88,89,-1,35,89,86,-1,29,90,91,-1,92,93,41,-1,28,43,29,-1,29,43,41,-1,29,41,94,-1,94,41,93,-1,95,41,96,-1,96,41,97,-1,96,97,91,-1,91,97,98,-1,91,98,29,-1,94,99,29,-1,29,99,100,-1,29,100,90,-1,90,100,101,-1,90,101,102,-1,103,104,105,-1,102,106,90,-1,90,106,107,-1,90,107,108,-1,105,109,103,-1,103,109,110,-1,103,110,111,-1,111,92,103,-1,103,92,41,-1,103,41,112,-1,112,41,95,-1,112,95,113,-1,113,95,114,-1,108,115,90,-1,90,115,116,-1,90,116,103,-1,103,116,117,-1,103,117,104,-1,60,118,59,-1,59,118,84,-1,59,84,41,-1,41,84,86,-1,41,86,97,-1,97,86,119,-1,
        ]
    }
}
Shape{
    appearance Appearance {
        material  Material {
            diffuseColor 0.17647058823529413 0.17647058823529413 0.17647058823529413
            specularColor 0.050980392156862744 0.050980392156862744 0.050980392156862744
            ambientIntensity 0.251
            transparency 0.0
            shininess 0.5
        }
    }
    geometry IndexedFaceSet {
        ccw TRUE
        solid FALSE
        coord DEF co Coordinate {
            point [
                1.3622 -0.1378 0.1969, 1.6378 -0.1378 0.1969, 2.0 -0.2638 0.1969, 1.6378 -0.0492 0.1969, 2.0 0.2638 0.1969, 1.6378 0.1378 0.1969, 1.0 0.2638 0.1969, 1.3622 0.1378 0.1969, 1.0 -0.2638 0.1969, 1.1181 -0.5 0.0118, 1.1181 -0.5 0.9843, 1.0 -0.3819 0.0118, 1.0 -0.3819 0.9843, 1.8819 -0.5 0.0118, 1.8819 -0.5 0.9843, 2.0 -0.3819 0.0118, 2.0 -0.3819 0.9843, 2.0 -0.2638 0.0118, 2.0 0.2638 0.0118, 2.0 0.3819 0.0118, 2.0 0.3819 0.9843, 1.8819 0.5 0.0118, 1.8819 0.5 0.9843, 1.1181 0.5 0.0118, 1.1181 0.5 0.9843, 1.0 0.3819 0.0118, 1.0 0.3819 0.9843, 1.0 0.2638 0.0118, 1.0 -0.2638 0.0118, 1.3622 0.1378 0.9843, 1.6378 0.1378 0.9843, 1.3622 -0.1378 0.9843, 1.6378 -0.1378 0.9843
            ]
        }
        coordIndex [
            0,1,2,-1,2,1,3,-1,2,3,4,-1,4,3,5,-1,4,5,6,-1,6,5,7,-1,6,7,8,-1,8,7,0,-1,8,0,2,-1,9,10,11,-1,11,10,12,-1,13,14,9,-1,9,14,10,-1,15,16,13,-1,13,16,14,-1,15,17,2,-1,18,19,4,-1,4,19,20,-1,4,20,2,-1,2,20,16,-1,2,16,15,-1,21,22,19,-1,19,22,20,-1,23,24,21,-1,21,24,22,-1,25,26,23,-1,23,26,24,-1,25,27,6,-1,28,11,8,-1,8,11,12,-1,8,12,6,-1,6,12,26,-1,6,26,25,-1,24,29,22,-1,22,29,30,-1,24,26,29,-1,29,26,12,-1,29,12,31,-1,31,12,10,-1,31,10,32,-1,32,10,14,-1,32,14,30,-1,30,14,16,-1,30,16,22,-1,22,16,20,-1,6,27,4,-1,4,27,18,-1,21,19,18,-1,21,18,23,-1,23,18,27,-1,23,27,25,-1,2,17,8,-1,8,17,28,-1,11,28,9,-1,9,28,17,-1,9,17,13,-1,13,17,15,-1,
        ]
    }
}
Shape{
    appearance Appearance {
        material  Material {
            diffuseColor 0.9490196078431372 0.7607843137254902 0.1803921568627451
            specularColor 0.7607843137254902 0.6078431372549019 0.1450980392156863
            ambientIntensity 0.7509
            transparency 0.0
            shininess 0.5
        }
    }
    geometry IndexedFaceSet {
        ccw TRUE
        solid FALSE
        coord DEF co Coordinate {
            point [
                1.5984 -0.0984 3.3465, 1.5984 0.0984 3.3465, 1.4016 -0.0984 3.3465, 1.4016 0.0984 3.3465, 1.6378 0.1378 3.189, 1.6378 0.1378 0.9843, 1.3622 0.1378 3.189, 1.3622 0.1378 0.9843, 1.3622 -0.1378 3.189, 1.3622 -0.1378 0.9843, 1.6378 -0.1378 3.189, 1.6378 -0.1378 0.9843, 1.6378 -0.1378 0.1969, 1.3622 -0.1378 0.1969, 1.6378 -0.1378 -0.5324, 1.3622 -0.1378 -1.0236, 1.6378 -0.1378 -1.0236, 1.3622 0.1378 -1.0236, 1.3622 0.1378 0.1969, 1.6378 0.1378 0.1969, 1.6378 0.1378 -0.5324, 1.6378 0.1378 -1.0236, 1.5984 0.0984 -1.1811, 1.5984 -0.0984 -1.1811, 1.4016 0.0984 -1.1811, 1.4016 -0.0984 -1.1811, 1.6378 -0.0492 -1.0236
            ]
        }
        coordIndex [
            0,1,2,-1,2,1,3,-1,4,5,6,-1,6,5,7,-1,6,7,8,-1,8,7,9,-1,8,9,10,-1,10,9,11,-1,10,11,4,-1,4,11,5,-1,12,13,14,-1,14,13,15,-1,14,15,16,-1,15,13,17,-1,17,13,18,-1,18,19,17,-1,17,19,20,-1,17,20,21,-1,22,23,24,-1,24,23,25,-1,23,16,25,-1,25,16,15,-1,16,23,26,-1,26,23,22,-1,26,22,21,-1,17,24,15,-1,15,24,25,-1,24,17,22,-1,22,17,21,-1,6,3,4,-1,4,3,1,-1,8,2,6,-1,6,2,3,-1,0,10,1,-1,1,10,4,-1,10,0,8,-1,8,0,2,-1,
        ]
    }
}
Shape{
    appearance Appearance {
        material  Material {
            diffuseColor 0.0 0.0 0.0
            specularColor 0.0 0.0 0.0
            ambientIntensity 0.0
            transparency 0.0
            shininess 0.5
        }
    }
    geometry IndexedFaceSet {
        ccw TRUE
        solid FALSE
        coord DEF co Coordinate {
            point [
                1.6339 0.0498 -0.6788, 1.6339 -0.0486 -0.7172, 1.6378 0.0498 -0.6788, 1.6378 -0.0486 -0.7172, 1.6339 -0.0486 -0.7028, 1.6378 -0.0486 -0.7028, 1.6339 -0.021 -0.6928, 1.6378 -0.021 -0.6928, 1.6339 -0.021 -0.6522, 1.6378 -0.021 -0.6522, 1.6339 -0.0486 -0.6428, 1.6378 -0.0486 -0.6428, 1.6339 -0.0486 -0.6284, 1.6378 -0.0486 -0.6284, 1.6339 0.0498 -0.6656, 1.6378 0.0498 -0.6656, 1.6339 -0.0102 -0.6555, 1.6339 -0.0102 -0.6884, 1.6339 0.0309 -0.6702, 1.6339 0.0343 -0.6711, 1.6339 0.0378 -0.6718, 1.6339 0.0378 -0.6721, 1.6339 0.0344 -0.6727, 1.6339 0.0309 -0.6736, 1.6378 -0.0102 -0.6555, 1.6378 -0.0102 -0.6884, 1.6378 0.0309 -0.6702, 1.6378 0.0343 -0.6711, 1.6378 0.0378 -0.6718, 1.6378 0.0378 -0.6721, 1.6378 0.0344 -0.6727, 1.6378 0.0309 -0.6736, 1.6339 -0.0486 -0.5687, 1.6339 -0.0486 -0.542, 1.6378 -0.0486 -0.5687, 1.6378 -0.0486 -0.542, 1.6339 0.0498 -0.542, 1.6378 0.0498 -0.542, 1.6339 0.0498 -0.5697, 1.6378 0.0498 -0.5697, 1.6339 0.0019 -0.6212, 1.6378 0.0019 -0.6212, 1.6378 0.0111 -0.6205, 1.6339 0.0111 -0.6205, 1.6378 0.0208 -0.6178, 1.6339 0.0208 -0.6178, 1.6378 0.0293 -0.6132, 1.6339 0.0293 -0.6132, 1.6378 0.037 -0.6063, 1.6339 0.037 -0.6063, 1.6378 0.0371 -0.6062, 1.6339 0.0371 -0.6062, 1.6378 0.0443 -0.5955, 1.6339 0.0443 -0.5955, 1.6378 0.0483 -0.5839, 1.6339 0.0483 -0.5839, 1.6378 -0.0475 -0.5809, 1.6339 -0.0475 -0.5809, 1.6378 -0.0441 -0.5922, 1.6339 -0.0441 -0.5922, 1.6378 -0.0382 -0.6025, 1.6339 -0.0382 -0.6025, 1.6378 -0.0304 -0.6106, 1.6339 -0.0304 -0.6106, 1.6378 -0.0216 -0.6163, 1.6339 -0.0216 -0.6163, 1.6378 -0.0113 -0.6198, 1.6339 -0.0113 -0.6198, 1.6339 0.0252 -0.6014, 1.6339 0.0303 -0.5966, 1.6339 0.035 -0.5894, 1.6339 0.0378 -0.5813, 1.6339 0.039 -0.5697, 1.6339 0.039 -0.5552, 1.6339 -0.0378 -0.5552, 1.6339 -0.0378 -0.5691, 1.6339 -0.0368 -0.5795, 1.6339 -0.0342 -0.5878, 1.6339 -0.0303 -0.5945, 1.6339 -0.0248 -0.6, 1.6339 -0.018 -0.6042, 1.6339 -0.0088 -0.6071, 1.6339 0.0016 -0.608, 1.6339 0.0114 -0.6071, 1.6339 0.0192 -0.6048, 1.6378 0.039 -0.5697, 1.6378 0.039 -0.5552, 1.6378 0.0378 -0.5813, 1.6378 0.035 -0.5894, 1.6378 0.0303 -0.5966, 1.6378 0.0252 -0.6014, 1.6378 0.0192 -0.6048, 1.6378 0.0114 -0.6071, 1.6378 0.0016 -0.608, 1.6378 -0.0088 -0.6071, 1.6378 -0.018 -0.6042, 1.6378 -0.0248 -0.6, 1.6378 -0.0303 -0.5945, 1.6378 -0.0342 -0.5878, 1.6378 -0.0368 -0.5795, 1.6378 -0.0378 -0.5691, 1.6378 -0.0378 -0.5552, 1.6339 -0.0378 -0.5227, 1.6339 -0.0486 -0.5227, 1.6378 -0.0378 -0.5227, 1.6378 -0.0486 -0.5227, 1.6339 -0.0486 -0.4699, 1.6378 -0.0486 -0.4699, 1.6339 0.0498 -0.4699, 1.6378 0.0498 -0.4699, 1.6339 0.0498 -0.5203, 1.6378 0.0498 -0.5203, 1.6339 0.039 -0.5203, 1.6378 0.039 -0.5203, 1.6339 0.039 -0.4831, 1.6378 0.039 -0.4831, 1.6339 0.0066 -0.4831, 1.6378 0.0066 -0.4831, 1.6339 0.0066 -0.5179, 1.6378 0.0066 -0.5179, 1.6339 -0.0042 -0.5179, 1.6378 -0.0042 -0.5179, 1.6339 -0.0042 -0.4831, 1.6378 -0.0042 -0.4831, 1.6339 -0.0378 -0.4831, 1.6378 -0.0378 -0.4831, 1.6339 -0.0327 -0.4507, 1.6339 -0.0435 -0.4507, 1.6378 -0.0327 -0.4507, 1.6378 -0.0435 -0.4507, 1.6339 -0.0478 -0.4402, 1.6339 -0.0498 -0.4236, 1.6378 -0.0498 -0.4236, 1.6378 -0.0497 -0.4263, 1.6339 -0.0497 -0.4263, 1.6378 -0.0492 -0.4303, 1.6378 -0.0478 -0.4402, 1.6339 -0.0012 -0.3775, 1.6378 -0.0012 -0.3775, 1.6378 -0.0126 -0.3785, 1.6339 -0.0126 -0.3785, 1.6378 -0.0231 -0.3814, 1.6339 -0.0231 -0.3814, 1.6378 -0.0324 -0.3867, 1.6339 -0.0324 -0.3867, 1.6378 -0.0402 -0.3941, 1.6339 -0.0402 -0.3941, 1.6378 -0.0452 -0.402, 1.6339 -0.0452 -0.402, 1.6378 -0.0485 -0.4115, 1.6339 -0.0485 -0.4115, 1.6378 -0.0492 -0.4179, 1.6339 0.051 -0.4276, 1.6378 0.051 -0.4276, 1.6378 0.0502 -0.4177, 1.6339 0.0502 -0.4177, 1.6378 0.047 -0.4067, 1.6339 0.047 -0.4067, 1.6378 0.0417 -0.3974, 1.6339 0.0417 -0.3974, 1.6378 0.0331 -0.3885, 1.6339 0.0331 -0.3885, 1.6378 0.0239 -0.3827, 1.6339 0.0239 -0.3827, 1.6378 0.0128 -0.3789, 1.6339 0.0128 -0.3789, 1.6339 0.0471 -0.4507, 1.6378 0.0471 -0.4507, 1.6378 0.0502 -0.4394, 1.6339 0.0502 -0.4394, 1.6339 0.0339 -0.4507, 1.6378 0.0339 -0.4507, 1.6339 0.0402 -0.4277, 1.6378 0.0402 -0.4277, 1.6378 0.0387 -0.4396, 1.6339 0.0387 -0.4396, 1.6339 -0.0004 -0.3907, 1.6378 -0.0004 -0.3907, 1.6378 0.0072 -0.3912, 1.6339 0.0072 -0.3912, 1.6378 0.0178 -0.3938, 1.6339 0.0178 -0.3938, 1.6378 0.0254 -0.3979, 1.6339 0.0254 -0.3979, 1.6378 0.0319 -0.4038, 1.6339 0.0319 -0.4038, 1.6378 0.0365 -0.4106, 1.6339 0.0365 -0.4106, 1.6378 0.0391 -0.418, 1.6339 0.0391 -0.418, 1.6339 -0.039 -0.4255, 1.6378 -0.039 -0.4255, 1.6378 -0.038 -0.4163, 1.6339 -0.038 -0.4163, 1.6378 -0.0353 -0.4091, 1.6339 -0.0353 -0.4091, 1.6378 -0.0312 -0.4031, 1.6339 -0.0312 -0.4031, 1.6378 -0.0264 -0.3985, 1.6339 -0.0264 -0.3985, 1.6378 -0.0195 -0.3944, 1.6339 -0.0195 -0.3944, 1.6378 -0.0111 -0.3917, 1.6339 -0.0111 -0.3917, 1.6378 -0.0337 -0.449, 1.6339 -0.0337 -0.449, 1.6378 -0.0375 -0.4385, 1.6339 -0.0375 -0.4385, 1.6339 -0.0378 -0.3691, 1.6339 -0.0486 -0.3691, 1.6378 -0.0378 -0.3691, 1.6378 -0.0486 -0.3691, 1.6339 -0.0486 -0.3187, 1.6378 -0.0486 -0.3187, 1.6339 0.0498 -0.3187, 1.6378 0.0498 -0.3187, 1.6339 0.0498 -0.3319, 1.6378 0.0498 -0.3319, 1.6339 -0.0378 -0.3319, 1.6378 -0.0378 -0.3319
            ]
        }
        coordIndex [
            0,1,2,-1,2,1,3,-1,1,4,3,-1,3,4,5,-1,4,6,5,-1,5,6,7,-1,6,8,7,-1,7,8,9,-1,8,10,9,-1,9,10,11,-1,10,12,11,-1,11,12,13,-1,12,14,13,-1,13,14,15,-1,14,0,15,-1,15,0,2,-1,16,8,17,-1,17,8,6,-1,18,14,16,-1,16,14,12,-1,16,12,8,-1,8,12,10,-1,18,19,14,-1,14,19,20,-1,14,20,0,-1,0,20,21,-1,0,21,22,-1,22,23,0,-1,0,23,17,-1,0,17,1,-1,1,17,6,-1,1,6,4,-1,16,17,24,-1,24,17,25,-1,18,16,26,-1,26,16,24,-1,18,26,27,-1,18,27,19,-1,19,27,28,-1,19,28,20,-1,21,20,29,-1,29,20,28,-1,21,29,30,-1,21,30,22,-1,22,30,31,-1,22,31,23,-1,17,23,25,-1,25,23,31,-1,32,33,34,-1,34,33,35,-1,33,36,35,-1,35,36,37,-1,36,38,37,-1,37,38,39,-1,40,41,42,-1,40,42,43,-1,43,42,44,-1,43,44,45,-1,45,44,46,-1,45,46,47,-1,47,46,48,-1,47,48,49,-1,49,48,50,-1,49,50,51,-1,51,50,52,-1,51,52,53,-1,53,52,54,-1,53,54,55,-1,55,54,39,-1,55,39,38,-1,32,34,56,-1,32,56,57,-1,57,56,58,-1,57,58,59,-1,59,58,60,-1,59,60,61,-1,61,60,62,-1,61,62,63,-1,63,62,64,-1,63,64,65,-1,65,64,66,-1,65,66,67,-1,67,66,41,-1,67,41,40,-1,45,47,68,-1,68,47,49,-1,68,49,69,-1,69,49,51,-1,69,51,70,-1,70,51,53,-1,70,53,71,-1,71,53,55,-1,71,55,72,-1,72,55,38,-1,72,38,73,-1,73,38,36,-1,73,36,74,-1,74,36,33,-1,74,33,75,-1,75,33,32,-1,75,32,76,-1,76,32,57,-1,76,57,77,-1,77,57,59,-1,77,59,78,-1,78,59,61,-1,78,61,79,-1,79,61,63,-1,79,63,80,-1,80,63,65,-1,80,65,81,-1,81,65,67,-1,81,67,82,-1,82,67,40,-1,82,40,83,-1,83,40,43,-1,83,43,84,-1,84,43,45,-1,84,45,68,-1,72,73,85,-1,85,73,86,-1,72,85,87,-1,72,87,71,-1,71,87,88,-1,71,88,70,-1,70,88,89,-1,70,89,69,-1,69,89,90,-1,69,90,68,-1,68,90,91,-1,68,91,84,-1,84,91,92,-1,84,92,83,-1,83,92,93,-1,83,93,82,-1,82,93,94,-1,82,94,81,-1,81,94,95,-1,81,95,80,-1,80,95,96,-1,80,96,79,-1,79,96,97,-1,79,97,78,-1,78,97,98,-1,78,98,77,-1,77,98,99,-1,77,99,76,-1,76,99,100,-1,76,100,75,-1,74,75,101,-1,101,75,100,-1,73,74,86,-1,86,74,101,-1,102,103,104,-1,104,103,105,-1,103,106,105,-1,105,106,107,-1,106,108,107,-1,107,108,109,-1,108,110,109,-1,109,110,111,-1,110,112,111,-1,111,112,113,-1,112,114,113,-1,113,114,115,-1,114,116,115,-1,115,116,117,-1,116,118,117,-1,117,118,119,-1,118,120,119,-1,119,120,121,-1,120,122,121,-1,121,122,123,-1,122,124,123,-1,123,124,125,-1,124,102,125,-1,125,102,104,-1,106,103,102,-1,102,124,106,-1,106,124,122,-1,106,122,108,-1,112,110,114,-1,114,110,108,-1,114,108,116,-1,116,108,122,-1,116,122,118,-1,118,122,120,-1,126,127,128,-1,128,127,129,-1,129,127,130,-1,131,132,133,-1,131,133,134,-1,134,133,135,-1,134,135,130,-1,130,135,136,-1,130,136,129,-1,137,138,139,-1,137,139,140,-1,140,139,141,-1,140,141,142,-1,142,141,143,-1,142,143,144,-1,144,143,145,-1,144,145,146,-1,146,145,147,-1,146,147,148,-1,148,147,149,-1,148,149,150,-1,150,149,131,-1,131,149,151,-1,131,151,132,-1,152,153,154,-1,152,154,155,-1,155,154,156,-1,155,156,157,-1,157,156,158,-1,157,158,159,-1,159,158,160,-1,159,160,161,-1,161,160,162,-1,161,162,163,-1,163,162,164,-1,163,164,165,-1,165,164,138,-1,165,138,137,-1,166,167,168,-1,166,168,169,-1,169,168,153,-1,169,153,152,-1,166,170,167,-1,167,170,171,-1,172,173,174,-1,172,174,175,-1,175,174,171,-1,175,171,170,-1,176,177,178,-1,176,178,179,-1,179,178,180,-1,179,180,181,-1,181,180,182,-1,181,182,183,-1,183,182,184,-1,183,184,185,-1,185,184,186,-1,185,186,187,-1,187,186,188,-1,187,188,189,-1,189,188,173,-1,189,173,172,-1,190,191,192,-1,190,192,193,-1,193,192,194,-1,193,194,195,-1,195,194,196,-1,195,196,197,-1,197,196,198,-1,197,198,199,-1,199,198,200,-1,199,200,201,-1,201,200,202,-1,201,202,203,-1,203,202,177,-1,203,177,176,-1,126,128,204,-1,126,204,205,-1,205,204,206,-1,205,206,207,-1,207,206,191,-1,207,191,190,-1,193,131,190,-1,190,131,134,-1,190,134,207,-1,207,134,130,-1,207,130,205,-1,205,130,127,-1,205,127,126,-1,170,166,175,-1,175,166,169,-1,175,169,172,-1,172,169,152,-1,172,152,189,-1,189,152,155,-1,189,155,187,-1,187,155,157,-1,187,157,185,-1,185,157,159,-1,185,159,183,-1,183,159,161,-1,183,161,181,-1,181,161,163,-1,181,163,179,-1,179,163,165,-1,179,165,176,-1,176,165,137,-1,176,137,203,-1,203,137,140,-1,203,140,201,-1,201,140,142,-1,201,142,199,-1,199,142,144,-1,199,144,197,-1,197,144,146,-1,197,146,195,-1,195,146,148,-1,195,148,193,-1,193,148,150,-1,193,150,131,-1,208,209,210,-1,210,209,211,-1,209,212,211,-1,211,212,213,-1,212,214,213,-1,213,214,215,-1,214,216,215,-1,215,216,217,-1,216,218,217,-1,217,218,219,-1,218,208,219,-1,219,208,210,-1,216,214,218,-1,218,214,212,-1,218,212,208,-1,208,212,209,-1,
        ]
    }
}
Shape{
    appearance Appearance {
        material  Material {
            diffuseColor 0.9490196078431372 0.7607843137254902 0.1803921568627451
            specularColor 0.7607843137254902 0.6078431372549019 0.1450980392156863
            ambientIntensity 0.7509
            transparency 0.0
            shininess 0.5
        }
    }
    geometry IndexedFaceSet {
        ccw TRUE
        solid FALSE
        coord DEF co Coordinate {
            point [
                1.6378 -0.0102 -0.6555, 1.6378 -0.0102 -0.6884, 1.6378 0.0309 -0.6702, 1.6378 0.0309 -0.6736, 1.6378 0.0343 -0.6711, 1.6378 0.0344 -0.6727, 1.6378 0.0378 -0.6718, 1.6378 0.0378 -0.6721, 1.6378 0.039 -0.5552, 1.6378 -0.0378 -0.5552, 1.6378 0.039 -0.5697, 1.6378 -0.0378 -0.5691, 1.6378 -0.0368 -0.5795, 1.6378 0.0016 -0.608, 1.6378 0.0114 -0.6071, 1.6378 0.0192 -0.6048, 1.6378 0.0378 -0.5813, 1.6378 -0.0342 -0.5878, 1.6378 -0.0303 -0.5945, 1.6378 -0.0248 -0.6, 1.6378 -0.018 -0.6042, 1.6378 -0.0088 -0.6071, 1.6378 0.0252 -0.6014, 1.6378 0.0303 -0.5966, 1.6378 0.035 -0.5894, 0.6378 0.0402 -0.4277, 0.6378 0.0391 -0.418, 0.6378 -0.0337 -0.449, 0.6378 0.0498 -0.5203, 0.6378 0.1378 -0.5324, 0.6378 0.0498 -0.4699, 0.6378 0.1378 0.1969, 0.6378 -0.0402 -0.3941, 0.6378 -0.0324 -0.3867, 0.6378 -0.0486 -0.3691, 0.6378 -0.0492 -0.4179, 0.6378 -0.0486 -0.3187, 0.6378 0.0387 -0.4396, 0.6378 -0.0327 -0.4507, 0.6378 0.0339 -0.4507, 0.6378 -0.0042 -0.5179, 0.6378 -0.0492 -0.5324, 0.6378 0.0066 -0.5179, 0.6378 0.039 -0.5203, 0.6378 0.0066 -0.4831, 0.6378 0.039 -0.4831, 0.6378 0.0498 -0.3187, 0.6378 0.0498 -0.3319, 0.6378 0.0239 -0.3827, 0.6378 0.0331 -0.3885, 0.6378 0.0417 -0.3974, 0.6378 0.047 -0.4067, 0.6378 -0.0378 -0.3691, 0.6378 -0.0231 -0.3814, 0.6378 -0.0378 -0.3319, 0.6378 0.0502 -0.4177, 0.6378 0.051 -0.4276, 0.6378 0.0502 -0.4394, 0.6378 0.0471 -0.4507, 0.6378 -0.0486 -0.4699, 0.6378 -0.0435 -0.4507, 0.6378 -0.0485 -0.4115, 0.6378 -0.0452 -0.402, 0.6378 0.0365 -0.4106, 0.6378 0.0319 -0.4038, 0.6378 0.0254 -0.3979, 0.6378 -0.0004 -0.3907, 0.6378 -0.0111 -0.3917, 0.6378 -0.0195 -0.3944, 0.6378 -0.038 -0.4163, 0.6378 -0.039 -0.4255, 0.6378 -0.0353 -0.4091, 0.6378 -0.0312 -0.4031, 0.6378 -0.0264 -0.3985, 0.6378 -0.0375 -0.4385, 0.6378 -0.0126 -0.3785, 0.6378 -0.0012 -0.3775, 0.6378 0.0128 -0.3789, 0.6378 0.0178 -0.3938, 0.6378 0.0072 -0.3912, 0.6378 -0.0042 -0.4831, 0.6378 -0.0378 -0.4831, 0.6378 -0.0378 -0.5227, 0.6378 -0.0486 -0.5227, 0.6378 -0.0492 -0.4303, 0.6378 -0.0497 -0.4263, 0.6378 -0.1378 -0.5324, 0.6378 -0.0498 -0.4236, 0.6378 -0.0492 0.1969, 0.6378 -0.1378 0.1969, 0.6378 0.0498 -0.6656, 0.6378 0.0498 -0.6788, 0.6378 -0.0486 -0.5687, 0.6378 -0.0486 -0.542, 0.6378 0.0498 -0.542, 0.6378 -0.0486 -0.7028, 0.6378 -0.0486 -0.7172, 0.6378 -0.0492 -1.0236, 0.6378 0.1378 -1.0236, 0.6378 0.0498 -0.5697, 0.6378 0.0483 -0.5839, 0.6378 0.0443 -0.5955, 0.6378 0.0371 -0.6062, 0.6378 -0.0486 -0.6284, 0.6378 -0.0216 -0.6163, 0.6378 -0.0304 -0.6106, 0.6378 0.037 -0.6063, 0.6378 0.0293 -0.6132, 0.6378 0.0208 -0.6178, 0.6378 -0.0382 -0.6025, 0.6378 -0.0441 -0.5922, 0.6378 -0.0475 -0.5809, 0.6378 -0.0486 -0.6428, 0.6378 -0.021 -0.6522, 0.6378 -0.021 -0.6928, 0.6378 0.0111 -0.6205, 0.6378 0.0019 -0.6212, 0.6378 -0.0113 -0.6198, 0.6378 -0.0478 -0.4402, 0.6378 -0.1378 -1.0236
            ]
        }
        coordIndex [
            0,1,2,-1,2,1,3,-1,2,3,4,-1,4,3,5,-1,4,5,6,-1,6,5,7,-1,8,9,10,-1,10,9,11,-1,10,11,12,-1,13,14,10,-1,10,14,15,-1,10,15,16,-1,12,17,10,-1,10,17,18,-1,10,18,19,-1,19,20,10,-1,10,20,21,-1,10,21,13,-1,22,23,15,-1,15,23,24,-1,15,24,16,-1,25,26,27,-1,28,29,30,-1,30,29,31,-1,32,33,34,-1,35,34,36,-1,25,27,37,-1,37,27,38,-1,37,38,39,-1,40,41,42,-1,42,41,43,-1,42,43,44,-1,44,43,45,-1,31,46,47,-1,48,49,47,-1,47,49,50,-1,47,50,51,-1,34,33,52,-1,52,33,53,-1,52,53,54,-1,51,55,47,-1,47,55,56,-1,47,56,31,-1,31,56,57,-1,31,57,30,-1,57,58,30,-1,30,58,39,-1,30,39,59,-1,59,39,38,-1,59,38,60,-1,35,61,34,-1,34,61,62,-1,34,62,32,-1,26,63,27,-1,27,63,64,-1,27,64,65,-1,66,67,27,-1,27,67,68,-1,69,70,71,-1,71,70,72,-1,68,73,27,-1,27,73,72,-1,27,72,74,-1,74,72,70,-1,53,75,54,-1,54,75,76,-1,54,76,47,-1,47,76,77,-1,47,77,48,-1,65,78,27,-1,27,78,79,-1,27,79,66,-1,80,81,40,-1,40,81,82,-1,40,82,41,-1,41,82,83,-1,41,83,59,-1,84,85,86,-1,86,85,87,-1,86,87,35,-1,46,31,36,-1,36,31,88,-1,36,88,35,-1,35,88,89,-1,35,89,86,-1,29,90,91,-1,92,93,41,-1,28,43,29,-1,29,43,41,-1,29,41,94,-1,94,41,93,-1,95,41,96,-1,96,41,97,-1,96,97,91,-1,91,97,98,-1,91,98,29,-1,94,99,29,-1,29,99,100,-1,29,100,90,-1,90,100,101,-1,90,101,102,-1,103,104,105,-1,102,106,90,-1,90,106,107,-1,90,107,108,-1,105,109,103,-1,103,109,110,-1,103,110,111,-1,111,92,103,-1,103,92,41,-1,103,41,112,-1,112,41,95,-1,112,95,113,-1,113,95,114,-1,108,115,90,-1,90,115,116,-1,90,116,103,-1,103,116,117,-1,103,117,104,-1,60,118,59,-1,59,118,84,-1,59,84,41,-1,41,84,86,-1,41,86,97,-1,97,86,119,-1,
        ]
    }
}
Shape{
    appearance Appearance {
        material  Material {
            diffuseColor 0.17647058823529413 0.17647058823529413 0.17647058823529413
            specularColor 0.050980392156862744 0.050980392156862744 0.050980392156862744
            ambientIntensity 0.251
            transparency 0.0
            shininess 0.5
        }
    }
    geometry IndexedFaceSet {
        ccw TRUE
        solid FALSE
        coord DEF co Coordinate {
            point [
                0.3622 -0.1378 0.1969, 0.6378 -0.1378 0.1969, 1.0 -0.2638 0.1969, 0.6378 -0.0492 0.1969, 1.0 0.2638 0.1969, 0.6378 0.1378 0.1969, 0.0 0.2638 0.1969, 0.3622 0.1378 0.1969, 0.0 -0.2638 0.1969, 0.1181 -0.5 0.0118, 0.1181 -0.5 0.9843, 0.0 -0.3819 0.0118, 0.0 -0.3819 0.9843, 0.8819 -0.5 0.0118, 0.8819 -0.5 0.9843, 1.0 -0.3819 0.0118, 1.0 -0.3819 0.9843, 1.0 -0.2638 0.0118, 1.0 0.2638 0.0118, 1.0 0.3819 0.0118, 1.0 0.3819 0.9843, 0.8819 0.5 0.0118, 0.8819 0.5 0.9843, 0.1181 0.5 0.0118, 0.1181 0.5 0.9843, 0.0 0.3819 0.0118, 0.0 0.3819 0.9843, 0.0 0.2638 0.0118, 0.0 -0.2638 0.0118, 0.3622 0.1378 0.9843, 0.6378 0.1378 0.9843, 0.3622 -0.1378 0.9843, 0.6378 -0.1378 0.9843
            ]
        }
        coordIndex [
            0,1,2,-1,2,1,3,-1,2,3,4,-1,4,3,5,-1,4,5,6,-1,6,5,7,-1,6,7,8,-1,8,7,0,-1,8,0,2,-1,9,10,11,-1,11,10,12,-1,13,14,9,-1,9,14,10,-1,15,16,13,-1,13,16,14,-1,15,17,2,-1,18,19,4,-1,4,19,20,-1,4,20,2,-1,2,20,16,-1,2,16,15,-1,21,22,19,-1,19,22,20,-1,23,24,21,-1,21,24,22,-1,25,26,23,-1,23,26,24,-1,25,27,6,-1,28,11,8,-1,8,11,12,-1,8,12,6,-1,6,12,26,-1,6,26,25,-1,24,29,22,-1,22,29,30,-1,24,26,29,-1,29,26,12,-1,29,12,31,-1,31,12,10,-1,31,10,32,-1,32,10,14,-1,32,14,30,-1,30,14,16,-1,30,16,22,-1,22,16,20,-1,6,27,4,-1,4,27,18,-1,21,19,18,-1,21,18,23,-1,23,18,27,-1,23,27,25,-1,2,17,8,-1,8,17,28,-1,11,28,9,-1,9,28,17,-1,9,17,13,-1,13,17,15,-1,
        ]
    }
}
Shape{
    appearance Appearance {
        material  Material {
            diffuseColor 0.9490196078431372 0.7607843137254902 0.1803921568627451
            specularColor 0.7607843137254902 0.6078431372549019 0.1450980392156863
            ambientIntensity 0.7509
            transparency 0.0
            shininess 0.5
        }
    }
    geometry IndexedFaceSet {
        ccw TRUE
        solid FALSE
        coord DEF co Coordinate {
            point [
                0.5984 -0.0984 3.3465, 0.5984 0.0984 3.3465, 0.4016 -0.0984 3.3465, 0.4016 0.0984 3.3465, 0.6378 0.1378 3.189, 0.6378 0.1378 0.9843, 0.3622 0.1378 3.189, 0.3622 0.1378 0.9843, 0.3622 -0.1378 3.189, 0.3622 -0.1378 0.9843, 0.6378 -0.1378 3.189, 0.6378 -0.1378 0.9843, 0.6378 -0.1378 0.1969, 0.3622 -0.1378 0.1969, 0.6378 -0.1378 -0.5324, 0.3622 -0.1378 -1.0236, 0.6378 -0.1378 -1.0236, 0.3622 0.1378 -1.0236, 0.3622 0.1378 0.1969, 0.6378 0.1378 0.1969, 0.6378 0.1378 -0.5324, 0.6378 0.1378 -1.0236, 0.5984 0.0984 -1.1811, 0.5984 -0.0984 -1.1811, 0.4016 0.0984 -1.1811, 0.4016 -0.0984 -1.1811, 0.6378 -0.0492 -1.0236
            ]
        }
        coordIndex [
            0,1,2,-1,2,1,3,-1,4,5,6,-1,6,5,7,-1,6,7,8,-1,8,7,9,-1,8,9,10,-1,10,9,11,-1,10,11,4,-1,4,11,5,-1,12,13,14,-1,14,13,15,-1,14,15,16,-1,15,13,17,-1,17,13,18,-1,18,19,17,-1,17,19,20,-1,17,20,21,-1,22,23,24,-1,24,23,25,-1,23,16,25,-1,25,16,15,-1,16,23,26,-1,26,23,22,-1,26,22,21,-1,17,24,15,-1,15,24,25,-1,24,17,22,-1,22,17,21,-1,6,3,4,-1,4,3,1,-1,8,2,6,-1,6,2,3,-1,0,10,1,-1,1,10,4,-1,10,0,8,-1,8,0,2,-1,
        ]
    }
}
Shape{
    appearance Appearance {
        material  Material {
            diffuseColor 0.0 0.0 0.0
            specularColor 0.0 0.0 0.0
            ambientIntensity 0.0
            transparency 0.0
            shininess 0.5
        }
    }
    geometry IndexedFaceSet {
        ccw TRUE
        solid FALSE
        coord DEF co Coordinate {
            point [
                0.6339 0.0498 -0.6788, 0.6339 -0.0486 -0.7172, 0.6378 0.0498 -0.6788, 0.6378 -0.0486 -0.7172, 0.6339 -0.0486 -0.7028, 0.6378 -0.0486 -0.7028, 0.6339 -0.021 -0.6928, 0.6378 -0.021 -0.6928, 0.6339 -0.021 -0.6522, 0.6378 -0.021 -0.6522, 0.6339 -0.0486 -0.6428, 0.6378 -0.0486 -0.6428, 0.6339 -0.0486 -0.6284, 0.6378 -0.0486 -0.6284, 0.6339 0.0498 -0.6656, 0.6378 0.0498 -0.6656, 0.6339 -0.0102 -0.6555, 0.6339 -0.0102 -0.6884, 0.6339 0.0309 -0.6702, 0.6339 0.0343 -0.6711, 0.6339 0.0378 -0.6718, 0.6339 0.0378 -0.6721, 0.6339 0.0344 -0.6727, 0.6339 0.0309 -0.6736, 0.6378 -0.0102 -0.6555, 0.6378 -0.0102 -0.6884, 0.6378 0.0309 -0.6702, 0.6378 0.0343 -0.6711, 0.6378 0.0378 -0.6718, 0.6378 0.0378 -0.6721, 0.6378 0.0344 -0.6727, 0.6378 0.0309 -0.6736, 0.6339 -0.0486 -0.5687, 0.6339 -0.0486 -0.542, 0.6378 -0.0486 -0.5687, 0.6378 -0.0486 -0.542, 0.6339 0.0498 -0.542, 0.6378 0.0498 -0.542, 0.6339 0.0498 -0.5697, 0.6378 0.0498 -0.5697, 0.6339 0.0019 -0.6212, 0.6378 0.0019 -0.6212, 0.6378 0.0111 -0.6205, 0.6339 0.0111 -0.6205, 0.6378 0.0208 -0.6178, 0.6339 0.0208 -0.6178, 0.6378 0.0293 -0.6132, 0.6339 0.0293 -0.6132, 0.6378 0.037 -0.6063, 0.6339 0.037 -0.6063, 0.6378 0.0371 -0.6062, 0.6339 0.0371 -0.6062, 0.6378 0.0443 -0.5955, 0.6339 0.0443 -0.5955, 0.6378 0.0483 -0.5839, 0.6339 0.0483 -0.5839, 0.6378 -0.0475 -0.5809, 0.6339 -0.0475 -0.5809, 0.6378 -0.0441 -0.5922, 0.6339 -0.0441 -0.5922, 0.6378 -0.0382 -0.6025, 0.6339 -0.0382 -0.6025, 0.6378 -0.0304 -0.6106, 0.6339 -0.0304 -0.6106, 0.6378 -0.0216 -0.6163, 0.6339 -0.0216 -0.6163, 0.6378 -0.0113 -0.6198, 0.6339 -0.0113 -0.6198, 0.6339 0.0252 -0.6014, 0.6339 0.0303 -0.5966, 0.6339 0.035 -0.5894, 0.6339 0.0378 -0.5813, 0.6339 0.039 -0.5697, 0.6339 0.039 -0.5552, 0.6339 -0.0378 -0.5552, 0.6339 -0.0378 -0.5691, 0.6339 -0.0368 -0.5795, 0.6339 -0.0342 -0.5878, 0.6339 -0.0303 -0.5945, 0.6339 -0.0248 -0.6, 0.6339 -0.018 -0.6042, 0.6339 -0.0088 -0.6071, 0.6339 0.0016 -0.608, 0.6339 0.0114 -0.6071, 0.6339 0.0192 -0.6048, 0.6378 0.039 -0.5697, 0.6378 0.039 -0.5552, 0.6378 0.0378 -0.5813, 0.6378 0.035 -0.5894, 0.6378 0.0303 -0.5966, 0.6378 0.0252 -0.6014, 0.6378 0.0192 -0.6048, 0.6378 0.0114 -0.6071, 0.6378 0.0016 -0.608, 0.6378 -0.0088 -0.6071, 0.6378 -0.018 -0.6042, 0.6378 -0.0248 -0.6, 0.6378 -0.0303 -0.5945, 0.6378 -0.0342 -0.5878, 0.6378 -0.0368 -0.5795, 0.6378 -0.0378 -0.5691, 0.6378 -0.0378 -0.5552, 0.6339 -0.0378 -0.5227, 0.6339 -0.0486 -0.5227, 0.6378 -0.0378 -0.5227, 0.6378 -0.0486 -0.5227, 0.6339 -0.0486 -0.4699, 0.6378 -0.0486 -0.4699, 0.6339 0.0498 -0.4699, 0.6378 0.0498 -0.4699, 0.6339 0.0498 -0.5203, 0.6378 0.0498 -0.5203, 0.6339 0.039 -0.5203, 0.6378 0.039 -0.5203, 0.6339 0.039 -0.4831, 0.6378 0.039 -0.4831, 0.6339 0.0066 -0.4831, 0.6378 0.0066 -0.4831, 0.6339 0.0066 -0.5179, 0.6378 0.0066 -0.5179, 0.6339 -0.0042 -0.5179, 0.6378 -0.0042 -0.5179, 0.6339 -0.0042 -0.4831, 0.6378 -0.0042 -0.4831, 0.6339 -0.0378 -0.4831, 0.6378 -0.0378 -0.4831, 0.6339 -0.0327 -0.4507, 0.6339 -0.0435 -0.4507, 0.6378 -0.0327 -0.4507, 0.6378 -0.0435 -0.4507, 0.6339 -0.0478 -0.4402, 0.6339 -0.0498 -0.4236, 0.6378 -0.0498 -0.4236, 0.6378 -0.0497 -0.4263, 0.6339 -0.0497 -0.4263, 0.6378 -0.0492 -0.4303, 0.6378 -0.0478 -0.4402, 0.6339 -0.0012 -0.3775, 0.6378 -0.0012 -0.3775, 0.6378 -0.0126 -0.3785, 0.6339 -0.0126 -0.3785, 0.6378 -0.0231 -0.3814, 0.6339 -0.0231 -0.3814, 0.6378 -0.0324 -0.3867, 0.6339 -0.0324 -0.3867, 0.6378 -0.0402 -0.3941, 0.6339 -0.0402 -0.3941, 0.6378 -0.0452 -0.402, 0.6339 -0.0452 -0.402, 0.6378 -0.0485 -0.4115, 0.6339 -0.0485 -0.4115, 0.6378 -0.0492 -0.4179, 0.6339 0.051 -0.4276, 0.6378 0.051 -0.4276, 0.6378 0.0502 -0.4177, 0.6339 0.0502 -0.4177, 0.6378 0.047 -0.4067, 0.6339 0.047 -0.4067, 0.6378 0.0417 -0.3974, 0.6339 0.0417 -0.3974, 0.6378 0.0331 -0.3885, 0.6339 0.0331 -0.3885, 0.6378 0.0239 -0.3827, 0.6339 0.0239 -0.3827, 0.6378 0.0128 -0.3789, 0.6339 0.0128 -0.3789, 0.6339 0.0471 -0.4507, 0.6378 0.0471 -0.4507, 0.6378 0.0502 -0.4394, 0.6339 0.0502 -0.4394, 0.6339 0.0339 -0.4507, 0.6378 0.0339 -0.4507, 0.6339 0.0402 -0.4277, 0.6378 0.0402 -0.4277, 0.6378 0.0387 -0.4396, 0.6339 0.0387 -0.4396, 0.6339 -0.0004 -0.3907, 0.6378 -0.0004 -0.3907, 0.6378 0.0072 -0.3912, 0.6339 0.0072 -0.3912, 0.6378 0.0178 -0.3938, 0.6339 0.0178 -0.3938, 0.6378 0.0254 -0.3979, 0.6339 0.0254 -0.3979, 0.6378 0.0319 -0.4038, 0.6339 0.0319 -0.4038, 0.6378 0.0365 -0.4106, 0.6339 0.0365 -0.4106, 0.6378 0.0391 -0.418, 0.6339 0.0391 -0.418, 0.6339 -0.039 -0.4255, 0.6378 -0.039 -0.4255, 0.6378 -0.038 -0.4163, 0.6339 -0.038 -0.4163, 0.6378 -0.0353 -0.4091, 0.6339 -0.0353 -0.4091, 0.6378 -0.0312 -0.4031, 0.6339 -0.0312 -0.4031, 0.6378 -0.0264 -0.3985, 0.6339 -0.0264 -0.3985, 0.6378 -0.0195 -0.3944, 0.6339 -0.0195 -0.3944, 0.6378 -0.0111 -0.3917, 0.6339 -0.0111 -0.3917, 0.6378 -0.0337 -0.449, 0.6339 -0.0337 -0.449, 0.6378 -0.0375 -0.4385, 0.6339 -0.0375 -0.4385, 0.6339 -0.0378 -0.3691, 0.6339 -0.0486 -0.3691, 0.6378 -0.0378 -0.3691, 0.6378 -0.0486 -0.3691, 0.6339 -0.0486 -0.3187, 0.6378 -0.0486 -0.3187, 0.6339 0.0498 -0.3187, 0.6378 0.0498 -0.3187, 0.6339 0.0498 -0.3319, 0.6378 0.0498 -0.3319, 0.6339 -0.0378 -0.3319, 0.6378 -0.0378 -0.3319
            ]
        }
        coordIndex [
            0,1,2,-1,2,1,3,-1,1,4,3,-1,3,4,5,-1,4,6,5,-1,5,6,7,-1,6,8,7,-1,7,8,9,-1,8,10,9,-1,9,10,11,-1,10,12,11,-1,11,12,13,-1,12,14,13,-1,13,14,15,-1,14,0,15,-1,15,0,2,-1,16,8,17,-1,17,8,6,-1,18,14,16,-1,16,14,12,-1,16,12,8,-1,8,12,10,-1,18,19,14,-1,14,19,20,-1,14,20,0,-1,0,20,21,-1,0,21,22,-1,22,23,0,-1,0,23,17,-1,0,17,1,-1,1,17,6,-1,1,6,4,-1,16,17,24,-1,24,17,25,-1,18,16,26,-1,26,16,24,-1,18,26,27,-1,18,27,19,-1,19,27,28,-1,19,28,20,-1,21,20,29,-1,29,20,28,-1,21,29,30,-1,21,30,22,-1,22,30,31,-1,22,31,23,-1,17,23,25,-1,25,23,31,-1,32,33,34,-1,34,33,35,-1,33,36,35,-1,35,36,37,-1,36,38,37,-1,37,38,39,-1,40,41,42,-1,40,42,43,-1,43,42,44,-1,43,44,45,-1,45,44,46,-1,45,46,47,-1,47,46,48,-1,47,48,49,-1,49,48,50,-1,49,50,51,-1,51,50,52,-1,51,52,53,-1,53,52,54,-1,53,54,55,-1,55,54,39,-1,55,39,38,-1,32,34,56,-1,32,56,57,-1,57,56,58,-1,57,58,59,-1,59,58,60,-1,59,60,61,-1,61,60,62,-1,61,62,63,-1,63,62,64,-1,63,64,65,-1,65,64,66,-1,65,66,67,-1,67,66,41,-1,67,41,40,-1,45,47,68,-1,68,47,49,-1,68,49,69,-1,69,49,51,-1,69,51,70,-1,70,51,53,-1,70,53,71,-1,71,53,55,-1,71,55,72,-1,72,55,38,-1,72,38,73,-1,73,38,36,-1,73,36,74,-1,74,36,33,-1,74,33,75,-1,75,33,32,-1,75,32,76,-1,76,32,57,-1,76,57,77,-1,77,57,59,-1,77,59,78,-1,78,59,61,-1,78,61,79,-1,79,61,63,-1,79,63,80,-1,80,63,65,-1,80,65,81,-1,81,65,67,-1,81,67,82,-1,82,67,40,-1,82,40,83,-1,83,40,43,-1,83,43,84,-1,84,43,45,-1,84,45,68,-1,72,73,85,-1,85,73,86,-1,72,85,87,-1,72,87,71,-1,71,87,88,-1,71,88,70,-1,70,88,89,-1,70,89,69,-1,69,89,90,-1,69,90,68,-1,68,90,91,-1,68,91,84,-1,84,91,92,-1,84,92,83,-1,83,92,93,-1,83,93,82,-1,82,93,94,-1,82,94,81,-1,81,94,95,-1,81,95,80,-1,80,95,96,-1,80,96,79,-1,79,96,97,-1,79,97,78,-1,78,97,98,-1,78,98,77,-1,77,98,99,-1,77,99,76,-1,76,99,100,-1,76,100,75,-1,74,75,101,-1,101,75,100,-1,73,74,86,-1,86,74,101,-1,102,103,104,-1,104,103,105,-1,103,106,105,-1,105,106,107,-1,106,108,107,-1,107,108,109,-1,108,110,109,-1,109,110,111,-1,110,112,111,-1,111,112,113,-1,112,114,113,-1,113,114,115,-1,114,116,115,-1,115,116,117,-1,116,118,117,-1,117,118,119,-1,118,120,119,-1,119,120,121,-1,120,122,121,-1,121,122,123,-1,122,124,123,-1,123,124,125,-1,124,102,125,-1,125,102,104,-1,106,103,102,-1,102,124,106,-1,106,124,122,-1,106,122,108,-1,112,110,114,-1,114,110,108,-1,114,108,116,-1,116,108,122,-1,116,122,118,-1,118,122,120,-1,126,127,128,-1,128,127,129,-1,129,127,130,-1,131,132,133,-1,131,133,134,-1,134,133,135,-1,134,135,130,-1,130,135,136,-1,130,136,129,-1,137,138,139,-1,137,139,140,-1,140,139,141,-1,140,141,142,-1,142,141,143,-1,142,143,144,-1,144,143,145,-1,144,145,146,-1,146,145,147,-1,146,147,148,-1,148,147,149,-1,148,149,150,-1,150,149,131,-1,131,149,151,-1,131,151,132,-1,152,153,154,-1,152,154,155,-1,155,154,156,-1,155,156,157,-1,157,156,158,-1,157,158,159,-1,159,158,160,-1,159,160,161,-1,161,160,162,-1,161,162,163,-1,163,162,164,-1,163,164,165,-1,165,164,138,-1,165,138,137,-1,166,167,168,-1,166,168,169,-1,169,168,153,-1,169,153,152,-1,166,170,167,-1,167,170,171,-1,172,173,174,-1,172,174,175,-1,175,174,171,-1,175,171,170,-1,176,177,178,-1,176,178,179,-1,179,178,180,-1,179,180,181,-1,181,180,182,-1,181,182,183,-1,183,182,184,-1,183,184,185,-1,185,184,186,-1,185,186,187,-1,187,186,188,-1,187,188,189,-1,189,188,173,-1,189,173,172,-1,190,191,192,-1,190,192,193,-1,193,192,194,-1,193,194,195,-1,195,194,196,-1,195,196,197,-1,197,196,198,-1,197,198,199,-1,199,198,200,-1,199,200,201,-1,201,200,202,-1,201,202,203,-1,203,202,177,-1,203,177,176,-1,126,128,204,-1,126,204,205,-1,205,204,206,-1,205,206,207,-1,207,206,191,-1,207,191,190,-1,193,131,190,-1,190,131,134,-1,190,134,207,-1,207,134,130,-1,207,130,205,-1,205,130,127,-1,205,127,126,-1,170,166,175,-1,175,166,169,-1,175,169,172,-1,172,169,152,-1,172,152,189,-1,189,152,155,-1,189,155,187,-1,187,155,157,-1,187,157,185,-1,185,157,159,-1,185,159,183,-1,183,159,161,-1,183,161,181,-1,181,161,163,-1,181,163,179,-1,179,163,165,-1,179,165,176,-1,176,165,137,-1,176,137,203,-1,203,137,140,-1,203,140,201,-1,201,140,142,-1,201,142,199,-1,199,142,144,-1,199,144,197,-1,197,144,146,-1,197,146,195,-1,195,146,148,-1,195,148,193,-1,193,148,150,-1,193,150,131,-1,208,209,210,-1,210,209,211,-1,209,212,211,-1,211,212,213,-1,212,214,213,-1,213,214,215,-1,214,216,215,-1,215,216,217,-1,216,218,217,-1,217,218,219,-1,218,208,219,-1,219,208,210,-1,216,214,218,-1,218,214,212,-1,218,212,208,-1,208,212,209,-1,
        ]
    }
}
Shape{
    appearance Appearance {
        material  Material {
            diffuseColor 0.9490196078431372 0.7607843137254902 0.1803921568627451
            specularColor 0.7607843137254902 0.6078431372549019 0.1450980392156863
            ambientIntensity 0.7509
            transparency 0.0
            shininess 0.5
        }
    }
    geometry IndexedFaceSet {
        ccw TRUE
        solid FALSE
        coord DEF co Coordinate {
            point [
                0.6378 -0.0102 -0.6555, 0.6378 -0.0102 -0.6884, 0.6378 0.0309 -0.6702, 0.6378 0.0309 -0.6736, 0.6378 0.0343 -0.6711, 0.6378 0.0344 -0.6727, 0.6378 0.0378 -0.6718, 0.6378 0.0378 -0.6721, 0.6378 0.039 -0.5552, 0.6378 -0.0378 -0.5552, 0.6378 0.039 -0.5697, 0.6378 -0.0378 -0.5691, 0.6378 -0.0368 -0.5795, 0.6378 0.0016 -0.608, 0.6378 0.0114 -0.6071, 0.6378 0.0192 -0.6048, 0.6378 0.0378 -0.5813, 0.6378 -0.0342 -0.5878, 0.6378 -0.0303 -0.5945, 0.6378 -0.0248 -0.6, 0.6378 -0.018 -0.6042, 0.6378 -0.0088 -0.6071, 0.6378 0.0252 -0.6014, 0.6378 0.0303 -0.5966, 0.6378 0.035 -0.5894, -0.3622 0.0402 -0.4277, -0.3622 0.0391 -0.418, -0.3622 -0.0337 -0.449, -0.3622 0.0498 -0.5203, -0.3622 0.1378 -0.5324, -0.3622 0.0498 -0.4699, -0.3622 0.1378 0.1969, -0.3622 -0.0402 -0.3941, -0.3622 -0.0324 -0.3867, -0.3622 -0.0486 -0.3691, -0.3622 -0.0492 -0.4179, -0.3622 -0.0486 -0.3187, -0.3622 0.0387 -0.4396, -0.3622 -0.0327 -0.4507, -0.3622 0.0339 -0.4507, -0.3622 -0.0042 -0.5179, -0.3622 -0.0492 -0.5324, -0.3622 0.0066 -0.5179, -0.3622 0.039 -0.5203, -0.3622 0.0066 -0.4831, -0.3622 0.039 -0.4831, -0.3622 0.0498 -0.3187, -0.3622 0.0498 -0.3319, -0.3622 0.0239 -0.3827, -0.3622 0.0331 -0.3885, -0.3622 0.0417 -0.3974, -0.3622 0.047 -0.4067, -0.3622 -0.0378 -0.3691, -0.3622 -0.0231 -0.3814, -0.3622 -0.0378 -0.3319, -0.3622 0.0502 -0.4177, -0.3622 0.051 -0.4276, -0.3622 0.0502 -0.4394, -0.3622 0.0471 -0.4507, -0.3622 -0.0486 -0.4699, -0.3622 -0.0435 -0.4507, -0.3622 -0.0485 -0.4115, -0.3622 -0.0452 -0.402, -0.3622 0.0365 -0.4106, -0.3622 0.0319 -0.4038, -0.3622 0.0254 -0.3979, -0.3622 -0.0004 -0.3907, -0.3622 -0.0111 -0.3917, -0.3622 -0.0195 -0.3944, -0.3622 -0.038 -0.4163, -0.3622 -0.039 -0.4255, -0.3622 -0.0353 -0.4091, -0.3622 -0.0312 -0.4031, -0.3622 -0.0264 -0.3985, -0.3622 -0.0375 -0.4385, -0.3622 -0.0126 -0.3785, -0.3622 -0.0012 -0.3775, -0.3622 0.0128 -0.3789, -0.3622 0.0178 -0.3938, -0.3622 0.0072 -0.3912, -0.3622 -0.0042 -0.4831, -0.3622 -0.0378 -0.4831, -0.3622 -0.0378 -0.5227, -0.3622 -0.0486 -0.5227, -0.3622 -0.0492 -0.4303, -0.3622 -0.0497 -0.4263, -0.3622 -0.1378 -0.5324, -0.3622 -0.0498 -0.4236, -0.3622 -0.0492 0.1969, -0.3622 -0.1378 0.1969, -0.3622 0.0498 -0.6656, -0.3622 0.0498 -0.6788, -0.3622 -0.0486 -0.5687, -0.3622 -0.0486 -0.542, -0.3622 0.0498 -0.542, -0.3622 -0.0486 -0.7028, -0.3622 -0.0486 -0.7172, -0.3622 -0.0492 -1.0236, -0.3622 0.1378 -1.0236, -0.3622 0.0498 -0.5697, -0.3622 0.0483 -0.5839, -0.3622 0.0443 -0.5955, -0.3622 0.0371 -0.6062, -0.3622 -0.0486 -0.6284, -0.3622 -0.0216 -0.6163, -0.3622 -0.0304 -0.6106, -0.3622 0.037 -0.6063, -0.3622 0.0293 -0.6132, -0.3622 0.0208 -0.6178, -0.3622 -0.0382 -0.6025, -0.3622 -0.0441 -0.5922, -0.3622 -0.0475 -0.5809, -0.3622 -0.0486 -0.6428, -0.3622 -0.021 -0.6522, -0.3622 -0.021 -0.6928, -0.3622 0.0111 -0.6205, -0.3622 0.0019 -0.6212, -0.3622 -0.0113 -0.6198, -0.3622 -0.0478 -0.4402, -0.3622 -0.1378 -1.0236
            ]
        }
        coordIndex [
            0,1,2,-1,2,1,3,-1,2,3,4,-1,4,3,5,-1,4,5,6,-1,6,5,7,-1,8,9,10,-1,10,9,11,-1,10,11,12,-1,13,14,10,-1,10,14,15,-1,10,15,16,-1,12,17,10,-1,10,17,18,-1,10,18,19,-1,19,20,10,-1,10,20,21,-1,10,21,13,-1,22,23,15,-1,15,23,24,-1,15,24,16,-1,25,26,27,-1,28,29,30,-1,30,29,31,-1,32,33,34,-1,35,34,36,-1,25,27,37,-1,37,27,38,-1,37,38,39,-1,40,41,42,-1,42,41,43,-1,42,43,44,-1,44,43,45,-1,31,46,47,-1,48,49,47,-1,47,49,50,-1,47,50,51,-1,34,33,52,-1,52,33,53,-1,52,53,54,-1,51,55,47,-1,47,55,56,-1,47,56,31,-1,31,56,57,-1,31,57,30,-1,57,58,30,-1,30,58,39,-1,30,39,59,-1,59,39,38,-1,59,38,60,-1,35,61,34,-1,34,61,62,-1,34,62,32,-1,26,63,27,-1,27,63,64,-1,27,64,65,-1,66,67,27,-1,27,67,68,-1,69,70,71,-1,71,70,72,-1,68,73,27,-1,27,73,72,-1,27,72,74,-1,74,72,70,-1,53,75,54,-1,54,75,76,-1,54,76,47,-1,47,76,77,-1,47,77,48,-1,65,78,27,-1,27,78,79,-1,27,79,66,-1,80,81,40,-1,40,81,82,-1,40,82,41,-1,41,82,83,-1,41,83,59,-1,84,85,86,-1,86,85,87,-1,86,87,35,-1,46,31,36,-1,36,31,88,-1,36,88,35,-1,35,88,89,-1,35,89,86,-1,29,90,91,-1,92,93,41,-1,28,43,29,-1,29,43,41,-1,29,41,94,-1,94,41,93,-1,95,41,96,-1,96,41,97,-1,96,97,91,-1,91,97,98,-1,91,98,29,-1,94,99,29,-1,29,99,100,-1,29,100,90,-1,90,100,101,-1,90,101,102,-1,103,104,105,-1,102,106,90,-1,90,106,107,-1,90,107,108,-1,105,109,103,-1,103,109,110,-1,103,110,111,-1,111,92,103,-1,103,92,41,-1,103,41,112,-1,112,41,95,-1,112,95,113,-1,113,95,114,-1,108,115,90,-1,90,115,116,-1,90,116,103,-1,103,116,117,-1,103,117,104,-1,60,118,59,-1,59,118,84,-1,59,84,41,-1,41,84,86,-1,41,86,97,-1,97,86,119,-1,
        ]
    }
}
Shape{
    appearance Appearance {
        material  Material {
            diffuseColor 0.17647058823529413 0.17647058823529413 0.17647058823529413
            specularColor 0.050980392156862744 0.050980392156862744 0.050980392156862744
            ambientIntensity 0.251
            transparency 0.0
            shininess 0.5
        }
    }
    geometry IndexedFaceSet {
        ccw TRUE
        solid FALSE
        coord DEF co Coordinate {
            point [
                -0.6378 -0.1378 0.1969, -0.3622 -0.1378 0.1969, 0.0 -0.2638 0.1969, -0.3622 -0.0492 0.1969, 0.0 0.2638 0.1969, -0.3622 0.1378 0.1969, -1.0 0.2638 0.1969, -0.6378 0.1378 0.1969, -1.0 -0.2638 0.1969, -0.8819 -0.5 0.0118, -0.8819 -0.5 0.9843, -1.0 -0.3819 0.0118, -1.0 -0.3819 0.9843, -0.1181 -0.5 0.0118, -0.1181 -0.5 0.9843, 0.0 -0.3819 0.0118, 0.0 -0.3819 0.9843, 0.0 -0.2638 0.0118, 0.0 0.2638 0.0118, 0.0 0.3819 0.0118, 0.0 0.3819 0.9843, -0.1181 0.5 0.0118, -0.1181 0.5 0.9843, -0.8819 0.5 0.0118, -0.8819 0.5 0.9843, -1.0 0.3819 0.0118, -1.0 0.3819 0.9843, -1.0 0.2638 0.0118, -1.0 -0.2638 0.0118, -0.3622 0.1378 0.9843, -0.3622 -0.1378 0.9843, -0.6378 -0.1378 0.9843, -0.6378 0.1378 0.9843
            ]
        }
        coordIndex [
            0,1,2,-1,2,1,3,-1,2,3,4,-1,4,3,5,-1,4,5,6,-1,6,5,7,-1,6,7,8,-1,8,7,0,-1,8,0,2,-1,9,10,11,-1,11,10,12,-1,13,14,9,-1,9,14,10,-1,15,16,13,-1,13,16,14,-1,15,17,2,-1,18,19,4,-1,4,19,20,-1,4,20,2,-1,2,20,16,-1,2,16,15,-1,21,22,19,-1,19,22,20,-1,23,24,21,-1,21,24,22,-1,25,26,23,-1,23,26,24,-1,25,27,6,-1,28,11,8,-1,8,11,12,-1,8,12,6,-1,6,12,26,-1,6,26,25,-1,26,12,10,-1,22,24,26,-1,20,22,16,-1,16,22,29,-1,16,29,14,-1,14,29,30,-1,14,30,10,-1,10,30,31,-1,10,31,26,-1,26,31,32,-1,26,32,22,-1,22,32,29,-1,6,27,4,-1,4,27,18,-1,18,27,25,-1,25,23,18,-1,18,23,21,-1,18,21,19,-1,2,17,8,-1,8,17,28,-1,11,28,9,-1,9,28,17,-1,9,17,13,-1,13,17,15,-1,
        ]
    }
}
Shape{
    appearance Appearance {
        material  Material {
            diffuseColor 0.9490196078431372 0.7607843137254902 0.1803921568627451
            specularColor 0.7607843137254902 0.6078431372549019 0.1450980392156863
            ambientIntensity 0.7509
            transparency 0.0
            shininess 0.5
        }
    }
    geometry IndexedFaceSet {
        ccw TRUE
        solid FALSE
        coord DEF co Coordinate {
            point [
                -0.4016 -0.0984 3.3465, -0.4016 0.0984 3.3465, -0.5984 -0.0984 3.3465, -0.5984 0.0984 3.3465, -0.3622 0.1378 3.189, -0.3622 0.1378 0.9843, -0.6378 0.1378 3.189, -0.6378 0.1378 0.9843, -0.6378 -0.1378 3.189, -0.6378 -0.1378 0.9843, -0.3622 -0.1378 3.189, -0.3622 -0.1378 0.9843, -0.3622 -0.1378 0.1969, -0.6378 -0.1378 0.1969, -0.3622 -0.1378 -0.5324, -0.6378 -0.1378 -1.0236, -0.3622 -0.1378 -1.0236, -0.6378 0.1378 -1.0236, -0.6378 0.1378 0.1969, -0.3622 0.1378 0.1969, -0.3622 0.1378 -0.5324, -0.3622 0.1378 -1.0236, -0.4016 0.0984 -1.1811, -0.4016 -0.0984 -1.1811, -0.5984 0.0984 -1.1811, -0.5984 -0.0984 -1.1811, -0.3622 -0.0492 -1.0236
            ]
        }
        coordIndex [
            0,1,2,-1,2,1,3,-1,4,5,6,-1,6,5,7,-1,6,7,8,-1,8,7,9,-1,8,9,10,-1,10,9,11,-1,10,11,4,-1,4,11,5,-1,12,13,14,-1,14,13,15,-1,14,15,16,-1,15,13,17,-1,17,13,18,-1,18,19,17,-1,17,19,20,-1,17,20,21,-1,22,23,24,-1,24,23,25,-1,23,16,25,-1,25,16,15,-1,16,23,26,-1,26,23,22,-1,26,22,21,-1,17,24,15,-1,15,24,25,-1,24,17,22,-1,22,17,21,-1,6,3,4,-1,4,3,1,-1,8,2,6,-1,6,2,3,-1,0,10,1,-1,1,10,4,-1,10,0,8,-1,8,0,2,-1,
        ]
    }
}
Shape{
    appearance Appearance {
        material  Material {
            diffuseColor 0.0 0.0 0.0
            specularColor 0.0 0.0 0.0
            ambientIntensity 0.0
            transparency 0.0
            shininess 0.5
        }
    }
    geometry IndexedFaceSet {
        ccw TRUE
        solid FALSE
        coord DEF co Coordinate {
            point [
                -0.3661 0.0498 -0.6788, -0.3661 -0.0486 -0.7172, -0.3622 0.0498 -0.6788, -0.3622 -0.0486 -0.7172, -0.3661 -0.0486 -0.7028, -0.3622 -0.0486 -0.7028, -0.3661 -0.021 -0.6928, -0.3622 -0.021 -0.6928, -0.3661 -0.021 -0.6522, -0.3622 -0.021 -0.6522, -0.3661 -0.0486 -0.6428, -0.3622 -0.0486 -0.6428, -0.3661 -0.0486 -0.6284, -0.3622 -0.0486 -0.6284, -0.3661 0.0498 -0.6656, -0.3622 0.0498 -0.6656, -0.3661 -0.0102 -0.6555, -0.3661 -0.0102 -0.6884, -0.3661 0.0309 -0.6702, -0.3661 0.0343 -0.6711, -0.3661 0.0378 -0.6718, -0.3661 0.0378 -0.6721, -0.3661 0.0344 -0.6727, -0.3661 0.0309 -0.6736, -0.3622 -0.0102 -0.6555, -0.3622 -0.0102 -0.6884, -0.3622 0.0309 -0.6702, -0.3622 0.0343 -0.6711, -0.3622 0.0378 -0.6718, -0.3622 0.0378 -0.6721, -0.3622 0.0344 -0.6727, -0.3622 0.0309 -0.6736, -0.3661 -0.0486 -0.5687, -0.3661 -0.0486 -0.542, -0.3622 -0.0486 -0.5687, -0.3622 -0.0486 -0.542, -0.3661 0.0498 -0.542, -0.3622 0.0498 -0.542, -0.3661 0.0498 -0.5697, -0.3622 0.0498 -0.5697, -0.3661 0.0019 -0.6212, -0.3622 0.0019 -0.6212, -0.3622 0.0111 -0.6205, -0.3661 0.0111 -0.6205, -0.3622 0.0208 -0.6178, -0.3661 0.0208 -0.6178, -0.3622 0.0293 -0.6132, -0.3661 0.0293 -0.6132, -0.3622 0.037 -0.6063, -0.3661 0.037 -0.6063, -0.3622 0.0371 -0.6062, -0.3661 0.0371 -0.6062, -0.3622 0.0443 -0.5955, -0.3661 0.0443 -0.5955, -0.3622 0.0483 -0.5839, -0.3661 0.0483 -0.5839, -0.3622 -0.0475 -0.5809, -0.3661 -0.0475 -0.5809, -0.3622 -0.0441 -0.5922, -0.3661 -0.0441 -0.5922, -0.3622 -0.0382 -0.6025, -0.3661 -0.0382 -0.6025, -0.3622 -0.0304 -0.6106, -0.3661 -0.0304 -0.6106, -0.3622 -0.0216 -0.6163, -0.3661 -0.0216 -0.6163, -0.3622 -0.0113 -0.6198, -0.3661 -0.0113 -0.6198, -0.3661 0.0252 -0.6014, -0.3661 0.0303 -0.5966, -0.3661 0.035 -0.5894, -0.3661 0.0378 -0.5813, -0.3661 0.039 -0.5697, -0.3661 0.039 -0.5552, -0.3661 -0.0378 -0.5552, -0.3661 -0.0378 -0.5691, -0.3661 -0.0368 -0.5795, -0.3661 -0.0342 -0.5878, -0.3661 -0.0303 -0.5945, -0.3661 -0.0248 -0.6, -0.3661 -0.018 -0.6042, -0.3661 -0.0088 -0.6071, -0.3661 0.0016 -0.608, -0.3661 0.0114 -0.6071, -0.3661 0.0192 -0.6048, -0.3622 0.039 -0.5697, -0.3622 0.039 -0.5552, -0.3622 0.0378 -0.5813, -0.3622 0.035 -0.5894, -0.3622 0.0303 -0.5966, -0.3622 0.0252 -0.6014, -0.3622 0.0192 -0.6048, -0.3622 0.0114 -0.6071, -0.3622 0.0016 -0.608, -0.3622 -0.0088 -0.6071, -0.3622 -0.018 -0.6042, -0.3622 -0.0248 -0.6, -0.3622 -0.0303 -0.5945, -0.3622 -0.0342 -0.5878, -0.3622 -0.0368 -0.5795, -0.3622 -0.0378 -0.5691, -0.3622 -0.0378 -0.5552, -0.3661 -0.0378 -0.5227, -0.3661 -0.0486 -0.5227, -0.3622 -0.0378 -0.5227, -0.3622 -0.0486 -0.5227, -0.3661 -0.0486 -0.4699, -0.3622 -0.0486 -0.4699, -0.3661 0.0498 -0.4699, -0.3622 0.0498 -0.4699, -0.3661 0.0498 -0.5203, -0.3622 0.0498 -0.5203, -0.3661 0.039 -0.5203, -0.3622 0.039 -0.5203, -0.3661 0.039 -0.4831, -0.3622 0.039 -0.4831, -0.3661 0.0066 -0.4831, -0.3622 0.0066 -0.4831, -0.3661 0.0066 -0.5179, -0.3622 0.0066 -0.5179, -0.3661 -0.0042 -0.5179, -0.3622 -0.0042 -0.5179, -0.3661 -0.0042 -0.4831, -0.3622 -0.0042 -0.4831, -0.3661 -0.0378 -0.4831, -0.3622 -0.0378 -0.4831, -0.3661 -0.0327 -0.4507, -0.3661 -0.0435 -0.4507, -0.3622 -0.0327 -0.4507, -0.3622 -0.0435 -0.4507, -0.3661 -0.0478 -0.4402, -0.3661 -0.0498 -0.4236, -0.3622 -0.0498 -0.4236, -0.3622 -0.0497 -0.4263, -0.3661 -0.0497 -0.4263, -0.3622 -0.0492 -0.4303, -0.3622 -0.0478 -0.4402, -0.3661 -0.0012 -0.3775, -0.3622 -0.0012 -0.3775, -0.3622 -0.0126 -0.3785, -0.3661 -0.0126 -0.3785, -0.3622 -0.0231 -0.3814, -0.3661 -0.0231 -0.3814, -0.3622 -0.0324 -0.3867, -0.3661 -0.0324 -0.3867, -0.3622 -0.0402 -0.3941, -0.3661 -0.0402 -0.3941, -0.3622 -0.0452 -0.402, -0.3661 -0.0452 -0.402, -0.3622 -0.0485 -0.4115, -0.3661 -0.0485 -0.4115, -0.3622 -0.0492 -0.4179, -0.3661 0.051 -0.4276, -0.3622 0.051 -0.4276, -0.3622 0.0502 -0.4177, -0.3661 0.0502 -0.4177, -0.3622 0.047 -0.4067, -0.3661 0.047 -0.4067, -0.3622 0.0417 -0.3974, -0.3661 0.0417 -0.3974, -0.3622 0.0331 -0.3885, -0.3661 0.0331 -0.3885, -0.3622 0.0239 -0.3827, -0.3661 0.0239 -0.3827, -0.3622 0.0128 -0.3789, -0.3661 0.0128 -0.3789, -0.3661 0.0471 -0.4507, -0.3622 0.0471 -0.4507, -0.3622 0.0502 -0.4394, -0.3661 0.0502 -0.4394, -0.3661 0.0339 -0.4507, -0.3622 0.0339 -0.4507, -0.3661 0.0402 -0.4277, -0.3622 0.0402 -0.4277, -0.3622 0.0387 -0.4396, -0.3661 0.0387 -0.4396, -0.3661 -0.0004 -0.3907, -0.3622 -0.0004 -0.3907, -0.3622 0.0072 -0.3912, -0.3661 0.0072 -0.3912, -0.3622 0.0178 -0.3938, -0.3661 0.0178 -0.3938, -0.3622 0.0254 -0.3979, -0.3661 0.0254 -0.3979, -0.3622 0.0319 -0.4038, -0.3661 0.0319 -0.4038, -0.3622 0.0365 -0.4106, -0.3661 0.0365 -0.4106, -0.3622 0.0391 -0.418, -0.3661 0.0391 -0.418, -0.3661 -0.039 -0.4255, -0.3622 -0.039 -0.4255, -0.3622 -0.038 -0.4163, -0.3661 -0.038 -0.4163, -0.3622 -0.0353 -0.4091, -0.3661 -0.0353 -0.4091, -0.3622 -0.0312 -0.4031, -0.3661 -0.0312 -0.4031, -0.3622 -0.0264 -0.3985, -0.3661 -0.0264 -0.3985, -0.3622 -0.0195 -0.3944, -0.3661 -0.0195 -0.3944, -0.3622 -0.0111 -0.3917, -0.3661 -0.0111 -0.3917, -0.3622 -0.0337 -0.449, -0.3661 -0.0337 -0.449, -0.3622 -0.0375 -0.4385, -0.3661 -0.0375 -0.4385, -0.3661 -0.0378 -0.3691, -0.3661 -0.0486 -0.3691, -0.3622 -0.0378 -0.3691, -0.3622 -0.0486 -0.3691, -0.3661 -0.0486 -0.3187, -0.3622 -0.0486 -0.3187, -0.3661 0.0498 -0.3187, -0.3622 0.0498 -0.3187, -0.3661 0.0498 -0.3319, -0.3622 0.0498 -0.3319, -0.3661 -0.0378 -0.3319, -0.3622 -0.0378 -0.3319
            ]
        }
        coordIndex [
            0,1,2,-1,2,1,3,-1,1,4,3,-1,3,4,5,-1,4,6,5,-1,5,6,7,-1,6,8,7,-1,7,8,9,-1,8,10,9,-1,9,10,11,-1,10,12,11,-1,11,12,13,-1,12,14,13,-1,13,14,15,-1,14,0,15,-1,15,0,2,-1,16,8,17,-1,17,8,6,-1,18,14,16,-1,16,14,12,-1,16,12,8,-1,8,12,10,-1,18,19,14,-1,14,19,20,-1,14,20,0,-1,0,20,21,-1,0,21,22,-1,22,23,0,-1,0,23,17,-1,0,17,1,-1,1,17,6,-1,1,6,4,-1,16,17,24,-1,24,17,25,-1,18,16,26,-1,26,16,24,-1,18,26,27,-1,18,27,19,-1,19,27,28,-1,19,28,20,-1,21,20,29,-1,29,20,28,-1,21,29,30,-1,21,30,22,-1,22,30,31,-1,22,31,23,-1,17,23,25,-1,25,23,31,-1,32,33,34,-1,34,33,35,-1,33,36,35,-1,35,36,37,-1,36,38,37,-1,37,38,39,-1,40,41,42,-1,40,42,43,-1,43,42,44,-1,43,44,45,-1,45,44,46,-1,45,46,47,-1,47,46,48,-1,47,48,49,-1,49,48,50,-1,49,50,51,-1,51,50,52,-1,51,52,53,-1,53,52,54,-1,53,54,55,-1,55,54,39,-1,55,39,38,-1,32,34,56,-1,32,56,57,-1,57,56,58,-1,57,58,59,-1,59,58,60,-1,59,60,61,-1,61,60,62,-1,61,62,63,-1,63,62,64,-1,63,64,65,-1,65,64,66,-1,65,66,67,-1,67,66,41,-1,67,41,40,-1,45,47,68,-1,68,47,49,-1,68,49,69,-1,69,49,51,-1,69,51,70,-1,70,51,53,-1,70,53,71,-1,71,53,55,-1,71,55,72,-1,72,55,38,-1,72,38,73,-1,73,38,36,-1,73,36,74,-1,74,36,33,-1,74,33,75,-1,75,33,32,-1,75,32,76,-1,76,32,57,-1,76,57,77,-1,77,57,59,-1,77,59,78,-1,78,59,61,-1,78,61,79,-1,79,61,63,-1,79,63,80,-1,80,63,65,-1,80,65,81,-1,81,65,67,-1,81,67,82,-1,82,67,40,-1,82,40,83,-1,83,40,43,-1,83,43,84,-1,84,43,45,-1,84,45,68,-1,72,73,85,-1,85,73,86,-1,72,85,87,-1,72,87,71,-1,71,87,88,-1,71,88,70,-1,70,88,89,-1,70,89,69,-1,69,89,90,-1,69,90,68,-1,68,90,91,-1,68,91,84,-1,84,91,92,-1,84,92,83,-1,83,92,93,-1,83,93,82,-1,82,93,94,-1,82,94,81,-1,81,94,95,-1,81,95,80,-1,80,95,96,-1,80,96,79,-1,79,96,97,-1,79,97,78,-1,78,97,98,-1,78,98,77,-1,77,98,99,-1,77,99,76,-1,76,99,100,-1,76,100,75,-1,74,75,101,-1,101,75,100,-1,73,74,86,-1,86,74,101,-1,102,103,104,-1,104,103,105,-1,103,106,105,-1,105,106,107,-1,106,108,107,-1,107,108,109,-1,108,110,109,-1,109,110,111,-1,110,112,111,-1,111,112,113,-1,112,114,113,-1,113,114,115,-1,114,116,115,-1,115,116,117,-1,116,118,117,-1,117,118,119,-1,118,120,119,-1,119,120,121,-1,120,122,121,-1,121,122,123,-1,122,124,123,-1,123,124,125,-1,124,102,125,-1,125,102,104,-1,106,103,102,-1,102,124,106,-1,106,124,122,-1,106,122,108,-1,112,110,114,-1,114,110,108,-1,114,108,116,-1,116,108,122,-1,116,122,118,-1,118,122,120,-1,126,127,128,-1,128,127,129,-1,129,127,130,-1,131,132,133,-1,131,133,134,-1,134,133,135,-1,134,135,130,-1,130,135,136,-1,130,136,129,-1,137,138,139,-1,137,139,140,-1,140,139,141,-1,140,141,142,-1,142,141,143,-1,142,143,144,-1,144,143,145,-1,144,145,146,-1,146,145,147,-1,146,147,148,-1,148,147,149,-1,148,149,150,-1,150,149,131,-1,131,149,151,-1,131,151,132,-1,152,153,154,-1,152,154,155,-1,155,154,156,-1,155,156,157,-1,157,156,158,-1,157,158,159,-1,159,158,160,-1,159,160,161,-1,161,160,162,-1,161,162,163,-1,163,162,164,-1,163,164,165,-1,165,164,138,-1,165,138,137,-1,166,167,168,-1,166,168,169,-1,169,168,153,-1,169,153,152,-1,166,170,167,-1,167,170,171,-1,172,173,174,-1,172,174,175,-1,175,174,171,-1,175,171,170,-1,176,177,178,-1,176,178,179,-1,179,178,180,-1,179,180,181,-1,181,180,182,-1,181,182,183,-1,183,182,184,-1,183,184,185,-1,185,184,186,-1,185,186,187,-1,187,186,188,-1,187,188,189,-1,189,188,173,-1,189,173,172,-1,190,191,192,-1,190,192,193,-1,193,192,194,-1,193,194,195,-1,195,194,196,-1,195,196,197,-1,197,196,198,-1,197,198,199,-1,199,198,200,-1,199,200,201,-1,201,200,202,-1,201,202,203,-1,203,202,177,-1,203,177,176,-1,126,128,204,-1,126,204,205,-1,205,204,206,-1,205,206,207,-1,207,206,191,-1,207,191,190,-1,193,131,190,-1,190,131,134,-1,190,134,207,-1,207,134,130,-1,207,130,205,-1,205,130,127,-1,205,127,126,-1,170,166,175,-1,175,166,169,-1,175,169,172,-1,172,169,152,-1,172,152,189,-1,189,152,155,-1,189,155,187,-1,187,155,157,-1,187,157,185,-1,185,157,159,-1,185,159,183,-1,183,159,161,-1,183,161,181,-1,181,161,163,-1,181,163,179,-1,179,163,165,-1,179,165,176,-1,176,165,137,-1,176,137,203,-1,203,137,140,-1,203,140,201,-1,201,140,142,-1,201,142,199,-1,199,142,144,-1,199,144,197,-1,197,144,146,-1,197,146,195,-1,195,146,148,-1,195,148,193,-1,193,148,150,-1,193,150,131,-1,208,209,210,-1,210,209,211,-1,209,212,211,-1,211,212,213,-1,212,214,213,-1,213,214,215,-1,214,216,215,-1,215,216,217,-1,216,218,217,-1,217,218,219,-1,218,208,219,-1,219,208,210,-1,216,214,218,-1,218,214,212,-1,218,212,208,-1,208,212,209,-1,
        ]
    }
}
Shape{
    appearance Appearance {
        material  Material {
            diffuseColor 0.9490196078431372 0.7607843137254902 0.1803921568627451
            specularColor 0.7607843137254902 0.6078431372549019 0.1450980392156863
            ambientIntensity 0.7509
            transparency 0.0
            shininess 0.5
        }
    }
    geometry IndexedFaceSet {
        ccw TRUE
        solid FALSE
        coord DEF co Coordinate {
            point [
                -0.3622 -0.0102 -0.6555, -0.3622 -0.0102 -0.6884, -0.3622 0.0309 -0.6702, -0.3622 0.0309 -0.6736, -0.3622 0.0343 -0.6711, -0.3622 0.0344 -0.6727, -0.3622 0.0378 -0.6718, -0.3622 0.0378 -0.6721, -0.3622 0.039 -0.5552, -0.3622 -0.0378 -0.5552, -0.3622 0.039 -0.5697, -0.3622 -0.0378 -0.5691, -0.3622 -0.0368 -0.5795, -0.3622 0.0016 -0.608, -0.3622 0.0114 -0.6071, -0.3622 0.0192 -0.6048, -0.3622 0.0378 -0.5813, -0.3622 -0.0342 -0.5878, -0.3622 -0.0303 -0.5945, -0.3622 -0.0248 -0.6, -0.3622 -0.018 -0.6042, -0.3622 -0.0088 -0.6071, -0.3622 0.0252 -0.6014, -0.3622 0.0303 -0.5966, -0.3622 0.035 -0.5894, -1.3622 0.0402 -0.4277, -1.3622 0.0391 -0.418, -1.3622 -0.0337 -0.449, -1.3622 0.0498 -0.5203, -1.3622 0.1378 -0.5324, -1.3622 0.0498 -0.4699, -1.3622 0.1378 0.1969, -1.3622 -0.0402 -0.3941, -1.3622 -0.0324 -0.3867, -1.3622 -0.0486 -0.3691, -1.3622 -0.0492 -0.4179, -1.3622 -0.0486 -0.3187, -1.3622 0.0387 -0.4396, -1.3622 -0.0327 -0.4507, -1.3622 0.0339 -0.4507, -1.3622 -0.0042 -0.5179, -1.3622 -0.0492 -0.5324, -1.3622 0.0066 -0.5179, -1.3622 0.039 -0.5203, -1.3622 0.0066 -0.4831, -1.3622 0.039 -0.4831, -1.3622 0.0498 -0.3187, -1.3622 0.0498 -0.3319, -1.3622 0.0239 -0.3827, -1.3622 0.0331 -0.3885, -1.3622 0.0417 -0.3974, -1.3622 0.047 -0.4067, -1.3622 -0.0378 -0.3691, -1.3622 -0.0231 -0.3814, -1.3622 -0.0378 -0.3319, -1.3622 0.0502 -0.4177, -1.3622 0.051 -0.4276, -1.3622 0.0502 -0.4394, -1.3622 0.0471 -0.4507, -1.3622 -0.0486 -0.4699, -1.3622 -0.0435 -0.4507, -1.3622 -0.0485 -0.4115, -1.3622 -0.0452 -0.402, -1.3622 0.0365 -0.4106, -1.3622 0.0319 -0.4038, -1.3622 0.0254 -0.3979, -1.3622 -0.0004 -0.3907, -1.3622 -0.0111 -0.3917, -1.3622 -0.0195 -0.3944, -1.3622 -0.038 -0.4163, -1.3622 -0.039 -0.4255, -1.3622 -0.0353 -0.4091, -1.3622 -0.0312 -0.4031, -1.3622 -0.0264 -0.3985, -1.3622 -0.0375 -0.4385, -1.3622 -0.0126 -0.3785, -1.3622 -0.0012 -0.3775, -1.3622 0.0128 -0.3789, -1.3622 0.0178 -0.3938, -1.3622 0.0072 -0.3912, -1.3622 -0.0042 -0.4831, -1.3622 -0.0378 -0.4831, -1.3622 -0.0378 -0.5227, -1.3622 -0.0486 -0.5227, -1.3622 -0.0492 -0.4303, -1.3622 -0.0497 -0.4263, -1.3622 -0.1378 -0.5324, -1.3622 -0.0498 -0.4236, -1.3622 -0.0492 0.1969, -1.3622 -0.1378 0.1969, -1.3622 0.0498 -0.6656, -1.3622 0.0498 -0.6788, -1.3622 -0.0486 -0.5687, -1.3622 -0.0486 -0.542, -1.3622 0.0498 -0.542, -1.3622 -0.0486 -0.7028, -1.3622 -0.0486 -0.7172, -1.3622 -0.0492 -1.0236, -1.3622 0.1378 -1.0236, -1.3622 0.0498 -0.5697, -1.3622 0.0483 -0.5839, -1.3622 0.0443 -0.5955, -1.3622 0.0371 -0.6062, -1.3622 -0.0486 -0.6284, -1.3622 -0.0216 -0.6163, -1.3622 -0.0304 -0.6106, -1.3622 0.037 -0.6063, -1.3622 0.0293 -0.6132, -1.3622 0.0208 -0.6178, -1.3622 -0.0382 -0.6025, -1.3622 -0.0441 -0.5922, -1.3622 -0.0475 -0.5809, -1.3622 -0.0486 -0.6428, -1.3622 -0.021 -0.6522, -1.3622 -0.021 -0.6928, -1.3622 0.0111 -0.6205, -1.3622 0.0019 -0.6212, -1.3622 -0.0113 -0.6198, -1.3622 -0.0478 -0.4402, -1.3622 -0.1378 -1.0236
            ]
        }
        coordIndex [
            0,1,2,-1,2,1,3,-1,2,3,4,-1,4,3,5,-1,4,5,6,-1,6,5,7,-1,8,9,10,-1,10,9,11,-1,10,11,12,-1,13,14,10,-1,10,14,15,-1,10,15,16,-1,12,17,10,-1,10,17,18,-1,10,18,19,-1,19,20,10,-1,10,20,21,-1,10,21,13,-1,22,23,15,-1,15,23,24,-1,15,24,16,-1,25,26,27,-1,28,29,30,-1,30,29,31,-1,32,33,34,-1,35,34,36,-1,25,27,37,-1,37,27,38,-1,37,38,39,-1,40,41,42,-1,42,41,43,-1,42,43,44,-1,44,43,45,-1,31,46,47,-1,48,49,47,-1,47,49,50,-1,47,50,51,-1,34,33,52,-1,52,33,53,-1,52,53,54,-1,51,55,47,-1,47,55,56,-1,47,56,31,-1,31,56,57,-1,31,57,30,-1,57,58,30,-1,30,58,39,-1,30,39,59,-1,59,39,38,-1,59,38,60,-1,35,61,34,-1,34,61,62,-1,34,62,32,-1,26,63,27,-1,27,63,64,-1,27,64,65,-1,66,67,27,-1,27,67,68,-1,69,70,71,-1,71,70,72,-1,68,73,27,-1,27,73,72,-1,27,72,74,-1,74,72,70,-1,53,75,54,-1,54,75,76,-1,54,76,47,-1,47,76,77,-1,47,77,48,-1,65,78,27,-1,27,78,79,-1,27,79,66,-1,80,81,40,-1,40,81,82,-1,40,82,41,-1,41,82,83,-1,41,83,59,-1,84,85,86,-1,86,85,87,-1,86,87,35,-1,46,31,36,-1,36,31,88,-1,36,88,35,-1,35,88,89,-1,35,89,86,-1,29,90,91,-1,92,93,41,-1,28,43,29,-1,29,43,41,-1,29,41,94,-1,94,41,93,-1,95,41,96,-1,96,41,97,-1,96,97,91,-1,91,97,98,-1,91,98,29,-1,94,99,29,-1,29,99,100,-1,29,100,90,-1,90,100,101,-1,90,101,102,-1,103,104,105,-1,102,106,90,-1,90,106,107,-1,90,107,108,-1,105,109,103,-1,103,109,110,-1,103,110,111,-1,111,92,103,-1,103,92,41,-1,103,41,112,-1,112,41,95,-1,112,95,113,-1,113,95,114,-1,108,115,90,-1,90,115,116,-1,90,116,103,-1,103,116,117,-1,103,117,104,-1,60,118,59,-1,59,118,84,-1,59,84,41,-1,41,84,86,-1,41,86,97,-1,97,86,119,-1,
        ]
    }
}
Shape{
    appearance Appearance {
        material  Material {
            diffuseColor 0.17647058823529413 0.17647058823529413 0.17647058823529413
            specularColor 0.050980392156862744 0.050980392156862744 0.050980392156862744
            ambientIntensity 0.251
            transparency 0.0
            shininess 0.5
        }
    }
    geometry IndexedFaceSet {
        ccw TRUE
        solid FALSE
        coord DEF co Coordinate {
            point [
                -1.6378 -0.1378 0.1969, -1.3622 -0.1378 0.1969, -1.0 -0.2638 0.1969, -1.3622 -0.0492 0.1969, -1.0 0.2638 0.1969, -1.3622 0.1378 0.1969, -2.0 0.2638 0.1969, -1.6378 0.1378 0.1969, -2.0 -0.2638 0.1969, -1.8819 -0.5 0.0118, -1.8819 -0.5 0.9843, -2.0 -0.3819 0.0118, -2.0 -0.3819 0.9843, -1.1181 -0.5 0.0118, -1.1181 -0.5 0.9843, -1.0 -0.3819 0.0118, -1.0 -0.3819 0.9843, -1.0 -0.2638 0.0118, -1.0 0.2638 0.0118, -1.0 0.3819 0.0118, -1.0 0.3819 0.9843, -1.1181 0.5 0.0118, -1.1181 0.5 0.9843, -1.8819 0.5 0.0118, -1.8819 0.5 0.9843, -2.0 0.3819 0.0118, -2.0 0.3819 0.9843, -2.0 0.2638 0.0118, -2.0 -0.2638 0.0118, -1.3622 -0.1378 0.9843, -1.6378 -0.1378 0.9843, -1.6378 0.1378 0.9843, -1.3622 0.1378 0.9843
            ]
        }
        coordIndex [
            0,1,2,-1,2,1,3,-1,2,3,4,-1,4,3,5,-1,4,5,6,-1,6,5,7,-1,6,7,8,-1,8,7,0,-1,8,0,2,-1,9,10,11,-1,11,10,12,-1,13,14,9,-1,9,14,10,-1,15,16,13,-1,13,16,14,-1,15,17,2,-1,18,19,4,-1,4,19,20,-1,4,20,2,-1,2,20,16,-1,2,16,15,-1,21,22,19,-1,19,22,20,-1,23,24,21,-1,21,24,22,-1,25,26,23,-1,23,26,24,-1,25,27,6,-1,28,11,8,-1,8,11,12,-1,8,12,6,-1,6,12,26,-1,6,26,25,-1,26,12,10,-1,22,24,26,-1,14,29,10,-1,10,29,30,-1,10,30,26,-1,26,30,31,-1,26,31,22,-1,22,31,20,-1,14,16,29,-1,29,16,20,-1,29,20,32,-1,32,20,31,-1,6,27,4,-1,4,27,18,-1,18,27,25,-1,25,23,18,-1,18,23,21,-1,18,21,19,-1,2,17,8,-1,8,17,28,-1,28,17,15,-1,15,13,28,-1,28,13,9,-1,28,9,11,-1,
        ]
    }
}
Shape{
    appearance Appearance {
        material  Material {
            diffuseColor 0.9490196078431372 0.7607843137254902 0.1803921568627451
            specularColor 0.7607843137254902 0.6078431372549019 0.1450980392156863
            ambientIntensity 0.7509
            transparency 0.0
            shininess 0.5
        }
    }
    geometry IndexedFaceSet {
        ccw TRUE
        solid FALSE
        coord DEF co Coordinate {
            point [
                -1.4016 -0.0984 3.3465, -1.4016 0.0984 3.3465, -1.5984 -0.0984 3.3465, -1.5984 0.0984 3.3465, -1.3622 0.1378 3.189, -1.3622 0.1378 0.9843, -1.6378 0.1378 3.189, -1.6378 0.1378 0.9843, -1.6378 -0.1378 3.189, -1.6378 -0.1378 0.9843, -1.3622 -0.1378 3.189, -1.3622 -0.1378 0.9843, -1.3622 -0.1378 0.1969, -1.6378 -0.1378 0.1969, -1.3622 -0.1378 -0.5324, -1.6378 -0.1378 -1.0236, -1.3622 -0.1378 -1.0236, -1.6378 0.1378 -1.0236, -1.6378 0.1378 0.1969, -1.3622 0.1378 0.1969, -1.3622 0.1378 -0.5324, -1.3622 0.1378 -1.0236, -1.4016 0.0984 -1.1811, -1.4016 -0.0984 -1.1811, -1.5984 0.0984 -1.1811, -1.5984 -0.0984 -1.1811, -1.3622 -0.0492 -1.0236
            ]
        }
        coordIndex [
            0,1,2,-1,2,1,3,-1,4,5,6,-1,6,5,7,-1,6,7,8,-1,8,7,9,-1,8,9,10,-1,10,9,11,-1,10,11,4,-1,4,11,5,-1,12,13,14,-1,14,13,15,-1,14,15,16,-1,15,13,17,-1,17,13,18,-1,18,19,17,-1,17,19,20,-1,17,20,21,-1,22,23,24,-1,24,23,25,-1,23,16,25,-1,25,16,15,-1,16,23,26,-1,26,23,22,-1,26,22,21,-1,17,24,15,-1,15,24,25,-1,24,17,22,-1,22,17,21,-1,6,3,4,-1,4,3,1,-1,8,2,6,-1,6,2,3,-1,0,10,1,-1,1,10,4,-1,10,0,8,-1,8,0,2,-1,
        ]
    }
}
Shape{
    appearance Appearance {
        material  Material {
            diffuseColor 0.0 0.0 0.0
            specularColor 0.0 0.0 0.0
            ambientIntensity 0.0
            transparency 0.0
            shininess 0.5
        }
    }
    geometry IndexedFaceSet {
        ccw TRUE
        solid FALSE
        coord DEF co Coordinate {
            point [
                -1.3661 0.0498 -0.6788, -1.3661 -0.0486 -0.7172, -1.3622 0.0498 -0.6788, -1.3622 -0.0486 -0.7172, -1.3661 -0.0486 -0.7028, -1.3622 -0.0486 -0.7028, -1.3661 -0.021 -0.6928, -1.3622 -0.021 -0.6928, -1.3661 -0.021 -0.6522, -1.3622 -0.021 -0.6522, -1.3661 -0.0486 -0.6428, -1.3622 -0.0486 -0.6428, -1.3661 -0.0486 -0.6284, -1.3622 -0.0486 -0.6284, -1.3661 0.0498 -0.6656, -1.3622 0.0498 -0.6656, -1.3661 -0.0102 -0.6555, -1.3661 -0.0102 -0.6884, -1.3661 0.0309 -0.6702, -1.3661 0.0343 -0.6711, -1.3661 0.0378 -0.6718, -1.3661 0.0378 -0.6721, -1.3661 0.0344 -0.6727, -1.3661 0.0309 -0.6736, -1.3622 -0.0102 -0.6555, -1.3622 -0.0102 -0.6884, -1.3622 0.0309 -0.6702, -1.3622 0.0343 -0.6711, -1.3622 0.0378 -0.6718, -1.3622 0.0378 -0.6721, -1.3622 0.0344 -0.6727, -1.3622 0.0309 -0.6736, -1.3661 -0.0486 -0.5687, -1.3661 -0.0486 -0.542, -1.3622 -0.0486 -0.5687, -1.3622 -0.0486 -0.542, -1.3661 0.0498 -0.542, -1.3622 0.0498 -0.542, -1.3661 0.0498 -0.5697, -1.3622 0.0498 -0.5697, -1.3661 0.0019 -0.6212, -1.3622 0.0019 -0.6212, -1.3622 0.0111 -0.6205, -1.3661 0.0111 -0.6205, -1.3622 0.0208 -0.6178, -1.3661 0.0208 -0.6178, -1.3622 0.0293 -0.6132, -1.3661 0.0293 -0.6132, -1.3622 0.037 -0.6063, -1.3661 0.037 -0.6063, -1.3622 0.0371 -0.6062, -1.3661 0.0371 -0.6062, -1.3622 0.0443 -0.5955, -1.3661 0.0443 -0.5955, -1.3622 0.0483 -0.5839, -1.3661 0.0483 -0.5839, -1.3622 -0.0475 -0.5809, -1.3661 -0.0475 -0.5809, -1.3622 -0.0441 -0.5922, -1.3661 -0.0441 -0.5922, -1.3622 -0.0382 -0.6025, -1.3661 -0.0382 -0.6025, -1.3622 -0.0304 -0.6106, -1.3661 -0.0304 -0.6106, -1.3622 -0.0216 -0.6163, -1.3661 -0.0216 -0.6163, -1.3622 -0.0113 -0.6198, -1.3661 -0.0113 -0.6198, -1.3661 0.0252 -0.6014, -1.3661 0.0303 -0.5966, -1.3661 0.035 -0.5894, -1.3661 0.0378 -0.5813, -1.3661 0.039 -0.5697, -1.3661 0.039 -0.5552, -1.3661 -0.0378 -0.5552, -1.3661 -0.0378 -0.5691, -1.3661 -0.0368 -0.5795, -1.3661 -0.0342 -0.5878, -1.3661 -0.0303 -0.5945, -1.3661 -0.0248 -0.6, -1.3661 -0.018 -0.6042, -1.3661 -0.0088 -0.6071, -1.3661 0.0016 -0.608, -1.3661 0.0114 -0.6071, -1.3661 0.0192 -0.6048, -1.3622 0.039 -0.5697, -1.3622 0.039 -0.5552, -1.3622 0.0378 -0.5813, -1.3622 0.035 -0.5894, -1.3622 0.0303 -0.5966, -1.3622 0.0252 -0.6014, -1.3622 0.0192 -0.6048, -1.3622 0.0114 -0.6071, -1.3622 0.0016 -0.608, -1.3622 -0.0088 -0.6071, -1.3622 -0.018 -0.6042, -1.3622 -0.0248 -0.6, -1.3622 -0.0303 -0.5945, -1.3622 -0.0342 -0.5878, -1.3622 -0.0368 -0.5795, -1.3622 -0.0378 -0.5691, -1.3622 -0.0378 -0.5552, -1.3661 -0.0378 -0.5227, -1.3661 -0.0486 -0.5227, -1.3622 -0.0378 -0.5227, -1.3622 -0.0486 -0.5227, -1.3661 -0.0486 -0.4699, -1.3622 -0.0486 -0.4699, -1.3661 0.0498 -0.4699, -1.3622 0.0498 -0.4699, -1.3661 0.0498 -0.5203, -1.3622 0.0498 -0.5203, -1.3661 0.039 -0.5203, -1.3622 0.039 -0.5203, -1.3661 0.039 -0.4831, -1.3622 0.039 -0.4831, -1.3661 0.0066 -0.4831, -1.3622 0.0066 -0.4831, -1.3661 0.0066 -0.5179, -1.3622 0.0066 -0.5179, -1.3661 -0.0042 -0.5179, -1.3622 -0.0042 -0.5179, -1.3661 -0.0042 -0.4831, -1.3622 -0.0042 -0.4831, -1.3661 -0.0378 -0.4831, -1.3622 -0.0378 -0.4831, -1.3661 -0.0327 -0.4507, -1.3661 -0.0435 -0.4507, -1.3622 -0.0327 -0.4507, -1.3622 -0.0435 -0.4507, -1.3661 -0.0478 -0.4402, -1.3661 -0.0498 -0.4236, -1.3622 -0.0498 -0.4236, -1.3622 -0.0497 -0.4263, -1.3661 -0.0497 -0.4263, -1.3622 -0.0492 -0.4303, -1.3622 -0.0478 -0.4402, -1.3661 -0.0012 -0.3775, -1.3622 -0.0012 -0.3775, -1.3622 -0.0126 -0.3785, -1.3661 -0.0126 -0.3785, -1.3622 -0.0231 -0.3814, -1.3661 -0.0231 -0.3814, -1.3622 -0.0324 -0.3867, -1.3661 -0.0324 -0.3867, -1.3622 -0.0402 -0.3941, -1.3661 -0.0402 -0.3941, -1.3622 -0.0452 -0.402, -1.3661 -0.0452 -0.402, -1.3622 -0.0485 -0.4115, -1.3661 -0.0485 -0.4115, -1.3622 -0.0492 -0.4179, -1.3661 0.051 -0.4276, -1.3622 0.051 -0.4276, -1.3622 0.0502 -0.4177, -1.3661 0.0502 -0.4177, -1.3622 0.047 -0.4067, -1.3661 0.047 -0.4067, -1.3622 0.0417 -0.3974, -1.3661 0.0417 -0.3974, -1.3622 0.0331 -0.3885, -1.3661 0.0331 -0.3885, -1.3622 0.0239 -0.3827, -1.3661 0.0239 -0.3827, -1.3622 0.0128 -0.3789, -1.3661 0.0128 -0.3789, -1.3661 0.0471 -0.4507, -1.3622 0.0471 -0.4507, -1.3622 0.0502 -0.4394, -1.3661 0.0502 -0.4394, -1.3661 0.0339 -0.4507, -1.3622 0.0339 -0.4507, -1.3661 0.0402 -0.4277, -1.3622 0.0402 -0.4277, -1.3622 0.0387 -0.4396, -1.3661 0.0387 -0.4396, -1.3661 -0.0004 -0.3907, -1.3622 -0.0004 -0.3907, -1.3622 0.0072 -0.3912, -1.3661 0.0072 -0.3912, -1.3622 0.0178 -0.3938, -1.3661 0.0178 -0.3938, -1.3622 0.0254 -0.3979, -1.3661 0.0254 -0.3979, -1.3622 0.0319 -0.4038, -1.3661 0.0319 -0.4038, -1.3622 0.0365 -0.4106, -1.3661 0.0365 -0.4106, -1.3622 0.0391 -0.418, -1.3661 0.0391 -0.418, -1.3661 -0.039 -0.4255, -1.3622 -0.039 -0.4255, -1.3622 -0.038 -0.4163, -1.3661 -0.038 -0.4163, -1.3622 -0.0353 -0.4091, -1.3661 -0.0353 -0.4091, -1.3622 -0.0312 -0.4031, -1.3661 -0.0312 -0.4031, -1.3622 -0.0264 -0.3985, -1.3661 -0.0264 -0.3985, -1.3622 -0.0195 -0.3944, -1.3661 -0.0195 -0.3944, -1.3622 -0.0111 -0.3917, -1.3661 -0.0111 -0.3917, -1.3622 -0.0337 -0.449, -1.3661 -0.0337 -0.449, -1.3622 -0.0375 -0.4385, -1.3661 -0.0375 -0.4385, -1.3661 -0.0378 -0.3691, -1.3661 -0.0486 -0.3691, -1.3622 -0.0378 -0.3691, -1.3622 -0.0486 -0.3691, -1.3661 -0.0486 -0.3187, -1.3622 -0.0486 -0.3187, -1.3661 0.0498 -0.3187, -1.3622 0.0498 -0.3187, -1.3661 0.0498 -0.3319, -1.3622 0.0498 -0.3319, -1.3661 -0.0378 -0.3319, -1.3622 -0.0378 -0.3319
            ]
        }
        coordIndex [
            0,1,2,-1,2,1,3,-1,1,4,3,-1,3,4,5,-1,4,6,5,-1,5,6,7,-1,6,8,7,-1,7,8,9,-1,8,10,9,-1,9,10,11,-1,10,12,11,-1,11,12,13,-1,12,14,13,-1,13,14,15,-1,14,0,15,-1,15,0,2,-1,16,8,17,-1,17,8,6,-1,18,14,16,-1,16,14,12,-1,16,12,8,-1,8,12,10,-1,18,19,14,-1,14,19,20,-1,14,20,0,-1,0,20,21,-1,0,21,22,-1,22,23,0,-1,0,23,17,-1,0,17,1,-1,1,17,6,-1,1,6,4,-1,16,17,24,-1,24,17,25,-1,18,16,26,-1,26,16,24,-1,18,26,27,-1,18,27,19,-1,19,27,28,-1,19,28,20,-1,21,20,29,-1,29,20,28,-1,21,29,30,-1,21,30,22,-1,22,30,31,-1,22,31,23,-1,17,23,25,-1,25,23,31,-1,32,33,34,-1,34,33,35,-1,33,36,35,-1,35,36,37,-1,36,38,37,-1,37,38,39,-1,40,41,42,-1,40,42,43,-1,43,42,44,-1,43,44,45,-1,45,44,46,-1,45,46,47,-1,47,46,48,-1,47,48,49,-1,49,48,50,-1,49,50,51,-1,51,50,52,-1,51,52,53,-1,53,52,54,-1,53,54,55,-1,55,54,39,-1,55,39,38,-1,32,34,56,-1,32,56,57,-1,57,56,58,-1,57,58,59,-1,59,58,60,-1,59,60,61,-1,61,60,62,-1,61,62,63,-1,63,62,64,-1,63,64,65,-1,65,64,66,-1,65,66,67,-1,67,66,41,-1,67,41,40,-1,45,47,68,-1,68,47,49,-1,68,49,69,-1,69,49,51,-1,69,51,70,-1,70,51,53,-1,70,53,71,-1,71,53,55,-1,71,55,72,-1,72,55,38,-1,72,38,73,-1,73,38,36,-1,73,36,74,-1,74,36,33,-1,74,33,75,-1,75,33,32,-1,75,32,76,-1,76,32,57,-1,76,57,77,-1,77,57,59,-1,77,59,78,-1,78,59,61,-1,78,61,79,-1,79,61,63,-1,79,63,80,-1,80,63,65,-1,80,65,81,-1,81,65,67,-1,81,67,82,-1,82,67,40,-1,82,40,83,-1,83,40,43,-1,83,43,84,-1,84,43,45,-1,84,45,68,-1,72,73,85,-1,85,73,86,-1,72,85,87,-1,72,87,71,-1,71,87,88,-1,71,88,70,-1,70,88,89,-1,70,89,69,-1,69,89,90,-1,69,90,68,-1,68,90,91,-1,68,91,84,-1,84,91,92,-1,84,92,83,-1,83,92,93,-1,83,93,82,-1,82,93,94,-1,82,94,81,-1,81,94,95,-1,81,95,80,-1,80,95,96,-1,80,96,79,-1,79,96,97,-1,79,97,78,-1,78,97,98,-1,78,98,77,-1,77,98,99,-1,77,99,76,-1,76,99,100,-1,76,100,75,-1,74,75,101,-1,101,75,100,-1,73,74,86,-1,86,74,101,-1,102,103,104,-1,104,103,105,-1,103,106,105,-1,105,106,107,-1,106,108,107,-1,107,108,109,-1,108,110,109,-1,109,110,111,-1,110,112,111,-1,111,112,113,-1,112,114,113,-1,113,114,115,-1,114,116,115,-1,115,116,117,-1,116,118,117,-1,117,118,119,-1,118,120,119,-1,119,120,121,-1,120,122,121,-1,121,122,123,-1,122,124,123,-1,123,124,125,-1,124,102,125,-1,125,102,104,-1,106,103,102,-1,102,124,106,-1,106,124,122,-1,106,122,108,-1,112,110,114,-1,114,110,108,-1,114,108,116,-1,116,108,122,-1,116,122,118,-1,118,122,120,-1,126,127,128,-1,128,127,129,-1,129,127,130,-1,131,132,133,-1,131,133,134,-1,134,133,135,-1,134,135,130,-1,130,135,136,-1,130,136,129,-1,137,138,139,-1,137,139,140,-1,140,139,141,-1,140,141,142,-1,142,141,143,-1,142,143,144,-1,144,143,145,-1,144,145,146,-1,146,145,147,-1,146,147,148,-1,148,147,149,-1,148,149,150,-1,150,149,131,-1,131,149,151,-1,131,151,132,-1,152,153,154,-1,152,154,155,-1,155,154,156,-1,155,156,157,-1,157,156,158,-1,157,158,159,-1,159,158,160,-1,159,160,161,-1,161,160,162,-1,161,162,163,-1,163,162,164,-1,163,164,165,-1,165,164,138,-1,165,138,137,-1,166,167,168,-1,166,168,169,-1,169,168,153,-1,169,153,152,-1,166,170,167,-1,167,170,171,-1,172,173,174,-1,172,174,175,-1,175,174,171,-1,175,171,170,-1,176,177,178,-1,176,178,179,-1,179,178,180,-1,179,180,181,-1,181,180,182,-1,181,182,183,-1,183,182,184,-1,183,184,185,-1,185,184,186,-1,185,186,187,-1,187,186,188,-1,187,188,189,-1,189,188,173,-1,189,173,172,-1,190,191,192,-1,190,192,193,-1,193,192,194,-1,193,194,195,-1,195,194,196,-1,195,196,197,-1,197,196,198,-1,197,198,199,-1,199,198,200,-1,199,200,201,-1,201,200,202,-1,201,202,203,-1,203,202,177,-1,203,177,176,-1,126,128,204,-1,126,204,205,-1,205,204,206,-1,205,206,207,-1,207,206,191,-1,207,191,190,-1,193,131,190,-1,190,131,134,-1,190,134,207,-1,207,134,130,-1,207,130,205,-1,205,130,127,-1,205,127,126,-1,170,166,175,-1,175,166,169,-1,175,169,172,-1,172,169,152,-1,172,152,189,-1,189,152,155,-1,189,155,187,-1,187,155,157,-1,187,157,185,-1,185,157,159,-1,185,159,183,-1,183,159,161,-1,183,161,181,-1,181,161,163,-1,181,163,179,-1,179,163,165,-1,179,165,176,-1,176,165,137,-1,176,137,203,-1,203,137,140,-1,203,140,201,-1,201,140,142,-1,201,142,199,-1,199,142,144,-1,199,144,197,-1,197,144,146,-1,197,146,195,-1,195,146,148,-1,195,148,193,-1,193,148,150,-1,193,150,131,-1,208,209,210,-1,210,209,211,-1,209,212,211,-1,211,212,213,-1,212,214,213,-1,213,214,215,-1,214,216,215,-1,215,216,217,-1,216,218,217,-1,217,218,219,-1,218,208,219,-1,219,208,210,-1,216,214,218,-1,218,214,212,-1,218,212,208,-1,208,212,209,-1,
        ]
    }
}
Shape{
    appearance Appearance {
        material  Material {
            diffuseColor 0.9490196078431372 0.7607843137254902 0.1803921568627451
            specularColor 0.7607843137254902 0.6078431372549019 0.1450980392156863
            ambientIntensity 0.7509
            transparency 0.0
            shininess 0.5
        }
    }
    geometry IndexedFaceSet {
        ccw TRUE
        solid FALSE
        coord DEF co Coordinate {
            point [
                -1.3622 -0.0102 -0.6555, -1.3622 -0.0102 -0.6884, -1.3622 0.0309 -0.6702, -1.3622 0.0309 -0.6736, -1.3622 0.0343 -0.6711, -1.3622 0.0344 -0.6727, -1.3622 0.0378 -0.6718, -1.3622 0.0378 -0.6721, -1.3622 0.039 -0.5552, -1.3622 -0.0378 -0.5552, -1.3622 0.039 -0.5697, -1.3622 -0.0378 -0.5691, -1.3622 -0.0368 -0.5795, -1.3622 0.0016 -0.608, -1.3622 0.0114 -0.6071, -1.3622 0.0192 -0.6048, -1.3622 0.0378 -0.5813, -1.3622 -0.0342 -0.5878, -1.3622 -0.0303 -0.5945, -1.3622 -0.0248 -0.6, -1.3622 -0.018 -0.6042, -1.3622 -0.0088 -0.6071, -1.3622 0.0252 -0.6014, -1.3622 0.0303 -0.5966, -1.3622 0.035 -0.5894, -2.3622 0.0402 -0.4277, -2.3622 0.0391 -0.418, -2.3622 -0.0337 -0.449, -2.3622 0.0498 -0.5203, -2.3622 0.1378 -0.5324, -2.3622 0.0498 -0.4699, -2.3622 0.1378 0.1969, -2.3622 -0.0402 -0.3941, -2.3622 -0.0324 -0.3867, -2.3622 -0.0486 -0.3691, -2.3622 -0.0492 -0.4179, -2.3622 -0.0486 -0.3187, -2.3622 0.0387 -0.4396, -2.3622 -0.0327 -0.4507, -2.3622 0.0339 -0.4507, -2.3622 -0.0042 -0.5179, -2.3622 -0.0492 -0.5324, -2.3622 0.0066 -0.5179, -2.3622 0.039 -0.5203, -2.3622 0.0066 -0.4831, -2.3622 0.039 -0.4831, -2.3622 0.0498 -0.3187, -2.3622 0.0498 -0.3319, -2.3622 0.0239 -0.3827, -2.3622 0.0331 -0.3885, -2.3622 0.0417 -0.3974, -2.3622 0.047 -0.4067, -2.3622 -0.0378 -0.3691, -2.3622 -0.0231 -0.3814, -2.3622 -0.0378 -0.3319, -2.3622 0.0502 -0.4177, -2.3622 0.051 -0.4276, -2.3622 0.0502 -0.4394, -2.3622 0.0471 -0.4507, -2.3622 -0.0486 -0.4699, -2.3622 -0.0435 -0.4507, -2.3622 -0.0485 -0.4115, -2.3622 -0.0452 -0.402, -2.3622 0.0365 -0.4106, -2.3622 0.0319 -0.4038, -2.3622 0.0254 -0.3979, -2.3622 -0.0004 -0.3907, -2.3622 -0.0111 -0.3917, -2.3622 -0.0195 -0.3944, -2.3622 -0.038 -0.4163, -2.3622 -0.039 -0.4255, -2.3622 -0.0353 -0.4091, -2.3622 -0.0312 -0.4031, -2.3622 -0.0264 -0.3985, -2.3622 -0.0375 -0.4385, -2.3622 -0.0126 -0.3785, -2.3622 -0.0012 -0.3775, -2.3622 0.0128 -0.3789, -2.3622 0.0178 -0.3938, -2.3622 0.0072 -0.3912, -2.3622 -0.0042 -0.4831, -2.3622 -0.0378 -0.4831, -2.3622 -0.0378 -0.5227, -2.3622 -0.0486 -0.5227, -2.3622 -0.0492 -0.4303, -2.3622 -0.0497 -0.4263, -2.3622 -0.1378 -0.5324, -2.3622 -0.0498 -0.4236, -2.3622 -0.0492 0.1969, -2.3622 -0.1378 0.1969, -2.3622 0.0498 -0.6656, -2.3622 0.0498 -0.6788, -2.3622 -0.0486 -0.5687, -2.3622 -0.0486 -0.542, -2.3622 0.0498 -0.542, -2.3622 -0.0486 -0.7028, -2.3622 -0.0486 -0.7172, -2.3622 -0.0492 -1.0236, -2.3622 0.1378 -1.0236, -2.3622 0.0498 -0.5697, -2.3622 0.0483 -0.5839, -2.3622 0.0443 -0.5955, -2.3622 0.0371 -0.6062, -2.3622 -0.0486 -0.6284, -2.3622 -0.0216 -0.6163, -2.3622 -0.0304 -0.6106, -2.3622 0.037 -0.6063, -2.3622 0.0293 -0.6132, -2.3622 0.0208 -0.6178, -2.3622 -0.0382 -0.6025, -2.3622 -0.0441 -0.5922, -2.3622 -0.0475 -0.5809, -2.3622 -0.0486 -0.6428, -2.3622 -0.021 -0.6522, -2.3622 -0.021 -0.6928, -2.3622 0.0111 -0.6205, -2.3622 0.0019 -0.6212, -2.3622 -0.0113 -0.6198, -2.3622 -0.0478 -0.4402, -2.3622 -0.1378 -1.0236
            ]
        }
        coordIndex [
            0,1,2,-1,2,1,3,-1,2,3,4,-1,4,3,5,-1,4,5,6,-1,6,5,7,-1,8,9,10,-1,10,9,11,-1,10,11,12,-1,13,14,10,-1,10,14,15,-1,10,15,16,-1,12,17,10,-1,10,17,18,-1,10,18,19,-1,19,20,10,-1,10,20,21,-1,10,21,13,-1,22,23,15,-1,15,23,24,-1,15,24,16,-1,25,26,27,-1,28,29,30,-1,30,29,31,-1,32,33,34,-1,35,34,36,-1,25,27,37,-1,37,27,38,-1,37,38,39,-1,40,41,42,-1,42,41,43,-1,42,43,44,-1,44,43,45,-1,31,46,47,-1,48,49,47,-1,47,49,50,-1,47,50,51,-1,34,33,52,-1,52,33,53,-1,52,53,54,-1,51,55,47,-1,47,55,56,-1,47,56,31,-1,31,56,57,-1,31,57,30,-1,57,58,30,-1,30,58,39,-1,30,39,59,-1,59,39,38,-1,59,38,60,-1,35,61,34,-1,34,61,62,-1,34,62,32,-1,26,63,27,-1,27,63,64,-1,27,64,65,-1,66,67,27,-1,27,67,68,-1,69,70,71,-1,71,70,72,-1,68,73,27,-1,27,73,72,-1,27,72,74,-1,74,72,70,-1,53,75,54,-1,54,75,76,-1,54,76,47,-1,47,76,77,-1,47,77,48,-1,65,78,27,-1,27,78,79,-1,27,79,66,-1,80,81,40,-1,40,81,82,-1,40,82,41,-1,41,82,83,-1,41,83,59,-1,84,85,86,-1,86,85,87,-1,86,87,35,-1,46,31,36,-1,36,31,88,-1,36,88,35,-1,35,88,89,-1,35,89,86,-1,29,90,91,-1,92,93,41,-1,28,43,29,-1,29,43,41,-1,29,41,94,-1,94,41,93,-1,95,41,96,-1,96,41,97,-1,96,97,91,-1,91,97,98,-1,91,98,29,-1,94,99,29,-1,29,99,100,-1,29,100,90,-1,90,100,101,-1,90,101,102,-1,103,104,105,-1,102,106,90,-1,90,106,107,-1,90,107,108,-1,105,109,103,-1,103,109,110,-1,103,110,111,-1,111,92,103,-1,103,92,41,-1,103,41,112,-1,112,41,95,-1,112,95,113,-1,113,95,114,-1,108,115,90,-1,90,115,116,-1,90,116,103,-1,103,116,117,-1,103,117,104,-1,60,118,59,-1,59,118,84,-1,59,84,41,-1,41,84,86,-1,41,86,97,-1,97,86,119,-1,
        ]
    }
}
Shape{
    appearance Appearance {
        material  Material {
            diffuseColor 0.17647058823529413 0.17647058823529413 0.17647058823529413
            specularColor 0.050980392156862744 0.050980392156862744 0.050980392156862744
            ambientIntensity 0.251
            transparency 0.0
            shininess 0.5
        }
    }
    geometry IndexedFaceSet {
        ccw TRUE
        solid FALSE
        coord DEF co Coordinate {
            point [
                -2.6378 -0.1378 0.1969, -2.3622 -0.1378 0.1969, -2.0 -0.2638 0.1969, -2.3622 -0.0492 0.1969, -2.0 0.2638 0.1969, -2.3622 0.1378 0.1969, -3.0 0.2638 0.1969, -2.6378 0.1378 0.1969, -3.0 -0.2638 0.1969, -2.8819 -0.5 0.0118, -2.8819 -0.5 0.9843, -3.0 -0.3819 0.0118, -3.0 -0.3819 0.9843, -2.1181 -0.5 0.0118, -2.1181 -0.5 0.9843, -2.0 -0.3819 0.0118, -2.0 -0.3819 0.9843, -2.0 -0.2638 0.0118, -2.0 0.2638 0.0118, -2.0 0.3819 0.0118, -2.0 0.3819 0.9843, -2.1181 0.5 0.0118, -2.1181 0.5 0.9843, -2.8819 0.5 0.0118, -2.8819 0.5 0.9843, -3.0 0.3819 0.0118, -3.0 0.3819 0.9843, -3.0 0.2638 0.0118, -3.0 -0.2638 0.0118, -2.3622 -0.1378 0.9843, -2.6378 -0.1378 0.9843, -2.6378 0.1378 0.9843, -2.3622 0.1378 0.9843
            ]
        }
        coordIndex [
            0,1,2,-1,2,1,3,-1,2,3,4,-1,4,3,5,-1,4,5,6,-1,6,5,7,-1,6,7,8,-1,8,7,0,-1,8,0,2,-1,9,10,11,-1,11,10,12,-1,13,14,9,-1,9,14,10,-1,15,16,13,-1,13,16,14,-1,15,17,2,-1,18,19,4,-1,4,19,20,-1,4,20,2,-1,2,20,16,-1,2,16,15,-1,21,22,19,-1,19,22,20,-1,23,24,21,-1,21,24,22,-1,25,26,23,-1,23,26,24,-1,25,27,6,-1,28,11,8,-1,8,11,12,-1,8,12,6,-1,6,12,26,-1,6,26,25,-1,26,12,10,-1,22,24,26,-1,14,29,10,-1,10,29,30,-1,10,30,26,-1,26,30,31,-1,26,31,22,-1,22,31,20,-1,14,16,29,-1,29,16,20,-1,29,20,32,-1,32,20,31,-1,6,27,4,-1,4,27,18,-1,18,27,25,-1,25,23,18,-1,18,23,21,-1,18,21,19,-1,2,17,8,-1,8,17,28,-1,28,17,15,-1,15,13,28,-1,28,13,9,-1,28,9,11,-1,
        ]
    }
}
Shape{
    appearance Appearance {
        material  Material {
            diffuseColor 0.9490196078431372 0.7607843137254902 0.1803921568627451
            specularColor 0.7607843137254902 0.6078431372549019 0.1450980392156863
            ambientIntensity 0.7509
            transparency 0.0
            shininess 0.5
        }
    }
    geometry IndexedFaceSet {
        ccw TRUE
        solid FALSE
        coord DEF co Coordinate {
            point [
                -2.4016 -0.0984 3.3465, -2.4016 0.0984 3.3465, -2.5984 -0.0984 3.3465, -2.5984 0.0984 3.3465, -2.3622 0.1378 3.189, -2.3622 0.1378 0.9843, -2.6378 0.1378 3.189, -2.6378 0.1378 0.9843, -2.6378 -0.1378 3.189, -2.6378 -0.1378 0.9843, -2.3622 -0.1378 3.189, -2.3622 -0.1378 0.9843, -2.3622 -0.1378 0.1969, -2.6378 -0.1378 0.1969, -2.3622 -0.1378 -0.5324, -2.6378 -0.1378 -1.0236, -2.3622 -0.1378 -1.0236, -2.6378 0.1378 -1.0236, -2.6378 0.1378 0.1969, -2.3622 0.1378 0.1969, -2.3622 0.1378 -0.5324, -2.3622 0.1378 -1.0236, -2.4016 0.0984 -1.1811, -2.4016 -0.0984 -1.1811, -2.5984 0.0984 -1.1811, -2.5984 -0.0984 -1.1811, -2.3622 -0.0492 -1.0236
            ]
        }
        coordIndex [
            0,1,2,-1,2,1,3,-1,4,5,6,-1,6,5,7,-1,6,7,8,-1,8,7,9,-1,8,9,10,-1,10,9,11,-1,10,11,4,-1,4,11,5,-1,12,13,14,-1,14,13,15,-1,14,15,16,-1,15,13,17,-1,17,13,18,-1,18,19,17,-1,17,19,20,-1,17,20,21,-1,22,23,24,-1,24,23,25,-1,23,16,25,-1,25,16,15,-1,16,23,26,-1,26,23,22,-1,26,22,21,-1,17,24,15,-1,15,24,25,-1,24,17,22,-1,22,17,21,-1,6,3,4,-1,4,3,1,-1,8,2,6,-1,6,2,3,-1,0,10,1,-1,1,10,4,-1,10,0,8,-1,8,0,2,-1,
        ]
    }
}
Shape{
    appearance Appearance {
        material  Material {
            diffuseColor 0.0 0.0 0.0
            specularColor 0.0 0.0 0.0
            ambientIntensity 0.0
            transparency 0.0
            shininess 0.5
        }
    }
    geometry IndexedFaceSet {
        ccw TRUE
        solid FALSE
        coord DEF co Coordinate {
            point [
                -2.3661 0.0498 -0.6788, -2.3661 -0.0486 -0.7172, -2.3622 0.0498 -0.6788, -2.3622 -0.0486 -0.7172, -2.3661 -0.0486 -0.7028, -2.3622 -0.0486 -0.7028, -2.3661 -0.021 -0.6928, -2.3622 -0.021 -0.6928, -2.3661 -0.021 -0.6522, -2.3622 -0.021 -0.6522, -2.3661 -0.0486 -0.6428, -2.3622 -0.0486 -0.6428, -2.3661 -0.0486 -0.6284, -2.3622 -0.0486 -0.6284, -2.3661 0.0498 -0.6656, -2.3622 0.0498 -0.6656, -2.3661 -0.0102 -0.6555, -2.3661 -0.0102 -0.6884, -2.3661 0.0309 -0.6702, -2.3661 0.0343 -0.6711, -2.3661 0.0378 -0.6718, -2.3661 0.0378 -0.6721, -2.3661 0.0344 -0.6727, -2.3661 0.0309 -0.6736, -2.3622 -0.0102 -0.6555, -2.3622 -0.0102 -0.6884, -2.3622 0.0309 -0.6702, -2.3622 0.0343 -0.6711, -2.3622 0.0378 -0.6718, -2.3622 0.0378 -0.6721, -2.3622 0.0344 -0.6727, -2.3622 0.0309 -0.6736, -2.3661 -0.0486 -0.5687, -2.3661 -0.0486 -0.542, -2.3622 -0.0486 -0.5687, -2.3622 -0.0486 -0.542, -2.3661 0.0498 -0.542, -2.3622 0.0498 -0.542, -2.3661 0.0498 -0.5697, -2.3622 0.0498 -0.5697, -2.3661 0.0019 -0.6212, -2.3622 0.0019 -0.6212, -2.3622 0.0111 -0.6205, -2.3661 0.0111 -0.6205, -2.3622 0.0208 -0.6178, -2.3661 0.0208 -0.6178, -2.3622 0.0293 -0.6132, -2.3661 0.0293 -0.6132, -2.3622 0.037 -0.6063, -2.3661 0.037 -0.6063, -2.3622 0.0371 -0.6062, -2.3661 0.0371 -0.6062, -2.3622 0.0443 -0.5955, -2.3661 0.0443 -0.5955, -2.3622 0.0483 -0.5839, -2.3661 0.0483 -0.5839, -2.3622 -0.0475 -0.5809, -2.3661 -0.0475 -0.5809, -2.3622 -0.0441 -0.5922, -2.3661 -0.0441 -0.5922, -2.3622 -0.0382 -0.6025, -2.3661 -0.0382 -0.6025, -2.3622 -0.0304 -0.6106, -2.3661 -0.0304 -0.6106, -2.3622 -0.0216 -0.6163, -2.3661 -0.0216 -0.6163, -2.3622 -0.0113 -0.6198, -2.3661 -0.0113 -0.6198, -2.3661 0.0252 -0.6014, -2.3661 0.0303 -0.5966, -2.3661 0.035 -0.5894, -2.3661 0.0378 -0.5813, -2.3661 0.039 -0.5697, -2.3661 0.039 -0.5552, -2.3661 -0.0378 -0.5552, -2.3661 -0.0378 -0.5691, -2.3661 -0.0368 -0.5795, -2.3661 -0.0342 -0.5878, -2.3661 -0.0303 -0.5945, -2.3661 -0.0248 -0.6, -2.3661 -0.018 -0.6042, -2.3661 -0.0088 -0.6071, -2.3661 0.0016 -0.608, -2.3661 0.0114 -0.6071, -2.3661 0.0192 -0.6048, -2.3622 0.039 -0.5697, -2.3622 0.039 -0.5552, -2.3622 0.0378 -0.5813, -2.3622 0.035 -0.5894, -2.3622 0.0303 -0.5966, -2.3622 0.0252 -0.6014, -2.3622 0.0192 -0.6048, -2.3622 0.0114 -0.6071, -2.3622 0.0016 -0.608, -2.3622 -0.0088 -0.6071, -2.3622 -0.018 -0.6042, -2.3622 -0.0248 -0.6, -2.3622 -0.0303 -0.5945, -2.3622 -0.0342 -0.5878, -2.3622 -0.0368 -0.5795, -2.3622 -0.0378 -0.5691, -2.3622 -0.0378 -0.5552, -2.3661 -0.0378 -0.5227, -2.3661 -0.0486 -0.5227, -2.3622 -0.0378 -0.5227, -2.3622 -0.0486 -0.5227, -2.3661 -0.0486 -0.4699, -2.3622 -0.0486 -0.4699, -2.3661 0.0498 -0.4699, -2.3622 0.0498 -0.4699, -2.3661 0.0498 -0.5203, -2.3622 0.0498 -0.5203, -2.3661 0.039 -0.5203, -2.3622 0.039 -0.5203, -2.3661 0.039 -0.4831, -2.3622 0.039 -0.4831, -2.3661 0.0066 -0.4831, -2.3622 0.0066 -0.4831, -2.3661 0.0066 -0.5179, -2.3622 0.0066 -0.5179, -2.3661 -0.0042 -0.5179, -2.3622 -0.0042 -0.5179, -2.3661 -0.0042 -0.4831, -2.3622 -0.0042 -0.4831, -2.3661 -0.0378 -0.4831, -2.3622 -0.0378 -0.4831, -2.3661 -0.0327 -0.4507, -2.3661 -0.0435 -0.4507, -2.3622 -0.0327 -0.4507, -2.3622 -0.0435 -0.4507, -2.3661 -0.0478 -0.4402, -2.3661 -0.0498 -0.4236, -2.3622 -0.0498 -0.4236, -2.3622 -0.0497 -0.4263, -2.3661 -0.0497 -0.4263, -2.3622 -0.0492 -0.4303, -2.3622 -0.0478 -0.4402, -2.3661 -0.0012 -0.3775, -2.3622 -0.0012 -0.3775, -2.3622 -0.0126 -0.3785, -2.3661 -0.0126 -0.3785, -2.3622 -0.0231 -0.3814, -2.3661 -0.0231 -0.3814, -2.3622 -0.0324 -0.3867, -2.3661 -0.0324 -0.3867, -2.3622 -0.0402 -0.3941, -2.3661 -0.0402 -0.3941, -2.3622 -0.0452 -0.402, -2.3661 -0.0452 -0.402, -2.3622 -0.0485 -0.4115, -2.3661 -0.0485 -0.4115, -2.3622 -0.0492 -0.4179, -2.3661 0.051 -0.4276, -2.3622 0.051 -0.4276, -2.3622 0.0502 -0.4177, -2.3661 0.0502 -0.4177, -2.3622 0.047 -0.4067, -2.3661 0.047 -0.4067, -2.3622 0.0417 -0.3974, -2.3661 0.0417 -0.3974, -2.3622 0.0331 -0.3885, -2.3661 0.0331 -0.3885, -2.3622 0.0239 -0.3827, -2.3661 0.0239 -0.3827, -2.3622 0.0128 -0.3789, -2.3661 0.0128 -0.3789, -2.3661 0.0471 -0.4507, -2.3622 0.0471 -0.4507, -2.3622 0.0502 -0.4394, -2.3661 0.0502 -0.4394, -2.3661 0.0339 -0.4507, -2.3622 0.0339 -0.4507, -2.3661 0.0402 -0.4277, -2.3622 0.0402 -0.4277, -2.3622 0.0387 -0.4396, -2.3661 0.0387 -0.4396, -2.3661 -0.0004 -0.3907, -2.3622 -0.0004 -0.3907, -2.3622 0.0072 -0.3912, -2.3661 0.0072 -0.3912, -2.3622 0.0178 -0.3938, -2.3661 0.0178 -0.3938, -2.3622 0.0254 -0.3979, -2.3661 0.0254 -0.3979, -2.3622 0.0319 -0.4038, -2.3661 0.0319 -0.4038, -2.3622 0.0365 -0.4106, -2.3661 0.0365 -0.4106, -2.3622 0.0391 -0.418, -2.3661 0.0391 -0.418, -2.3661 -0.039 -0.4255, -2.3622 -0.039 -0.4255, -2.3622 -0.038 -0.4163, -2.3661 -0.038 -0.4163, -2.3622 -0.0353 -0.4091, -2.3661 -0.0353 -0.4091, -2.3622 -0.0312 -0.4031, -2.3661 -0.0312 -0.4031, -2.3622 -0.0264 -0.3985, -2.3661 -0.0264 -0.3985, -2.3622 -0.0195 -0.3944, -2.3661 -0.0195 -0.3944, -2.3622 -0.0111 -0.3917, -2.3661 -0.0111 -0.3917, -2.3622 -0.0337 -0.449, -2.3661 -0.0337 -0.449, -2.3622 -0.0375 -0.4385, -2.3661 -0.0375 -0.4385, -2.3661 -0.0378 -0.3691, -2.3661 -0.0486 -0.3691, -2.3622 -0.0378 -0.3691, -2.3622 -0.0486 -0.3691, -2.3661 -0.0486 -0.3187, -2.3622 -0.0486 -0.3187, -2.3661 0.0498 -0.3187, -2.3622 0.0498 -0.3187, -2.3661 0.0498 -0.3319, -2.3622 0.0498 -0.3319, -2.3661 -0.0378 -0.3319, -2.3622 -0.0378 -0.3319
            ]
        }
        coordIndex [
            0,1,2,-1,2,1,3,-1,1,4,3,-1,3,4,5,-1,4,6,5,-1,5,6,7,-1,6,8,7,-1,7,8,9,-1,8,10,9,-1,9,10,11,-1,10,12,11,-1,11,12,13,-1,12,14,13,-1,13,14,15,-1,14,0,15,-1,15,0,2,-1,16,8,17,-1,17,8,6,-1,18,14,16,-1,16,14,12,-1,16,12,8,-1,8,12,10,-1,18,19,14,-1,14,19,20,-1,14,20,0,-1,0,20,21,-1,0,21,22,-1,22,23,0,-1,0,23,17,-1,0,17,1,-1,1,17,6,-1,1,6,4,-1,16,17,24,-1,24,17,25,-1,18,16,26,-1,26,16,24,-1,18,26,27,-1,18,27,19,-1,19,27,28,-1,19,28,20,-1,21,20,29,-1,29,20,28,-1,21,29,30,-1,21,30,22,-1,22,30,31,-1,22,31,23,-1,17,23,25,-1,25,23,31,-1,32,33,34,-1,34,33,35,-1,33,36,35,-1,35,36,37,-1,36,38,37,-1,37,38,39,-1,40,41,42,-1,40,42,43,-1,43,42,44,-1,43,44,45,-1,45,44,46,-1,45,46,47,-1,47,46,48,-1,47,48,49,-1,49,48,50,-1,49,50,51,-1,51,50,52,-1,51,52,53,-1,53,52,54,-1,53,54,55,-1,55,54,39,-1,55,39,38,-1,32,34,56,-1,32,56,57,-1,57,56,58,-1,57,58,59,-1,59,58,60,-1,59,60,61,-1,61,60,62,-1,61,62,63,-1,63,62,64,-1,63,64,65,-1,65,64,66,-1,65,66,67,-1,67,66,41,-1,67,41,40,-1,45,47,68,-1,68,47,49,-1,68,49,69,-1,69,49,51,-1,69,51,70,-1,70,51,53,-1,70,53,71,-1,71,53,55,-1,71,55,72,-1,72,55,38,-1,72,38,73,-1,73,38,36,-1,73,36,74,-1,74,36,33,-1,74,33,75,-1,75,33,32,-1,75,32,76,-1,76,32,57,-1,76,57,77,-1,77,57,59,-1,77,59,78,-1,78,59,61,-1,78,61,79,-1,79,61,63,-1,79,63,80,-1,80,63,65,-1,80,65,81,-1,81,65,67,-1,81,67,82,-1,82,67,40,-1,82,40,83,-1,83,40,43,-1,83,43,84,-1,84,43,45,-1,84,45,68,-1,72,73,85,-1,85,73,86,-1,72,85,87,-1,72,87,71,-1,71,87,88,-1,71,88,70,-1,70,88,89,-1,70,89,69,-1,69,89,90,-1,69,90,68,-1,68,90,91,-1,68,91,84,-1,84,91,92,-1,84,92,83,-1,83,92,93,-1,83,93,82,-1,82,93,94,-1,82,94,81,-1,81,94,95,-1,81,95,80,-1,80,95,96,-1,80,96,79,-1,79,96,97,-1,79,97,78,-1,78,97,98,-1,78,98,77,-1,77,98,99,-1,77,99,76,-1,76,99,100,-1,76,100,75,-1,74,75,101,-1,101,75,100,-1,73,74,86,-1,86,74,101,-1,102,103,104,-1,104,103,105,-1,103,106,105,-1,105,106,107,-1,106,108,107,-1,107,108,109,-1,108,110,109,-1,109,110,111,-1,110,112,111,-1,111,112,113,-1,112,114,113,-1,113,114,115,-1,114,116,115,-1,115,116,117,-1,116,118,117,-1,117,118,119,-1,118,120,119,-1,119,120,121,-1,120,122,121,-1,121,122,123,-1,122,124,123,-1,123,124,125,-1,124,102,125,-1,125,102,104,-1,106,103,102,-1,102,124,106,-1,106,124,122,-1,106,122,108,-1,112,110,114,-1,114,110,108,-1,114,108,116,-1,116,108,122,-1,116,122,118,-1,118,122,120,-1,126,127,128,-1,128,127,129,-1,129,127,130,-1,131,132,133,-1,131,133,134,-1,134,133,135,-1,134,135,130,-1,130,135,136,-1,130,136,129,-1,137,138,139,-1,137,139,140,-1,140,139,141,-1,140,141,142,-1,142,141,143,-1,142,143,144,-1,144,143,145,-1,144,145,146,-1,146,145,147,-1,146,147,148,-1,148,147,149,-1,148,149,150,-1,150,149,131,-1,131,149,151,-1,131,151,132,-1,152,153,154,-1,152,154,155,-1,155,154,156,-1,155,156,157,-1,157,156,158,-1,157,158,159,-1,159,158,160,-1,159,160,161,-1,161,160,162,-1,161,162,163,-1,163,162,164,-1,163,164,165,-1,165,164,138,-1,165,138,137,-1,166,167,168,-1,166,168,169,-1,169,168,153,-1,169,153,152,-1,166,170,167,-1,167,170,171,-1,172,173,174,-1,172,174,175,-1,175,174,171,-1,175,171,170,-1,176,177,178,-1,176,178,179,-1,179,178,180,-1,179,180,181,-1,181,180,182,-1,181,182,183,-1,183,182,184,-1,183,184,185,-1,185,184,186,-1,185,186,187,-1,187,186,188,-1,187,188,189,-1,189,188,173,-1,189,173,172,-1,190,191,192,-1,190,192,193,-1,193,192,194,-1,193,194,195,-1,195,194,196,-1,195,196,197,-1,197,196,198,-1,197,198,199,-1,199,198,200,-1,199,200,201,-1,201,200,202,-1,201,202,203,-1,203,202,177,-1,203,177,176,-1,126,128,204,-1,126,204,205,-1,205,204,206,-1,205,206,207,-1,207,206,191,-1,207,191,190,-1,193,131,190,-1,190,131,134,-1,190,134,207,-1,207,134,130,-1,207,130,205,-1,205,130,127,-1,205,127,126,-1,170,166,175,-1,175,166,169,-1,175,169,172,-1,172,169,152,-1,172,152,189,-1,189,152,155,-1,189,155,187,-1,187,155,157,-1,187,157,185,-1,185,157,159,-1,185,159,183,-1,183,159,161,-1,183,161,181,-1,181,161,163,-1,181,163,179,-1,179,163,165,-1,179,165,176,-1,176,165,137,-1,176,137,203,-1,203,137,140,-1,203,140,201,-1,201,140,142,-1,201,142,199,-1,199,142,144,-1,199,144,197,-1,197,144,146,-1,197,146,195,-1,195,146,148,-1,195,148,193,-1,193,148,150,-1,193,150,131,-1,208,209,210,-1,210,209,211,-1,209,212,211,-1,211,212,213,-1,212,214,213,-1,213,214,215,-1,214,216,215,-1,215,216,217,-1,216,218,217,-1,217,218,219,-1,218,208,219,-1,219,208,210,-1,216,214,218,-1,218,214,212,-1,218,212,208,-1,208,212,209,-1,
        ]
    }
}
Shape{
    appearance Appearance {
        material  Material {
            diffuseColor 0.9490196078431372 0.7607843137254902 0.1803921568627451
            specularColor 0.7607843137254902 0.6078431372549019 0.1450980392156863
            ambientIntensity 0.7509
            transparency 0.0
            shininess 0.5
        }
    }
    geometry IndexedFaceSet {
        ccw TRUE
        solid FALSE
        coord DEF co Coordinate {
            point [
                -2.3622 -0.0102 -0.6555, -2.3622 -0.0102 -0.6884, -2.3622 0.0309 -0.6702, -2.3622 0.0309 -0.6736, -2.3622 0.0343 -0.6711, -2.3622 0.0344 -0.6727, -2.3622 0.0378 -0.6718, -2.3622 0.0378 -0.6721, -2.3622 0.039 -0.5552, -2.3622 -0.0378 -0.5552, -2.3622 0.039 -0.5697, -2.3622 -0.0378 -0.5691, -2.3622 -0.0368 -0.5795, -2.3622 0.0016 -0.608, -2.3622 0.0114 -0.6071, -2.3622 0.0192 -0.6048, -2.3622 0.0378 -0.5813, -2.3622 -0.0342 -0.5878, -2.3622 -0.0303 -0.5945, -2.3622 -0.0248 -0.6, -2.3622 -0.018 -0.6042, -2.3622 -0.0088 -0.6071, -2.3622 0.0252 -0.6014, -2.3622 0.0303 -0.5966, -2.3622 0.035 -0.5894, -3.3622 0.0402 -0.4277, -3.3622 0.0391 -0.418, -3.3622 -0.0337 -0.449, -3.3622 0.0498 -0.5203, -3.3622 0.1378 -0.5324, -3.3622 0.0498 -0.4699, -3.3622 0.1378 0.1969, -3.3622 -0.0402 -0.3941, -3.3622 -0.0324 -0.3867, -3.3622 -0.0486 -0.3691, -3.3622 -0.0492 -0.4179, -3.3622 -0.0486 -0.3187, -3.3622 0.0387 -0.4396, -3.3622 -0.0327 -0.4507, -3.3622 0.0339 -0.4507, -3.3622 -0.0042 -0.5179, -3.3622 -0.0492 -0.5324, -3.3622 0.0066 -0.5179, -3.3622 0.039 -0.5203, -3.3622 0.0066 -0.4831, -3.3622 0.039 -0.4831, -3.3622 0.0498 -0.3187, -3.3622 0.0498 -0.3319, -3.3622 0.0239 -0.3827, -3.3622 0.0331 -0.3885, -3.3622 0.0417 -0.3974, -3.3622 0.047 -0.4067, -3.3622 -0.0378 -0.3691, -3.3622 -0.0231 -0.3814, -3.3622 -0.0378 -0.3319, -3.3622 0.0502 -0.4177, -3.3622 0.051 -0.4276, -3.3622 0.0502 -0.4394, -3.3622 0.0471 -0.4507, -3.3622 -0.0486 -0.4699, -3.3622 -0.0435 -0.4507, -3.3622 -0.0485 -0.4115, -3.3622 -0.0452 -0.402, -3.3622 0.0365 -0.4106, -3.3622 0.0319 -0.4038, -3.3622 0.0254 -0.3979, -3.3622 -0.0004 -0.3907, -3.3622 -0.0111 -0.3917, -3.3622 -0.0195 -0.3944, -3.3622 -0.038 -0.4163, -3.3622 -0.039 -0.4255, -3.3622 -0.0353 -0.4091, -3.3622 -0.0312 -0.4031, -3.3622 -0.0264 -0.3985, -3.3622 -0.0375 -0.4385, -3.3622 -0.0126 -0.3785, -3.3622 -0.0012 -0.3775, -3.3622 0.0128 -0.3789, -3.3622 0.0178 -0.3938, -3.3622 0.0072 -0.3912, -3.3622 -0.0042 -0.4831, -3.3622 -0.0378 -0.4831, -3.3622 -0.0378 -0.5227, -3.3622 -0.0486 -0.5227, -3.3622 -0.0492 -0.4303, -3.3622 -0.0497 -0.4263, -3.3622 -0.1378 -0.5324, -3.3622 -0.0498 -0.4236, -3.3622 -0.0492 0.1969, -3.3622 -0.1378 0.1969, -3.3622 0.0498 -0.6656, -3.3622 0.0498 -0.6788, -3.3622 -0.0486 -0.5687, -3.3622 -0.0486 -0.542, -3.3622 0.0498 -0.542, -3.3622 -0.0486 -0.7028, -3.3622 -0.0486 -0.7172, -3.3622 -0.0492 -1.0236, -3.3622 0.1378 -1.0236, -3.3622 0.0498 -0.5697, -3.3622 0.0483 -0.5839, -3.3622 0.0443 -0.5955, -3.3622 0.0371 -0.6062, -3.3622 -0.0486 -0.6284, -3.3622 -0.0216 -0.6163, -3.3622 -0.0304 -0.6106, -3.3622 0.037 -0.6063, -3.3622 0.0293 -0.6132, -3.3622 0.0208 -0.6178, -3.3622 -0.0382 -0.6025, -3.3622 -0.0441 -0.5922, -3.3622 -0.0475 -0.5809, -3.3622 -0.0486 -0.6428, -3.3622 -0.021 -0.6522, -3.3622 -0.021 -0.6928, -3.3622 0.0111 -0.6205, -3.3622 0.0019 -0.6212, -3.3622 -0.0113 -0.6198, -3.3622 -0.0478 -0.4402, -3.3622 -0.1378 -1.0236
            ]
        }
        coordIndex [
            0,1,2,-1,2,1,3,-1,2,3,4,-1,4,3,5,-1,4,5,6,-1,6,5,7,-1,8,9,10,-1,10,9,11,-1,10,11,12,-1,13,14,10,-1,10,14,15,-1,10,15,16,-1,12,17,10,-1,10,17,18,-1,10,18,19,-1,19,20,10,-1,10,20,21,-1,10,21,13,-1,22,23,15,-1,15,23,24,-1,15,24,16,-1,25,26,27,-1,28,29,30,-1,30,29,31,-1,32,33,34,-1,35,34,36,-1,25,27,37,-1,37,27,38,-1,37,38,39,-1,40,41,42,-1,42,41,43,-1,42,43,44,-1,44,43,45,-1,31,46,47,-1,48,49,47,-1,47,49,50,-1,47,50,51,-1,34,33,52,-1,52,33,53,-1,52,53,54,-1,51,55,47,-1,47,55,56,-1,47,56,31,-1,31,56,57,-1,31,57,30,-1,57,58,30,-1,30,58,39,-1,30,39,59,-1,59,39,38,-1,59,38,60,-1,35,61,34,-1,34,61,62,-1,34,62,32,-1,26,63,27,-1,27,63,64,-1,27,64,65,-1,66,67,27,-1,27,67,68,-1,69,70,71,-1,71,70,72,-1,68,73,27,-1,27,73,72,-1,27,72,74,-1,74,72,70,-1,53,75,54,-1,54,75,76,-1,54,76,47,-1,47,76,77,-1,47,77,48,-1,65,78,27,-1,27,78,79,-1,27,79,66,-1,80,81,40,-1,40,81,82,-1,40,82,41,-1,41,82,83,-1,41,83,59,-1,84,85,86,-1,86,85,87,-1,86,87,35,-1,46,31,36,-1,36,31,88,-1,36,88,35,-1,35,88,89,-1,35,89,86,-1,29,90,91,-1,92,93,41,-1,28,43,29,-1,29,43,41,-1,29,41,94,-1,94,41,93,-1,95,41,96,-1,96,41,97,-1,96,97,91,-1,91,97,98,-1,91,98,29,-1,94,99,29,-1,29,99,100,-1,29,100,90,-1,90,100,101,-1,90,101,102,-1,103,104,105,-1,102,106,90,-1,90,106,107,-1,90,107,108,-1,105,109,103,-1,103,109,110,-1,103,110,111,-1,111,92,103,-1,103,92,41,-1,103,41,112,-1,112,41,95,-1,112,95,113,-1,113,95,114,-1,108,115,90,-1,90,115,116,-1,90,116,103,-1,103,116,117,-1,103,117,104,-1,60,118,59,-1,59,118,84,-1,59,84,41,-1,41,84,86,-1,41,86,97,-1,97,86,119,-1,
        ]
    }
}
Shape{
    appearance Appearance {
        material  Material {
            diffuseColor 0.17647058823529413 0.17647058823529413 0.17647058823529413
            specularColor 0.050980392156862744 0.050980392156862744 0.050980392156862744
            ambientIntensity 0.251
            transparency 0.0
            shininess 0.5
        }
    }
    geometry IndexedFaceSet {
        ccw TRUE
        solid FALSE
        coord DEF co Coordinate {
            point [
                -3.6378 -0.1378 0.1969, -3.3622 -0.1378 0.1969, -3.0 -0.2638 0.1969, -3.3622 -0.0492 0.1969, -3.0 0.2638 0.1969, -3.3622 0.1378 0.1969, -4.0 0.2638 0.1969, -3.6378 0.1378 0.1969, -4.0 -0.2638 0.1969, -3.8819 -0.5 0.0118, -3.8819 -0.5 0.9843, -4.0 -0.3819 0.0118, -4.0 -0.3819 0.9843, -3.1181 -0.5 0.0118, -3.1181 -0.5 0.9843, -3.0 -0.3819 0.0118, -3.0 -0.3819 0.9843, -3.0 -0.2638 0.0118, -3.0 0.2638 0.0118, -3.0 0.3819 0.0118, -3.0 0.3819 0.9843, -3.1181 0.5 0.0118, -3.1181 0.5 0.9843, -3.8819 0.5 0.0118, -3.8819 0.5 0.9843, -4.0 0.3819 0.0118, -4.0 0.3819 0.9843, -4.0 0.2638 0.0118, -4.0 -0.2638 0.0118, -3.3622 -0.1378 0.9843, -3.6378 -0.1378 0.9843, -3.6378 0.1378 0.9843, -3.3622 0.1378 0.9843
            ]
        }
        coordIndex [
            0,1,2,-1,2,1,3,-1,2,3,4,-1,4,3,5,-1,4,5,6,-1,6,5,7,-1,6,7,8,-1,8,7,0,-1,8,0,2,-1,9,10,11,-1,11,10,12,-1,13,14,9,-1,9,14,10,-1,15,16,13,-1,13,16,14,-1,15,17,2,-1,18,19,4,-1,4,19,20,-1,4,20,2,-1,2,20,16,-1,2,16,15,-1,21,22,19,-1,19,22,20,-1,23,24,21,-1,21,24,22,-1,25,26,23,-1,23,26,24,-1,25,27,6,-1,28,11,8,-1,8,11,12,-1,8,12,6,-1,6,12,26,-1,6,26,25,-1,26,12,10,-1,22,24,26,-1,14,29,10,-1,10,29,30,-1,10,30,26,-1,26,30,31,-1,26,31,22,-1,22,31,20,-1,14,16,29,-1,29,16,20,-1,29,20,32,-1,32,20,31,-1,6,27,4,-1,4,27,18,-1,18,27,25,-1,25,23,18,-1,18,23,21,-1,18,21,19,-1,2,17,8,-1,8,17,28,-1,28,17,15,-1,15,13,28,-1,28,13,9,-1,28,9,11,-1,
        ]
    }
}
Shape{
    appearance Appearance {
        material  Material {
            diffuseColor 0.9490196078431372 0.7607843137254902 0.1803921568627451
            specularColor 0.7607843137254902 0.6078431372549019 0.1450980392156863
            ambientIntensity 0.7509
            transparency 0.0
            shininess 0.5
        }
    }
    geometry IndexedFaceSet {
        ccw TRUE
        solid FALSE
        coord DEF co Coordinate {
            point [
                -3.4016 -0.0984 3.3465, -3.4016 0.0984 3.3465, -3.5984 -0.0984 3.3465, -3.5984 0.0984 3.3465, -3.3622 0.1378 3.189, -3.3622 0.1378 0.9843, -3.6378 0.1378 3.189, -3.6378 0.1378 0.9843, -3.6378 -0.1378 3.189, -3.6378 -0.1378 0.9843, -3.3622 -0.1378 3.189, -3.3622 -0.1378 0.9843, -3.3622 -0.1378 0.1969, -3.6378 -0.1378 0.1969, -3.3622 -0.1378 -0.5324, -3.6378 -0.1378 -1.0236, -3.3622 -0.1378 -1.0236, -3.6378 0.1378 -1.0236, -3.6378 0.1378 0.1969, -3.3622 0.1378 0.1969, -3.3622 0.1378 -0.5324, -3.3622 0.1378 -1.0236, -3.4016 0.0984 -1.1811, -3.4016 -0.0984 -1.1811, -3.5984 0.0984 -1.1811, -3.5984 -0.0984 -1.1811, -3.3622 -0.0492 -1.0236
            ]
        }
        coordIndex [
            0,1,2,-1,2,1,3,-1,4,5,6,-1,6,5,7,-1,6,7,8,-1,8,7,9,-1,8,9,10,-1,10,9,11,-1,10,11,4,-1,4,11,5,-1,12,13,14,-1,14,13,15,-1,14,15,16,-1,15,13,17,-1,17,13,18,-1,18,19,17,-1,17,19,20,-1,17,20,21,-1,22,23,24,-1,24,23,25,-1,23,16,25,-1,25,16,15,-1,16,23,26,-1,26,23,22,-1,26,22,21,-1,17,24,15,-1,15,24,25,-1,24,17,22,-1,22,17,21,-1,6,3,4,-1,4,3,1,-1,8,2,6,-1,6,2,3,-1,0,10,1,-1,1,10,4,-1,10,0,8,-1,8,0,2,-1,
        ]
    }
}
Shape{
    appearance Appearance {
        material  Material {
            diffuseColor 0.0 0.0 0.0
            specularColor 0.0 0.0 0.0
            ambientIntensity 0.0
            transparency 0.0
            shininess 0.5
        }
    }
    geometry IndexedFaceSet {
        ccw TRUE
        solid FALSE
        coord DEF co Coordinate {
            point [
                -3.3661 0.0498 -0.6788, -3.3661 -0.0486 -0.7172, -3.3622 0.0498 -0.6788, -3.3622 -0.0486 -0.7172, -3.3661 -0.0486 -0.7028, -3.3622 -0.0486 -0.7028, -3.3661 -0.021 -0.6928, -3.3622 -0.021 -0.6928, -3.3661 -0.021 -0.6522, -3.3622 -0.021 -0.6522, -3.3661 -0.0486 -0.6428, -3.3622 -0.0486 -0.6428, -3.3661 -0.0486 -0.6284, -3.3622 -0.0486 -0.6284, -3.3661 0.0498 -0.6656, -3.3622 0.0498 -0.6656, -3.3661 -0.0102 -0.6555, -3.3661 -0.0102 -0.6884, -3.3661 0.0309 -0.6702, -3.3661 0.0343 -0.6711, -3.3661 0.0378 -0.6718, -3.3661 0.0378 -0.6721, -3.3661 0.0344 -0.6727, -3.3661 0.0309 -0.6736, -3.3622 -0.0102 -0.6555, -3.3622 -0.0102 -0.6884, -3.3622 0.0309 -0.6702, -3.3622 0.0343 -0.6711, -3.3622 0.0378 -0.6718, -3.3622 0.0378 -0.6721, -3.3622 0.0344 -0.6727, -3.3622 0.0309 -0.6736, -3.3661 -0.0486 -0.5687, -3.3661 -0.0486 -0.542, -3.3622 -0.0486 -0.5687, -3.3622 -0.0486 -0.542, -3.3661 0.0498 -0.542, -3.3622 0.0498 -0.542, -3.3661 0.0498 -0.5697, -3.3622 0.0498 -0.5697, -3.3661 0.0019 -0.6212, -3.3622 0.0019 -0.6212, -3.3622 0.0111 -0.6205, -3.3661 0.0111 -0.6205, -3.3622 0.0208 -0.6178, -3.3661 0.0208 -0.6178, -3.3622 0.0293 -0.6132, -3.3661 0.0293 -0.6132, -3.3622 0.037 -0.6063, -3.3661 0.037 -0.6063, -3.3622 0.0371 -0.6062, -3.3661 0.0371 -0.6062, -3.3622 0.0443 -0.5955, -3.3661 0.0443 -0.5955, -3.3622 0.0483 -0.5839, -3.3661 0.0483 -0.5839, -3.3622 -0.0475 -0.5809, -3.3661 -0.0475 -0.5809, -3.3622 -0.0441 -0.5922, -3.3661 -0.0441 -0.5922, -3.3622 -0.0382 -0.6025, -3.3661 -0.0382 -0.6025, -3.3622 -0.0304 -0.6106, -3.3661 -0.0304 -0.6106, -3.3622 -0.0216 -0.6163, -3.3661 -0.0216 -0.6163, -3.3622 -0.0113 -0.6198, -3.3661 -0.0113 -0.6198, -3.3661 0.0252 -0.6014, -3.3661 0.0303 -0.5966, -3.3661 0.035 -0.5894, -3.3661 0.0378 -0.5813, -3.3661 0.039 -0.5697, -3.3661 0.039 -0.5552, -3.3661 -0.0378 -0.5552, -3.3661 -0.0378 -0.5691, -3.3661 -0.0368 -0.5795, -3.3661 -0.0342 -0.5878, -3.3661 -0.0303 -0.5945, -3.3661 -0.0248 -0.6, -3.3661 -0.018 -0.6042, -3.3661 -0.0088 -0.6071, -3.3661 0.0016 -0.608, -3.3661 0.0114 -0.6071, -3.3661 0.0192 -0.6048, -3.3622 0.039 -0.5697, -3.3622 0.039 -0.5552, -3.3622 0.0378 -0.5813, -3.3622 0.035 -0.5894, -3.3622 0.0303 -0.5966, -3.3622 0.0252 -0.6014, -3.3622 0.0192 -0.6048, -3.3622 0.0114 -0.6071, -3.3622 0.0016 -0.608, -3.3622 -0.0088 -0.6071, -3.3622 -0.018 -0.6042, -3.3622 -0.0248 -0.6, -3.3622 -0.0303 -0.5945, -3.3622 -0.0342 -0.5878, -3.3622 -0.0368 -0.5795, -3.3622 -0.0378 -0.5691, -3.3622 -0.0378 -0.5552, -3.3661 -0.0378 -0.5227, -3.3661 -0.0486 -0.5227, -3.3622 -0.0378 -0.5227, -3.3622 -0.0486 -0.5227, -3.3661 -0.0486 -0.4699, -3.3622 -0.0486 -0.4699, -3.3661 0.0498 -0.4699, -3.3622 0.0498 -0.4699, -3.3661 0.0498 -0.5203, -3.3622 0.0498 -0.5203, -3.3661 0.039 -0.5203, -3.3622 0.039 -0.5203, -3.3661 0.039 -0.4831, -3.3622 0.039 -0.4831, -3.3661 0.0066 -0.4831, -3.3622 0.0066 -0.4831, -3.3661 0.0066 -0.5179, -3.3622 0.0066 -0.5179, -3.3661 -0.0042 -0.5179, -3.3622 -0.0042 -0.5179, -3.3661 -0.0042 -0.4831, -3.3622 -0.0042 -0.4831, -3.3661 -0.0378 -0.4831, -3.3622 -0.0378 -0.4831, -3.3661 -0.0327 -0.4507, -3.3661 -0.0435 -0.4507, -3.3622 -0.0327 -0.4507, -3.3622 -0.0435 -0.4507, -3.3661 -0.0478 -0.4402, -3.3661 -0.0498 -0.4236, -3.3622 -0.0498 -0.4236, -3.3622 -0.0497 -0.4263, -3.3661 -0.0497 -0.4263, -3.3622 -0.0492 -0.4303, -3.3622 -0.0478 -0.4402, -3.3661 -0.0012 -0.3775, -3.3622 -0.0012 -0.3775, -3.3622 -0.0126 -0.3785, -3.3661 -0.0126 -0.3785, -3.3622 -0.0231 -0.3814, -3.3661 -0.0231 -0.3814, -3.3622 -0.0324 -0.3867, -3.3661 -0.0324 -0.3867, -3.3622 -0.0402 -0.3941, -3.3661 -0.0402 -0.3941, -3.3622 -0.0452 -0.402, -3.3661 -0.0452 -0.402, -3.3622 -0.0485 -0.4115, -3.3661 -0.0485 -0.4115, -3.3622 -0.0492 -0.4179, -3.3661 0.051 -0.4276, -3.3622 0.051 -0.4276, -3.3622 0.0502 -0.4177, -3.3661 0.0502 -0.4177, -3.3622 0.047 -0.4067, -3.3661 0.047 -0.4067, -3.3622 0.0417 -0.3974, -3.3661 0.0417 -0.3974, -3.3622 0.0331 -0.3885, -3.3661 0.0331 -0.3885, -3.3622 0.0239 -0.3827, -3.3661 0.0239 -0.3827, -3.3622 0.0128 -0.3789, -3.3661 0.0128 -0.3789, -3.3661 0.0471 -0.4507, -3.3622 0.0471 -0.4507, -3.3622 0.0502 -0.4394, -3.3661 0.0502 -0.4394, -3.3661 0.0339 -0.4507, -3.3622 0.0339 -0.4507, -3.3661 0.0402 -0.4277, -3.3622 0.0402 -0.4277, -3.3622 0.0387 -0.4396, -3.3661 0.0387 -0.4396, -3.3661 -0.0004 -0.3907, -3.3622 -0.0004 -0.3907, -3.3622 0.0072 -0.3912, -3.3661 0.0072 -0.3912, -3.3622 0.0178 -0.3938, -3.3661 0.0178 -0.3938, -3.3622 0.0254 -0.3979, -3.3661 0.0254 -0.3979, -3.3622 0.0319 -0.4038, -3.3661 0.0319 -0.4038, -3.3622 0.0365 -0.4106, -3.3661 0.0365 -0.4106, -3.3622 0.0391 -0.418, -3.3661 0.0391 -0.418, -3.3661 -0.039 -0.4255, -3.3622 -0.039 -0.4255, -3.3622 -0.038 -0.4163, -3.3661 -0.038 -0.4163, -3.3622 -0.0353 -0.4091, -3.3661 -0.0353 -0.4091, -3.3622 -0.0312 -0.4031, -3.3661 -0.0312 -0.4031, -3.3622 -0.0264 -0.3985, -3.3661 -0.0264 -0.3985, -3.3622 -0.0195 -0.3944, -3.3661 -0.0195 -0.3944, -3.3622 -0.0111 -0.3917, -3.3661 -0.0111 -0.3917, -3.3622 -0.0337 -0.449, -3.3661 -0.0337 -0.449, -3.3622 -0.0375 -0.4385, -3.3661 -0.0375 -0.4385, -3.3661 -0.0378 -0.3691, -3.3661 -0.0486 -0.3691, -3.3622 -0.0378 -0.3691, -3.3622 -0.0486 -0.3691, -3.3661 -0.0486 -0.3187, -3.3622 -0.0486 -0.3187, -3.3661 0.0498 -0.3187, -3.3622 0.0498 -0.3187, -3.3661 0.0498 -0.3319, -3.3622 0.0498 -0.3319, -3.3661 -0.0378 -0.3319, -3.3622 -0.0378 -0.3319
            ]
        }
        coordIndex [
            0,1,2,-1,2,1,3,-1,1,4,3,-1,3,4,5,-1,4,6,5,-1,5,6,7,-1,6,8,7,-1,7,8,9,-1,8,10,9,-1,9,10,11,-1,10,12,11,-1,11,12,13,-1,12,14,13,-1,13,14,15,-1,14,0,15,-1,15,0,2,-1,16,8,17,-1,17,8,6,-1,18,14,16,-1,16,14,12,-1,16,12,8,-1,8,12,10,-1,18,19,14,-1,14,19,20,-1,14,20,0,-1,0,20,21,-1,0,21,22,-1,22,23,0,-1,0,23,17,-1,0,17,1,-1,1,17,6,-1,1,6,4,-1,16,17,24,-1,24,17,25,-1,18,16,26,-1,26,16,24,-1,18,26,27,-1,18,27,19,-1,19,27,28,-1,19,28,20,-1,21,20,29,-1,29,20,28,-1,21,29,30,-1,21,30,22,-1,22,30,31,-1,22,31,23,-1,17,23,25,-1,25,23,31,-1,32,33,34,-1,34,33,35,-1,33,36,35,-1,35,36,37,-1,36,38,37,-1,37,38,39,-1,40,41,42,-1,40,42,43,-1,43,42,44,-1,43,44,45,-1,45,44,46,-1,45,46,47,-1,47,46,48,-1,47,48,49,-1,49,48,50,-1,49,50,51,-1,51,50,52,-1,51,52,53,-1,53,52,54,-1,53,54,55,-1,55,54,39,-1,55,39,38,-1,32,34,56,-1,32,56,57,-1,57,56,58,-1,57,58,59,-1,59,58,60,-1,59,60,61,-1,61,60,62,-1,61,62,63,-1,63,62,64,-1,63,64,65,-1,65,64,66,-1,65,66,67,-1,67,66,41,-1,67,41,40,-1,45,47,68,-1,68,47,49,-1,68,49,69,-1,69,49,51,-1,69,51,70,-1,70,51,53,-1,70,53,71,-1,71,53,55,-1,71,55,72,-1,72,55,38,-1,72,38,73,-1,73,38,36,-1,73,36,74,-1,74,36,33,-1,74,33,75,-1,75,33,32,-1,75,32,76,-1,76,32,57,-1,76,57,77,-1,77,57,59,-1,77,59,78,-1,78,59,61,-1,78,61,79,-1,79,61,63,-1,79,63,80,-1,80,63,65,-1,80,65,81,-1,81,65,67,-1,81,67,82,-1,82,67,40,-1,82,40,83,-1,83,40,43,-1,83,43,84,-1,84,43,45,-1,84,45,68,-1,72,73,85,-1,85,73,86,-1,72,85,87,-1,72,87,71,-1,71,87,88,-1,71,88,70,-1,70,88,89,-1,70,89,69,-1,69,89,90,-1,69,90,68,-1,68,90,91,-1,68,91,84,-1,84,91,92,-1,84,92,83,-1,83,92,93,-1,83,93,82,-1,82,93,94,-1,82,94,81,-1,81,94,95,-1,81,95,80,-1,80,95,96,-1,80,96,79,-1,79,96,97,-1,79,97,78,-1,78,97,98,-1,78,98,77,-1,77,98,99,-1,77,99,76,-1,76,99,100,-1,76,100,75,-1,74,75,101,-1,101,75,100,-1,73,74,86,-1,86,74,101,-1,102,103,104,-1,104,103,105,-1,103,106,105,-1,105,106,107,-1,106,108,107,-1,107,108,109,-1,108,110,109,-1,109,110,111,-1,110,112,111,-1,111,112,113,-1,112,114,113,-1,113,114,115,-1,114,116,115,-1,115,116,117,-1,116,118,117,-1,117,118,119,-1,118,120,119,-1,119,120,121,-1,120,122,121,-1,121,122,123,-1,122,124,123,-1,123,124,125,-1,124,102,125,-1,125,102,104,-1,106,103,102,-1,102,124,106,-1,106,124,122,-1,106,122,108,-1,112,110,114,-1,114,110,108,-1,114,108,116,-1,116,108,122,-1,116,122,118,-1,118,122,120,-1,126,127,128,-1,128,127,129,-1,129,127,130,-1,131,132,133,-1,131,133,134,-1,134,133,135,-1,134,135,130,-1,130,135,136,-1,130,136,129,-1,137,138,139,-1,137,139,140,-1,140,139,141,-1,140,141,142,-1,142,141,143,-1,142,143,144,-1,144,143,145,-1,144,145,146,-1,146,145,147,-1,146,147,148,-1,148,147,149,-1,148,149,150,-1,150,149,131,-1,131,149,151,-1,131,151,132,-1,152,153,154,-1,152,154,155,-1,155,154,156,-1,155,156,157,-1,157,156,158,-1,157,158,159,-1,159,158,160,-1,159,160,161,-1,161,160,162,-1,161,162,163,-1,163,162,164,-1,163,164,165,-1,165,164,138,-1,165,138,137,-1,166,167,168,-1,166,168,169,-1,169,168,153,-1,169,153,152,-1,166,170,167,-1,167,170,171,-1,172,173,174,-1,172,174,175,-1,175,174,171,-1,175,171,170,-1,176,177,178,-1,176,178,179,-1,179,178,180,-1,179,180,181,-1,181,180,182,-1,181,182,183,-1,183,182,184,-1,183,184,185,-1,185,184,186,-1,185,186,187,-1,187,186,188,-1,187,188,189,-1,189,188,173,-1,189,173,172,-1,190,191,192,-1,190,192,193,-1,193,192,194,-1,193,194,195,-1,195,194,196,-1,195,196,197,-1,197,196,198,-1,197,198,199,-1,199,198,200,-1,199,200,201,-1,201,200,202,-1,201,202,203,-1,203,202,177,-1,203,177,176,-1,126,128,204,-1,126,204,205,-1,205,204,206,-1,205,206,207,-1,207,206,191,-1,207,191,190,-1,193,131,190,-1,190,131,134,-1,190,134,207,-1,207,134,130,-1,207,130,205,-1,205,130,127,-1,205,127,126,-1,170,166,175,-1,175,166,169,-1,175,169,172,-1,172,169,152,-1,172,152,189,-1,189,152,155,-1,189,155,187,-1,187,155,157,-1,187,157,185,-1,185,157,159,-1,185,159,183,-1,183,159,161,-1,183,161,181,-1,181,161,163,-1,181,163,179,-1,179,163,165,-1,179,165,176,-1,176,165,137,-1,176,137,203,-1,203,137,140,-1,203,140,201,-1,201,140,142,-1,201,142,199,-1,199,142,144,-1,199,144,197,-1,197,144,146,-1,197,146,195,-1,195,146,148,-1,195,148,193,-1,193,148,150,-1,193,150,131,-1,208,209,210,-1,210,209,211,-1,209,212,211,-1,211,212,213,-1,212,214,213,-1,213,214,215,-1,214,216,215,-1,215,216,217,-1,216,218,217,-1,217,218,219,-1,218,208,219,-1,219,208,210,-1,216,214,218,-1,218,214,212,-1,218,212,208,-1,208,212,209,-1,
        ]
    }
}
Shape{
    appearance Appearance {
        material  Material {
            diffuseColor 0.9490196078431372 0.7607843137254902 0.1803921568627451
            specularColor 0.7607843137254902 0.6078431372549019 0.1450980392156863
            ambientIntensity 0.7509
            transparency 0.0
            shininess 0.5
        }
    }
    geometry IndexedFaceSet {
        ccw TRUE
        solid FALSE
        coord DEF co Coordinate {
            point [
                -3.3622 -0.0102 -0.6555, -3.3622 -0.0102 -0.6884, -3.3622 0.0309 -0.6702, -3.3622 0.0309 -0.6736, -3.3622 0.0343 -0.6711, -3.3622 0.0344 -0.6727, -3.3622 0.0378 -0.6718, -3.3622 0.0378 -0.6721, -3.3622 0.039 -0.5552, -3.3622 -0.0378 -0.5552, -3.3622 0.039 -0.5697, -3.3622 -0.0378 -0.5691, -3.3622 -0.0368 -0.5795, -3.3622 0.0016 -0.608, -3.3622 0.0114 -0.6071, -3.3622 0.0192 -0.6048, -3.3622 0.0378 -0.5813, -3.3622 -0.0342 -0.5878, -3.3622 -0.0303 -0.5945, -3.3622 -0.0248 -0.6, -3.3622 -0.018 -0.6042, -3.3622 -0.0088 -0.6071, -3.3622 0.0252 -0.6014, -3.3622 0.0303 -0.5966, -3.3622 0.035 -0.5894, 5.6378 0.0402 -0.4277, 5.6378 0.0391 -0.418, 5.6378 -0.0337 -0.449, 5.6378 0.0498 -0.5203, 5.6378 0.1378 -0.5324, 5.6378 0.0498 -0.4699, 5.6378 0.1378 0.1969, 5.6378 -0.0402 -0.3941, 5.6378 -0.0324 -0.3867, 5.6378 -0.0486 -0.3691, 5.6378 -0.0492 -0.4179, 5.6378 -0.0486 -0.3187, 5.6378 0.0387 -0.4396, 5.6378 -0.0327 -0.4507, 5.6378 0.0339 -0.4507, 5.6378 -0.0042 -0.5179, 5.6378 -0.0492 -0.5324, 5.6378 0.0066 -0.5179, 5.6378 0.039 -0.5203, 5.6378 0.0066 -0.4831, 5.6378 0.039 -0.4831, 5.6378 0.0498 -0.3187, 5.6378 0.0498 -0.3319, 5.6378 0.0239 -0.3827, 5.6378 0.0331 -0.3885, 5.6378 0.0417 -0.3974, 5.6378 0.047 -0.4067, 5.6378 -0.0378 -0.3691, 5.6378 -0.0231 -0.3814, 5.6378 -0.0378 -0.3319, 5.6378 0.0502 -0.4177, 5.6378 0.051 -0.4276, 5.6378 0.0502 -0.4394, 5.6378 0.0471 -0.4507, 5.6378 -0.0486 -0.4699, 5.6378 -0.0435 -0.4507, 5.6378 -0.0485 -0.4115, 5.6378 -0.0452 -0.402, 5.6378 0.0365 -0.4106, 5.6378 0.0319 -0.4038, 5.6378 0.0254 -0.3979, 5.6378 -0.0004 -0.3907, 5.6378 -0.0111 -0.3917, 5.6378 -0.0195 -0.3944, 5.6378 -0.038 -0.4163, 5.6378 -0.039 -0.4255, 5.6378 -0.0353 -0.4091, 5.6378 -0.0312 -0.4031, 5.6378 -0.0264 -0.3985, 5.6378 -0.0375 -0.4385, 5.6378 -0.0126 -0.3785, 5.6378 -0.0012 -0.3775, 5.6378 0.0128 -0.3789, 5.6378 0.0178 -0.3938, 5.6378 0.0072 -0.3912, 5.6378 -0.0042 -0.4831, 5.6378 -0.0378 -0.4831, 5.6378 -0.0378 -0.5227, 5.6378 -0.0486 -0.5227, 5.6378 -0.0492 -0.4303, 5.6378 -0.0497 -0.4263, 5.6378 -0.1378 -0.5324, 5.6378 -0.0498 -0.4236, 5.6378 -0.0492 0.1969, 5.6378 -0.1378 0.1969, 5.6378 0.0498 -0.6656, 5.6378 0.0498 -0.6788, 5.6378 -0.0486 -0.5687, 5.6378 -0.0486 -0.542, 5.6378 0.0498 -0.542, 5.6378 -0.0486 -0.7028, 5.6378 -0.0486 -0.7172, 5.6378 -0.0492 -1.0236, 5.6378 0.1378 -1.0236, 5.6378 0.0498 -0.5697, 5.6378 0.0483 -0.5839, 5.6378 0.0443 -0.5955, 5.6378 0.0371 -0.6062, 5.6378 -0.0486 -0.6284, 5.6378 -0.0216 -0.6163, 5.6378 -0.0304 -0.6106, 5.6378 0.037 -0.6063, 5.6378 0.0293 -0.6132, 5.6378 0.0208 -0.6178, 5.6378 -0.0382 -0.6025, 5.6378 -0.0441 -0.5922, 5.6378 -0.0475 -0.5809, 5.6378 -0.0486 -0.6428, 5.6378 -0.021 -0.6522, 5.6378 -0.021 -0.6928, 5.6378 0.0111 -0.6205, 5.6378 0.0019 -0.6212, 5.6378 -0.0113 -0.6198, 5.6378 -0.0478 -0.4402, 5.6378 -0.1378 -1.0236
            ]
        }
        coordIndex [
            0,1,2,-1,2,1,3,-1,2,3,4,-1,4,3,5,-1,4,5,6,-1,6,5,7,-1,8,9,10,-1,10,9,11,-1,10,11,12,-1,13,14,10,-1,10,14,15,-1,10,15,16,-1,12,17,10,-1,10,17,18,-1,10,18,19,-1,19,20,10,-1,10,20,21,-1,10,21,13,-1,22,23,15,-1,15,23,24,-1,15,24,16,-1,25,26,27,-1,28,29,30,-1,30,29,31,-1,32,33,34,-1,35,34,36,-1,25,27,37,-1,37,27,38,-1,37,38,39,-1,40,41,42,-1,42,41,43,-1,42,43,44,-1,44,43,45,-1,31,46,47,-1,48,49,47,-1,47,49,50,-1,47,50,51,-1,34,33,52,-1,52,33,53,-1,52,53,54,-1,51,55,47,-1,47,55,56,-1,47,56,31,-1,31,56,57,-1,31,57,30,-1,57,58,30,-1,30,58,39,-1,30,39,59,-1,59,39,38,-1,59,38,60,-1,35,61,34,-1,34,61,62,-1,34,62,32,-1,26,63,27,-1,27,63,64,-1,27,64,65,-1,66,67,27,-1,27,67,68,-1,69,70,71,-1,71,70,72,-1,68,73,27,-1,27,73,72,-1,27,72,74,-1,74,72,70,-1,53,75,54,-1,54,75,76,-1,54,76,47,-1,47,76,77,-1,47,77,48,-1,65,78,27,-1,27,78,79,-1,27,79,66,-1,80,81,40,-1,40,81,82,-1,40,82,41,-1,41,82,83,-1,41,83,59,-1,84,85,86,-1,86,85,87,-1,86,87,35,-1,46,31,36,-1,36,31,88,-1,36,88,35,-1,35,88,89,-1,35,89,86,-1,29,90,91,-1,92,93,41,-1,28,43,29,-1,29,43,41,-1,29,41,94,-1,94,41,93,-1,95,41,96,-1,96,41,97,-1,96,97,91,-1,91,97,98,-1,91,98,29,-1,94,99,29,-1,29,99,100,-1,29,100,90,-1,90,100,101,-1,90,101,102,-1,103,104,105,-1,102,106,90,-1,90,106,107,-1,90,107,108,-1,105,109,103,-1,103,109,110,-1,103,110,111,-1,111,92,103,-1,103,92,41,-1,103,41,112,-1,112,41,95,-1,112,95,113,-1,113,95,114,-1,108,115,90,-1,90,115,116,-1,90,116,103,-1,103,116,117,-1,103,117,104,-1,60,118,59,-1,59,118,84,-1,59,84,41,-1,41,84,86,-1,41,86,97,-1,97,86,119,-1,
        ]
    }
}
Shape{
    appearance Appearance {
        material  Material {
            diffuseColor 0.17647058823529413 0.17647058823529413 0.17647058823529413
            specularColor 0.050980392156862744 0.050980392156862744 0.050980392156862744
            ambientIntensity 0.251
            transparency 0.0
            shininess 0.5
        }
    }
    geometry IndexedFaceSet {
        ccw TRUE
        solid FALSE
        coord DEF co Coordinate {
            point [
                5.3622 -0.1378 0.1969, 5.6378 -0.1378 0.1969, 6.0 -0.2638 0.1969, 5.6378 -0.0492 0.1969, 6.0 0.2638 0.1969, 5.6378 0.1378 0.1969, 5.0 0.2638 0.1969, 5.3622 0.1378 0.1969, 5.0 -0.2638 0.1969, 5.1181 -0.5 0.0118, 5.1181 -0.5 0.9843, 5.0 -0.3819 0.0118, 5.0 -0.3819 0.9843, 5.8819 -0.5 0.0118, 5.8819 -0.5 0.9843, 6.0 -0.3819 0.0118, 6.0 -0.3819 0.9843, 6.0 -0.2638 0.0118, 6.0 0.2638 0.0118, 6.0 0.3819 0.0118, 6.0 0.3819 0.9843, 5.8819 0.5 0.0118, 5.8819 0.5 0.9843, 5.1181 0.5 0.0118, 5.1181 0.5 0.9843, 5.0 0.3819 0.0118, 5.0 0.3819 0.9843, 5.0 0.2638 0.0118, 5.0 -0.2638 0.0118, 5.6378 -0.1378 0.9843, 5.3622 -0.1378 0.9843, 5.3622 0.1378 0.9843, 5.6378 0.1378 0.9843
            ]
        }
        coordIndex [
            0,1,2,-1,2,1,3,-1,2,3,4,-1,4,3,5,-1,4,5,6,-1,6,5,7,-1,6,7,8,-1,8,7,0,-1,8,0,2,-1,9,10,11,-1,11,10,12,-1,13,14,9,-1,9,14,10,-1,15,16,13,-1,13,16,14,-1,15,17,2,-1,18,19,4,-1,4,19,20,-1,4,20,2,-1,2,20,16,-1,2,16,15,-1,21,22,19,-1,19,22,20,-1,23,24,21,-1,21,24,22,-1,25,26,23,-1,23,26,24,-1,25,27,6,-1,28,11,8,-1,8,11,12,-1,8,12,6,-1,6,12,26,-1,6,26,25,-1,26,12,10,-1,22,24,26,-1,14,29,10,-1,10,29,30,-1,10,30,26,-1,26,30,31,-1,26,31,22,-1,22,31,20,-1,14,16,29,-1,29,16,20,-1,29,20,32,-1,32,20,31,-1,6,27,4,-1,4,27,18,-1,27,25,23,-1,23,21,27,-1,27,21,19,-1,27,19,18,-1,2,17,8,-1,8,17,28,-1,11,28,9,-1,9,28,17,-1,9,17,13,-1,13,17,15,-1,
        ]
    }
}
Shape{
    appearance Appearance {
        material  Material {
            diffuseColor 0.9490196078431372 0.7607843137254902 0.1803921568627451
            specularColor 0.7607843137254902 0.6078431372549019 0.1450980392156863
            ambientIntensity 0.7509
            transparency 0.0
            shininess 0.5
        }
    }
    geometry IndexedFaceSet {
        ccw TRUE
        solid FALSE
        coord DEF co Coordinate {
            point [
                5.5984 -0.0984 3.3465, 5.5984 0.0984 3.3465, 5.4016 -0.0984 3.3465, 5.4016 0.0984 3.3465, 5.6378 0.1378 3.189, 5.6378 0.1378 0.9843, 5.3622 0.1378 3.189, 5.3622 0.1378 0.9843, 5.3622 -0.1378 3.189, 5.3622 -0.1378 0.9843, 5.6378 -0.1378 3.189, 5.6378 -0.1378 0.9843, 5.6378 -0.1378 0.1969, 5.3622 -0.1378 0.1969, 5.6378 -0.1378 -0.5324, 5.3622 -0.1378 -1.0236, 5.6378 -0.1378 -1.0236, 5.3622 0.1378 -1.0236, 5.3622 0.1378 0.1969, 5.6378 0.1378 0.1969, 5.6378 0.1378 -0.5324, 5.6378 0.1378 -1.0236, 5.5984 0.0984 -1.1811, 5.5984 -0.0984 -1.1811, 5.4016 0.0984 -1.1811, 5.4016 -0.0984 -1.1811, 5.6378 -0.0492 -1.0236
            ]
        }
        coordIndex [
            0,1,2,-1,2,1,3,-1,4,5,6,-1,6,5,7,-1,6,7,8,-1,8,7,9,-1,8,9,10,-1,10,9,11,-1,10,11,4,-1,4,11,5,-1,12,13,14,-1,14,13,15,-1,14,15,16,-1,15,13,17,-1,17,13,18,-1,18,19,17,-1,17,19,20,-1,17,20,21,-1,22,23,24,-1,24,23,25,-1,23,16,25,-1,25,16,15,-1,16,23,26,-1,26,23,22,-1,26,22,21,-1,17,24,15,-1,15,24,25,-1,24,17,22,-1,22,17,21,-1,6,3,4,-1,4,3,1,-1,8,2,6,-1,6,2,3,-1,0,10,1,-1,1,10,4,-1,10,0,8,-1,8,0,2,-1,
        ]
    }
}
Shape{
    appearance Appearance {
        material  Material {
            diffuseColor 0.0 0.0 0.0
            specularColor 0.0 0.0 0.0
            ambientIntensity 0.0
            transparency 0.0
            shininess 0.5
        }
    }
    geometry IndexedFaceSet {
        ccw TRUE
        solid FALSE
        coord DEF co Coordinate {
            point [
                5.6339 0.0498 -0.6788, 5.6339 -0.0486 -0.7172, 5.6378 0.0498 -0.6788, 5.6378 -0.0486 -0.7172, 5.6339 -0.0486 -0.7028, 5.6378 -0.0486 -0.7028, 5.6339 -0.021 -0.6928, 5.6378 -0.021 -0.6928, 5.6339 -0.021 -0.6522, 5.6378 -0.021 -0.6522, 5.6339 -0.0486 -0.6428, 5.6378 -0.0486 -0.6428, 5.6339 -0.0486 -0.6284, 5.6378 -0.0486 -0.6284, 5.6339 0.0498 -0.6656, 5.6378 0.0498 -0.6656, 5.6339 -0.0102 -0.6555, 5.6339 -0.0102 -0.6884, 5.6339 0.0309 -0.6702, 5.6339 0.0343 -0.6711, 5.6339 0.0378 -0.6718, 5.6339 0.0378 -0.6721, 5.6339 0.0344 -0.6727, 5.6339 0.0309 -0.6736, 5.6378 -0.0102 -0.6555, 5.6378 -0.0102 -0.6884, 5.6378 0.0309 -0.6702, 5.6378 0.0343 -0.6711, 5.6378 0.0378 -0.6718, 5.6378 0.0378 -0.6721, 5.6378 0.0344 -0.6727, 5.6378 0.0309 -0.6736, 5.6339 -0.0486 -0.5687, 5.6339 -0.0486 -0.542, 5.6378 -0.0486 -0.5687, 5.6378 -0.0486 -0.542, 5.6339 0.0498 -0.542, 5.6378 0.0498 -0.542, 5.6339 0.0498 -0.5697, 5.6378 0.0498 -0.5697, 5.6339 0.0019 -0.6212, 5.6378 0.0019 -0.6212, 5.6378 0.0111 -0.6205, 5.6339 0.0111 -0.6205, 5.6378 0.0208 -0.6178, 5.6339 0.0208 -0.6178, 5.6378 0.0293 -0.6132, 5.6339 0.0293 -0.6132, 5.6378 0.037 -0.6063, 5.6339 0.037 -0.6063, 5.6378 0.0371 -0.6062, 5.6339 0.0371 -0.6062, 5.6378 0.0443 -0.5955, 5.6339 0.0443 -0.5955, 5.6378 0.0483 -0.5839, 5.6339 0.0483 -0.5839, 5.6378 -0.0475 -0.5809, 5.6339 -0.0475 -0.5809, 5.6378 -0.0441 -0.5922, 5.6339 -0.0441 -0.5922, 5.6378 -0.0382 -0.6025, 5.6339 -0.0382 -0.6025, 5.6378 -0.0304 -0.6106, 5.6339 -0.0304 -0.6106, 5.6378 -0.0216 -0.6163, 5.6339 -0.0216 -0.6163, 5.6378 -0.0113 -0.6198, 5.6339 -0.0113 -0.6198, 5.6339 0.0252 -0.6014, 5.6339 0.0303 -0.5966, 5.6339 0.035 -0.5894, 5.6339 0.0378 -0.5813, 5.6339 0.039 -0.5697, 5.6339 0.039 -0.5552, 5.6339 -0.0378 -0.5552, 5.6339 -0.0378 -0.5691, 5.6339 -0.0368 -0.5795, 5.6339 -0.0342 -0.5878, 5.6339 -0.0303 -0.5945, 5.6339 -0.0248 -0.6, 5.6339 -0.018 -0.6042, 5.6339 -0.0088 -0.6071, 5.6339 0.0016 -0.608, 5.6339 0.0114 -0.6071, 5.6339 0.0192 -0.6048, 5.6378 0.039 -0.5697, 5.6378 0.039 -0.5552, 5.6378 0.0378 -0.5813, 5.6378 0.035 -0.5894, 5.6378 0.0303 -0.5966, 5.6378 0.0252 -0.6014, 5.6378 0.0192 -0.6048, 5.6378 0.0114 -0.6071, 5.6378 0.0016 -0.608, 5.6378 -0.0088 -0.6071, 5.6378 -0.018 -0.6042, 5.6378 -0.0248 -0.6, 5.6378 -0.0303 -0.5945, 5.6378 -0.0342 -0.5878, 5.6378 -0.0368 -0.5795, 5.6378 -0.0378 -0.5691, 5.6378 -0.0378 -0.5552, 5.6339 -0.0378 -0.5227, 5.6339 -0.0486 -0.5227, 5.6378 -0.0378 -0.5227, 5.6378 -0.0486 -0.5227, 5.6339 -0.0486 -0.4699, 5.6378 -0.0486 -0.4699, 5.6339 0.0498 -0.4699, 5.6378 0.0498 -0.4699, 5.6339 0.0498 -0.5203, 5.6378 0.0498 -0.5203, 5.6339 0.039 -0.5203, 5.6378 0.039 -0.5203, 5.6339 0.039 -0.4831, 5.6378 0.039 -0.4831, 5.6339 0.0066 -0.4831, 5.6378 0.0066 -0.4831, 5.6339 0.0066 -0.5179, 5.6378 0.0066 -0.5179, 5.6339 -0.0042 -0.5179, 5.6378 -0.0042 -0.5179, 5.6339 -0.0042 -0.4831, 5.6378 -0.0042 -0.4831, 5.6339 -0.0378 -0.4831, 5.6378 -0.0378 -0.4831, 5.6339 -0.0327 -0.4507, 5.6339 -0.0435 -0.4507, 5.6378 -0.0327 -0.4507, 5.6378 -0.0435 -0.4507, 5.6339 -0.0478 -0.4402, 5.6339 -0.0498 -0.4236, 5.6378 -0.0498 -0.4236, 5.6378 -0.0497 -0.4263, 5.6339 -0.0497 -0.4263, 5.6378 -0.0492 -0.4303, 5.6378 -0.0478 -0.4402, 5.6339 -0.0012 -0.3775, 5.6378 -0.0012 -0.3775, 5.6378 -0.0126 -0.3785, 5.6339 -0.0126 -0.3785, 5.6378 -0.0231 -0.3814, 5.6339 -0.0231 -0.3814, 5.6378 -0.0324 -0.3867, 5.6339 -0.0324 -0.3867, 5.6378 -0.0402 -0.3941, 5.6339 -0.0402 -0.3941, 5.6378 -0.0452 -0.402, 5.6339 -0.0452 -0.402, 5.6378 -0.0485 -0.4115, 5.6339 -0.0485 -0.4115, 5.6378 -0.0492 -0.4179, 5.6339 0.051 -0.4276, 5.6378 0.051 -0.4276, 5.6378 0.0502 -0.4177, 5.6339 0.0502 -0.4177, 5.6378 0.047 -0.4067, 5.6339 0.047 -0.4067, 5.6378 0.0417 -0.3974, 5.6339 0.0417 -0.3974, 5.6378 0.0331 -0.3885, 5.6339 0.0331 -0.3885, 5.6378 0.0239 -0.3827, 5.6339 0.0239 -0.3827, 5.6378 0.0128 -0.3789, 5.6339 0.0128 -0.3789, 5.6339 0.0471 -0.4507, 5.6378 0.0471 -0.4507, 5.6378 0.0502 -0.4394, 5.6339 0.0502 -0.4394, 5.6339 0.0339 -0.4507, 5.6378 0.0339 -0.4507, 5.6339 0.0402 -0.4277, 5.6378 0.0402 -0.4277, 5.6378 0.0387 -0.4396, 5.6339 0.0387 -0.4396, 5.6339 -0.0004 -0.3907, 5.6378 -0.0004 -0.3907, 5.6378 0.0072 -0.3912, 5.6339 0.0072 -0.3912, 5.6378 0.0178 -0.3938, 5.6339 0.0178 -0.3938, 5.6378 0.0254 -0.3979, 5.6339 0.0254 -0.3979, 5.6378 0.0319 -0.4038, 5.6339 0.0319 -0.4038, 5.6378 0.0365 -0.4106, 5.6339 0.0365 -0.4106, 5.6378 0.0391 -0.418, 5.6339 0.0391 -0.418, 5.6339 -0.039 -0.4255, 5.6378 -0.039 -0.4255, 5.6378 -0.038 -0.4163, 5.6339 -0.038 -0.4163, 5.6378 -0.0353 -0.4091, 5.6339 -0.0353 -0.4091, 5.6378 -0.0312 -0.4031, 5.6339 -0.0312 -0.4031, 5.6378 -0.0264 -0.3985, 5.6339 -0.0264 -0.3985, 5.6378 -0.0195 -0.3944, 5.6339 -0.0195 -0.3944, 5.6378 -0.0111 -0.3917, 5.6339 -0.0111 -0.3917, 5.6378 -0.0337 -0.449, 5.6339 -0.0337 -0.449, 5.6378 -0.0375 -0.4385, 5.6339 -0.0375 -0.4385, 5.6339 -0.0378 -0.3691, 5.6339 -0.0486 -0.3691, 5.6378 -0.0378 -0.3691, 5.6378 -0.0486 -0.3691, 5.6339 -0.0486 -0.3187, 5.6378 -0.0486 -0.3187, 5.6339 0.0498 -0.3187, 5.6378 0.0498 -0.3187, 5.6339 0.0498 -0.3319, 5.6378 0.0498 -0.3319, 5.6339 -0.0378 -0.3319, 5.6378 -0.0378 -0.3319
            ]
        }
        coordIndex [
            0,1,2,-1,2,1,3,-1,1,4,3,-1,3,4,5,-1,4,6,5,-1,5,6,7,-1,6,8,7,-1,7,8,9,-1,8,10,9,-1,9,10,11,-1,10,12,11,-1,11,12,13,-1,12,14,13,-1,13,14,15,-1,14,0,15,-1,15,0,2,-1,16,8,17,-1,17,8,6,-1,18,14,16,-1,16,14,12,-1,16,12,8,-1,8,12,10,-1,18,19,14,-1,14,19,20,-1,14,20,0,-1,0,20,21,-1,0,21,22,-1,22,23,0,-1,0,23,17,-1,0,17,1,-1,1,17,6,-1,1,6,4,-1,16,17,24,-1,24,17,25,-1,18,16,26,-1,26,16,24,-1,18,26,27,-1,18,27,19,-1,19,27,28,-1,19,28,20,-1,21,20,29,-1,29,20,28,-1,21,29,30,-1,21,30,22,-1,22,30,31,-1,22,31,23,-1,17,23,25,-1,25,23,31,-1,32,33,34,-1,34,33,35,-1,33,36,35,-1,35,36,37,-1,36,38,37,-1,37,38,39,-1,40,41,42,-1,40,42,43,-1,43,42,44,-1,43,44,45,-1,45,44,46,-1,45,46,47,-1,47,46,48,-1,47,48,49,-1,49,48,50,-1,49,50,51,-1,51,50,52,-1,51,52,53,-1,53,52,54,-1,53,54,55,-1,55,54,39,-1,55,39,38,-1,32,34,56,-1,32,56,57,-1,57,56,58,-1,57,58,59,-1,59,58,60,-1,59,60,61,-1,61,60,62,-1,61,62,63,-1,63,62,64,-1,63,64,65,-1,65,64,66,-1,65,66,67,-1,67,66,41,-1,67,41,40,-1,45,47,68,-1,68,47,49,-1,68,49,69,-1,69,49,51,-1,69,51,70,-1,70,51,53,-1,70,53,71,-1,71,53,55,-1,71,55,72,-1,72,55,38,-1,72,38,73,-1,73,38,36,-1,73,36,74,-1,74,36,33,-1,74,33,75,-1,75,33,32,-1,75,32,76,-1,76,32,57,-1,76,57,77,-1,77,57,59,-1,77,59,78,-1,78,59,61,-1,78,61,79,-1,79,61,63,-1,79,63,80,-1,80,63,65,-1,80,65,81,-1,81,65,67,-1,81,67,82,-1,82,67,40,-1,82,40,83,-1,83,40,43,-1,83,43,84,-1,84,43,45,-1,84,45,68,-1,72,73,85,-1,85,73,86,-1,72,85,87,-1,72,87,71,-1,71,87,88,-1,71,88,70,-1,70,88,89,-1,70,89,69,-1,69,89,90,-1,69,90,68,-1,68,90,91,-1,68,91,84,-1,84,91,92,-1,84,92,83,-1,83,92,93,-1,83,93,82,-1,82,93,94,-1,82,94,81,-1,81,94,95,-1,81,95,80,-1,80,95,96,-1,80,96,79,-1,79,96,97,-1,79,97,78,-1,78,97,98,-1,78,98,77,-1,77,98,99,-1,77,99,76,-1,76,99,100,-1,76,100,75,-1,74,75,101,-1,101,75,100,-1,73,74,86,-1,86,74,101,-1,102,103,104,-1,104,103,105,-1,103,106,105,-1,105,106,107,-1,106,108,107,-1,107,108,109,-1,108,110,109,-1,109,110,111,-1,110,112,111,-1,111,112,113,-1,112,114,113,-1,113,114,115,-1,114,116,115,-1,115,116,117,-1,116,118,117,-1,117,118,119,-1,118,120,119,-1,119,120,121,-1,120,122,121,-1,121,122,123,-1,122,124,123,-1,123,124,125,-1,124,102,125,-1,125,102,104,-1,106,103,102,-1,102,124,106,-1,106,124,122,-1,106,122,108,-1,112,110,114,-1,114,110,108,-1,114,108,116,-1,116,108,122,-1,116,122,118,-1,118,122,120,-1,126,127,128,-1,128,127,129,-1,129,127,130,-1,131,132,133,-1,131,133,134,-1,134,133,135,-1,134,135,130,-1,130,135,136,-1,130,136,129,-1,137,138,139,-1,137,139,140,-1,140,139,141,-1,140,141,142,-1,142,141,143,-1,142,143,144,-1,144,143,145,-1,144,145,146,-1,146,145,147,-1,146,147,148,-1,148,147,149,-1,148,149,150,-1,150,149,131,-1,131,149,151,-1,131,151,132,-1,152,153,154,-1,152,154,155,-1,155,154,156,-1,155,156,157,-1,157,156,158,-1,157,158,159,-1,159,158,160,-1,159,160,161,-1,161,160,162,-1,161,162,163,-1,163,162,164,-1,163,164,165,-1,165,164,138,-1,165,138,137,-1,166,167,168,-1,166,168,169,-1,169,168,153,-1,169,153,152,-1,166,170,167,-1,167,170,171,-1,172,173,174,-1,172,174,175,-1,175,174,171,-1,175,171,170,-1,176,177,178,-1,176,178,179,-1,179,178,180,-1,179,180,181,-1,181,180,182,-1,181,182,183,-1,183,182,184,-1,183,184,185,-1,185,184,186,-1,185,186,187,-1,187,186,188,-1,187,188,189,-1,189,188,173,-1,189,173,172,-1,190,191,192,-1,190,192,193,-1,193,192,194,-1,193,194,195,-1,195,194,196,-1,195,196,197,-1,197,196,198,-1,197,198,199,-1,199,198,200,-1,199,200,201,-1,201,200,202,-1,201,202,203,-1,203,202,177,-1,203,177,176,-1,126,128,204,-1,126,204,205,-1,205,204,206,-1,205,206,207,-1,207,206,191,-1,207,191,190,-1,193,131,190,-1,190,131,134,-1,190,134,207,-1,207,134,130,-1,207,130,205,-1,205,130,127,-1,205,127,126,-1,170,166,175,-1,175,166,169,-1,175,169,172,-1,172,169,152,-1,172,152,189,-1,189,152,155,-1,189,155,187,-1,187,155,157,-1,187,157,185,-1,185,157,159,-1,185,159,183,-1,183,159,161,-1,183,161,181,-1,181,161,163,-1,181,163,179,-1,179,163,165,-1,179,165,176,-1,176,165,137,-1,176,137,203,-1,203,137,140,-1,203,140,201,-1,201,140,142,-1,201,142,199,-1,199,142,144,-1,199,144,197,-1,197,144,146,-1,197,146,195,-1,195,146,148,-1,195,148,193,-1,193,148,150,-1,193,150,131,-1,208,209,210,-1,210,209,211,-1,209,212,211,-1,211,212,213,-1,212,214,213,-1,213,214,215,-1,214,216,215,-1,215,216,217,-1,216,218,217,-1,217,218,219,-1,218,208,219,-1,219,208,210,-1,216,214,218,-1,218,214,212,-1,218,212,208,-1,208,212,209,-1,
        ]
    }
}
Shape{
    appearance Appearance {
        material  Material {
            diffuseColor 0.9490196078431372 0.7607843137254902 0.1803921568627451
            specularColor 0.7607843137254902 0.6078431372549019 0.1450980392156863
            ambientIntensity 0.7509
            transparency 0.0
            shininess 0.5
        }
    }
    geometry IndexedFaceSet {
        ccw TRUE
        solid FALSE
        coord DEF co Coordinate {
            point [
                5.6378 -0.0102 -0.6555, 5.6378 -0.0102 -0.6884, 5.6378 0.0309 -0.6702, 5.6378 0.0309 -0.6736, 5.6378 0.0343 -0.6711, 5.6378 0.0344 -0.6727, 5.6378 0.0378 -0.6718, 5.6378 0.0378 -0.6721, 5.6378 0.039 -0.5552, 5.6378 -0.0378 -0.5552, 5.6378 0.039 -0.5697, 5.6378 -0.0378 -0.5691, 5.6378 -0.0368 -0.5795, 5.6378 0.0016 -0.608, 5.6378 0.0114 -0.6071, 5.6378 0.0192 -0.6048, 5.6378 0.0378 -0.5813, 5.6378 -0.0342 -0.5878, 5.6378 -0.0303 -0.5945, 5.6378 -0.0248 -0.6, 5.6378 -0.018 -0.6042, 5.6378 -0.0088 -0.6071, 5.6378 0.0252 -0.6014, 5.6378 0.0303 -0.5966, 5.6378 0.035 -0.5894, -4.3622 0.0402 -0.4277, -4.3622 0.0391 -0.418, -4.3622 -0.0337 -0.449, -4.3622 0.0498 -0.5203, -4.3622 0.1378 -0.5324, -4.3622 0.0498 -0.4699, -4.3622 0.1378 0.1969, -4.3622 -0.0402 -0.3941, -4.3622 -0.0324 -0.3867, -4.3622 -0.0486 -0.3691, -4.3622 -0.0492 -0.4179, -4.3622 -0.0486 -0.3187, -4.3622 0.0387 -0.4396, -4.3622 -0.0327 -0.4507, -4.3622 0.0339 -0.4507, -4.3622 -0.0042 -0.5179, -4.3622 -0.0492 -0.5324, -4.3622 0.0066 -0.5179, -4.3622 0.039 -0.5203, -4.3622 0.0066 -0.4831, -4.3622 0.039 -0.4831, -4.3622 0.0498 -0.3187, -4.3622 0.0498 -0.3319, -4.3622 0.0239 -0.3827, -4.3622 0.0331 -0.3885, -4.3622 0.0417 -0.3974, -4.3622 0.047 -0.4067, -4.3622 -0.0378 -0.3691, -4.3622 -0.0231 -0.3814, -4.3622 -0.0378 -0.3319, -4.3622 0.0502 -0.4177, -4.3622 0.051 -0.4276, -4.3622 0.0502 -0.4394, -4.3622 0.0471 -0.4507, -4.3622 -0.0486 -0.4699, -4.3622 -0.0435 -0.4507, -4.3622 -0.0485 -0.4115, -4.3622 -0.0452 -0.402, -4.3622 0.0365 -0.4106, -4.3622 0.0319 -0.4038, -4.3622 0.0254 -0.3979, -4.3622 -0.0004 -0.3907, -4.3622 -0.0111 -0.3917, -4.3622 -0.0195 -0.3944, -4.3622 -0.038 -0.4163, -4.3622 -0.039 -0.4255, -4.3622 -0.0353 -0.4091, -4.3622 -0.0312 -0.4031, -4.3622 -0.0264 -0.3985, -4.3622 -0.0375 -0.4385, -4.3622 -0.0126 -0.3785, -4.3622 -0.0012 -0.3775, -4.3622 0.0128 -0.3789, -4.3622 0.0178 -0.3938, -4.3622 0.0072 -0.3912, -4.3622 -0.0042 -0.4831, -4.3622 -0.0378 -0.4831, -4.3622 -0.0378 -0.5227, -4.3622 -0.0486 -0.5227, -4.3622 -0.0492 -0.4303, -4.3622 -0.0497 -0.4263, -4.3622 -0.1378 -0.5324, -4.3622 -0.0498 -0.4236, -4.3622 -0.0492 0.1969, -4.3622 -0.1378 0.1969, -4.3622 0.0498 -0.6656, -4.3622 0.0498 -0.6788, -4.3622 -0.0486 -0.5687, -4.3622 -0.0486 -0.542, -4.3622 0.0498 -0.542, -4.3622 -0.0486 -0.7028, -4.3622 -0.0486 -0.7172, -4.3622 -0.0492 -1.0236, -4.3622 0.1378 -1.0236, -4.3622 0.0498 -0.5697, -4.3622 0.0483 -0.5839, -4.3622 0.0443 -0.5955, -4.3622 0.0371 -0.6062, -4.3622 -0.0486 -0.6284, -4.3622 -0.0216 -0.6163, -4.3622 -0.0304 -0.6106, -4.3622 0.037 -0.6063, -4.3622 0.0293 -0.6132, -4.3622 0.0208 -0.6178, -4.3622 -0.0382 -0.6025, -4.3622 -0.0441 -0.5922, -4.3622 -0.0475 -0.5809, -4.3622 -0.0486 -0.6428, -4.3622 -0.021 -0.6522, -4.3622 -0.021 -0.6928, -4.3622 0.0111 -0.6205, -4.3622 0.0019 -0.6212, -4.3622 -0.0113 -0.6198, -4.3622 -0.0478 -0.4402, -4.3622 -0.1378 -1.0236
            ]
        }
        coordIndex [
            0,1,2,-1,2,1,3,-1,2,3,4,-1,4,3,5,-1,4,5,6,-1,6,5,7,-1,8,9,10,-1,10,9,11,-1,10,11,12,-1,13,14,10,-1,10,14,15,-1,10,15,16,-1,12,17,10,-1,10,17,18,-1,10,18,19,-1,19,20,10,-1,10,20,21,-1,10,21,13,-1,22,23,15,-1,15,23,24,-1,15,24,16,-1,25,26,27,-1,28,29,30,-1,30,29,31,-1,32,33,34,-1,35,34,36,-1,25,27,37,-1,37,27,38,-1,37,38,39,-1,40,41,42,-1,42,41,43,-1,42,43,44,-1,44,43,45,-1,31,46,47,-1,48,49,47,-1,47,49,50,-1,47,50,51,-1,34,33,52,-1,52,33,53,-1,52,53,54,-1,51,55,47,-1,47,55,56,-1,47,56,31,-1,31,56,57,-1,31,57,30,-1,57,58,30,-1,30,58,39,-1,30,39,59,-1,59,39,38,-1,59,38,60,-1,35,61,34,-1,34,61,62,-1,34,62,32,-1,26,63,27,-1,27,63,64,-1,27,64,65,-1,66,67,27,-1,27,67,68,-1,69,70,71,-1,71,70,72,-1,68,73,27,-1,27,73,72,-1,27,72,74,-1,74,72,70,-1,53,75,54,-1,54,75,76,-1,54,76,47,-1,47,76,77,-1,47,77,48,-1,65,78,27,-1,27,78,79,-1,27,79,66,-1,80,81,40,-1,40,81,82,-1,40,82,41,-1,41,82,83,-1,41,83,59,-1,84,85,86,-1,86,85,87,-1,86,87,35,-1,46,31,36,-1,36,31,88,-1,36,88,35,-1,35,88,89,-1,35,89,86,-1,29,90,91,-1,92,93,41,-1,28,43,29,-1,29,43,41,-1,29,41,94,-1,94,41,93,-1,95,41,96,-1,96,41,97,-1,96,97,91,-1,91,97,98,-1,91,98,29,-1,94,99,29,-1,29,99,100,-1,29,100,90,-1,90,100,101,-1,90,101,102,-1,103,104,105,-1,102,106,90,-1,90,106,107,-1,90,107,108,-1,105,109,103,-1,103,109,110,-1,103,110,111,-1,111,92,103,-1,103,92,41,-1,103,41,112,-1,112,41,95,-1,112,95,113,-1,113,95,114,-1,108,115,90,-1,90,115,116,-1,90,116,103,-1,103,116,117,-1,103,117,104,-1,60,118,59,-1,59,118,84,-1,59,84,41,-1,41,84,86,-1,41,86,97,-1,97,86,119,-1,
        ]
    }
}
Shape{
    appearance Appearance {
        material  Material {
            diffuseColor 0.17647058823529413 0.17647058823529413 0.17647058823529413
            specularColor 0.050980392156862744 0.050980392156862744 0.050980392156862744
            ambientIntensity 0.251
            transparency 0.0
            shininess 0.5
        }
    }
    geometry IndexedFaceSet {
        ccw TRUE
        solid FALSE
        coord DEF co Coordinate {
            point [
                -4.6378 -0.1378 0.1969, -4.3622 -0.1378 0.1969, -4.0 -0.2638 0.1969, -4.3622 -0.0492 0.1969, -4.0 0.2638 0.1969, -4.3622 0.1378 0.1969, -5.0 0.2638 0.1969, -4.6378 0.1378 0.1969, -5.0 -0.2638 0.1969, -4.8819 -0.5 0.0118, -4.8819 -0.5 0.9843, -5.0 -0.3819 0.0118, -5.0 -0.3819 0.9843, -4.1181 -0.5 0.0118, -4.1181 -0.5 0.9843, -4.0 -0.3819 0.0118, -4.0 -0.3819 0.9843, -4.0 -0.2638 0.0118, -4.0 0.2638 0.0118, -4.0 0.3819 0.0118, -4.0 0.3819 0.9843, -4.1181 0.5 0.0118, -4.1181 0.5 0.9843, -4.8819 0.5 0.0118, -4.8819 0.5 0.9843, -5.0 0.3819 0.0118, -5.0 0.3819 0.9843, -5.0 0.2638 0.0118, -5.0 -0.2638 0.0118, -4.3622 -0.1378 0.9843, -4.6378 -0.1378 0.9843, -4.6378 0.1378 0.9843, -4.3622 0.1378 0.9843
            ]
        }
        coordIndex [
            0,1,2,-1,2,1,3,-1,2,3,4,-1,4,3,5,-1,4,5,6,-1,6,5,7,-1,6,7,8,-1,8,7,0,-1,8,0,2,-1,9,10,11,-1,11,10,12,-1,13,14,9,-1,9,14,10,-1,15,16,13,-1,13,16,14,-1,15,17,2,-1,18,19,4,-1,4,19,20,-1,4,20,2,-1,2,20,16,-1,2,16,15,-1,21,22,19,-1,19,22,20,-1,23,24,21,-1,21,24,22,-1,25,26,23,-1,23,26,24,-1,25,27,6,-1,28,11,8,-1,8,11,12,-1,8,12,6,-1,6,12,26,-1,6,26,25,-1,26,12,10,-1,22,24,26,-1,14,29,10,-1,10,29,30,-1,10,30,26,-1,26,30,31,-1,26,31,22,-1,22,31,20,-1,14,16,29,-1,29,16,20,-1,29,20,32,-1,32,20,31,-1,6,27,4,-1,4,27,18,-1,18,27,25,-1,25,23,18,-1,18,23,21,-1,18,21,19,-1,2,17,8,-1,8,17,28,-1,28,17,15,-1,15,13,28,-1,28,13,9,-1,28,9,11,-1,
        ]
    }
}
Shape{
    appearance Appearance {
        material  Material {
            diffuseColor 0.9490196078431372 0.7607843137254902 0.1803921568627451
            specularColor 0.7607843137254902 0.6078431372549019 0.1450980392156863
            ambientIntensity 0.7509
            transparency 0.0
            shininess 0.5
        }
    }
    geometry IndexedFaceSet {
        ccw TRUE
        solid FALSE
        coord DEF co Coordinate {
            point [
                -4.4016 -0.0984 3.3465, -4.4016 0.0984 3.3465, -4.5984 -0.0984 3.3465, -4.5984 0.0984 3.3465, -4.3622 0.1378 3.189, -4.3622 0.1378 0.9843, -4.6378 0.1378 3.189, -4.6378 0.1378 0.9843, -4.6378 -0.1378 3.189, -4.6378 -0.1378 0.9843, -4.3622 -0.1378 3.189, -4.3622 -0.1378 0.9843, -4.3622 -0.1378 0.1969, -4.6378 -0.1378 0.1969, -4.3622 -0.1378 -0.5324, -4.6378 -0.1378 -1.0236, -4.3622 -0.1378 -1.0236, -4.6378 0.1378 -1.0236, -4.6378 0.1378 0.1969, -4.3622 0.1378 0.1969, -4.3622 0.1378 -0.5324, -4.3622 0.1378 -1.0236, -4.4016 0.0984 -1.1811, -4.4016 -0.0984 -1.1811, -4.5984 0.0984 -1.1811, -4.5984 -0.0984 -1.1811, -4.3622 -0.0492 -1.0236
            ]
        }
        coordIndex [
            0,1,2,-1,2,1,3,-1,4,5,6,-1,6,5,7,-1,6,7,8,-1,8,7,9,-1,8,9,10,-1,10,9,11,-1,10,11,4,-1,4,11,5,-1,12,13,14,-1,14,13,15,-1,14,15,16,-1,15,13,17,-1,17,13,18,-1,18,19,17,-1,17,19,20,-1,17,20,21,-1,22,23,24,-1,24,23,25,-1,23,16,25,-1,25,16,15,-1,16,23,26,-1,26,23,22,-1,26,22,21,-1,17,24,15,-1,15,24,25,-1,24,17,22,-1,22,17,21,-1,6,3,4,-1,4,3,1,-1,8,2,6,-1,6,2,3,-1,0,10,1,-1,1,10,4,-1,10,0,8,-1,8,0,2,-1,
        ]
    }
}
Shape{
    appearance Appearance {
        material  Material {
            diffuseColor 0.0 0.0 0.0
            specularColor 0.0 0.0 0.0
            ambientIntensity 0.0
            transparency 0.0
            shininess 0.5
        }
    }
    geometry IndexedFaceSet {
        ccw TRUE
        solid FALSE
        coord DEF co Coordinate {
            point [
                -4.3661 0.0498 -0.6788, -4.3661 -0.0486 -0.7172, -4.3622 0.0498 -0.6788, -4.3622 -0.0486 -0.7172, -4.3661 -0.0486 -0.7028, -4.3622 -0.0486 -0.7028, -4.3661 -0.021 -0.6928, -4.3622 -0.021 -0.6928, -4.3661 -0.021 -0.6522, -4.3622 -0.021 -0.6522, -4.3661 -0.0486 -0.6428, -4.3622 -0.0486 -0.6428, -4.3661 -0.0486 -0.6284, -4.3622 -0.0486 -0.6284, -4.3661 0.0498 -0.6656, -4.3622 0.0498 -0.6656, -4.3661 -0.0102 -0.6555, -4.3661 -0.0102 -0.6884, -4.3661 0.0309 -0.6702, -4.3661 0.0343 -0.6711, -4.3661 0.0378 -0.6718, -4.3661 0.0378 -0.6721, -4.3661 0.0344 -0.6727, -4.3661 0.0309 -0.6736, -4.3622 -0.0102 -0.6555, -4.3622 -0.0102 -0.6884, -4.3622 0.0309 -0.6702, -4.3622 0.0343 -0.6711, -4.3622 0.0378 -0.6718, -4.3622 0.0378 -0.6721, -4.3622 0.0344 -0.6727, -4.3622 0.0309 -0.6736, -4.3661 -0.0486 -0.5687, -4.3661 -0.0486 -0.542, -4.3622 -0.0486 -0.5687, -4.3622 -0.0486 -0.542, -4.3661 0.0498 -0.542, -4.3622 0.0498 -0.542, -4.3661 0.0498 -0.5697, -4.3622 0.0498 -0.5697, -4.3661 0.0019 -0.6212, -4.3622 0.0019 -0.6212, -4.3622 0.0111 -0.6205, -4.3661 0.0111 -0.6205, -4.3622 0.0208 -0.6178, -4.3661 0.0208 -0.6178, -4.3622 0.0293 -0.6132, -4.3661 0.0293 -0.6132, -4.3622 0.037 -0.6063, -4.3661 0.037 -0.6063, -4.3622 0.0371 -0.6062, -4.3661 0.0371 -0.6062, -4.3622 0.0443 -0.5955, -4.3661 0.0443 -0.5955, -4.3622 0.0483 -0.5839, -4.3661 0.0483 -0.5839, -4.3622 -0.0475 -0.5809, -4.3661 -0.0475 -0.5809, -4.3622 -0.0441 -0.5922, -4.3661 -0.0441 -0.5922, -4.3622 -0.0382 -0.6025, -4.3661 -0.0382 -0.6025, -4.3622 -0.0304 -0.6106, -4.3661 -0.0304 -0.6106, -4.3622 -0.0216 -0.6163, -4.3661 -0.0216 -0.6163, -4.3622 -0.0113 -0.6198, -4.3661 -0.0113 -0.6198, -4.3661 0.0252 -0.6014, -4.3661 0.0303 -0.5966, -4.3661 0.035 -0.5894, -4.3661 0.0378 -0.5813, -4.3661 0.039 -0.5697, -4.3661 0.039 -0.5552, -4.3661 -0.0378 -0.5552, -4.3661 -0.0378 -0.5691, -4.3661 -0.0368 -0.5795, -4.3661 -0.0342 -0.5878, -4.3661 -0.0303 -0.5945, -4.3661 -0.0248 -0.6, -4.3661 -0.018 -0.6042, -4.3661 -0.0088 -0.6071, -4.3661 0.0016 -0.608, -4.3661 0.0114 -0.6071, -4.3661 0.0192 -0.6048, -4.3622 0.039 -0.5697, -4.3622 0.039 -0.5552, -4.3622 0.0378 -0.5813, -4.3622 0.035 -0.5894, -4.3622 0.0303 -0.5966, -4.3622 0.0252 -0.6014, -4.3622 0.0192 -0.6048, -4.3622 0.0114 -0.6071, -4.3622 0.0016 -0.608, -4.3622 -0.0088 -0.6071, -4.3622 -0.018 -0.6042, -4.3622 -0.0248 -0.6, -4.3622 -0.0303 -0.5945, -4.3622 -0.0342 -0.5878, -4.3622 -0.0368 -0.5795, -4.3622 -0.0378 -0.5691, -4.3622 -0.0378 -0.5552, -4.3661 -0.0378 -0.5227, -4.3661 -0.0486 -0.5227, -4.3622 -0.0378 -0.5227, -4.3622 -0.0486 -0.5227, -4.3661 -0.0486 -0.4699, -4.3622 -0.0486 -0.4699, -4.3661 0.0498 -0.4699, -4.3622 0.0498 -0.4699, -4.3661 0.0498 -0.5203, -4.3622 0.0498 -0.5203, -4.3661 0.039 -0.5203, -4.3622 0.039 -0.5203, -4.3661 0.039 -0.4831, -4.3622 0.039 -0.4831, -4.3661 0.0066 -0.4831, -4.3622 0.0066 -0.4831, -4.3661 0.0066 -0.5179, -4.3622 0.0066 -0.5179, -4.3661 -0.0042 -0.5179, -4.3622 -0.0042 -0.5179, -4.3661 -0.0042 -0.4831, -4.3622 -0.0042 -0.4831, -4.3661 -0.0378 -0.4831, -4.3622 -0.0378 -0.4831, -4.3661 -0.0327 -0.4507, -4.3661 -0.0435 -0.4507, -4.3622 -0.0327 -0.4507, -4.3622 -0.0435 -0.4507, -4.3661 -0.0478 -0.4402, -4.3661 -0.0498 -0.4236, -4.3622 -0.0498 -0.4236, -4.3622 -0.0497 -0.4263, -4.3661 -0.0497 -0.4263, -4.3622 -0.0492 -0.4303, -4.3622 -0.0478 -0.4402, -4.3661 -0.0012 -0.3775, -4.3622 -0.0012 -0.3775, -4.3622 -0.0126 -0.3785, -4.3661 -0.0126 -0.3785, -4.3622 -0.0231 -0.3814, -4.3661 -0.0231 -0.3814, -4.3622 -0.0324 -0.3867, -4.3661 -0.0324 -0.3867, -4.3622 -0.0402 -0.3941, -4.3661 -0.0402 -0.3941, -4.3622 -0.0452 -0.402, -4.3661 -0.0452 -0.402, -4.3622 -0.0485 -0.4115, -4.3661 -0.0485 -0.4115, -4.3622 -0.0492 -0.4179, -4.3661 0.051 -0.4276, -4.3622 0.051 -0.4276, -4.3622 0.0502 -0.4177, -4.3661 0.0502 -0.4177, -4.3622 0.047 -0.4067, -4.3661 0.047 -0.4067, -4.3622 0.0417 -0.3974, -4.3661 0.0417 -0.3974, -4.3622 0.0331 -0.3885, -4.3661 0.0331 -0.3885, -4.3622 0.0239 -0.3827, -4.3661 0.0239 -0.3827, -4.3622 0.0128 -0.3789, -4.3661 0.0128 -0.3789, -4.3661 0.0471 -0.4507, -4.3622 0.0471 -0.4507, -4.3622 0.0502 -0.4394, -4.3661 0.0502 -0.4394, -4.3661 0.0339 -0.4507, -4.3622 0.0339 -0.4507, -4.3661 0.0402 -0.4277, -4.3622 0.0402 -0.4277, -4.3622 0.0387 -0.4396, -4.3661 0.0387 -0.4396, -4.3661 -0.0004 -0.3907, -4.3622 -0.0004 -0.3907, -4.3622 0.0072 -0.3912, -4.3661 0.0072 -0.3912, -4.3622 0.0178 -0.3938, -4.3661 0.0178 -0.3938, -4.3622 0.0254 -0.3979, -4.3661 0.0254 -0.3979, -4.3622 0.0319 -0.4038, -4.3661 0.0319 -0.4038, -4.3622 0.0365 -0.4106, -4.3661 0.0365 -0.4106, -4.3622 0.0391 -0.418, -4.3661 0.0391 -0.418, -4.3661 -0.039 -0.4255, -4.3622 -0.039 -0.4255, -4.3622 -0.038 -0.4163, -4.3661 -0.038 -0.4163, -4.3622 -0.0353 -0.4091, -4.3661 -0.0353 -0.4091, -4.3622 -0.0312 -0.4031, -4.3661 -0.0312 -0.4031, -4.3622 -0.0264 -0.3985, -4.3661 -0.0264 -0.3985, -4.3622 -0.0195 -0.3944, -4.3661 -0.0195 -0.3944, -4.3622 -0.0111 -0.3917, -4.3661 -0.0111 -0.3917, -4.3622 -0.0337 -0.449, -4.3661 -0.0337 -0.449, -4.3622 -0.0375 -0.4385, -4.3661 -0.0375 -0.4385, -4.3661 -0.0378 -0.3691, -4.3661 -0.0486 -0.3691, -4.3622 -0.0378 -0.3691, -4.3622 -0.0486 -0.3691, -4.3661 -0.0486 -0.3187, -4.3622 -0.0486 -0.3187, -4.3661 0.0498 -0.3187, -4.3622 0.0498 -0.3187, -4.3661 0.0498 -0.3319, -4.3622 0.0498 -0.3319, -4.3661 -0.0378 -0.3319, -4.3622 -0.0378 -0.3319
            ]
        }
        coordIndex [
            0,1,2,-1,2,1,3,-1,1,4,3,-1,3,4,5,-1,4,6,5,-1,5,6,7,-1,6,8,7,-1,7,8,9,-1,8,10,9,-1,9,10,11,-1,10,12,11,-1,11,12,13,-1,12,14,13,-1,13,14,15,-1,14,0,15,-1,15,0,2,-1,16,8,17,-1,17,8,6,-1,18,14,16,-1,16,14,12,-1,16,12,8,-1,8,12,10,-1,18,19,14,-1,14,19,20,-1,14,20,0,-1,0,20,21,-1,0,21,22,-1,22,23,0,-1,0,23,17,-1,0,17,1,-1,1,17,6,-1,1,6,4,-1,16,17,24,-1,24,17,25,-1,18,16,26,-1,26,16,24,-1,18,26,27,-1,18,27,19,-1,19,27,28,-1,19,28,20,-1,21,20,29,-1,29,20,28,-1,21,29,30,-1,21,30,22,-1,22,30,31,-1,22,31,23,-1,17,23,25,-1,25,23,31,-1,32,33,34,-1,34,33,35,-1,33,36,35,-1,35,36,37,-1,36,38,37,-1,37,38,39,-1,40,41,42,-1,40,42,43,-1,43,42,44,-1,43,44,45,-1,45,44,46,-1,45,46,47,-1,47,46,48,-1,47,48,49,-1,49,48,50,-1,49,50,51,-1,51,50,52,-1,51,52,53,-1,53,52,54,-1,53,54,55,-1,55,54,39,-1,55,39,38,-1,32,34,56,-1,32,56,57,-1,57,56,58,-1,57,58,59,-1,59,58,60,-1,59,60,61,-1,61,60,62,-1,61,62,63,-1,63,62,64,-1,63,64,65,-1,65,64,66,-1,65,66,67,-1,67,66,41,-1,67,41,40,-1,45,47,68,-1,68,47,49,-1,68,49,69,-1,69,49,51,-1,69,51,70,-1,70,51,53,-1,70,53,71,-1,71,53,55,-1,71,55,72,-1,72,55,38,-1,72,38,73,-1,73,38,36,-1,73,36,74,-1,74,36,33,-1,74,33,75,-1,75,33,32,-1,75,32,76,-1,76,32,57,-1,76,57,77,-1,77,57,59,-1,77,59,78,-1,78,59,61,-1,78,61,79,-1,79,61,63,-1,79,63,80,-1,80,63,65,-1,80,65,81,-1,81,65,67,-1,81,67,82,-1,82,67,40,-1,82,40,83,-1,83,40,43,-1,83,43,84,-1,84,43,45,-1,84,45,68,-1,72,73,85,-1,85,73,86,-1,72,85,87,-1,72,87,71,-1,71,87,88,-1,71,88,70,-1,70,88,89,-1,70,89,69,-1,69,89,90,-1,69,90,68,-1,68,90,91,-1,68,91,84,-1,84,91,92,-1,84,92,83,-1,83,92,93,-1,83,93,82,-1,82,93,94,-1,82,94,81,-1,81,94,95,-1,81,95,80,-1,80,95,96,-1,80,96,79,-1,79,96,97,-1,79,97,78,-1,78,97,98,-1,78,98,77,-1,77,98,99,-1,77,99,76,-1,76,99,100,-1,76,100,75,-1,74,75,101,-1,101,75,100,-1,73,74,86,-1,86,74,101,-1,102,103,104,-1,104,103,105,-1,103,106,105,-1,105,106,107,-1,106,108,107,-1,107,108,109,-1,108,110,109,-1,109,110,111,-1,110,112,111,-1,111,112,113,-1,112,114,113,-1,113,114,115,-1,114,116,115,-1,115,116,117,-1,116,118,117,-1,117,118,119,-1,118,120,119,-1,119,120,121,-1,120,122,121,-1,121,122,123,-1,122,124,123,-1,123,124,125,-1,124,102,125,-1,125,102,104,-1,106,103,102,-1,102,124,106,-1,106,124,122,-1,106,122,108,-1,112,110,114,-1,114,110,108,-1,114,108,116,-1,116,108,122,-1,116,122,118,-1,118,122,120,-1,126,127,128,-1,128,127,129,-1,129,127,130,-1,131,132,133,-1,131,133,134,-1,134,133,135,-1,134,135,130,-1,130,135,136,-1,130,136,129,-1,137,138,139,-1,137,139,140,-1,140,139,141,-1,140,141,142,-1,142,141,143,-1,142,143,144,-1,144,143,145,-1,144,145,146,-1,146,145,147,-1,146,147,148,-1,148,147,149,-1,148,149,150,-1,150,149,131,-1,131,149,151,-1,131,151,132,-1,152,153,154,-1,152,154,155,-1,155,154,156,-1,155,156,157,-1,157,156,158,-1,157,158,159,-1,159,158,160,-1,159,160,161,-1,161,160,162,-1,161,162,163,-1,163,162,164,-1,163,164,165,-1,165,164,138,-1,165,138,137,-1,166,167,168,-1,166,168,169,-1,169,168,153,-1,169,153,152,-1,166,170,167,-1,167,170,171,-1,172,173,174,-1,172,174,175,-1,175,174,171,-1,175,171,170,-1,176,177,178,-1,176,178,179,-1,179,178,180,-1,179,180,181,-1,181,180,182,-1,181,182,183,-1,183,182,184,-1,183,184,185,-1,185,184,186,-1,185,186,187,-1,187,186,188,-1,187,188,189,-1,189,188,173,-1,189,173,172,-1,190,191,192,-1,190,192,193,-1,193,192,194,-1,193,194,195,-1,195,194,196,-1,195,196,197,-1,197,196,198,-1,197,198,199,-1,199,198,200,-1,199,200,201,-1,201,200,202,-1,201,202,203,-1,203,202,177,-1,203,177,176,-1,126,128,204,-1,126,204,205,-1,205,204,206,-1,205,206,207,-1,207,206,191,-1,207,191,190,-1,193,131,190,-1,190,131,134,-1,190,134,207,-1,207,134,130,-1,207,130,205,-1,205,130,127,-1,205,127,126,-1,170,166,175,-1,175,166,169,-1,175,169,172,-1,172,169,152,-1,172,152,189,-1,189,152,155,-1,189,155,187,-1,187,155,157,-1,187,157,185,-1,185,157,159,-1,185,159,183,-1,183,159,161,-1,183,161,181,-1,181,161,163,-1,181,163,179,-1,179,163,165,-1,179,165,176,-1,176,165,137,-1,176,137,203,-1,203,137,140,-1,203,140,201,-1,201,140,142,-1,201,142,199,-1,199,142,144,-1,199,144,197,-1,197,144,146,-1,197,146,195,-1,195,146,148,-1,195,148,193,-1,193,148,150,-1,193,150,131,-1,208,209,210,-1,210,209,211,-1,209,212,211,-1,211,212,213,-1,212,214,213,-1,213,214,215,-1,214,216,215,-1,215,216,217,-1,216,218,217,-1,217,218,219,-1,218,208,219,-1,219,208,210,-1,216,214,218,-1,218,214,212,-1,218,212,208,-1,208,212,209,-1,
        ]
    }
}
Shape{
    appearance Appearance {
        material  Material {
            diffuseColor 0.9490196078431372 0.7607843137254902 0.1803921568627451
            specularColor 0.7607843137254902 0.6078431372549019 0.1450980392156863
            ambientIntensity 0.7509
            transparency 0.0
            shininess 0.5
        }
    }
    geometry IndexedFaceSet {
        ccw TRUE
        solid FALSE
        coord DEF co Coordinate {
            point [
                -4.3622 -0.0102 -0.6555, -4.3622 -0.0102 -0.6884, -4.3622 0.0309 -0.6702, -4.3622 0.0309 -0.6736, -4.3622 0.0343 -0.6711, -4.3622 0.0344 -0.6727, -4.3622 0.0378 -0.6718, -4.3622 0.0378 -0.6721, -4.3622 0.039 -0.5552, -4.3622 -0.0378 -0.5552, -4.3622 0.039 -0.5697, -4.3622 -0.0378 -0.5691, -4.3622 -0.0368 -0.5795, -4.3622 0.0016 -0.608, -4.3622 0.0114 -0.6071, -4.3622 0.0192 -0.6048, -4.3622 0.0378 -0.5813, -4.3622 -0.0342 -0.5878, -4.3622 -0.0303 -0.5945, -4.3622 -0.0248 -0.6, -4.3622 -0.018 -0.6042, -4.3622 -0.0088 -0.6071, -4.3622 0.0252 -0.6014, -4.3622 0.0303 -0.5966, -4.3622 0.035 -0.5894, -5.3622 0.0402 -0.4277, -5.3622 0.0391 -0.418, -5.3622 -0.0337 -0.449, -5.3622 0.0498 -0.5203, -5.3622 0.1378 -0.5324, -5.3622 0.0498 -0.4699, -5.3622 0.1378 0.1969, -5.3622 -0.0402 -0.3941, -5.3622 -0.0324 -0.3867, -5.3622 -0.0486 -0.3691, -5.3622 -0.0492 -0.4179, -5.3622 -0.0486 -0.3187, -5.3622 0.0387 -0.4396, -5.3622 -0.0327 -0.4507, -5.3622 0.0339 -0.4507, -5.3622 -0.0042 -0.5179, -5.3622 -0.0492 -0.5324, -5.3622 0.0066 -0.5179, -5.3622 0.039 -0.5203, -5.3622 0.0066 -0.4831, -5.3622 0.039 -0.4831, -5.3622 0.0498 -0.3187, -5.3622 0.0498 -0.3319, -5.3622 0.0239 -0.3827, -5.3622 0.0331 -0.3885, -5.3622 0.0417 -0.3974, -5.3622 0.047 -0.4067, -5.3622 -0.0378 -0.3691, -5.3622 -0.0231 -0.3814, -5.3622 -0.0378 -0.3319, -5.3622 0.0502 -0.4177, -5.3622 0.051 -0.4276, -5.3622 0.0502 -0.4394, -5.3622 0.0471 -0.4507, -5.3622 -0.0486 -0.4699, -5.3622 -0.0435 -0.4507, -5.3622 -0.0485 -0.4115, -5.3622 -0.0452 -0.402, -5.3622 0.0365 -0.4106, -5.3622 0.0319 -0.4038, -5.3622 0.0254 -0.3979, -5.3622 -0.0004 -0.3907, -5.3622 -0.0111 -0.3917, -5.3622 -0.0195 -0.3944, -5.3622 -0.038 -0.4163, -5.3622 -0.039 -0.4255, -5.3622 -0.0353 -0.4091, -5.3622 -0.0312 -0.4031, -5.3622 -0.0264 -0.3985, -5.3622 -0.0375 -0.4385, -5.3622 -0.0126 -0.3785, -5.3622 -0.0012 -0.3775, -5.3622 0.0128 -0.3789, -5.3622 0.0178 -0.3938, -5.3622 0.0072 -0.3912, -5.3622 -0.0042 -0.4831, -5.3622 -0.0378 -0.4831, -5.3622 -0.0378 -0.5227, -5.3622 -0.0486 -0.5227, -5.3622 -0.0492 -0.4303, -5.3622 -0.0497 -0.4263, -5.3622 -0.1378 -0.5324, -5.3622 -0.0498 -0.4236, -5.3622 -0.0492 0.1969, -5.3622 -0.1378 0.1969, -5.3622 0.0498 -0.6656, -5.3622 0.0498 -0.6788, -5.3622 -0.0486 -0.5687, -5.3622 -0.0486 -0.542, -5.3622 0.0498 -0.542, -5.3622 -0.0486 -0.7028, -5.3622 -0.0486 -0.7172, -5.3622 -0.0492 -1.0236, -5.3622 0.1378 -1.0236, -5.3622 0.0498 -0.5697, -5.3622 0.0483 -0.5839, -5.3622 0.0443 -0.5955, -5.3622 0.0371 -0.6062, -5.3622 -0.0486 -0.6284, -5.3622 -0.0216 -0.6163, -5.3622 -0.0304 -0.6106, -5.3622 0.037 -0.6063, -5.3622 0.0293 -0.6132, -5.3622 0.0208 -0.6178, -5.3622 -0.0382 -0.6025, -5.3622 -0.0441 -0.5922, -5.3622 -0.0475 -0.5809, -5.3622 -0.0486 -0.6428, -5.3622 -0.021 -0.6522, -5.3622 -0.021 -0.6928, -5.3622 0.0111 -0.6205, -5.3622 0.0019 -0.6212, -5.3622 -0.0113 -0.6198, -5.3622 -0.0478 -0.4402, -5.3622 -0.1378 -1.0236
            ]
        }
        coordIndex [
            0,1,2,-1,2,1,3,-1,2,3,4,-1,4,3,5,-1,4,5,6,-1,6,5,7,-1,8,9,10,-1,10,9,11,-1,10,11,12,-1,13,14,10,-1,10,14,15,-1,10,15,16,-1,12,17,10,-1,10,17,18,-1,10,18,19,-1,19,20,10,-1,10,20,21,-1,10,21,13,-1,22,23,15,-1,15,23,24,-1,15,24,16,-1,25,26,27,-1,28,29,30,-1,30,29,31,-1,32,33,34,-1,35,34,36,-1,25,27,37,-1,37,27,38,-1,37,38,39,-1,40,41,42,-1,42,41,43,-1,42,43,44,-1,44,43,45,-1,31,46,47,-1,48,49,47,-1,47,49,50,-1,47,50,51,-1,34,33,52,-1,52,33,53,-1,52,53,54,-1,51,55,47,-1,47,55,56,-1,47,56,31,-1,31,56,57,-1,31,57,30,-1,57,58,30,-1,30,58,39,-1,30,39,59,-1,59,39,38,-1,59,38,60,-1,35,61,34,-1,34,61,62,-1,34,62,32,-1,26,63,27,-1,27,63,64,-1,27,64,65,-1,66,67,27,-1,27,67,68,-1,69,70,71,-1,71,70,72,-1,68,73,27,-1,27,73,72,-1,27,72,74,-1,74,72,70,-1,53,75,54,-1,54,75,76,-1,54,76,47,-1,47,76,77,-1,47,77,48,-1,65,78,27,-1,27,78,79,-1,27,79,66,-1,80,81,40,-1,40,81,82,-1,40,82,41,-1,41,82,83,-1,41,83,59,-1,84,85,86,-1,86,85,87,-1,86,87,35,-1,46,31,36,-1,36,31,88,-1,36,88,35,-1,35,88,89,-1,35,89,86,-1,29,90,91,-1,92,93,41,-1,28,43,29,-1,29,43,41,-1,29,41,94,-1,94,41,93,-1,95,41,96,-1,96,41,97,-1,96,97,91,-1,91,97,98,-1,91,98,29,-1,94,99,29,-1,29,99,100,-1,29,100,90,-1,90,100,101,-1,90,101,102,-1,103,104,105,-1,102,106,90,-1,90,106,107,-1,90,107,108,-1,105,109,103,-1,103,109,110,-1,103,110,111,-1,111,92,103,-1,103,92,41,-1,103,41,112,-1,112,41,95,-1,112,95,113,-1,113,95,114,-1,108,115,90,-1,90,115,116,-1,90,116,103,-1,103,116,117,-1,103,117,104,-1,60,118,59,-1,59,118,84,-1,59,84,41,-1,41,84,86,-1,41,86,97,-1,97,86,119,-1,
        ]
    }
}
Shape{
    appearance Appearance {
        material  Material {
            diffuseColor 0.17647058823529413 0.17647058823529413 0.17647058823529413
            specularColor 0.050980392156862744 0.050980392156862744 0.050980392156862744
            ambientIntensity 0.251
            transparency 0.0
            shininess 0.5
        }
    }
    geometry IndexedFaceSet {
        ccw TRUE
        solid FALSE
        coord DEF co Coordinate {
            point [
                -5.6378 -0.1378 0.1969, -5.3622 -0.1378 0.1969, -5.0 -0.2638 0.1969, -5.3622 -0.0492 0.1969, -5.0 0.2638 0.1969, -5.3622 0.1378 0.1969, -6.0 0.2638 0.1969, -5.6378 0.1378 0.1969, -6.0 -0.2638 0.1969, -5.8819 -0.5 0.0118, -5.8819 -0.5 0.9843, -6.0 -0.3819 0.0118, -6.0 -0.3819 0.9843, -5.1181 -0.5 0.0118, -5.1181 -0.5 0.9843, -5.0 -0.3819 0.0118, -5.0 -0.3819 0.9843, -5.0 -0.2638 0.0118, -5.0 0.2638 0.0118, -5.0 0.3819 0.0118, -5.0 0.3819 0.9843, -5.1181 0.5 0.0118, -5.1181 0.5 0.9843, -5.8819 0.5 0.0118, -5.8819 0.5 0.9843, -6.0 0.3819 0.0118, -6.0 0.3819 0.9843, -6.0 0.2638 0.0118, -6.0 -0.2638 0.0118, -5.3622 -0.1378 0.9843, -5.6378 -0.1378 0.9843, -5.6378 0.1378 0.9843, -5.3622 0.1378 0.9843
            ]
        }
        coordIndex [
            0,1,2,-1,2,1,3,-1,2,3,4,-1,4,3,5,-1,4,5,6,-1,6,5,7,-1,6,7,8,-1,8,7,0,-1,8,0,2,-1,9,10,11,-1,11,10,12,-1,13,14,9,-1,9,14,10,-1,15,16,13,-1,13,16,14,-1,15,17,2,-1,18,19,4,-1,4,19,20,-1,4,20,2,-1,2,20,16,-1,2,16,15,-1,21,22,19,-1,19,22,20,-1,23,24,21,-1,21,24,22,-1,25,26,23,-1,23,26,24,-1,25,27,6,-1,28,11,8,-1,8,11,12,-1,8,12,6,-1,6,12,26,-1,6,26,25,-1,26,12,10,-1,22,24,26,-1,14,29,10,-1,10,29,30,-1,10,30,26,-1,26,30,31,-1,26,31,22,-1,22,31,20,-1,14,16,29,-1,29,16,20,-1,29,20,32,-1,32,20,31,-1,6,27,4,-1,4,27,18,-1,18,27,25,-1,25,23,18,-1,18,23,21,-1,18,21,19,-1,2,17,8,-1,8,17,28,-1,28,17,15,-1,15,13,28,-1,28,13,9,-1,28,9,11,-1,
        ]
    }
}
Shape{
    appearance Appearance {
        material  Material {
            diffuseColor 0.9490196078431372 0.7607843137254902 0.1803921568627451
            specularColor 0.7607843137254902 0.6078431372549019 0.1450980392156863
            ambientIntensity 0.7509
            transparency 0.0
            shininess 0.5
        }
    }
    geometry IndexedFaceSet {
        ccw TRUE
        solid FALSE
        coord DEF co Coordinate {
            point [
                -5.4016 -0.0984 3.3465, -5.4016 0.0984 3.3465, -5.5984 -0.0984 3.3465, -5.5984 0.0984 3.3465, -5.3622 0.1378 3.189, -5.3622 0.1378 0.9843, -5.6378 0.1378 3.189, -5.6378 0.1378 0.9843, -5.6378 -0.1378 3.189, -5.6378 -0.1378 0.9843, -5.3622 -0.1378 3.189, -5.3622 -0.1378 0.9843, -5.3622 -0.1378 0.1969, -5.6378 -0.1378 0.1969, -5.3622 -0.1378 -0.5324, -5.6378 -0.1378 -1.0236, -5.3622 -0.1378 -1.0236, -5.6378 0.1378 -1.0236, -5.6378 0.1378 0.1969, -5.3622 0.1378 0.1969, -5.3622 0.1378 -0.5324, -5.3622 0.1378 -1.0236, -5.4016 0.0984 -1.1811, -5.4016 -0.0984 -1.1811, -5.5984 0.0984 -1.1811, -5.5984 -0.0984 -1.1811, -5.3622 -0.0492 -1.0236
            ]
        }
        coordIndex [
            0,1,2,-1,2,1,3,-1,4,5,6,-1,6,5,7,-1,6,7,8,-1,8,7,9,-1,8,9,10,-1,10,9,11,-1,10,11,4,-1,4,11,5,-1,12,13,14,-1,14,13,15,-1,14,15,16,-1,15,13,17,-1,17,13,18,-1,18,19,17,-1,17,19,20,-1,17,20,21,-1,22,23,24,-1,24,23,25,-1,23,16,25,-1,25,16,15,-1,16,23,26,-1,26,23,22,-1,26,22,21,-1,17,24,15,-1,15,24,25,-1,24,17,22,-1,22,17,21,-1,6,3,4,-1,4,3,1,-1,8,2,6,-1,6,2,3,-1,0,10,1,-1,1,10,4,-1,10,0,8,-1,8,0,2,-1,
        ]
    }
}
Shape{
    appearance Appearance {
        material  Material {
            diffuseColor 0.0 0.0 0.0
            specularColor 0.0 0.0 0.0
            ambientIntensity 0.0
            transparency 0.0
            shininess 0.5
        }
    }
    geometry IndexedFaceSet {
        ccw TRUE
        solid FALSE
        coord DEF co Coordinate {
            point [
                -5.3661 0.0498 -0.6788, -5.3661 -0.0486 -0.7172, -5.3622 0.0498 -0.6788, -5.3622 -0.0486 -0.7172, -5.3661 -0.0486 -0.7028, -5.3622 -0.0486 -0.7028, -5.3661 -0.021 -0.6928, -5.3622 -0.021 -0.6928, -5.3661 -0.021 -0.6522, -5.3622 -0.021 -0.6522, -5.3661 -0.0486 -0.6428, -5.3622 -0.0486 -0.6428, -5.3661 -0.0486 -0.6284, -5.3622 -0.0486 -0.6284, -5.3661 0.0498 -0.6656, -5.3622 0.0498 -0.6656, -5.3661 -0.0102 -0.6555, -5.3661 -0.0102 -0.6884, -5.3661 0.0309 -0.6702, -5.3661 0.0343 -0.6711, -5.3661 0.0378 -0.6718, -5.3661 0.0378 -0.6721, -5.3661 0.0344 -0.6727, -5.3661 0.0309 -0.6736, -5.3622 -0.0102 -0.6555, -5.3622 -0.0102 -0.6884, -5.3622 0.0309 -0.6702, -5.3622 0.0343 -0.6711, -5.3622 0.0378 -0.6718, -5.3622 0.0378 -0.6721, -5.3622 0.0344 -0.6727, -5.3622 0.0309 -0.6736, -5.3661 -0.0486 -0.5687, -5.3661 -0.0486 -0.542, -5.3622 -0.0486 -0.5687, -5.3622 -0.0486 -0.542, -5.3661 0.0498 -0.542, -5.3622 0.0498 -0.542, -5.3661 0.0498 -0.5697, -5.3622 0.0498 -0.5697, -5.3661 0.0019 -0.6212, -5.3622 0.0019 -0.6212, -5.3622 0.0111 -0.6205, -5.3661 0.0111 -0.6205, -5.3622 0.0208 -0.6178, -5.3661 0.0208 -0.6178, -5.3622 0.0293 -0.6132, -5.3661 0.0293 -0.6132, -5.3622 0.037 -0.6063, -5.3661 0.037 -0.6063, -5.3622 0.0371 -0.6062, -5.3661 0.0371 -0.6062, -5.3622 0.0443 -0.5955, -5.3661 0.0443 -0.5955, -5.3622 0.0483 -0.5839, -5.3661 0.0483 -0.5839, -5.3622 -0.0475 -0.5809, -5.3661 -0.0475 -0.5809, -5.3622 -0.0441 -0.5922, -5.3661 -0.0441 -0.5922, -5.3622 -0.0382 -0.6025, -5.3661 -0.0382 -0.6025, -5.3622 -0.0304 -0.6106, -5.3661 -0.0304 -0.6106, -5.3622 -0.0216 -0.6163, -5.3661 -0.0216 -0.6163, -5.3622 -0.0113 -0.6198, -5.3661 -0.0113 -0.6198, -5.3661 0.0252 -0.6014, -5.3661 0.0303 -0.5966, -5.3661 0.035 -0.5894, -5.3661 0.0378 -0.5813, -5.3661 0.039 -0.5697, -5.3661 0.039 -0.5552, -5.3661 -0.0378 -0.5552, -5.3661 -0.0378 -0.5691, -5.3661 -0.0368 -0.5795, -5.3661 -0.0342 -0.5878, -5.3661 -0.0303 -0.5945, -5.3661 -0.0248 -0.6, -5.3661 -0.018 -0.6042, -5.3661 -0.0088 -0.6071, -5.3661 0.0016 -0.608, -5.3661 0.0114 -0.6071, -5.3661 0.0192 -0.6048, -5.3622 0.039 -0.5697, -5.3622 0.039 -0.5552, -5.3622 0.0378 -0.5813, -5.3622 0.035 -0.5894, -5.3622 0.0303 -0.5966, -5.3622 0.0252 -0.6014, -5.3622 0.0192 -0.6048, -5.3622 0.0114 -0.6071, -5.3622 0.0016 -0.608, -5.3622 -0.0088 -0.6071, -5.3622 -0.018 -0.6042, -5.3622 -0.0248 -0.6, -5.3622 -0.0303 -0.5945, -5.3622 -0.0342 -0.5878, -5.3622 -0.0368 -0.5795, -5.3622 -0.0378 -0.5691, -5.3622 -0.0378 -0.5552, -5.3661 -0.0378 -0.5227, -5.3661 -0.0486 -0.5227, -5.3622 -0.0378 -0.5227, -5.3622 -0.0486 -0.5227, -5.3661 -0.0486 -0.4699, -5.3622 -0.0486 -0.4699, -5.3661 0.0498 -0.4699, -5.3622 0.0498 -0.4699, -5.3661 0.0498 -0.5203, -5.3622 0.0498 -0.5203, -5.3661 0.039 -0.5203, -5.3622 0.039 -0.5203, -5.3661 0.039 -0.4831, -5.3622 0.039 -0.4831, -5.3661 0.0066 -0.4831, -5.3622 0.0066 -0.4831, -5.3661 0.0066 -0.5179, -5.3622 0.0066 -0.5179, -5.3661 -0.0042 -0.5179, -5.3622 -0.0042 -0.5179, -5.3661 -0.0042 -0.4831, -5.3622 -0.0042 -0.4831, -5.3661 -0.0378 -0.4831, -5.3622 -0.0378 -0.4831, -5.3661 -0.0327 -0.4507, -5.3661 -0.0435 -0.4507, -5.3622 -0.0327 -0.4507, -5.3622 -0.0435 -0.4507, -5.3661 -0.0478 -0.4402, -5.3661 -0.0498 -0.4236, -5.3622 -0.0498 -0.4236, -5.3622 -0.0497 -0.4263, -5.3661 -0.0497 -0.4263, -5.3622 -0.0492 -0.4303, -5.3622 -0.0478 -0.4402, -5.3661 -0.0012 -0.3775, -5.3622 -0.0012 -0.3775, -5.3622 -0.0126 -0.3785, -5.3661 -0.0126 -0.3785, -5.3622 -0.0231 -0.3814, -5.3661 -0.0231 -0.3814, -5.3622 -0.0324 -0.3867, -5.3661 -0.0324 -0.3867, -5.3622 -0.0402 -0.3941, -5.3661 -0.0402 -0.3941, -5.3622 -0.0452 -0.402, -5.3661 -0.0452 -0.402, -5.3622 -0.0485 -0.4115, -5.3661 -0.0485 -0.4115, -5.3622 -0.0492 -0.4179, -5.3661 0.051 -0.4276, -5.3622 0.051 -0.4276, -5.3622 0.0502 -0.4177, -5.3661 0.0502 -0.4177, -5.3622 0.047 -0.4067, -5.3661 0.047 -0.4067, -5.3622 0.0417 -0.3974, -5.3661 0.0417 -0.3974, -5.3622 0.0331 -0.3885, -5.3661 0.0331 -0.3885, -5.3622 0.0239 -0.3827, -5.3661 0.0239 -0.3827, -5.3622 0.0128 -0.3789, -5.3661 0.0128 -0.3789, -5.3661 0.0471 -0.4507, -5.3622 0.0471 -0.4507, -5.3622 0.0502 -0.4394, -5.3661 0.0502 -0.4394, -5.3661 0.0339 -0.4507, -5.3622 0.0339 -0.4507, -5.3661 0.0402 -0.4277, -5.3622 0.0402 -0.4277, -5.3622 0.0387 -0.4396, -5.3661 0.0387 -0.4396, -5.3661 -0.0004 -0.3907, -5.3622 -0.0004 -0.3907, -5.3622 0.0072 -0.3912, -5.3661 0.0072 -0.3912, -5.3622 0.0178 -0.3938, -5.3661 0.0178 -0.3938, -5.3622 0.0254 -0.3979, -5.3661 0.0254 -0.3979, -5.3622 0.0319 -0.4038, -5.3661 0.0319 -0.4038, -5.3622 0.0365 -0.4106, -5.3661 0.0365 -0.4106, -5.3622 0.0391 -0.418, -5.3661 0.0391 -0.418, -5.3661 -0.039 -0.4255, -5.3622 -0.039 -0.4255, -5.3622 -0.038 -0.4163, -5.3661 -0.038 -0.4163, -5.3622 -0.0353 -0.4091, -5.3661 -0.0353 -0.4091, -5.3622 -0.0312 -0.4031, -5.3661 -0.0312 -0.4031, -5.3622 -0.0264 -0.3985, -5.3661 -0.0264 -0.3985, -5.3622 -0.0195 -0.3944, -5.3661 -0.0195 -0.3944, -5.3622 -0.0111 -0.3917, -5.3661 -0.0111 -0.3917, -5.3622 -0.0337 -0.449, -5.3661 -0.0337 -0.449, -5.3622 -0.0375 -0.4385, -5.3661 -0.0375 -0.4385, -5.3661 -0.0378 -0.3691, -5.3661 -0.0486 -0.3691, -5.3622 -0.0378 -0.3691, -5.3622 -0.0486 -0.3691, -5.3661 -0.0486 -0.3187, -5.3622 -0.0486 -0.3187, -5.3661 0.0498 -0.3187, -5.3622 0.0498 -0.3187, -5.3661 0.0498 -0.3319, -5.3622 0.0498 -0.3319, -5.3661 -0.0378 -0.3319, -5.3622 -0.0378 -0.3319
            ]
        }
        coordIndex [
            0,1,2,-1,2,1,3,-1,1,4,3,-1,3,4,5,-1,4,6,5,-1,5,6,7,-1,6,8,7,-1,7,8,9,-1,8,10,9,-1,9,10,11,-1,10,12,11,-1,11,12,13,-1,12,14,13,-1,13,14,15,-1,14,0,15,-1,15,0,2,-1,16,8,17,-1,17,8,6,-1,18,14,16,-1,16,14,12,-1,16,12,8,-1,8,12,10,-1,18,19,14,-1,14,19,20,-1,14,20,0,-1,0,20,21,-1,0,21,22,-1,22,23,0,-1,0,23,17,-1,0,17,1,-1,1,17,6,-1,1,6,4,-1,16,17,24,-1,24,17,25,-1,18,16,26,-1,26,16,24,-1,18,26,27,-1,18,27,19,-1,19,27,28,-1,19,28,20,-1,21,20,29,-1,29,20,28,-1,21,29,30,-1,21,30,22,-1,22,30,31,-1,22,31,23,-1,17,23,25,-1,25,23,31,-1,32,33,34,-1,34,33,35,-1,33,36,35,-1,35,36,37,-1,36,38,37,-1,37,38,39,-1,40,41,42,-1,40,42,43,-1,43,42,44,-1,43,44,45,-1,45,44,46,-1,45,46,47,-1,47,46,48,-1,47,48,49,-1,49,48,50,-1,49,50,51,-1,51,50,52,-1,51,52,53,-1,53,52,54,-1,53,54,55,-1,55,54,39,-1,55,39,38,-1,32,34,56,-1,32,56,57,-1,57,56,58,-1,57,58,59,-1,59,58,60,-1,59,60,61,-1,61,60,62,-1,61,62,63,-1,63,62,64,-1,63,64,65,-1,65,64,66,-1,65,66,67,-1,67,66,41,-1,67,41,40,-1,45,47,68,-1,68,47,49,-1,68,49,69,-1,69,49,51,-1,69,51,70,-1,70,51,53,-1,70,53,71,-1,71,53,55,-1,71,55,72,-1,72,55,38,-1,72,38,73,-1,73,38,36,-1,73,36,74,-1,74,36,33,-1,74,33,75,-1,75,33,32,-1,75,32,76,-1,76,32,57,-1,76,57,77,-1,77,57,59,-1,77,59,78,-1,78,59,61,-1,78,61,79,-1,79,61,63,-1,79,63,80,-1,80,63,65,-1,80,65,81,-1,81,65,67,-1,81,67,82,-1,82,67,40,-1,82,40,83,-1,83,40,43,-1,83,43,84,-1,84,43,45,-1,84,45,68,-1,72,73,85,-1,85,73,86,-1,72,85,87,-1,72,87,71,-1,71,87,88,-1,71,88,70,-1,70,88,89,-1,70,89,69,-1,69,89,90,-1,69,90,68,-1,68,90,91,-1,68,91,84,-1,84,91,92,-1,84,92,83,-1,83,92,93,-1,83,93,82,-1,82,93,94,-1,82,94,81,-1,81,94,95,-1,81,95,80,-1,80,95,96,-1,80,96,79,-1,79,96,97,-1,79,97,78,-1,78,97,98,-1,78,98,77,-1,77,98,99,-1,77,99,76,-1,76,99,100,-1,76,100,75,-1,74,75,101,-1,101,75,100,-1,73,74,86,-1,86,74,101,-1,102,103,104,-1,104,103,105,-1,103,106,105,-1,105,106,107,-1,106,108,107,-1,107,108,109,-1,108,110,109,-1,109,110,111,-1,110,112,111,-1,111,112,113,-1,112,114,113,-1,113,114,115,-1,114,116,115,-1,115,116,117,-1,116,118,117,-1,117,118,119,-1,118,120,119,-1,119,120,121,-1,120,122,121,-1,121,122,123,-1,122,124,123,-1,123,124,125,-1,124,102,125,-1,125,102,104,-1,106,103,102,-1,102,124,106,-1,106,124,122,-1,106,122,108,-1,112,110,114,-1,114,110,108,-1,114,108,116,-1,116,108,122,-1,116,122,118,-1,118,122,120,-1,126,127,128,-1,128,127,129,-1,129,127,130,-1,131,132,133,-1,131,133,134,-1,134,133,135,-1,134,135,130,-1,130,135,136,-1,130,136,129,-1,137,138,139,-1,137,139,140,-1,140,139,141,-1,140,141,142,-1,142,141,143,-1,142,143,144,-1,144,143,145,-1,144,145,146,-1,146,145,147,-1,146,147,148,-1,148,147,149,-1,148,149,150,-1,150,149,131,-1,131,149,151,-1,131,151,132,-1,152,153,154,-1,152,154,155,-1,155,154,156,-1,155,156,157,-1,157,156,158,-1,157,158,159,-1,159,158,160,-1,159,160,161,-1,161,160,162,-1,161,162,163,-1,163,162,164,-1,163,164,165,-1,165,164,138,-1,165,138,137,-1,166,167,168,-1,166,168,169,-1,169,168,153,-1,169,153,152,-1,166,170,167,-1,167,170,171,-1,172,173,174,-1,172,174,175,-1,175,174,171,-1,175,171,170,-1,176,177,178,-1,176,178,179,-1,179,178,180,-1,179,180,181,-1,181,180,182,-1,181,182,183,-1,183,182,184,-1,183,184,185,-1,185,184,186,-1,185,186,187,-1,187,186,188,-1,187,188,189,-1,189,188,173,-1,189,173,172,-1,190,191,192,-1,190,192,193,-1,193,192,194,-1,193,194,195,-1,195,194,196,-1,195,196,197,-1,197,196,198,-1,197,198,199,-1,199,198,200,-1,199,200,201,-1,201,200,202,-1,201,202,203,-1,203,202,177,-1,203,177,176,-1,126,128,204,-1,126,204,205,-1,205,204,206,-1,205,206,207,-1,207,206,191,-1,207,191,190,-1,193,131,190,-1,190,131,134,-1,190,134,207,-1,207,134,130,-1,207,130,205,-1,205,130,127,-1,205,127,126,-1,170,166,175,-1,175,166,169,-1,175,169,172,-1,172,169,152,-1,172,152,189,-1,189,152,155,-1,189,155,187,-1,187,155,157,-1,187,157,185,-1,185,157,159,-1,185,159,183,-1,183,159,161,-1,183,161,181,-1,181,161,163,-1,181,163,179,-1,179,163,165,-1,179,165,176,-1,176,165,137,-1,176,137,203,-1,203,137,140,-1,203,140,201,-1,201,140,142,-1,201,142,199,-1,199,142,144,-1,199,144,197,-1,197,144,146,-1,197,146,195,-1,195,146,148,-1,195,148,193,-1,193,148,150,-1,193,150,131,-1,208,209,210,-1,210,209,211,-1,209,212,211,-1,211,212,213,-1,212,214,213,-1,213,214,215,-1,214,216,215,-1,215,216,217,-1,216,218,217,-1,217,218,219,-1,218,208,219,-1,219,208,210,-1,216,214,218,-1,218,214,212,-1,218,212,208,-1,208,212,209,-1,
        ]
    }
}
Shape{
    appearance Appearance {
        material  Material {
            diffuseColor 0.9490196078431372 0.7607843137254902 0.1803921568627451
            specularColor 0.7607843137254902 0.6078431372549019 0.1450980392156863
            ambientIntensity 0.7509
            transparency 0.0
            shininess 0.5
        }
    }
    geometry IndexedFaceSet {
        ccw TRUE
        solid FALSE
        coord DEF co Coordinate {
            point [
                -5.3622 -0.0102 -0.6555, -5.3622 -0.0102 -0.6884, -5.3622 0.0309 -0.6702, -5.3622 0.0309 -0.6736, -5.3622 0.0343 -0.6711, -5.3622 0.0344 -0.6727, -5.3622 0.0378 -0.6718, -5.3622 0.0378 -0.6721, -5.3622 0.039 -0.5552, -5.3622 -0.0378 -0.5552, -5.3622 0.039 -0.5697, -5.3622 -0.0378 -0.5691, -5.3622 -0.0368 -0.5795, -5.3622 0.0016 -0.608, -5.3622 0.0114 -0.6071, -5.3622 0.0192 -0.6048, -5.3622 0.0378 -0.5813, -5.3622 -0.0342 -0.5878, -5.3622 -0.0303 -0.5945, -5.3622 -0.0248 -0.6, -5.3622 -0.018 -0.6042, -5.3622 -0.0088 -0.6071, -5.3622 0.0252 -0.6014, -5.3622 0.0303 -0.5966, -5.3622 0.035 -0.5894
            ]
        }
        coordIndex [
            0,1,2,-1,2,1,3,-1,2,3,4,-1,4,3,5,-1,4,5,6,-1,6,5,7,-1,8,9,10,-1,10,9,11,-1,10,11,12,-1,13,14,10,-1,10,14,15,-1,10,15,16,-1,12,17,10,-1,10,17,18,-1,10,18,19,-1,19,20,10,-1,10,20,21,-1,10,21,13,-1,22,23,15,-1,15,23,24,-1,15,24,16,-1,
        ]
    }
}