#VRML V2.0 utf8
# 3D model generated by kicad-lcsc-manager
# Based on easyeda2kicad.py v1.0.1

Shape{
    appearance Appearance {
        material  Material {
            diffuseColor 0.2235294117647059 0.2235294117647059 0.2235294117647059
            specularColor 0.11372549019607843 0.11372549019607843 0.11372549019607843
            ambientIntensity 0.2235
            transparency 0.0
            shininess 0.5
        }
    }
    geometry IndexedFaceSet {
        ccw TRUE
        solid FALSE
        coord DEF co Coordinate {
            point [
                7.0 0.0833 0.5864, 7.0 0.0408 0.5864, 7.0 0.0408 0.5672, 7.0 -0.2756 0.4291, 7.0 -0.2756 0.3842, 7.0 -0.0604 0.3842, 7.0 0.0461 0.5627, 7.0 0.0474 0.5631, 7.0 0.0349 0.5631, 7.0 -0.0412 0.511, 7.0 -0.0413 0.5121, 7.0 -0.0413 0.5005, 7.0 0.0071 0.4595, 7.0 0.0071 0.4443, 7.0 0.0208 0.4443, 7.0 0.0159 0.8498, 7.0 0.0208 0.849, 7.0 0.0208 0.9843, 7.0 0.0461 0.6543, 7.0 0.0383 0.6449, 7.0 0.0837 0.6122, 7.0 0.0349 0.6122, 7.0 0.0884 0.6989, 7.0 0.0837 0.692, 7.0 0.0785 0.6842, 7.0 0.0655 0.673, 7.0 0.0515 0.6657, 7.0 0.0511 0.6645, 7.0 0.0881 0.7632, 7.0 0.0941 0.7475, 7.0 0.2756 0.9843, 7.0 0.2756 0.6122, 7.0 0.0962 0.7306, 7.0 0.0946 0.716, 7.0 0.0837 0.7703, 7.0 0.0837 0.9843, 7.0 0.0829 0.7716, 7.0 0.0667 0.8086, 7.0 0.0685 0.7945, 7.0 0.0738 0.7817, 7.0 0.0683 0.7906, 7.0 0.0679 0.7866, 7.0 0.0522 0.8338, 7.0 0.0539 0.832, 7.0 0.0616 0.8212, 7.0 0.0349 0.9843, 7.0 0.0288 0.8476, 7.0 0.0349 0.845, 7.0 0.0411 0.8423, 7.0 -0.0389 0.8132, 7.0 -0.0327 0.8255, 7.0 -0.0413 0.9843, 7.0 -0.024 0.8355, 7.0 -0.0134 0.843, 7.0 -0.0007 0.848, 7.0 0.0132 0.8498, 7.0 -0.0404 0.8082, 7.0 -0.0413 0.8077, 7.0 -0.048 0.8046, 7.0 -0.0604 0.9843, 7.0 -0.0542 0.7994, 7.0 -0.0592 0.7927, 7.0 -0.2756 0.6122, 7.0 -0.0604 0.6122, 7.0 -0.0604 0.7616, 7.0 -0.2756 0.9843, 7.0 -0.0624 0.7848, 7.0 -0.0604 0.7899, 7.0 -0.0625 0.7671, 7.0 -0.0636 0.7757, 7.0 -0.0636 0.7767, 7.0 -0.0413 0.6122, 7.0 -0.0413 0.7438, 7.0 -0.0425 0.7442, 7.0 -0.05 0.7484, 7.0 -0.0547 0.7528, 7.0 -0.0595 0.7595, 7.0 -0.001 0.7563, 7.0 -0.0066 0.7501, 7.0 0.0173 0.7043, 7.0 0.0102 0.6534, 7.0 0.0167 0.6552, 7.0 0.0208 0.6575, 7.0 0.0208 0.8274, 7.0 -0.0203 0.6978, 7.0 -0.0199 0.6951, 7.0 -0.0008 0.6937, 7.0 -0.0199 0.6948, 7.0 -0.005 0.6334, 7.0 0.0067 0.6319, 7.0 0.0208 0.6122, 7.0 0.0183 0.6336, 7.0 -0.0158 0.6375, 7.0 -0.0257 0.6446, 7.0 -0.0333 0.6534, 7.0 -0.0242 0.7036, 7.0 -0.0227 0.7022, 7.0 -0.0212 0.7001, 7.0 -0.0408 0.6977, 7.0 -0.0399 0.7, 7.0 -0.0383 0.7022, 7.0 -0.0266 0.7049, 7.0 -0.0261 0.7416, 7.0 -0.0292 0.7056, 7.0 -0.0375 0.703, 7.0 -0.0354 0.7045, 7.0 -0.0331 0.7054, 7.0 -0.0305 0.7057, 7.0 -0.0295 0.7416, 7.0 -0.0342 0.7419, 7.0 0.0039 0.7842, 7.0 0.005 0.7757, 7.0 0.0048 0.7719, 7.0 0.0028 0.7636, 7.0 -0.0202 0.6937, 7.0 -0.0203 0.6931, 7.0 -0.0203 0.6777, 7.0 -0.0385 0.6637, 7.0 -0.0411 0.6756, 7.0 -0.0411 0.6958, 7.0 -0.0105 0.8042, 7.0 0.0075 0.8277, 7.0 -0.0007 0.825, 7.0 -0.0064 0.8216, 7.0 -0.0127 0.8155, 7.0 -0.0175 0.8078, 7.0 0.0139 0.8283, 7.0 -0.004 0.7986, 7.0 0.001 0.7917, 7.0 -0.0118 0.6601, 7.0 -0.0066 0.6564, 7.0 -0.0006 0.654, 7.0 0.0064 0.6531, 7.0 -0.019 0.6711, 7.0 -0.0161 0.6652, 7.0 0.0349 0.6829, 7.0 0.0349 0.8208, 7.0 0.033 0.6825, 7.0 0.0301 0.8242, 7.0 0.0225 0.8272, 7.0 0.033 0.6797, 7.0 0.0225 0.6585, 7.0 0.026 0.6618, 7.0 0.0298 0.667, 7.0 0.0322 0.673, 7.0 0.0757 0.7303, 7.0 0.0757 0.7321, 7.0 0.0443 0.7786, 7.0 0.0429 0.7761, 7.0 0.0542 0.7705, 7.0 0.0633 0.7628, 7.0 0.0739 0.7434, 7.0 0.0693 0.7545, 7.0 0.0471 0.7863, 7.0 0.0481 0.7942, 7.0 0.0477 0.7988, 7.0 0.0543 0.6903, 7.0 0.0633 0.6982, 7.0 0.0434 0.6848, 7.0 0.0699 0.7075, 7.0 0.0742 0.7182, 7.0 0.0454 0.8072, 7.0 0.0412 0.8147, 7.0 0.0369 0.8194, 7.0 0.0349 0.6424, 7.0 0.0287 0.6379, 7.0 0.0208 0.6346, 7.0 -0.0355 0.4337, 7.0 -0.0409 0.4337, 7.0 -0.0413 0.4291, 7.0 0.0208 0.4291, 7.0 0.0071 0.4348, 7.0 0.0016 0.4348, 7.0 -0.0193 0.4533, 7.0 -0.0355 0.4533, 7.0 -0.0193 0.4443, 7.0 -0.0355 0.4443, 7.0 -0.0193 0.4361, 7.0 -0.0138 0.4361, 7.0 0.0016 0.4533, 7.0 -0.0138 0.4533, 7.0 0.0016 0.4443, 7.0 -0.0138 0.4443, 7.0 -0.0413 0.4443, 7.0 -0.0409 0.4443, 7.0 -0.0409 0.4595, 7.0 -0.0324 0.4832, 7.0 -0.0352 0.4825, 7.0 -0.0352 0.4824, 7.0 -0.0066 0.466, 7.0 0.0208 0.4893, 7.0 -0.0066 0.4722, 7.0 -0.015 0.4893, 7.0 -0.0325 0.4816, 7.0 -0.0341 0.4821, 7.0 -0.0335 0.5252, 7.0 0.0208 0.5313, 7.0 -0.0413 0.5313, 7.0 -0.035 0.5229, 7.0 -0.0351 0.5225, 7.0 -0.0224 0.5225, 7.0 -0.0213 0.5235, 7.0 -0.0201 0.5243, 7.0 -0.0182 0.525, 7.0 -0.0159 0.5252, 7.0 -0.0137 0.525, 7.0 -0.0223 0.5225, 7.0 -0.0413 0.5199, 7.0 -0.0412 0.5209, 7.0 -0.0413 0.5225, 7.0 -0.0407 0.5225, 7.0 -0.0397 0.5252, 7.0 -0.0417 0.5159, 7.0 -0.0604 0.5225, 7.0 -0.0604 0.5005, 7.0 -0.0074 0.5037, 7.0 -0.0132 0.5037, 7.0 -0.0086 0.5214, 7.0 -0.0075 0.5196, 7.0 0.0208 0.5225, 7.0 -0.034 0.5024, 7.0 -0.0359 0.5031, 7.0 -0.0375 0.5042, 7.0 -0.0118 0.5243, 7.0 -0.0102 0.5231, 7.0 -0.0096 0.5225, 7.0 -0.0063 0.5163, 7.0 -0.0058 0.5118, 7.0 0.0208 0.5005, 7.0 -0.0061 0.5085, 7.0 -0.0259 0.5041, 7.0 -0.0276 0.503, 7.0 -0.0294 0.5023, 7.0 -0.0316 0.5021, 7.0 -0.039 0.5059, 7.0 -0.0401 0.5078, 7.0 -0.0107 0.5124, 7.0 -0.0171 0.5187, 7.0 -0.0179 0.5183, 7.0 -0.0185 0.5177, 7.0 -0.0199 0.5156, 7.0 -0.0112 0.5085, 7.0 -0.0215 0.5118, 7.0 -0.0124 0.5051, 7.0 -0.0224 0.5095, 7.0 -0.0246 0.5055, 7.0 -0.0161 0.519, 7.0 -0.0109 0.5142, 7.0 -0.0153 0.519, 7.0 -0.0113 0.5158, 7.0 -0.012 0.5172, 7.0 -0.0127 0.518, 7.0 -0.0135 0.5186, 7.0 -0.0143 0.5189, 7.0 -0.0364 0.5191, 7.0 -0.0259 0.5161, 7.0 -0.0242 0.5197, 7.0 -0.0368 0.5153, 7.0 -0.0368 0.5151, 7.0 -0.0275 0.5121, 7.0 -0.0365 0.512, 7.0 -0.0322 0.5082, 7.0 -0.0314 0.5083, 7.0 -0.0359 0.5104, 7.0 -0.0356 0.5099, 7.0 -0.035 0.5092, 7.0 -0.0342 0.5087, 7.0 -0.0333 0.5084, 7.0 -0.0305 0.5086, 7.0 -0.0297 0.509, 7.0 -0.0289 0.5098, 7.0 0.0349 0.3842, 7.0 0.0353 0.3998, 7.0 0.0353 0.4066, 7.0 0.0484 0.4115, 7.0 0.0484 0.4291, 7.0 0.0349 0.4291, 7.0 0.0833 0.4181, 7.0 0.0837 0.3842, 7.0 0.0837 0.4291, 7.0 0.0484 0.4315, 7.0 0.0353 0.4361, 7.0 0.0349 0.4443, 7.0 0.0353 0.443, 7.0 0.0837 0.4443, 7.0 0.0716 0.4291, 7.0 0.0833 0.4247, 7.0 0.0837 0.4893, 7.0 0.0837 0.5005, 7.0 0.0833 0.4949, 7.0 0.0833 0.5005, 7.0 0.0569 0.5135, 7.0 0.0408 0.5135, 7.0 0.0569 0.5005, 7.0 0.0408 0.5005, 7.0 0.0569 0.4963, 7.0 0.0408 0.4938, 7.0 0.0624 0.4963, 7.0 0.0778 0.4949, 7.0 0.0624 0.5005, 7.0 0.0778 0.5005, 7.0 0.0624 0.5135, 7.0 0.0778 0.5135, 7.0 0.0353 0.5197, 7.0 0.0349 0.5225, 7.0 0.0349 0.5005, 7.0 0.0349 0.4893, 7.0 0.0353 0.4938, 7.0 0.0353 0.5005, 7.0 0.0833 0.5197, 7.0 0.0837 0.5225, 7.0 0.0647 0.5581, 7.0 0.0423 0.5313, 7.0 0.069 0.5566, 7.0 0.0725 0.5544, 7.0 0.0588 0.5588, 7.0 0.0583 0.5588, 7.0 0.041 0.5342, 7.0 0.0401 0.5397, 7.0 0.0779 0.535, 7.0 0.0785 0.5406, 7.0 0.0784 0.5427, 7.0 0.0776 0.5469, 7.0 0.0757 0.5293, 7.0 0.0432 0.5293, 7.0 0.0761 0.5301, 7.0 0.0766 0.5313, 7.0 0.0758 0.5506, 7.0 0.0732 0.5537, 7.0 0.0524 0.558, 7.0 0.0485 0.5565, 7.0 0.0451 0.554, 7.0 0.0417 0.5497, 7.0 0.0405 0.5462, 7.0 0.04 0.5417, 7.0 0.0439 0.5529, 7.0 0.0837 0.5357, 7.0 0.0836 0.534, 7.0 0.0837 0.5313, 7.0 0.0828 0.5313, 7.0 0.0822 0.5293, 7.0 0.0841 0.5402, 7.0 0.2756 0.5313, 7.0 0.0841 0.5407, 7.0 0.2756 0.5631, 7.0 0.0837 0.5443, 7.0 0.0837 0.5631, 7.0 0.0816 0.5522, 7.0 0.0834 0.5471, 7.0 0.0728 0.5617, 7.0 0.0771 0.5583, 7.0 0.0784 0.5569, 7.0 0.0837 0.566, 7.0 0.0675 0.564, 7.0 0.0695 0.5631, 7.0 0.0513 0.5645, 7.0 0.0349 0.566, 7.0 0.0584 0.5653, 7.0 0.0613 0.5652, 7.0 0.0358 0.551, 7.0 0.038 0.5555, 7.0 0.041 0.5591, 7.0 0.0419 0.5599, 7.0 0.0349 0.5469, 7.0 0.0208 0.5631, 7.0 0.0346 0.5458, 7.0 0.0345 0.5426, 7.0 0.0349 0.5386, 7.0 0.0373 0.5293, 7.0 0.037 0.5298, 7.0 0.0349 0.5313, 7.0 0.0365 0.5313, 7.0 0.0353 0.5349, 7.0 -0.0245 0.5585, 7.0 -0.0149 0.5576, 7.0 -0.0262 0.5597, 7.0 -0.0283 0.5605, 7.0 -0.0413 0.5631, 7.0 -0.0365 0.5599, 7.0 -0.0345 0.5607, 7.0 -0.0062 0.5421, 7.0 -0.007 0.5396, 7.0 -0.0081 0.5376, 7.0 -0.0097 0.536, 7.0 -0.0116 0.5348, 7.0 -0.0229 0.5566, 7.0 -0.0216 0.554, 7.0 -0.0124 0.5538, 7.0 -0.0205 0.5496, 7.0 -0.0109 0.5443, 7.0 -0.0107 0.5464, 7.0 -0.0111 0.55, 7.0 -0.0405 0.556, 7.0 -0.039 0.558, 7.0 -0.0384 0.5587, 7.0 -0.0356 0.5394, 7.0 -0.0356 0.5396, 7.0 -0.0409 0.5394, 7.0 -0.0371 0.5405, 7.0 -0.0391 0.5424, 7.0 -0.0317 0.561, 7.0 -0.0309 0.5609, 7.0 -0.009 0.5576, 7.0 -0.0081 0.556, 7.0 -0.0065 0.5515, 7.0 -0.0058 0.5458, 7.0 -0.0144 0.5338, 7.0 -0.0189 0.5334, 7.0 -0.0409 0.5334, 7.0 -0.0191 0.5394, 7.0 -0.0165 0.5396, 7.0 -0.0143 0.5402, 7.0 -0.0131 0.541, 7.0 -0.0121 0.5419, 7.0 -0.0114 0.5429, 7.0 -0.0413 0.5468, 7.0 -0.0414 0.547, 7.0 -0.0604 0.5313, 7.0 -0.0604 0.5631, 7.0 -0.0417 0.5501, 7.0 -0.0413 0.5536, 7.0 -0.0413 0.5537, 7.0 -0.0311 0.4893, 7.0 -0.0066 0.4989, 7.0 -0.0066 0.4922, 7.0 -0.0413 0.4857, 7.0 -0.0409 0.4855, 7.0 -0.0493 0.4893, 7.0 -0.0493 0.4893, 7.0 -0.0413 0.4893, 7.0 -0.0471 0.4881, 7.0 -0.0512 0.4977, 7.0 -0.0566 0.4977, 7.0 -0.0517 0.4965, 7.0 -0.0519 0.4943, 7.0 -0.0518 0.4928, 7.0 -0.056 0.4893, 7.0 -0.0568 0.4914, 7.0 -0.0604 0.4893, 7.0 -0.0571 0.4938, 7.0 -0.057 0.4951, 7.0 -0.0513 0.4915, 7.0 -0.0505 0.4904, 7.0 -0.0461 0.4816, 7.0 -0.0514 0.4843, 7.0 -0.0604 0.4443, 7.0 -0.0413 0.4797, 7.0 -0.0541 0.4865, 7.0 -0.0544 0.4869, 7.0 -0.0559 0.489, 7.0 -0.0604 0.4291, 7.0 -0.2756 0.4443, 7.0 -0.2756 0.4893, 7.0 -0.2756 0.5005, 7.0 -0.2756 0.5225, 7.0 -0.2756 0.5313, 7.0 -0.2756 0.5631, 7.0 -0.2756 0.1969, 7.0 -0.2106 0.1969, 7.0 -0.2756 0.2682, 7.0 -0.0604 0.2682, 7.0 -0.0405 0.5445, 7.0 -0.0413 0.2682, 7.0 -0.0413 0.3842, 7.0 0.0071 0.5926, 7.0 -0.0409 0.5926, 7.0 -0.0413 0.566, 7.0 -0.0604 0.566, 7.0 -0.2756 0.566, 7.0 0.0071 0.5678, 7.0 0.0208 0.566, 7.0 0.0016 0.5678, 7.0 -0.0355 0.5667, 7.0 -0.0409 0.5667, 7.0 -0.0193 0.5864, 7.0 -0.0355 0.5864, 7.0 -0.0193 0.5692, 7.0 -0.0138 0.5692, 7.0 -0.0138 0.5864, 7.0 0.0016 0.5864, 7.0 -0.0409 0.4246, 7.0 -0.0055 0.3878, 7.0 -0.0102 0.3862, 7.0 0.0208 0.3842, 7.0 -0.0163 0.3855, 7.0 -0.0197 0.3857, 7.0 -0.0253 0.3869, 7.0 -0.0302 0.3893, 7.0 -0.0342 0.3927, 7.0 -0.035 0.3936, 7.0 -0.0381 0.3983, 7.0 -0.0401 0.404, 7.0 -0.0409 0.4114, 7.0 0.0071 0.4246, 7.0 0.0071 0.4109, 7.0 0.0062 0.4033, 7.0 0.004 0.3975, 7.0 0.0007 0.3927, 7.0 -0.0012 0.3907, 7.0 -0.0409 0.376, 7.0 -0.0409 0.3828, 7.0 -0.0409 0.3465, 7.0 -0.0278 0.3514, 7.0 -0.0278 0.3714, 7.0 0.0071 0.3645, 7.0 0.0071 0.3579, 7.0 0.0353 0.5926, 7.0 0.0833 0.5926, 7.0 0.0353 0.5672, 7.0 0.0509 0.4471, 7.0 0.046 0.4495, 7.0 0.0707 0.448, 7.0 0.066 0.4463, 7.0 0.0599 0.4457, 7.0 0.0565 0.4458, 7.0 0.042 0.4529, 7.0 0.0412 0.4538, 7.0 0.0381 0.4585, 7.0 0.0833 0.4711, 7.0 0.0824 0.4634, 7.0 0.0803 0.4577, 7.0 0.0361 0.4641, 7.0 0.0353 0.4716, 7.0 0.0353 0.4848, 7.0 0.0833 0.4848, 7.0 0.077 0.4529, 7.0 0.075 0.4509, 7.0 -0.0409 0.3396, 7.0 0.0208 0.2682, 7.0 0.0349 0.2682, 7.0 0.0837 0.2682, 7.0 -0.0604 0.1969, 7.0 -0.0413 0.1969, 7.0 0.0208 0.1969, 7.0 0.0349 0.1969, 7.0 0.0837 0.1969, 7.0 0.2756 0.566, 7.0 0.2756 0.1969, 7.0 0.2756 0.2682, 7.0 0.2756 0.3842, 7.0 0.2756 0.4291, 7.0 0.2756 0.4443, 7.0 0.2756 0.4893, 7.0 0.2756 0.5005, 7.0 0.2756 0.5225, 5.0 -0.2756 0.1969, 5.0 -0.2106 0.1969, 6.0 -0.2106 0.1969, 3.0 -0.2756 0.1969, 3.0 -0.2106 0.1969, 4.0 -0.2106 0.1969, 1.0 -0.2756 0.1969, 1.0 -0.2106 0.1969, 2.0 -0.2106 0.1969, -5.0 -0.2756 0.1969, -5.0 -0.2106 0.1969, -4.0 -0.2106 0.1969, -7.0 0.2756 0.1969, -6.9803 0.2953 0.1969, -6.813 0.2953 0.1969, 6.374 -0.0945 0.1969, 6.3751 -0.1026 0.1969, 6.6167 0.1168 0.1969, 6.6102 0.1218 0.1969, 6.9803 0.2953 0.1969, 6.6217 0.1102 0.1969, 6.3973 0.1249 0.1969, 6.3897 0.1218 0.1969, 6.0197 0.2953 0.1969, 6.3782 -0.1102 0.1969, 6.3832 -0.1168 0.1969, 6.3897 -0.1218 0.1969, 6.6026 -0.1249 0.1969, 6.6102 -0.1218 0.1969, 6.6167 -0.1168 0.1969, 6.6249 0.1026 0.1969, 6.626 0.0945 0.1969, 6.3832 0.1168 0.1969, 6.3782 0.1102 0.1969, 6.0 0.2756 0.1969, 6.3751 0.1026 0.1969, 6.374 0.0945 0.1969, 6.6217 -0.1102 0.1969, 6.6249 -0.1026 0.1969, 6.626 -0.0945 0.1969, 6.6026 0.1249 0.1969, 6.5945 0.126 0.1969, 6.4055 0.126 0.1969, 6.3973 -0.1249 0.1969, 6.4055 -0.126 0.1969, 6.5945 -0.126 0.1969, 5.6167 0.1168 0.1969, 5.6102 0.1218 0.1969, 5.9803 0.2953 0.1969, 5.3973 0.1249 0.1969, 5.3897 0.1218 0.1969, 5.0197 0.2953 0.1969, 5.0 0.2756 0.1969, 5.374 0.0945 0.1969, 5.374 -0.0945 0.1969, 5.3751 -0.1026 0.1969, 5.626 -0.0945 0.1969, 5.3782 -0.1102 0.1969, 5.3832 -0.1168 0.1969, 5.3897 -0.1218 0.1969, 5.6026 -0.1249 0.1969, 5.6102 -0.1218 0.1969, 5.6167 -0.1168 0.1969, 5.626 0.0945 0.1969, 5.6249 0.1026 0.1969, 5.6217 0.1102 0.1969, 5.3832 0.1168 0.1969, 5.3782 0.1102 0.1969, 5.3751 0.1026 0.1969, 5.6217 -0.1102 0.1969, 5.6249 -0.1026 0.1969, 5.6026 0.1249 0.1969, 5.5945 0.126 0.1969, 5.4055 0.126 0.1969, 5.3973 -0.1249 0.1969, 5.4055 -0.126 0.1969, 5.5945 -0.126 0.1969, 4.3751 -0.1026 0.1969, 4.3782 -0.1102 0.1969, 4.3832 -0.1168 0.1969, 4.3897 -0.1218 0.1969, 4.3973 0.1249 0.1969, 4.3897 0.1218 0.1969, 4.0197 0.2953 0.1969, 4.0 0.2756 0.1969, 4.374 0.0945 0.1969, 4.374 -0.0945 0.1969, 4.9803 0.2953 0.1969, 4.6249 0.1026 0.1969, 4.6026 -0.1249 0.1969, 4.6102 -0.1218 0.1969, 4.6167 -0.1168 0.1969, 4.6217 -0.1102 0.1969, 4.6217 0.1102 0.1969, 4.6167 0.1168 0.1969, 4.6102 0.1218 0.1969, 4.3973 -0.1249 0.1969, 4.4055 -0.126 0.1969, 4.5945 -0.126 0.1969, 4.3832 0.1168 0.1969, 4.3782 0.1102 0.1969, 4.3751 0.1026 0.1969, 4.6249 -0.1026 0.1969, 4.626 -0.0945 0.1969, 4.626 0.0945 0.1969, 4.6026 0.1249 0.1969, 4.5945 0.126 0.1969, 4.4055 0.126 0.1969, 3.9803 0.2953 0.1969, 3.6249 0.1026 0.1969, 3.6217 0.1102 0.1969, 3.6167 0.1168 0.1969, 3.6102 0.1218 0.1969, 3.3985 0.1252 0.1969, 3.3918 0.1229 0.1969, 3.0197 0.2953 0.1969, 3.6026 -0.1249 0.1969, 3.6102 -0.1218 0.1969, 3.6167 -0.1168 0.1969, 3.6217 -0.1102 0.1969, 3.6249 -0.1026 0.1969, 3.626 -0.0945 0.1969, 3.626 0.0945 0.1969, 3.3748 -0.1015 0.1969, 3.3771 -0.1082 0.1969, 3.3771 0.1082 0.1969, 3.0 0.2756 0.1969, 3.3809 0.1141 0.1969, 3.3859 0.1191 0.1969, 3.3809 -0.1141 0.1969, 3.3859 -0.1191 0.1969, 3.3918 -0.1229 0.1969, 3.6026 0.1249 0.1969, 3.5945 0.126 0.1969, 3.4055 0.126 0.1969, 3.3748 0.1015 0.1969, 3.374 0.0945 0.1969, 3.374 -0.0945 0.1969, 3.3985 -0.1252 0.1969, 3.4055 -0.126 0.1969, 3.5945 -0.126 0.1969, 2.9803 0.2953 0.1969, 2.6249 0.1026 0.1969, 2.6217 0.1102 0.1969, 2.6167 0.1168 0.1969, 2.6102 0.1218 0.1969, 2.3985 0.1252 0.1969, 2.3918 0.1229 0.1969, 2.0197 0.2953 0.1969, 2.6026 -0.1249 0.1969, 2.6102 -0.1218 0.1969, 2.6167 -0.1168 0.1969, 2.6217 -0.1102 0.1969, 2.6249 -0.1026 0.1969, 2.626 -0.0945 0.1969, 2.626 0.0945 0.1969, 2.3748 -0.1015 0.1969, 2.3771 -0.1082 0.1969, 2.3771 0.1082 0.1969, 2.0 0.2756 0.1969, 2.3809 0.1141 0.1969, 2.3859 0.1191 0.1969, 2.3809 -0.1141 0.1969, 2.3859 -0.1191 0.1969, 2.3918 -0.1229 0.1969, 2.6026 0.1249 0.1969, 2.5945 0.126 0.1969, 2.4055 0.126 0.1969, 2.3748 0.1015 0.1969, 2.374 0.0945 0.1969, 2.374 -0.0945 0.1969, 2.3985 -0.1252 0.1969, 2.4055 -0.126 0.1969, 2.5945 -0.126 0.1969, 1.9803 0.2953 0.1969, 1.6249 0.1026 0.1969, 1.6217 0.1102 0.1969, 1.6167 0.1168 0.1969, 1.6102 0.1218 0.1969, 1.6026 -0.1249 0.1969, 1.6102 -0.1218 0.1969, 1.6167 -0.1168 0.1969, 1.6217 -0.1102 0.1969, 1.6249 -0.1026 0.1969, 1.626 -0.0945 0.1969, 1.626 0.0945 0.1969, 1.0197 0.2953 0.1969, 1.3985 0.1252 0.1969, 1.3918 0.1229 0.1969, 1.3748 -0.1015 0.1969, 1.3771 -0.1082 0.1969, 1.6026 0.1249 0.1969, 1.5945 0.126 0.1969, 1.4055 0.126 0.1969, 1.3809 -0.1141 0.1969, 1.3859 -0.1191 0.1969, 1.3918 -0.1229 0.1969, 1.3985 -0.1252 0.1969, 1.4055 -0.126 0.1969, 1.5945 -0.126 0.1969, 1.3771 0.1082 0.1969, 1.0 0.2756 0.1969, 1.3809 0.1141 0.1969, 1.3859 0.1191 0.1969, 1.3748 0.1015 0.1969, 1.374 0.0945 0.1969, 1.374 -0.0945 0.1969, 0.3751 -0.1026 0.1969, 0.3782 -0.1102 0.1969, -0.0 -0.2106 0.1969, 0.3832 -0.1168 0.1969, 0.3897 -0.1218 0.1969, -0.0 0.2756 0.1969, 0.374 0.0945 0.1969, 0.374 -0.0945 0.1969, 0.9803 0.2953 0.1969, 0.6249 0.1026 0.1969, 0.0197 0.2953 0.1969, 0.3973 0.1249 0.1969, 0.3897 0.1218 0.1969, 0.3832 0.1168 0.1969, 0.3782 0.1102 0.1969, 0.3751 0.1026 0.1969, 0.6026 -0.1249 0.1969, 0.6102 -0.1218 0.1969, 0.6167 -0.1168 0.1969, 0.6217 -0.1102 0.1969, 0.6217 0.1102 0.1969, 0.6167 0.1168 0.1969, 0.6102 0.1218 0.1969, 0.3973 -0.1249 0.1969, 0.4055 -0.126 0.1969, 0.5945 -0.126 0.1969, 0.6249 -0.1026 0.1969, 0.626 -0.0945 0.1969, 0.626 0.0945 0.1969, 0.6026 0.1249 0.1969, 0.5945 0.126 0.1969, 0.4055 0.126 0.1969, -1.6027 0.1249 0.1969, -1.6103 0.1218 0.1969, -1.9803 0.2953 0.1969, -0.5945 0.126 0.1969, -0.6027 0.1249 0.1969, -1.0 0.2756 0.1969, -0.6103 0.1218 0.1969, -0.6168 0.1168 0.1969, -0.6218 0.1102 0.1969, -0.3833 0.1168 0.1969, -0.3898 0.1218 0.1969, -0.0197 0.2953 0.1969, -0.3974 0.1249 0.1969, -0.9803 0.2953 0.1969, -1.6168 0.1168 0.1969, -1.6218 0.1102 0.1969, -2.0 0.2756 0.1969, -0.4055 0.126 0.1969, -2.0 -0.2106 0.1969, -1.6249 -0.1026 0.1969, -1.6218 -0.1102 0.1969, -1.0197 0.2953 0.1969, -1.6249 0.1026 0.1969, -1.626 0.0945 0.1969, -1.626 -0.0945 0.1969, -1.3898 0.1218 0.1969, -1.3974 0.1249 0.1969, -0.626 0.0945 0.1969, -1.4055 0.126 0.1969, -0.6249 0.1026 0.1969, -0.4055 -0.126 0.1969, -0.3974 -0.1249 0.1969, -0.3898 -0.1218 0.1969, -0.3833 -0.1168 0.1969, -0.3783 -0.1102 0.1969, -0.3751 0.1026 0.1969, -0.3783 0.1102 0.1969, -1.5945 0.126 0.1969, -1.374 0.0945 0.1969, -1.3751 0.1026 0.1969, -1.3783 0.1102 0.1969, -1.3833 0.1168 0.1969, -0.6168 -0.1168 0.1969, -0.6103 -0.1218 0.1969, -0.6027 -0.1249 0.1969, -0.5945 -0.126 0.1969, -1.6168 -0.1168 0.1969, -1.6103 -0.1218 0.1969, -1.6027 -0.1249 0.1969, -0.6249 -0.1026 0.1969, -0.6218 -0.1102 0.1969, -1.3833 -0.1168 0.1969, -1.3898 -0.1218 0.1969, -0.3751 -0.1026 0.1969, -0.374 -0.0945 0.1969, -0.374 0.0945 0.1969, -1.3783 -0.1102 0.1969, -1.3751 -0.1026 0.1969, -1.374 -0.0945 0.1969, -1.5945 -0.126 0.1969, -1.4055 -0.126 0.1969, -1.3974 -0.1249 0.1969, -0.626 -0.0945 0.1969, -2.6168 -0.1168 0.1969, -3.0 -0.2106 0.1969, -2.6218 -0.1102 0.1969, -2.6249 -0.1026 0.1969, -3.0 0.2756 0.1969, -2.626 0.0945 0.1969, -2.626 -0.0945 0.1969, -2.0197 0.2953 0.1969, -2.3833 0.1168 0.1969, -2.3898 0.1218 0.1969, -2.3898 -0.1218 0.1969, -2.3833 -0.1168 0.1969, -2.3783 -0.1102 0.1969, -2.3751 0.1026 0.1969, -2.3783 0.1102 0.1969, -2.6027 0.1249 0.1969, -2.6103 0.1218 0.1969, -2.9803 0.2953 0.1969, -2.6103 -0.1218 0.1969, -2.6027 -0.1249 0.1969, -2.5945 -0.126 0.1969, -2.6168 0.1168 0.1969, -2.6218 0.1102 0.1969, -2.6249 0.1026 0.1969, -2.4055 -0.126 0.1969, -2.3974 -0.1249 0.1969, -2.3751 -0.1026 0.1969, -2.374 -0.0945 0.1969, -2.374 0.0945 0.1969, -2.3974 0.1249 0.1969, -2.4055 0.126 0.1969, -2.5945 0.126 0.1969, -3.6249 -0.1026 0.1969, -3.6218 -0.1102 0.1969, -3.6168 -0.1168 0.1969, -3.6103 -0.1218 0.1969, -3.0197 0.2953 0.1969, -3.3833 0.1168 0.1969, -3.3898 0.1218 0.1969, -4.0 0.2756 0.1969, -3.626 0.0945 0.1969, -3.626 -0.0945 0.1969, -3.3974 -0.1249 0.1969, -3.3898 -0.1218 0.1969, -3.3833 -0.1168 0.1969, -3.3783 -0.1102 0.1969, -3.6027 0.1249 0.1969, -3.6103 0.1218 0.1969, -3.9803 0.2953 0.1969, -3.6027 -0.1249 0.1969, -3.5945 -0.126 0.1969, -3.4055 -0.126 0.1969, -3.3751 0.1026 0.1969, -3.3783 0.1102 0.1969, -3.6168 0.1168 0.1969, -3.6218 0.1102 0.1969, -3.6249 0.1026 0.1969, -3.3751 -0.1026 0.1969, -3.374 -0.0945 0.1969, -3.374 0.0945 0.1969, -3.3974 0.1249 0.1969, -3.4055 0.126 0.1969, -3.5945 0.126 0.1969, -4.6249 -0.1026 0.1969, -4.6218 -0.1102 0.1969, -4.6168 -0.1168 0.1969, -4.6103 -0.1218 0.1969, -4.6027 -0.1249 0.1969, -4.0197 0.2953 0.1969, -4.3833 0.1168 0.1969, -4.3898 0.1218 0.1969, -5.0 0.2756 0.1969, -4.626 0.0945 0.1969, -4.626 -0.0945 0.1969, -4.3898 -0.1218 0.1969, -4.3833 -0.1168 0.1969, -4.3783 -0.1102 0.1969, -4.6027 0.1249 0.1969, -4.6103 0.1218 0.1969, -4.9803 0.2953 0.1969, -4.5945 -0.126 0.1969, -4.4055 -0.126 0.1969, -4.3974 -0.1249 0.1969, -4.3751 0.1026 0.1969, -4.3783 0.1102 0.1969, -4.6168 0.1168 0.1969, -4.6218 0.1102 0.1969, -4.6249 0.1026 0.1969, -4.3751 -0.1026 0.1969, -4.374 -0.0945 0.1969, -4.374 0.0945 0.1969, -4.3974 0.1249 0.1969, -4.4055 0.126 0.1969, -4.5945 0.126 0.1969, -5.6249 -0.1026 0.1969, -5.6218 -0.1102 0.1969, -6.0 -0.2106 0.1969, -5.6168 -0.1168 0.1969, -5.6103 -0.1218 0.1969, -5.0197 0.2953 0.1969, -5.3833 0.1168 0.1969, -5.3898 0.1218 0.1969, -6.0 0.2756 0.1969, -5.626 0.0945 0.1969, -5.626 -0.0945 0.1969, -5.3974 -0.1249 0.1969, -5.3898 -0.1218 0.1969, -5.3833 -0.1168 0.1969, -5.3783 -0.1102 0.1969, -5.6027 0.1249 0.1969, -5.6103 0.1218 0.1969, -5.9803 0.2953 0.1969, -5.6027 -0.1249 0.1969, -5.5945 -0.126 0.1969, -5.4055 -0.126 0.1969, -5.3751 0.1026 0.1969, -5.3783 0.1102 0.1969, -5.6168 0.1168 0.1969, -5.6218 0.1102 0.1969, -5.6249 0.1026 0.1969, -5.3751 -0.1026 0.1969, -5.374 -0.0945 0.1969, -5.374 0.0945 0.1969, -5.3974 0.1249 0.1969, -5.4055 0.126 0.1969, -5.5945 0.126 0.1969, -6.6218 -0.1102 0.1969, -6.6168 -0.1168 0.1969, -6.813 -0.2106 0.1969, -6.6103 -0.1218 0.1969, -6.4055 -0.126 0.1969, -6.3974 -0.1249 0.1969, -6.626 0.0945 0.1969, -6.626 -0.0945 0.1969, -6.6249 -0.1026 0.1969, -6.3898 -0.1218 0.1969, -6.3833 -0.1168 0.1969, -6.3783 -0.1102 0.1969, -6.0197 0.2953 0.1969, -6.3751 0.1026 0.1969, -6.6218 0.1102 0.1969, -6.6249 0.1026 0.1969, -6.3783 0.1102 0.1969, -6.3833 0.1168 0.1969, -6.3898 0.1218 0.1969, -6.6027 -0.1249 0.1969, -6.5945 -0.126 0.1969, -6.6027 0.1249 0.1969, -6.6103 0.1218 0.1969, -6.6168 0.1168 0.1969, -6.3751 -0.1026 0.1969, -6.374 -0.0945 0.1969, -6.374 0.0945 0.1969, -6.3974 0.1249 0.1969, -6.4055 0.126 0.1969, -6.5945 0.126 0.1969, -7.0 -0.2106 0.1969, -6.813 -0.2953 0.1969, -6.9803 -0.2953 0.1969, -7.0 -0.2756 0.1969, -6.0197 -0.2953 0.1969, -5.0197 -0.2953 0.1969, -5.9803 -0.2953 0.1969, -6.0 -0.2756 0.1969, -3.0 -0.2756 0.1969, -3.0197 -0.2953 0.1969, -3.9803 -0.2953 0.1969, -4.0 -0.2756 0.1969, -4.0197 -0.2953 0.1969, -4.9803 -0.2953 0.1969, -1.0 -0.2756 0.1969, -1.0197 -0.2953 0.1969, -1.9803 -0.2953 0.1969, -2.0 -0.2756 0.1969, -2.0197 -0.2953 0.1969, -2.9803 -0.2953 0.1969, 0.9803 -0.2953 0.1969, 0.0197 -0.2953 0.1969, -0.0 -0.2756 0.1969, -0.0197 -0.2953 0.1969, -0.9803 -0.2953 0.1969, 2.9803 -0.2953 0.1969, 2.0197 -0.2953 0.1969, 2.0 -0.2756 0.1969, 1.9803 -0.2953 0.1969, 1.0197 -0.2953 0.1969, 4.9803 -0.2953 0.1969, 4.0197 -0.2953 0.1969, 4.0 -0.2756 0.1969, 3.9803 -0.2953 0.1969, 3.0197 -0.2953 0.1969, 6.9803 -0.2953 0.1969, 6.0197 -0.2953 0.1969, 6.0 -0.2756 0.1969, 5.9803 -0.2953 0.1969, 5.0197 -0.2953 0.1969, -6.0394 0.315 0.9843, -6.3833 0.1168 0.9843, -6.3783 0.1102 0.9843, -6.7835 0.4921 0.9843, -6.6168 0.1168 0.9843, -6.6103 0.1218 0.9843, -6.3751 0.1026 0.9843, -6.374 0.0945 0.9843, -6.0394 -0.315 0.9843, -6.374 -0.0945 0.9843, -6.3751 -0.1026 0.9843, -6.3783 -0.1102 0.9843, -6.3833 -0.1168 0.9843, -6.2166 -0.4921 0.9843, -6.3898 -0.1218 0.9843, -6.6027 -0.1249 0.9843, -6.6103 -0.1218 0.9843, -6.7835 -0.4921 0.9843, -6.6168 -0.1168 0.9843, -7.0 -0.2756 0.9843, -6.6218 -0.1102 0.9843, -6.6218 0.1102 0.9843, -7.0 0.2756 0.9843, -6.6249 0.1026 0.9843, -6.3898 0.1218 0.9843, -6.2166 0.4921 0.9843, -6.3974 0.1249 0.9843, -6.6027 0.1249 0.9843, -6.5945 0.126 0.9843, -6.4055 0.126 0.9843, -6.3974 -0.1249 0.9843, -6.4055 -0.126 0.9843, -6.5945 -0.126 0.9843, -6.6249 -0.1026 0.9843, -6.626 -0.0945 0.9843, -6.626 0.0945 0.9843, -5.0394 0.315 0.9843, -5.3833 0.1168 0.9843, -5.3783 0.1102 0.9843, -5.3751 0.1026 0.9843, -5.374 0.0945 0.9843, -5.0394 -0.315 0.9843, -5.374 -0.0945 0.9843, -5.3751 -0.1026 0.9843, -5.3783 -0.1102 0.9843, -5.3833 -0.1168 0.9843, -5.2166 -0.4921 0.9843, -5.3898 -0.1218 0.9843, -5.9606 -0.315 0.9843, -5.6168 -0.1168 0.9843, -5.6218 -0.1102 0.9843, -5.6103 0.1218 0.9843, -5.7835 0.4921 0.9843, -5.6168 0.1168 0.9843, -5.9606 0.315 0.9843, -5.6218 0.1102 0.9843, -5.6249 0.1026 0.9843, -5.3898 0.1218 0.9843, -5.2166 0.4921 0.9843, -5.3974 0.1249 0.9843, -5.6103 -0.1218 0.9843, -5.7835 -0.4921 0.9843, -5.6027 -0.1249 0.9843, -5.6249 -0.1026 0.9843, -5.626 -0.0945 0.9843, -5.626 0.0945 0.9843, -5.6027 0.1249 0.9843, -5.5945 0.126 0.9843, -5.4055 0.126 0.9843, -5.3974 -0.1249 0.9843, -5.4055 -0.126 0.9843, -5.5945 -0.126 0.9843, -4.0394 0.315 0.9843, -4.3833 0.1168 0.9843, -4.3783 0.1102 0.9843, -4.3751 0.1026 0.9843, -4.374 0.0945 0.9843, -4.0394 -0.315 0.9843, -4.374 -0.0945 0.9843, -4.3751 -0.1026 0.9843, -4.3783 -0.1102 0.9843, -4.3833 -0.1168 0.9843, -4.2166 -0.4921 0.9843, -4.3898 -0.1218 0.9843, -4.9606 -0.315 0.9843, -4.6168 -0.1168 0.9843, -4.6218 -0.1102 0.9843, -4.6103 0.1218 0.9843, -4.7835 0.4921 0.9843, -4.6168 0.1168 0.9843, -4.9606 0.315 0.9843, -4.6218 0.1102 0.9843, -4.6249 0.1026 0.9843, -4.3898 0.1218 0.9843, -4.2166 0.4921 0.9843, -4.3974 0.1249 0.9843, -4.6103 -0.1218 0.9843, -4.7835 -0.4921 0.9843, -4.6027 -0.1249 0.9843, -4.6249 -0.1026 0.9843, -4.626 -0.0945 0.9843, -4.626 0.0945 0.9843, -4.6027 0.1249 0.9843, -4.5945 0.126 0.9843, -4.4055 0.126 0.9843, -4.3974 -0.1249 0.9843, -4.4055 -0.126 0.9843, -4.5945 -0.126 0.9843, -3.0394 0.315 0.9843, -3.3833 0.1168 0.9843, -3.3783 0.1102 0.9843, -3.3751 0.1026 0.9843, -3.374 0.0945 0.9843, -3.0394 -0.315 0.9843, -3.374 -0.0945 0.9843, -3.3751 -0.1026 0.9843, -3.3783 -0.1102 0.9843, -3.3833 -0.1168 0.9843, -3.2166 -0.4921 0.9843, -3.3898 -0.1218 0.9843, -3.9606 -0.315 0.9843, -3.6168 -0.1168 0.9843, -3.6218 -0.1102 0.9843, -3.6103 0.1218 0.9843, -3.7835 0.4921 0.9843, -3.6168 0.1168 0.9843, -3.9606 0.315 0.9843, -3.6218 0.1102 0.9843, -3.6249 0.1026 0.9843, -3.3898 0.1218 0.9843, -3.2166 0.4921 0.9843, -3.3974 0.1249 0.9843, -3.6103 -0.1218 0.9843, -3.7835 -0.4921 0.9843, -3.6027 -0.1249 0.9843, -3.6249 -0.1026 0.9843, -3.626 -0.0945 0.9843, -3.626 0.0945 0.9843, -3.6027 0.1249 0.9843, -3.5945 0.126 0.9843, -3.4055 0.126 0.9843, -3.3974 -0.1249 0.9843, -3.4055 -0.126 0.9843, -3.5945 -0.126 0.9843, -2.6027 -0.1249 0.9843, -2.6103 -0.1218 0.9843, -2.7835 -0.4921 0.9843, -2.3898 -0.1218 0.9843, -2.2166 -0.4921 0.9843, -2.3833 -0.1168 0.9843, -2.0394 -0.315 0.9843, -2.3783 -0.1102 0.9843, -2.3751 -0.1026 0.9843, -2.3783 0.1102 0.9843, -2.3751 0.1026 0.9843, -2.0394 0.315 0.9843, -2.374 0.0945 0.9843, -2.374 -0.0945 0.9843, -2.9606 -0.315 0.9843, -2.6168 -0.1168 0.9843, -2.6218 -0.1102 0.9843, -2.3974 0.1249 0.9843, -2.3898 0.1218 0.9843, -2.2166 0.4921 0.9843, -2.6103 0.1218 0.9843, -2.7835 0.4921 0.9843, -2.6168 0.1168 0.9843, -2.9606 0.315 0.9843, -2.6218 0.1102 0.9843, -2.6249 0.1026 0.9843, -2.6249 -0.1026 0.9843, -2.626 -0.0945 0.9843, -2.626 0.0945 0.9843, -2.3833 0.1168 0.9843, -2.3974 -0.1249 0.9843, -2.4055 -0.126 0.9843, -2.5945 -0.126 0.9843, -2.6027 0.1249 0.9843, -2.5945 0.126 0.9843, -2.4055 0.126 0.9843, -1.6027 -0.1249 0.9843, -1.6103 -0.1218 0.9843, -1.7835 -0.4921 0.9843, -1.9606 -0.315 0.9843, -1.6168 -0.1168 0.9843, -1.6218 -0.1102 0.9843, -1.3783 0.1102 0.9843, -1.3751 0.1026 0.9843, -1.0394 0.315 0.9843, -1.374 0.0945 0.9843, -1.0394 -0.315 0.9843, -1.374 -0.0945 0.9843, -1.3751 -0.1026 0.9843, -1.6103 0.1218 0.9843, -1.7835 0.4921 0.9843, -1.6168 0.1168 0.9843, -1.9606 0.315 0.9843, -1.6218 0.1102 0.9843, -1.6249 0.1026 0.9843, -1.3974 0.1249 0.9843, -1.3898 0.1218 0.9843, -1.2166 0.4921 0.9843, -1.3898 -0.1218 0.9843, -1.2166 -0.4921 0.9843, -1.3833 -0.1168 0.9843, -1.3783 -0.1102 0.9843, -1.6249 -0.1026 0.9843, -1.626 -0.0945 0.9843, -1.626 0.0945 0.9843, -1.3833 0.1168 0.9843, -1.3974 -0.1249 0.9843, -1.4055 -0.126 0.9843, -1.5945 -0.126 0.9843, -1.6027 0.1249 0.9843, -1.5945 0.126 0.9843, -1.4055 0.126 0.9843, -0.3974 0.1249 0.9843, -0.3898 0.1218 0.9843, -0.2166 0.4921 0.9843, -0.0394 0.315 0.9843, -0.3833 0.1168 0.9843, -0.3783 0.1102 0.9843, -0.9606 -0.315 0.9843, -0.6168 -0.1168 0.9843, -0.6218 -0.1102 0.9843, -0.3751 0.1026 0.9843, -0.374 0.0945 0.9843, -0.0394 -0.315 0.9843, -0.374 -0.0945 0.9843, -0.3751 -0.1026 0.9843, -0.3783 -0.1102 0.9843, -0.3833 -0.1168 0.9843, -0.2166 -0.4921 0.9843, -0.3898 -0.1218 0.9843, -0.6103 0.1218 0.9843, -0.7835 0.4921 0.9843, -0.6168 0.1168 0.9843, -0.9606 0.315 0.9843, -0.6218 0.1102 0.9843, -0.6249 0.1026 0.9843, -0.6027 0.1249 0.9843, -0.5945 0.126 0.9843, -0.4055 0.126 0.9843, -0.6103 -0.1218 0.9843, -0.7835 -0.4921 0.9843, -0.6027 -0.1249 0.9843, -0.3974 -0.1249 0.9843, -0.4055 -0.126 0.9843, -0.5945 -0.126 0.9843, -0.6249 -0.1026 0.9843, -0.626 -0.0945 0.9843, -0.626 0.0945 0.9843, 0.0394 -0.315 0.9843, 0.3832 -0.1168 0.9843, 0.3782 -0.1102 0.9843, 0.6026 0.1249 0.9843, 0.6102 0.1218 0.9843, 0.7834 0.4921 0.9843, 0.6102 -0.1218 0.9843, 0.7834 -0.4921 0.9843, 0.6167 -0.1168 0.9843, 0.9606 -0.315 0.9843, 0.6217 -0.1102 0.9843, 0.6249 -0.1026 0.9843, 0.3751 -0.1026 0.9843, 0.374 -0.0945 0.9843, 0.0394 0.315 0.9843, 0.374 0.0945 0.9843, 0.3751 0.1026 0.9843, 0.3897 -0.1218 0.9843, 0.2165 -0.4921 0.9843, 0.3973 -0.1249 0.9843, 0.3782 0.1102 0.9843, 0.3832 0.1168 0.9843, 0.2165 0.4921 0.9843, 0.3897 0.1218 0.9843, 0.9606 0.315 0.9843, 0.6167 0.1168 0.9843, 0.6217 0.1102 0.9843, 0.6249 0.1026 0.9843, 0.626 0.0945 0.9843, 0.626 -0.0945 0.9843, 0.6026 -0.1249 0.9843, 0.5945 -0.126 0.9843, 0.4055 -0.126 0.9843, 0.3973 0.1249 0.9843, 0.4055 0.126 0.9843, 0.5945 0.126 0.9843, 1.6217 0.1102 0.9843, 1.6249 0.1026 0.9843, 1.9606 0.315 0.9843, 1.626 0.0945 0.9843, 1.9606 -0.315 0.9843, 1.626 -0.0945 0.9843, 1.6249 -0.1026 0.9843, 1.6026 0.1249 0.9843, 1.6102 0.1218 0.9843, 1.7834 0.4921 0.9843, 1.6102 -0.1218 0.9843, 1.7834 -0.4921 0.9843, 1.6167 -0.1168 0.9843, 1.6217 -0.1102 0.9843, 1.3973 -0.1249 0.9843, 1.3897 -0.1218 0.9843, 1.2165 -0.4921 0.9843, 1.6167 0.1168 0.9843, 1.3751 0.1026 0.9843, 1.3782 0.1102 0.9843, 1.0394 0.315 0.9843, 1.3832 0.1168 0.9843, 1.2165 0.4921 0.9843, 1.3897 0.1218 0.9843, 1.0394 -0.315 0.9843, 1.3832 -0.1168 0.9843, 1.3782 -0.1102 0.9843, 1.3751 -0.1026 0.9843, 1.374 -0.0945 0.9843, 1.374 0.0945 0.9843, 1.6026 -0.1249 0.9843, 1.5945 -0.126 0.9843, 1.4055 -0.126 0.9843, 1.3973 0.1249 0.9843, 1.4055 0.126 0.9843, 1.5945 0.126 0.9843, 2.3973 -0.1249 0.9843, 2.3897 -0.1218 0.9843, 2.2165 -0.4921 0.9843, 2.6102 -0.1218 0.9843, 2.7834 -0.4921 0.9843, 2.6167 -0.1168 0.9843, 2.9606 -0.315 0.9843, 2.6217 -0.1102 0.9843, 2.6249 -0.1026 0.9843, 2.6217 0.1102 0.9843, 2.6249 0.1026 0.9843, 2.9606 0.315 0.9843, 2.626 0.0945 0.9843, 2.626 -0.0945 0.9843, 2.0394 -0.315 0.9843, 2.3832 -0.1168 0.9843, 2.3782 -0.1102 0.9843, 2.6026 0.1249 0.9843, 2.6102 0.1218 0.9843, 2.7834 0.4921 0.9843, 2.3897 0.1218 0.9843, 2.2165 0.4921 0.9843, 2.3832 0.1168 0.9843, 2.0394 0.315 0.9843, 2.3782 0.1102 0.9843, 2.3751 0.1026 0.9843, 2.3751 -0.1026 0.9843, 2.374 -0.0945 0.9843, 2.374 0.0945 0.9843, 2.6167 0.1168 0.9843, 2.6026 -0.1249 0.9843, 2.5945 -0.126 0.9843, 2.4055 -0.126 0.9843, 2.3973 0.1249 0.9843, 2.4055 0.126 0.9843, 2.5945 0.126 0.9843, 3.9606 0.315 0.9843, 3.6167 0.1168 0.9843, 3.6217 0.1102 0.9843, 3.6249 0.1026 0.9843, 3.626 0.0945 0.9843, 3.9606 -0.315 0.9843, 3.626 -0.0945 0.9843, 3.6249 -0.1026 0.9843, 3.6217 -0.1102 0.9843, 3.6167 -0.1168 0.9843, 3.7834 -0.4921 0.9843, 3.6102 -0.1218 0.9843, 3.0394 -0.315 0.9843, 3.3832 -0.1168 0.9843, 3.3782 -0.1102 0.9843, 3.3897 0.1218 0.9843, 3.2165 0.4921 0.9843, 3.3832 0.1168 0.9843, 3.0394 0.315 0.9843, 3.3782 0.1102 0.9843, 3.3751 0.1026 0.9843, 3.6102 0.1218 0.9843, 3.7834 0.4921 0.9843, 3.6026 0.1249 0.9843, 3.3897 -0.1218 0.9843, 3.2165 -0.4921 0.9843, 3.3973 -0.1249 0.9843, 3.3751 -0.1026 0.9843, 3.374 -0.0945 0.9843, 3.374 0.0945 0.9843, 3.3973 0.1249 0.9843, 3.4055 0.126 0.9843, 3.5945 0.126 0.9843, 3.6026 -0.1249 0.9843, 3.5945 -0.126 0.9843, 3.4055 -0.126 0.9843, 4.9606 0.315 0.9843, 4.6167 0.1168 0.9843, 4.6217 0.1102 0.9843, 4.6249 0.1026 0.9843, 4.626 0.0945 0.9843, 4.9606 -0.315 0.9843, 4.626 -0.0945 0.9843, 4.6249 -0.1026 0.9843, 4.6217 -0.1102 0.9843, 4.6167 -0.1168 0.9843, 4.7834 -0.4921 0.9843, 4.6102 -0.1218 0.9843, 4.0394 -0.315 0.9843, 4.3832 -0.1168 0.9843, 4.3782 -0.1102 0.9843, 4.3897 0.1218 0.9843, 4.2165 0.4921 0.9843, 4.3832 0.1168 0.9843, 4.0394 0.315 0.9843, 4.3782 0.1102 0.9843, 4.3751 0.1026 0.9843, 4.6102 0.1218 0.9843, 4.7834 0.4921 0.9843, 4.6026 0.1249 0.9843, 4.3897 -0.1218 0.9843, 4.2165 -0.4921 0.9843, 4.3973 -0.1249 0.9843, 4.3751 -0.1026 0.9843, 4.374 -0.0945 0.9843, 4.374 0.0945 0.9843, 4.3973 0.1249 0.9843, 4.4055 0.126 0.9843, 4.5945 0.126 0.9843, 4.6026 -0.1249 0.9843, 4.5945 -0.126 0.9843, 4.4055 -0.126 0.9843, 5.9606 0.315 0.9843, 5.6167 0.1168 0.9843, 5.6217 0.1102 0.9843, 5.6249 0.1026 0.9843, 5.626 0.0945 0.9843, 5.9606 -0.315 0.9843, 5.626 -0.0945 0.9843, 5.6249 -0.1026 0.9843, 5.6217 -0.1102 0.9843, 5.6167 -0.1168 0.9843, 5.7834 -0.4921 0.9843, 5.6102 -0.1218 0.9843, 5.0393 -0.315 0.9843, 5.3832 -0.1168 0.9843, 5.3782 -0.1102 0.9843, 5.3897 0.1218 0.9843, 5.2165 0.4921 0.9843, 5.3832 0.1168 0.9843, 5.0393 0.315 0.9843, 5.3782 0.1102 0.9843, 5.3751 0.1026 0.9843, 5.6102 0.1218 0.9843, 5.7834 0.4921 0.9843, 5.6026 0.1249 0.9843, 5.3897 -0.1218 0.9843, 5.2165 -0.4921 0.9843, 5.3973 -0.1249 0.9843, 5.3751 -0.1026 0.9843, 5.374 -0.0945 0.9843, 5.374 0.0945 0.9843, 5.3973 0.1249 0.9843, 5.4055 0.126 0.9843, 5.5945 0.126 0.9843, 5.6026 -0.1249 0.9843, 5.5945 -0.126 0.9843, 5.4055 -0.126 0.9843, 6.626 -0.0945 0.9843, 6.626 0.0945 0.9843, 6.6249 0.1026 0.9843, 6.6249 -0.1026 0.9843, 6.6217 -0.1102 0.9843, 6.7834 -0.4921 0.9843, 6.6167 -0.1168 0.9843, 6.6102 -0.1218 0.9843, 6.0394 -0.315 0.9843, 6.3832 -0.1168 0.9843, 6.3782 -0.1102 0.9843, 6.3751 0.1026 0.9843, 6.3782 0.1102 0.9843, 6.0394 0.315 0.9843, 6.3832 0.1168 0.9843, 6.2165 0.4921 0.9843, 6.3897 0.1218 0.9843, 6.6026 0.1249 0.9843, 6.6102 0.1218 0.9843, 6.7834 0.4921 0.9843, 6.6167 0.1168 0.9843, 6.6217 0.1102 0.9843, 6.3897 -0.1218 0.9843, 6.2165 -0.4921 0.9843, 6.3973 -0.1249 0.9843, 6.3973 0.1249 0.9843, 6.4055 0.126 0.9843, 6.5945 0.126 0.9843, 6.6026 -0.1249 0.9843, 6.5945 -0.126 0.9843, 6.4055 -0.126 0.9843, 6.3751 -0.1026 0.9843, 6.374 -0.0945 0.9843, 6.374 0.0945 0.9843, 6.0197 0.2953 0.0, 6.2165 0.4921 0.0, 6.9803 0.2953 0.0, 6.7834 0.4921 0.0, 5.0197 0.2953 0.0, 5.2165 0.4921 0.0, 5.9803 0.2953 0.0, 5.7834 0.4921 0.0, 4.0197 0.2953 0.0, 4.2165 0.4921 0.0, 4.9803 0.2953 0.0, 4.7834 0.4921 0.0, 3.0197 0.2953 0.0, 3.2165 0.4921 0.0, 3.9803 0.2953 0.0, 3.7834 0.4921 0.0, 2.0197 0.2953 0.0, 2.2165 0.4921 0.0, 2.9803 0.2953 0.0, 2.7834 0.4921 0.0, 1.0197 0.2953 0.0, 1.2165 0.4921 0.0, 1.9803 0.2953 0.0, 1.7834 0.4921 0.0, 0.0197 0.2953 0.0, 0.2165 0.4921 0.0, 0.9803 0.2953 0.0, 0.7834 0.4921 0.0, -0.9803 0.2953 0.0, -0.7835 0.4921 0.0, -0.0197 0.2953 0.0, -0.2166 0.4921 0.0, -1.9803 0.2953 0.0, -1.7835 0.4921 0.0, -1.0197 0.2953 0.0, -1.2166 0.4921 0.0, -2.9803 0.2953 0.0, -2.7835 0.4921 0.0, -2.0197 0.2953 0.0, -2.2166 0.4921 0.0, -3.9803 0.2953 0.0, -3.7835 0.4921 0.0, -3.0197 0.2953 0.0, -3.2166 0.4921 0.0, -4.9803 0.2953 0.0, -4.7835 0.4921 0.0, -4.0197 0.2953 0.0, -4.2166 0.4921 0.0, -5.9803 0.2953 0.0, -5.7835 0.4921 0.0, -5.0197 0.2953 0.0, -5.2166 0.4921 0.0, -6.9803 0.2953 0.0, -6.7835 0.4921 0.0, -6.0197 0.2953 0.0, -6.2166 0.4921 0.0, -6.0197 -0.2953 0.0, -6.2166 -0.4921 0.0, -6.9803 -0.2953 0.0, -6.7835 -0.4921 0.0, -5.0197 -0.2953 0.0, -5.2166 -0.4921 0.0, -5.9803 -0.2953 0.0, -5.7835 -0.4921 0.0, -4.0197 -0.2953 0.0, -4.2166 -0.4921 0.0, -4.9803 -0.2953 0.0, -4.7835 -0.4921 0.0, -3.0197 -0.2953 0.0, -3.2166 -0.4921 0.0, -3.9803 -0.2953 0.0, -3.7835 -0.4921 0.0, -2.0197 -0.2953 0.0, -2.2166 -0.4921 0.0, -2.9803 -0.2953 0.0, -2.7835 -0.4921 0.0, -1.0197 -0.2953 0.0, -1.2166 -0.4921 0.0, -1.9803 -0.2953 0.0, -1.7835 -0.4921 0.0, -0.0197 -0.2953 0.0, -0.2166 -0.4921 0.0, -0.9803 -0.2953 0.0, -0.7835 -0.4921 0.0, 0.9803 -0.2953 0.0, 0.7834 -0.4921 0.0, 0.0197 -0.2953 0.0, 0.2165 -0.4921 0.0, 1.9803 -0.2953 0.0, 1.7834 -0.4921 0.0, 1.0197 -0.2953 0.0, 1.2165 -0.4921 0.0, 2.9803 -0.2953 0.0, 2.7834 -0.4921 0.0, 2.0197 -0.2953 0.0, 2.2165 -0.4921 0.0, 3.9803 -0.2953 0.0, 3.7834 -0.4921 0.0, 3.0197 -0.2953 0.0, 3.2165 -0.4921 0.0, 4.9803 -0.2953 0.0, 4.7834 -0.4921 0.0, 4.0197 -0.2953 0.0, 4.2165 -0.4921 0.0, 5.9803 -0.2953 0.0, 5.7834 -0.4921 0.0, 5.0197 -0.2953 0.0, 5.2165 -0.4921 0.0, 6.7834 -0.4921 0.0, 6.2165 -0.4921 0.0, 6.9803 -0.2953 0.0, 6.0197 -0.2953 0.0, 6.0 0.2756 0.9449, 6.0 -0.2756 0.9449, -6.0 0.2756 0.9449, -5.0 0.2756 0.9449, -4.0 0.2756 0.9449, -3.0 0.2756 0.9449, -2.0 0.2756 0.9449, -1.0 0.2756 0.9449, -0.0 0.2756 0.9449, 1.0 0.2756 0.9449, 2.0 0.2756 0.9449, 3.0 0.2756 0.9449, 4.0 0.2756 0.9449, 5.0 0.2756 0.9449, -6.0 -0.2756 0.9449, -5.0 -0.2756 0.9449, -4.0 -0.2756 0.9449, -3.0 -0.2756 0.9449, -2.0 -0.2756 0.9449, -1.0 -0.2756 0.9449, -0.0 -0.2756 0.9449, 1.0 -0.2756 0.9449, 2.0 -0.2756 0.9449, 3.0 -0.2756 0.9449, 4.0 -0.2756 0.9449, 5.0 -0.2756 0.9449
            ]
        }
        coordIndex [
            0,1,2,-1,3,4,5,-1,6,7,8,-1,9,10,11,-1,12,13,14,-1,15,16,17,-1,18,19,20,-1,20,19,21,-1,22,23,20,-1,20,23,24,-1,20,24,25,-1,25,26,20,-1,20,26,27,-1,20,27,18,-1,28,29,30,-1,30,29,31,-1,31,29,32,-1,31,32,33,-1,28,30,34,-1,34,30,35,-1,34,35,36,-1,35,37,36,-1,36,37,38,-1,36,38,39,-1,39,38,40,-1,39,40,41,-1,42,43,35,-1,35,43,44,-1,35,44,37,-1,17,16,45,-1,16,46,45,-1,45,46,47,-1,45,47,35,-1,35,47,48,-1,35,48,42,-1,49,50,51,-1,51,50,52,-1,52,53,51,-1,51,53,54,-1,51,54,17,-1,17,54,55,-1,17,55,15,-1,56,49,57,-1,57,49,51,-1,57,51,58,-1,58,51,59,-1,58,59,60,-1,60,59,61,-1,62,63,64,-1,65,66,59,-1,59,66,67,-1,59,67,61,-1,64,68,62,-1,62,68,69,-1,62,69,65,-1,65,69,70,-1,65,70,66,-1,71,72,63,-1,63,72,73,-1,63,73,74,-1,74,75,63,-1,63,75,76,-1,63,76,64,-1,77,78,79,-1,80,81,79,-1,79,81,82,-1,79,82,83,-1,84,85,86,-1,86,85,87,-1,88,71,89,-1,89,71,90,-1,89,90,91,-1,88,92,71,-1,71,92,93,-1,71,93,94,-1,95,96,86,-1,86,96,97,-1,86,97,84,-1,98,99,72,-1,72,99,100,-1,95,86,101,-1,101,86,102,-1,101,102,103,-1,100,104,72,-1,72,104,105,-1,72,105,106,-1,103,102,107,-1,107,102,108,-1,107,108,106,-1,106,108,109,-1,106,109,72,-1,110,111,83,-1,83,111,112,-1,83,112,79,-1,79,112,113,-1,79,113,77,-1,87,114,86,-1,86,114,115,-1,86,115,116,-1,94,117,71,-1,71,117,118,-1,71,118,72,-1,72,118,119,-1,72,119,98,-1,120,121,122,-1,122,123,120,-1,120,123,124,-1,120,124,125,-1,121,120,126,-1,126,120,127,-1,126,127,83,-1,83,127,128,-1,83,128,110,-1,129,130,86,-1,86,130,131,-1,86,131,79,-1,79,131,132,-1,79,132,80,-1,116,133,86,-1,86,133,134,-1,86,134,129,-1,135,136,137,-1,137,136,138,-1,137,138,139,-1,139,83,137,-1,137,83,82,-1,137,82,140,-1,140,82,141,-1,141,142,140,-1,140,142,143,-1,140,143,144,-1,145,146,135,-1,147,136,148,-1,148,136,135,-1,148,135,149,-1,149,135,150,-1,146,151,135,-1,135,151,152,-1,135,152,150,-1,147,153,136,-1,136,153,154,-1,136,154,155,-1,156,157,158,-1,158,157,159,-1,158,159,135,-1,135,159,160,-1,135,160,145,-1,161,162,155,-1,155,162,163,-1,155,163,136,-1,19,164,21,-1,21,164,165,-1,21,165,90,-1,90,165,166,-1,90,166,91,-1,167,168,169,-1,14,13,170,-1,170,13,171,-1,170,171,172,-1,173,174,175,-1,175,174,176,-1,175,176,177,-1,177,176,167,-1,177,167,178,-1,179,180,181,-1,181,180,182,-1,181,182,172,-1,169,168,183,-1,183,168,184,-1,183,184,185,-1,186,187,188,-1,189,190,191,-1,191,190,192,-1,191,192,193,-1,193,192,186,-1,193,186,194,-1,194,186,188,-1,195,196,197,-1,198,199,200,-1,201,202,195,-1,202,203,195,-1,195,203,204,-1,195,204,196,-1,196,204,205,-1,198,200,195,-1,195,200,206,-1,195,206,201,-1,207,208,209,-1,209,208,210,-1,209,210,197,-1,197,210,211,-1,197,211,195,-1,212,213,10,-1,10,213,214,-1,10,214,11,-1,215,216,11,-1,217,218,219,-1,220,221,11,-1,11,221,222,-1,205,223,196,-1,196,223,224,-1,196,224,219,-1,219,224,225,-1,219,225,217,-1,218,226,219,-1,219,226,227,-1,219,227,228,-1,228,227,229,-1,228,229,215,-1,230,231,216,-1,216,231,232,-1,216,232,11,-1,11,232,233,-1,11,233,220,-1,222,234,11,-1,11,234,235,-1,11,235,9,-1,236,237,238,-1,238,239,236,-1,236,239,240,-1,236,240,241,-1,241,240,242,-1,241,242,243,-1,243,242,244,-1,243,244,216,-1,216,244,245,-1,216,245,230,-1,237,236,246,-1,246,236,247,-1,246,247,248,-1,248,247,249,-1,248,249,250,-1,250,251,248,-1,248,251,252,-1,248,252,253,-1,254,255,199,-1,199,255,256,-1,199,256,200,-1,254,257,255,-1,255,257,258,-1,255,258,259,-1,259,258,260,-1,259,261,262,-1,260,263,259,-1,259,263,264,-1,259,264,265,-1,265,266,259,-1,259,266,267,-1,259,267,261,-1,262,268,259,-1,259,268,269,-1,259,269,270,-1,271,272,273,-1,274,275,273,-1,273,275,276,-1,273,276,271,-1,272,271,277,-1,277,271,278,-1,277,278,279,-1,275,280,276,-1,276,280,281,-1,276,281,282,-1,282,281,283,-1,282,283,284,-1,284,283,285,-1,284,285,279,-1,279,285,286,-1,279,286,277,-1,287,288,289,-1,289,288,290,-1,291,292,293,-1,293,292,294,-1,293,294,295,-1,295,294,296,-1,295,296,297,-1,297,296,298,-1,297,298,299,-1,299,298,300,-1,299,300,301,-1,301,300,302,-1,303,304,305,-1,289,298,287,-1,287,298,296,-1,287,296,306,-1,306,296,307,-1,306,307,305,-1,305,307,308,-1,305,308,303,-1,290,288,309,-1,309,288,310,-1,309,310,303,-1,311,312,313,-1,313,312,314,-1,311,315,312,-1,312,315,316,-1,312,316,317,-1,317,316,318,-1,319,320,312,-1,312,320,321,-1,312,321,322,-1,303,310,304,-1,304,310,323,-1,304,323,324,-1,324,323,325,-1,324,325,312,-1,312,325,326,-1,312,326,319,-1,322,327,312,-1,312,327,328,-1,312,328,314,-1,329,330,331,-1,332,333,316,-1,316,333,334,-1,316,334,318,-1,329,331,316,-1,316,331,335,-1,316,335,332,-1,336,337,338,-1,338,337,339,-1,338,339,310,-1,310,339,340,-1,310,340,323,-1,341,342,343,-1,343,342,344,-1,343,344,345,-1,346,347,348,-1,349,350,346,-1,346,350,351,-1,346,351,347,-1,352,353,346,-1,346,353,354,-1,346,354,349,-1,7,355,356,-1,356,355,357,-1,356,357,352,-1,352,357,358,-1,352,358,353,-1,359,360,8,-1,360,361,8,-1,8,361,362,-1,8,362,6,-1,359,8,363,-1,363,8,364,-1,363,364,365,-1,365,364,366,-1,366,364,196,-1,366,196,367,-1,324,368,304,-1,304,368,369,-1,304,369,370,-1,370,369,371,-1,370,371,372,-1,373,374,375,-1,375,374,376,-1,377,378,379,-1,380,381,196,-1,381,382,196,-1,196,382,383,-1,196,383,384,-1,373,385,374,-1,374,385,386,-1,374,386,387,-1,387,386,388,-1,389,390,388,-1,388,390,391,-1,388,391,387,-1,392,393,377,-1,377,393,394,-1,377,394,378,-1,395,396,397,-1,397,396,398,-1,397,398,399,-1,379,400,377,-1,377,400,401,-1,377,401,364,-1,364,401,376,-1,364,376,402,-1,402,376,374,-1,402,403,364,-1,364,403,404,-1,364,404,196,-1,196,404,405,-1,196,405,380,-1,384,406,196,-1,196,406,407,-1,196,407,197,-1,197,407,408,-1,197,408,397,-1,409,410,388,-1,388,410,411,-1,388,411,412,-1,412,413,388,-1,388,413,414,-1,388,414,389,-1,415,416,417,-1,417,416,418,-1,416,419,418,-1,418,419,420,-1,418,420,377,-1,377,420,421,-1,377,421,392,-1,422,423,11,-1,215,11,228,-1,228,11,423,-1,228,423,190,-1,190,423,424,-1,190,424,192,-1,425,426,422,-1,427,428,429,-1,429,428,430,-1,429,430,425,-1,425,422,429,-1,429,422,11,-1,429,11,431,-1,431,11,214,-1,431,214,432,-1,431,433,429,-1,429,433,434,-1,429,434,435,-1,436,437,438,-1,438,437,439,-1,438,439,214,-1,214,439,440,-1,214,440,432,-1,435,441,429,-1,429,441,442,-1,429,442,427,-1,443,444,445,-1,443,445,446,-1,444,447,445,-1,445,447,448,-1,445,448,438,-1,438,448,449,-1,438,449,436,-1,3,450,451,-1,451,450,445,-1,451,445,452,-1,452,445,438,-1,452,438,453,-1,453,438,214,-1,453,214,454,-1,454,214,213,-1,454,213,455,-1,455,213,417,-1,455,417,456,-1,456,417,418,-1,457,458,459,-1,459,458,460,-1,459,460,4,-1,212,207,213,-1,213,207,209,-1,213,209,417,-1,417,209,197,-1,417,197,415,-1,415,197,397,-1,415,397,461,-1,461,397,399,-1,450,169,445,-1,445,169,183,-1,445,183,446,-1,446,183,185,-1,446,185,189,-1,189,185,12,-1,189,12,190,-1,190,12,14,-1,4,460,5,-1,5,460,462,-1,5,462,463,-1,464,90,465,-1,465,90,71,-1,465,71,466,-1,466,71,63,-1,466,63,467,-1,467,63,62,-1,467,62,468,-1,464,469,470,-1,469,471,470,-1,470,471,472,-1,470,472,466,-1,466,472,473,-1,466,473,465,-1,474,475,476,-1,476,475,472,-1,476,472,477,-1,477,472,471,-1,477,471,478,-1,478,471,479,-1,182,178,172,-1,172,178,167,-1,172,167,170,-1,170,167,169,-1,170,169,480,-1,481,482,483,-1,483,482,484,-1,483,484,463,-1,463,484,485,-1,463,485,486,-1,486,487,463,-1,463,487,488,-1,463,488,489,-1,489,490,463,-1,463,490,491,-1,463,491,492,-1,3,5,450,-1,450,5,463,-1,450,463,169,-1,169,463,492,-1,169,492,480,-1,480,493,170,-1,170,493,494,-1,170,494,483,-1,483,494,495,-1,483,495,496,-1,496,497,483,-1,483,497,498,-1,483,498,481,-1,499,500,463,-1,501,502,503,-1,463,500,483,-1,483,500,504,-1,483,504,505,-1,7,356,8,-1,8,356,470,-1,8,470,364,-1,364,470,466,-1,364,466,377,-1,377,466,467,-1,377,467,418,-1,418,467,468,-1,418,468,456,-1,483,271,170,-1,170,271,276,-1,170,276,14,-1,14,276,282,-1,14,282,190,-1,190,282,306,-1,190,306,228,-1,228,306,305,-1,228,305,219,-1,219,305,304,-1,219,304,196,-1,196,304,370,-1,196,370,367,-1,367,370,372,-1,464,470,90,-1,90,470,356,-1,90,356,21,-1,21,356,506,-1,21,506,20,-1,506,507,20,-1,20,507,0,-1,20,0,352,-1,352,0,2,-1,352,2,356,-1,356,2,508,-1,356,508,506,-1,509,510,282,-1,511,512,284,-1,284,512,513,-1,284,513,282,-1,282,513,514,-1,282,514,509,-1,510,515,282,-1,282,515,516,-1,282,516,517,-1,287,518,284,-1,284,518,519,-1,284,519,520,-1,517,521,282,-1,282,521,522,-1,282,522,306,-1,306,522,523,-1,306,523,287,-1,287,523,524,-1,287,524,518,-1,520,525,284,-1,284,525,526,-1,284,526,511,-1,503,499,501,-1,501,499,463,-1,501,463,527,-1,527,463,462,-1,527,462,505,-1,505,462,528,-1,505,528,483,-1,483,528,529,-1,483,529,271,-1,271,529,530,-1,271,530,278,-1,458,531,460,-1,460,531,532,-1,460,532,462,-1,462,532,533,-1,462,533,528,-1,528,533,534,-1,528,534,529,-1,529,534,535,-1,529,535,530,-1,348,345,346,-1,346,345,344,-1,346,344,352,-1,352,344,536,-1,352,536,20,-1,20,536,31,-1,20,31,22,-1,22,31,33,-1,535,537,530,-1,530,537,538,-1,530,538,278,-1,278,538,539,-1,278,539,279,-1,279,539,540,-1,279,540,284,-1,284,540,541,-1,284,541,287,-1,287,541,542,-1,287,542,288,-1,288,542,543,-1,288,543,310,-1,310,543,544,-1,310,544,338,-1,338,544,342,-1,338,342,336,-1,336,342,341,-1,545,546,547,-1,548,549,550,-1,551,552,553,-1,554,555,556,-1,557,558,559,-1,560,561,547,-1,562,563,564,-1,562,564,565,-1,566,567,568,-1,561,569,547,-1,547,569,570,-1,547,570,571,-1,572,573,458,-1,458,573,574,-1,565,564,575,-1,575,564,537,-1,575,537,576,-1,576,537,535,-1,576,535,534,-1,567,577,568,-1,568,577,578,-1,568,578,579,-1,579,578,580,-1,579,580,581,-1,574,582,458,-1,458,582,583,-1,458,583,531,-1,531,583,584,-1,531,584,532,-1,532,584,576,-1,532,576,533,-1,533,576,534,-1,563,585,564,-1,564,585,586,-1,564,586,568,-1,568,586,587,-1,568,587,566,-1,571,588,547,-1,547,588,589,-1,547,589,458,-1,458,589,590,-1,458,590,572,-1,591,592,593,-1,594,595,596,-1,597,598,546,-1,546,598,599,-1,546,599,600,-1,601,579,547,-1,547,579,581,-1,547,581,560,-1,600,602,546,-1,546,602,603,-1,546,603,604,-1,605,606,547,-1,547,606,607,-1,601,608,579,-1,579,608,609,-1,579,609,593,-1,593,609,610,-1,593,610,591,-1,595,611,596,-1,596,611,612,-1,596,612,597,-1,597,612,613,-1,597,613,598,-1,607,614,547,-1,547,614,615,-1,547,615,601,-1,592,616,593,-1,593,616,617,-1,593,617,596,-1,596,617,618,-1,596,618,594,-1,604,619,546,-1,546,619,620,-1,546,620,547,-1,547,620,621,-1,547,621,605,-1,622,623,550,-1,550,623,624,-1,550,624,625,-1,626,627,628,-1,629,630,550,-1,550,630,631,-1,550,631,622,-1,632,597,633,-1,634,635,546,-1,546,635,636,-1,546,636,637,-1,633,638,632,-1,632,638,639,-1,632,639,640,-1,625,641,550,-1,550,641,642,-1,550,642,546,-1,546,642,643,-1,546,643,634,-1,627,644,628,-1,628,644,645,-1,628,645,629,-1,629,645,646,-1,629,646,630,-1,637,647,546,-1,546,647,648,-1,546,648,597,-1,597,648,649,-1,597,649,633,-1,640,650,632,-1,632,650,651,-1,632,651,628,-1,628,651,652,-1,628,652,626,-1,653,629,654,-1,654,655,653,-1,653,655,656,-1,653,656,657,-1,658,659,660,-1,661,662,550,-1,550,662,663,-1,550,663,664,-1,664,665,550,-1,550,665,666,-1,550,666,629,-1,629,666,667,-1,629,667,654,-1,668,669,549,-1,670,671,672,-1,672,671,660,-1,672,660,673,-1,673,660,659,-1,669,674,549,-1,549,674,675,-1,549,675,676,-1,657,677,653,-1,653,677,678,-1,653,678,660,-1,660,678,679,-1,660,679,658,-1,670,680,671,-1,671,680,681,-1,671,681,549,-1,549,681,682,-1,549,682,668,-1,676,683,549,-1,549,683,684,-1,549,684,550,-1,550,684,685,-1,550,685,661,-1,686,671,687,-1,687,688,686,-1,686,688,689,-1,686,689,690,-1,691,692,693,-1,694,695,549,-1,549,695,696,-1,549,696,697,-1,697,698,549,-1,549,698,699,-1,549,699,671,-1,671,699,700,-1,671,700,687,-1,701,702,553,-1,703,704,705,-1,705,704,693,-1,705,693,706,-1,706,693,692,-1,702,707,553,-1,553,707,708,-1,553,708,709,-1,690,710,686,-1,686,710,711,-1,686,711,693,-1,693,711,712,-1,693,712,691,-1,703,713,704,-1,704,713,714,-1,704,714,553,-1,553,714,715,-1,553,715,701,-1,709,716,553,-1,553,716,717,-1,553,717,549,-1,549,717,718,-1,549,718,694,-1,719,704,720,-1,720,721,719,-1,719,721,722,-1,719,722,723,-1,724,725,553,-1,553,725,726,-1,553,726,727,-1,727,728,553,-1,553,728,729,-1,553,729,704,-1,704,729,730,-1,704,730,720,-1,731,732,733,-1,734,735,552,-1,723,736,719,-1,719,736,737,-1,719,737,731,-1,731,737,738,-1,731,738,732,-1,735,739,552,-1,552,739,740,-1,552,740,741,-1,741,742,552,-1,552,742,743,-1,552,743,553,-1,553,743,744,-1,553,744,724,-1,745,746,747,-1,747,746,731,-1,747,731,748,-1,748,731,733,-1,745,749,746,-1,746,749,750,-1,746,750,552,-1,552,750,751,-1,552,751,734,-1,752,753,754,-1,754,753,755,-1,754,755,756,-1,757,758,754,-1,754,758,759,-1,754,759,752,-1,760,746,761,-1,762,763,764,-1,764,765,762,-1,762,765,766,-1,762,766,757,-1,757,766,767,-1,757,767,758,-1,768,769,552,-1,552,769,770,-1,552,770,771,-1,761,772,760,-1,760,772,773,-1,760,773,774,-1,756,775,754,-1,754,775,776,-1,754,776,552,-1,552,776,777,-1,552,777,768,-1,771,778,552,-1,552,778,779,-1,552,779,746,-1,746,779,780,-1,746,780,761,-1,774,781,760,-1,760,781,782,-1,760,782,762,-1,762,782,783,-1,762,783,763,-1,784,785,786,-1,787,788,789,-1,788,790,789,-1,789,790,791,-1,789,791,792,-1,793,794,795,-1,795,794,796,-1,795,796,797,-1,785,798,786,-1,786,798,799,-1,786,799,800,-1,797,796,789,-1,789,796,801,-1,789,801,787,-1,802,803,804,-1,786,805,789,-1,799,806,800,-1,800,806,807,-1,800,807,802,-1,802,807,808,-1,802,808,803,-1,809,810,811,-1,811,810,812,-1,811,812,813,-1,814,815,754,-1,815,816,754,-1,754,816,817,-1,754,817,818,-1,757,819,795,-1,795,819,820,-1,795,820,793,-1,792,813,789,-1,789,813,812,-1,789,812,786,-1,786,812,821,-1,786,821,784,-1,822,823,811,-1,823,824,811,-1,811,824,825,-1,811,825,809,-1,826,827,802,-1,802,827,828,-1,802,828,829,-1,804,830,802,-1,802,830,831,-1,802,831,832,-1,833,834,835,-1,835,834,826,-1,835,826,836,-1,818,837,754,-1,754,837,838,-1,754,838,757,-1,757,838,839,-1,757,839,819,-1,835,840,833,-1,833,840,841,-1,833,841,842,-1,832,843,802,-1,802,843,844,-1,802,844,826,-1,826,844,845,-1,826,845,836,-1,822,811,842,-1,842,811,846,-1,842,846,833,-1,847,848,849,-1,849,848,850,-1,851,852,848,-1,848,852,853,-1,848,853,850,-1,854,855,856,-1,857,858,802,-1,802,858,859,-1,800,860,854,-1,854,860,861,-1,854,861,855,-1,862,863,864,-1,847,865,848,-1,848,865,866,-1,848,866,867,-1,863,868,864,-1,864,868,869,-1,864,869,851,-1,851,869,870,-1,851,870,852,-1,867,871,802,-1,802,871,872,-1,802,872,857,-1,859,873,802,-1,802,873,874,-1,802,874,800,-1,800,874,875,-1,800,875,860,-1,856,876,854,-1,854,876,877,-1,854,877,864,-1,864,877,878,-1,864,878,862,-1,879,880,556,-1,556,880,881,-1,556,881,882,-1,883,884,885,-1,886,887,556,-1,556,887,888,-1,556,888,879,-1,889,890,848,-1,848,890,891,-1,848,891,892,-1,893,894,895,-1,882,896,556,-1,556,896,897,-1,556,897,848,-1,848,897,898,-1,848,898,889,-1,851,899,883,-1,883,899,900,-1,883,900,884,-1,894,901,895,-1,895,901,902,-1,895,902,886,-1,886,902,903,-1,886,903,887,-1,892,904,848,-1,848,904,905,-1,848,905,851,-1,851,905,906,-1,851,906,899,-1,885,907,883,-1,883,907,908,-1,883,908,895,-1,895,908,909,-1,895,909,893,-1,910,911,555,-1,911,912,555,-1,555,912,913,-1,555,913,914,-1,915,916,917,-1,918,919,555,-1,555,919,920,-1,555,920,910,-1,921,922,556,-1,556,922,923,-1,924,925,926,-1,914,927,555,-1,555,927,928,-1,555,928,556,-1,556,928,929,-1,556,929,921,-1,886,930,915,-1,915,930,931,-1,915,931,916,-1,925,932,926,-1,926,932,933,-1,926,933,918,-1,918,933,934,-1,918,934,919,-1,923,935,556,-1,556,935,936,-1,556,936,886,-1,886,936,937,-1,886,937,930,-1,917,938,915,-1,915,938,939,-1,915,939,926,-1,926,939,940,-1,926,940,924,-1,941,942,943,-1,943,942,944,-1,943,944,945,-1,946,947,948,-1,949,950,943,-1,943,950,951,-1,943,951,941,-1,952,953,555,-1,555,953,954,-1,555,954,955,-1,956,957,958,-1,945,959,943,-1,943,959,960,-1,943,960,555,-1,555,960,961,-1,555,961,952,-1,918,962,946,-1,946,962,963,-1,946,963,947,-1,957,964,958,-1,958,964,965,-1,958,965,949,-1,949,965,966,-1,949,966,950,-1,955,967,555,-1,555,967,968,-1,555,968,918,-1,918,968,969,-1,918,969,962,-1,948,970,946,-1,946,970,971,-1,946,971,958,-1,958,971,972,-1,958,972,956,-1,973,974,975,-1,975,974,976,-1,977,978,943,-1,979,980,975,-1,975,980,981,-1,975,981,973,-1,978,982,943,-1,943,982,983,-1,943,983,984,-1,985,949,986,-1,987,988,559,-1,986,989,985,-1,985,989,990,-1,985,990,991,-1,976,992,975,-1,975,992,993,-1,975,993,977,-1,994,995,559,-1,559,995,996,-1,559,996,987,-1,984,997,943,-1,943,997,998,-1,943,998,949,-1,949,998,999,-1,949,999,986,-1,991,1000,985,-1,985,1000,1001,-1,985,1001,559,-1,559,1001,1002,-1,559,1002,994,-1,1003,557,975,-1,975,557,559,-1,975,559,979,-1,979,559,988,-1,1004,1005,975,-1,975,1005,1006,-1,975,1006,1003,-1,977,943,975,-1,975,943,1007,-1,975,1007,1004,-1,554,1008,555,-1,555,1008,1009,-1,555,1009,943,-1,943,1009,1010,-1,943,1010,1007,-1,867,802,848,-1,848,802,1011,-1,848,1011,1012,-1,1012,1013,848,-1,848,1013,1014,-1,848,1014,556,-1,556,1014,1015,-1,556,1015,554,-1,554,1015,1016,-1,1017,802,754,-1,754,802,829,-1,754,829,814,-1,1018,1019,1017,-1,1017,1019,1020,-1,1017,1020,802,-1,802,1020,1021,-1,802,1021,1011,-1,1011,1021,1022,-1,1023,1024,1025,-1,551,1023,552,-1,552,1023,1025,-1,552,1025,754,-1,754,1025,1026,-1,754,1026,1017,-1,1017,1026,1027,-1,1028,1029,1030,-1,548,1028,549,-1,549,1028,1030,-1,549,1030,553,-1,553,1030,1031,-1,553,1031,551,-1,551,1031,1032,-1,1033,1034,1035,-1,545,1033,546,-1,546,1033,1035,-1,546,1035,550,-1,550,1035,1036,-1,550,1036,548,-1,548,1036,1037,-1,458,457,1038,-1,1038,1039,458,-1,458,1039,1040,-1,458,1040,547,-1,547,1040,1041,-1,547,1041,545,-1,545,1041,1042,-1,1043,1044,1045,-1,1046,1047,1048,-1,1045,1049,1043,-1,1043,1049,1050,-1,1043,1050,1051,-1,1051,1050,1052,-1,1051,1052,1053,-1,1053,1054,1051,-1,1051,1054,1055,-1,1051,1055,1056,-1,1056,1055,1057,-1,1058,1059,1060,-1,1060,1059,1061,-1,1060,1061,1062,-1,1062,1061,1063,-1,1047,1046,1064,-1,1064,1046,1065,-1,1064,1065,1066,-1,1044,1043,1067,-1,1067,1043,1068,-1,1067,1068,1069,-1,1048,1070,1046,-1,1046,1070,1071,-1,1046,1071,1068,-1,1068,1071,1072,-1,1068,1072,1069,-1,1057,1073,1056,-1,1056,1073,1074,-1,1056,1074,1060,-1,1060,1074,1075,-1,1060,1075,1058,-1,1063,1076,1062,-1,1062,1076,1077,-1,1062,1077,1065,-1,1065,1077,1078,-1,1065,1078,1066,-1,1079,1080,1081,-1,1081,1082,1079,-1,1079,1082,1083,-1,1079,1083,1084,-1,1084,1083,1085,-1,1084,1085,1086,-1,1086,1087,1084,-1,1084,1087,1088,-1,1084,1088,1089,-1,1089,1088,1090,-1,1091,1092,1093,-1,1094,1095,1096,-1,1096,1095,1097,-1,1096,1097,1098,-1,1098,1097,1099,-1,1080,1079,1100,-1,1100,1079,1101,-1,1100,1101,1102,-1,1092,1091,1103,-1,1103,1091,1104,-1,1103,1104,1105,-1,1093,1106,1091,-1,1091,1106,1107,-1,1091,1107,1097,-1,1097,1107,1108,-1,1097,1108,1099,-1,1094,1109,1095,-1,1095,1109,1110,-1,1095,1110,1101,-1,1101,1110,1111,-1,1101,1111,1102,-1,1090,1112,1089,-1,1089,1112,1113,-1,1089,1113,1104,-1,1104,1113,1114,-1,1104,1114,1105,-1,1115,1116,1117,-1,1117,1118,1115,-1,1115,1118,1119,-1,1115,1119,1120,-1,1120,1119,1121,-1,1120,1121,1122,-1,1122,1123,1120,-1,1120,1123,1124,-1,1120,1124,1125,-1,1125,1124,1126,-1,1127,1128,1129,-1,1130,1131,1132,-1,1132,1131,1133,-1,1132,1133,1134,-1,1134,1133,1135,-1,1116,1115,1136,-1,1136,1115,1137,-1,1136,1137,1138,-1,1128,1127,1139,-1,1139,1127,1140,-1,1139,1140,1141,-1,1129,1142,1127,-1,1127,1142,1143,-1,1127,1143,1133,-1,1133,1143,1144,-1,1133,1144,1135,-1,1130,1145,1131,-1,1131,1145,1146,-1,1131,1146,1137,-1,1137,1146,1147,-1,1137,1147,1138,-1,1126,1148,1125,-1,1125,1148,1149,-1,1125,1149,1140,-1,1140,1149,1150,-1,1140,1150,1141,-1,1151,1152,1153,-1,1153,1154,1151,-1,1151,1154,1155,-1,1151,1155,1156,-1,1156,1155,1157,-1,1156,1157,1158,-1,1158,1159,1156,-1,1156,1159,1160,-1,1156,1160,1161,-1,1161,1160,1162,-1,1163,1164,1165,-1,1166,1167,1168,-1,1168,1167,1169,-1,1168,1169,1170,-1,1170,1169,1171,-1,1152,1151,1172,-1,1172,1151,1173,-1,1172,1173,1174,-1,1164,1163,1175,-1,1175,1163,1176,-1,1175,1176,1177,-1,1165,1178,1163,-1,1163,1178,1179,-1,1163,1179,1169,-1,1169,1179,1180,-1,1169,1180,1171,-1,1166,1181,1167,-1,1167,1181,1182,-1,1167,1182,1173,-1,1173,1182,1183,-1,1173,1183,1174,-1,1162,1184,1161,-1,1161,1184,1185,-1,1161,1185,1176,-1,1176,1185,1186,-1,1176,1186,1177,-1,1187,1188,1189,-1,1190,1191,1192,-1,1192,1191,1193,-1,1192,1193,1194,-1,1194,1193,1195,-1,1196,1197,1198,-1,1198,1197,1199,-1,1198,1199,1193,-1,1193,1199,1200,-1,1193,1200,1195,-1,1189,1188,1201,-1,1201,1188,1202,-1,1201,1202,1203,-1,1204,1205,1206,-1,1207,1208,1209,-1,1209,1208,1210,-1,1209,1210,1211,-1,1211,1210,1212,-1,1203,1213,1201,-1,1201,1213,1214,-1,1201,1214,1210,-1,1210,1214,1215,-1,1210,1215,1212,-1,1206,1205,1198,-1,1198,1205,1216,-1,1198,1216,1196,-1,1190,1217,1191,-1,1191,1217,1218,-1,1191,1218,1189,-1,1189,1218,1219,-1,1189,1219,1187,-1,1207,1220,1208,-1,1208,1220,1221,-1,1208,1221,1206,-1,1206,1221,1222,-1,1206,1222,1204,-1,1223,1224,1225,-1,1225,1224,1226,-1,1226,1224,1227,-1,1226,1227,1228,-1,1229,1230,1231,-1,1231,1230,1232,-1,1231,1232,1233,-1,1233,1232,1234,-1,1233,1234,1235,-1,1236,1237,1238,-1,1238,1237,1239,-1,1238,1239,1240,-1,1240,1239,1241,-1,1242,1243,1244,-1,1245,1246,1247,-1,1247,1246,1233,-1,1247,1233,1248,-1,1248,1233,1235,-1,1228,1249,1226,-1,1226,1249,1250,-1,1226,1250,1239,-1,1239,1250,1251,-1,1239,1251,1241,-1,1244,1243,1231,-1,1231,1243,1252,-1,1231,1252,1229,-1,1245,1253,1246,-1,1246,1253,1254,-1,1246,1254,1225,-1,1225,1254,1255,-1,1225,1255,1223,-1,1236,1256,1237,-1,1237,1256,1257,-1,1237,1257,1244,-1,1244,1257,1258,-1,1244,1258,1242,-1,1259,1260,1261,-1,1261,1260,1262,-1,1262,1260,1263,-1,1262,1263,1264,-1,1265,1266,1267,-1,1264,1268,1262,-1,1262,1268,1269,-1,1262,1269,1270,-1,1270,1269,1271,-1,1270,1271,1272,-1,1272,1273,1270,-1,1270,1273,1274,-1,1270,1274,1275,-1,1275,1274,1276,-1,1277,1278,1279,-1,1279,1278,1280,-1,1279,1280,1281,-1,1281,1280,1282,-1,1277,1283,1278,-1,1278,1283,1284,-1,1278,1284,1261,-1,1261,1284,1285,-1,1261,1285,1259,-1,1266,1265,1286,-1,1286,1265,1287,-1,1286,1287,1288,-1,1276,1289,1275,-1,1275,1289,1290,-1,1275,1290,1287,-1,1287,1290,1291,-1,1287,1291,1288,-1,1267,1292,1265,-1,1265,1292,1293,-1,1265,1293,1280,-1,1280,1293,1294,-1,1280,1294,1282,-1,1295,1296,1297,-1,1298,1299,1300,-1,1301,1302,1303,-1,1303,1302,1304,-1,1303,1304,1305,-1,1305,1304,1306,-1,1297,1307,1295,-1,1295,1307,1308,-1,1295,1308,1309,-1,1309,1308,1310,-1,1309,1310,1311,-1,1296,1295,1312,-1,1312,1295,1313,-1,1312,1313,1314,-1,1311,1315,1309,-1,1309,1315,1316,-1,1309,1316,1317,-1,1317,1316,1318,-1,1300,1299,1319,-1,1319,1299,1320,-1,1319,1320,1321,-1,1321,1322,1319,-1,1319,1322,1323,-1,1319,1323,1304,-1,1304,1323,1324,-1,1304,1324,1306,-1,1301,1325,1302,-1,1302,1325,1326,-1,1302,1326,1313,-1,1313,1326,1327,-1,1313,1327,1314,-1,1318,1328,1317,-1,1317,1328,1329,-1,1317,1329,1300,-1,1300,1329,1330,-1,1300,1330,1298,-1,1331,1332,1333,-1,1333,1332,1334,-1,1333,1334,1335,-1,1335,1334,1336,-1,1335,1336,1337,-1,1338,1339,1340,-1,1341,1342,1343,-1,1343,1342,1335,-1,1343,1335,1344,-1,1344,1335,1337,-1,1345,1346,1347,-1,1340,1339,1333,-1,1333,1339,1348,-1,1333,1348,1331,-1,1349,1350,1351,-1,1351,1350,1352,-1,1351,1352,1353,-1,1353,1352,1354,-1,1347,1346,1355,-1,1355,1346,1356,-1,1355,1356,1357,-1,1357,1358,1355,-1,1355,1358,1359,-1,1355,1359,1351,-1,1351,1359,1360,-1,1351,1360,1349,-1,1341,1361,1342,-1,1342,1361,1362,-1,1342,1362,1347,-1,1347,1362,1363,-1,1347,1363,1345,-1,1354,1364,1353,-1,1353,1364,1365,-1,1353,1365,1340,-1,1340,1365,1366,-1,1340,1366,1338,-1,1367,1368,1369,-1,1370,1371,1372,-1,1372,1371,1373,-1,1372,1373,1374,-1,1374,1373,1375,-1,1376,1377,1378,-1,1378,1377,1379,-1,1378,1379,1373,-1,1373,1379,1380,-1,1373,1380,1375,-1,1369,1368,1381,-1,1381,1368,1382,-1,1381,1382,1383,-1,1384,1385,1386,-1,1387,1388,1389,-1,1389,1388,1390,-1,1389,1390,1391,-1,1391,1390,1392,-1,1383,1393,1381,-1,1381,1393,1394,-1,1381,1394,1390,-1,1390,1394,1395,-1,1390,1395,1392,-1,1386,1385,1378,-1,1378,1385,1396,-1,1378,1396,1376,-1,1370,1397,1371,-1,1371,1397,1398,-1,1371,1398,1369,-1,1369,1398,1399,-1,1369,1399,1367,-1,1387,1400,1388,-1,1388,1400,1401,-1,1388,1401,1386,-1,1386,1401,1402,-1,1386,1402,1384,-1,1403,1404,1405,-1,1405,1406,1403,-1,1403,1406,1407,-1,1403,1407,1408,-1,1408,1407,1409,-1,1408,1409,1410,-1,1410,1411,1408,-1,1408,1411,1412,-1,1408,1412,1413,-1,1413,1412,1414,-1,1415,1416,1417,-1,1418,1419,1420,-1,1420,1419,1421,-1,1420,1421,1422,-1,1422,1421,1423,-1,1404,1403,1424,-1,1424,1403,1425,-1,1424,1425,1426,-1,1416,1415,1427,-1,1427,1415,1428,-1,1427,1428,1429,-1,1417,1430,1415,-1,1415,1430,1431,-1,1415,1431,1421,-1,1421,1431,1432,-1,1421,1432,1423,-1,1418,1433,1419,-1,1419,1433,1434,-1,1419,1434,1425,-1,1425,1434,1435,-1,1425,1435,1426,-1,1414,1436,1413,-1,1413,1436,1437,-1,1413,1437,1428,-1,1428,1437,1438,-1,1428,1438,1429,-1,1439,1440,1441,-1,1441,1442,1439,-1,1439,1442,1443,-1,1439,1443,1444,-1,1444,1443,1445,-1,1444,1445,1446,-1,1446,1447,1444,-1,1444,1447,1448,-1,1444,1448,1449,-1,1449,1448,1450,-1,1451,1452,1453,-1,1454,1455,1456,-1,1456,1455,1457,-1,1456,1457,1458,-1,1458,1457,1459,-1,1440,1439,1460,-1,1460,1439,1461,-1,1460,1461,1462,-1,1452,1451,1463,-1,1463,1451,1464,-1,1463,1464,1465,-1,1453,1466,1451,-1,1451,1466,1467,-1,1451,1467,1457,-1,1457,1467,1468,-1,1457,1468,1459,-1,1454,1469,1455,-1,1455,1469,1470,-1,1455,1470,1461,-1,1461,1470,1471,-1,1461,1471,1462,-1,1450,1472,1449,-1,1449,1472,1473,-1,1449,1473,1464,-1,1464,1473,1474,-1,1464,1474,1465,-1,1475,1476,1477,-1,1477,1478,1475,-1,1475,1478,1479,-1,1475,1479,1480,-1,1480,1479,1481,-1,1480,1481,1482,-1,1482,1483,1480,-1,1480,1483,1484,-1,1480,1484,1485,-1,1485,1484,1486,-1,1487,1488,1489,-1,1490,1491,1492,-1,1492,1491,1493,-1,1492,1493,1494,-1,1494,1493,1495,-1,1476,1475,1496,-1,1496,1475,1497,-1,1496,1497,1498,-1,1488,1487,1499,-1,1499,1487,1500,-1,1499,1500,1501,-1,1489,1502,1487,-1,1487,1502,1503,-1,1487,1503,1493,-1,1493,1503,1504,-1,1493,1504,1495,-1,1490,1505,1491,-1,1491,1505,1506,-1,1491,1506,1497,-1,1497,1506,1507,-1,1497,1507,1498,-1,1486,1508,1485,-1,1485,1508,1509,-1,1485,1509,1500,-1,1500,1509,1510,-1,1500,1510,1501,-1,1511,65,1512,-1,1512,65,30,-1,1512,30,1513,-1,1511,1514,65,-1,65,1514,1515,-1,65,1515,1516,-1,1516,1515,1517,-1,1516,1517,1518,-1,1519,1520,1521,-1,1522,1523,1524,-1,1524,1523,1525,-1,1524,1525,1526,-1,1526,1525,1527,-1,1528,1529,1530,-1,1530,1529,1531,-1,1530,1531,30,-1,30,1531,1532,-1,30,1532,1513,-1,1520,1519,1533,-1,1533,1519,1534,-1,1533,1534,1535,-1,1527,1536,1526,-1,1526,1536,1537,-1,1526,1537,1530,-1,1530,1537,1538,-1,1530,1538,1528,-1,1518,1539,1516,-1,1516,1539,1540,-1,1516,1540,1534,-1,1534,1540,1541,-1,1534,1541,1535,-1,1521,1542,1519,-1,1519,1542,1543,-1,1519,1543,1524,-1,1524,1543,1544,-1,1524,1544,1522,-1,1545,1546,1547,-1,1547,1546,1548,-1,1549,1550,1551,-1,1551,1550,1552,-1,1553,1554,1555,-1,1555,1554,1556,-1,1557,1558,1559,-1,1559,1558,1560,-1,1561,1562,1563,-1,1563,1562,1564,-1,1565,1566,1567,-1,1567,1566,1568,-1,1569,1570,1571,-1,1571,1570,1572,-1,1573,1574,1575,-1,1575,1574,1576,-1,1577,1578,1579,-1,1579,1578,1580,-1,1581,1582,1583,-1,1583,1582,1584,-1,1585,1586,1587,-1,1587,1586,1588,-1,1589,1590,1591,-1,1591,1590,1592,-1,1593,1594,1595,-1,1595,1594,1596,-1,1597,1598,1599,-1,1599,1598,1600,-1,1601,1602,1603,-1,1603,1602,1604,-1,1605,1606,1607,-1,1607,1606,1608,-1,1609,1610,1611,-1,1611,1610,1612,-1,1613,1614,1615,-1,1615,1614,1616,-1,1617,1618,1619,-1,1619,1618,1620,-1,1621,1622,1623,-1,1623,1622,1624,-1,1625,1626,1627,-1,1627,1626,1628,-1,1629,1630,1631,-1,1631,1630,1632,-1,1633,1634,1635,-1,1635,1634,1636,-1,1637,1638,1639,-1,1639,1638,1640,-1,1641,1642,1643,-1,1643,1642,1644,-1,1645,1646,1647,-1,1647,1646,1648,-1,1649,1650,1651,-1,1651,1650,1652,-1,1485,1500,1650,-1,1650,1500,1652,-1,1449,1464,1646,-1,1646,1464,1648,-1,1413,1428,1642,-1,1642,1428,1644,-1,1371,1369,1638,-1,1638,1369,1640,-1,1342,1347,1634,-1,1634,1347,1636,-1,1302,1313,1630,-1,1630,1313,1632,-1,1275,1287,1626,-1,1626,1287,1628,-1,1246,1225,1622,-1,1622,1225,1624,-1,1191,1189,1618,-1,1618,1189,1620,-1,1161,1176,1614,-1,1614,1176,1616,-1,1125,1140,1610,-1,1610,1140,1612,-1,1089,1104,1606,-1,1606,1104,1608,-1,1491,1497,1550,-1,1550,1497,1552,-1,1455,1461,1554,-1,1554,1461,1556,-1,1419,1425,1558,-1,1558,1425,1560,-1,1388,1386,1562,-1,1562,1386,1564,-1,1353,1340,1566,-1,1566,1340,1568,-1,1317,1300,1570,-1,1570,1300,1572,-1,1278,1261,1574,-1,1574,1261,1576,-1,1237,1244,1578,-1,1578,1244,1580,-1,1208,1206,1582,-1,1582,1206,1584,-1,1167,1173,1586,-1,1586,1173,1588,-1,1131,1137,1590,-1,1590,1137,1592,-1,1095,1101,1594,-1,1594,1101,1596,-1,1526,1530,1546,-1,1546,1530,1548,-1,1516,1534,1653,-1,1653,1534,1654,-1,1046,1068,1598,-1,1598,1068,1600,-1,1006,1062,557,-1,557,1062,1065,-1,1056,1060,1602,-1,1602,1060,1604,-1,1655,1653,1656,-1,1656,1653,1654,-1,1547,1548,564,-1,564,1548,1530,-1,564,1530,537,-1,537,1530,30,-1,568,579,1657,-1,1546,1545,1526,-1,1526,1545,568,-1,1526,568,1524,-1,1524,568,1657,-1,1039,1656,1654,-1,1658,1040,1519,-1,1519,1040,1039,-1,1519,1039,1534,-1,1534,1039,1654,-1,457,65,1038,-1,1038,65,1516,-1,1038,1516,1655,-1,1655,1516,1653,-1,593,1551,1552,-1,1657,579,1475,-1,1475,579,593,-1,1475,593,1497,-1,1497,593,1552,-1,985,1599,1600,-1,1659,949,1043,-1,1043,949,985,-1,1043,985,1068,-1,1068,985,1600,-1,946,1595,1596,-1,1660,918,1079,-1,1079,918,946,-1,1079,946,1101,-1,1101,946,1596,-1,915,1591,1592,-1,1661,886,1115,-1,1115,886,915,-1,1115,915,1137,-1,1137,915,1592,-1,883,1587,1588,-1,1662,851,1151,-1,1151,851,883,-1,1151,883,1173,-1,1173,883,1588,-1,854,1583,1584,-1,1663,800,1198,-1,1198,800,854,-1,1198,854,1206,-1,1206,854,1584,-1,805,1579,1580,-1,1664,789,1231,-1,1231,789,805,-1,1231,805,1244,-1,1244,805,1580,-1,795,1575,1576,-1,1665,757,1262,-1,1262,757,795,-1,1262,795,1261,-1,1261,795,1576,-1,760,1571,1572,-1,1666,746,1319,-1,1319,746,760,-1,1319,760,1300,-1,1300,760,1572,-1,719,1567,1568,-1,1667,704,1333,-1,1333,704,719,-1,1333,719,1340,-1,1340,719,1568,-1,686,1563,1564,-1,1668,671,1378,-1,1378,671,686,-1,1378,686,1386,-1,1386,686,1564,-1,653,1559,1560,-1,1669,629,1403,-1,1403,629,653,-1,1403,653,1425,-1,1425,653,1560,-1,632,1555,1556,-1,1670,597,1439,-1,1439,597,632,-1,1439,632,1461,-1,1461,632,1556,-1,596,597,1670,-1,1550,1549,1491,-1,1491,1549,596,-1,1491,596,1493,-1,1493,596,1670,-1,628,629,1669,-1,1554,1553,1455,-1,1455,1553,628,-1,1455,628,1457,-1,1457,628,1669,-1,660,671,1668,-1,1558,1557,1419,-1,1419,1557,660,-1,1419,660,1421,-1,1421,660,1668,-1,693,704,1667,-1,1562,1561,1388,-1,1388,1561,693,-1,1388,693,1390,-1,1390,693,1667,-1,731,746,1666,-1,1566,1565,1353,-1,1353,1565,731,-1,1353,731,1351,-1,1351,731,1666,-1,762,757,1665,-1,1570,1569,1317,-1,1317,1569,762,-1,1317,762,1309,-1,1309,762,1665,-1,797,789,1664,-1,1574,1573,1278,-1,1278,1573,797,-1,1278,797,1280,-1,1280,797,1664,-1,786,800,1663,-1,1578,1577,1237,-1,1237,1577,786,-1,1237,786,1239,-1,1239,786,1663,-1,864,851,1662,-1,1582,1581,1208,-1,1208,1581,864,-1,1208,864,1210,-1,1210,864,1662,-1,895,886,1661,-1,1586,1585,1167,-1,1167,1585,895,-1,1167,895,1169,-1,1169,895,1661,-1,926,918,1660,-1,1590,1589,1131,-1,1131,1589,926,-1,1131,926,1133,-1,1133,926,1660,-1,958,949,1659,-1,1594,1593,1095,-1,1095,1593,958,-1,1095,958,1097,-1,1097,958,1659,-1,557,1065,558,-1,558,1065,1046,-1,558,1046,1597,-1,1597,1046,1598,-1,1603,1604,1005,-1,1005,1604,1060,-1,1005,1060,1006,-1,1006,1060,1062,-1,1009,1607,1608,-1,1671,1010,1091,-1,1091,1010,1009,-1,1091,1009,1104,-1,1104,1009,1608,-1,1016,1611,1612,-1,1672,554,1127,-1,1127,554,1016,-1,1127,1016,1140,-1,1140,1016,1612,-1,1013,1615,1616,-1,1673,1014,1163,-1,1163,1014,1013,-1,1163,1013,1176,-1,1176,1013,1616,-1,1022,1619,1620,-1,1674,1011,1201,-1,1201,1011,1022,-1,1201,1022,1189,-1,1189,1022,1620,-1,1019,1623,1624,-1,1675,1020,1226,-1,1226,1020,1019,-1,1226,1019,1225,-1,1225,1019,1624,-1,1027,1627,1628,-1,1676,1017,1265,-1,1265,1017,1027,-1,1265,1027,1287,-1,1287,1027,1628,-1,1024,1631,1632,-1,1677,1025,1295,-1,1295,1025,1024,-1,1295,1024,1313,-1,1313,1024,1632,-1,1032,1635,1636,-1,1678,551,1355,-1,1355,551,1032,-1,1355,1032,1347,-1,1347,1032,1636,-1,1029,1639,1640,-1,1679,1030,1381,-1,1381,1030,1029,-1,1381,1029,1369,-1,1369,1029,1640,-1,1037,1643,1644,-1,1680,548,1415,-1,1415,548,1037,-1,1415,1037,1428,-1,1428,1037,1644,-1,1034,1647,1648,-1,1681,1035,1451,-1,1451,1035,1034,-1,1451,1034,1464,-1,1464,1034,1648,-1,1042,1651,1652,-1,1682,545,1487,-1,1487,545,1042,-1,1487,1042,1500,-1,1500,1042,1652,-1,1033,545,1682,-1,1646,1645,1449,-1,1449,1645,1033,-1,1449,1033,1444,-1,1444,1033,1682,-1,1036,1035,1681,-1,1642,1641,1413,-1,1413,1641,1036,-1,1413,1036,1408,-1,1408,1036,1681,-1,1028,548,1680,-1,1638,1637,1371,-1,1371,1637,1028,-1,1371,1028,1373,-1,1373,1028,1680,-1,1031,1030,1679,-1,1634,1633,1342,-1,1342,1633,1031,-1,1342,1031,1335,-1,1335,1031,1679,-1,1023,551,1678,-1,1630,1629,1302,-1,1302,1629,1023,-1,1302,1023,1304,-1,1304,1023,1678,-1,1026,1025,1677,-1,1626,1625,1275,-1,1275,1625,1026,-1,1275,1026,1270,-1,1270,1026,1677,-1,1018,1017,1676,-1,1622,1621,1246,-1,1246,1621,1018,-1,1246,1018,1233,-1,1233,1018,1676,-1,1021,1020,1675,-1,1618,1617,1191,-1,1191,1617,1021,-1,1191,1021,1193,-1,1193,1021,1675,-1,1012,1011,1674,-1,1614,1613,1161,-1,1161,1613,1012,-1,1161,1012,1156,-1,1156,1012,1674,-1,1015,1014,1673,-1,1610,1609,1125,-1,1125,1609,1015,-1,1125,1015,1120,-1,1120,1015,1673,-1,1008,554,1672,-1,1606,1605,1089,-1,1089,1605,1008,-1,1089,1008,1084,-1,1084,1008,1672,-1,1007,1010,1671,-1,1602,1601,1056,-1,1056,1601,1007,-1,1056,1007,1051,-1,1051,1007,1671,-1,1041,1040,1658,-1,1650,1649,1485,-1,1485,1649,1041,-1,1485,1041,1480,-1,1480,1041,1658,-1,1545,1547,568,-1,568,1547,564,-1,1549,1551,596,-1,596,1551,593,-1,1553,1555,628,-1,628,1555,632,-1,1557,1559,660,-1,660,1559,653,-1,1561,1563,693,-1,693,1563,686,-1,1565,1567,731,-1,731,1567,719,-1,1569,1571,762,-1,762,1571,760,-1,1573,1575,797,-1,797,1575,795,-1,1577,1579,786,-1,786,1579,805,-1,1581,1583,864,-1,864,1583,854,-1,1585,1587,895,-1,895,1587,883,-1,1589,1591,926,-1,926,1591,915,-1,1593,1595,958,-1,958,1595,946,-1,1597,1599,558,-1,558,1599,985,-1,1655,1656,1038,-1,1038,1656,1039,-1,1645,1647,1033,-1,1033,1647,1034,-1,1641,1643,1036,-1,1036,1643,1037,-1,1637,1639,1028,-1,1028,1639,1029,-1,1633,1635,1031,-1,1031,1635,1032,-1,1629,1631,1023,-1,1023,1631,1024,-1,1625,1627,1026,-1,1026,1627,1027,-1,1621,1623,1018,-1,1018,1623,1019,-1,1617,1619,1021,-1,1021,1619,1022,-1,1613,1615,1012,-1,1012,1615,1013,-1,1609,1611,1015,-1,1015,1611,1016,-1,1605,1607,1008,-1,1008,1607,1009,-1,1601,1603,1007,-1,1007,1603,1005,-1,1649,1651,1041,-1,1041,1651,1042,-1,1519,1524,1658,-1,1658,1524,1657,-1,1658,1657,1480,-1,1480,1657,1475,-1,1091,1097,1671,-1,1671,1097,1659,-1,1671,1659,1051,-1,1051,1659,1043,-1,1127,1133,1672,-1,1672,1133,1660,-1,1672,1660,1084,-1,1084,1660,1079,-1,1163,1169,1673,-1,1673,1169,1661,-1,1673,1661,1120,-1,1120,1661,1115,-1,1201,1210,1674,-1,1674,1210,1662,-1,1674,1662,1156,-1,1156,1662,1151,-1,1226,1239,1675,-1,1675,1239,1663,-1,1675,1663,1193,-1,1193,1663,1198,-1,1265,1280,1676,-1,1676,1280,1664,-1,1676,1664,1233,-1,1233,1664,1231,-1,1295,1309,1677,-1,1677,1309,1665,-1,1677,1665,1270,-1,1270,1665,1262,-1,1355,1351,1678,-1,1678,1351,1666,-1,1678,1666,1304,-1,1304,1666,1319,-1,1381,1390,1679,-1,1679,1390,1667,-1,1679,1667,1335,-1,1335,1667,1333,-1,1415,1421,1680,-1,1680,1421,1668,-1,1680,1668,1373,-1,1373,1668,1378,-1,1451,1457,1681,-1,1681,1457,1669,-1,1681,1669,1408,-1,1408,1669,1403,-1,1487,1493,1682,-1,1682,1493,1670,-1,1682,1670,1444,-1,1444,1670,1439,-1,
        ]
    }
}
Shape{
    appearance Appearance {
        material  Material {
            diffuseColor 0.9686274509803922 0.8784313725490196 0.6
            specularColor 0.6784313725490196 0.615686274509804 0.4196078431372549
            ambientIntensity 0.8737
            transparency 0.0
            shininess 0.5
        }
    }
    geometry IndexedFaceSet {
        ccw TRUE
        solid FALSE
        coord DEF co Coordinate {
            point [
                6.5669 -0.0669 -1.1811, 6.4331 -0.0669 -1.1811, 6.5669 0.0669 -1.1811, 6.4331 0.0669 -1.1811, 6.5945 -0.126 0.1969, 6.4055 -0.126 0.1969, 6.5945 -0.126 -0.9607, 6.4055 -0.126 -0.9607, 6.5945 0.126 -0.9607, 6.4055 0.126 -0.9607, 6.5945 0.126 0.1969, 6.4055 0.126 0.1969, 6.626 -0.0945 -0.9607, 6.626 0.0945 -0.9607, 6.626 -0.0945 0.1969, 6.626 0.0945 0.1969, 6.374 0.0945 -0.9607, 6.374 -0.0945 -0.9607, 6.374 0.0945 0.1969, 6.374 -0.0945 0.1969, 6.374 -0.0945 3.1261, 6.374 0.0945 3.1261, 6.374 -0.0945 0.9843, 6.374 0.0945 0.9843, 6.4331 -0.0669 3.3465, 6.5669 -0.0669 3.3465, 6.4331 0.0669 3.3465, 6.5669 0.0669 3.3465, 6.626 -0.0945 0.9843, 6.626 0.0945 0.9843, 6.626 -0.0945 3.1261, 6.626 0.0945 3.1261, 6.5945 0.126 0.9843, 6.4055 0.126 0.9843, 6.5945 0.126 3.1261, 6.4055 0.126 3.1261, 6.4055 -0.126 0.9843, 6.5945 -0.126 0.9843, 6.4055 -0.126 3.1261, 6.5945 -0.126 3.1261, 6.3782 0.1102 -0.9765, 6.3832 0.1168 -0.9951, 6.3743 0.0986 -0.9617, 6.3746 0.1006 -0.963, 6.3741 0.0965 -0.961, 6.3832 -0.1168 -0.9951, 6.3782 -0.1102 -0.9765, 6.3764 -0.1065 -0.9697, 6.3751 0.1026 -0.9647, 6.3764 0.1065 -0.9697, 6.3751 -0.1026 -0.9647, 6.3746 -0.1006 -0.963, 6.3743 -0.0986 -0.9617, 6.3741 -0.0965 -0.961, 6.6102 0.1218 -0.9765, 6.6167 0.1168 -0.9951, 6.5986 0.1257 -0.9617, 6.6006 0.1254 -0.963, 6.5965 0.1259 -0.961, 6.3897 0.1218 -0.9765, 6.3934 0.1236 -0.9697, 6.6026 0.1249 -0.9647, 6.6065 0.1236 -0.9697, 6.3973 0.1249 -0.9647, 6.3993 0.1254 -0.963, 6.4014 0.1257 -0.9617, 6.4034 0.1259 -0.961, 6.3897 -0.1218 -0.9765, 6.6167 -0.1168 -0.9951, 6.6102 -0.1218 -0.9765, 6.6065 -0.1236 -0.9697, 6.4014 -0.1257 -0.9617, 6.3993 -0.1254 -0.963, 6.6026 -0.1249 -0.9647, 6.6006 -0.1254 -0.963, 6.5986 -0.1257 -0.9617, 6.4034 -0.1259 -0.961, 6.5965 -0.1259 -0.961, 6.3973 -0.1249 -0.9647, 6.3934 -0.1236 -0.9697, 6.6217 -0.1102 -0.9765, 6.6257 -0.0986 -0.9617, 6.6254 -0.1006 -0.963, 6.6259 -0.0965 -0.961, 6.6217 0.1102 -0.9765, 6.6236 0.1065 -0.9697, 6.6249 -0.1026 -0.9647, 6.6236 -0.1065 -0.9697, 6.6249 0.1026 -0.9647, 6.6254 0.1006 -0.963, 6.6257 0.0986 -0.9617, 6.6259 0.0965 -0.961, 6.6217 0.1102 3.1418, 6.6167 0.1168 3.1605, 6.6257 0.0986 3.1271, 6.6254 0.1006 3.1283, 6.6259 0.0965 3.1263, 6.6167 -0.1168 3.1605, 6.6217 -0.1102 3.1418, 6.6236 -0.1065 3.135, 6.6249 0.1026 3.1301, 6.6236 0.1065 3.135, 6.6249 -0.1026 3.1301, 6.6254 -0.1006 3.1283, 6.6257 -0.0986 3.1271, 6.6259 -0.0965 3.1263, 6.3897 0.1218 3.1418, 6.3832 0.1168 3.1605, 6.4014 0.1257 3.1271, 6.3993 0.1254 3.1283, 6.4034 0.1259 3.1263, 6.6102 0.1218 3.1418, 6.6065 0.1236 3.135, 6.3973 0.1249 3.1301, 6.3934 0.1236 3.135, 6.6026 0.1249 3.1301, 6.6006 0.1254 3.1283, 6.5986 0.1257 3.1271, 6.5965 0.1259 3.1263, 6.6102 -0.1218 3.1418, 6.5986 -0.1257 3.1271, 6.6006 -0.1254 3.1283, 6.5965 -0.1259 3.1263, 6.3832 -0.1168 3.1605, 6.3897 -0.1218 3.1418, 6.3934 -0.1236 3.135, 6.6026 -0.1249 3.1301, 6.6065 -0.1236 3.135, 6.3973 -0.1249 3.1301, 6.3993 -0.1254 3.1283, 6.4014 -0.1257 3.1271, 6.4034 -0.1259 3.1263, 6.3782 -0.1102 3.1418, 6.3743 -0.0986 3.1271, 6.3746 -0.1006 3.1283, 6.3741 -0.0965 3.1263, 6.3782 0.1102 3.1418, 6.3764 0.1065 3.135, 6.3751 -0.1026 3.1301, 6.3764 -0.1065 3.135, 6.3751 0.1026 3.1301, 6.3746 0.1006 3.1283, 6.3743 0.0986 3.1271, 6.3741 0.0965 3.1263, 6.3973 -0.1249 0.9843, 6.3897 -0.1218 0.9843, 6.3751 -0.1026 0.9843, 6.3832 -0.1168 0.9843, 6.3782 -0.1102 0.9843, 6.6249 -0.1026 0.1969, 6.6217 -0.1102 0.1969, 6.6167 -0.1168 0.1969, 6.6102 -0.1218 0.1969, 6.6026 -0.1249 0.1969, 6.6249 -0.1026 0.9843, 6.6217 -0.1102 0.9843, 6.6026 -0.1249 0.9843, 6.6167 -0.1168 0.9843, 6.6102 -0.1218 0.9843, 6.6026 0.1249 0.1969, 6.6102 0.1218 0.1969, 6.6167 0.1168 0.1969, 6.6217 0.1102 0.1969, 6.6249 0.1026 0.1969, 6.6026 0.1249 0.9843, 6.6102 0.1218 0.9843, 6.6249 0.1026 0.9843, 6.6167 0.1168 0.9843, 6.6217 0.1102 0.9843, 6.3751 0.1026 0.1969, 6.3782 0.1102 0.1969, 6.3832 0.1168 0.1969, 6.3897 0.1218 0.1969, 6.3973 0.1249 0.1969, 6.3751 0.1026 0.9843, 6.3782 0.1102 0.9843, 6.3973 0.1249 0.9843, 6.3832 0.1168 0.9843, 6.3897 0.1218 0.9843, 6.3973 -0.1249 0.1969, 6.3897 -0.1218 0.1969, 6.3832 -0.1168 0.1969, 6.3782 -0.1102 0.1969, 6.3751 -0.1026 0.1969, 5.4331 -0.0669 3.3465, 5.5669 -0.0669 3.3465, 5.4331 0.0669 3.3465, 5.5669 0.0669 3.3465, 5.4055 -0.126 0.9843, 5.5945 -0.126 0.9843, 5.4055 -0.126 3.1261, 5.5945 -0.126 3.1261, 5.5945 0.126 0.9843, 5.4055 0.126 0.9843, 5.5945 0.126 3.1261, 5.4055 0.126 3.1261, 5.626 -0.0945 0.9843, 5.626 0.0945 0.9843, 5.626 -0.0945 3.1261, 5.626 0.0945 3.1261, 5.374 -0.0945 3.1261, 5.374 0.0945 3.1261, 5.374 -0.0945 0.9843, 5.374 0.0945 0.9843, 5.374 0.0945 -0.9607, 5.374 -0.0945 -0.9607, 5.374 0.0945 0.1969, 5.374 -0.0945 0.1969, 5.626 -0.0945 -0.9607, 5.626 0.0945 -0.9607, 5.626 -0.0945 0.1969, 5.626 0.0945 0.1969, 5.5945 0.126 -0.9607, 5.4055 0.126 -0.9607, 5.5945 0.126 0.1969, 5.4055 0.126 0.1969, 5.5945 -0.126 0.1969, 5.4055 -0.126 0.1969, 5.5945 -0.126 -0.9607, 5.4055 -0.126 -0.9607, 5.5669 -0.0669 -1.1811, 5.4331 -0.0669 -1.1811, 5.5669 0.0669 -1.1811, 5.4331 0.0669 -1.1811, 4.4331 -0.0669 3.3465, 4.5669 -0.0669 3.3465, 4.4331 0.0669 3.3465, 4.5669 0.0669 3.3465, 4.4055 -0.126 0.9843, 4.5945 -0.126 0.9843, 4.4055 -0.126 3.1261, 4.5945 -0.126 3.1261, 4.5945 0.126 0.9843, 4.4055 0.126 0.9843, 4.5945 0.126 3.1261, 4.4055 0.126 3.1261, 4.626 -0.0945 0.9843, 4.626 0.0945 0.9843, 4.626 -0.0945 3.1261, 4.626 0.0945 3.1261, 4.374 -0.0945 3.1261, 4.374 0.0945 3.1261, 4.374 -0.0945 0.9843, 4.374 0.0945 0.9843, 4.374 0.0945 -0.9607, 4.374 -0.0945 -0.9607, 4.374 0.0945 0.1969, 4.374 -0.0945 0.1969, 4.626 -0.0945 -0.9607, 4.626 0.0945 -0.9607, 4.626 -0.0945 0.1969, 4.626 0.0945 0.1969, 4.5945 0.126 -0.9607, 4.4055 0.126 -0.9607, 4.5945 0.126 0.1969, 4.4055 0.126 0.1969, 4.5945 -0.126 0.1969, 4.4055 -0.126 0.1969, 4.5945 -0.126 -0.9607, 4.4055 -0.126 -0.9607, 4.5669 -0.0669 -1.1811, 4.4331 -0.0669 -1.1811, 4.5669 0.0669 -1.1811, 4.4331 0.0669 -1.1811, 3.4331 -0.0669 3.3465, 3.5669 -0.0669 3.3465, 3.4331 0.0669 3.3465, 3.5669 0.0669 3.3465, 3.4055 -0.126 0.9843, 3.5945 -0.126 0.9843, 3.4055 -0.126 3.1261, 3.5945 -0.126 3.1261, 3.5945 0.126 0.9843, 3.4055 0.126 0.9843, 3.5945 0.126 3.1261, 3.4055 0.126 3.1261, 3.626 -0.0945 0.9843, 3.626 0.0945 0.9843, 3.626 -0.0945 3.1261, 3.626 0.0945 3.1261, 3.374 -0.0945 3.1261, 3.374 0.0945 3.1261, 3.374 -0.0945 0.9843, 3.374 0.0945 0.9843, 3.374 0.0945 -0.9607, 3.374 -0.0945 -0.9607, 3.374 0.0945 0.1969, 3.374 -0.0945 0.1969, 3.626 -0.0945 -0.9607, 3.626 0.0945 -0.9607, 3.626 -0.0945 0.1969, 3.626 0.0945 0.1969, 3.5945 0.126 -0.9607, 3.4055 0.126 -0.9607, 3.5945 0.126 0.1969, 3.4055 0.126 0.1969, 3.5945 -0.126 0.1969, 3.4055 -0.126 0.1969, 3.5945 -0.126 -0.9607, 3.4055 -0.126 -0.9607, 3.5669 -0.0669 -1.1811, 3.4331 -0.0669 -1.1811, 3.5669 0.0669 -1.1811, 3.4331 0.0669 -1.1811, 2.4331 -0.0669 3.3465, 2.5669 -0.0669 3.3465, 2.4331 0.0669 3.3465, 2.5669 0.0669 3.3465, 2.4055 -0.126 0.9843, 2.5945 -0.126 0.9843, 2.4055 -0.126 3.1261, 2.5945 -0.126 3.1261, 2.5945 0.126 0.9843, 2.4055 0.126 0.9843, 2.5945 0.126 3.1261, 2.4055 0.126 3.1261, 2.626 -0.0945 0.9843, 2.626 0.0945 0.9843, 2.626 -0.0945 3.1261, 2.626 0.0945 3.1261, 2.374 -0.0945 3.1261, 2.374 0.0945 3.1261, 2.374 -0.0945 0.9843, 2.374 0.0945 0.9843, 2.374 0.0945 -0.9607, 2.374 -0.0945 -0.9607, 2.374 0.0945 0.1969, 2.374 -0.0945 0.1969, 2.626 -0.0945 -0.9607, 2.626 0.0945 -0.9607, 2.626 -0.0945 0.1969, 2.626 0.0945 0.1969, 2.5945 0.126 -0.9607, 2.4055 0.126 -0.9607, 2.5945 0.126 0.1969, 2.4055 0.126 0.1969, 2.5945 -0.126 0.1969, 2.4055 -0.126 0.1969, 2.5945 -0.126 -0.9607, 2.4055 -0.126 -0.9607, 2.5669 -0.0669 -1.1811, 2.4331 -0.0669 -1.1811, 2.5669 0.0669 -1.1811, 2.4331 0.0669 -1.1811, 1.4331 -0.0669 3.3465, 1.5669 -0.0669 3.3465, 1.4331 0.0669 3.3465, 1.5669 0.0669 3.3465, 1.4055 -0.126 0.9843, 1.5945 -0.126 0.9843, 1.4055 -0.126 3.1261, 1.5945 -0.126 3.1261, 1.5945 0.126 0.9843, 1.4055 0.126 0.9843, 1.5945 0.126 3.1261, 1.4055 0.126 3.1261, 1.626 -0.0945 0.9843, 1.626 0.0945 0.9843, 1.626 -0.0945 3.1261, 1.626 0.0945 3.1261, 1.374 -0.0945 3.1261, 1.374 0.0945 3.1261, 1.374 -0.0945 0.9843, 1.374 0.0945 0.9843, 1.374 0.0945 -0.9607, 1.374 -0.0945 -0.9607, 1.374 0.0945 0.1969, 1.374 -0.0945 0.1969, 1.626 -0.0945 -0.9607, 1.626 0.0945 -0.9607, 1.626 -0.0945 0.1969, 1.626 0.0945 0.1969, 1.5945 0.126 -0.9607, 1.4055 0.126 -0.9607, 1.5945 0.126 0.1969, 1.4055 0.126 0.1969, 1.5945 -0.126 0.1969, 1.4055 -0.126 0.1969, 1.5945 -0.126 -0.9607, 1.4055 -0.126 -0.9607, 1.5669 -0.0669 -1.1811, 1.4331 -0.0669 -1.1811, 1.5669 0.0669 -1.1811, 1.4331 0.0669 -1.1811, 0.4331 -0.0669 3.3465, 0.5669 -0.0669 3.3465, 0.4331 0.0669 3.3465, 0.5669 0.0669 3.3465, 0.4055 -0.126 0.9843, 0.5945 -0.126 0.9843, 0.4055 -0.126 3.1261, 0.5945 -0.126 3.1261, 0.5945 0.126 0.9843, 0.4055 0.126 0.9843, 0.5945 0.126 3.1261, 0.4055 0.126 3.1261, 0.626 -0.0945 0.9843, 0.626 0.0945 0.9843, 0.626 -0.0945 3.1261, 0.626 0.0945 3.1261, 0.374 -0.0945 3.1261, 0.374 0.0945 3.1261, 0.374 -0.0945 0.9843, 0.374 0.0945 0.9843, 0.374 0.0945 -0.9607, 0.374 -0.0945 -0.9607, 0.374 0.0945 0.1969, 0.374 -0.0945 0.1969, 0.626 -0.0945 -0.9607, 0.626 0.0945 -0.9607, 0.626 -0.0945 0.1969, 0.626 0.0945 0.1969, 0.5945 0.126 -0.9607, 0.4055 0.126 -0.9607, 0.5945 0.126 0.1969, 0.4055 0.126 0.1969, 0.5945 -0.126 0.1969, 0.4055 -0.126 0.1969, 0.5945 -0.126 -0.9607, 0.4055 -0.126 -0.9607, 0.5669 -0.0669 -1.1811, 0.4331 -0.0669 -1.1811, 0.5669 0.0669 -1.1811, 0.4331 0.0669 -1.1811, -0.5669 -0.0669 3.3465, -0.4331 -0.0669 3.3465, -0.5669 0.0669 3.3465, -0.4331 0.0669 3.3465, -0.5945 -0.126 0.9843, -0.4055 -0.126 0.9843, -0.5945 -0.126 3.1261, -0.4055 -0.126 3.1261, -0.4055 0.126 0.9843, -0.5945 0.126 0.9843, -0.4055 0.126 3.1261, -0.5945 0.126 3.1261, -0.374 -0.0945 0.9843, -0.374 0.0945 0.9843, -0.374 -0.0945 3.1261, -0.374 0.0945 3.1261, -0.626 -0.0945 3.1261, -0.626 0.0945 3.1261, -0.626 -0.0945 0.9843, -0.626 0.0945 0.9843, -0.626 0.0945 -0.9607, -0.626 -0.0945 -0.9607, -0.626 0.0945 0.1969, -0.626 -0.0945 0.1969, -0.374 -0.0945 -0.9607, -0.374 0.0945 -0.9607, -0.374 -0.0945 0.1969, -0.374 0.0945 0.1969, -0.4055 0.126 -0.9607, -0.5945 0.126 -0.9607, -0.4055 0.126 0.1969, -0.5945 0.126 0.1969, -0.4055 -0.126 0.1969, -0.5945 -0.126 0.1969, -0.4055 -0.126 -0.9607, -0.5945 -0.126 -0.9607, -0.4331 -0.0669 -1.1811, -0.5669 -0.0669 -1.1811, -0.4331 0.0669 -1.1811, -0.5669 0.0669 -1.1811, -1.5669 -0.0669 3.3465, -1.4331 -0.0669 3.3465, -1.5669 0.0669 3.3465, -1.4331 0.0669 3.3465, -1.5945 -0.126 0.9843, -1.4055 -0.126 0.9843, -1.5945 -0.126 3.1261, -1.4055 -0.126 3.1261, -1.4055 0.126 0.9843, -1.5945 0.126 0.9843, -1.4055 0.126 3.1261, -1.5945 0.126 3.1261, -1.374 -0.0945 0.9843, -1.374 0.0945 0.9843, -1.374 -0.0945 3.1261, -1.374 0.0945 3.1261, -1.626 -0.0945 3.1261, -1.626 0.0945 3.1261, -1.626 -0.0945 0.9843, -1.626 0.0945 0.9843, -1.626 0.0945 -0.9607, -1.626 -0.0945 -0.9607, -1.626 0.0945 0.1969, -1.626 -0.0945 0.1969, -1.374 -0.0945 -0.9607, -1.374 0.0945 -0.9607, -1.374 -0.0945 0.1969, -1.374 0.0945 0.1969, -1.4055 0.126 -0.9607, -1.5945 0.126 -0.9607, -1.4055 0.126 0.1969, -1.5945 0.126 0.1969, -1.4055 -0.126 0.1969, -1.5945 -0.126 0.1969, -1.4055 -0.126 -0.9607, -1.5945 -0.126 -0.9607, -1.4331 -0.0669 -1.1811, -1.5669 -0.0669 -1.1811, -1.4331 0.0669 -1.1811, -1.5669 0.0669 -1.1811, -2.5669 -0.0669 3.3465, -2.4331 -0.0669 3.3465, -2.5669 0.0669 3.3465, -2.4331 0.0669 3.3465, -2.5945 -0.126 0.9843, -2.4055 -0.126 0.9843, -2.5945 -0.126 3.1261, -2.4055 -0.126 3.1261, -2.4055 0.126 0.9843, -2.5945 0.126 0.9843, -2.4055 0.126 3.1261, -2.5945 0.126 3.1261, -2.374 -0.0945 0.9843, -2.374 0.0945 0.9843, -2.374 -0.0945 3.1261, -2.374 0.0945 3.1261, -2.626 -0.0945 3.1261, -2.626 0.0945 3.1261, -2.626 -0.0945 0.9843, -2.626 0.0945 0.9843, -2.626 0.0945 -0.9607, -2.626 -0.0945 -0.9607, -2.626 0.0945 0.1969, -2.626 -0.0945 0.1969, -2.374 -0.0945 -0.9607, -2.374 0.0945 -0.9607, -2.374 -0.0945 0.1969, -2.374 0.0945 0.1969, -2.4055 0.126 -0.9607, -2.5945 0.126 -0.9607, -2.4055 0.126 0.1969, -2.5945 0.126 0.1969, -2.4055 -0.126 0.1969, -2.5945 -0.126 0.1969, -2.4055 -0.126 -0.9607, -2.5945 -0.126 -0.9607, -2.4331 -0.0669 -1.1811, -2.5669 -0.0669 -1.1811, -2.4331 0.0669 -1.1811, -2.5669 0.0669 -1.1811, -3.5669 -0.0669 3.3465, -3.4331 -0.0669 3.3465, -3.5669 0.0669 3.3465, -3.4331 0.0669 3.3465, -3.5945 -0.126 0.9843, -3.4055 -0.126 0.9843, -3.5945 -0.126 3.1261, -3.4055 -0.126 3.1261, -3.4055 0.126 0.9843, -3.5945 0.126 0.9843, -3.4055 0.126 3.1261, -3.5945 0.126 3.1261, -3.374 -0.0945 0.9843, -3.374 0.0945 0.9843, -3.374 -0.0945 3.1261, -3.374 0.0945 3.1261, -3.626 -0.0945 3.1261, -3.626 0.0945 3.1261, -3.626 -0.0945 0.9843, -3.626 0.0945 0.9843, -3.626 0.0945 -0.9607, -3.626 -0.0945 -0.9607, -3.626 0.0945 0.1969, -3.626 -0.0945 0.1969, -3.374 -0.0945 -0.9607, -3.374 0.0945 -0.9607, -3.374 -0.0945 0.1969, -3.374 0.0945 0.1969, -3.4055 0.126 -0.9607, -3.5945 0.126 -0.9607, -3.4055 0.126 0.1969, -3.5945 0.126 0.1969, -3.4055 -0.126 0.1969, -3.5945 -0.126 0.1969, -3.4055 -0.126 -0.9607, -3.5945 -0.126 -0.9607, -3.4331 -0.0669 -1.1811, -3.5669 -0.0669 -1.1811, -3.4331 0.0669 -1.1811, -3.5669 0.0669 -1.1811, -4.5669 -0.0669 3.3465, -4.4331 -0.0669 3.3465, -4.5669 0.0669 3.3465, -4.4331 0.0669 3.3465, -4.5945 -0.126 0.9843, -4.4055 -0.126 0.9843, -4.5945 -0.126 3.1261, -4.4055 -0.126 3.1261, -4.4055 0.126 0.9843, -4.5945 0.126 0.9843, -4.4055 0.126 3.1261, -4.5945 0.126 3.1261, -4.374 -0.0945 0.9843, -4.374 0.0945 0.9843, -4.374 -0.0945 3.1261, -4.374 0.0945 3.1261, -4.626 -0.0945 3.1261, -4.626 0.0945 3.1261, -4.626 -0.0945 0.9843, -4.626 0.0945 0.9843, -4.626 0.0945 -0.9607, -4.626 -0.0945 -0.9607, -4.626 0.0945 0.1969, -4.626 -0.0945 0.1969, -4.374 -0.0945 -0.9607, -4.374 0.0945 -0.9607, -4.374 -0.0945 0.1969, -4.374 0.0945 0.1969, -4.4055 0.126 -0.9607, -4.5945 0.126 -0.9607, -4.4055 0.126 0.1969, -4.5945 0.126 0.1969, -4.4055 -0.126 0.1969, -4.5945 -0.126 0.1969, -4.4055 -0.126 -0.9607, -4.5945 -0.126 -0.9607, -4.4331 -0.0669 -1.1811, -4.5669 -0.0669 -1.1811, -4.4331 0.0669 -1.1811, -4.5669 0.0669 -1.1811, -5.5669 -0.0669 3.3465, -5.4331 -0.0669 3.3465, -5.5669 0.0669 3.3465, -5.4331 0.0669 3.3465, -5.5945 -0.126 0.9843, -5.4055 -0.126 0.9843, -5.5945 -0.126 3.1261, -5.4055 -0.126 3.1261, -5.4055 0.126 0.9843, -5.5945 0.126 0.9843, -5.4055 0.126 3.1261, -5.5945 0.126 3.1261, -5.374 -0.0945 0.9843, -5.374 0.0945 0.9843, -5.374 -0.0945 3.1261, -5.374 0.0945 3.1261, -5.626 -0.0945 3.1261, -5.626 0.0945 3.1261, -5.626 -0.0945 0.9843, -5.626 0.0945 0.9843, -5.626 0.0945 -0.9607, -5.626 -0.0945 -0.9607, -5.626 0.0945 0.1969, -5.626 -0.0945 0.1969, -5.374 -0.0945 -0.9607, -5.374 0.0945 -0.9607, -5.374 -0.0945 0.1969, -5.374 0.0945 0.1969, -5.4055 0.126 -0.9607, -5.5945 0.126 -0.9607, -5.4055 0.126 0.1969, -5.5945 0.126 0.1969, -5.4055 -0.126 0.1969, -5.5945 -0.126 0.1969, -5.4055 -0.126 -0.9607, -5.5945 -0.126 -0.9607, -5.4331 -0.0669 -1.1811, -5.5669 -0.0669 -1.1811, -5.4331 0.0669 -1.1811, -5.5669 0.0669 -1.1811, -6.5669 -0.0669 3.3465, -6.4331 -0.0669 3.3465, -6.5669 0.0669 3.3465, -6.4331 0.0669 3.3465, -6.5945 -0.126 0.9843, -6.4055 -0.126 0.9843, -6.5945 -0.126 3.1261, -6.4055 -0.126 3.1261, -6.4055 0.126 0.9843, -6.5945 0.126 0.9843, -6.4055 0.126 3.1261, -6.5945 0.126 3.1261, -6.374 -0.0945 0.9843, -6.374 0.0945 0.9843, -6.374 -0.0945 3.1261, -6.374 0.0945 3.1261, -6.626 -0.0945 3.1261, -6.626 0.0945 3.1261, -6.626 -0.0945 0.9843, -6.626 0.0945 0.9843, -6.626 0.0945 -0.9607, -6.626 -0.0945 -0.9607, -6.626 0.0945 0.1969, -6.626 -0.0945 0.1969, -6.374 -0.0945 -0.9607, -6.374 0.0945 -0.9607, -6.374 -0.0945 0.1969, -6.374 0.0945 0.1969, -6.4055 0.126 -0.9607, -6.5945 0.126 -0.9607, -6.4055 0.126 0.1969, -6.5945 0.126 0.1969, -6.4055 -0.126 0.1969, -6.5945 -0.126 0.1969, -6.4055 -0.126 -0.9607, -6.5945 -0.126 -0.9607, -6.4331 -0.0669 -1.1811, -6.5669 -0.0669 -1.1811, -6.4331 0.0669 -1.1811, -6.5669 0.0669 -1.1811, 5.3782 0.1102 -0.9765, 5.3832 0.1168 -0.9951, 5.3743 0.0986 -0.9617, 5.3746 0.1006 -0.963, 5.3741 0.0965 -0.961, 5.3832 -0.1168 -0.9951, 5.3782 -0.1102 -0.9765, 5.3764 -0.1065 -0.9697, 5.3751 0.1026 -0.9647, 5.3764 0.1065 -0.9697, 5.3751 -0.1026 -0.9647, 5.3746 -0.1006 -0.963, 5.3743 -0.0986 -0.9617, 5.3741 -0.0965 -0.961, 5.6102 0.1218 -0.9765, 5.6167 0.1168 -0.9951, 5.5986 0.1257 -0.9617, 5.6006 0.1254 -0.963, 5.5965 0.1259 -0.961, 5.3897 0.1218 -0.9765, 5.3934 0.1236 -0.9697, 5.6026 0.1249 -0.9647, 5.6065 0.1236 -0.9697, 5.3973 0.1249 -0.9647, 5.3993 0.1254 -0.963, 5.4014 0.1257 -0.9617, 5.4034 0.1259 -0.961, 5.3897 -0.1218 -0.9765, 5.6167 -0.1168 -0.9951, 5.6102 -0.1218 -0.9765, 5.6065 -0.1236 -0.9697, 5.4014 -0.1257 -0.9617, 5.3993 -0.1254 -0.963, 5.6026 -0.1249 -0.9647, 5.6006 -0.1254 -0.963, 5.5986 -0.1257 -0.9617, 5.4034 -0.1259 -0.961, 5.5965 -0.1259 -0.961, 5.3973 -0.1249 -0.9647, 5.3934 -0.1236 -0.9697, 5.6217 -0.1102 -0.9765, 5.6257 -0.0986 -0.9617, 5.6254 -0.1006 -0.963, 5.6259 -0.0965 -0.961, 5.6217 0.1102 -0.9765, 5.6236 0.1065 -0.9697, 5.6249 -0.1026 -0.9647, 5.6236 -0.1065 -0.9697, 5.6249 0.1026 -0.9647, 5.6254 0.1006 -0.963, 5.6257 0.0986 -0.9617, 5.6259 0.0965 -0.961, 5.6217 0.1102 3.1418, 5.6167 0.1168 3.1605, 5.6257 0.0986 3.1271, 5.6254 0.1006 3.1283, 5.6259 0.0965 3.1263, 5.6167 -0.1168 3.1605, 5.6217 -0.1102 3.1418, 5.6236 -0.1065 3.135, 5.6249 0.1026 3.1301, 5.6236 0.1065 3.135, 5.6249 -0.1026 3.1301, 5.6254 -0.1006 3.1283, 5.6257 -0.0986 3.1271, 5.6259 -0.0965 3.1263, 5.3897 0.1218 3.1418, 5.3832 0.1168 3.1605, 5.4014 0.1257 3.1271, 5.3993 0.1254 3.1283, 5.4034 0.1259 3.1263, 5.6102 0.1218 3.1418, 5.6065 0.1236 3.135, 5.3973 0.1249 3.1301, 5.3934 0.1236 3.135, 5.6026 0.1249 3.1301, 5.6006 0.1254 3.1283, 5.5986 0.1257 3.1271, 5.5965 0.1259 3.1263, 5.6102 -0.1218 3.1418, 5.5986 -0.1257 3.1271, 5.6006 -0.1254 3.1283, 5.5965 -0.1259 3.1263, 5.3832 -0.1168 3.1605, 5.3897 -0.1218 3.1418, 5.3934 -0.1236 3.135, 5.6026 -0.1249 3.1301, 5.6065 -0.1236 3.135, 5.3973 -0.1249 3.1301, 5.3993 -0.1254 3.1283, 5.4014 -0.1257 3.1271, 5.4034 -0.1259 3.1263, 5.3782 -0.1102 3.1418, 5.3743 -0.0986 3.1271, 5.3746 -0.1006 3.1283, 5.3741 -0.0965 3.1263, 5.3782 0.1102 3.1418, 5.3764 0.1065 3.135, 5.3751 -0.1026 3.1301, 5.3764 -0.1065 3.135, 5.3751 0.1026 3.1301, 5.3746 0.1006 3.1283, 5.3743 0.0986 3.1271, 5.3741 0.0965 3.1263, 4.3782 0.1102 -0.9765, 4.3832 0.1168 -0.9951, 4.3743 0.0986 -0.9617, 4.3746 0.1006 -0.963, 4.3741 0.0965 -0.961, 4.3832 -0.1168 -0.9951, 4.3782 -0.1102 -0.9765, 4.3764 -0.1065 -0.9697, 4.3751 0.1026 -0.9647, 4.3764 0.1065 -0.9697, 4.3751 -0.1026 -0.9647, 4.3746 -0.1006 -0.963, 4.3743 -0.0986 -0.9617, 4.3741 -0.0965 -0.961, 4.6102 0.1218 -0.9765, 4.6167 0.1168 -0.9951, 4.5986 0.1257 -0.9617, 4.6006 0.1254 -0.963, 4.5965 0.1259 -0.961, 4.3897 0.1218 -0.9765, 4.3934 0.1236 -0.9697, 4.6026 0.1249 -0.9647, 4.6065 0.1236 -0.9697, 4.3973 0.1249 -0.9647, 4.3993 0.1254 -0.963, 4.4014 0.1257 -0.9617, 4.4034 0.1259 -0.961, 4.3897 -0.1218 -0.9765, 4.6167 -0.1168 -0.9951, 4.6102 -0.1218 -0.9765, 4.6065 -0.1236 -0.9697, 4.4014 -0.1257 -0.9617, 4.3993 -0.1254 -0.963, 4.6026 -0.1249 -0.9647, 4.6006 -0.1254 -0.963, 4.5986 -0.1257 -0.9617, 4.4034 -0.1259 -0.961, 4.5965 -0.1259 -0.961, 4.3973 -0.1249 -0.9647, 4.3934 -0.1236 -0.9697, 4.6217 -0.1102 -0.9765, 4.6257 -0.0986 -0.9617, 4.6254 -0.1006 -0.963, 4.6259 -0.0965 -0.961, 4.6217 0.1102 -0.9765, 4.6236 0.1065 -0.9697, 4.6249 -0.1026 -0.9647, 4.6236 -0.1065 -0.9697, 4.6249 0.1026 -0.9647, 4.6254 0.1006 -0.963, 4.6257 0.0986 -0.9617, 4.6259 0.0965 -0.961, 4.6217 0.1102 3.1418, 4.6167 0.1168 3.1605, 4.6257 0.0986 3.1271, 4.6254 0.1006 3.1283, 4.6259 0.0965 3.1263, 4.6167 -0.1168 3.1605, 4.6217 -0.1102 3.1418, 4.6236 -0.1065 3.135, 4.6249 0.1026 3.1301, 4.6236 0.1065 3.135, 4.6249 -0.1026 3.1301, 4.6254 -0.1006 3.1283, 4.6257 -0.0986 3.1271, 4.6259 -0.0965 3.1263, 4.3897 0.1218 3.1418, 4.3832 0.1168 3.1605, 4.4014 0.1257 3.1271, 4.3993 0.1254 3.1283, 4.4034 0.1259 3.1263, 4.6102 0.1218 3.1418, 4.6065 0.1236 3.135, 4.3973 0.1249 3.1301, 4.3934 0.1236 3.135, 4.6026 0.1249 3.1301, 4.6006 0.1254 3.1283, 4.5986 0.1257 3.1271, 4.5965 0.1259 3.1263, 4.6102 -0.1218 3.1418, 4.5986 -0.1257 3.1271, 4.6006 -0.1254 3.1283, 4.5965 -0.1259 3.1263, 4.3832 -0.1168 3.1605, 4.3897 -0.1218 3.1418, 4.3934 -0.1236 3.135, 4.6026 -0.1249 3.1301, 4.6065 -0.1236 3.135, 4.3973 -0.1249 3.1301, 4.3993 -0.1254 3.1283, 4.4014 -0.1257 3.1271, 4.4034 -0.1259 3.1263, 4.3782 -0.1102 3.1418, 4.3743 -0.0986 3.1271, 4.3746 -0.1006 3.1283, 4.3741 -0.0965 3.1263, 4.3782 0.1102 3.1418, 4.3764 0.1065 3.135, 4.3751 -0.1026 3.1301, 4.3764 -0.1065 3.135, 4.3751 0.1026 3.1301, 4.3746 0.1006 3.1283, 4.3743 0.0986 3.1271, 4.3741 0.0965 3.1263, 3.3812 0.1139 -0.9875, 3.3832 0.1168 -0.9951, 3.3812 -0.1139 -0.9875, 3.3832 -0.1168 -0.9951, 3.3742 0.098 -0.9614, 3.3744 0.0998 -0.9624, 3.374 0.0963 -0.9609, 3.3771 -0.1082 -0.9723, 3.3758 -0.1049 -0.9673, 3.3748 0.1015 -0.9637, 3.3758 0.1049 -0.9673, 3.3771 0.1082 -0.9723, 3.3748 -0.1015 -0.9637, 3.3744 -0.0998 -0.9624, 3.3742 -0.098 -0.9614, 3.374 -0.0963 -0.9609, 3.3861 0.1188 -0.9875, 3.6167 0.1168 -0.9951, 3.3918 0.1229 -0.9723, 3.3951 0.1242 -0.9673, 3.3985 0.1252 -0.9637, 3.4002 0.1255 -0.9624, 3.402 0.1258 -0.9614, 3.6026 0.1249 -0.9647, 3.6065 0.1236 -0.9697, 3.6006 0.1254 -0.963, 3.6102 0.1218 -0.9765, 3.5986 0.1257 -0.9617, 3.4037 0.1259 -0.9609, 3.5965 0.1259 -0.961, 3.3861 -0.1188 -0.9875, 3.6167 -0.1168 -0.9951, 3.4037 -0.1259 -0.9609, 3.402 -0.1258 -0.9614, 3.4002 -0.1255 -0.9624, 3.3985 -0.1252 -0.9637, 3.3951 -0.1242 -0.9673, 3.3918 -0.1229 -0.9723, 3.5986 -0.1257 -0.9617, 3.6102 -0.1218 -0.9765, 3.6006 -0.1254 -0.963, 3.6065 -0.1236 -0.9697, 3.6026 -0.1249 -0.9647, 3.5965 -0.1259 -0.961, 3.6217 -0.1102 -0.9765, 3.6257 -0.0986 -0.9617, 3.6254 -0.1006 -0.963, 3.6259 -0.0965 -0.961, 3.6217 0.1102 -0.9765, 3.6236 0.1065 -0.9697, 3.6249 -0.1026 -0.9647, 3.6236 -0.1065 -0.9697, 3.6249 0.1026 -0.9647, 3.6254 0.1006 -0.963, 3.6257 0.0986 -0.9617, 3.6259 0.0965 -0.961, 3.6217 0.1102 3.1418, 3.6167 0.1168 3.1605, 3.6257 0.0986 3.1271, 3.6254 0.1006 3.1283, 3.6259 0.0965 3.1263, 3.6167 -0.1168 3.1605, 3.6217 -0.1102 3.1418, 3.6236 -0.1065 3.135, 3.6249 0.1026 3.1301, 3.6236 0.1065 3.135, 3.6249 -0.1026 3.1301, 3.6254 -0.1006 3.1283, 3.6257 -0.0986 3.1271, 3.6259 -0.0965 3.1263, 3.3897 0.1218 3.1418, 3.3832 0.1168 3.1605, 3.4014 0.1257 3.1271, 3.3993 0.1254 3.1283, 3.4034 0.1259 3.1263, 3.6102 0.1218 3.1418, 3.6065 0.1236 3.135, 3.3973 0.1249 3.1301, 3.3934 0.1236 3.135, 3.6026 0.1249 3.1301, 3.6006 0.1254 3.1283, 3.5986 0.1257 3.1271, 3.5965 0.1259 3.1263, 3.6102 -0.1218 3.1418, 3.5986 -0.1257 3.1271, 3.6006 -0.1254 3.1283, 3.5965 -0.1259 3.1263, 3.3832 -0.1168 3.1605, 3.3897 -0.1218 3.1418, 3.3934 -0.1236 3.135, 3.6026 -0.1249 3.1301, 3.6065 -0.1236 3.135, 3.3973 -0.1249 3.1301, 3.3993 -0.1254 3.1283, 3.4014 -0.1257 3.1271, 3.4034 -0.1259 3.1263, 3.3782 -0.1102 3.1418, 3.3743 -0.0986 3.1271, 3.3746 -0.1006 3.1283, 3.3741 -0.0965 3.1263, 3.3782 0.1102 3.1418, 3.3764 0.1065 3.135, 3.3751 -0.1026 3.1301, 3.3764 -0.1065 3.135, 3.3751 0.1026 3.1301, 3.3746 0.1006 3.1283, 3.3743 0.0986 3.1271, 3.3741 0.0965 3.1263, 2.3812 0.1139 -0.9875, 2.3832 0.1168 -0.9951, 2.3812 -0.1139 -0.9875, 2.3832 -0.1168 -0.9951, 2.3742 0.098 -0.9614, 2.3744 0.0998 -0.9624, 2.374 0.0963 -0.9609, 2.3771 -0.1082 -0.9723, 2.3758 -0.1049 -0.9673, 2.3748 0.1015 -0.9637, 2.3758 0.1049 -0.9673, 2.3771 0.1082 -0.9723, 2.3748 -0.1015 -0.9637, 2.3744 -0.0998 -0.9624, 2.3742 -0.098 -0.9614, 2.374 -0.0963 -0.9609, 2.3861 0.1188 -0.9875, 2.6167 0.1168 -0.9951, 2.3918 0.1229 -0.9723, 2.3951 0.1242 -0.9673, 2.3985 0.1252 -0.9637, 2.4002 0.1255 -0.9624, 2.402 0.1258 -0.9614, 2.6026 0.1249 -0.9647, 2.6065 0.1236 -0.9697, 2.6006 0.1254 -0.963, 2.6102 0.1218 -0.9765, 2.5986 0.1257 -0.9617, 2.4037 0.1259 -0.9609, 2.5965 0.1259 -0.961, 2.3861 -0.1188 -0.9875, 2.6167 -0.1168 -0.9951, 2.4037 -0.1259 -0.9609, 2.402 -0.1258 -0.9614, 2.4002 -0.1255 -0.9624, 2.3985 -0.1252 -0.9637, 2.3951 -0.1242 -0.9673, 2.3918 -0.1229 -0.9723, 2.5986 -0.1257 -0.9617, 2.6102 -0.1218 -0.9765, 2.6006 -0.1254 -0.963, 2.6065 -0.1236 -0.9697, 2.6026 -0.1249 -0.9647, 2.5965 -0.1259 -0.961, 2.6217 -0.1102 -0.9765, 2.6257 -0.0986 -0.9617, 2.6254 -0.1006 -0.963, 2.6259 -0.0965 -0.961, 2.6217 0.1102 -0.9765, 2.6236 0.1065 -0.9697, 2.6249 -0.1026 -0.9647, 2.6236 -0.1065 -0.9697, 2.6249 0.1026 -0.9647, 2.6254 0.1006 -0.963, 2.6257 0.0986 -0.9617, 2.6259 0.0965 -0.961, 2.6217 0.1102 3.1418, 2.6167 0.1168 3.1605, 2.6257 0.0986 3.1271, 2.6254 0.1006 3.1283, 2.6259 0.0965 3.1263, 2.6167 -0.1168 3.1605, 2.6217 -0.1102 3.1418, 2.6236 -0.1065 3.135, 2.6249 0.1026 3.1301, 2.6236 0.1065 3.135, 2.6249 -0.1026 3.1301, 2.6254 -0.1006 3.1283, 2.6257 -0.0986 3.1271, 2.6259 -0.0965 3.1263, 2.3897 0.1218 3.1418, 2.3832 0.1168 3.1605, 2.4014 0.1257 3.1271, 2.3993 0.1254 3.1283, 2.4034 0.1259 3.1263, 2.6102 0.1218 3.1418, 2.6065 0.1236 3.135, 2.3973 0.1249 3.1301, 2.3934 0.1236 3.135, 2.6026 0.1249 3.1301, 2.6006 0.1254 3.1283, 2.5986 0.1257 3.1271, 2.5965 0.1259 3.1263, 2.6102 -0.1218 3.1418, 2.5986 -0.1257 3.1271, 2.6006 -0.1254 3.1283, 2.5965 -0.1259 3.1263, 2.3832 -0.1168 3.1605, 2.3897 -0.1218 3.1418, 2.3934 -0.1236 3.135, 2.6026 -0.1249 3.1301, 2.6065 -0.1236 3.135, 2.3973 -0.1249 3.1301, 2.3993 -0.1254 3.1283, 2.4014 -0.1257 3.1271, 2.4034 -0.1259 3.1263, 2.3782 -0.1102 3.1418, 2.3782 0.1102 3.1418, 2.3764 0.1065 3.135, 2.3743 -0.0986 3.1271, 2.3746 -0.1006 3.1283, 2.3751 0.1026 3.1301, 2.3746 0.1006 3.1283, 2.3743 0.0986 3.1271, 2.3741 -0.0965 3.1263, 2.3741 0.0965 3.1263, 2.3751 -0.1026 3.1301, 2.3764 -0.1065 3.135, 1.3812 0.1139 -0.9875, 1.3832 0.1168 -0.9951, 1.3812 -0.1139 -0.9875, 1.3832 -0.1168 -0.9951, 1.3742 0.098 -0.9614, 1.3744 0.0998 -0.9624, 1.374 0.0963 -0.9609, 1.3771 -0.1082 -0.9723, 1.3758 -0.1049 -0.9673, 1.3748 0.1015 -0.9637, 1.3758 0.1049 -0.9673, 1.3771 0.1082 -0.9723, 1.3748 -0.1015 -0.9637, 1.3744 -0.0998 -0.9624, 1.3742 -0.098 -0.9614, 1.374 -0.0963 -0.9609, 1.3861 0.1188 -0.9875, 1.6167 0.1168 -0.9951, 1.3918 0.1229 -0.9723, 1.3951 0.1242 -0.9673, 1.3985 0.1252 -0.9637, 1.4002 0.1255 -0.9624, 1.402 0.1258 -0.9614, 1.6026 0.1249 -0.9647, 1.6065 0.1236 -0.9697, 1.6006 0.1254 -0.963, 1.6102 0.1218 -0.9765, 1.5986 0.1257 -0.9617, 1.4037 0.1259 -0.9609, 1.5965 0.1259 -0.961, 1.3861 -0.1188 -0.9875, 1.6167 -0.1168 -0.9951, 1.4037 -0.1259 -0.9609, 1.402 -0.1258 -0.9614, 1.4002 -0.1255 -0.9624, 1.3985 -0.1252 -0.9637, 1.3951 -0.1242 -0.9673, 1.3918 -0.1229 -0.9723, 1.5986 -0.1257 -0.9617, 1.6102 -0.1218 -0.9765, 1.6006 -0.1254 -0.963, 1.6065 -0.1236 -0.9697, 1.6026 -0.1249 -0.9647, 1.5965 -0.1259 -0.961, 1.6217 -0.1102 -0.9765, 1.6257 -0.0986 -0.9617, 1.6254 -0.1006 -0.963, 1.6259 -0.0965 -0.961, 1.6217 0.1102 -0.9765, 1.6236 0.1065 -0.9697, 1.6249 -0.1026 -0.9647, 1.6236 -0.1065 -0.9697, 1.6249 0.1026 -0.9647, 1.6254 0.1006 -0.963, 1.6257 0.0986 -0.9617, 1.6259 0.0965 -0.961, 1.6217 0.1102 3.1418, 1.6167 0.1168 3.1605, 1.6257 0.0986 3.1271, 1.6254 0.1006 3.1283, 1.6259 0.0965 3.1263, 1.6167 -0.1168 3.1605, 1.6217 -0.1102 3.1418, 1.6236 -0.1065 3.135, 1.6249 0.1026 3.1301, 1.6236 0.1065 3.135, 1.6249 -0.1026 3.1301, 1.6254 -0.1006 3.1283, 1.6257 -0.0986 3.1271, 1.6259 -0.0965 3.1263, 1.3897 0.1218 3.1418, 1.3832 0.1168 3.1605, 1.4014 0.1257 3.1271, 1.3993 0.1254 3.1283, 1.4034 0.1259 3.1263, 1.6102 0.1218 3.1418, 1.6065 0.1236 3.135, 1.3973 0.1249 3.1301, 1.3934 0.1236 3.135, 1.6026 0.1249 3.1301, 1.6006 0.1254 3.1283, 1.5986 0.1257 3.1271, 1.5965 0.1259 3.1263, 1.6102 -0.1218 3.1418, 1.5986 -0.1257 3.1271, 1.6006 -0.1254 3.1283, 1.5965 -0.1259 3.1263, 1.3832 -0.1168 3.1605, 1.3897 -0.1218 3.1418, 1.3934 -0.1236 3.135, 1.6026 -0.1249 3.1301, 1.6065 -0.1236 3.135, 1.3973 -0.1249 3.1301, 1.3993 -0.1254 3.1283, 1.4014 -0.1257 3.1271, 1.4034 -0.1259 3.1263, 1.3782 -0.1102 3.1418, 1.3743 -0.0986 3.1271, 1.3746 -0.1006 3.1283, 1.3741 -0.0965 3.1263, 1.3782 0.1102 3.1418, 1.3764 0.1065 3.135, 1.3751 -0.1026 3.1301, 1.3764 -0.1065 3.135, 1.3751 0.1026 3.1301, 1.3746 0.1006 3.1283, 1.3743 0.0986 3.1271, 1.3741 0.0965 3.1263, 0.3782 0.1102 -0.9765, 0.3832 0.1168 -0.9951, 0.3743 0.0986 -0.9617, 0.3746 0.1006 -0.963, 0.3741 0.0965 -0.961, 0.3832 -0.1168 -0.9951, 0.3782 -0.1102 -0.9765, 0.3764 -0.1065 -0.9697, 0.3751 0.1026 -0.9647, 0.3764 0.1065 -0.9697, 0.3751 -0.1026 -0.9647, 0.3746 -0.1006 -0.963, 0.3743 -0.0986 -0.9617, 0.3741 -0.0965 -0.961, 0.6102 0.1218 -0.9765, 0.6167 0.1168 -0.9951, 0.3897 0.1218 -0.9765, 0.3934 0.1236 -0.9697, 0.5986 0.1257 -0.9617, 0.6006 0.1254 -0.963, 0.3973 0.1249 -0.9647, 0.3993 0.1254 -0.963, 0.4014 0.1257 -0.9617, 0.5965 0.1259 -0.961, 0.4034 0.1259 -0.961, 0.6026 0.1249 -0.9647, 0.6065 0.1236 -0.9697, 0.3897 -0.1218 -0.9765, 0.6167 -0.1168 -0.9951, 0.6102 -0.1218 -0.9765, 0.6065 -0.1236 -0.9697, 0.4014 -0.1257 -0.9617, 0.3993 -0.1254 -0.963, 0.6026 -0.1249 -0.9647, 0.6006 -0.1254 -0.963, 0.5986 -0.1257 -0.9617, 0.4034 -0.1259 -0.961, 0.5965 -0.1259 -0.961, 0.3973 -0.1249 -0.9647, 0.3934 -0.1236 -0.9697, 0.6217 -0.1102 -0.9765, 0.6257 -0.0986 -0.9617, 0.6254 -0.1006 -0.963, 0.6259 -0.0965 -0.961, 0.6217 0.1102 -0.9765, 0.6236 0.1065 -0.9697, 0.6249 -0.1026 -0.9647, 0.6236 -0.1065 -0.9697, 0.6249 0.1026 -0.9647, 0.6254 0.1006 -0.963, 0.6257 0.0986 -0.9617, 0.6259 0.0965 -0.961, 0.6217 0.1102 3.1418, 0.6167 0.1168 3.1605, 0.6167 -0.1168 3.1605, 0.6217 -0.1102 3.1418, 0.6236 -0.1065 3.135, 0.6257 0.0986 3.1271, 0.6254 0.1006 3.1283, 0.6249 -0.1026 3.1301, 0.6254 -0.1006 3.1283, 0.6257 -0.0986 3.1271, 0.6259 0.0965 3.1263, 0.6259 -0.0965 3.1263, 0.6249 0.1026 3.1301, 0.6236 0.1065 3.135, 0.3897 0.1218 3.1418, 0.3832 0.1168 3.1605, 0.4014 0.1257 3.1271, 0.3993 0.1254 3.1283, 0.4034 0.1259 3.1263, 0.6102 0.1218 3.1418, 0.6065 0.1236 3.135, 0.3973 0.1249 3.1301, 0.3934 0.1236 3.135, 0.6026 0.1249 3.1301, 0.6006 0.1254 3.1283, 0.5986 0.1257 3.1271, 0.5965 0.1259 3.1263, 0.6102 -0.1218 3.1418, 0.5986 -0.1257 3.1271, 0.6006 -0.1254 3.1283, 0.5965 -0.1259 3.1263, 0.3832 -0.1168 3.1605, 0.3897 -0.1218 3.1418, 0.3934 -0.1236 3.135, 0.6026 -0.1249 3.1301, 0.6065 -0.1236 3.135, 0.3973 -0.1249 3.1301, 0.3993 -0.1254 3.1283, 0.4014 -0.1257 3.1271, 0.4034 -0.1259 3.1263, 0.3782 -0.1102 3.1418, 0.3782 0.1102 3.1418, 0.3764 0.1065 3.135, 0.3743 -0.0986 3.1271, 0.3746 -0.1006 3.1283, 0.3751 0.1026 3.1301, 0.3746 0.1006 3.1283, 0.3743 0.0986 3.1271, 0.3741 -0.0965 3.1263, 0.3741 0.0965 3.1263, 0.3751 -0.1026 3.1301, 0.3764 -0.1065 3.135, -0.6218 0.1102 -0.9765, -0.6168 0.1168 -0.9951, -0.6257 0.0986 -0.9617, -0.6254 0.1006 -0.963, -0.6259 0.0965 -0.961, -0.6168 -0.1168 -0.9951, -0.6218 -0.1102 -0.9765, -0.6236 -0.1065 -0.9697, -0.6249 0.1026 -0.9647, -0.6236 0.1065 -0.9697, -0.6249 -0.1026 -0.9647, -0.6254 -0.1006 -0.963, -0.6257 -0.0986 -0.9617, -0.6259 -0.0965 -0.961, -0.3898 0.1218 -0.9765, -0.3833 0.1168 -0.9951, -0.6103 0.1218 -0.9765, -0.6066 0.1236 -0.9697, -0.4014 0.1257 -0.9617, -0.3994 0.1254 -0.963, -0.6027 0.1249 -0.9647, -0.6007 0.1254 -0.963, -0.5986 0.1257 -0.9617, -0.4035 0.1259 -0.961, -0.5966 0.1259 -0.961, -0.3974 0.1249 -0.9647, -0.3935 0.1236 -0.9697, -0.6103 -0.1218 -0.9765, -0.3833 -0.1168 -0.9951, -0.3898 -0.1218 -0.9765, -0.3935 -0.1236 -0.9697, -0.5986 -0.1257 -0.9617, -0.6007 -0.1254 -0.963, -0.3974 -0.1249 -0.9647, -0.3994 -0.1254 -0.963, -0.4014 -0.1257 -0.9617, -0.5966 -0.1259 -0.961, -0.4035 -0.1259 -0.961, -0.6027 -0.1249 -0.9647, -0.6066 -0.1236 -0.9697, -0.3783 -0.1102 -0.9765, -0.3743 -0.0986 -0.9617, -0.3746 -0.1006 -0.963, -0.3741 -0.0965 -0.961, -0.3783 0.1102 -0.9765, -0.3764 0.1065 -0.9697, -0.3751 -0.1026 -0.9647, -0.3764 -0.1065 -0.9697, -0.3751 0.1026 -0.9647, -0.3746 0.1006 -0.963, -0.3743 0.0986 -0.9617, -0.3741 0.0965 -0.961, -0.3783 0.1102 3.1418, -0.3833 0.1168 3.1605, -0.3833 -0.1168 3.1605, -0.3783 -0.1102 3.1418, -0.3764 -0.1065 3.135, -0.3743 0.0986 3.1271, -0.3746 0.1006 3.1283, -0.3751 -0.1026 3.1301, -0.3746 -0.1006 3.1283, -0.3743 -0.0986 3.1271, -0.3741 0.0965 3.1263, -0.3741 -0.0965 3.1263, -0.3751 0.1026 3.1301, -0.3764 0.1065 3.135, -0.6103 0.1218 3.1418, -0.6168 0.1168 3.1605, -0.5986 0.1257 3.1271, -0.6007 0.1254 3.1283, -0.5966 0.1259 3.1263, -0.3898 0.1218 3.1418, -0.3935 0.1236 3.135, -0.6027 0.1249 3.1301, -0.6066 0.1236 3.135, -0.3974 0.1249 3.1301, -0.3994 0.1254 3.1283, -0.4014 0.1257 3.1271, -0.4035 0.1259 3.1263, -0.3898 -0.1218 3.1418, -0.4014 -0.1257 3.1271, -0.3994 -0.1254 3.1283, -0.4035 -0.1259 3.1263, -0.6168 -0.1168 3.1605, -0.6103 -0.1218 3.1418, -0.6066 -0.1236 3.135, -0.3974 -0.1249 3.1301, -0.3935 -0.1236 3.135, -0.6027 -0.1249 3.1301, -0.6007 -0.1254 3.1283, -0.5986 -0.1257 3.1271, -0.5966 -0.1259 3.1263, -0.6218 -0.1102 3.1418, -0.6218 0.1102 3.1418, -0.6236 0.1065 3.135, -0.6257 -0.0986 3.1271, -0.6254 -0.1006 3.1283, -0.6249 0.1026 3.1301, -0.6254 0.1006 3.1283, -0.6257 0.0986 3.1271, -0.6259 -0.0965 3.1263, -0.6259 0.0965 3.1263, -0.6249 -0.1026 3.1301, -0.6236 -0.1065 3.135, -1.6218 0.1102 -0.9765, -1.6168 0.1168 -0.9951, -1.6257 0.0986 -0.9617, -1.6254 0.1006 -0.963, -1.6259 0.0965 -0.961, -1.6168 -0.1168 -0.9951, -1.6218 -0.1102 -0.9765, -1.6236 -0.1065 -0.9697, -1.6249 0.1026 -0.9647, -1.6236 0.1065 -0.9697, -1.6249 -0.1026 -0.9647, -1.6254 -0.1006 -0.963, -1.6257 -0.0986 -0.9617, -1.6259 -0.0965 -0.961, -1.3898 0.1218 -0.9765, -1.3833 0.1168 -0.9951, -1.6103 0.1218 -0.9765, -1.6066 0.1236 -0.9697, -1.4014 0.1257 -0.9617, -1.3994 0.1254 -0.963, -1.6027 0.1249 -0.9647, -1.6007 0.1254 -0.963, -1.5986 0.1257 -0.9617, -1.4035 0.1259 -0.961, -1.5966 0.1259 -0.961, -1.3974 0.1249 -0.9647, -1.3935 0.1236 -0.9697, -1.6103 -0.1218 -0.9765, -1.3833 -0.1168 -0.9951, -1.3898 -0.1218 -0.9765, -1.3935 -0.1236 -0.9697, -1.5986 -0.1257 -0.9617, -1.6007 -0.1254 -0.963, -1.3974 -0.1249 -0.9647, -1.3994 -0.1254 -0.963, -1.4014 -0.1257 -0.9617, -1.5966 -0.1259 -0.961, -1.4035 -0.1259 -0.961, -1.6027 -0.1249 -0.9647, -1.6066 -0.1236 -0.9697, -1.3783 -0.1102 -0.9765, -1.3743 -0.0986 -0.9617, -1.3746 -0.1006 -0.963, -1.3741 -0.0965 -0.961, -1.3783 0.1102 -0.9765, -1.3764 0.1065 -0.9697, -1.3751 -0.1026 -0.9647, -1.3764 -0.1065 -0.9697, -1.3751 0.1026 -0.9647, -1.3746 0.1006 -0.963, -1.3743 0.0986 -0.9617, -1.3741 0.0965 -0.961, -1.3783 0.1102 3.1418, -1.3833 0.1168 3.1605, -1.3743 0.0986 3.1271, -1.3746 0.1006 3.1283, -1.3741 0.0965 3.1263, -1.3833 -0.1168 3.1605, -1.3783 -0.1102 3.1418, -1.3764 -0.1065 3.135, -1.3751 0.1026 3.1301, -1.3764 0.1065 3.135, -1.3751 -0.1026 3.1301, -1.3746 -0.1006 3.1283, -1.3743 -0.0986 3.1271, -1.3741 -0.0965 3.1263, -1.6103 0.1218 3.1418, -1.6168 0.1168 3.1605, -1.5986 0.1257 3.1271, -1.6007 0.1254 3.1283, -1.5966 0.1259 3.1263, -1.3898 0.1218 3.1418, -1.3935 0.1236 3.135, -1.6027 0.1249 3.1301, -1.6066 0.1236 3.135, -1.3974 0.1249 3.1301, -1.3994 0.1254 3.1283, -1.4014 0.1257 3.1271, -1.4035 0.1259 3.1263, -1.3898 -0.1218 3.1418, -1.4014 -0.1257 3.1271, -1.3994 -0.1254 3.1283, -1.4035 -0.1259 3.1263, -1.6168 -0.1168 3.1605, -1.6103 -0.1218 3.1418, -1.6066 -0.1236 3.135, -1.3974 -0.1249 3.1301, -1.3935 -0.1236 3.135, -1.6027 -0.1249 3.1301, -1.6007 -0.1254 3.1283, -1.5986 -0.1257 3.1271, -1.5966 -0.1259 3.1263, -1.6218 -0.1102 3.1418, -1.6218 0.1102 3.1418, -1.6236 0.1065 3.135, -1.6257 -0.0986 3.1271, -1.6254 -0.1006 3.1283, -1.6249 0.1026 3.1301, -1.6254 0.1006 3.1283, -1.6257 0.0986 3.1271, -1.6259 -0.0965 3.1263, -1.6259 0.0965 3.1263, -1.6249 -0.1026 3.1301, -1.6236 -0.1065 3.135, -2.6218 0.1102 -0.9765, -2.6168 0.1168 -0.9951, -2.6257 0.0986 -0.9617, -2.6254 0.1006 -0.963, -2.6259 0.0965 -0.961, -2.6168 -0.1168 -0.9951, -2.6218 -0.1102 -0.9765, -2.6236 -0.1065 -0.9697, -2.6249 0.1026 -0.9647, -2.6236 0.1065 -0.9697, -2.6249 -0.1026 -0.9647, -2.6254 -0.1006 -0.963, -2.6257 -0.0986 -0.9617, -2.6259 -0.0965 -0.961, -2.3898 0.1218 -0.9765, -2.3833 0.1168 -0.9951, -2.4014 0.1257 -0.9617, -2.3994 0.1254 -0.963, -2.4035 0.1259 -0.961, -2.6103 0.1218 -0.9765, -2.6066 0.1236 -0.9697, -2.3974 0.1249 -0.9647, -2.3935 0.1236 -0.9697, -2.6027 0.1249 -0.9647, -2.6007 0.1254 -0.963, -2.5986 0.1257 -0.9617, -2.5966 0.1259 -0.961, -2.6103 -0.1218 -0.9765, -2.3833 -0.1168 -0.9951, -2.3898 -0.1218 -0.9765, -2.3935 -0.1236 -0.9697, -2.5986 -0.1257 -0.9617, -2.6007 -0.1254 -0.963, -2.3974 -0.1249 -0.9647, -2.3994 -0.1254 -0.963, -2.4014 -0.1257 -0.9617, -2.5966 -0.1259 -0.961, -2.4035 -0.1259 -0.961, -2.6027 -0.1249 -0.9647, -2.6066 -0.1236 -0.9697, -2.3783 -0.1102 -0.9765, -2.3743 -0.0986 -0.9617, -2.3746 -0.1006 -0.963, -2.3741 -0.0965 -0.961, -2.3783 0.1102 -0.9765, -2.3764 0.1065 -0.9697, -2.3751 -0.1026 -0.9647, -2.3764 -0.1065 -0.9697, -2.3751 0.1026 -0.9647, -2.3746 0.1006 -0.963, -2.3743 0.0986 -0.9617, -2.3741 0.0965 -0.961, -2.3783 0.1102 3.1418, -2.3833 0.1168 3.1605, -2.3743 0.0986 3.1271, -2.3746 0.1006 3.1283, -2.3741 0.0965 3.1263, -2.3833 -0.1168 3.1605, -2.3783 -0.1102 3.1418, -2.3764 -0.1065 3.135, -2.3751 0.1026 3.1301, -2.3764 0.1065 3.135, -2.3751 -0.1026 3.1301, -2.3746 -0.1006 3.1283, -2.3743 -0.0986 3.1271, -2.3741 -0.0965 3.1263, -2.6103 0.1218 3.1418, -2.6168 0.1168 3.1605, -2.5986 0.1257 3.1271, -2.6007 0.1254 3.1283, -2.5966 0.1259 3.1263, -2.3898 0.1218 3.1418, -2.3935 0.1236 3.135, -2.6027 0.1249 3.1301, -2.6066 0.1236 3.135, -2.3974 0.1249 3.1301, -2.3994 0.1254 3.1283, -2.4014 0.1257 3.1271, -2.4035 0.1259 3.1263, -2.3898 -0.1218 3.1418, -2.4014 -0.1257 3.1271, -2.3994 -0.1254 3.1283, -2.4035 -0.1259 3.1263, -2.6168 -0.1168 3.1605, -2.6103 -0.1218 3.1418, -2.6066 -0.1236 3.135, -2.3974 -0.1249 3.1301, -2.3935 -0.1236 3.135, -2.6027 -0.1249 3.1301, -2.6007 -0.1254 3.1283, -2.5986 -0.1257 3.1271, -2.5966 -0.1259 3.1263, -2.6218 -0.1102 3.1418, -2.6218 0.1102 3.1418, -2.6236 0.1065 3.135, -2.6257 -0.0986 3.1271, -2.6254 -0.1006 3.1283, -2.6249 0.1026 3.1301, -2.6254 0.1006 3.1283, -2.6257 0.0986 3.1271, -2.6259 -0.0965 3.1263, -2.6259 0.0965 3.1263, -2.6249 -0.1026 3.1301, -2.6236 -0.1065 3.135, -3.6218 0.1102 -0.9765, -3.6168 0.1168 -0.9951, -3.6257 0.0986 -0.9617, -3.6254 0.1006 -0.963, -3.6259 0.0965 -0.961, -3.6168 -0.1168 -0.9951, -3.6218 -0.1102 -0.9765, -3.6236 -0.1065 -0.9697, -3.6249 0.1026 -0.9647, -3.6236 0.1065 -0.9697, -3.6249 -0.1026 -0.9647, -3.6254 -0.1006 -0.963, -3.6257 -0.0986 -0.9617, -3.6259 -0.0965 -0.961, -3.3898 0.1218 -0.9765, -3.3833 0.1168 -0.9951, -3.4014 0.1257 -0.9617, -3.3994 0.1254 -0.963, -3.4035 0.1259 -0.961, -3.6103 0.1218 -0.9765, -3.6066 0.1236 -0.9697, -3.3974 0.1249 -0.9647, -3.3935 0.1236 -0.9697, -3.6027 0.1249 -0.9647, -3.6007 0.1254 -0.963, -3.5986 0.1257 -0.9617, -3.5966 0.1259 -0.961, -3.6103 -0.1218 -0.9765, -3.3833 -0.1168 -0.9951, -3.3898 -0.1218 -0.9765, -3.3935 -0.1236 -0.9697, -3.5986 -0.1257 -0.9617, -3.6007 -0.1254 -0.963, -3.3974 -0.1249 -0.9647, -3.3994 -0.1254 -0.963, -3.4014 -0.1257 -0.9617, -3.5966 -0.1259 -0.961, -3.4035 -0.1259 -0.961, -3.6027 -0.1249 -0.9647, -3.6066 -0.1236 -0.9697, -3.3783 -0.1102 -0.9765, -3.3743 -0.0986 -0.9617, -3.3746 -0.1006 -0.963, -3.3741 -0.0965 -0.961, -3.3783 0.1102 -0.9765, -3.3764 0.1065 -0.9697, -3.3751 -0.1026 -0.9647, -3.3764 -0.1065 -0.9697, -3.3751 0.1026 -0.9647, -3.3746 0.1006 -0.963, -3.3743 0.0986 -0.9617, -3.3741 0.0965 -0.961, -3.3783 0.1102 3.1418, -3.3833 0.1168 3.1605, -3.3743 0.0986 3.1271, -3.3746 0.1006 3.1283, -3.3741 0.0965 3.1263, -3.3833 -0.1168 3.1605, -3.3783 -0.1102 3.1418, -3.3764 -0.1065 3.135, -3.3751 0.1026 3.1301, -3.3764 0.1065 3.135, -3.3751 -0.1026 3.1301, -3.3746 -0.1006 3.1283, -3.3743 -0.0986 3.1271, -3.3741 -0.0965 3.1263, -3.6103 0.1218 3.1418, -3.6168 0.1168 3.1605, -3.5986 0.1257 3.1271, -3.6007 0.1254 3.1283, -3.5966 0.1259 3.1263, -3.3898 0.1218 3.1418, -3.3935 0.1236 3.135, -3.6027 0.1249 3.1301, -3.6066 0.1236 3.135, -3.3974 0.1249 3.1301, -3.3994 0.1254 3.1283, -3.4014 0.1257 3.1271, -3.4035 0.1259 3.1263, -3.3898 -0.1218 3.1418, -3.4014 -0.1257 3.1271, -3.3994 -0.1254 3.1283, -3.4035 -0.1259 3.1263, -3.6168 -0.1168 3.1605, -3.6103 -0.1218 3.1418, -3.6066 -0.1236 3.135, -3.3974 -0.1249 3.1301, -3.3935 -0.1236 3.135, -3.6027 -0.1249 3.1301, -3.6007 -0.1254 3.1283, -3.5986 -0.1257 3.1271, -3.5966 -0.1259 3.1263, -3.6218 -0.1102 3.1418, -3.6257 -0.0986 3.1271, -3.6254 -0.1006 3.1283, -3.6259 -0.0965 3.1263, -3.6218 0.1102 3.1418, -3.6236 0.1065 3.135, -3.6249 -0.1026 3.1301, -3.6236 -0.1065 3.135, -3.6249 0.1026 3.1301, -3.6254 0.1006 3.1283, -3.6257 0.0986 3.1271, -3.6259 0.0965 3.1263, -4.6218 0.1102 -0.9765, -4.6168 0.1168 -0.9951, -4.6257 0.0986 -0.9617, -4.6254 0.1006 -0.963, -4.6259 0.0965 -0.961, -4.6168 -0.1168 -0.9951, -4.6218 -0.1102 -0.9765, -4.6236 -0.1065 -0.9697, -4.6249 0.1026 -0.9647, -4.6236 0.1065 -0.9697, -4.6249 -0.1026 -0.9647, -4.6254 -0.1006 -0.963, -4.6257 -0.0986 -0.9617, -4.6259 -0.0965 -0.961, -4.3898 0.1218 -0.9765, -4.3833 0.1168 -0.9951, -4.4014 0.1257 -0.9617, -4.3994 0.1254 -0.963, -4.4035 0.1259 -0.961, -4.6103 0.1218 -0.9765, -4.6066 0.1236 -0.9697, -4.3974 0.1249 -0.9647, -4.3935 0.1236 -0.9697, -4.6027 0.1249 -0.9647, -4.6007 0.1254 -0.963, -4.5986 0.1257 -0.9617, -4.5966 0.1259 -0.961, -4.6103 -0.1218 -0.9765, -4.3833 -0.1168 -0.9951, -4.3898 -0.1218 -0.9765, -4.3935 -0.1236 -0.9697, -4.5986 -0.1257 -0.9617, -4.6007 -0.1254 -0.963, -4.3974 -0.1249 -0.9647, -4.3994 -0.1254 -0.963, -4.4014 -0.1257 -0.9617, -4.5966 -0.1259 -0.961, -4.4035 -0.1259 -0.961, -4.6027 -0.1249 -0.9647, -4.6066 -0.1236 -0.9697, -4.3783 -0.1102 -0.9765, -4.3743 -0.0986 -0.9617, -4.3746 -0.1006 -0.963, -4.3741 -0.0965 -0.961, -4.3783 0.1102 -0.9765, -4.3764 0.1065 -0.9697, -4.3751 -0.1026 -0.9647, -4.3764 -0.1065 -0.9697, -4.3751 0.1026 -0.9647, -4.3746 0.1006 -0.963, -4.3743 0.0986 -0.9617, -4.3741 0.0965 -0.961, -4.3783 0.1102 3.1418, -4.3833 0.1168 3.1605, -4.3743 0.0986 3.1271, -4.3746 0.1006 3.1283, -4.3741 0.0965 3.1263, -4.3833 -0.1168 3.1605, -4.3783 -0.1102 3.1418, -4.3764 -0.1065 3.135, -4.3751 0.1026 3.1301, -4.3764 0.1065 3.135, -4.3751 -0.1026 3.1301, -4.3746 -0.1006 3.1283, -4.3743 -0.0986 3.1271, -4.3741 -0.0965 3.1263, -4.6103 0.1218 3.1418, -4.6168 0.1168 3.1605, -4.5986 0.1257 3.1271, -4.6007 0.1254 3.1283, -4.5966 0.1259 3.1263, -4.3898 0.1218 3.1418, -4.3935 0.1236 3.135, -4.6027 0.1249 3.1301, -4.6066 0.1236 3.135, -4.3974 0.1249 3.1301, -4.3994 0.1254 3.1283, -4.4014 0.1257 3.1271, -4.4035 0.1259 3.1263, -4.3898 -0.1218 3.1418, -4.4014 -0.1257 3.1271, -4.3994 -0.1254 3.1283, -4.4035 -0.1259 3.1263, -4.6168 -0.1168 3.1605, -4.6103 -0.1218 3.1418, -4.6066 -0.1236 3.135, -4.3974 -0.1249 3.1301, -4.3935 -0.1236 3.135, -4.6027 -0.1249 3.1301, -4.6007 -0.1254 3.1283, -4.5986 -0.1257 3.1271, -4.5966 -0.1259 3.1263, -4.6218 -0.1102 3.1418, -4.6257 -0.0986 3.1271, -4.6254 -0.1006 3.1283, -4.6259 -0.0965 3.1263, -4.6218 0.1102 3.1418, -4.6236 0.1065 3.135, -4.6249 -0.1026 3.1301, -4.6236 -0.1065 3.135, -4.6249 0.1026 3.1301, -4.6254 0.1006 3.1283, -4.6257 0.0986 3.1271, -4.6259 0.0965 3.1263, -5.6218 0.1102 -0.9765, -5.6168 0.1168 -0.9951, -5.6257 0.0986 -0.9617, -5.6254 0.1006 -0.963, -5.6259 0.0965 -0.961, -5.6168 -0.1168 -0.9951, -5.6218 -0.1102 -0.9765, -5.6236 -0.1065 -0.9697, -5.6249 0.1026 -0.9647, -5.6236 0.1065 -0.9697, -5.6249 -0.1026 -0.9647, -5.6254 -0.1006 -0.963, -5.6257 -0.0986 -0.9617, -5.6259 -0.0965 -0.961, -5.3898 0.1218 -0.9765, -5.3833 0.1168 -0.9951, -5.4014 0.1257 -0.9617, -5.3994 0.1254 -0.963, -5.4035 0.1259 -0.961, -5.6103 0.1218 -0.9765, -5.6066 0.1236 -0.9697, -5.3974 0.1249 -0.9647, -5.3935 0.1236 -0.9697, -5.6027 0.1249 -0.9647, -5.6007 0.1254 -0.963, -5.5986 0.1257 -0.9617, -5.5966 0.1259 -0.961, -5.6103 -0.1218 -0.9765, -5.3833 -0.1168 -0.9951, -5.3898 -0.1218 -0.9765, -5.3935 -0.1236 -0.9697, -5.5986 -0.1257 -0.9617, -5.6007 -0.1254 -0.963, -5.3974 -0.1249 -0.9647, -5.3994 -0.1254 -0.963, -5.4014 -0.1257 -0.9617, -5.5966 -0.1259 -0.961, -5.4035 -0.1259 -0.961, -5.6027 -0.1249 -0.9647, -5.6066 -0.1236 -0.9697, -5.3783 -0.1102 -0.9765, -5.3743 -0.0986 -0.9617, -5.3746 -0.1006 -0.963, -5.3741 -0.0965 -0.961, -5.3783 0.1102 -0.9765, -5.3764 0.1065 -0.9697, -5.3751 -0.1026 -0.9647, -5.3764 -0.1065 -0.9697, -5.3751 0.1026 -0.9647, -5.3746 0.1006 -0.963, -5.3743 0.0986 -0.9617, -5.3741 0.0965 -0.961, -5.3783 0.1102 3.1418, -5.3833 0.1168 3.1605, -5.3743 0.0986 3.1271, -5.3746 0.1006 3.1283, -5.3741 0.0965 3.1263, -5.3833 -0.1168 3.1605, -5.3783 -0.1102 3.1418, -5.3764 -0.1065 3.135, -5.3751 0.1026 3.1301, -5.3764 0.1065 3.135, -5.3751 -0.1026 3.1301, -5.3746 -0.1006 3.1283, -5.3743 -0.0986 3.1271, -5.3741 -0.0965 3.1263, -5.6103 0.1218 3.1418, -5.6168 0.1168 3.1605, -5.5986 0.1257 3.1271, -5.6007 0.1254 3.1283, -5.5966 0.1259 3.1263, -5.3898 0.1218 3.1418, -5.3935 0.1236 3.135, -5.6027 0.1249 3.1301, -5.6066 0.1236 3.135, -5.3974 0.1249 3.1301, -5.3994 0.1254 3.1283, -5.4014 0.1257 3.1271, -5.4035 0.1259 3.1263, -5.3898 -0.1218 3.1418, -5.4014 -0.1257 3.1271, -5.3994 -0.1254 3.1283, -5.4035 -0.1259 3.1263, -5.6168 -0.1168 3.1605, -5.6103 -0.1218 3.1418, -5.6066 -0.1236 3.135, -5.3974 -0.1249 3.1301, -5.3935 -0.1236 3.135, -5.6027 -0.1249 3.1301, -5.6007 -0.1254 3.1283, -5.5986 -0.1257 3.1271, -5.5966 -0.1259 3.1263, -5.6218 -0.1102 3.1418, -5.6257 -0.0986 3.1271, -5.6254 -0.1006 3.1283, -5.6259 -0.0965 3.1263, -5.6218 0.1102 3.1418, -5.6236 0.1065 3.135, -5.6249 -0.1026 3.1301, -5.6236 -0.1065 3.135, -5.6249 0.1026 3.1301, -5.6254 0.1006 3.1283, -5.6257 0.0986 3.1271, -5.6259 0.0965 3.1263, -6.6218 0.1102 -0.9765, -6.6168 0.1168 -0.9951, -6.6257 0.0986 -0.9617, -6.6254 0.1006 -0.963, -6.6259 0.0965 -0.961, -6.6168 -0.1168 -0.9951, -6.6218 -0.1102 -0.9765, -6.6236 -0.1065 -0.9697, -6.6249 0.1026 -0.9647, -6.6236 0.1065 -0.9697, -6.6249 -0.1026 -0.9647, -6.6254 -0.1006 -0.963, -6.6257 -0.0986 -0.9617, -6.6259 -0.0965 -0.961, -6.3898 0.1218 -0.9765, -6.3833 0.1168 -0.9951, -6.4014 0.1257 -0.9617, -6.3994 0.1254 -0.963, -6.4035 0.1259 -0.961, -6.6103 0.1218 -0.9765, -6.6066 0.1236 -0.9697, -6.3974 0.1249 -0.9647, -6.3935 0.1236 -0.9697, -6.6027 0.1249 -0.9647, -6.6007 0.1254 -0.963, -6.5986 0.1257 -0.9617, -6.5966 0.1259 -0.961, -6.6103 -0.1218 -0.9765, -6.3833 -0.1168 -0.9951, -6.3898 -0.1218 -0.9765, -6.3935 -0.1236 -0.9697, -6.5986 -0.1257 -0.9617, -6.6007 -0.1254 -0.963, -6.3974 -0.1249 -0.9647, -6.3994 -0.1254 -0.963, -6.4014 -0.1257 -0.9617, -6.5966 -0.1259 -0.961, -6.4035 -0.1259 -0.961, -6.6027 -0.1249 -0.9647, -6.6066 -0.1236 -0.9697, -6.3783 -0.1102 -0.9765, -6.3743 -0.0986 -0.9617, -6.3746 -0.1006 -0.963, -6.3741 -0.0965 -0.961, -6.3783 0.1102 -0.9765, -6.3764 0.1065 -0.9697, -6.3751 -0.1026 -0.9647, -6.3764 -0.1065 -0.9697, -6.3751 0.1026 -0.9647, -6.3746 0.1006 -0.963, -6.3743 0.0986 -0.9617, -6.3741 0.0965 -0.961, -6.3783 0.1102 3.1418, -6.3833 0.1168 3.1605, -6.3743 0.0986 3.1271, -6.3746 0.1006 3.1283, -6.3741 0.0965 3.1263, -6.3833 -0.1168 3.1605, -6.3783 -0.1102 3.1418, -6.3764 -0.1065 3.135, -6.3751 0.1026 3.1301, -6.3764 0.1065 3.135, -6.3751 -0.1026 3.1301, -6.3746 -0.1006 3.1283, -6.3743 -0.0986 3.1271, -6.3741 -0.0965 3.1263, -6.6103 0.1218 3.1418, -6.6168 0.1168 3.1605, -6.5986 0.1257 3.1271, -6.6007 0.1254 3.1283, -6.5966 0.1259 3.1263, -6.3898 0.1218 3.1418, -6.3935 0.1236 3.135, -6.6027 0.1249 3.1301, -6.6066 0.1236 3.135, -6.3974 0.1249 3.1301, -6.3994 0.1254 3.1283, -6.4014 0.1257 3.1271, -6.4035 0.1259 3.1263, -6.3898 -0.1218 3.1418, -6.4014 -0.1257 3.1271, -6.3994 -0.1254 3.1283, -6.4035 -0.1259 3.1263, -6.6168 -0.1168 3.1605, -6.6103 -0.1218 3.1418, -6.6066 -0.1236 3.135, -6.3974 -0.1249 3.1301, -6.3935 -0.1236 3.135, -6.6027 -0.1249 3.1301, -6.6007 -0.1254 3.1283, -6.5986 -0.1257 3.1271, -6.5966 -0.1259 3.1263, -6.6218 -0.1102 3.1418, -6.6257 -0.0986 3.1271, -6.6254 -0.1006 3.1283, -6.6259 -0.0965 3.1263, -6.6218 0.1102 3.1418, -6.6236 0.1065 3.135, -6.6249 -0.1026 3.1301, -6.6236 -0.1065 3.135, -6.6249 0.1026 3.1301, -6.6254 0.1006 3.1283, -6.6257 0.0986 3.1271, -6.6259 0.0965 3.1263, 5.3973 -0.1249 0.9843, 5.3897 -0.1218 0.9843, 5.3751 -0.1026 0.9843, 5.3832 -0.1168 0.9843, 5.3782 -0.1102 0.9843, 5.6249 -0.1026 0.1969, 5.6217 -0.1102 0.1969, 5.6167 -0.1168 0.1969, 5.6102 -0.1218 0.1969, 5.6026 -0.1249 0.1969, 5.6249 -0.1026 0.9843, 5.6217 -0.1102 0.9843, 5.6026 -0.1249 0.9843, 5.6167 -0.1168 0.9843, 5.6102 -0.1218 0.9843, 5.6026 0.1249 0.1969, 5.6102 0.1218 0.1969, 5.6167 0.1168 0.1969, 5.6217 0.1102 0.1969, 5.6249 0.1026 0.1969, 5.6026 0.1249 0.9843, 5.6102 0.1218 0.9843, 5.6249 0.1026 0.9843, 5.6167 0.1168 0.9843, 5.6217 0.1102 0.9843, 5.3751 0.1026 0.1969, 5.3782 0.1102 0.1969, 5.3832 0.1168 0.1969, 5.3897 0.1218 0.1969, 5.3973 0.1249 0.1969, 5.3751 0.1026 0.9843, 5.3782 0.1102 0.9843, 5.3973 0.1249 0.9843, 5.3832 0.1168 0.9843, 5.3897 0.1218 0.9843, 5.3973 -0.1249 0.1969, 5.3897 -0.1218 0.1969, 5.3832 -0.1168 0.1969, 5.3782 -0.1102 0.1969, 5.3751 -0.1026 0.1969, 4.3973 -0.1249 0.9843, 4.3897 -0.1218 0.9843, 4.3751 -0.1026 0.9843, 4.3832 -0.1168 0.9843, 4.3782 -0.1102 0.9843, 4.6249 -0.1026 0.1969, 4.6217 -0.1102 0.1969, 4.6167 -0.1168 0.1969, 4.6102 -0.1218 0.1969, 4.6026 -0.1249 0.1969, 4.6249 -0.1026 0.9843, 4.6217 -0.1102 0.9843, 4.6026 -0.1249 0.9843, 4.6167 -0.1168 0.9843, 4.6102 -0.1218 0.9843, 4.6026 0.1249 0.1969, 4.6102 0.1218 0.1969, 4.6167 0.1168 0.1969, 4.6217 0.1102 0.1969, 4.6249 0.1026 0.1969, 4.6026 0.1249 0.9843, 4.6102 0.1218 0.9843, 4.6249 0.1026 0.9843, 4.6167 0.1168 0.9843, 4.6217 0.1102 0.9843, 4.3751 0.1026 0.1969, 4.3782 0.1102 0.1969, 4.3832 0.1168 0.1969, 4.3897 0.1218 0.1969, 4.3973 0.1249 0.1969, 4.3751 0.1026 0.9843, 4.3782 0.1102 0.9843, 4.3973 0.1249 0.9843, 4.3832 0.1168 0.9843, 4.3897 0.1218 0.9843, 4.3973 -0.1249 0.1969, 4.3897 -0.1218 0.1969, 4.3832 -0.1168 0.1969, 4.3782 -0.1102 0.1969, 4.3751 -0.1026 0.1969, 3.3973 -0.1249 0.9843, 3.3897 -0.1218 0.9843, 3.3751 -0.1026 0.9843, 3.3832 -0.1168 0.9843, 3.3782 -0.1102 0.9843, 3.6249 -0.1026 0.1969, 3.6217 -0.1102 0.1969, 3.6167 -0.1168 0.1969, 3.6102 -0.1218 0.1969, 3.6026 -0.1249 0.1969, 3.6249 -0.1026 0.9843, 3.6217 -0.1102 0.9843, 3.6026 -0.1249 0.9843, 3.6167 -0.1168 0.9843, 3.6102 -0.1218 0.9843, 3.6026 0.1249 0.1969, 3.6102 0.1218 0.1969, 3.6167 0.1168 0.1969, 3.6217 0.1102 0.1969, 3.6249 0.1026 0.1969, 3.6026 0.1249 0.9843, 3.6102 0.1218 0.9843, 3.6249 0.1026 0.9843, 3.6167 0.1168 0.9843, 3.6217 0.1102 0.9843, 3.3748 0.1015 0.1969, 3.3771 0.1082 0.1969, 3.3809 0.1141 0.1969, 3.3859 0.1191 0.1969, 3.3918 0.1229 0.1969, 3.3985 0.1252 0.1969, 3.3751 0.1026 0.9843, 3.3782 0.1102 0.9843, 3.3973 0.1249 0.9843, 3.3832 0.1168 0.9843, 3.3897 0.1218 0.9843, 3.3985 -0.1252 0.1969, 3.3918 -0.1229 0.1969, 3.3859 -0.1191 0.1969, 3.3809 -0.1141 0.1969, 3.3771 -0.1082 0.1969, 3.3748 -0.1015 0.1969, 2.3973 -0.1249 0.9843, 2.3897 -0.1218 0.9843, 2.3751 -0.1026 0.9843, 2.3832 -0.1168 0.9843, 2.3782 -0.1102 0.9843, 2.6249 -0.1026 0.1969, 2.6217 -0.1102 0.1969, 2.6167 -0.1168 0.1969, 2.6102 -0.1218 0.1969, 2.6026 -0.1249 0.1969, 2.6249 -0.1026 0.9843, 2.6217 -0.1102 0.9843, 2.6026 -0.1249 0.9843, 2.6167 -0.1168 0.9843, 2.6102 -0.1218 0.9843, 2.6026 0.1249 0.1969, 2.6102 0.1218 0.1969, 2.6167 0.1168 0.1969, 2.6217 0.1102 0.1969, 2.6249 0.1026 0.1969, 2.6026 0.1249 0.9843, 2.6102 0.1218 0.9843, 2.6249 0.1026 0.9843, 2.6167 0.1168 0.9843, 2.6217 0.1102 0.9843, 2.3748 0.1015 0.1969, 2.3771 0.1082 0.1969, 2.3809 0.1141 0.1969, 2.3859 0.1191 0.1969, 2.3918 0.1229 0.1969, 2.3985 0.1252 0.1969, 2.3751 0.1026 0.9843, 2.3782 0.1102 0.9843, 2.3973 0.1249 0.9843, 2.3832 0.1168 0.9843, 2.3897 0.1218 0.9843, 2.3985 -0.1252 0.1969, 2.3918 -0.1229 0.1969, 2.3859 -0.1191 0.1969, 2.3809 -0.1141 0.1969, 2.3771 -0.1082 0.1969, 2.3748 -0.1015 0.1969, 1.3973 -0.1249 0.9843, 1.3897 -0.1218 0.9843, 1.3751 -0.1026 0.9843, 1.3832 -0.1168 0.9843, 1.3782 -0.1102 0.9843, 1.6249 -0.1026 0.1969, 1.6217 -0.1102 0.1969, 1.6167 -0.1168 0.1969, 1.6102 -0.1218 0.1969, 1.6026 -0.1249 0.1969, 1.6249 -0.1026 0.9843, 1.6217 -0.1102 0.9843, 1.6026 -0.1249 0.9843, 1.6167 -0.1168 0.9843, 1.6102 -0.1218 0.9843, 1.6026 0.1249 0.1969, 1.6102 0.1218 0.1969, 1.6167 0.1168 0.1969, 1.6217 0.1102 0.1969, 1.6249 0.1026 0.1969, 1.6026 0.1249 0.9843, 1.6102 0.1218 0.9843, 1.6249 0.1026 0.9843, 1.6167 0.1168 0.9843, 1.6217 0.1102 0.9843, 1.3748 0.1015 0.1969, 1.3771 0.1082 0.1969, 1.3809 0.1141 0.1969, 1.3859 0.1191 0.1969, 1.3918 0.1229 0.1969, 1.3985 0.1252 0.1969, 1.3751 0.1026 0.9843, 1.3782 0.1102 0.9843, 1.3973 0.1249 0.9843, 1.3832 0.1168 0.9843, 1.3897 0.1218 0.9843, 1.3985 -0.1252 0.1969, 1.3918 -0.1229 0.1969, 1.3859 -0.1191 0.1969, 1.3809 -0.1141 0.1969, 1.3771 -0.1082 0.1969, 1.3748 -0.1015 0.1969, 0.3973 -0.1249 0.9843, 0.3897 -0.1218 0.9843, 0.3751 -0.1026 0.9843, 0.3832 -0.1168 0.9843, 0.3782 -0.1102 0.9843, 0.6249 -0.1026 0.1969, 0.6217 -0.1102 0.1969, 0.6167 -0.1168 0.1969, 0.6102 -0.1218 0.1969, 0.6026 -0.1249 0.1969, 0.6249 -0.1026 0.9843, 0.6217 -0.1102 0.9843, 0.6026 -0.1249 0.9843, 0.6167 -0.1168 0.9843, 0.6102 -0.1218 0.9843, 0.6026 0.1249 0.1969, 0.6102 0.1218 0.1969, 0.6167 0.1168 0.1969, 0.6217 0.1102 0.1969, 0.6249 0.1026 0.1969, 0.6026 0.1249 0.9843, 0.6102 0.1218 0.9843, 0.6249 0.1026 0.9843, 0.6167 0.1168 0.9843, 0.6217 0.1102 0.9843, 0.3751 0.1026 0.1969, 0.3782 0.1102 0.1969, 0.3832 0.1168 0.1969, 0.3897 0.1218 0.1969, 0.3973 0.1249 0.1969, 0.3751 0.1026 0.9843, 0.3782 0.1102 0.9843, 0.3973 0.1249 0.9843, 0.3832 0.1168 0.9843, 0.3897 0.1218 0.9843, 0.3973 -0.1249 0.1969, 0.3897 -0.1218 0.1969, 0.3832 -0.1168 0.1969, 0.3782 -0.1102 0.1969, 0.3751 -0.1026 0.1969, -0.6027 -0.1249 0.9843, -0.6103 -0.1218 0.9843, -0.6249 -0.1026 0.9843, -0.6168 -0.1168 0.9843, -0.6218 -0.1102 0.9843, -0.3751 -0.1026 0.1969, -0.3783 -0.1102 0.1969, -0.3833 -0.1168 0.1969, -0.3898 -0.1218 0.1969, -0.3974 -0.1249 0.1969, -0.3751 -0.1026 0.9843, -0.3783 -0.1102 0.9843, -0.3974 -0.1249 0.9843, -0.3833 -0.1168 0.9843, -0.3898 -0.1218 0.9843, -0.3974 0.1249 0.1969, -0.3898 0.1218 0.1969, -0.3833 0.1168 0.1969, -0.3783 0.1102 0.1969, -0.3751 0.1026 0.1969, -0.3974 0.1249 0.9843, -0.3898 0.1218 0.9843, -0.3751 0.1026 0.9843, -0.3833 0.1168 0.9843, -0.3783 0.1102 0.9843, -0.6249 0.1026 0.1969, -0.6218 0.1102 0.1969, -0.6168 0.1168 0.1969, -0.6103 0.1218 0.1969, -0.6027 0.1249 0.1969, -0.6249 0.1026 0.9843, -0.6218 0.1102 0.9843, -0.6027 0.1249 0.9843, -0.6168 0.1168 0.9843, -0.6103 0.1218 0.9843, -0.6027 -0.1249 0.1969, -0.6103 -0.1218 0.1969, -0.6168 -0.1168 0.1969, -0.6218 -0.1102 0.1969, -0.6249 -0.1026 0.1969, -1.6027 -0.1249 0.9843, -1.6103 -0.1218 0.9843, -1.6249 -0.1026 0.9843, -1.6168 -0.1168 0.9843, -1.6218 -0.1102 0.9843, -1.3751 -0.1026 0.1969, -1.3783 -0.1102 0.1969, -1.3833 -0.1168 0.1969, -1.3898 -0.1218 0.1969, -1.3974 -0.1249 0.1969, -1.3751 -0.1026 0.9843, -1.3783 -0.1102 0.9843, -1.3974 -0.1249 0.9843, -1.3833 -0.1168 0.9843, -1.3898 -0.1218 0.9843, -1.3974 0.1249 0.1969, -1.3898 0.1218 0.1969, -1.3833 0.1168 0.1969, -1.3783 0.1102 0.1969, -1.3751 0.1026 0.1969, -1.3974 0.1249 0.9843, -1.3898 0.1218 0.9843, -1.3751 0.1026 0.9843, -1.3833 0.1168 0.9843, -1.3783 0.1102 0.9843, -1.6249 0.1026 0.1969, -1.6218 0.1102 0.1969, -1.6168 0.1168 0.1969, -1.6103 0.1218 0.1969, -1.6027 0.1249 0.1969, -1.6249 0.1026 0.9843, -1.6218 0.1102 0.9843, -1.6027 0.1249 0.9843, -1.6168 0.1168 0.9843, -1.6103 0.1218 0.9843, -1.6027 -0.1249 0.1969, -1.6103 -0.1218 0.1969, -1.6168 -0.1168 0.1969, -1.6218 -0.1102 0.1969, -1.6249 -0.1026 0.1969, -2.6027 -0.1249 0.9843, -2.6103 -0.1218 0.9843, -2.6249 -0.1026 0.9843, -2.6168 -0.1168 0.9843, -2.6218 -0.1102 0.9843, -2.3751 -0.1026 0.1969, -2.3783 -0.1102 0.1969, -2.3833 -0.1168 0.1969, -2.3898 -0.1218 0.1969, -2.3974 -0.1249 0.1969, -2.3751 -0.1026 0.9843, -2.3783 -0.1102 0.9843, -2.3974 -0.1249 0.9843, -2.3833 -0.1168 0.9843, -2.3898 -0.1218 0.9843, -2.3974 0.1249 0.1969, -2.3898 0.1218 0.1969, -2.3833 0.1168 0.1969, -2.3783 0.1102 0.1969, -2.3751 0.1026 0.1969, -2.3974 0.1249 0.9843, -2.3898 0.1218 0.9843, -2.3751 0.1026 0.9843, -2.3833 0.1168 0.9843, -2.3783 0.1102 0.9843, -2.6249 0.1026 0.1969, -2.6218 0.1102 0.1969, -2.6168 0.1168 0.1969, -2.6103 0.1218 0.1969, -2.6027 0.1249 0.1969, -2.6249 0.1026 0.9843, -2.6218 0.1102 0.9843, -2.6027 0.1249 0.9843, -2.6168 0.1168 0.9843, -2.6103 0.1218 0.9843, -2.6027 -0.1249 0.1969, -2.6103 -0.1218 0.1969, -2.6168 -0.1168 0.1969, -2.6218 -0.1102 0.1969, -2.6249 -0.1026 0.1969, -3.6027 -0.1249 0.9843, -3.6103 -0.1218 0.9843, -3.6249 -0.1026 0.9843, -3.6168 -0.1168 0.9843, -3.6218 -0.1102 0.9843, -3.3751 -0.1026 0.1969, -3.3783 -0.1102 0.1969, -3.3833 -0.1168 0.1969, -3.3898 -0.1218 0.1969, -3.3974 -0.1249 0.1969, -3.3751 -0.1026 0.9843, -3.3783 -0.1102 0.9843, -3.3974 -0.1249 0.9843, -3.3833 -0.1168 0.9843, -3.3898 -0.1218 0.9843, -3.3974 0.1249 0.1969, -3.3898 0.1218 0.1969, -3.3833 0.1168 0.1969, -3.3783 0.1102 0.1969, -3.3751 0.1026 0.1969, -3.3974 0.1249 0.9843, -3.3898 0.1218 0.9843, -3.3751 0.1026 0.9843, -3.3833 0.1168 0.9843, -3.3783 0.1102 0.9843, -3.6249 0.1026 0.1969, -3.6218 0.1102 0.1969, -3.6168 0.1168 0.1969, -3.6103 0.1218 0.1969, -3.6027 0.1249 0.1969, -3.6249 0.1026 0.9843, -3.6218 0.1102 0.9843, -3.6027 0.1249 0.9843, -3.6168 0.1168 0.9843, -3.6103 0.1218 0.9843, -3.6027 -0.1249 0.1969, -3.6103 -0.1218 0.1969, -3.6168 -0.1168 0.1969, -3.6218 -0.1102 0.1969, -3.6249 -0.1026 0.1969, -4.6027 -0.1249 0.9843, -4.6103 -0.1218 0.9843, -4.6249 -0.1026 0.9843, -4.6168 -0.1168 0.9843, -4.6218 -0.1102 0.9843, -4.3751 -0.1026 0.1969, -4.3783 -0.1102 0.1969, -4.3833 -0.1168 0.1969, -4.3898 -0.1218 0.1969, -4.3974 -0.1249 0.1969, -4.3751 -0.1026 0.9843, -4.3783 -0.1102 0.9843, -4.3974 -0.1249 0.9843, -4.3833 -0.1168 0.9843, -4.3898 -0.1218 0.9843, -4.3974 0.1249 0.1969, -4.3898 0.1218 0.1969, -4.3833 0.1168 0.1969, -4.3783 0.1102 0.1969, -4.3751 0.1026 0.1969, -4.3974 0.1249 0.9843, -4.3898 0.1218 0.9843, -4.3751 0.1026 0.9843, -4.3833 0.1168 0.9843, -4.3783 0.1102 0.9843, -4.6249 0.1026 0.1969, -4.6218 0.1102 0.1969, -4.6168 0.1168 0.1969, -4.6103 0.1218 0.1969, -4.6027 0.1249 0.1969, -4.6249 0.1026 0.9843, -4.6218 0.1102 0.9843, -4.6027 0.1249 0.9843, -4.6168 0.1168 0.9843, -4.6103 0.1218 0.9843, -4.6027 -0.1249 0.1969, -4.6103 -0.1218 0.1969, -4.6168 -0.1168 0.1969, -4.6218 -0.1102 0.1969, -4.6249 -0.1026 0.1969, -5.6027 -0.1249 0.9843, -5.6103 -0.1218 0.9843, -5.6249 -0.1026 0.9843, -5.6168 -0.1168 0.9843, -5.6218 -0.1102 0.9843, -5.3751 -0.1026 0.1969, -5.3783 -0.1102 0.1969, -5.3833 -0.1168 0.1969, -5.3898 -0.1218 0.1969, -5.3974 -0.1249 0.1969, -5.3751 -0.1026 0.9843, -5.3783 -0.1102 0.9843, -5.3974 -0.1249 0.9843, -5.3833 -0.1168 0.9843, -5.3898 -0.1218 0.9843, -5.3974 0.1249 0.1969, -5.3898 0.1218 0.1969, -5.3833 0.1168 0.1969, -5.3783 0.1102 0.1969, -5.3751 0.1026 0.1969, -5.3974 0.1249 0.9843, -5.3898 0.1218 0.9843, -5.3751 0.1026 0.9843, -5.3833 0.1168 0.9843, -5.3783 0.1102 0.9843, -5.6249 0.1026 0.1969, -5.6218 0.1102 0.1969, -5.6168 0.1168 0.1969, -5.6103 0.1218 0.1969, -5.6027 0.1249 0.1969, -5.6249 0.1026 0.9843, -5.6218 0.1102 0.9843, -5.6027 0.1249 0.9843, -5.6168 0.1168 0.9843, -5.6103 0.1218 0.9843, -5.6027 -0.1249 0.1969, -5.6103 -0.1218 0.1969, -5.6168 -0.1168 0.1969, -5.6218 -0.1102 0.1969, -5.6249 -0.1026 0.1969, -6.6027 -0.1249 0.9843, -6.6103 -0.1218 0.9843, -6.6249 -0.1026 0.9843, -6.6168 -0.1168 0.9843, -6.6218 -0.1102 0.9843, -6.3751 -0.1026 0.1969, -6.3783 -0.1102 0.1969, -6.3833 -0.1168 0.1969, -6.3898 -0.1218 0.1969, -6.3974 -0.1249 0.1969, -6.3751 -0.1026 0.9843, -6.3783 -0.1102 0.9843, -6.3974 -0.1249 0.9843, -6.3833 -0.1168 0.9843, -6.3898 -0.1218 0.9843, -6.3974 0.1249 0.1969, -6.3898 0.1218 0.1969, -6.3833 0.1168 0.1969, -6.3783 0.1102 0.1969, -6.3751 0.1026 0.1969, -6.3974 0.1249 0.9843, -6.3898 0.1218 0.9843, -6.3751 0.1026 0.9843, -6.3833 0.1168 0.9843, -6.3783 0.1102 0.9843, -6.6249 0.1026 0.1969, -6.6218 0.1102 0.1969, -6.6168 0.1168 0.1969, -6.6103 0.1218 0.1969, -6.6027 0.1249 0.1969, -6.6249 0.1026 0.9843, -6.6218 0.1102 0.9843, -6.6027 0.1249 0.9843, -6.6168 0.1168 0.9843, -6.6103 0.1218 0.9843, -6.6027 -0.1249 0.1969, -6.6103 -0.1218 0.1969, -6.6168 -0.1168 0.1969, -6.6218 -0.1102 0.1969, -6.6249 -0.1026 0.1969
            ]
        }
        coordIndex [
            0,1,2,-1,2,1,3,-1,4,5,6,-1,6,5,7,-1,8,9,10,-1,10,9,11,-1,12,13,14,-1,14,13,15,-1,16,17,18,-1,18,17,19,-1,20,21,22,-1,22,21,23,-1,24,25,26,-1,26,25,27,-1,28,29,30,-1,30,29,31,-1,32,33,34,-1,34,33,35,-1,36,37,38,-1,38,37,39,-1,40,41,3,-1,42,43,3,-1,42,3,44,-1,45,46,1,-1,1,46,47,-1,43,48,3,-1,3,48,49,-1,3,49,40,-1,47,50,1,-1,1,50,51,-1,1,51,52,-1,52,53,1,-1,1,53,17,-1,1,17,3,-1,3,17,16,-1,3,16,44,-1,54,55,2,-1,56,57,2,-1,56,2,58,-1,41,59,3,-1,3,59,60,-1,57,61,2,-1,2,61,62,-1,2,62,54,-1,60,63,3,-1,3,63,64,-1,3,64,65,-1,65,66,3,-1,3,66,9,-1,3,9,2,-1,2,9,8,-1,2,8,58,-1,67,45,1,-1,68,69,0,-1,0,69,70,-1,71,72,1,-1,70,73,0,-1,0,73,74,-1,0,74,75,-1,71,1,76,-1,75,77,0,-1,0,77,6,-1,0,6,1,-1,1,6,7,-1,1,7,76,-1,72,78,1,-1,1,78,79,-1,1,79,67,-1,80,68,0,-1,81,82,0,-1,81,0,83,-1,55,84,2,-1,2,84,85,-1,82,86,0,-1,0,86,87,-1,0,87,80,-1,85,88,2,-1,2,88,89,-1,2,89,90,-1,90,91,2,-1,2,91,13,-1,2,13,0,-1,0,13,12,-1,0,12,83,-1,92,93,27,-1,94,95,27,-1,94,27,96,-1,97,98,25,-1,25,98,99,-1,95,100,27,-1,27,100,101,-1,27,101,92,-1,99,102,25,-1,25,102,103,-1,25,103,104,-1,104,105,25,-1,25,105,30,-1,25,30,27,-1,27,30,31,-1,27,31,96,-1,106,107,26,-1,108,109,26,-1,108,26,110,-1,93,111,27,-1,27,111,112,-1,109,113,26,-1,26,113,114,-1,26,114,106,-1,112,115,27,-1,27,115,116,-1,27,116,117,-1,117,118,27,-1,27,118,34,-1,27,34,26,-1,26,34,35,-1,26,35,110,-1,119,97,25,-1,120,121,25,-1,120,25,122,-1,123,124,24,-1,24,124,125,-1,121,126,25,-1,25,126,127,-1,25,127,119,-1,125,128,24,-1,24,128,129,-1,24,129,130,-1,130,131,24,-1,24,131,38,-1,24,38,25,-1,25,38,39,-1,25,39,122,-1,132,123,24,-1,133,134,24,-1,133,24,135,-1,107,136,26,-1,26,136,137,-1,134,138,24,-1,24,138,139,-1,24,139,132,-1,137,140,26,-1,26,140,141,-1,26,141,142,-1,142,143,26,-1,26,143,21,-1,26,21,24,-1,24,21,20,-1,24,20,135,-1,36,38,144,-1,144,38,131,-1,144,131,130,-1,125,145,128,-1,128,145,144,-1,128,144,129,-1,129,144,130,-1,135,20,22,-1,135,22,133,-1,132,139,146,-1,146,139,138,-1,146,138,22,-1,22,138,134,-1,22,134,133,-1,125,124,145,-1,145,124,123,-1,145,123,147,-1,147,123,132,-1,147,132,148,-1,148,132,146,-1,12,14,83,-1,83,14,149,-1,83,149,81,-1,81,149,82,-1,80,87,149,-1,149,87,86,-1,149,86,82,-1,149,150,80,-1,80,150,151,-1,80,151,68,-1,68,151,152,-1,68,152,69,-1,4,6,153,-1,153,6,77,-1,153,77,75,-1,75,74,153,-1,153,74,73,-1,153,73,152,-1,152,73,70,-1,152,70,69,-1,28,30,154,-1,154,30,105,-1,154,105,104,-1,99,155,102,-1,102,155,154,-1,102,154,103,-1,103,154,104,-1,122,39,37,-1,122,37,120,-1,119,127,156,-1,156,127,126,-1,156,126,37,-1,37,126,121,-1,37,121,120,-1,99,98,155,-1,155,98,97,-1,155,97,157,-1,157,97,119,-1,157,119,158,-1,158,119,156,-1,8,10,58,-1,58,10,159,-1,58,159,56,-1,56,159,57,-1,54,62,159,-1,159,62,61,-1,159,61,57,-1,159,160,54,-1,54,160,161,-1,54,161,55,-1,55,161,162,-1,55,162,84,-1,15,13,163,-1,163,13,91,-1,163,91,90,-1,90,89,163,-1,163,89,88,-1,163,88,162,-1,162,88,85,-1,162,85,84,-1,32,34,164,-1,164,34,118,-1,164,118,117,-1,112,165,115,-1,115,165,164,-1,115,164,116,-1,116,164,117,-1,96,31,29,-1,96,29,94,-1,92,101,166,-1,166,101,100,-1,166,100,29,-1,29,100,95,-1,29,95,94,-1,112,111,165,-1,165,111,93,-1,165,93,167,-1,167,93,92,-1,167,92,168,-1,168,92,166,-1,16,18,44,-1,44,18,169,-1,44,169,42,-1,42,169,43,-1,40,49,169,-1,169,49,48,-1,169,48,43,-1,169,170,40,-1,40,170,171,-1,40,171,41,-1,41,171,172,-1,41,172,59,-1,11,9,173,-1,173,9,66,-1,173,66,65,-1,65,64,173,-1,173,64,63,-1,173,63,172,-1,172,63,60,-1,172,60,59,-1,23,21,174,-1,174,21,143,-1,174,143,142,-1,137,175,140,-1,140,175,174,-1,140,174,141,-1,141,174,142,-1,110,35,33,-1,110,33,108,-1,106,114,176,-1,176,114,113,-1,176,113,33,-1,33,113,109,-1,33,109,108,-1,137,136,175,-1,175,136,107,-1,175,107,177,-1,177,107,106,-1,177,106,178,-1,178,106,176,-1,7,5,76,-1,76,5,179,-1,76,179,71,-1,71,179,72,-1,67,79,179,-1,179,79,78,-1,179,78,72,-1,179,180,67,-1,67,180,181,-1,67,181,45,-1,45,181,182,-1,45,182,46,-1,19,17,183,-1,183,17,53,-1,183,53,52,-1,52,51,183,-1,183,51,50,-1,183,50,182,-1,182,50,47,-1,182,47,46,-1,184,185,186,-1,186,185,187,-1,188,189,190,-1,190,189,191,-1,192,193,194,-1,194,193,195,-1,196,197,198,-1,198,197,199,-1,200,201,202,-1,202,201,203,-1,204,205,206,-1,206,205,207,-1,208,209,210,-1,210,209,211,-1,212,213,214,-1,214,213,215,-1,216,217,218,-1,218,217,219,-1,220,221,222,-1,222,221,223,-1,224,225,226,-1,226,225,227,-1,228,229,230,-1,230,229,231,-1,232,233,234,-1,234,233,235,-1,236,237,238,-1,238,237,239,-1,240,241,242,-1,242,241,243,-1,244,245,246,-1,246,245,247,-1,248,249,250,-1,250,249,251,-1,252,253,254,-1,254,253,255,-1,256,257,258,-1,258,257,259,-1,260,261,262,-1,262,261,263,-1,264,265,266,-1,266,265,267,-1,268,269,270,-1,270,269,271,-1,272,273,274,-1,274,273,275,-1,276,277,278,-1,278,277,279,-1,280,281,282,-1,282,281,283,-1,284,285,286,-1,286,285,287,-1,288,289,290,-1,290,289,291,-1,292,293,294,-1,294,293,295,-1,296,297,298,-1,298,297,299,-1,300,301,302,-1,302,301,303,-1,304,305,306,-1,306,305,307,-1,308,309,310,-1,310,309,311,-1,312,313,314,-1,314,313,315,-1,316,317,318,-1,318,317,319,-1,320,321,322,-1,322,321,323,-1,324,325,326,-1,326,325,327,-1,328,329,330,-1,330,329,331,-1,332,333,334,-1,334,333,335,-1,336,337,338,-1,338,337,339,-1,340,341,342,-1,342,341,343,-1,344,345,346,-1,346,345,347,-1,348,349,350,-1,350,349,351,-1,352,353,354,-1,354,353,355,-1,356,357,358,-1,358,357,359,-1,360,361,362,-1,362,361,363,-1,364,365,366,-1,366,365,367,-1,368,369,370,-1,370,369,371,-1,372,373,374,-1,374,373,375,-1,376,377,378,-1,378,377,379,-1,380,381,382,-1,382,381,383,-1,384,385,386,-1,386,385,387,-1,388,389,390,-1,390,389,391,-1,392,393,394,-1,394,393,395,-1,396,397,398,-1,398,397,399,-1,400,401,402,-1,402,401,403,-1,404,405,406,-1,406,405,407,-1,408,409,410,-1,410,409,411,-1,412,413,414,-1,414,413,415,-1,416,417,418,-1,418,417,419,-1,420,421,422,-1,422,421,423,-1,424,425,426,-1,426,425,427,-1,428,429,430,-1,430,429,431,-1,432,433,434,-1,434,433,435,-1,436,437,438,-1,438,437,439,-1,440,441,442,-1,442,441,443,-1,444,445,446,-1,446,445,447,-1,448,449,450,-1,450,449,451,-1,452,453,454,-1,454,453,455,-1,456,457,458,-1,458,457,459,-1,460,461,462,-1,462,461,463,-1,464,465,466,-1,466,465,467,-1,468,469,470,-1,470,469,471,-1,472,473,474,-1,474,473,475,-1,476,477,478,-1,478,477,479,-1,480,481,482,-1,482,481,483,-1,484,485,486,-1,486,485,487,-1,488,489,490,-1,490,489,491,-1,492,493,494,-1,494,493,495,-1,496,497,498,-1,498,497,499,-1,500,501,502,-1,502,501,503,-1,504,505,506,-1,506,505,507,-1,508,509,510,-1,510,509,511,-1,512,513,514,-1,514,513,515,-1,516,517,518,-1,518,517,519,-1,520,521,522,-1,522,521,523,-1,524,525,526,-1,526,525,527,-1,528,529,530,-1,530,529,531,-1,532,533,534,-1,534,533,535,-1,536,537,538,-1,538,537,539,-1,540,541,542,-1,542,541,543,-1,544,545,546,-1,546,545,547,-1,548,549,550,-1,550,549,551,-1,552,553,554,-1,554,553,555,-1,556,557,558,-1,558,557,559,-1,560,561,562,-1,562,561,563,-1,564,565,566,-1,566,565,567,-1,568,569,570,-1,570,569,571,-1,572,573,574,-1,574,573,575,-1,576,577,578,-1,578,577,579,-1,580,581,582,-1,582,581,583,-1,584,585,586,-1,586,585,587,-1,588,589,590,-1,590,589,591,-1,592,593,594,-1,594,593,595,-1,596,597,598,-1,598,597,599,-1,600,601,602,-1,602,601,603,-1,604,605,606,-1,606,605,607,-1,608,609,610,-1,610,609,611,-1,612,613,614,-1,614,613,615,-1,616,617,618,-1,618,617,619,-1,620,621,622,-1,622,621,623,-1,624,625,626,-1,626,625,627,-1,628,629,630,-1,630,629,631,-1,632,633,634,-1,634,633,635,-1,636,637,638,-1,638,637,639,-1,640,641,642,-1,642,641,643,-1,644,645,646,-1,646,645,647,-1,648,649,650,-1,650,649,651,-1,652,653,654,-1,654,653,655,-1,656,657,658,-1,658,657,659,-1,660,661,662,-1,662,661,663,-1,664,665,666,-1,666,665,667,-1,668,669,670,-1,670,669,671,-1,672,673,674,-1,674,673,675,-1,676,677,678,-1,678,677,679,-1,680,681,682,-1,682,681,683,-1,684,685,686,-1,686,685,687,-1,688,689,690,-1,690,689,691,-1,692,693,694,-1,694,693,695,-1,696,697,698,-1,698,697,699,-1,700,701,702,-1,702,701,703,-1,704,705,223,-1,706,707,223,-1,706,223,708,-1,709,710,221,-1,221,710,711,-1,707,712,223,-1,223,712,713,-1,223,713,704,-1,711,714,221,-1,221,714,715,-1,221,715,716,-1,716,717,221,-1,221,717,205,-1,221,205,223,-1,223,205,204,-1,223,204,708,-1,718,719,222,-1,720,721,222,-1,720,222,722,-1,705,723,223,-1,223,723,724,-1,721,725,222,-1,222,725,726,-1,222,726,718,-1,724,727,223,-1,223,727,728,-1,223,728,729,-1,729,730,223,-1,223,730,213,-1,223,213,222,-1,222,213,212,-1,222,212,722,-1,731,709,221,-1,732,733,220,-1,220,733,734,-1,735,736,221,-1,734,737,220,-1,220,737,738,-1,220,738,739,-1,735,221,740,-1,739,741,220,-1,220,741,218,-1,220,218,221,-1,221,218,219,-1,221,219,740,-1,736,742,221,-1,221,742,743,-1,221,743,731,-1,744,732,220,-1,745,746,220,-1,745,220,747,-1,719,748,222,-1,222,748,749,-1,746,750,220,-1,220,750,751,-1,220,751,744,-1,749,752,222,-1,222,752,753,-1,222,753,754,-1,754,755,222,-1,222,755,209,-1,222,209,220,-1,220,209,208,-1,220,208,747,-1,756,757,187,-1,758,759,187,-1,758,187,760,-1,761,762,185,-1,185,762,763,-1,759,764,187,-1,187,764,765,-1,187,765,756,-1,763,766,185,-1,185,766,767,-1,185,767,768,-1,768,769,185,-1,185,769,198,-1,185,198,187,-1,187,198,199,-1,187,199,760,-1,770,771,186,-1,772,773,186,-1,772,186,774,-1,757,775,187,-1,187,775,776,-1,773,777,186,-1,186,777,778,-1,186,778,770,-1,776,779,187,-1,187,779,780,-1,187,780,781,-1,781,782,187,-1,187,782,194,-1,187,194,186,-1,186,194,195,-1,186,195,774,-1,783,761,185,-1,784,785,185,-1,784,185,786,-1,787,788,184,-1,184,788,789,-1,785,790,185,-1,185,790,791,-1,185,791,783,-1,789,792,184,-1,184,792,793,-1,184,793,794,-1,794,795,184,-1,184,795,190,-1,184,190,185,-1,185,190,191,-1,185,191,786,-1,796,787,184,-1,797,798,184,-1,797,184,799,-1,771,800,186,-1,186,800,801,-1,798,802,184,-1,184,802,803,-1,184,803,796,-1,801,804,186,-1,186,804,805,-1,186,805,806,-1,806,807,186,-1,186,807,201,-1,186,201,184,-1,184,201,200,-1,184,200,799,-1,808,809,263,-1,810,811,263,-1,810,263,812,-1,813,814,261,-1,261,814,815,-1,811,816,263,-1,263,816,817,-1,263,817,808,-1,815,818,261,-1,261,818,819,-1,261,819,820,-1,820,821,261,-1,261,821,245,-1,261,245,263,-1,263,245,244,-1,263,244,812,-1,822,823,262,-1,824,825,262,-1,824,262,826,-1,809,827,263,-1,263,827,828,-1,825,829,262,-1,262,829,830,-1,262,830,822,-1,828,831,263,-1,263,831,832,-1,263,832,833,-1,833,834,263,-1,263,834,253,-1,263,253,262,-1,262,253,252,-1,262,252,826,-1,835,813,261,-1,836,837,260,-1,260,837,838,-1,839,840,261,-1,838,841,260,-1,260,841,842,-1,260,842,843,-1,839,261,844,-1,843,845,260,-1,260,845,258,-1,260,258,261,-1,261,258,259,-1,261,259,844,-1,840,846,261,-1,261,846,847,-1,261,847,835,-1,848,836,260,-1,849,850,260,-1,849,260,851,-1,823,852,262,-1,262,852,853,-1,850,854,260,-1,260,854,855,-1,260,855,848,-1,853,856,262,-1,262,856,857,-1,262,857,858,-1,858,859,262,-1,262,859,249,-1,262,249,260,-1,260,249,248,-1,260,248,851,-1,860,861,227,-1,862,863,227,-1,862,227,864,-1,865,866,225,-1,225,866,867,-1,863,868,227,-1,227,868,869,-1,227,869,860,-1,867,870,225,-1,225,870,871,-1,225,871,872,-1,872,873,225,-1,225,873,238,-1,225,238,227,-1,227,238,239,-1,227,239,864,-1,874,875,226,-1,876,877,226,-1,876,226,878,-1,861,879,227,-1,227,879,880,-1,877,881,226,-1,226,881,882,-1,226,882,874,-1,880,883,227,-1,227,883,884,-1,227,884,885,-1,885,886,227,-1,227,886,234,-1,227,234,226,-1,226,234,235,-1,226,235,878,-1,887,865,225,-1,888,889,225,-1,888,225,890,-1,891,892,224,-1,224,892,893,-1,889,894,225,-1,225,894,895,-1,225,895,887,-1,893,896,224,-1,224,896,897,-1,224,897,898,-1,898,899,224,-1,224,899,230,-1,224,230,225,-1,225,230,231,-1,225,231,890,-1,900,891,224,-1,901,902,224,-1,901,224,903,-1,875,904,226,-1,226,904,905,-1,902,906,224,-1,224,906,907,-1,224,907,900,-1,905,908,226,-1,226,908,909,-1,226,909,910,-1,910,911,226,-1,226,911,241,-1,226,241,224,-1,224,241,240,-1,224,240,903,-1,912,913,914,-1,914,913,915,-1,915,913,303,-1,915,303,301,-1,916,917,912,-1,916,912,918,-1,914,919,920,-1,917,921,912,-1,912,921,922,-1,912,922,923,-1,920,924,914,-1,914,924,925,-1,914,925,926,-1,926,927,914,-1,914,927,285,-1,914,285,912,-1,912,285,284,-1,912,284,918,-1,928,929,913,-1,913,929,302,-1,913,302,303,-1,928,930,931,-1,931,932,928,-1,928,932,933,-1,928,933,934,-1,935,936,937,-1,937,936,938,-1,937,938,939,-1,934,940,928,-1,928,940,293,-1,928,293,929,-1,929,293,292,-1,929,292,938,-1,938,292,941,-1,938,941,939,-1,298,299,942,-1,301,300,915,-1,915,300,943,-1,299,944,942,-1,942,944,945,-1,942,945,946,-1,946,947,942,-1,942,947,948,-1,942,948,949,-1,950,951,952,-1,952,951,953,-1,952,953,954,-1,950,955,951,-1,951,955,298,-1,951,298,943,-1,943,298,942,-1,943,942,915,-1,956,943,300,-1,957,958,300,-1,957,300,959,-1,929,960,302,-1,302,960,961,-1,958,962,300,-1,300,962,963,-1,300,963,956,-1,961,964,302,-1,302,964,965,-1,302,965,966,-1,966,967,302,-1,302,967,289,-1,302,289,300,-1,300,289,288,-1,300,288,959,-1,968,969,267,-1,970,971,267,-1,970,267,972,-1,973,974,265,-1,265,974,975,-1,971,976,267,-1,267,976,977,-1,267,977,968,-1,975,978,265,-1,265,978,979,-1,265,979,980,-1,980,981,265,-1,265,981,278,-1,265,278,267,-1,267,278,279,-1,267,279,972,-1,982,983,266,-1,984,985,266,-1,984,266,986,-1,969,987,267,-1,267,987,988,-1,985,989,266,-1,266,989,990,-1,266,990,982,-1,988,991,267,-1,267,991,992,-1,267,992,993,-1,993,994,267,-1,267,994,274,-1,267,274,266,-1,266,274,275,-1,266,275,986,-1,995,973,265,-1,996,997,265,-1,996,265,998,-1,999,1000,264,-1,264,1000,1001,-1,997,1002,265,-1,265,1002,1003,-1,265,1003,995,-1,1001,1004,264,-1,264,1004,1005,-1,264,1005,1006,-1,1006,1007,264,-1,264,1007,270,-1,264,270,265,-1,265,270,271,-1,265,271,998,-1,1008,999,264,-1,1009,1010,264,-1,1009,264,1011,-1,983,1012,266,-1,266,1012,1013,-1,1010,1014,264,-1,264,1014,1015,-1,264,1015,1008,-1,1013,1016,266,-1,266,1016,1017,-1,266,1017,1018,-1,1018,1019,266,-1,266,1019,281,-1,266,281,264,-1,264,281,280,-1,264,280,1011,-1,1020,1021,1022,-1,1022,1021,1023,-1,1023,1021,343,-1,1023,343,341,-1,1024,1025,1020,-1,1024,1020,1026,-1,1022,1027,1028,-1,1025,1029,1020,-1,1020,1029,1030,-1,1020,1030,1031,-1,1028,1032,1022,-1,1022,1032,1033,-1,1022,1033,1034,-1,1034,1035,1022,-1,1022,1035,325,-1,1022,325,1020,-1,1020,325,324,-1,1020,324,1026,-1,1036,1037,1021,-1,1021,1037,342,-1,1021,342,343,-1,1036,1038,1039,-1,1039,1040,1036,-1,1036,1040,1041,-1,1036,1041,1042,-1,1043,1044,1045,-1,1045,1044,1046,-1,1045,1046,1047,-1,1042,1048,1036,-1,1036,1048,333,-1,1036,333,1037,-1,1037,333,332,-1,1037,332,1046,-1,1046,332,1049,-1,1046,1049,1047,-1,338,339,1050,-1,341,340,1023,-1,1023,340,1051,-1,339,1052,1050,-1,1050,1052,1053,-1,1050,1053,1054,-1,1054,1055,1050,-1,1050,1055,1056,-1,1050,1056,1057,-1,1058,1059,1060,-1,1060,1059,1061,-1,1060,1061,1062,-1,1058,1063,1059,-1,1059,1063,338,-1,1059,338,1051,-1,1051,338,1050,-1,1051,1050,1023,-1,1064,1051,340,-1,1065,1066,340,-1,1065,340,1067,-1,1037,1068,342,-1,342,1068,1069,-1,1066,1070,340,-1,340,1070,1071,-1,340,1071,1064,-1,1069,1072,342,-1,342,1072,1073,-1,342,1073,1074,-1,1074,1075,342,-1,342,1075,329,-1,342,329,340,-1,340,329,328,-1,340,328,1067,-1,1076,1077,307,-1,1078,1079,307,-1,1078,307,1080,-1,1081,1082,305,-1,305,1082,1083,-1,1079,1084,307,-1,307,1084,1085,-1,307,1085,1076,-1,1083,1086,305,-1,305,1086,1087,-1,305,1087,1088,-1,1088,1089,305,-1,305,1089,318,-1,305,318,307,-1,307,318,319,-1,307,319,1080,-1,1090,1091,306,-1,1092,1093,306,-1,1092,306,1094,-1,1077,1095,307,-1,307,1095,1096,-1,1093,1097,306,-1,306,1097,1098,-1,306,1098,1090,-1,1096,1099,307,-1,307,1099,1100,-1,307,1100,1101,-1,1101,1102,307,-1,307,1102,314,-1,307,314,306,-1,306,314,315,-1,306,315,1094,-1,1103,1081,305,-1,1104,1105,305,-1,1104,305,1106,-1,1107,1108,304,-1,304,1108,1109,-1,1105,1110,305,-1,305,1110,1111,-1,305,1111,1103,-1,1109,1112,304,-1,304,1112,1113,-1,304,1113,1114,-1,1114,1115,304,-1,304,1115,310,-1,304,310,305,-1,305,310,311,-1,305,311,1106,-1,1116,1107,304,-1,1091,1117,306,-1,306,1117,1118,-1,1119,1120,304,-1,1118,1121,306,-1,306,1121,1122,-1,306,1122,1123,-1,1119,304,1124,-1,1123,1125,306,-1,306,1125,321,-1,306,321,304,-1,304,321,320,-1,304,320,1124,-1,1120,1126,304,-1,304,1126,1127,-1,304,1127,1116,-1,1128,1129,1130,-1,1130,1129,1131,-1,1131,1129,383,-1,1131,383,381,-1,1132,1133,1128,-1,1132,1128,1134,-1,1130,1135,1136,-1,1133,1137,1128,-1,1128,1137,1138,-1,1128,1138,1139,-1,1136,1140,1130,-1,1130,1140,1141,-1,1130,1141,1142,-1,1142,1143,1130,-1,1130,1143,365,-1,1130,365,1128,-1,1128,365,364,-1,1128,364,1134,-1,1144,1145,1129,-1,1129,1145,382,-1,1129,382,383,-1,1144,1146,1147,-1,1147,1148,1144,-1,1144,1148,1149,-1,1144,1149,1150,-1,1151,1152,1153,-1,1153,1152,1154,-1,1153,1154,1155,-1,1150,1156,1144,-1,1144,1156,373,-1,1144,373,1145,-1,1145,373,372,-1,1145,372,1154,-1,1154,372,1157,-1,1154,1157,1155,-1,378,379,1158,-1,381,380,1131,-1,1131,380,1159,-1,379,1160,1158,-1,1158,1160,1161,-1,1158,1161,1162,-1,1162,1163,1158,-1,1158,1163,1164,-1,1158,1164,1165,-1,1166,1167,1168,-1,1168,1167,1169,-1,1168,1169,1170,-1,1166,1171,1167,-1,1167,1171,378,-1,1167,378,1159,-1,1159,378,1158,-1,1159,1158,1131,-1,1172,1159,380,-1,1173,1174,380,-1,1173,380,1175,-1,1145,1176,382,-1,382,1176,1177,-1,1174,1178,380,-1,380,1178,1179,-1,380,1179,1172,-1,1177,1180,382,-1,382,1180,1181,-1,382,1181,1182,-1,1182,1183,382,-1,382,1183,369,-1,382,369,380,-1,380,369,368,-1,380,368,1175,-1,1184,1185,347,-1,1186,1187,347,-1,1186,347,1188,-1,1189,1190,345,-1,345,1190,1191,-1,1187,1192,347,-1,347,1192,1193,-1,347,1193,1184,-1,1191,1194,345,-1,345,1194,1195,-1,345,1195,1196,-1,1196,1197,345,-1,345,1197,358,-1,345,358,347,-1,347,358,359,-1,347,359,1188,-1,1198,1199,346,-1,1200,1201,346,-1,1200,346,1202,-1,1185,1203,347,-1,347,1203,1204,-1,1201,1205,346,-1,346,1205,1206,-1,346,1206,1198,-1,1204,1207,347,-1,347,1207,1208,-1,347,1208,1209,-1,1209,1210,347,-1,347,1210,354,-1,347,354,346,-1,346,354,355,-1,346,355,1202,-1,1211,1189,345,-1,1212,1213,345,-1,1212,345,1214,-1,1215,1216,344,-1,344,1216,1217,-1,1213,1218,345,-1,345,1218,1219,-1,345,1219,1211,-1,1217,1220,344,-1,344,1220,1221,-1,344,1221,1222,-1,1222,1223,344,-1,344,1223,350,-1,344,350,345,-1,345,350,351,-1,345,351,1214,-1,1224,1215,344,-1,1225,1226,344,-1,1225,344,1227,-1,1199,1228,346,-1,346,1228,1229,-1,1226,1230,344,-1,344,1230,1231,-1,344,1231,1224,-1,1229,1232,346,-1,346,1232,1233,-1,346,1233,1234,-1,1234,1235,346,-1,346,1235,361,-1,346,361,344,-1,344,361,360,-1,344,360,1227,-1,1236,1237,423,-1,1238,1239,423,-1,1238,423,1240,-1,1241,1242,421,-1,421,1242,1243,-1,1239,1244,423,-1,423,1244,1245,-1,423,1245,1236,-1,1243,1246,421,-1,421,1246,1247,-1,421,1247,1248,-1,1248,1249,421,-1,421,1249,405,-1,421,405,423,-1,423,405,404,-1,423,404,1240,-1,1250,1251,422,-1,1237,1252,423,-1,423,1252,1253,-1,1254,1255,422,-1,1253,1256,423,-1,423,1256,1257,-1,423,1257,1258,-1,1254,422,1259,-1,1258,1260,423,-1,423,1260,413,-1,423,413,422,-1,422,413,412,-1,422,412,1259,-1,1255,1261,422,-1,422,1261,1262,-1,422,1262,1250,-1,1263,1241,421,-1,1264,1265,420,-1,420,1265,1266,-1,1267,1268,421,-1,1266,1269,420,-1,420,1269,1270,-1,420,1270,1271,-1,1267,421,1272,-1,1271,1273,420,-1,420,1273,418,-1,420,418,421,-1,421,418,419,-1,421,419,1272,-1,1268,1274,421,-1,421,1274,1275,-1,421,1275,1263,-1,1276,1264,420,-1,1277,1278,420,-1,1277,420,1279,-1,1251,1280,422,-1,422,1280,1281,-1,1278,1282,420,-1,420,1282,1283,-1,420,1283,1276,-1,1281,1284,422,-1,422,1284,1285,-1,422,1285,1286,-1,1286,1287,422,-1,422,1287,409,-1,422,409,420,-1,420,409,408,-1,420,408,1279,-1,1288,1289,387,-1,1290,1291,385,-1,385,1291,1292,-1,1293,1294,387,-1,1292,1295,385,-1,385,1295,1296,-1,385,1296,1297,-1,1293,387,1298,-1,1297,1299,385,-1,385,1299,398,-1,385,398,387,-1,387,398,399,-1,387,399,1298,-1,1294,1300,387,-1,387,1300,1301,-1,387,1301,1288,-1,1302,1303,386,-1,1304,1305,386,-1,1304,386,1306,-1,1289,1307,387,-1,387,1307,1308,-1,1305,1309,386,-1,386,1309,1310,-1,386,1310,1302,-1,1308,1311,387,-1,387,1311,1312,-1,387,1312,1313,-1,1313,1314,387,-1,387,1314,394,-1,387,394,386,-1,386,394,395,-1,386,395,1306,-1,1315,1290,385,-1,1316,1317,385,-1,1316,385,1318,-1,1319,1320,384,-1,384,1320,1321,-1,1317,1322,385,-1,385,1322,1323,-1,385,1323,1315,-1,1321,1324,384,-1,384,1324,1325,-1,384,1325,1326,-1,1326,1327,384,-1,384,1327,390,-1,384,390,385,-1,385,390,391,-1,385,391,1318,-1,1328,1319,384,-1,1303,1329,386,-1,386,1329,1330,-1,1331,1332,384,-1,1330,1333,386,-1,386,1333,1334,-1,386,1334,1335,-1,1331,384,1336,-1,1335,1337,386,-1,386,1337,401,-1,386,401,384,-1,384,401,400,-1,384,400,1336,-1,1332,1338,384,-1,384,1338,1339,-1,384,1339,1328,-1,1340,1341,463,-1,1342,1343,463,-1,1342,463,1344,-1,1345,1346,461,-1,461,1346,1347,-1,1343,1348,463,-1,463,1348,1349,-1,463,1349,1340,-1,1347,1350,461,-1,461,1350,1351,-1,461,1351,1352,-1,1352,1353,461,-1,461,1353,445,-1,461,445,463,-1,463,445,444,-1,463,444,1344,-1,1354,1355,462,-1,1341,1356,463,-1,463,1356,1357,-1,1358,1359,462,-1,1357,1360,463,-1,463,1360,1361,-1,463,1361,1362,-1,1358,462,1363,-1,1362,1364,463,-1,463,1364,453,-1,463,453,462,-1,462,453,452,-1,462,452,1363,-1,1359,1365,462,-1,462,1365,1366,-1,462,1366,1354,-1,1367,1345,461,-1,1368,1369,460,-1,460,1369,1370,-1,1371,1372,461,-1,1370,1373,460,-1,460,1373,1374,-1,460,1374,1375,-1,1371,461,1376,-1,1375,1377,460,-1,460,1377,458,-1,460,458,461,-1,461,458,459,-1,461,459,1376,-1,1372,1378,461,-1,461,1378,1379,-1,461,1379,1367,-1,1380,1368,460,-1,1381,1382,460,-1,1381,460,1383,-1,1355,1384,462,-1,462,1384,1385,-1,1382,1386,460,-1,460,1386,1387,-1,460,1387,1380,-1,1385,1388,462,-1,462,1388,1389,-1,462,1389,1390,-1,1390,1391,462,-1,462,1391,449,-1,462,449,460,-1,460,449,448,-1,460,448,1383,-1,1392,1393,427,-1,1394,1395,425,-1,425,1395,1396,-1,1397,1398,427,-1,1396,1399,425,-1,425,1399,1400,-1,425,1400,1401,-1,1397,427,1402,-1,1401,1403,425,-1,425,1403,438,-1,425,438,427,-1,427,438,439,-1,427,439,1402,-1,1398,1404,427,-1,427,1404,1405,-1,427,1405,1392,-1,1406,1407,426,-1,1408,1409,426,-1,1408,426,1410,-1,1393,1411,427,-1,427,1411,1412,-1,1409,1413,426,-1,426,1413,1414,-1,426,1414,1406,-1,1412,1415,427,-1,427,1415,1416,-1,427,1416,1417,-1,1417,1418,427,-1,427,1418,434,-1,427,434,426,-1,426,434,435,-1,426,435,1410,-1,1419,1394,425,-1,1420,1421,425,-1,1420,425,1422,-1,1423,1424,424,-1,424,1424,1425,-1,1421,1426,425,-1,425,1426,1427,-1,425,1427,1419,-1,1425,1428,424,-1,424,1428,1429,-1,424,1429,1430,-1,1430,1431,424,-1,424,1431,430,-1,424,430,425,-1,425,430,431,-1,425,431,1422,-1,1432,1423,424,-1,1407,1433,426,-1,426,1433,1434,-1,1435,1436,424,-1,1434,1437,426,-1,426,1437,1438,-1,426,1438,1439,-1,1435,424,1440,-1,1439,1441,426,-1,426,1441,441,-1,426,441,424,-1,424,441,440,-1,424,440,1440,-1,1436,1442,424,-1,424,1442,1443,-1,424,1443,1432,-1,1444,1445,503,-1,1446,1447,503,-1,1446,503,1448,-1,1449,1450,501,-1,501,1450,1451,-1,1447,1452,503,-1,503,1452,1453,-1,503,1453,1444,-1,1451,1454,501,-1,501,1454,1455,-1,501,1455,1456,-1,1456,1457,501,-1,501,1457,485,-1,501,485,503,-1,503,485,484,-1,503,484,1448,-1,1458,1459,502,-1,1445,1460,503,-1,503,1460,1461,-1,1462,1463,502,-1,1461,1464,503,-1,503,1464,1465,-1,503,1465,1466,-1,1462,502,1467,-1,1466,1468,503,-1,503,1468,493,-1,503,493,502,-1,502,493,492,-1,502,492,1467,-1,1463,1469,502,-1,502,1469,1470,-1,502,1470,1458,-1,1471,1449,501,-1,1472,1473,500,-1,500,1473,1474,-1,1475,1476,501,-1,1474,1477,500,-1,500,1477,1478,-1,500,1478,1479,-1,1475,501,1480,-1,1479,1481,500,-1,500,1481,498,-1,500,498,501,-1,501,498,499,-1,501,499,1480,-1,1476,1482,501,-1,501,1482,1483,-1,501,1483,1471,-1,1484,1472,500,-1,1485,1486,500,-1,1485,500,1487,-1,1459,1488,502,-1,502,1488,1489,-1,1486,1490,500,-1,500,1490,1491,-1,500,1491,1484,-1,1489,1492,502,-1,502,1492,1493,-1,502,1493,1494,-1,1494,1495,502,-1,502,1495,489,-1,502,489,500,-1,500,489,488,-1,500,488,1487,-1,1496,1497,467,-1,1498,1499,467,-1,1498,467,1500,-1,1501,1502,465,-1,465,1502,1503,-1,1499,1504,467,-1,467,1504,1505,-1,467,1505,1496,-1,1503,1506,465,-1,465,1506,1507,-1,465,1507,1508,-1,1508,1509,465,-1,465,1509,478,-1,465,478,467,-1,467,478,479,-1,467,479,1500,-1,1510,1511,466,-1,1512,1513,466,-1,1512,466,1514,-1,1497,1515,467,-1,467,1515,1516,-1,1513,1517,466,-1,466,1517,1518,-1,466,1518,1510,-1,1516,1519,467,-1,467,1519,1520,-1,467,1520,1521,-1,1521,1522,467,-1,467,1522,474,-1,467,474,466,-1,466,474,475,-1,466,475,1514,-1,1523,1501,465,-1,1524,1525,465,-1,1524,465,1526,-1,1527,1528,464,-1,464,1528,1529,-1,1525,1530,465,-1,465,1530,1531,-1,465,1531,1523,-1,1529,1532,464,-1,464,1532,1533,-1,464,1533,1534,-1,1534,1535,464,-1,464,1535,470,-1,464,470,465,-1,465,470,471,-1,465,471,1526,-1,1536,1527,464,-1,1511,1537,466,-1,466,1537,1538,-1,1539,1540,464,-1,1538,1541,466,-1,466,1541,1542,-1,466,1542,1543,-1,1539,464,1544,-1,1543,1545,466,-1,466,1545,481,-1,466,481,464,-1,464,481,480,-1,464,480,1544,-1,1540,1546,464,-1,464,1546,1547,-1,464,1547,1536,-1,1548,1549,543,-1,1550,1551,543,-1,1550,543,1552,-1,1553,1554,541,-1,541,1554,1555,-1,1551,1556,543,-1,543,1556,1557,-1,543,1557,1548,-1,1555,1558,541,-1,541,1558,1559,-1,541,1559,1560,-1,1560,1561,541,-1,541,1561,525,-1,541,525,543,-1,543,525,524,-1,543,524,1552,-1,1562,1563,542,-1,1564,1565,542,-1,1564,542,1566,-1,1549,1567,543,-1,543,1567,1568,-1,1565,1569,542,-1,542,1569,1570,-1,542,1570,1562,-1,1568,1571,543,-1,543,1571,1572,-1,543,1572,1573,-1,1573,1574,543,-1,543,1574,533,-1,543,533,542,-1,542,533,532,-1,542,532,1566,-1,1575,1553,541,-1,1576,1577,540,-1,540,1577,1578,-1,1579,1580,541,-1,1578,1581,540,-1,540,1581,1582,-1,540,1582,1583,-1,1579,541,1584,-1,1583,1585,540,-1,540,1585,538,-1,540,538,541,-1,541,538,539,-1,541,539,1584,-1,1580,1586,541,-1,541,1586,1587,-1,541,1587,1575,-1,1588,1576,540,-1,1589,1590,540,-1,1589,540,1591,-1,1563,1592,542,-1,542,1592,1593,-1,1590,1594,540,-1,540,1594,1595,-1,540,1595,1588,-1,1593,1596,542,-1,542,1596,1597,-1,542,1597,1598,-1,1598,1599,542,-1,542,1599,529,-1,542,529,540,-1,540,529,528,-1,540,528,1591,-1,1600,1601,507,-1,1602,1603,507,-1,1602,507,1604,-1,1605,1606,505,-1,505,1606,1607,-1,1603,1608,507,-1,507,1608,1609,-1,507,1609,1600,-1,1607,1610,505,-1,505,1610,1611,-1,505,1611,1612,-1,1612,1613,505,-1,505,1613,518,-1,505,518,507,-1,507,518,519,-1,507,519,1604,-1,1614,1615,506,-1,1616,1617,506,-1,1616,506,1618,-1,1601,1619,507,-1,507,1619,1620,-1,1617,1621,506,-1,506,1621,1622,-1,506,1622,1614,-1,1620,1623,507,-1,507,1623,1624,-1,507,1624,1625,-1,1625,1626,507,-1,507,1626,514,-1,507,514,506,-1,506,514,515,-1,506,515,1618,-1,1627,1605,505,-1,1628,1629,505,-1,1628,505,1630,-1,1631,1632,504,-1,504,1632,1633,-1,1629,1634,505,-1,505,1634,1635,-1,505,1635,1627,-1,1633,1636,504,-1,504,1636,1637,-1,504,1637,1638,-1,1638,1639,504,-1,504,1639,510,-1,504,510,505,-1,505,510,511,-1,505,511,1630,-1,1640,1631,504,-1,1615,1641,506,-1,506,1641,1642,-1,1643,1644,504,-1,1642,1645,506,-1,506,1645,1646,-1,506,1646,1647,-1,1643,504,1648,-1,1647,1649,506,-1,506,1649,521,-1,506,521,504,-1,504,521,520,-1,504,520,1648,-1,1644,1650,504,-1,504,1650,1651,-1,504,1651,1640,-1,1652,1653,583,-1,1654,1655,583,-1,1654,583,1656,-1,1657,1658,581,-1,581,1658,1659,-1,1655,1660,583,-1,583,1660,1661,-1,583,1661,1652,-1,1659,1662,581,-1,581,1662,1663,-1,581,1663,1664,-1,1664,1665,581,-1,581,1665,565,-1,581,565,583,-1,583,565,564,-1,583,564,1656,-1,1666,1667,582,-1,1668,1669,582,-1,1668,582,1670,-1,1653,1671,583,-1,583,1671,1672,-1,1669,1673,582,-1,582,1673,1674,-1,582,1674,1666,-1,1672,1675,583,-1,583,1675,1676,-1,583,1676,1677,-1,1677,1678,583,-1,583,1678,573,-1,583,573,582,-1,582,573,572,-1,582,572,1670,-1,1679,1657,581,-1,1680,1681,580,-1,580,1681,1682,-1,1683,1684,581,-1,1682,1685,580,-1,580,1685,1686,-1,580,1686,1687,-1,1683,581,1688,-1,1687,1689,580,-1,580,1689,578,-1,580,578,581,-1,581,578,579,-1,581,579,1688,-1,1684,1690,581,-1,581,1690,1691,-1,581,1691,1679,-1,1692,1680,580,-1,1693,1694,580,-1,1693,580,1695,-1,1667,1696,582,-1,582,1696,1697,-1,1694,1698,580,-1,580,1698,1699,-1,580,1699,1692,-1,1697,1700,582,-1,582,1700,1701,-1,582,1701,1702,-1,1702,1703,582,-1,582,1703,569,-1,582,569,580,-1,580,569,568,-1,580,568,1695,-1,1704,1705,547,-1,1706,1707,547,-1,1706,547,1708,-1,1709,1710,545,-1,545,1710,1711,-1,1707,1712,547,-1,547,1712,1713,-1,547,1713,1704,-1,1711,1714,545,-1,545,1714,1715,-1,545,1715,1716,-1,1716,1717,545,-1,545,1717,558,-1,545,558,547,-1,547,558,559,-1,547,559,1708,-1,1718,1719,546,-1,1720,1721,546,-1,1720,546,1722,-1,1705,1723,547,-1,547,1723,1724,-1,1721,1725,546,-1,546,1725,1726,-1,546,1726,1718,-1,1724,1727,547,-1,547,1727,1728,-1,547,1728,1729,-1,1729,1730,547,-1,547,1730,554,-1,547,554,546,-1,546,554,555,-1,546,555,1722,-1,1731,1709,545,-1,1732,1733,545,-1,1732,545,1734,-1,1735,1736,544,-1,544,1736,1737,-1,1733,1738,545,-1,545,1738,1739,-1,545,1739,1731,-1,1737,1740,544,-1,544,1740,1741,-1,544,1741,1742,-1,1742,1743,544,-1,544,1743,550,-1,544,550,545,-1,545,550,551,-1,545,551,1734,-1,1744,1735,544,-1,1745,1746,544,-1,1745,544,1747,-1,1719,1748,546,-1,546,1748,1749,-1,1746,1750,544,-1,544,1750,1751,-1,544,1751,1744,-1,1749,1752,546,-1,546,1752,1753,-1,546,1753,1754,-1,1754,1755,546,-1,546,1755,561,-1,546,561,544,-1,544,561,560,-1,544,560,1747,-1,1756,1757,623,-1,1758,1759,623,-1,1758,623,1760,-1,1761,1762,621,-1,621,1762,1763,-1,1759,1764,623,-1,623,1764,1765,-1,623,1765,1756,-1,1763,1766,621,-1,621,1766,1767,-1,621,1767,1768,-1,1768,1769,621,-1,621,1769,605,-1,621,605,623,-1,623,605,604,-1,623,604,1760,-1,1770,1771,622,-1,1772,1773,622,-1,1772,622,1774,-1,1757,1775,623,-1,623,1775,1776,-1,1773,1777,622,-1,622,1777,1778,-1,622,1778,1770,-1,1776,1779,623,-1,623,1779,1780,-1,623,1780,1781,-1,1781,1782,623,-1,623,1782,613,-1,623,613,622,-1,622,613,612,-1,622,612,1774,-1,1783,1761,621,-1,1784,1785,620,-1,620,1785,1786,-1,1787,1788,621,-1,1786,1789,620,-1,620,1789,1790,-1,620,1790,1791,-1,1787,621,1792,-1,1791,1793,620,-1,620,1793,618,-1,620,618,621,-1,621,618,619,-1,621,619,1792,-1,1788,1794,621,-1,621,1794,1795,-1,621,1795,1783,-1,1796,1784,620,-1,1797,1798,620,-1,1797,620,1799,-1,1771,1800,622,-1,622,1800,1801,-1,1798,1802,620,-1,620,1802,1803,-1,620,1803,1796,-1,1801,1804,622,-1,622,1804,1805,-1,622,1805,1806,-1,1806,1807,622,-1,622,1807,609,-1,622,609,620,-1,620,609,608,-1,620,608,1799,-1,1808,1809,587,-1,1810,1811,587,-1,1810,587,1812,-1,1813,1814,585,-1,585,1814,1815,-1,1811,1816,587,-1,587,1816,1817,-1,587,1817,1808,-1,1815,1818,585,-1,585,1818,1819,-1,585,1819,1820,-1,1820,1821,585,-1,585,1821,598,-1,585,598,587,-1,587,598,599,-1,587,599,1812,-1,1822,1823,586,-1,1824,1825,586,-1,1824,586,1826,-1,1809,1827,587,-1,587,1827,1828,-1,1825,1829,586,-1,586,1829,1830,-1,586,1830,1822,-1,1828,1831,587,-1,587,1831,1832,-1,587,1832,1833,-1,1833,1834,587,-1,587,1834,594,-1,587,594,586,-1,586,594,595,-1,586,595,1826,-1,1835,1813,585,-1,1836,1837,585,-1,1836,585,1838,-1,1839,1840,584,-1,584,1840,1841,-1,1837,1842,585,-1,585,1842,1843,-1,585,1843,1835,-1,1841,1844,584,-1,584,1844,1845,-1,584,1845,1846,-1,1846,1847,584,-1,584,1847,590,-1,584,590,585,-1,585,590,591,-1,585,591,1838,-1,1848,1839,584,-1,1849,1850,584,-1,1849,584,1851,-1,1823,1852,586,-1,586,1852,1853,-1,1850,1854,584,-1,584,1854,1855,-1,584,1855,1848,-1,1853,1856,586,-1,586,1856,1857,-1,586,1857,1858,-1,1858,1859,586,-1,586,1859,601,-1,586,601,584,-1,584,601,600,-1,584,600,1851,-1,1860,1861,663,-1,1862,1863,663,-1,1862,663,1864,-1,1865,1866,661,-1,661,1866,1867,-1,1863,1868,663,-1,663,1868,1869,-1,663,1869,1860,-1,1867,1870,661,-1,661,1870,1871,-1,661,1871,1872,-1,1872,1873,661,-1,661,1873,645,-1,661,645,663,-1,663,645,644,-1,663,644,1864,-1,1874,1875,662,-1,1876,1877,662,-1,1876,662,1878,-1,1861,1879,663,-1,663,1879,1880,-1,1877,1881,662,-1,662,1881,1882,-1,662,1882,1874,-1,1880,1883,663,-1,663,1883,1884,-1,663,1884,1885,-1,1885,1886,663,-1,663,1886,653,-1,663,653,662,-1,662,653,652,-1,662,652,1878,-1,1887,1865,661,-1,1888,1889,660,-1,660,1889,1890,-1,1891,1892,661,-1,1890,1893,660,-1,660,1893,1894,-1,660,1894,1895,-1,1891,661,1896,-1,1895,1897,660,-1,660,1897,658,-1,660,658,661,-1,661,658,659,-1,661,659,1896,-1,1892,1898,661,-1,661,1898,1899,-1,661,1899,1887,-1,1900,1888,660,-1,1901,1902,660,-1,1901,660,1903,-1,1875,1904,662,-1,662,1904,1905,-1,1902,1906,660,-1,660,1906,1907,-1,660,1907,1900,-1,1905,1908,662,-1,662,1908,1909,-1,662,1909,1910,-1,1910,1911,662,-1,662,1911,649,-1,662,649,660,-1,660,649,648,-1,660,648,1903,-1,1912,1913,627,-1,1914,1915,627,-1,1914,627,1916,-1,1917,1918,625,-1,625,1918,1919,-1,1915,1920,627,-1,627,1920,1921,-1,627,1921,1912,-1,1919,1922,625,-1,625,1922,1923,-1,625,1923,1924,-1,1924,1925,625,-1,625,1925,638,-1,625,638,627,-1,627,638,639,-1,627,639,1916,-1,1926,1927,626,-1,1928,1929,626,-1,1928,626,1930,-1,1913,1931,627,-1,627,1931,1932,-1,1929,1933,626,-1,626,1933,1934,-1,626,1934,1926,-1,1932,1935,627,-1,627,1935,1936,-1,627,1936,1937,-1,1937,1938,627,-1,627,1938,634,-1,627,634,626,-1,626,634,635,-1,626,635,1930,-1,1939,1917,625,-1,1940,1941,625,-1,1940,625,1942,-1,1943,1944,624,-1,624,1944,1945,-1,1941,1946,625,-1,625,1946,1947,-1,625,1947,1939,-1,1945,1948,624,-1,624,1948,1949,-1,624,1949,1950,-1,1950,1951,624,-1,624,1951,630,-1,624,630,625,-1,625,630,631,-1,625,631,1942,-1,1952,1943,624,-1,1953,1954,624,-1,1953,624,1955,-1,1927,1956,626,-1,626,1956,1957,-1,1954,1958,624,-1,624,1958,1959,-1,624,1959,1952,-1,1957,1960,626,-1,626,1960,1961,-1,626,1961,1962,-1,1962,1963,626,-1,626,1963,641,-1,626,641,624,-1,624,641,640,-1,624,640,1955,-1,1964,1965,703,-1,1966,1967,703,-1,1966,703,1968,-1,1969,1970,701,-1,701,1970,1971,-1,1967,1972,703,-1,703,1972,1973,-1,703,1973,1964,-1,1971,1974,701,-1,701,1974,1975,-1,701,1975,1976,-1,1976,1977,701,-1,701,1977,685,-1,701,685,703,-1,703,685,684,-1,703,684,1968,-1,1978,1979,702,-1,1980,1981,702,-1,1980,702,1982,-1,1965,1983,703,-1,703,1983,1984,-1,1981,1985,702,-1,702,1985,1986,-1,702,1986,1978,-1,1984,1987,703,-1,703,1987,1988,-1,703,1988,1989,-1,1989,1990,703,-1,703,1990,693,-1,703,693,702,-1,702,693,692,-1,702,692,1982,-1,1991,1969,701,-1,1992,1993,700,-1,700,1993,1994,-1,1995,1996,701,-1,1994,1997,700,-1,700,1997,1998,-1,700,1998,1999,-1,1995,701,2000,-1,1999,2001,700,-1,700,2001,698,-1,700,698,701,-1,701,698,699,-1,701,699,2000,-1,1996,2002,701,-1,701,2002,2003,-1,701,2003,1991,-1,2004,1992,700,-1,2005,2006,700,-1,2005,700,2007,-1,1979,2008,702,-1,702,2008,2009,-1,2006,2010,700,-1,700,2010,2011,-1,700,2011,2004,-1,2009,2012,702,-1,702,2012,2013,-1,702,2013,2014,-1,2014,2015,702,-1,702,2015,689,-1,702,689,700,-1,700,689,688,-1,700,688,2007,-1,2016,2017,667,-1,2018,2019,667,-1,2018,667,2020,-1,2021,2022,665,-1,665,2022,2023,-1,2019,2024,667,-1,667,2024,2025,-1,667,2025,2016,-1,2023,2026,665,-1,665,2026,2027,-1,665,2027,2028,-1,2028,2029,665,-1,665,2029,678,-1,665,678,667,-1,667,678,679,-1,667,679,2020,-1,2030,2031,666,-1,2032,2033,666,-1,2032,666,2034,-1,2017,2035,667,-1,667,2035,2036,-1,2033,2037,666,-1,666,2037,2038,-1,666,2038,2030,-1,2036,2039,667,-1,667,2039,2040,-1,667,2040,2041,-1,2041,2042,667,-1,667,2042,674,-1,667,674,666,-1,666,674,675,-1,666,675,2034,-1,2043,2021,665,-1,2044,2045,665,-1,2044,665,2046,-1,2047,2048,664,-1,664,2048,2049,-1,2045,2050,665,-1,665,2050,2051,-1,665,2051,2043,-1,2049,2052,664,-1,664,2052,2053,-1,664,2053,2054,-1,2054,2055,664,-1,664,2055,670,-1,664,670,665,-1,665,670,671,-1,665,671,2046,-1,2056,2047,664,-1,2057,2058,664,-1,2057,664,2059,-1,2031,2060,666,-1,666,2060,2061,-1,2058,2062,664,-1,664,2062,2063,-1,664,2063,2056,-1,2061,2064,666,-1,666,2064,2065,-1,666,2065,2066,-1,2066,2067,666,-1,666,2067,681,-1,666,681,664,-1,664,681,680,-1,664,680,2059,-1,188,190,2068,-1,2068,190,795,-1,2068,795,794,-1,789,2069,792,-1,792,2069,2068,-1,792,2068,793,-1,793,2068,794,-1,799,200,202,-1,799,202,797,-1,796,803,2070,-1,2070,803,802,-1,2070,802,202,-1,202,802,798,-1,202,798,797,-1,789,788,2069,-1,2069,788,787,-1,2069,787,2071,-1,2071,787,796,-1,2071,796,2072,-1,2072,796,2070,-1,208,210,747,-1,747,210,2073,-1,747,2073,745,-1,745,2073,746,-1,744,751,2073,-1,2073,751,750,-1,2073,750,746,-1,2073,2074,744,-1,744,2074,2075,-1,744,2075,732,-1,732,2075,2076,-1,732,2076,733,-1,216,218,2077,-1,2077,218,741,-1,2077,741,739,-1,739,738,2077,-1,2077,738,737,-1,2077,737,2076,-1,2076,737,734,-1,2076,734,733,-1,196,198,2078,-1,2078,198,769,-1,2078,769,768,-1,763,2079,766,-1,766,2079,2078,-1,766,2078,767,-1,767,2078,768,-1,786,191,189,-1,786,189,784,-1,783,791,2080,-1,2080,791,790,-1,2080,790,189,-1,189,790,785,-1,189,785,784,-1,763,762,2079,-1,2079,762,761,-1,2079,761,2081,-1,2081,761,783,-1,2081,783,2082,-1,2082,783,2080,-1,212,214,722,-1,722,214,2083,-1,722,2083,720,-1,720,2083,721,-1,718,726,2083,-1,2083,726,725,-1,2083,725,721,-1,2083,2084,718,-1,718,2084,2085,-1,718,2085,719,-1,719,2085,2086,-1,719,2086,748,-1,211,209,2087,-1,2087,209,755,-1,2087,755,754,-1,754,753,2087,-1,2087,753,752,-1,2087,752,2086,-1,2086,752,749,-1,2086,749,748,-1,192,194,2088,-1,2088,194,782,-1,2088,782,781,-1,776,2089,779,-1,779,2089,2088,-1,779,2088,780,-1,780,2088,781,-1,760,199,197,-1,760,197,758,-1,756,765,2090,-1,2090,765,764,-1,2090,764,197,-1,197,764,759,-1,197,759,758,-1,776,775,2089,-1,2089,775,757,-1,2089,757,2091,-1,2091,757,756,-1,2091,756,2092,-1,2092,756,2090,-1,204,206,708,-1,708,206,2093,-1,708,2093,706,-1,706,2093,707,-1,704,713,2093,-1,2093,713,712,-1,2093,712,707,-1,2093,2094,704,-1,704,2094,2095,-1,704,2095,705,-1,705,2095,2096,-1,705,2096,723,-1,215,213,2097,-1,2097,213,730,-1,2097,730,729,-1,729,728,2097,-1,2097,728,727,-1,2097,727,2096,-1,2096,727,724,-1,2096,724,723,-1,203,201,2098,-1,2098,201,807,-1,2098,807,806,-1,801,2099,804,-1,804,2099,2098,-1,804,2098,805,-1,805,2098,806,-1,774,195,193,-1,774,193,772,-1,770,778,2100,-1,2100,778,777,-1,2100,777,193,-1,193,777,773,-1,193,773,772,-1,801,800,2099,-1,2099,800,771,-1,2099,771,2101,-1,2101,771,770,-1,2101,770,2102,-1,2102,770,2100,-1,219,217,740,-1,740,217,2103,-1,740,2103,735,-1,735,2103,736,-1,731,743,2103,-1,2103,743,742,-1,2103,742,736,-1,2103,2104,731,-1,731,2104,2105,-1,731,2105,709,-1,709,2105,2106,-1,709,2106,710,-1,207,205,2107,-1,2107,205,717,-1,2107,717,716,-1,716,715,2107,-1,2107,715,714,-1,2107,714,2106,-1,2106,714,711,-1,2106,711,710,-1,228,230,2108,-1,2108,230,899,-1,2108,899,898,-1,893,2109,896,-1,896,2109,2108,-1,896,2108,897,-1,897,2108,898,-1,903,240,242,-1,903,242,901,-1,900,907,2110,-1,2110,907,906,-1,2110,906,242,-1,242,906,902,-1,242,902,901,-1,893,892,2109,-1,2109,892,891,-1,2109,891,2111,-1,2111,891,900,-1,2111,900,2112,-1,2112,900,2110,-1,248,250,851,-1,851,250,2113,-1,851,2113,849,-1,849,2113,850,-1,848,855,2113,-1,2113,855,854,-1,2113,854,850,-1,2113,2114,848,-1,848,2114,2115,-1,848,2115,836,-1,836,2115,2116,-1,836,2116,837,-1,256,258,2117,-1,2117,258,845,-1,2117,845,843,-1,843,842,2117,-1,2117,842,841,-1,2117,841,2116,-1,2116,841,838,-1,2116,838,837,-1,236,238,2118,-1,2118,238,873,-1,2118,873,872,-1,867,2119,870,-1,870,2119,2118,-1,870,2118,871,-1,871,2118,872,-1,890,231,229,-1,890,229,888,-1,887,895,2120,-1,2120,895,894,-1,2120,894,229,-1,229,894,889,-1,229,889,888,-1,867,866,2119,-1,2119,866,865,-1,2119,865,2121,-1,2121,865,887,-1,2121,887,2122,-1,2122,887,2120,-1,252,254,826,-1,826,254,2123,-1,826,2123,824,-1,824,2123,825,-1,822,830,2123,-1,2123,830,829,-1,2123,829,825,-1,2123,2124,822,-1,822,2124,2125,-1,822,2125,823,-1,823,2125,2126,-1,823,2126,852,-1,251,249,2127,-1,2127,249,859,-1,2127,859,858,-1,858,857,2127,-1,2127,857,856,-1,2127,856,2126,-1,2126,856,853,-1,2126,853,852,-1,232,234,2128,-1,2128,234,886,-1,2128,886,885,-1,880,2129,883,-1,883,2129,2128,-1,883,2128,884,-1,884,2128,885,-1,864,239,237,-1,864,237,862,-1,860,869,2130,-1,2130,869,868,-1,2130,868,237,-1,237,868,863,-1,237,863,862,-1,880,879,2129,-1,2129,879,861,-1,2129,861,2131,-1,2131,861,860,-1,2131,860,2132,-1,2132,860,2130,-1,244,246,812,-1,812,246,2133,-1,812,2133,810,-1,810,2133,811,-1,808,817,2133,-1,2133,817,816,-1,2133,816,811,-1,2133,2134,808,-1,808,2134,2135,-1,808,2135,809,-1,809,2135,2136,-1,809,2136,827,-1,255,253,2137,-1,2137,253,834,-1,2137,834,833,-1,833,832,2137,-1,2137,832,831,-1,2137,831,2136,-1,2136,831,828,-1,2136,828,827,-1,243,241,2138,-1,2138,241,911,-1,2138,911,910,-1,905,2139,908,-1,908,2139,2138,-1,908,2138,909,-1,909,2138,910,-1,878,235,233,-1,878,233,876,-1,874,882,2140,-1,2140,882,881,-1,2140,881,233,-1,233,881,877,-1,233,877,876,-1,905,904,2139,-1,2139,904,875,-1,2139,875,2141,-1,2141,875,874,-1,2141,874,2142,-1,2142,874,2140,-1,259,257,844,-1,844,257,2143,-1,844,2143,839,-1,839,2143,840,-1,835,847,2143,-1,2143,847,846,-1,2143,846,840,-1,2143,2144,835,-1,835,2144,2145,-1,835,2145,813,-1,813,2145,2146,-1,813,2146,814,-1,247,245,2147,-1,2147,245,821,-1,2147,821,820,-1,820,819,2147,-1,2147,819,818,-1,2147,818,2146,-1,2146,818,815,-1,2146,815,814,-1,268,270,2148,-1,2148,270,1007,-1,2148,1007,1006,-1,1001,2149,1004,-1,1004,2149,2148,-1,1004,2148,1005,-1,1005,2148,1006,-1,1011,280,282,-1,1011,282,1009,-1,1008,1015,2150,-1,2150,1015,1014,-1,2150,1014,282,-1,282,1014,1010,-1,282,1010,1009,-1,1001,1000,2149,-1,2149,1000,999,-1,2149,999,2151,-1,2151,999,1008,-1,2151,1008,2152,-1,2152,1008,2150,-1,288,290,959,-1,959,290,2153,-1,959,2153,957,-1,957,2153,958,-1,956,963,2153,-1,2153,963,962,-1,2153,962,958,-1,2153,2154,956,-1,956,2154,2155,-1,956,2155,943,-1,943,2155,2156,-1,943,2156,951,-1,296,298,2157,-1,2157,298,955,-1,2157,955,950,-1,950,952,2157,-1,2157,952,954,-1,2157,954,2156,-1,2156,954,953,-1,2156,953,951,-1,276,278,2158,-1,2158,278,981,-1,2158,981,980,-1,975,2159,978,-1,978,2159,2158,-1,978,2158,979,-1,979,2158,980,-1,998,271,269,-1,998,269,996,-1,995,1003,2160,-1,2160,1003,1002,-1,2160,1002,269,-1,269,1002,997,-1,269,997,996,-1,975,974,2159,-1,2159,974,973,-1,2159,973,2161,-1,2161,973,995,-1,2161,995,2162,-1,2162,995,2160,-1,292,294,941,-1,941,294,2163,-1,941,2163,939,-1,939,2163,937,-1,938,936,2163,-1,2163,936,935,-1,2163,935,937,-1,2163,2164,938,-1,938,2164,2165,-1,938,2165,929,-1,929,2165,2166,-1,929,2166,960,-1,291,289,2167,-1,2167,289,967,-1,2167,967,966,-1,966,965,2167,-1,2167,965,964,-1,2167,964,2166,-1,2166,964,961,-1,2166,961,960,-1,272,274,2168,-1,2168,274,994,-1,2168,994,993,-1,988,2169,991,-1,991,2169,2168,-1,991,2168,992,-1,992,2168,993,-1,972,279,277,-1,972,277,970,-1,968,977,2170,-1,2170,977,976,-1,2170,976,277,-1,277,976,971,-1,277,971,970,-1,988,987,2169,-1,2169,987,969,-1,2169,969,2171,-1,2171,969,968,-1,2171,968,2172,-1,2172,968,2170,-1,918,284,286,-1,918,286,916,-1,923,922,2173,-1,2173,922,921,-1,2173,921,286,-1,286,921,917,-1,286,917,916,-1,2173,2174,923,-1,923,2174,2175,-1,923,2175,912,-1,912,2175,928,-1,912,928,913,-1,2175,2176,928,-1,928,2176,2177,-1,928,2177,930,-1,295,293,2178,-1,2178,293,940,-1,2178,940,934,-1,934,933,2178,-1,2178,933,932,-1,2178,932,2177,-1,2177,932,931,-1,2177,931,930,-1,283,281,2179,-1,2179,281,1019,-1,2179,1019,1018,-1,1013,2180,1016,-1,1016,2180,2179,-1,1016,2179,1017,-1,1017,2179,1018,-1,986,275,273,-1,986,273,984,-1,982,990,2181,-1,2181,990,989,-1,2181,989,273,-1,273,989,985,-1,273,985,984,-1,1013,1012,2180,-1,2180,1012,983,-1,2180,983,2182,-1,2182,983,982,-1,2182,982,2183,-1,2183,982,2181,-1,944,299,297,-1,944,297,945,-1,949,948,2184,-1,2184,948,947,-1,2184,947,297,-1,297,947,946,-1,297,946,945,-1,2184,2185,949,-1,949,2185,2186,-1,949,2186,942,-1,942,2186,914,-1,942,914,915,-1,2186,2187,914,-1,914,2187,2188,-1,914,2188,919,-1,287,285,2189,-1,2189,285,927,-1,2189,927,926,-1,926,925,2189,-1,2189,925,924,-1,2189,924,2188,-1,2188,924,920,-1,2188,920,919,-1,308,310,2190,-1,2190,310,1115,-1,2190,1115,1114,-1,1109,2191,1112,-1,1112,2191,2190,-1,1112,2190,1113,-1,1113,2190,1114,-1,1124,320,322,-1,1124,322,1119,-1,1116,1127,2192,-1,2192,1127,1126,-1,2192,1126,322,-1,322,1126,1120,-1,322,1120,1119,-1,1109,1108,2191,-1,2191,1108,1107,-1,2191,1107,2193,-1,2193,1107,1116,-1,2193,1116,2194,-1,2194,1116,2192,-1,328,330,1067,-1,1067,330,2195,-1,1067,2195,1065,-1,1065,2195,1066,-1,1064,1071,2195,-1,2195,1071,1070,-1,2195,1070,1066,-1,2195,2196,1064,-1,1064,2196,2197,-1,1064,2197,1051,-1,1051,2197,2198,-1,1051,2198,1059,-1,336,338,2199,-1,2199,338,1063,-1,2199,1063,1058,-1,1058,1060,2199,-1,2199,1060,1062,-1,2199,1062,2198,-1,2198,1062,1061,-1,2198,1061,1059,-1,316,318,2200,-1,2200,318,1089,-1,2200,1089,1088,-1,1083,2201,1086,-1,1086,2201,2200,-1,1086,2200,1087,-1,1087,2200,1088,-1,1106,311,309,-1,1106,309,1104,-1,1103,1111,2202,-1,2202,1111,1110,-1,2202,1110,309,-1,309,1110,1105,-1,309,1105,1104,-1,1083,1082,2201,-1,2201,1082,1081,-1,2201,1081,2203,-1,2203,1081,1103,-1,2203,1103,2204,-1,2204,1103,2202,-1,332,334,1049,-1,1049,334,2205,-1,1049,2205,1047,-1,1047,2205,1045,-1,1046,1044,2205,-1,2205,1044,1043,-1,2205,1043,1045,-1,2205,2206,1046,-1,1046,2206,2207,-1,1046,2207,1037,-1,1037,2207,2208,-1,1037,2208,1068,-1,331,329,2209,-1,2209,329,1075,-1,2209,1075,1074,-1,1074,1073,2209,-1,2209,1073,1072,-1,2209,1072,2208,-1,2208,1072,1069,-1,2208,1069,1068,-1,312,314,2210,-1,2210,314,1102,-1,2210,1102,1101,-1,1096,2211,1099,-1,1099,2211,2210,-1,1099,2210,1100,-1,1100,2210,1101,-1,1080,319,317,-1,1080,317,1078,-1,1076,1085,2212,-1,2212,1085,1084,-1,2212,1084,317,-1,317,1084,1079,-1,317,1079,1078,-1,1096,1095,2211,-1,2211,1095,1077,-1,2211,1077,2213,-1,2213,1077,1076,-1,2213,1076,2214,-1,2214,1076,2212,-1,1026,324,326,-1,1026,326,1024,-1,1031,1030,2215,-1,2215,1030,1029,-1,2215,1029,326,-1,326,1029,1025,-1,326,1025,1024,-1,1036,1021,1020,-1,2215,2216,1031,-1,1031,2216,2217,-1,1031,2217,1020,-1,1020,2217,2218,-1,1020,2218,1036,-1,1036,2218,2219,-1,1036,2219,1038,-1,335,333,2220,-1,2220,333,1048,-1,2220,1048,1042,-1,1042,1041,2220,-1,2220,1041,1040,-1,2220,1040,2219,-1,2219,1040,1039,-1,2219,1039,1038,-1,323,321,2221,-1,2221,321,1125,-1,2221,1125,1123,-1,1118,2222,1121,-1,1121,2222,2221,-1,1121,2221,1122,-1,1122,2221,1123,-1,1094,315,313,-1,1094,313,1092,-1,1090,1098,2223,-1,2223,1098,1097,-1,2223,1097,313,-1,313,1097,1093,-1,313,1093,1092,-1,1118,1117,2222,-1,2222,1117,1091,-1,2222,1091,2224,-1,2224,1091,1090,-1,2224,1090,2225,-1,2225,1090,2223,-1,1052,339,337,-1,1052,337,1053,-1,1057,1056,2226,-1,2226,1056,1055,-1,2226,1055,337,-1,337,1055,1054,-1,337,1054,1053,-1,2226,2227,1057,-1,1057,2227,2228,-1,1057,2228,1050,-1,1050,2228,1022,-1,1050,1022,1023,-1,2228,2229,1022,-1,1022,2229,2230,-1,1022,2230,1027,-1,327,325,2231,-1,2231,325,1035,-1,2231,1035,1034,-1,1034,1033,2231,-1,2231,1033,1032,-1,2231,1032,2230,-1,2230,1032,1028,-1,2230,1028,1027,-1,348,350,2232,-1,2232,350,1223,-1,2232,1223,1222,-1,1217,2233,1220,-1,1220,2233,2232,-1,1220,2232,1221,-1,1221,2232,1222,-1,1227,360,362,-1,1227,362,1225,-1,1224,1231,2234,-1,2234,1231,1230,-1,2234,1230,362,-1,362,1230,1226,-1,362,1226,1225,-1,1217,1216,2233,-1,2233,1216,1215,-1,2233,1215,2235,-1,2235,1215,1224,-1,2235,1224,2236,-1,2236,1224,2234,-1,368,370,1175,-1,1175,370,2237,-1,1175,2237,1173,-1,1173,2237,1174,-1,1172,1179,2237,-1,2237,1179,1178,-1,2237,1178,1174,-1,2237,2238,1172,-1,1172,2238,2239,-1,1172,2239,1159,-1,1159,2239,2240,-1,1159,2240,1167,-1,376,378,2241,-1,2241,378,1171,-1,2241,1171,1166,-1,1166,1168,2241,-1,2241,1168,1170,-1,2241,1170,2240,-1,2240,1170,1169,-1,2240,1169,1167,-1,356,358,2242,-1,2242,358,1197,-1,2242,1197,1196,-1,1191,2243,1194,-1,1194,2243,2242,-1,1194,2242,1195,-1,1195,2242,1196,-1,1214,351,349,-1,1214,349,1212,-1,1211,1219,2244,-1,2244,1219,1218,-1,2244,1218,349,-1,349,1218,1213,-1,349,1213,1212,-1,1191,1190,2243,-1,2243,1190,1189,-1,2243,1189,2245,-1,2245,1189,1211,-1,2245,1211,2246,-1,2246,1211,2244,-1,372,374,1157,-1,1157,374,2247,-1,1157,2247,1155,-1,1155,2247,1153,-1,1154,1152,2247,-1,2247,1152,1151,-1,2247,1151,1153,-1,2247,2248,1154,-1,1154,2248,2249,-1,1154,2249,1145,-1,1145,2249,2250,-1,1145,2250,1176,-1,371,369,2251,-1,2251,369,1183,-1,2251,1183,1182,-1,1182,1181,2251,-1,2251,1181,1180,-1,2251,1180,2250,-1,2250,1180,1177,-1,2250,1177,1176,-1,352,354,2252,-1,2252,354,1210,-1,2252,1210,1209,-1,1204,2253,1207,-1,1207,2253,2252,-1,1207,2252,1208,-1,1208,2252,1209,-1,1188,359,357,-1,1188,357,1186,-1,1184,1193,2254,-1,2254,1193,1192,-1,2254,1192,357,-1,357,1192,1187,-1,357,1187,1186,-1,1204,1203,2253,-1,2253,1203,1185,-1,2253,1185,2255,-1,2255,1185,1184,-1,2255,1184,2256,-1,2256,1184,2254,-1,1134,364,366,-1,1134,366,1132,-1,1139,1138,2257,-1,2257,1138,1137,-1,2257,1137,366,-1,366,1137,1133,-1,366,1133,1132,-1,1144,1129,1128,-1,2257,2258,1139,-1,1139,2258,2259,-1,1139,2259,1128,-1,1128,2259,2260,-1,1128,2260,1144,-1,1144,2260,2261,-1,1144,2261,1146,-1,375,373,2262,-1,2262,373,1156,-1,2262,1156,1150,-1,1150,1149,2262,-1,2262,1149,1148,-1,2262,1148,2261,-1,2261,1148,1147,-1,2261,1147,1146,-1,363,361,2263,-1,2263,361,1235,-1,2263,1235,1234,-1,1229,2264,1232,-1,1232,2264,2263,-1,1232,2263,1233,-1,1233,2263,1234,-1,1202,355,353,-1,1202,353,1200,-1,1198,1206,2265,-1,2265,1206,1205,-1,2265,1205,353,-1,353,1205,1201,-1,353,1201,1200,-1,1229,1228,2264,-1,2264,1228,1199,-1,2264,1199,2266,-1,2266,1199,1198,-1,2266,1198,2267,-1,2267,1198,2265,-1,1160,379,377,-1,1160,377,1161,-1,1165,1164,2268,-1,2268,1164,1163,-1,2268,1163,377,-1,377,1163,1162,-1,377,1162,1161,-1,2268,2269,1165,-1,1165,2269,2270,-1,1165,2270,1158,-1,1158,2270,1130,-1,1158,1130,1131,-1,2270,2271,1130,-1,1130,2271,2272,-1,1130,2272,1135,-1,367,365,2273,-1,2273,365,1143,-1,2273,1143,1142,-1,1142,1141,2273,-1,2273,1141,1140,-1,2273,1140,2272,-1,2272,1140,1136,-1,2272,1136,1135,-1,388,390,2274,-1,2274,390,1327,-1,2274,1327,1326,-1,1321,2275,1324,-1,1324,2275,2274,-1,1324,2274,1325,-1,1325,2274,1326,-1,1336,400,402,-1,1336,402,1331,-1,1328,1339,2276,-1,2276,1339,1338,-1,2276,1338,402,-1,402,1338,1332,-1,402,1332,1331,-1,1321,1320,2275,-1,2275,1320,1319,-1,2275,1319,2277,-1,2277,1319,1328,-1,2277,1328,2278,-1,2278,1328,2276,-1,408,410,1279,-1,1279,410,2279,-1,1279,2279,1277,-1,1277,2279,1278,-1,1276,1283,2279,-1,2279,1283,1282,-1,2279,1282,1278,-1,2279,2280,1276,-1,1276,2280,2281,-1,1276,2281,1264,-1,1264,2281,2282,-1,1264,2282,1265,-1,416,418,2283,-1,2283,418,1273,-1,2283,1273,1271,-1,1271,1270,2283,-1,2283,1270,1269,-1,2283,1269,2282,-1,2282,1269,1266,-1,2282,1266,1265,-1,396,398,2284,-1,2284,398,1299,-1,2284,1299,1297,-1,1292,2285,1295,-1,1295,2285,2284,-1,1295,2284,1296,-1,1296,2284,1297,-1,1318,391,389,-1,1318,389,1316,-1,1315,1323,2286,-1,2286,1323,1322,-1,2286,1322,389,-1,389,1322,1317,-1,389,1317,1316,-1,1292,1291,2285,-1,2285,1291,1290,-1,2285,1290,2287,-1,2287,1290,1315,-1,2287,1315,2288,-1,2288,1315,2286,-1,412,414,1259,-1,1259,414,2289,-1,1259,2289,1254,-1,1254,2289,1255,-1,1250,1262,2289,-1,2289,1262,1261,-1,2289,1261,1255,-1,2289,2290,1250,-1,1250,2290,2291,-1,1250,2291,1251,-1,1251,2291,2292,-1,1251,2292,1280,-1,411,409,2293,-1,2293,409,1287,-1,2293,1287,1286,-1,1286,1285,2293,-1,2293,1285,1284,-1,2293,1284,2292,-1,2292,1284,1281,-1,2292,1281,1280,-1,392,394,2294,-1,2294,394,1314,-1,2294,1314,1313,-1,1308,2295,1311,-1,1311,2295,2294,-1,1311,2294,1312,-1,1312,2294,1313,-1,1298,399,397,-1,1298,397,1293,-1,1288,1301,2296,-1,2296,1301,1300,-1,2296,1300,397,-1,397,1300,1294,-1,397,1294,1293,-1,1308,1307,2295,-1,2295,1307,1289,-1,2295,1289,2297,-1,2297,1289,1288,-1,2297,1288,2298,-1,2298,1288,2296,-1,404,406,1240,-1,1240,406,2299,-1,1240,2299,1238,-1,1238,2299,1239,-1,1236,1245,2299,-1,2299,1245,1244,-1,2299,1244,1239,-1,2299,2300,1236,-1,1236,2300,2301,-1,1236,2301,1237,-1,1237,2301,2302,-1,1237,2302,1252,-1,415,413,2303,-1,2303,413,1260,-1,2303,1260,1258,-1,1258,1257,2303,-1,2303,1257,1256,-1,2303,1256,2302,-1,2302,1256,1253,-1,2302,1253,1252,-1,403,401,2304,-1,2304,401,1337,-1,2304,1337,1335,-1,1330,2305,1333,-1,1333,2305,2304,-1,1333,2304,1334,-1,1334,2304,1335,-1,1306,395,393,-1,1306,393,1304,-1,1302,1310,2306,-1,2306,1310,1309,-1,2306,1309,393,-1,393,1309,1305,-1,393,1305,1304,-1,1330,1329,2305,-1,2305,1329,1303,-1,2305,1303,2307,-1,2307,1303,1302,-1,2307,1302,2308,-1,2308,1302,2306,-1,419,417,1272,-1,1272,417,2309,-1,1272,2309,1267,-1,1267,2309,1268,-1,1263,1275,2309,-1,2309,1275,1274,-1,2309,1274,1268,-1,2309,2310,1263,-1,1263,2310,2311,-1,1263,2311,1241,-1,1241,2311,2312,-1,1241,2312,1242,-1,407,405,2313,-1,2313,405,1249,-1,2313,1249,1248,-1,1248,1247,2313,-1,2313,1247,1246,-1,2313,1246,2312,-1,2312,1246,1243,-1,2312,1243,1242,-1,428,430,2314,-1,2314,430,1431,-1,2314,1431,1430,-1,1425,2315,1428,-1,1428,2315,2314,-1,1428,2314,1429,-1,1429,2314,1430,-1,1440,440,442,-1,1440,442,1435,-1,1432,1443,2316,-1,2316,1443,1442,-1,2316,1442,442,-1,442,1442,1436,-1,442,1436,1435,-1,1425,1424,2315,-1,2315,1424,1423,-1,2315,1423,2317,-1,2317,1423,1432,-1,2317,1432,2318,-1,2318,1432,2316,-1,448,450,1383,-1,1383,450,2319,-1,1383,2319,1381,-1,1381,2319,1382,-1,1380,1387,2319,-1,2319,1387,1386,-1,2319,1386,1382,-1,2319,2320,1380,-1,1380,2320,2321,-1,1380,2321,1368,-1,1368,2321,2322,-1,1368,2322,1369,-1,456,458,2323,-1,2323,458,1377,-1,2323,1377,1375,-1,1375,1374,2323,-1,2323,1374,1373,-1,2323,1373,2322,-1,2322,1373,1370,-1,2322,1370,1369,-1,436,438,2324,-1,2324,438,1403,-1,2324,1403,1401,-1,1396,2325,1399,-1,1399,2325,2324,-1,1399,2324,1400,-1,1400,2324,1401,-1,1422,431,429,-1,1422,429,1420,-1,1419,1427,2326,-1,2326,1427,1426,-1,2326,1426,429,-1,429,1426,1421,-1,429,1421,1420,-1,1396,1395,2325,-1,2325,1395,1394,-1,2325,1394,2327,-1,2327,1394,1419,-1,2327,1419,2328,-1,2328,1419,2326,-1,452,454,1363,-1,1363,454,2329,-1,1363,2329,1358,-1,1358,2329,1359,-1,1354,1366,2329,-1,2329,1366,1365,-1,2329,1365,1359,-1,2329,2330,1354,-1,1354,2330,2331,-1,1354,2331,1355,-1,1355,2331,2332,-1,1355,2332,1384,-1,451,449,2333,-1,2333,449,1391,-1,2333,1391,1390,-1,1390,1389,2333,-1,2333,1389,1388,-1,2333,1388,2332,-1,2332,1388,1385,-1,2332,1385,1384,-1,432,434,2334,-1,2334,434,1418,-1,2334,1418,1417,-1,1412,2335,1415,-1,1415,2335,2334,-1,1415,2334,1416,-1,1416,2334,1417,-1,1402,439,437,-1,1402,437,1397,-1,1392,1405,2336,-1,2336,1405,1404,-1,2336,1404,437,-1,437,1404,1398,-1,437,1398,1397,-1,1412,1411,2335,-1,2335,1411,1393,-1,2335,1393,2337,-1,2337,1393,1392,-1,2337,1392,2338,-1,2338,1392,2336,-1,444,446,1344,-1,1344,446,2339,-1,1344,2339,1342,-1,1342,2339,1343,-1,1340,1349,2339,-1,2339,1349,1348,-1,2339,1348,1343,-1,2339,2340,1340,-1,1340,2340,2341,-1,1340,2341,1341,-1,1341,2341,2342,-1,1341,2342,1356,-1,455,453,2343,-1,2343,453,1364,-1,2343,1364,1362,-1,1362,1361,2343,-1,2343,1361,1360,-1,2343,1360,2342,-1,2342,1360,1357,-1,2342,1357,1356,-1,443,441,2344,-1,2344,441,1441,-1,2344,1441,1439,-1,1434,2345,1437,-1,1437,2345,2344,-1,1437,2344,1438,-1,1438,2344,1439,-1,1410,435,433,-1,1410,433,1408,-1,1406,1414,2346,-1,2346,1414,1413,-1,2346,1413,433,-1,433,1413,1409,-1,433,1409,1408,-1,1434,1433,2345,-1,2345,1433,1407,-1,2345,1407,2347,-1,2347,1407,1406,-1,2347,1406,2348,-1,2348,1406,2346,-1,459,457,1376,-1,1376,457,2349,-1,1376,2349,1371,-1,1371,2349,1372,-1,1367,1379,2349,-1,2349,1379,1378,-1,2349,1378,1372,-1,2349,2350,1367,-1,1367,2350,2351,-1,1367,2351,1345,-1,1345,2351,2352,-1,1345,2352,1346,-1,447,445,2353,-1,2353,445,1353,-1,2353,1353,1352,-1,1352,1351,2353,-1,2353,1351,1350,-1,2353,1350,2352,-1,2352,1350,1347,-1,2352,1347,1346,-1,468,470,2354,-1,2354,470,1535,-1,2354,1535,1534,-1,1529,2355,1532,-1,1532,2355,2354,-1,1532,2354,1533,-1,1533,2354,1534,-1,1544,480,482,-1,1544,482,1539,-1,1536,1547,2356,-1,2356,1547,1546,-1,2356,1546,482,-1,482,1546,1540,-1,482,1540,1539,-1,1529,1528,2355,-1,2355,1528,1527,-1,2355,1527,2357,-1,2357,1527,1536,-1,2357,1536,2358,-1,2358,1536,2356,-1,488,490,1487,-1,1487,490,2359,-1,1487,2359,1485,-1,1485,2359,1486,-1,1484,1491,2359,-1,2359,1491,1490,-1,2359,1490,1486,-1,2359,2360,1484,-1,1484,2360,2361,-1,1484,2361,1472,-1,1472,2361,2362,-1,1472,2362,1473,-1,496,498,2363,-1,2363,498,1481,-1,2363,1481,1479,-1,1479,1478,2363,-1,2363,1478,1477,-1,2363,1477,2362,-1,2362,1477,1474,-1,2362,1474,1473,-1,476,478,2364,-1,2364,478,1509,-1,2364,1509,1508,-1,1503,2365,1506,-1,1506,2365,2364,-1,1506,2364,1507,-1,1507,2364,1508,-1,1526,471,469,-1,1526,469,1524,-1,1523,1531,2366,-1,2366,1531,1530,-1,2366,1530,469,-1,469,1530,1525,-1,469,1525,1524,-1,1503,1502,2365,-1,2365,1502,1501,-1,2365,1501,2367,-1,2367,1501,1523,-1,2367,1523,2368,-1,2368,1523,2366,-1,492,494,1467,-1,1467,494,2369,-1,1467,2369,1462,-1,1462,2369,1463,-1,1458,1470,2369,-1,2369,1470,1469,-1,2369,1469,1463,-1,2369,2370,1458,-1,1458,2370,2371,-1,1458,2371,1459,-1,1459,2371,2372,-1,1459,2372,1488,-1,491,489,2373,-1,2373,489,1495,-1,2373,1495,1494,-1,1494,1493,2373,-1,2373,1493,1492,-1,2373,1492,2372,-1,2372,1492,1489,-1,2372,1489,1488,-1,472,474,2374,-1,2374,474,1522,-1,2374,1522,1521,-1,1516,2375,1519,-1,1519,2375,2374,-1,1519,2374,1520,-1,1520,2374,1521,-1,1500,479,477,-1,1500,477,1498,-1,1496,1505,2376,-1,2376,1505,1504,-1,2376,1504,477,-1,477,1504,1499,-1,477,1499,1498,-1,1516,1515,2375,-1,2375,1515,1497,-1,2375,1497,2377,-1,2377,1497,1496,-1,2377,1496,2378,-1,2378,1496,2376,-1,484,486,1448,-1,1448,486,2379,-1,1448,2379,1446,-1,1446,2379,1447,-1,1444,1453,2379,-1,2379,1453,1452,-1,2379,1452,1447,-1,2379,2380,1444,-1,1444,2380,2381,-1,1444,2381,1445,-1,1445,2381,2382,-1,1445,2382,1460,-1,495,493,2383,-1,2383,493,1468,-1,2383,1468,1466,-1,1466,1465,2383,-1,2383,1465,1464,-1,2383,1464,2382,-1,2382,1464,1461,-1,2382,1461,1460,-1,483,481,2384,-1,2384,481,1545,-1,2384,1545,1543,-1,1538,2385,1541,-1,1541,2385,2384,-1,1541,2384,1542,-1,1542,2384,1543,-1,1514,475,473,-1,1514,473,1512,-1,1510,1518,2386,-1,2386,1518,1517,-1,2386,1517,473,-1,473,1517,1513,-1,473,1513,1512,-1,1538,1537,2385,-1,2385,1537,1511,-1,2385,1511,2387,-1,2387,1511,1510,-1,2387,1510,2388,-1,2388,1510,2386,-1,499,497,1480,-1,1480,497,2389,-1,1480,2389,1475,-1,1475,2389,1476,-1,1471,1483,2389,-1,2389,1483,1482,-1,2389,1482,1476,-1,2389,2390,1471,-1,1471,2390,2391,-1,1471,2391,1449,-1,1449,2391,2392,-1,1449,2392,1450,-1,487,485,2393,-1,2393,485,1457,-1,2393,1457,1456,-1,1456,1455,2393,-1,2393,1455,1454,-1,2393,1454,2392,-1,2392,1454,1451,-1,2392,1451,1450,-1,508,510,2394,-1,2394,510,1639,-1,2394,1639,1638,-1,1633,2395,1636,-1,1636,2395,2394,-1,1636,2394,1637,-1,1637,2394,1638,-1,1648,520,522,-1,1648,522,1643,-1,1640,1651,2396,-1,2396,1651,1650,-1,2396,1650,522,-1,522,1650,1644,-1,522,1644,1643,-1,1633,1632,2395,-1,2395,1632,1631,-1,2395,1631,2397,-1,2397,1631,1640,-1,2397,1640,2398,-1,2398,1640,2396,-1,528,530,1591,-1,1591,530,2399,-1,1591,2399,1589,-1,1589,2399,1590,-1,1588,1595,2399,-1,2399,1595,1594,-1,2399,1594,1590,-1,2399,2400,1588,-1,1588,2400,2401,-1,1588,2401,1576,-1,1576,2401,2402,-1,1576,2402,1577,-1,536,538,2403,-1,2403,538,1585,-1,2403,1585,1583,-1,1583,1582,2403,-1,2403,1582,1581,-1,2403,1581,2402,-1,2402,1581,1578,-1,2402,1578,1577,-1,516,518,2404,-1,2404,518,1613,-1,2404,1613,1612,-1,1607,2405,1610,-1,1610,2405,2404,-1,1610,2404,1611,-1,1611,2404,1612,-1,1630,511,509,-1,1630,509,1628,-1,1627,1635,2406,-1,2406,1635,1634,-1,2406,1634,509,-1,509,1634,1629,-1,509,1629,1628,-1,1607,1606,2405,-1,2405,1606,1605,-1,2405,1605,2407,-1,2407,1605,1627,-1,2407,1627,2408,-1,2408,1627,2406,-1,532,534,1566,-1,1566,534,2409,-1,1566,2409,1564,-1,1564,2409,1565,-1,1562,1570,2409,-1,2409,1570,1569,-1,2409,1569,1565,-1,2409,2410,1562,-1,1562,2410,2411,-1,1562,2411,1563,-1,1563,2411,2412,-1,1563,2412,1592,-1,531,529,2413,-1,2413,529,1599,-1,2413,1599,1598,-1,1598,1597,2413,-1,2413,1597,1596,-1,2413,1596,2412,-1,2412,1596,1593,-1,2412,1593,1592,-1,512,514,2414,-1,2414,514,1626,-1,2414,1626,1625,-1,1620,2415,1623,-1,1623,2415,2414,-1,1623,2414,1624,-1,1624,2414,1625,-1,1604,519,517,-1,1604,517,1602,-1,1600,1609,2416,-1,2416,1609,1608,-1,2416,1608,517,-1,517,1608,1603,-1,517,1603,1602,-1,1620,1619,2415,-1,2415,1619,1601,-1,2415,1601,2417,-1,2417,1601,1600,-1,2417,1600,2418,-1,2418,1600,2416,-1,524,526,1552,-1,1552,526,2419,-1,1552,2419,1550,-1,1550,2419,1551,-1,1548,1557,2419,-1,2419,1557,1556,-1,2419,1556,1551,-1,2419,2420,1548,-1,1548,2420,2421,-1,1548,2421,1549,-1,1549,2421,2422,-1,1549,2422,1567,-1,535,533,2423,-1,2423,533,1574,-1,2423,1574,1573,-1,1573,1572,2423,-1,2423,1572,1571,-1,2423,1571,2422,-1,2422,1571,1568,-1,2422,1568,1567,-1,523,521,2424,-1,2424,521,1649,-1,2424,1649,1647,-1,1642,2425,1645,-1,1645,2425,2424,-1,1645,2424,1646,-1,1646,2424,1647,-1,1618,515,513,-1,1618,513,1616,-1,1614,1622,2426,-1,2426,1622,1621,-1,2426,1621,513,-1,513,1621,1617,-1,513,1617,1616,-1,1642,1641,2425,-1,2425,1641,1615,-1,2425,1615,2427,-1,2427,1615,1614,-1,2427,1614,2428,-1,2428,1614,2426,-1,539,537,1584,-1,1584,537,2429,-1,1584,2429,1579,-1,1579,2429,1580,-1,1575,1587,2429,-1,2429,1587,1586,-1,2429,1586,1580,-1,2429,2430,1575,-1,1575,2430,2431,-1,1575,2431,1553,-1,1553,2431,2432,-1,1553,2432,1554,-1,527,525,2433,-1,2433,525,1561,-1,2433,1561,1560,-1,1560,1559,2433,-1,2433,1559,1558,-1,2433,1558,2432,-1,2432,1558,1555,-1,2432,1555,1554,-1,548,550,2434,-1,2434,550,1743,-1,2434,1743,1742,-1,1737,2435,1740,-1,1740,2435,2434,-1,1740,2434,1741,-1,1741,2434,1742,-1,1747,560,562,-1,1747,562,1745,-1,1744,1751,2436,-1,2436,1751,1750,-1,2436,1750,562,-1,562,1750,1746,-1,562,1746,1745,-1,1737,1736,2435,-1,2435,1736,1735,-1,2435,1735,2437,-1,2437,1735,1744,-1,2437,1744,2438,-1,2438,1744,2436,-1,568,570,1695,-1,1695,570,2439,-1,1695,2439,1693,-1,1693,2439,1694,-1,1692,1699,2439,-1,2439,1699,1698,-1,2439,1698,1694,-1,2439,2440,1692,-1,1692,2440,2441,-1,1692,2441,1680,-1,1680,2441,2442,-1,1680,2442,1681,-1,576,578,2443,-1,2443,578,1689,-1,2443,1689,1687,-1,1687,1686,2443,-1,2443,1686,1685,-1,2443,1685,2442,-1,2442,1685,1682,-1,2442,1682,1681,-1,556,558,2444,-1,2444,558,1717,-1,2444,1717,1716,-1,1711,2445,1714,-1,1714,2445,2444,-1,1714,2444,1715,-1,1715,2444,1716,-1,1734,551,549,-1,1734,549,1732,-1,1731,1739,2446,-1,2446,1739,1738,-1,2446,1738,549,-1,549,1738,1733,-1,549,1733,1732,-1,1711,1710,2445,-1,2445,1710,1709,-1,2445,1709,2447,-1,2447,1709,1731,-1,2447,1731,2448,-1,2448,1731,2446,-1,572,574,1670,-1,1670,574,2449,-1,1670,2449,1668,-1,1668,2449,1669,-1,1666,1674,2449,-1,2449,1674,1673,-1,2449,1673,1669,-1,2449,2450,1666,-1,1666,2450,2451,-1,1666,2451,1667,-1,1667,2451,2452,-1,1667,2452,1696,-1,571,569,2453,-1,2453,569,1703,-1,2453,1703,1702,-1,1702,1701,2453,-1,2453,1701,1700,-1,2453,1700,2452,-1,2452,1700,1697,-1,2452,1697,1696,-1,552,554,2454,-1,2454,554,1730,-1,2454,1730,1729,-1,1724,2455,1727,-1,1727,2455,2454,-1,1727,2454,1728,-1,1728,2454,1729,-1,1708,559,557,-1,1708,557,1706,-1,1704,1713,2456,-1,2456,1713,1712,-1,2456,1712,557,-1,557,1712,1707,-1,557,1707,1706,-1,1724,1723,2455,-1,2455,1723,1705,-1,2455,1705,2457,-1,2457,1705,1704,-1,2457,1704,2458,-1,2458,1704,2456,-1,564,566,1656,-1,1656,566,2459,-1,1656,2459,1654,-1,1654,2459,1655,-1,1652,1661,2459,-1,2459,1661,1660,-1,2459,1660,1655,-1,2459,2460,1652,-1,1652,2460,2461,-1,1652,2461,1653,-1,1653,2461,2462,-1,1653,2462,1671,-1,575,573,2463,-1,2463,573,1678,-1,2463,1678,1677,-1,1677,1676,2463,-1,2463,1676,1675,-1,2463,1675,2462,-1,2462,1675,1672,-1,2462,1672,1671,-1,563,561,2464,-1,2464,561,1755,-1,2464,1755,1754,-1,1749,2465,1752,-1,1752,2465,2464,-1,1752,2464,1753,-1,1753,2464,1754,-1,1722,555,553,-1,1722,553,1720,-1,1718,1726,2466,-1,2466,1726,1725,-1,2466,1725,553,-1,553,1725,1721,-1,553,1721,1720,-1,1749,1748,2465,-1,2465,1748,1719,-1,2465,1719,2467,-1,2467,1719,1718,-1,2467,1718,2468,-1,2468,1718,2466,-1,579,577,1688,-1,1688,577,2469,-1,1688,2469,1683,-1,1683,2469,1684,-1,1679,1691,2469,-1,2469,1691,1690,-1,2469,1690,1684,-1,2469,2470,1679,-1,1679,2470,2471,-1,1679,2471,1657,-1,1657,2471,2472,-1,1657,2472,1658,-1,567,565,2473,-1,2473,565,1665,-1,2473,1665,1664,-1,1664,1663,2473,-1,2473,1663,1662,-1,2473,1662,2472,-1,2472,1662,1659,-1,2472,1659,1658,-1,588,590,2474,-1,2474,590,1847,-1,2474,1847,1846,-1,1841,2475,1844,-1,1844,2475,2474,-1,1844,2474,1845,-1,1845,2474,1846,-1,1851,600,602,-1,1851,602,1849,-1,1848,1855,2476,-1,2476,1855,1854,-1,2476,1854,602,-1,602,1854,1850,-1,602,1850,1849,-1,1841,1840,2475,-1,2475,1840,1839,-1,2475,1839,2477,-1,2477,1839,1848,-1,2477,1848,2478,-1,2478,1848,2476,-1,608,610,1799,-1,1799,610,2479,-1,1799,2479,1797,-1,1797,2479,1798,-1,1796,1803,2479,-1,2479,1803,1802,-1,2479,1802,1798,-1,2479,2480,1796,-1,1796,2480,2481,-1,1796,2481,1784,-1,1784,2481,2482,-1,1784,2482,1785,-1,616,618,2483,-1,2483,618,1793,-1,2483,1793,1791,-1,1791,1790,2483,-1,2483,1790,1789,-1,2483,1789,2482,-1,2482,1789,1786,-1,2482,1786,1785,-1,596,598,2484,-1,2484,598,1821,-1,2484,1821,1820,-1,1815,2485,1818,-1,1818,2485,2484,-1,1818,2484,1819,-1,1819,2484,1820,-1,1838,591,589,-1,1838,589,1836,-1,1835,1843,2486,-1,2486,1843,1842,-1,2486,1842,589,-1,589,1842,1837,-1,589,1837,1836,-1,1815,1814,2485,-1,2485,1814,1813,-1,2485,1813,2487,-1,2487,1813,1835,-1,2487,1835,2488,-1,2488,1835,2486,-1,612,614,1774,-1,1774,614,2489,-1,1774,2489,1772,-1,1772,2489,1773,-1,1770,1778,2489,-1,2489,1778,1777,-1,2489,1777,1773,-1,2489,2490,1770,-1,1770,2490,2491,-1,1770,2491,1771,-1,1771,2491,2492,-1,1771,2492,1800,-1,611,609,2493,-1,2493,609,1807,-1,2493,1807,1806,-1,1806,1805,2493,-1,2493,1805,1804,-1,2493,1804,2492,-1,2492,1804,1801,-1,2492,1801,1800,-1,592,594,2494,-1,2494,594,1834,-1,2494,1834,1833,-1,1828,2495,1831,-1,1831,2495,2494,-1,1831,2494,1832,-1,1832,2494,1833,-1,1812,599,597,-1,1812,597,1810,-1,1808,1817,2496,-1,2496,1817,1816,-1,2496,1816,597,-1,597,1816,1811,-1,597,1811,1810,-1,1828,1827,2495,-1,2495,1827,1809,-1,2495,1809,2497,-1,2497,1809,1808,-1,2497,1808,2498,-1,2498,1808,2496,-1,604,606,1760,-1,1760,606,2499,-1,1760,2499,1758,-1,1758,2499,1759,-1,1756,1765,2499,-1,2499,1765,1764,-1,2499,1764,1759,-1,2499,2500,1756,-1,1756,2500,2501,-1,1756,2501,1757,-1,1757,2501,2502,-1,1757,2502,1775,-1,615,613,2503,-1,2503,613,1782,-1,2503,1782,1781,-1,1781,1780,2503,-1,2503,1780,1779,-1,2503,1779,2502,-1,2502,1779,1776,-1,2502,1776,1775,-1,603,601,2504,-1,2504,601,1859,-1,2504,1859,1858,-1,1853,2505,1856,-1,1856,2505,2504,-1,1856,2504,1857,-1,1857,2504,1858,-1,1826,595,593,-1,1826,593,1824,-1,1822,1830,2506,-1,2506,1830,1829,-1,2506,1829,593,-1,593,1829,1825,-1,593,1825,1824,-1,1853,1852,2505,-1,2505,1852,1823,-1,2505,1823,2507,-1,2507,1823,1822,-1,2507,1822,2508,-1,2508,1822,2506,-1,619,617,1792,-1,1792,617,2509,-1,1792,2509,1787,-1,1787,2509,1788,-1,1783,1795,2509,-1,2509,1795,1794,-1,2509,1794,1788,-1,2509,2510,1783,-1,1783,2510,2511,-1,1783,2511,1761,-1,1761,2511,2512,-1,1761,2512,1762,-1,607,605,2513,-1,2513,605,1769,-1,2513,1769,1768,-1,1768,1767,2513,-1,2513,1767,1766,-1,2513,1766,2512,-1,2512,1766,1763,-1,2512,1763,1762,-1,628,630,2514,-1,2514,630,1951,-1,2514,1951,1950,-1,1945,2515,1948,-1,1948,2515,2514,-1,1948,2514,1949,-1,1949,2514,1950,-1,1955,640,642,-1,1955,642,1953,-1,1952,1959,2516,-1,2516,1959,1958,-1,2516,1958,642,-1,642,1958,1954,-1,642,1954,1953,-1,1945,1944,2515,-1,2515,1944,1943,-1,2515,1943,2517,-1,2517,1943,1952,-1,2517,1952,2518,-1,2518,1952,2516,-1,648,650,1903,-1,1903,650,2519,-1,1903,2519,1901,-1,1901,2519,1902,-1,1900,1907,2519,-1,2519,1907,1906,-1,2519,1906,1902,-1,2519,2520,1900,-1,1900,2520,2521,-1,1900,2521,1888,-1,1888,2521,2522,-1,1888,2522,1889,-1,656,658,2523,-1,2523,658,1897,-1,2523,1897,1895,-1,1895,1894,2523,-1,2523,1894,1893,-1,2523,1893,2522,-1,2522,1893,1890,-1,2522,1890,1889,-1,636,638,2524,-1,2524,638,1925,-1,2524,1925,1924,-1,1919,2525,1922,-1,1922,2525,2524,-1,1922,2524,1923,-1,1923,2524,1924,-1,1942,631,629,-1,1942,629,1940,-1,1939,1947,2526,-1,2526,1947,1946,-1,2526,1946,629,-1,629,1946,1941,-1,629,1941,1940,-1,1919,1918,2525,-1,2525,1918,1917,-1,2525,1917,2527,-1,2527,1917,1939,-1,2527,1939,2528,-1,2528,1939,2526,-1,652,654,1878,-1,1878,654,2529,-1,1878,2529,1876,-1,1876,2529,1877,-1,1874,1882,2529,-1,2529,1882,1881,-1,2529,1881,1877,-1,2529,2530,1874,-1,1874,2530,2531,-1,1874,2531,1875,-1,1875,2531,2532,-1,1875,2532,1904,-1,651,649,2533,-1,2533,649,1911,-1,2533,1911,1910,-1,1910,1909,2533,-1,2533,1909,1908,-1,2533,1908,2532,-1,2532,1908,1905,-1,2532,1905,1904,-1,632,634,2534,-1,2534,634,1938,-1,2534,1938,1937,-1,1932,2535,1935,-1,1935,2535,2534,-1,1935,2534,1936,-1,1936,2534,1937,-1,1916,639,637,-1,1916,637,1914,-1,1912,1921,2536,-1,2536,1921,1920,-1,2536,1920,637,-1,637,1920,1915,-1,637,1915,1914,-1,1932,1931,2535,-1,2535,1931,1913,-1,2535,1913,2537,-1,2537,1913,1912,-1,2537,1912,2538,-1,2538,1912,2536,-1,644,646,1864,-1,1864,646,2539,-1,1864,2539,1862,-1,1862,2539,1863,-1,1860,1869,2539,-1,2539,1869,1868,-1,2539,1868,1863,-1,2539,2540,1860,-1,1860,2540,2541,-1,1860,2541,1861,-1,1861,2541,2542,-1,1861,2542,1879,-1,655,653,2543,-1,2543,653,1886,-1,2543,1886,1885,-1,1885,1884,2543,-1,2543,1884,1883,-1,2543,1883,2542,-1,2542,1883,1880,-1,2542,1880,1879,-1,643,641,2544,-1,2544,641,1963,-1,2544,1963,1962,-1,1957,2545,1960,-1,1960,2545,2544,-1,1960,2544,1961,-1,1961,2544,1962,-1,1930,635,633,-1,1930,633,1928,-1,1926,1934,2546,-1,2546,1934,1933,-1,2546,1933,633,-1,633,1933,1929,-1,633,1929,1928,-1,1957,1956,2545,-1,2545,1956,1927,-1,2545,1927,2547,-1,2547,1927,1926,-1,2547,1926,2548,-1,2548,1926,2546,-1,659,657,1896,-1,1896,657,2549,-1,1896,2549,1891,-1,1891,2549,1892,-1,1887,1899,2549,-1,2549,1899,1898,-1,2549,1898,1892,-1,2549,2550,1887,-1,1887,2550,2551,-1,1887,2551,1865,-1,1865,2551,2552,-1,1865,2552,1866,-1,647,645,2553,-1,2553,645,1873,-1,2553,1873,1872,-1,1872,1871,2553,-1,2553,1871,1870,-1,2553,1870,2552,-1,2552,1870,1867,-1,2552,1867,1866,-1,668,670,2554,-1,2554,670,2055,-1,2554,2055,2054,-1,2049,2555,2052,-1,2052,2555,2554,-1,2052,2554,2053,-1,2053,2554,2054,-1,2059,680,682,-1,2059,682,2057,-1,2056,2063,2556,-1,2556,2063,2062,-1,2556,2062,682,-1,682,2062,2058,-1,682,2058,2057,-1,2049,2048,2555,-1,2555,2048,2047,-1,2555,2047,2557,-1,2557,2047,2056,-1,2557,2056,2558,-1,2558,2056,2556,-1,688,690,2007,-1,2007,690,2559,-1,2007,2559,2005,-1,2005,2559,2006,-1,2004,2011,2559,-1,2559,2011,2010,-1,2559,2010,2006,-1,2559,2560,2004,-1,2004,2560,2561,-1,2004,2561,1992,-1,1992,2561,2562,-1,1992,2562,1993,-1,696,698,2563,-1,2563,698,2001,-1,2563,2001,1999,-1,1999,1998,2563,-1,2563,1998,1997,-1,2563,1997,2562,-1,2562,1997,1994,-1,2562,1994,1993,-1,676,678,2564,-1,2564,678,2029,-1,2564,2029,2028,-1,2023,2565,2026,-1,2026,2565,2564,-1,2026,2564,2027,-1,2027,2564,2028,-1,2046,671,669,-1,2046,669,2044,-1,2043,2051,2566,-1,2566,2051,2050,-1,2566,2050,669,-1,669,2050,2045,-1,669,2045,2044,-1,2023,2022,2565,-1,2565,2022,2021,-1,2565,2021,2567,-1,2567,2021,2043,-1,2567,2043,2568,-1,2568,2043,2566,-1,692,694,1982,-1,1982,694,2569,-1,1982,2569,1980,-1,1980,2569,1981,-1,1978,1986,2569,-1,2569,1986,1985,-1,2569,1985,1981,-1,2569,2570,1978,-1,1978,2570,2571,-1,1978,2571,1979,-1,1979,2571,2572,-1,1979,2572,2008,-1,691,689,2573,-1,2573,689,2015,-1,2573,2015,2014,-1,2014,2013,2573,-1,2573,2013,2012,-1,2573,2012,2572,-1,2572,2012,2009,-1,2572,2009,2008,-1,672,674,2574,-1,2574,674,2042,-1,2574,2042,2041,-1,2036,2575,2039,-1,2039,2575,2574,-1,2039,2574,2040,-1,2040,2574,2041,-1,2020,679,677,-1,2020,677,2018,-1,2016,2025,2576,-1,2576,2025,2024,-1,2576,2024,677,-1,677,2024,2019,-1,677,2019,2018,-1,2036,2035,2575,-1,2575,2035,2017,-1,2575,2017,2577,-1,2577,2017,2016,-1,2577,2016,2578,-1,2578,2016,2576,-1,684,686,1968,-1,1968,686,2579,-1,1968,2579,1966,-1,1966,2579,1967,-1,1964,1973,2579,-1,2579,1973,1972,-1,2579,1972,1967,-1,2579,2580,1964,-1,1964,2580,2581,-1,1964,2581,1965,-1,1965,2581,2582,-1,1965,2582,1983,-1,695,693,2583,-1,2583,693,1990,-1,2583,1990,1989,-1,1989,1988,2583,-1,2583,1988,1987,-1,2583,1987,2582,-1,2582,1987,1984,-1,2582,1984,1983,-1,683,681,2584,-1,2584,681,2067,-1,2584,2067,2066,-1,2061,2585,2064,-1,2064,2585,2584,-1,2064,2584,2065,-1,2065,2584,2066,-1,2034,675,673,-1,2034,673,2032,-1,2030,2038,2586,-1,2586,2038,2037,-1,2586,2037,673,-1,673,2037,2033,-1,673,2033,2032,-1,2061,2060,2585,-1,2585,2060,2031,-1,2585,2031,2587,-1,2587,2031,2030,-1,2587,2030,2588,-1,2588,2030,2586,-1,699,697,2000,-1,2000,697,2589,-1,2000,2589,1995,-1,1995,2589,1996,-1,1991,2003,2589,-1,2589,2003,2002,-1,2589,2002,1996,-1,2589,2590,1991,-1,1991,2590,2591,-1,1991,2591,1969,-1,1969,2591,2592,-1,1969,2592,1970,-1,687,685,2593,-1,2593,685,1977,-1,2593,1977,1976,-1,1976,1975,2593,-1,2593,1975,1974,-1,2593,1974,2592,-1,2592,1974,1971,-1,2592,1971,1970,-1,
        ]
    }
}
Shape{
    appearance Appearance {
        material  Material {
            diffuseColor 1.0 1.0 1.0
            specularColor 0.5019607843137255 0.5019607843137255 0.5019607843137255
            ambientIntensity 1.0
            transparency 0.0
            shininess 0.5
        }
    }
    geometry IndexedFaceSet {
        ccw TRUE
        solid FALSE
        coord DEF co Coordinate {
            point [
                7.0 0.0408 0.5672, 7.0 0.0353 0.5672, 7.0 0.0408 0.5672, 7.0 0.0353 0.5672, 7.0 0.0408 0.5864, 7.0 0.0408 0.5864, 7.0 0.0833 0.5864, 7.0 0.0833 0.5864, 7.0 0.0833 0.5926, 7.0 0.0833 0.5926, 7.0 0.0353 0.5926, 7.0 0.0353 0.5926, 7.0 0.0373 0.5293, 7.0 0.0373 0.5293, 7.0 0.037 0.5298, 7.0 0.0353 0.5349, 7.0 0.0345 0.5426, 7.0 0.0349 0.5386, 7.0 0.0345 0.5426, 7.0 0.0353 0.5349, 7.0 0.0365 0.5313, 7.0 0.037 0.5298, 7.0 0.0432 0.5293, 7.0 0.0432 0.5293, 7.0 0.0423 0.5313, 7.0 0.041 0.5342, 7.0 0.041 0.5342, 7.0 0.0401 0.5397, 7.0 0.0401 0.5397, 7.0 0.04 0.5417, 7.0 0.04 0.5417, 7.0 0.0405 0.5462, 7.0 0.0405 0.5462, 7.0 0.0417 0.5497, 7.0 0.0417 0.5497, 7.0 0.0439 0.5529, 7.0 0.0439 0.5529, 7.0 0.0451 0.554, 7.0 0.0451 0.554, 7.0 0.0485 0.5565, 7.0 0.0485 0.5565, 7.0 0.0524 0.558, 7.0 0.0524 0.558, 7.0 0.0583 0.5588, 7.0 0.0583 0.5588, 7.0 0.0588 0.5588, 7.0 0.0588 0.5588, 7.0 0.0647 0.5581, 7.0 0.0647 0.5581, 7.0 0.069 0.5566, 7.0 0.069 0.5566, 7.0 0.0725 0.5544, 7.0 0.0725 0.5544, 7.0 0.0732 0.5537, 7.0 0.0732 0.5537, 7.0 0.0758 0.5506, 7.0 0.0758 0.5506, 7.0 0.0776 0.5469, 7.0 0.0776 0.5469, 7.0 0.0784 0.5427, 7.0 0.0784 0.5427, 7.0 0.0785 0.5406, 7.0 0.0785 0.5406, 7.0 0.0757 0.5293, 7.0 0.0757 0.5293, 7.0 0.0761 0.5301, 7.0 0.0779 0.535, 7.0 0.0779 0.535, 7.0 0.0766 0.5313, 7.0 0.0761 0.5301, 7.0 0.0822 0.5293, 7.0 0.0822 0.5293, 7.0 0.0841 0.5407, 7.0 0.0841 0.5407, 7.0 0.0841 0.5402, 7.0 0.0828 0.5313, 7.0 0.0836 0.534, 7.0 0.0836 0.534, 7.0 0.0837 0.5357, 7.0 0.0841 0.5402, 7.0 0.0834 0.5471, 7.0 0.0837 0.5443, 7.0 0.0834 0.5471, 7.0 0.0816 0.5522, 7.0 0.0816 0.5522, 7.0 0.0784 0.5569, 7.0 0.0784 0.5569, 7.0 0.0771 0.5583, 7.0 0.0771 0.5583, 7.0 0.0728 0.5617, 7.0 0.0728 0.5617, 7.0 0.0695 0.5631, 7.0 0.0675 0.564, 7.0 0.0675 0.564, 7.0 0.0613 0.5652, 7.0 0.0613 0.5652, 7.0 0.0584 0.5653, 7.0 0.0584 0.5653, 7.0 0.0513 0.5645, 7.0 0.0513 0.5645, 7.0 0.0474 0.5631, 7.0 0.0461 0.5627, 7.0 0.0461 0.5627, 7.0 0.0419 0.5599, 7.0 0.0419 0.5599, 7.0 0.041 0.5591, 7.0 0.041 0.5591, 7.0 0.0346 0.5458, 7.0 0.038 0.5555, 7.0 0.038 0.5555, 7.0 0.0358 0.551, 7.0 0.0358 0.551, 7.0 0.0349 0.5469, 7.0 0.0346 0.5458, 7.0 0.0408 0.4938, 7.0 0.0353 0.4938, 7.0 0.0408 0.4938, 7.0 0.0353 0.4938, 7.0 0.0408 0.5135, 7.0 0.0408 0.5135, 7.0 0.0408 0.5005, 7.0 0.0569 0.5135, 7.0 0.0569 0.5135, 7.0 0.0569 0.4963, 7.0 0.0569 0.4963, 7.0 0.0569 0.5005, 7.0 0.0624 0.4963, 7.0 0.0624 0.4963, 7.0 0.0624 0.5135, 7.0 0.0624 0.5135, 7.0 0.0624 0.5005, 7.0 0.0778 0.5135, 7.0 0.0778 0.5135, 7.0 0.0778 0.4949, 7.0 0.0778 0.4949, 7.0 0.0778 0.5005, 7.0 0.0833 0.4949, 7.0 0.0833 0.4949, 7.0 0.0833 0.5197, 7.0 0.0833 0.5197, 7.0 0.0833 0.5005, 7.0 0.0353 0.5197, 7.0 0.0353 0.5197, 7.0 0.0353 0.5005, 7.0 0.0408 0.4716, 7.0 0.0353 0.4716, 7.0 0.0414 0.4656, 7.0 0.0361 0.4641, 7.0 0.0428 0.4615, 7.0 0.0381 0.4585, 7.0 0.0449 0.4583, 7.0 0.0412 0.4538, 7.0 0.0458 0.4573, 7.0 0.042 0.4529, 7.0 0.0489 0.4548, 7.0 0.046 0.4495, 7.0 0.0525 0.4532, 7.0 0.0509 0.4471, 7.0 0.057 0.4523, 7.0 0.0565 0.4458, 7.0 0.0597 0.4522, 7.0 0.0599 0.4457, 7.0 0.0652 0.4527, 7.0 0.066 0.4463, 7.0 0.0688 0.454, 7.0 0.0707 0.448, 7.0 0.0716 0.4558, 7.0 0.075 0.4509, 7.0 0.0733 0.4574, 7.0 0.077 0.4529, 7.0 0.0757 0.4611, 7.0 0.0803 0.4577, 7.0 0.0772 0.4653, 7.0 0.0824 0.4634, 7.0 0.0778 0.4713, 7.0 0.0833 0.4711, 7.0 0.0778 0.4786, 7.0 0.0833 0.4848, 7.0 0.0408 0.4786, 7.0 0.0353 0.4848, 7.0 0.0353 0.4716, 7.0 0.0353 0.4848, 7.0 0.0361 0.4641, 7.0 0.0381 0.4585, 7.0 0.0412 0.4538, 7.0 0.042 0.4529, 7.0 0.046 0.4495, 7.0 0.0509 0.4471, 7.0 0.0565 0.4458, 7.0 0.0599 0.4457, 7.0 0.066 0.4463, 7.0 0.0707 0.448, 7.0 0.075 0.4509, 7.0 0.077 0.4529, 7.0 0.0803 0.4577, 7.0 0.0824 0.4634, 7.0 0.0833 0.4711, 7.0 0.0833 0.4848, 7.0 0.0778 0.4713, 7.0 0.0778 0.4786, 7.0 0.0408 0.4786, 7.0 0.0408 0.4716, 7.0 0.0458 0.4573, 7.0 0.0449 0.4583, 7.0 0.0428 0.4615, 7.0 0.0414 0.4656, 7.0 0.0597 0.4522, 7.0 0.057 0.4523, 7.0 0.0525 0.4532, 7.0 0.0489 0.4548, 7.0 0.0733 0.4574, 7.0 0.0716 0.4558, 7.0 0.0688 0.454, 7.0 0.0652 0.4527, 7.0 0.0772 0.4653, 7.0 0.0757 0.4611
            ]
        }
        coordIndex [
            0,1,2,-1,2,1,3,-1,4,0,5,-1,5,0,2,-1,6,4,7,-1,7,4,5,-1,8,6,9,-1,9,6,7,-1,10,8,11,-1,11,8,9,-1,1,10,3,-1,3,10,11,-1,6,8,4,-1,4,8,10,-1,4,10,0,-1,0,10,1,-1,12,13,14,-1,15,16,17,-1,17,16,18,-1,17,19,15,-1,15,19,20,-1,15,20,14,-1,14,20,21,-1,14,21,12,-1,22,13,23,-1,23,13,12,-1,22,23,24,-1,22,24,25,-1,24,26,25,-1,25,26,27,-1,25,27,28,-1,28,27,29,-1,28,29,30,-1,30,29,31,-1,30,31,32,-1,32,31,33,-1,32,33,34,-1,34,33,35,-1,34,35,36,-1,36,35,37,-1,36,37,38,-1,38,37,39,-1,38,39,40,-1,40,39,41,-1,40,41,42,-1,42,41,43,-1,42,43,44,-1,44,43,45,-1,44,45,46,-1,46,45,47,-1,46,47,48,-1,48,47,49,-1,48,49,50,-1,50,49,51,-1,50,51,52,-1,52,51,53,-1,52,53,54,-1,54,53,55,-1,54,55,56,-1,56,55,57,-1,56,57,58,-1,58,57,59,-1,58,59,60,-1,60,59,61,-1,60,61,62,-1,63,64,65,-1,62,61,66,-1,62,66,67,-1,67,66,68,-1,67,68,65,-1,65,68,69,-1,65,69,63,-1,70,64,71,-1,71,64,63,-1,72,73,74,-1,70,71,75,-1,70,75,76,-1,75,77,76,-1,76,77,78,-1,76,78,74,-1,74,78,79,-1,74,79,72,-1,80,73,81,-1,81,73,72,-1,81,82,80,-1,80,82,83,-1,80,83,84,-1,84,83,85,-1,84,85,86,-1,86,85,87,-1,86,87,88,-1,88,87,89,-1,88,89,90,-1,90,89,91,-1,90,91,92,-1,91,93,92,-1,92,93,94,-1,92,94,95,-1,95,94,96,-1,95,96,97,-1,97,96,98,-1,97,98,99,-1,99,98,100,-1,99,100,101,-1,100,102,101,-1,101,102,103,-1,101,103,104,-1,104,103,105,-1,104,105,106,-1,18,16,107,-1,106,105,108,-1,106,108,109,-1,109,108,110,-1,109,110,111,-1,111,110,112,-1,111,112,107,-1,107,112,113,-1,107,113,18,-1,65,64,70,-1,40,42,99,-1,48,50,90,-1,99,42,97,-1,90,50,88,-1,65,70,67,-1,67,70,76,-1,67,76,62,-1,62,76,74,-1,62,74,60,-1,60,74,73,-1,60,73,58,-1,58,73,80,-1,58,80,56,-1,13,22,14,-1,14,22,25,-1,14,25,15,-1,15,25,16,-1,80,84,56,-1,56,84,86,-1,56,86,54,-1,54,86,88,-1,54,88,52,-1,52,88,50,-1,99,101,40,-1,40,101,104,-1,40,104,38,-1,38,104,106,-1,38,106,36,-1,36,106,109,-1,36,109,34,-1,34,109,111,-1,34,111,32,-1,32,111,107,-1,32,107,30,-1,30,107,16,-1,30,16,28,-1,28,16,25,-1,42,44,97,-1,97,44,46,-1,97,46,95,-1,95,46,48,-1,95,48,92,-1,92,48,90,-1,114,115,116,-1,116,115,117,-1,118,119,120,-1,120,119,114,-1,120,114,116,-1,121,119,122,-1,122,119,118,-1,123,124,125,-1,125,124,121,-1,125,121,122,-1,126,124,127,-1,127,124,123,-1,128,129,130,-1,130,129,126,-1,130,126,127,-1,131,129,132,-1,132,129,128,-1,133,134,135,-1,135,134,131,-1,135,131,132,-1,136,134,137,-1,137,134,133,-1,138,139,140,-1,140,139,136,-1,140,136,137,-1,141,139,142,-1,142,139,138,-1,117,115,143,-1,143,115,141,-1,143,141,142,-1,141,115,114,-1,114,119,141,-1,141,119,121,-1,141,121,139,-1,134,136,131,-1,131,136,139,-1,131,139,129,-1,129,139,121,-1,129,121,126,-1,126,121,124,-1,144,145,146,-1,146,145,147,-1,146,147,148,-1,148,147,149,-1,148,149,150,-1,150,149,151,-1,150,151,152,-1,152,151,153,-1,152,153,154,-1,154,153,155,-1,154,155,156,-1,156,155,157,-1,156,157,158,-1,158,157,159,-1,158,159,160,-1,160,159,161,-1,160,161,162,-1,162,161,163,-1,162,163,164,-1,164,163,165,-1,164,165,166,-1,166,165,167,-1,166,167,168,-1,168,167,169,-1,168,169,170,-1,170,169,171,-1,170,171,172,-1,172,171,173,-1,172,173,174,-1,174,173,175,-1,174,175,176,-1,176,175,177,-1,176,177,178,-1,178,177,179,-1,178,179,144,-1,144,179,145,-1,145,179,180,-1,180,179,181,-1,145,180,182,-1,145,182,147,-1,147,182,183,-1,147,183,149,-1,149,183,184,-1,149,184,151,-1,151,184,185,-1,151,185,153,-1,153,185,186,-1,153,186,155,-1,155,186,187,-1,155,187,157,-1,157,187,188,-1,157,188,159,-1,159,188,189,-1,159,189,161,-1,161,189,190,-1,161,190,163,-1,163,190,191,-1,163,191,165,-1,165,191,192,-1,165,192,167,-1,167,192,193,-1,167,193,169,-1,169,193,194,-1,169,194,171,-1,171,194,195,-1,171,195,173,-1,173,195,196,-1,173,196,175,-1,177,175,197,-1,197,175,196,-1,179,177,181,-1,181,177,197,-1,174,176,198,-1,198,176,199,-1,176,178,199,-1,199,178,200,-1,178,144,200,-1,200,144,201,-1,152,202,203,-1,152,203,150,-1,150,203,204,-1,150,204,148,-1,148,204,205,-1,148,205,146,-1,146,205,201,-1,146,201,144,-1,160,206,207,-1,160,207,158,-1,158,207,208,-1,158,208,156,-1,156,208,209,-1,156,209,154,-1,154,209,202,-1,154,202,152,-1,168,210,211,-1,168,211,166,-1,166,211,212,-1,166,212,164,-1,164,212,213,-1,164,213,162,-1,162,213,206,-1,162,206,160,-1,174,198,214,-1,174,214,172,-1,172,214,215,-1,172,215,170,-1,170,215,210,-1,170,210,168,-1,
        ]
    }
}
Shape{
    appearance Appearance {
        material  Material {
            diffuseColor 0.2235294117647059 0.2235294117647059 0.2235294117647059
            specularColor 0.11372549019607843 0.11372549019607843 0.11372549019607843
            ambientIntensity 0.2235
            transparency 0.0
            shininess 0.5
        }
    }
    geometry IndexedFaceSet {
        ccw TRUE
        solid FALSE
        coord DEF co Coordinate {
            point [
                7.0 0.0778 0.4786, 7.0 0.0408 0.4786, 7.0 0.0778 0.4713, 7.0 0.0408 0.4716, 7.0 0.0414 0.4656, 7.0 0.0428 0.4615, 7.0 0.0449 0.4583, 7.0 0.0458 0.4573, 7.0 0.0489 0.4548, 7.0 0.0525 0.4532, 7.0 0.057 0.4523, 7.0 0.0597 0.4522, 7.0 0.0652 0.4527, 7.0 0.0688 0.454, 7.0 0.0716 0.4558, 7.0 0.0733 0.4574, 7.0 0.0772 0.4653, 7.0 0.0757 0.4611
            ]
        }
        coordIndex [
            0,1,2,-1,2,1,3,-1,2,3,4,-1,4,5,2,-1,2,5,6,-1,2,6,7,-1,7,8,2,-1,2,8,9,-1,2,9,10,-1,10,11,2,-1,2,11,12,-1,2,12,13,-1,13,14,2,-1,2,14,15,-1,2,15,16,-1,16,15,17,-1,
        ]
    }
}
Shape{
    appearance Appearance {
        material  Material {
            diffuseColor 1.0 1.0 1.0
            specularColor 0.5019607843137255 0.5019607843137255 0.5019607843137255
            ambientIntensity 1.0
            transparency 0.0
            shininess 0.5
        }
    }
    geometry IndexedFaceSet {
        ccw TRUE
        solid FALSE
        coord DEF co Coordinate {
            point [
                7.0 0.0538 0.4296, 7.0 0.0484 0.4315, 7.0 0.0538 0.4134, 7.0 0.0484 0.4115, 7.0 0.0738 0.4224, 7.0 0.0833 0.4247, 7.0 0.0353 0.443, 7.0 0.0353 0.4361, 7.0 0.0753 0.422, 7.0 0.0772 0.4216, 7.0 0.0833 0.4181, 7.0 0.0772 0.4214, 7.0 0.0752 0.421, 7.0 0.0738 0.4207, 7.0 0.0353 0.3998, 7.0 0.0353 0.4066, 7.0 0.0833 0.4181, 7.0 0.0353 0.3998, 7.0 0.0833 0.4247, 7.0 0.0353 0.443, 7.0 0.0716 0.4291, 7.0 0.0353 0.4361, 7.0 0.0484 0.4315, 7.0 0.0484 0.4115, 7.0 0.0484 0.4291, 7.0 0.0353 0.4066, 7.0 0.0538 0.4296, 7.0 0.0538 0.4134, 7.0 0.0738 0.4207, 7.0 0.0772 0.4214, 7.0 0.0752 0.421, 7.0 0.0772 0.4216, 7.0 0.0738 0.4224, 7.0 0.0753 0.422
            ]
        }
        coordIndex [
            0,1,2,-1,2,1,3,-1,4,5,0,-1,0,5,6,-1,0,6,1,-1,1,6,7,-1,4,8,5,-1,5,8,9,-1,5,9,10,-1,10,9,11,-1,10,11,12,-1,12,13,10,-1,10,13,2,-1,10,2,14,-1,14,2,3,-1,14,3,15,-1,10,14,16,-1,16,14,17,-1,5,10,18,-1,18,10,16,-1,19,6,20,-1,20,6,5,-1,20,5,18,-1,7,6,21,-1,21,6,19,-1,1,7,22,-1,22,7,21,-1,23,3,24,-1,24,3,1,-1,24,1,22,-1,15,3,25,-1,25,3,23,-1,14,15,17,-1,17,15,25,-1,0,2,26,-1,26,2,27,-1,2,13,27,-1,27,13,28,-1,11,29,30,-1,11,30,12,-1,12,30,28,-1,12,28,13,-1,11,9,29,-1,29,9,31,-1,4,32,33,-1,4,33,8,-1,8,33,31,-1,8,31,9,-1,4,0,32,-1,32,0,26,-1,
        ]
    }
}
Shape{
    appearance Appearance {
        material  Material {
            diffuseColor 0.2235294117647059 0.2235294117647059 0.2235294117647059
            specularColor 0.11372549019607843 0.11372549019607843 0.11372549019607843
            ambientIntensity 0.2235
            transparency 0.0
            shininess 0.5
        }
    }
    geometry IndexedFaceSet {
        ccw TRUE
        solid FALSE
        coord DEF co Coordinate {
            point [
                7.0 0.0772 0.4214, 7.0 0.0772 0.4216, 7.0 0.0752 0.421, 7.0 0.0753 0.422, 7.0 0.0738 0.4207, 7.0 0.0738 0.4224, 7.0 0.0538 0.4134, 7.0 0.0538 0.4296
            ]
        }
        coordIndex [
            0,1,2,-1,2,1,3,-1,2,3,4,-1,4,3,5,-1,4,5,6,-1,6,5,7,-1,
        ]
    }
}
Shape{
    appearance Appearance {
        material  Material {
            diffuseColor 1.0 1.0 1.0
            specularColor 0.5019607843137255 0.5019607843137255 0.5019607843137255
            ambientIntensity 1.0
            transparency 0.0
            shininess 0.5
        }
    }
    geometry IndexedFaceSet {
        ccw TRUE
        solid FALSE
        coord DEF co Coordinate {
            point [
                7.0 -0.0355 0.5667, 7.0 -0.0409 0.5667, 7.0 -0.0355 0.5667, 7.0 -0.0409 0.5667, 7.0 -0.0355 0.5864, 7.0 -0.0355 0.5864, 7.0 -0.0193 0.5864, 7.0 -0.0193 0.5864, 7.0 -0.0193 0.5692, 7.0 -0.0193 0.5692, 7.0 -0.0138 0.5692, 7.0 -0.0138 0.5692, 7.0 -0.0138 0.5864, 7.0 -0.0138 0.5864, 7.0 0.0016 0.5864, 7.0 0.0016 0.5864, 7.0 0.0016 0.5678, 7.0 0.0016 0.5678, 7.0 0.0071 0.5678, 7.0 0.0071 0.5678, 7.0 0.0071 0.5926, 7.0 0.0071 0.5926, 7.0 -0.0409 0.5926, 7.0 -0.0409 0.5926, 7.0 -0.0409 0.5394, 7.0 -0.0409 0.5334, 7.0 -0.0356 0.5394, 7.0 -0.0189 0.5334, 7.0 -0.0191 0.5394, 7.0 -0.0263 0.5525, 7.0 -0.0256 0.551, 7.0 -0.0356 0.5396, 7.0 -0.0347 0.5428, 7.0 -0.0371 0.5405, 7.0 -0.0359 0.5445, 7.0 -0.0248 0.5474, 7.0 -0.0237 0.5394, 7.0 -0.027 0.5394, 7.0 -0.0274 0.5394, 7.0 -0.0301 0.5398, 7.0 -0.0322 0.5407, 7.0 -0.034 0.542, 7.0 -0.0165 0.5396, 7.0 -0.0144 0.5338, 7.0 -0.0143 0.5402, 7.0 -0.0116 0.5348, 7.0 -0.0131 0.541, 7.0 -0.0097 0.536, 7.0 -0.0121 0.5419, 7.0 -0.0081 0.5376, 7.0 -0.0114 0.5429, 7.0 -0.007 0.5396, 7.0 -0.0109 0.5443, 7.0 -0.0062 0.5421, 7.0 -0.0107 0.5464, 7.0 -0.0058 0.5458, 7.0 -0.0111 0.55, 7.0 -0.0065 0.5515, 7.0 -0.0124 0.5538, 7.0 -0.0081 0.556, 7.0 -0.0149 0.5576, 7.0 -0.009 0.5576, 7.0 -0.0347 0.5536, 7.0 -0.039 0.558, 7.0 -0.0353 0.5531, 7.0 -0.0405 0.556, 7.0 -0.0361 0.5519, 7.0 -0.0413 0.5537, 7.0 -0.0366 0.5506, 7.0 -0.0417 0.5501, 7.0 -0.0368 0.5485, 7.0 -0.0414 0.547, 7.0 -0.0366 0.5463, 7.0 -0.0405 0.5445, 7.0 -0.0391 0.5424, 7.0 -0.0303 0.5548, 7.0 -0.0309 0.5609, 7.0 -0.0313 0.5549, 7.0 -0.0317 0.561, 7.0 -0.0326 0.5547, 7.0 -0.0345 0.5607, 7.0 -0.0337 0.5543, 7.0 -0.0365 0.5599, 7.0 -0.0384 0.5587, 7.0 -0.0205 0.5496, 7.0 -0.0216 0.554, 7.0 -0.0269 0.5533, 7.0 -0.0229 0.5566, 7.0 -0.0278 0.554, 7.0 -0.0245 0.5585, 7.0 -0.0289 0.5545, 7.0 -0.0262 0.5597, 7.0 -0.0283 0.5605, 7.0 -0.0058 0.5458, 7.0 -0.0065 0.5515, 7.0 -0.0081 0.556, 7.0 -0.009 0.5576, 7.0 -0.0149 0.5576, 7.0 -0.0124 0.5538, 7.0 -0.0111 0.55, 7.0 -0.0107 0.5464, 7.0 -0.0109 0.5443, 7.0 -0.0114 0.5429, 7.0 -0.0121 0.5419, 7.0 -0.0131 0.541, 7.0 -0.0143 0.5402, 7.0 -0.0165 0.5396, 7.0 -0.0191 0.5394, 7.0 -0.0205 0.5496, 7.0 -0.0216 0.554, 7.0 -0.0229 0.5566, 7.0 -0.0245 0.5585, 7.0 -0.0262 0.5597, 7.0 -0.0283 0.5605, 7.0 -0.0309 0.5609, 7.0 -0.0317 0.561, 7.0 -0.0345 0.5607, 7.0 -0.0365 0.5599, 7.0 -0.0384 0.5587, 7.0 -0.039 0.558, 7.0 -0.0417 0.5501, 7.0 -0.0413 0.5536, 7.0 -0.0413 0.5537, 7.0 -0.0405 0.556, 7.0 -0.0414 0.547, 7.0 -0.0413 0.5468, 7.0 -0.0405 0.5445, 7.0 -0.0391 0.5424, 7.0 -0.0371 0.5405, 7.0 -0.0356 0.5396, 7.0 -0.0356 0.5394, 7.0 -0.0409 0.5394, 7.0 -0.0409 0.5334, 7.0 -0.0189 0.5334, 7.0 -0.0144 0.5338, 7.0 -0.0116 0.5348, 7.0 -0.0097 0.536, 7.0 -0.0081 0.5376, 7.0 -0.007 0.5396, 7.0 -0.0062 0.5421, 7.0 -0.0269 0.5533, 7.0 -0.0263 0.5525, 7.0 -0.0256 0.551, 7.0 -0.0248 0.5474, 7.0 -0.0313 0.5549, 7.0 -0.0303 0.5548, 7.0 -0.0289 0.5545, 7.0 -0.0278 0.554, 7.0 -0.0353 0.5531, 7.0 -0.0347 0.5536, 7.0 -0.0337 0.5543, 7.0 -0.0326 0.5547, 7.0 -0.0368 0.5485, 7.0 -0.0366 0.5506, 7.0 -0.0361 0.5519, 7.0 -0.034 0.542, 7.0 -0.0347 0.5428, 7.0 -0.0359 0.5445, 7.0 -0.0366 0.5463, 7.0 -0.027 0.5394, 7.0 -0.0274 0.5394, 7.0 -0.0301 0.5398, 7.0 -0.0322 0.5407, 7.0 -0.0237 0.5394
            ]
        }
        coordIndex [
            0,1,2,-1,2,1,3,-1,4,0,5,-1,5,0,2,-1,6,4,7,-1,7,4,5,-1,8,6,9,-1,9,6,7,-1,10,8,11,-1,11,8,9,-1,12,10,13,-1,13,10,11,-1,14,12,15,-1,15,12,13,-1,16,14,17,-1,17,14,15,-1,18,16,19,-1,19,16,17,-1,20,18,21,-1,21,18,19,-1,22,20,23,-1,23,20,21,-1,1,22,3,-1,3,22,23,-1,22,1,0,-1,0,4,22,-1,22,4,6,-1,22,6,20,-1,16,18,14,-1,14,18,20,-1,14,20,12,-1,12,20,6,-1,12,6,10,-1,10,6,8,-1,24,25,26,-1,26,25,27,-1,28,29,30,-1,31,32,33,-1,33,32,34,-1,35,36,27,-1,27,36,37,-1,37,38,27,-1,27,38,39,-1,27,39,26,-1,26,39,40,-1,26,40,31,-1,31,40,41,-1,31,41,32,-1,30,35,28,-1,28,35,27,-1,28,27,42,-1,42,27,43,-1,42,43,44,-1,44,43,45,-1,44,45,46,-1,46,45,47,-1,46,47,48,-1,48,47,49,-1,48,49,50,-1,50,49,51,-1,50,51,52,-1,52,51,53,-1,52,53,54,-1,54,53,55,-1,54,55,56,-1,56,55,57,-1,56,57,58,-1,58,57,59,-1,58,59,60,-1,60,59,61,-1,62,63,64,-1,64,63,65,-1,64,65,66,-1,66,65,67,-1,66,67,68,-1,68,67,69,-1,68,69,70,-1,70,69,71,-1,70,71,72,-1,72,71,73,-1,72,73,34,-1,34,73,74,-1,34,74,33,-1,75,76,77,-1,77,76,78,-1,77,78,79,-1,79,78,80,-1,79,80,81,-1,81,80,82,-1,81,82,62,-1,62,82,83,-1,62,83,63,-1,28,84,29,-1,29,84,85,-1,29,85,86,-1,86,85,87,-1,86,87,88,-1,88,87,89,-1,88,89,90,-1,90,89,91,-1,90,91,75,-1,75,91,92,-1,75,92,76,-1,55,93,94,-1,55,94,57,-1,57,94,95,-1,57,95,59,-1,59,95,96,-1,59,96,61,-1,60,61,97,-1,97,61,96,-1,60,97,98,-1,60,98,58,-1,58,98,99,-1,58,99,56,-1,56,99,100,-1,56,100,54,-1,54,100,101,-1,54,101,52,-1,52,101,102,-1,52,102,50,-1,50,102,103,-1,50,103,48,-1,48,103,104,-1,48,104,46,-1,46,104,105,-1,46,105,44,-1,44,105,106,-1,44,106,42,-1,42,106,107,-1,42,107,28,-1,84,28,108,-1,108,28,107,-1,84,108,109,-1,84,109,85,-1,85,109,110,-1,85,110,87,-1,87,110,111,-1,87,111,89,-1,89,111,112,-1,89,112,91,-1,91,112,113,-1,91,113,92,-1,92,113,114,-1,92,114,76,-1,76,114,115,-1,76,115,78,-1,78,115,116,-1,78,116,80,-1,80,116,117,-1,80,117,82,-1,82,117,118,-1,82,118,83,-1,83,118,119,-1,83,119,63,-1,120,69,121,-1,121,69,67,-1,121,67,122,-1,122,67,65,-1,122,65,123,-1,123,65,63,-1,123,63,119,-1,69,120,124,-1,69,124,71,-1,71,124,125,-1,71,125,73,-1,125,126,73,-1,73,126,127,-1,73,127,74,-1,74,127,128,-1,74,128,33,-1,33,128,129,-1,33,129,31,-1,26,31,130,-1,130,31,129,-1,24,26,131,-1,131,26,130,-1,25,24,132,-1,132,24,131,-1,27,25,133,-1,133,25,132,-1,27,133,134,-1,27,134,43,-1,43,134,135,-1,43,135,45,-1,45,135,136,-1,45,136,47,-1,47,136,137,-1,47,137,49,-1,49,137,138,-1,49,138,51,-1,51,138,139,-1,51,139,53,-1,53,139,93,-1,53,93,55,-1,86,140,141,-1,86,141,29,-1,29,141,142,-1,29,142,30,-1,30,142,143,-1,30,143,35,-1,77,144,145,-1,77,145,75,-1,75,145,146,-1,75,146,90,-1,90,146,147,-1,90,147,88,-1,88,147,140,-1,88,140,86,-1,64,148,149,-1,64,149,62,-1,62,149,150,-1,62,150,81,-1,81,150,151,-1,81,151,79,-1,79,151,144,-1,79,144,77,-1,70,152,153,-1,70,153,68,-1,68,153,154,-1,68,154,66,-1,66,154,148,-1,66,148,64,-1,41,155,156,-1,41,156,32,-1,32,156,157,-1,32,157,34,-1,34,157,158,-1,34,158,72,-1,72,158,152,-1,72,152,70,-1,37,159,160,-1,37,160,38,-1,38,160,161,-1,38,161,39,-1,39,161,162,-1,39,162,40,-1,40,162,155,-1,40,155,41,-1,37,36,159,-1,159,36,163,-1,36,35,163,-1,163,35,143,-1,
        ]
    }
}
Shape{
    appearance Appearance {
        material  Material {
            diffuseColor 0.2235294117647059 0.2235294117647059 0.2235294117647059
            specularColor 0.11372549019607843 0.11372549019607843 0.11372549019607843
            ambientIntensity 0.2235
            transparency 0.0
            shininess 0.5
        }
    }
    geometry IndexedFaceSet {
        ccw TRUE
        solid FALSE
        coord DEF co Coordinate {
            point [
                7.0 -0.0237 0.5394, 7.0 -0.0248 0.5474, 7.0 -0.027 0.5394, 7.0 -0.0256 0.551, 7.0 -0.0263 0.5525, 7.0 -0.0269 0.5533, 7.0 -0.0274 0.5394, 7.0 -0.0301 0.5398, 7.0 -0.0278 0.554, 7.0 -0.0322 0.5407, 7.0 -0.0347 0.5536, 7.0 -0.0353 0.5531, 7.0 -0.0347 0.5428, 7.0 -0.0337 0.5543, 7.0 -0.0359 0.5445, 7.0 -0.0366 0.5463, 7.0 -0.0368 0.5485, 7.0 -0.0289 0.5545, 7.0 -0.0303 0.5548, 7.0 -0.034 0.542, 7.0 -0.0313 0.5549, 7.0 -0.0326 0.5547, 7.0 -0.0361 0.5519, 7.0 -0.0366 0.5506
            ]
        }
        coordIndex [
            0,1,2,-1,2,1,3,-1,3,4,2,-1,2,4,5,-1,2,5,6,-1,6,5,7,-1,7,5,8,-1,7,8,9,-1,10,11,12,-1,10,12,13,-1,14,12,15,-1,15,12,16,-1,8,17,9,-1,9,17,18,-1,9,18,19,-1,19,18,20,-1,19,20,12,-1,12,20,21,-1,12,21,13,-1,11,22,12,-1,12,22,23,-1,12,23,16,-1,
        ]
    }
}
Shape{
    appearance Appearance {
        material  Material {
            diffuseColor 1.0 1.0 1.0
            specularColor 0.5019607843137255 0.5019607843137255 0.5019607843137255
            ambientIntensity 1.0
            transparency 0.0
            shininess 0.5
        }
    }
    geometry IndexedFaceSet {
        ccw TRUE
        solid FALSE
        coord DEF co Coordinate {
            point [
                7.0 -0.0335 0.5252, 7.0 -0.0335 0.5252, 7.0 -0.035 0.5229, 7.0 -0.0368 0.5153, 7.0 -0.0368 0.5153, 7.0 -0.0364 0.5191, 7.0 -0.0364 0.5191, 7.0 -0.0351 0.5225, 7.0 -0.035 0.5229, 7.0 -0.0397 0.5252, 7.0 -0.0397 0.5252, 7.0 -0.0412 0.5209, 7.0 -0.0407 0.5225, 7.0 -0.0417 0.5159, 7.0 -0.0417 0.5159, 7.0 -0.0413 0.5199, 7.0 -0.0412 0.5209, 7.0 -0.0412 0.511, 7.0 -0.0413 0.5121, 7.0 -0.0412 0.511, 7.0 -0.0401 0.5078, 7.0 -0.0401 0.5078, 7.0 -0.039 0.5059, 7.0 -0.039 0.5059, 7.0 -0.0375 0.5042, 7.0 -0.0375 0.5042, 7.0 -0.0359 0.5031, 7.0 -0.0359 0.5031, 7.0 -0.034 0.5024, 7.0 -0.034 0.5024, 7.0 -0.0316 0.5021, 7.0 -0.0316 0.5021, 7.0 -0.0294 0.5023, 7.0 -0.0294 0.5023, 7.0 -0.0276 0.503, 7.0 -0.0276 0.503, 7.0 -0.0259 0.5041, 7.0 -0.0259 0.5041, 7.0 -0.0246 0.5055, 7.0 -0.0246 0.5055, 7.0 -0.0224 0.5095, 7.0 -0.0224 0.5095, 7.0 -0.0215 0.5118, 7.0 -0.0215 0.5118, 7.0 -0.0199 0.5156, 7.0 -0.0199 0.5156, 7.0 -0.0185 0.5177, 7.0 -0.0185 0.5177, 7.0 -0.0179 0.5183, 7.0 -0.0179 0.5183, 7.0 -0.0171 0.5187, 7.0 -0.0171 0.5187, 7.0 -0.0161 0.519, 7.0 -0.0161 0.519, 7.0 -0.0153 0.519, 7.0 -0.0153 0.519, 7.0 -0.0143 0.5189, 7.0 -0.0143 0.5189, 7.0 -0.0135 0.5186, 7.0 -0.0135 0.5186, 7.0 -0.0127 0.518, 7.0 -0.0127 0.518, 7.0 -0.012 0.5172, 7.0 -0.012 0.5172, 7.0 -0.0113 0.5158, 7.0 -0.0113 0.5158, 7.0 -0.0109 0.5142, 7.0 -0.0109 0.5142, 7.0 -0.0107 0.5124, 7.0 -0.0107 0.5124, 7.0 -0.0112 0.5085, 7.0 -0.0112 0.5085, 7.0 -0.0124 0.5051, 7.0 -0.0124 0.5051, 7.0 -0.0132 0.5037, 7.0 -0.0132 0.5037, 7.0 -0.0074 0.5037, 7.0 -0.0074 0.5037, 7.0 -0.0061 0.5085, 7.0 -0.0061 0.5085, 7.0 -0.0058 0.5118, 7.0 -0.0058 0.5118, 7.0 -0.0063 0.5163, 7.0 -0.0063 0.5163, 7.0 -0.0075 0.5196, 7.0 -0.0075 0.5196, 7.0 -0.0086 0.5214, 7.0 -0.0086 0.5214, 7.0 -0.0102 0.5231, 7.0 -0.0096 0.5225, 7.0 -0.0102 0.5231, 7.0 -0.0118 0.5243, 7.0 -0.0118 0.5243, 7.0 -0.0137 0.525, 7.0 -0.0137 0.525, 7.0 -0.0159 0.5252, 7.0 -0.0159 0.5252, 7.0 -0.0182 0.525, 7.0 -0.0182 0.525, 7.0 -0.0201 0.5243, 7.0 -0.0201 0.5243, 7.0 -0.0213 0.5235, 7.0 -0.0213 0.5235, 7.0 -0.0259 0.5161, 7.0 -0.0259 0.5161, 7.0 -0.0242 0.5197, 7.0 -0.0223 0.5225, 7.0 -0.0223 0.5225, 7.0 -0.0224 0.5225, 7.0 -0.0242 0.5197, 7.0 -0.0275 0.5121, 7.0 -0.0275 0.5121, 7.0 -0.0289 0.5098, 7.0 -0.0289 0.5098, 7.0 -0.0297 0.509, 7.0 -0.0297 0.509, 7.0 -0.0305 0.5086, 7.0 -0.0305 0.5086, 7.0 -0.0314 0.5083, 7.0 -0.0314 0.5083, 7.0 -0.0322 0.5082, 7.0 -0.0322 0.5082, 7.0 -0.0333 0.5084, 7.0 -0.0333 0.5084, 7.0 -0.0342 0.5087, 7.0 -0.0342 0.5087, 7.0 -0.035 0.5092, 7.0 -0.035 0.5092, 7.0 -0.0356 0.5099, 7.0 -0.0356 0.5099, 7.0 -0.0359 0.5104, 7.0 -0.0359 0.5104, 7.0 -0.0365 0.512, 7.0 -0.0365 0.512, 7.0 -0.0368 0.5151, 7.0 -0.0368 0.5151, 7.0 -0.0066 0.4722, 7.0 -0.0066 0.466, 7.0 -0.0066 0.4722, 7.0 -0.0066 0.466, 7.0 -0.0325 0.4816, 7.0 -0.0325 0.4816, 7.0 -0.0341 0.4821, 7.0 -0.0341 0.4821, 7.0 -0.0352 0.4824, 7.0 -0.0352 0.4824, 7.0 -0.0352 0.4825, 7.0 -0.0352 0.4825, 7.0 -0.0324 0.4832, 7.0 -0.0324 0.4832, 7.0 -0.0066 0.4922, 7.0 -0.0066 0.4922, 7.0 -0.015 0.4893, 7.0 -0.0066 0.4989, 7.0 -0.0066 0.4989, 7.0 -0.0409 0.4855, 7.0 -0.0409 0.4855, 7.0 -0.0311 0.4893, 7.0 -0.0471 0.4881, 7.0 -0.0471 0.4881, 7.0 -0.0413 0.4857, 7.0 -0.0493 0.4893, 7.0 -0.0493 0.4893, 7.0 -0.0493 0.4893, 7.0 -0.0505 0.4904, 7.0 -0.0505 0.4904, 7.0 -0.0513 0.4915, 7.0 -0.0513 0.4915, 7.0 -0.0518 0.4928, 7.0 -0.0518 0.4928, 7.0 -0.0519 0.4943, 7.0 -0.0519 0.4943, 7.0 -0.0517 0.4965, 7.0 -0.0517 0.4965, 7.0 -0.0512 0.4977, 7.0 -0.0512 0.4977, 7.0 -0.0566 0.4977, 7.0 -0.0566 0.4977, 7.0 -0.057 0.4951, 7.0 -0.057 0.4951, 7.0 -0.0571 0.4938, 7.0 -0.0571 0.4938, 7.0 -0.0568 0.4914, 7.0 -0.0568 0.4914, 7.0 -0.056 0.4893, 7.0 -0.0559 0.489, 7.0 -0.0559 0.489, 7.0 -0.0544 0.4869, 7.0 -0.0544 0.4869, 7.0 -0.0541 0.4865, 7.0 -0.0541 0.4865, 7.0 -0.0514 0.4843, 7.0 -0.0514 0.4843, 7.0 -0.0461 0.4816, 7.0 -0.0461 0.4816, 7.0 -0.0413 0.4797, 7.0 -0.0355 0.4337, 7.0 -0.0409 0.4337, 7.0 -0.0355 0.4337, 7.0 -0.0409 0.4337, 7.0 -0.0355 0.4533, 7.0 -0.0355 0.4533, 7.0 -0.0355 0.4443, 7.0 -0.0193 0.4533, 7.0 -0.0193 0.4533, 7.0 -0.0193 0.4361, 7.0 -0.0193 0.4361, 7.0 -0.0193 0.4443, 7.0 -0.0138 0.4361, 7.0 -0.0138 0.4361, 7.0 -0.0138 0.4533, 7.0 -0.0138 0.4533, 7.0 -0.0138 0.4443, 7.0 0.0016 0.4533, 7.0 0.0016 0.4533, 7.0 0.0016 0.4348, 7.0 0.0016 0.4348, 7.0 0.0016 0.4443, 7.0 0.0071 0.4348, 7.0 0.0071 0.4348, 7.0 0.0071 0.4595, 7.0 0.0071 0.4595, 7.0 0.0071 0.4443, 7.0 -0.0409 0.4595, 7.0 -0.0409 0.4595, 7.0 -0.0409 0.4443, 7.0 -0.0046 0.3956, 7.0 -0.0012 0.3907, 7.0 -0.0029 0.3973, 7.0 0.0007 0.3927, 7.0 -0.0005 0.401, 7.0 0.004 0.3975, 7.0 0.001 0.4052, 7.0 0.0062 0.4033, 7.0 0.0016 0.4111, 7.0 0.0071 0.4109, 7.0 0.0016 0.4184, 7.0 0.0071 0.4246, 7.0 -0.0355 0.4184, 7.0 -0.0409 0.4246, 7.0 -0.0355 0.4114, 7.0 -0.0409 0.4114, 7.0 -0.0348 0.4054, 7.0 -0.0401 0.404, 7.0 -0.0334 0.4013, 7.0 -0.0381 0.3983, 7.0 -0.0313 0.3981, 7.0 -0.035 0.3936, 7.0 -0.0304 0.3971, 7.0 -0.0342 0.3927, 7.0 -0.0273 0.3946, 7.0 -0.0302 0.3893, 7.0 -0.0237 0.393, 7.0 -0.0253 0.3869, 7.0 -0.0192 0.3921, 7.0 -0.0197 0.3857, 7.0 -0.0165 0.392, 7.0 -0.0163 0.3855, 7.0 -0.0111 0.3926, 7.0 -0.0102 0.3862, 7.0 -0.0074 0.3939, 7.0 -0.0055 0.3878, 7.0 -0.0409 0.4114, 7.0 -0.0409 0.4246, 7.0 -0.0401 0.404, 7.0 -0.0381 0.3983, 7.0 -0.035 0.3936, 7.0 -0.0342 0.3927, 7.0 -0.0302 0.3893, 7.0 -0.0253 0.3869, 7.0 -0.0197 0.3857, 7.0 -0.0163 0.3855, 7.0 -0.0102 0.3862, 7.0 -0.0055 0.3878, 7.0 -0.0012 0.3907, 7.0 0.0007 0.3927, 7.0 0.004 0.3975, 7.0 0.0062 0.4033, 7.0 0.0071 0.4109, 7.0 0.0071 0.4246, 7.0 0.0016 0.4111, 7.0 0.0016 0.4184, 7.0 -0.0355 0.4184, 7.0 -0.0355 0.4114, 7.0 -0.0304 0.3971, 7.0 -0.0313 0.3981, 7.0 -0.0334 0.4013, 7.0 -0.0348 0.4054, 7.0 -0.0165 0.392, 7.0 -0.0192 0.3921, 7.0 -0.0237 0.393, 7.0 -0.0273 0.3946, 7.0 -0.0029 0.3973, 7.0 -0.0046 0.3956, 7.0 -0.0074 0.3939, 7.0 -0.0111 0.3926, 7.0 0.001 0.4052, 7.0 -0.0005 0.401
            ]
        }
        coordIndex [
            0,1,2,-1,3,4,5,-1,3,5,6,-1,6,5,7,-1,6,7,2,-1,2,7,8,-1,2,8,0,-1,9,1,10,-1,10,1,0,-1,11,9,12,-1,12,9,10,-1,13,14,15,-1,15,14,11,-1,15,11,16,-1,16,11,12,-1,17,14,18,-1,18,14,13,-1,18,19,17,-1,17,19,20,-1,17,20,21,-1,21,20,22,-1,21,22,23,-1,23,22,24,-1,23,24,25,-1,25,24,26,-1,25,26,27,-1,27,26,28,-1,27,28,29,-1,29,28,30,-1,29,30,31,-1,31,30,32,-1,31,32,33,-1,33,32,34,-1,33,34,35,-1,35,34,36,-1,35,36,37,-1,37,36,38,-1,37,38,39,-1,39,38,40,-1,39,40,41,-1,41,40,42,-1,41,42,43,-1,43,42,44,-1,43,44,45,-1,45,44,46,-1,45,46,47,-1,47,46,48,-1,47,48,49,-1,49,48,50,-1,49,50,51,-1,51,50,52,-1,51,52,53,-1,53,52,54,-1,53,54,55,-1,55,54,56,-1,55,56,57,-1,57,56,58,-1,57,58,59,-1,59,58,60,-1,59,60,61,-1,61,60,62,-1,61,62,63,-1,63,62,64,-1,63,64,65,-1,65,64,66,-1,65,66,67,-1,67,66,68,-1,67,68,69,-1,69,68,70,-1,69,70,71,-1,71,70,72,-1,71,72,73,-1,73,72,74,-1,73,74,75,-1,76,75,77,-1,77,75,74,-1,76,77,78,-1,76,78,79,-1,79,78,80,-1,79,80,81,-1,81,80,82,-1,81,82,83,-1,83,82,84,-1,83,84,85,-1,85,84,86,-1,85,86,87,-1,88,87,89,-1,89,87,86,-1,89,90,88,-1,88,90,91,-1,88,91,92,-1,92,91,93,-1,92,93,94,-1,94,93,95,-1,94,95,96,-1,96,95,97,-1,96,97,98,-1,98,97,99,-1,98,99,100,-1,100,99,101,-1,100,101,102,-1,103,104,105,-1,102,101,106,-1,102,106,107,-1,107,106,108,-1,107,108,105,-1,105,108,109,-1,105,109,103,-1,104,103,110,-1,104,110,111,-1,111,110,112,-1,111,112,113,-1,113,112,114,-1,113,114,115,-1,115,114,116,-1,115,116,117,-1,117,116,118,-1,117,118,119,-1,119,118,120,-1,119,120,121,-1,121,120,122,-1,121,122,123,-1,123,122,124,-1,123,124,125,-1,125,124,126,-1,125,126,127,-1,127,126,128,-1,127,128,129,-1,129,128,130,-1,129,130,131,-1,131,130,132,-1,131,132,133,-1,133,132,134,-1,133,134,135,-1,135,134,4,-1,135,4,3,-1,59,88,92,-1,111,43,104,-1,104,43,45,-1,59,92,57,-1,57,92,94,-1,57,94,55,-1,55,94,96,-1,55,96,53,-1,53,96,98,-1,53,98,51,-1,51,98,100,-1,51,100,49,-1,49,100,102,-1,49,102,47,-1,47,102,107,-1,47,107,45,-1,45,107,105,-1,45,105,104,-1,88,59,87,-1,87,59,61,-1,87,61,85,-1,85,61,63,-1,85,63,83,-1,21,23,127,-1,127,23,25,-1,127,25,125,-1,125,25,27,-1,125,27,123,-1,123,27,29,-1,123,29,121,-1,121,29,31,-1,121,31,119,-1,119,31,33,-1,119,33,117,-1,117,33,35,-1,117,35,115,-1,115,35,37,-1,115,37,113,-1,113,37,39,-1,113,39,111,-1,111,39,41,-1,111,41,43,-1,14,3,11,-1,11,3,6,-1,11,6,9,-1,9,6,2,-1,9,2,1,-1,63,65,83,-1,83,65,67,-1,83,67,81,-1,81,67,69,-1,81,69,79,-1,79,69,71,-1,79,71,76,-1,76,71,73,-1,76,73,75,-1,127,129,21,-1,21,129,131,-1,21,131,17,-1,17,131,133,-1,17,133,14,-1,14,133,135,-1,14,135,3,-1,136,137,138,-1,138,137,139,-1,140,136,141,-1,141,136,138,-1,140,141,142,-1,140,142,143,-1,143,142,144,-1,143,144,145,-1,146,145,147,-1,147,145,144,-1,148,146,149,-1,149,146,147,-1,150,151,152,-1,152,151,148,-1,152,148,149,-1,153,151,154,-1,154,151,150,-1,155,156,157,-1,157,156,153,-1,157,153,154,-1,158,159,160,-1,160,159,156,-1,160,156,155,-1,159,158,161,-1,159,161,162,-1,162,161,163,-1,162,163,164,-1,163,165,164,-1,164,165,166,-1,164,166,167,-1,167,166,168,-1,167,168,169,-1,169,168,170,-1,169,170,171,-1,171,170,172,-1,171,172,173,-1,173,172,174,-1,173,174,175,-1,176,175,177,-1,177,175,174,-1,176,177,178,-1,176,178,179,-1,179,178,180,-1,179,180,181,-1,181,180,182,-1,181,182,183,-1,183,182,184,-1,183,184,185,-1,184,186,185,-1,185,186,187,-1,185,187,188,-1,188,187,189,-1,188,189,190,-1,190,189,191,-1,190,191,192,-1,192,191,193,-1,192,193,194,-1,139,137,195,-1,195,137,194,-1,195,194,193,-1,143,145,194,-1,137,136,194,-1,194,136,140,-1,194,140,143,-1,151,153,148,-1,148,153,156,-1,148,156,146,-1,192,162,190,-1,190,162,164,-1,175,176,173,-1,173,176,179,-1,173,179,171,-1,171,179,181,-1,171,181,169,-1,169,181,183,-1,169,183,167,-1,167,183,185,-1,167,185,164,-1,164,185,188,-1,164,188,190,-1,145,146,194,-1,194,146,156,-1,194,156,192,-1,192,156,159,-1,192,159,162,-1,196,197,198,-1,198,197,199,-1,200,201,202,-1,202,201,196,-1,202,196,198,-1,203,201,204,-1,204,201,200,-1,205,206,207,-1,207,206,203,-1,207,203,204,-1,208,206,209,-1,209,206,205,-1,210,211,212,-1,212,211,208,-1,212,208,209,-1,213,211,214,-1,214,211,210,-1,215,216,217,-1,217,216,213,-1,217,213,214,-1,218,216,219,-1,219,216,215,-1,220,221,222,-1,222,221,218,-1,222,218,219,-1,223,221,224,-1,224,221,220,-1,199,197,225,-1,225,197,223,-1,225,223,224,-1,223,197,196,-1,196,201,223,-1,223,201,203,-1,223,203,221,-1,216,218,213,-1,213,218,221,-1,213,221,211,-1,211,221,203,-1,211,203,208,-1,208,203,206,-1,226,227,228,-1,228,227,229,-1,228,229,230,-1,230,229,231,-1,230,231,232,-1,232,231,233,-1,232,233,234,-1,234,233,235,-1,234,235,236,-1,236,235,237,-1,236,237,238,-1,238,237,239,-1,238,239,240,-1,240,239,241,-1,240,241,242,-1,242,241,243,-1,242,243,244,-1,244,243,245,-1,244,245,246,-1,246,245,247,-1,246,247,248,-1,248,247,249,-1,248,249,250,-1,250,249,251,-1,250,251,252,-1,252,251,253,-1,252,253,254,-1,254,253,255,-1,254,255,256,-1,256,255,257,-1,256,257,258,-1,258,257,259,-1,258,259,260,-1,260,259,261,-1,260,261,226,-1,226,261,227,-1,241,239,262,-1,262,239,263,-1,241,262,264,-1,241,264,243,-1,243,264,265,-1,243,265,245,-1,245,265,266,-1,245,266,247,-1,247,266,267,-1,247,267,249,-1,249,267,268,-1,249,268,251,-1,251,268,269,-1,251,269,253,-1,253,269,270,-1,253,270,255,-1,255,270,271,-1,255,271,257,-1,257,271,272,-1,257,272,259,-1,259,272,273,-1,259,273,261,-1,261,273,274,-1,261,274,227,-1,227,274,275,-1,227,275,229,-1,229,275,276,-1,229,276,231,-1,231,276,277,-1,231,277,233,-1,233,277,278,-1,233,278,235,-1,237,235,279,-1,279,235,278,-1,239,237,263,-1,263,237,279,-1,234,236,280,-1,280,236,281,-1,236,238,281,-1,281,238,282,-1,238,240,282,-1,282,240,283,-1,248,284,285,-1,248,285,246,-1,246,285,286,-1,246,286,244,-1,244,286,287,-1,244,287,242,-1,242,287,283,-1,242,283,240,-1,256,288,289,-1,256,289,254,-1,254,289,290,-1,254,290,252,-1,252,290,291,-1,252,291,250,-1,250,291,284,-1,250,284,248,-1,228,292,293,-1,228,293,226,-1,226,293,294,-1,226,294,260,-1,260,294,295,-1,260,295,258,-1,258,295,288,-1,258,288,256,-1,234,280,296,-1,234,296,232,-1,232,296,297,-1,232,297,230,-1,230,297,292,-1,230,292,228,-1,
        ]
    }
}
Shape{
    appearance Appearance {
        material  Material {
            diffuseColor 0.2235294117647059 0.2235294117647059 0.2235294117647059
            specularColor 0.11372549019607843 0.11372549019607843 0.11372549019607843
            ambientIntensity 0.2235
            transparency 0.0
            shininess 0.5
        }
    }
    geometry IndexedFaceSet {
        ccw TRUE
        solid FALSE
        coord DEF co Coordinate {
            point [
                7.0 0.0016 0.4184, 7.0 -0.0355 0.4184, 7.0 0.0016 0.4111, 7.0 -0.0355 0.4114, 7.0 -0.0348 0.4054, 7.0 -0.0334 0.4013, 7.0 -0.0313 0.3981, 7.0 -0.0304 0.3971, 7.0 -0.0273 0.3946, 7.0 -0.0237 0.393, 7.0 -0.0192 0.3921, 7.0 -0.0165 0.392, 7.0 -0.0111 0.3926, 7.0 -0.0074 0.3939, 7.0 -0.0046 0.3956, 7.0 -0.0029 0.3973, 7.0 0.001 0.4052, 7.0 -0.0005 0.401
            ]
        }
        coordIndex [
            0,1,2,-1,2,1,3,-1,2,3,4,-1,4,5,2,-1,2,5,6,-1,2,6,7,-1,7,8,2,-1,2,8,9,-1,2,9,10,-1,10,11,2,-1,2,11,12,-1,2,12,13,-1,13,14,2,-1,2,14,15,-1,2,15,16,-1,16,15,17,-1,
        ]
    }
}
Shape{
    appearance Appearance {
        material  Material {
            diffuseColor 1.0 1.0 1.0
            specularColor 0.5019607843137255 0.5019607843137255 0.5019607843137255
            ambientIntensity 1.0
            transparency 0.0
            shininess 0.5
        }
    }
    geometry IndexedFaceSet {
        ccw TRUE
        solid FALSE
        coord DEF co Coordinate {
            point [
                7.0 -0.0224 0.3694, 7.0 -0.0278 0.3714, 7.0 -0.0224 0.3533, 7.0 -0.0278 0.3514, 7.0 -0.0024 0.3622, 7.0 0.0071 0.3645, 7.0 -0.0409 0.3828, 7.0 -0.0409 0.376, 7.0 -0.001 0.3618, 7.0 0.001 0.3614, 7.0 0.0071 0.3579, 7.0 0.001 0.3613, 7.0 -0.0011 0.3609, 7.0 -0.0024 0.3605, 7.0 -0.0409 0.3396, 7.0 -0.0409 0.3465, 7.0 0.0071 0.3579, 7.0 -0.0409 0.3396, 7.0 0.0071 0.3645, 7.0 -0.0409 0.3828, 7.0 -0.0409 0.376, 7.0 -0.0278 0.3714, 7.0 -0.0278 0.3514, 7.0 -0.0409 0.3465, 7.0 -0.0224 0.3694, 7.0 -0.0224 0.3533, 7.0 -0.0024 0.3605, 7.0 0.001 0.3613, 7.0 -0.0011 0.3609, 7.0 0.001 0.3614, 7.0 -0.0024 0.3622, 7.0 -0.001 0.3618
            ]
        }
        coordIndex [
            0,1,2,-1,2,1,3,-1,4,5,0,-1,0,5,6,-1,0,6,1,-1,1,6,7,-1,4,8,5,-1,5,8,9,-1,5,9,10,-1,10,9,11,-1,10,11,12,-1,12,13,10,-1,10,13,2,-1,10,2,14,-1,14,2,3,-1,14,3,15,-1,10,14,16,-1,16,14,17,-1,5,10,18,-1,18,10,16,-1,6,5,19,-1,19,5,18,-1,7,6,20,-1,20,6,19,-1,1,7,21,-1,21,7,20,-1,3,1,22,-1,22,1,21,-1,15,3,23,-1,23,3,22,-1,14,15,17,-1,17,15,23,-1,0,2,24,-1,24,2,25,-1,2,13,25,-1,25,13,26,-1,11,27,28,-1,11,28,12,-1,12,28,26,-1,12,26,13,-1,11,9,27,-1,27,9,29,-1,4,30,31,-1,4,31,8,-1,8,31,29,-1,8,29,9,-1,4,0,30,-1,30,0,24,-1,
        ]
    }
}
Shape{
    appearance Appearance {
        material  Material {
            diffuseColor 0.2235294117647059 0.2235294117647059 0.2235294117647059
            specularColor 0.11372549019607843 0.11372549019607843 0.11372549019607843
            ambientIntensity 0.2235
            transparency 0.0
            shininess 0.5
        }
    }
    geometry IndexedFaceSet {
        ccw TRUE
        solid FALSE
        coord DEF co Coordinate {
            point [
                7.0 0.001 0.3613, 7.0 0.001 0.3614, 7.0 -0.0011 0.3609, 7.0 -0.001 0.3618, 7.0 -0.0024 0.3605, 7.0 -0.0024 0.3622, 7.0 -0.0224 0.3533, 7.0 -0.0224 0.3694
            ]
        }
        coordIndex [
            0,1,2,-1,2,1,3,-1,2,3,4,-1,4,3,5,-1,4,5,6,-1,6,5,7,-1,
        ]
    }
}
Shape{
    appearance Appearance {
        material  Material {
            diffuseColor 1.0 1.0 1.0
            specularColor 0.5019607843137255 0.5019607843137255 0.5019607843137255
            ambientIntensity 1.0
            transparency 0.0
            shininess 0.5
        }
    }
    geometry IndexedFaceSet {
        ccw TRUE
        solid FALSE
        coord DEF co Coordinate {
            point [
                7.0 -0.048 0.8046, 7.0 -0.0542 0.7994, 7.0 -0.0175 0.8078, 7.0 0.0028 0.7636, 7.0 0.0048 0.7719, 7.0 -0.0169 0.7794, 7.0 -0.0127 0.8155, 7.0 -0.0389 0.8132, 7.0 -0.0404 0.8082, 7.0 -0.0168 0.7732, 7.0 -0.018 0.77, 7.0 -0.0261 0.7416, 7.0 -0.0198 0.7673, 7.0 -0.0223 0.7651, 7.0 -0.0008 0.6937, 7.0 0.0173 0.7043, 7.0 -0.0066 0.7501, 7.0 -0.0165 0.7761, 7.0 -0.0308 0.7893, 7.0 -0.0275 0.7892, 7.0 -0.0243 0.7882, 7.0 -0.0105 0.8042, 7.0 -0.0214 0.7864, 7.0 -0.004 0.7986, 7.0 -0.02 0.7851, 7.0 0.001 0.7917, 7.0 -0.0181 0.7824, 7.0 0.0039 0.7842, 7.0 0.005 0.7757, 7.0 0.0693 0.7545, 7.0 0.0739 0.7434, 7.0 0.0941 0.7475, 7.0 -0.0251 0.7636, 7.0 -0.0282 0.7628, 7.0 -0.0295 0.7416, 7.0 -0.0314 0.7628, 7.0 -0.0342 0.7419, 7.0 -0.0346 0.7636, 7.0 -0.0425 0.7442, 7.0 -0.001 0.7563, 7.0 0.033 0.6825, 7.0 0.033 0.6797, 7.0 0.0515 0.6657, 7.0 0.0322 0.673, 7.0 0.0511 0.6645, 7.0 0.0298 0.667, 7.0 0.0461 0.6543, 7.0 0.0383 0.6449, 7.0 0.0962 0.7306, 7.0 -0.034 0.7887, 7.0 -0.0369 0.7874, 7.0 0.026 0.6618, 7.0 0.0225 0.6585, 7.0 0.0287 0.6379, 7.0 0.0167 0.6552, 7.0 0.0183 0.6336, 7.0 0.0102 0.6534, 7.0 0.0067 0.6319, 7.0 0.0064 0.6531, 7.0 -0.005 0.6334, 7.0 -0.0006 0.654, 7.0 -0.0158 0.6375, 7.0 -0.0066 0.6564, 7.0 -0.0257 0.6446, 7.0 -0.0118 0.6601, 7.0 -0.0333 0.6534, 7.0 -0.0161 0.6652, 7.0 -0.0385 0.6637, 7.0 -0.019 0.6711, 7.0 -0.0411 0.6756, 7.0 -0.0203 0.6777, 7.0 -0.0411 0.6958, 7.0 -0.0203 0.6931, 7.0 -0.0408 0.6977, 7.0 0.0443 0.7786, 7.0 0.0429 0.7761, 7.0 0.0679 0.7866, 7.0 0.0542 0.7705, 7.0 0.0738 0.7817, 7.0 0.0633 0.7628, 7.0 0.0829 0.7716, 7.0 0.0881 0.7632, 7.0 0.0757 0.7321, 7.0 0.0757 0.7303, 7.0 0.0946 0.716, 7.0 0.0742 0.7182, 7.0 0.0884 0.6989, 7.0 0.0699 0.7075, 7.0 0.0785 0.6842, 7.0 0.0633 0.6982, 7.0 0.0655 0.673, 7.0 0.0543 0.6903, 7.0 0.0434 0.6848, 7.0 0.0225 0.8272, 7.0 0.0159 0.8498, 7.0 0.0139 0.8283, 7.0 0.0132 0.8498, 7.0 0.0075 0.8277, 7.0 -0.0007 0.848, 7.0 -0.0007 0.825, 7.0 -0.0134 0.843, 7.0 -0.0064 0.8216, 7.0 -0.024 0.8355, 7.0 -0.0327 0.8255, 7.0 0.0471 0.7863, 7.0 0.0683 0.7906, 7.0 0.0481 0.7942, 7.0 0.0685 0.7945, 7.0 0.0477 0.7988, 7.0 0.0667 0.8086, 7.0 0.0454 0.8072, 7.0 0.0616 0.8212, 7.0 0.0412 0.8147, 7.0 0.0539 0.832, 7.0 0.0369 0.8194, 7.0 0.0522 0.8338, 7.0 0.0301 0.8242, 7.0 0.0411 0.8423, 7.0 0.0288 0.8476, 7.0 -0.05 0.7484, 7.0 -0.0376 0.7652, 7.0 -0.0547 0.7528, 7.0 -0.0397 0.7671, 7.0 -0.0595 0.7595, 7.0 -0.0415 0.7697, 7.0 -0.0625 0.7671, 7.0 -0.0427 0.7726, 7.0 -0.0636 0.7757, 7.0 -0.0431 0.7761, 7.0 -0.0636 0.7767, 7.0 -0.0431 0.7766, 7.0 -0.0624 0.7848, 7.0 -0.0426 0.7797, 7.0 -0.0592 0.7927, 7.0 -0.0413 0.7828, 7.0 -0.0393 0.7854, 7.0 -0.0199 0.6948, 7.0 -0.0375 0.703, 7.0 -0.0383 0.7022, 7.0 -0.0202 0.6937, 7.0 -0.0399 0.7, 7.0 -0.0305 0.7057, 7.0 -0.0331 0.7054, 7.0 -0.0354 0.7045, 7.0 -0.0203 0.6978, 7.0 -0.0212 0.7001, 7.0 -0.0292 0.7056, 7.0 -0.0227 0.7022, 7.0 -0.0242 0.7036, 7.0 -0.0266 0.7049, 7.0 -0.0199 0.6951, 7.0 0.0067 0.6319, 7.0 0.0183 0.6336, 7.0 0.0349 0.6424, 7.0 0.0208 0.6346, 7.0 0.0287 0.6379, 7.0 0.0383 0.6449, 7.0 0.0461 0.6543, 7.0 0.0511 0.6645, 7.0 0.0515 0.6657, 7.0 0.0655 0.673, 7.0 0.0785 0.6842, 7.0 0.0837 0.692, 7.0 0.0884 0.6989, 7.0 0.0946 0.716, 7.0 0.0962 0.7306, 7.0 0.0829 0.7716, 7.0 0.0837 0.7703, 7.0 0.0881 0.7632, 7.0 0.0941 0.7475, 7.0 0.0738 0.7817, 7.0 0.0679 0.7866, 7.0 0.0683 0.7906, 7.0 0.0685 0.7945, 7.0 0.0667 0.8086, 7.0 0.0616 0.8212, 7.0 0.0539 0.832, 7.0 0.0522 0.8338, 7.0 0.0132 0.8498, 7.0 0.0411 0.8423, 7.0 0.0349 0.845, 7.0 0.0288 0.8476, 7.0 0.0208 0.849, 7.0 0.0159 0.8498, 7.0 -0.0007 0.848, 7.0 -0.0134 0.843, 7.0 -0.024 0.8355, 7.0 -0.0327 0.8255, 7.0 -0.0389 0.8132, 7.0 -0.0404 0.8082, 7.0 -0.0413 0.8077, 7.0 -0.048 0.8046, 7.0 -0.0542 0.7994, 7.0 -0.0592 0.7927, 7.0 -0.0604 0.7899, 7.0 -0.0624 0.7848, 7.0 -0.0636 0.7767, 7.0 -0.0636 0.7757, 7.0 -0.0295 0.7416, 7.0 -0.0625 0.7671, 7.0 -0.0604 0.7616, 7.0 -0.0595 0.7595, 7.0 -0.0547 0.7528, 7.0 -0.05 0.7484, 7.0 -0.0425 0.7442, 7.0 -0.0413 0.7438, 7.0 -0.0342 0.7419, 7.0 -0.0261 0.7416, 7.0 -0.0008 0.6937, 7.0 0.0173 0.7043, 7.0 -0.0066 0.7501, 7.0 -0.001 0.7563, 7.0 0.0028 0.7636, 7.0 0.0048 0.7719, 7.0 0.005 0.7757, 7.0 0.0039 0.7842, 7.0 0.001 0.7917, 7.0 -0.004 0.7986, 7.0 -0.0105 0.8042, 7.0 -0.0175 0.8078, 7.0 -0.0127 0.8155, 7.0 -0.0064 0.8216, 7.0 -0.0007 0.825, 7.0 0.0075 0.8277, 7.0 0.0139 0.8283, 7.0 0.0208 0.8274, 7.0 0.0225 0.8272, 7.0 0.0301 0.8242, 7.0 0.0349 0.8208, 7.0 0.0369 0.8194, 7.0 0.0412 0.8147, 7.0 0.0454 0.8072, 7.0 0.0477 0.7988, 7.0 0.0481 0.7942, 7.0 0.0471 0.7863, 7.0 0.0443 0.7786, 7.0 0.0429 0.7761, 7.0 0.0542 0.7705, 7.0 0.0633 0.7628, 7.0 0.0693 0.7545, 7.0 0.0739 0.7434, 7.0 0.0757 0.7321, 7.0 0.0757 0.7303, 7.0 0.033 0.6825, 7.0 0.0349 0.6829, 7.0 0.0434 0.6848, 7.0 0.0543 0.6903, 7.0 0.0633 0.6982, 7.0 0.0699 0.7075, 7.0 0.0742 0.7182, 7.0 0.033 0.6797, 7.0 0.0322 0.673, 7.0 0.0298 0.667, 7.0 0.026 0.6618, 7.0 0.0225 0.6585, 7.0 0.0208 0.6575, 7.0 0.0167 0.6552, 7.0 0.0102 0.6534, 7.0 0.0064 0.6531, 7.0 -0.0006 0.654, 7.0 -0.0066 0.6564, 7.0 -0.0118 0.6601, 7.0 -0.0161 0.6652, 7.0 -0.019 0.6711, 7.0 -0.0203 0.6777, 7.0 -0.0203 0.6931, 7.0 -0.0202 0.6937, 7.0 -0.0199 0.6948, 7.0 -0.0199 0.6951, 7.0 -0.0203 0.6978, 7.0 -0.0212 0.7001, 7.0 -0.0227 0.7022, 7.0 -0.0242 0.7036, 7.0 -0.0266 0.7049, 7.0 -0.0292 0.7056, 7.0 -0.0305 0.7057, 7.0 -0.0331 0.7054, 7.0 -0.0354 0.7045, 7.0 -0.0375 0.703, 7.0 -0.0383 0.7022, 7.0 -0.0399 0.7, 7.0 -0.0408 0.6977, 7.0 -0.0411 0.6958, 7.0 -0.0411 0.6756, 7.0 -0.0385 0.6637, 7.0 -0.0333 0.6534, 7.0 -0.0257 0.6446, 7.0 -0.0158 0.6375, 7.0 -0.005 0.6334, 7.0 -0.0165 0.7761, 7.0 -0.0168 0.7732, 7.0 -0.018 0.77, 7.0 -0.0198 0.7673, 7.0 -0.0223 0.7651, 7.0 -0.0251 0.7636, 7.0 -0.0282 0.7628, 7.0 -0.0314 0.7628, 7.0 -0.0346 0.7636, 7.0 -0.0376 0.7652, 7.0 -0.0397 0.7671, 7.0 -0.0415 0.7697, 7.0 -0.0427 0.7726, 7.0 -0.0431 0.7761, 7.0 -0.0431 0.7766, 7.0 -0.0426 0.7797, 7.0 -0.0413 0.7828, 7.0 -0.0393 0.7854, 7.0 -0.0369 0.7874, 7.0 -0.034 0.7887, 7.0 -0.0308 0.7893, 7.0 -0.0275 0.7892, 7.0 -0.0243 0.7882, 7.0 -0.0214 0.7864, 7.0 -0.02 0.7851, 7.0 -0.0181 0.7824, 7.0 -0.0169 0.7794
            ]
        }
        coordIndex [
            0,1,2,-1,3,4,5,-1,6,7,2,-1,2,7,8,-1,2,8,0,-1,9,10,11,-1,11,10,12,-1,11,12,13,-1,14,15,11,-1,11,15,16,-1,11,16,9,-1,9,16,17,-1,18,19,2,-1,2,19,20,-1,2,20,21,-1,21,20,22,-1,21,22,23,-1,23,22,24,-1,23,24,25,-1,25,24,26,-1,25,26,27,-1,27,26,5,-1,27,5,28,-1,28,5,4,-1,29,30,31,-1,13,32,11,-1,11,32,33,-1,11,33,34,-1,34,33,35,-1,34,35,36,-1,36,35,37,-1,36,37,38,-1,17,16,5,-1,5,16,39,-1,5,39,3,-1,40,41,42,-1,42,41,43,-1,42,43,44,-1,44,43,45,-1,44,45,46,-1,46,45,47,-1,31,30,48,-1,18,2,49,-1,49,2,1,-1,49,1,50,-1,45,51,47,-1,47,51,52,-1,47,52,53,-1,53,52,54,-1,53,54,55,-1,55,54,56,-1,55,56,57,-1,57,56,58,-1,57,58,59,-1,59,58,60,-1,59,60,61,-1,61,60,62,-1,61,62,63,-1,63,62,64,-1,63,64,65,-1,65,64,66,-1,65,66,67,-1,67,66,68,-1,67,68,69,-1,69,68,70,-1,69,70,71,-1,71,70,72,-1,71,72,73,-1,74,75,76,-1,76,75,77,-1,76,77,78,-1,78,77,79,-1,78,79,80,-1,80,79,29,-1,80,29,81,-1,81,29,31,-1,30,82,48,-1,48,82,83,-1,48,83,84,-1,84,83,85,-1,84,85,86,-1,86,85,87,-1,86,87,88,-1,88,87,89,-1,88,89,90,-1,90,89,91,-1,90,91,42,-1,42,91,92,-1,42,92,40,-1,93,94,95,-1,95,94,96,-1,95,96,97,-1,97,96,98,-1,97,98,99,-1,99,98,100,-1,99,100,101,-1,101,100,102,-1,101,102,6,-1,6,102,103,-1,6,103,7,-1,74,76,104,-1,104,76,105,-1,104,105,106,-1,106,105,107,-1,106,107,108,-1,108,107,109,-1,108,109,110,-1,110,109,111,-1,110,111,112,-1,112,111,113,-1,112,113,114,-1,114,113,115,-1,114,115,116,-1,116,115,117,-1,116,117,93,-1,93,117,118,-1,93,118,94,-1,38,37,119,-1,119,37,120,-1,119,120,121,-1,121,120,122,-1,121,122,123,-1,123,122,124,-1,123,124,125,-1,125,124,126,-1,125,126,127,-1,127,126,128,-1,127,128,129,-1,129,128,130,-1,129,130,131,-1,131,130,132,-1,131,132,133,-1,133,132,134,-1,133,134,1,-1,1,134,135,-1,1,135,50,-1,136,137,138,-1,72,139,73,-1,73,139,136,-1,73,136,140,-1,140,136,138,-1,141,142,136,-1,136,142,143,-1,136,143,137,-1,144,145,146,-1,145,147,146,-1,146,147,148,-1,146,148,149,-1,141,136,146,-1,146,136,150,-1,146,150,144,-1,57,151,152,-1,153,47,53,-1,57,152,55,-1,55,152,154,-1,55,154,53,-1,53,154,155,-1,53,155,153,-1,153,156,47,-1,47,156,157,-1,47,157,46,-1,46,157,158,-1,46,158,44,-1,44,158,159,-1,44,159,42,-1,42,159,160,-1,42,160,90,-1,90,160,161,-1,90,161,88,-1,88,161,162,-1,88,162,86,-1,162,163,86,-1,86,163,164,-1,86,164,84,-1,84,164,165,-1,84,165,48,-1,166,80,167,-1,167,80,81,-1,167,81,168,-1,168,81,31,-1,168,31,169,-1,169,31,48,-1,169,48,165,-1,80,166,170,-1,80,170,78,-1,78,170,171,-1,78,171,76,-1,76,171,172,-1,76,172,105,-1,105,172,173,-1,105,173,107,-1,107,173,174,-1,107,174,109,-1,109,174,175,-1,109,175,111,-1,111,175,176,-1,111,176,113,-1,113,176,177,-1,113,177,115,-1,178,96,94,-1,115,177,179,-1,115,179,117,-1,117,179,180,-1,117,180,118,-1,180,181,118,-1,118,181,182,-1,118,182,94,-1,94,182,183,-1,94,183,178,-1,96,178,184,-1,96,184,98,-1,98,184,185,-1,98,185,100,-1,100,185,186,-1,100,186,102,-1,102,186,187,-1,102,187,103,-1,103,187,188,-1,103,188,7,-1,7,188,189,-1,7,189,8,-1,8,189,190,-1,8,190,0,-1,190,191,0,-1,0,191,192,-1,0,192,1,-1,1,192,193,-1,1,193,133,-1,133,193,194,-1,133,194,131,-1,194,195,131,-1,131,195,196,-1,131,196,129,-1,129,196,197,-1,129,197,127,-1,198,34,36,-1,127,197,199,-1,127,199,125,-1,125,199,200,-1,125,200,123,-1,200,201,123,-1,123,201,202,-1,123,202,121,-1,121,202,203,-1,121,203,119,-1,119,203,204,-1,119,204,38,-1,38,204,205,-1,38,205,36,-1,36,205,206,-1,36,206,198,-1,11,34,207,-1,207,34,198,-1,14,11,208,-1,208,11,207,-1,15,14,209,-1,209,14,208,-1,16,15,210,-1,210,15,209,-1,16,210,211,-1,16,211,39,-1,39,211,212,-1,39,212,3,-1,3,212,213,-1,3,213,4,-1,4,213,214,-1,4,214,28,-1,28,214,215,-1,28,215,27,-1,27,215,216,-1,27,216,25,-1,25,216,217,-1,25,217,23,-1,23,217,218,-1,23,218,21,-1,21,218,219,-1,21,219,2,-1,2,219,220,-1,2,220,6,-1,6,220,221,-1,6,221,101,-1,101,221,222,-1,101,222,99,-1,99,222,223,-1,99,223,97,-1,97,223,224,-1,97,224,95,-1,93,95,225,-1,225,95,224,-1,225,226,93,-1,93,226,227,-1,93,227,116,-1,116,227,228,-1,116,228,114,-1,228,229,114,-1,114,229,230,-1,114,230,112,-1,112,230,231,-1,112,231,110,-1,110,231,232,-1,110,232,108,-1,108,232,233,-1,108,233,106,-1,106,233,234,-1,106,234,104,-1,104,234,235,-1,104,235,74,-1,74,235,236,-1,74,236,75,-1,75,236,237,-1,75,237,77,-1,77,237,238,-1,77,238,79,-1,79,238,239,-1,79,239,29,-1,29,239,240,-1,29,240,30,-1,30,240,241,-1,30,241,82,-1,82,241,242,-1,82,242,83,-1,243,40,244,-1,244,40,92,-1,244,92,245,-1,245,92,91,-1,245,91,246,-1,246,91,89,-1,246,89,247,-1,247,89,87,-1,247,87,248,-1,248,87,85,-1,248,85,249,-1,249,85,83,-1,249,83,242,-1,41,40,250,-1,250,40,243,-1,41,250,251,-1,41,251,43,-1,43,251,252,-1,43,252,45,-1,45,252,253,-1,45,253,51,-1,51,253,254,-1,51,254,52,-1,52,254,255,-1,52,255,54,-1,255,256,54,-1,54,256,257,-1,54,257,56,-1,56,257,258,-1,56,258,58,-1,58,258,259,-1,58,259,60,-1,60,259,260,-1,60,260,62,-1,62,260,261,-1,62,261,64,-1,64,261,262,-1,64,262,66,-1,66,262,263,-1,66,263,68,-1,68,263,264,-1,68,264,70,-1,72,70,265,-1,265,70,264,-1,72,265,266,-1,72,266,139,-1,139,266,267,-1,139,267,136,-1,136,267,268,-1,136,268,150,-1,150,268,269,-1,150,269,144,-1,144,269,270,-1,144,270,145,-1,145,270,271,-1,145,271,147,-1,147,271,272,-1,147,272,148,-1,148,272,273,-1,148,273,149,-1,149,273,274,-1,149,274,146,-1,146,274,275,-1,146,275,141,-1,141,275,276,-1,141,276,142,-1,142,276,277,-1,142,277,143,-1,143,277,278,-1,143,278,137,-1,137,278,279,-1,137,279,138,-1,138,279,280,-1,138,280,140,-1,140,280,281,-1,140,281,73,-1,73,281,282,-1,73,282,71,-1,69,71,283,-1,283,71,282,-1,69,283,284,-1,69,284,67,-1,67,284,285,-1,67,285,65,-1,65,285,286,-1,65,286,63,-1,63,286,287,-1,63,287,61,-1,61,287,288,-1,61,288,59,-1,59,288,151,-1,59,151,57,-1,17,289,290,-1,17,290,9,-1,9,290,291,-1,9,291,10,-1,10,291,292,-1,10,292,12,-1,12,292,293,-1,12,293,13,-1,13,293,294,-1,13,294,32,-1,32,294,295,-1,32,295,33,-1,33,295,296,-1,33,296,35,-1,35,296,297,-1,35,297,37,-1,37,297,298,-1,37,298,120,-1,120,298,299,-1,120,299,122,-1,122,299,300,-1,122,300,124,-1,124,300,301,-1,124,301,126,-1,126,301,302,-1,126,302,128,-1,128,302,303,-1,128,303,130,-1,130,303,304,-1,130,304,132,-1,132,304,305,-1,132,305,134,-1,134,305,306,-1,134,306,135,-1,135,306,307,-1,135,307,50,-1,50,307,308,-1,50,308,49,-1,49,308,309,-1,49,309,18,-1,18,309,310,-1,18,310,19,-1,19,310,311,-1,19,311,20,-1,20,311,312,-1,20,312,22,-1,22,312,313,-1,22,313,24,-1,24,313,314,-1,24,314,26,-1,26,314,315,-1,26,315,5,-1,5,315,289,-1,5,289,17,-1,
        ]
    }
}
Shape{
    appearance Appearance {
        material  Material {
            diffuseColor 0.2235294117647059 0.2235294117647059 0.2235294117647059
            specularColor 0.11372549019607843 0.11372549019607843 0.11372549019607843
            ambientIntensity 0.2235
            transparency 0.0
            shininess 0.5
        }
    }
    geometry IndexedFaceSet {
        ccw TRUE
        solid FALSE
        coord DEF co Coordinate {
            point [
                7.0 -0.0431 0.7766, 7.0 -0.02 0.7851, 7.0 -0.0214 0.7864, 7.0 -0.0427 0.7726, 7.0 -0.0415 0.7697, 7.0 -0.0168 0.7732, 7.0 -0.0165 0.7761, 7.0 -0.0169 0.7794, 7.0 -0.0181 0.7824, 7.0 -0.034 0.7887, 7.0 -0.0369 0.7874, 7.0 -0.0393 0.7854, 7.0 -0.0431 0.7761, 7.0 -0.0243 0.7882, 7.0 -0.0275 0.7892, 7.0 -0.0308 0.7893, 7.0 -0.0413 0.7828, 7.0 -0.0426 0.7797, 7.0 -0.0397 0.7671, 7.0 -0.0376 0.7652, 7.0 -0.0346 0.7636, 7.0 -0.0314 0.7628, 7.0 -0.0282 0.7628, 7.0 -0.0251 0.7636, 7.0 -0.0223 0.7651, 7.0 -0.0198 0.7673, 7.0 -0.018 0.77
            ]
        }
        coordIndex [
            0,1,2,-1,3,4,5,-1,6,7,0,-1,0,7,8,-1,0,8,1,-1,9,10,2,-1,2,10,11,-1,6,0,5,-1,5,0,12,-1,5,12,3,-1,13,14,2,-1,2,14,15,-1,2,15,9,-1,11,16,2,-1,2,16,17,-1,2,17,0,-1,4,18,5,-1,5,18,19,-1,5,19,20,-1,20,21,5,-1,5,21,22,-1,5,22,23,-1,23,24,5,-1,5,24,25,-1,5,25,26,-1,
        ]
    }
}