#VRML V2.0 utf8
# 3D model generated by kicad-lcsc-manager
# Based on easyeda2kicad.py v1.0.1

Shape{
    appearance Appearance {
        material  Material {
            diffuseColor 0.2235294117647059 0.2235294117647059 0.2235294117647059
            specularColor 0.11372549019607843 0.11372549019607843 0.11372549019607843
            ambientIntensity 0.2235
            transparency 0.0
            shininess 0.5
        }
    }
    geometry IndexedFaceSet {
        ccw TRUE
        solid FALSE
        coord DEF co Coordinate {
            point [
                5.5118 -0.0171 0.4239, 5.5118 -0.0171 0.4144, 5.5118 0.006 0.4144, 5.5118 -0.0171 0.462, 5.5118 -0.0171 0.455, 5.5118 0.006 0.455, 5.5118 0.0323 0.4835, 5.5118 0.0323 0.4758, 5.5118 0.0387 0.4758, 5.5118 0.0335 0.424, 5.5118 0.033 0.4239, 5.5118 0.0387 0.4239, 5.5118 0.0285 0.424, 5.5118 0.0278 0.4242, 5.5118 0.0278 0.4239, 5.5118 0.0623 0.4454, 5.5118 0.0623 0.4377, 5.5118 0.0668 0.4377, 5.5118 -0.1359 0.4525, 5.5118 -0.1355 0.455, 5.5118 -0.1664 0.455, 5.5118 -0.0381 0.4676, 5.5118 -0.0335 0.4637, 5.5118 -0.0171 0.4864, 5.5118 -0.057 0.4864, 5.5118 -0.0531 0.4838, 5.5118 -0.0475 0.4773, 5.5118 -0.0439 0.4703, 5.5118 -0.0432 0.4701, 5.5118 -0.093 0.4884, 5.5118 -0.0852 0.4915, 5.5118 -0.1664 0.7874, 5.5118 -0.0688 0.4918, 5.5118 -0.0603 0.4887, 5.5118 -0.0171 0.7874, 5.5118 -0.0763 0.4927, 5.5118 -0.0961 0.4864, 5.5118 -0.1664 0.4864, 5.5118 -0.0968 0.486, 5.5118 -0.1153 0.4779, 5.5118 -0.1083 0.4788, 5.5118 -0.1019 0.4815, 5.5118 -0.1063 0.4787, 5.5118 -0.1043 0.4785, 5.5118 -0.1279 0.4706, 5.5118 -0.127 0.4715, 5.5118 -0.1216 0.4754, 5.5118 -0.1664 0.462, 5.5118 -0.1348 0.4589, 5.5118 -0.1335 0.462, 5.5118 -0.1321 0.4651, 5.5118 -0.1151 0.4244, 5.5118 -0.1176 0.4251, 5.5118 -0.1664 0.4239, 5.5118 -0.1237 0.4282, 5.5118 -0.1287 0.4326, 5.5118 -0.1325 0.4379, 5.5118 -0.135 0.4442, 5.5118 -0.1359 0.4512, 5.5118 -0.1074 0.415, 5.5118 -0.1107 0.4174, 5.5118 -0.1664 0.4144, 5.5118 -0.1133 0.4206, 5.5118 -0.1149 0.4239, 5.5118 -0.1664 0.1969, 5.5118 -0.1034 0.4133, 5.5118 -0.1059 0.4144, 5.5118 -0.0918 0.4144, 5.5118 -0.0946 0.4133, 5.5118 -0.0171 0.1969, 5.5118 -0.0989 0.4127, 5.5118 -0.0994 0.4128, 5.5118 -0.0829 0.4239, 5.5118 -0.0831 0.4233, 5.5118 -0.0852 0.4196, 5.5118 -0.0874 0.4172, 5.5118 -0.0908 0.4148, 5.5118 -0.0892 0.4441, 5.5118 -0.0861 0.4413, 5.5118 -0.0632 0.4532, 5.5118 -0.0377 0.4497, 5.5118 -0.0386 0.4529, 5.5118 -0.0398 0.455, 5.5118 -0.1247 0.455, 5.5118 -0.0599 0.4344, 5.5118 -0.0586 0.4346, 5.5118 -0.0579 0.4442, 5.5118 -0.0584 0.4346, 5.5118 -0.0277 0.4421, 5.5118 -0.027 0.4479, 5.5118 -0.0278 0.4537, 5.5118 -0.0298 0.4366, 5.5118 -0.0333 0.4317, 5.5118 -0.0377 0.4279, 5.5118 -0.0628 0.4325, 5.5118 -0.0621 0.4332, 5.5118 -0.0611 0.434, 5.5118 -0.0599 0.4242, 5.5118 -0.061 0.4246, 5.5118 -0.0621 0.4254, 5.5118 -0.0635 0.4313, 5.5118 -0.0818 0.4315, 5.5118 -0.0638 0.43, 5.5118 -0.0625 0.4258, 5.5118 -0.0632 0.4269, 5.5118 -0.0637 0.428, 5.5118 -0.0638 0.4293, 5.5118 -0.0818 0.4298, 5.5118 -0.0819 0.4275, 5.5118 -0.1031 0.4465, 5.5118 -0.0989 0.4471, 5.5118 -0.097 0.447, 5.5118 -0.0928 0.446, 5.5118 -0.0579 0.4345, 5.5118 -0.0575 0.4344, 5.5118 -0.0498 0.4344, 5.5118 -0.0429 0.4253, 5.5118 -0.0488 0.424, 5.5118 -0.0589 0.424, 5.5118 -0.1131 0.4393, 5.5118 -0.1249 0.4483, 5.5118 -0.1235 0.4442, 5.5118 -0.1218 0.4414, 5.5118 -0.1188 0.4382, 5.5118 -0.1149 0.4358, 5.5118 -0.1252 0.4515, 5.5118 -0.1103 0.4426, 5.5118 -0.1069 0.4451, 5.5118 -0.0411 0.4387, 5.5118 -0.0392 0.4413, 5.5118 -0.038 0.4443, 5.5118 -0.0375 0.4478, 5.5118 -0.0466 0.4351, 5.5118 -0.0436 0.4365, 5.5118 -0.0524 0.462, 5.5118 -0.1214 0.462, 5.5118 -0.0522 0.4611, 5.5118 -0.1231 0.4596, 5.5118 -0.1246 0.4558, 5.5118 -0.0509 0.4611, 5.5118 -0.0403 0.4558, 5.5118 -0.0419 0.4576, 5.5118 -0.0445 0.4595, 5.5118 -0.0475 0.4606, 5.5118 -0.0761 0.4824, 5.5118 -0.077 0.4824, 5.5118 -0.1003 0.4667, 5.5118 -0.099 0.466, 5.5118 -0.0963 0.4717, 5.5118 -0.0924 0.4762, 5.5118 -0.0827 0.4815, 5.5118 -0.0883 0.4792, 5.5118 -0.1041 0.4681, 5.5118 -0.1081 0.4686, 5.5118 -0.1104 0.4684, 5.5118 -0.0562 0.4717, 5.5118 -0.0601 0.4762, 5.5118 -0.0534 0.4662, 5.5118 -0.0648 0.4795, 5.5118 -0.0701 0.4817, 5.5118 -0.1146 0.4673, 5.5118 -0.1183 0.4652, 5.5118 -0.1207 0.463, 5.5118 -0.0322 0.462, 5.5118 -0.0299 0.4589, 5.5118 -0.0283 0.455, 5.5118 0.0716 0.4481, 5.5118 0.0716 0.4454, 5.5118 0.0744 0.455, 5.5118 0.0722 0.4268, 5.5118 0.0744 0.4239, 5.5118 0.0722 0.4241, 5.5118 0.0668 0.4239, 5.5118 0.0623 0.4268, 5.5118 0.0668 0.4268, 5.5118 0.0623 0.4349, 5.5118 0.0668 0.4349, 5.5118 0.0709 0.4349, 5.5118 0.0709 0.4377, 5.5118 0.0668 0.4454, 5.5118 0.0668 0.4241, 5.5118 0.0592 0.4241, 5.5118 0.0576 0.4239, 5.5118 0.0592 0.4481, 5.5118 0.0098 0.4323, 5.5118 0.0102 0.4371, 5.5118 0.0092 0.4315, 5.5118 0.0087 0.4304, 5.5118 0.0264 0.4278, 5.5118 0.0223 0.4351, 5.5118 0.0264 0.4247, 5.5118 0.0223 0.4241, 5.5118 0.0178 0.425, 5.5118 0.0167 0.4243, 5.5118 0.0193 0.4241, 5.5118 0.0156 0.4239, 5.5118 0.0074 0.4239, 5.5118 0.009 0.4263, 5.5118 0.0087 0.4273, 5.5118 0.0074 0.4144, 5.5118 0.0122 0.4239, 5.5118 0.0122 0.4239, 5.5118 0.011 0.4243, 5.5118 0.0133 0.4413, 5.5118 0.0074 0.455, 5.5118 0.011 0.4405, 5.5118 0.0102 0.4401, 5.5118 0.0107 0.4331, 5.5118 0.012 0.4338, 5.5118 0.0121 0.4384, 5.5118 0.0142 0.4343, 5.5118 0.0168 0.4391, 5.5118 0.0158 0.4392, 5.5118 0.014 0.439, 5.5118 0.01 0.425, 5.5118 0.0096 0.4254, 5.5118 0.0193 0.4268, 5.5118 0.0192 0.4268, 5.5118 0.0187 0.426, 5.5118 0.0276 0.4271, 5.5118 0.0278 0.427, 5.5118 0.0278 0.4334, 5.5118 0.0265 0.4377, 5.5118 0.0269 0.4387, 5.5118 0.021 0.4397, 5.5118 0.0161 0.4417, 5.5118 0.0179 0.4415, 5.5118 0.0192 0.4411, 5.5118 0.0085 0.4287, 5.5118 0.0085 0.4291, 5.5118 0.0221 0.4374, 5.5118 0.0265 0.4355, 5.5118 0.0193 0.435, 5.5118 0.0192 0.4363, 5.5118 0.0189 0.4374, 5.5118 0.0185 0.438, 5.5118 0.0216 0.4388, 5.5118 0.0264 0.4366, 5.5118 0.0277 0.4334, 5.5118 0.0272 0.4339, 5.5118 0.0269 0.4345, 5.5118 0.0181 0.4385, 5.5118 0.0175 0.4389, 5.5118 0.029 0.4239, 5.5118 0.0278 0.4144, 5.5118 0.031 0.4237, 5.5118 0.0387 0.4144, 5.5118 0.0371 0.4409, 5.5118 0.0371 0.438, 5.5118 0.0378 0.4276, 5.5118 0.0374 0.4266, 5.5118 0.0369 0.4258, 5.5118 0.0274 0.4395, 5.5118 0.0278 0.4398, 5.5118 0.0278 0.455, 5.5118 0.0283 0.4403, 5.5118 0.0292 0.4408, 5.5118 0.0309 0.4414, 5.5118 0.0331 0.4417, 5.5118 0.0387 0.455, 5.5118 0.0347 0.4415, 5.5118 0.037 0.4316, 5.5118 0.0375 0.4308, 5.5118 0.0378 0.4299, 5.5118 0.038 0.4288, 5.5118 0.036 0.4251, 5.5118 0.0351 0.4245, 5.5118 0.0328 0.4392, 5.5118 0.0319 0.4391, 5.5118 0.0295 0.4369, 5.5118 0.0311 0.4389, 5.5118 0.0304 0.4386, 5.5118 0.0295 0.4365, 5.5118 0.0296 0.436, 5.5118 0.0299 0.4356, 5.5118 0.0302 0.4353, 5.5118 0.0312 0.4346, 5.5118 0.0348 0.439, 5.5118 0.0331 0.4338, 5.5118 0.0365 0.4384, 5.5118 0.0342 0.4334, 5.5118 0.0362 0.4322, 5.5118 0.03 0.4382, 5.5118 0.0297 0.4378, 5.5118 0.0295 0.4374, 5.5118 0.0294 0.4264, 5.5118 0.0309 0.4316, 5.5118 0.0292 0.4325, 5.5118 0.0313 0.4262, 5.5118 0.0315 0.4262, 5.5118 0.0329 0.4308, 5.5118 0.033 0.4263, 5.5118 0.0349 0.4285, 5.5118 0.0348 0.4288, 5.5118 0.0338 0.4266, 5.5118 0.034 0.4268, 5.5118 0.0344 0.4271, 5.5118 0.0347 0.4275, 5.5118 0.0348 0.4279, 5.5118 0.0347 0.4293, 5.5118 0.0345 0.4297, 5.5118 0.0341 0.4301, 5.5118 0.0832 0.4688, 5.5118 0.0744 0.4688, 5.5118 0.0857 0.4622, 5.5118 0.0744 0.462, 5.5118 0.0891 0.4622, 5.5118 0.1969 0.462, 5.5118 0.1969 0.4864, 5.5118 0.08 0.4862, 5.5118 0.0744 0.4864, 5.5118 0.0732 0.4688, 5.5118 0.0709 0.4622, 5.5118 0.0668 0.462, 5.5118 0.0675 0.4622, 5.5118 0.0668 0.4864, 5.5118 0.0744 0.4804, 5.5118 0.0767 0.4862, 5.5118 0.0576 0.462, 5.5118 0.0569 0.4626, 5.5118 0.0532 0.4622, 5.5118 0.0443 0.462, 5.5118 0.0466 0.4622, 5.5118 0.0466 0.4862, 5.5118 0.0443 0.4864, 5.5118 0.0535 0.4862, 5.5118 0.0576 0.4864, 5.5118 0.0635 0.4821, 5.5118 0.065 0.4799, 5.5118 0.0655 0.47, 5.5118 0.0642 0.4676, 5.5118 0.0625 0.483, 5.5118 0.0573 0.4858, 5.5118 0.0576 0.4857, 5.5118 0.0602 0.4847, 5.5118 0.0597 0.4636, 5.5118 0.0576 0.4629, 5.5118 0.0625 0.4656, 5.5118 0.0621 0.4652, 5.5118 0.0658 0.4776, 5.5118 0.0662 0.4745, 5.5118 0.0661 0.4728, 5.5118 0.0387 0.4864, 5.5118 0.0415 0.4862, 5.5118 0.0387 0.4862, 5.5118 0.0415 0.4835, 5.5118 0.0323 0.4649, 5.5118 0.0387 0.4649, 5.5118 0.0323 0.473, 5.5118 0.0387 0.473, 5.5118 0.0408 0.473, 5.5118 0.0408 0.4758, 5.5118 0.0387 0.4835, 5.5118 0.0292 0.4622, 5.5118 0.0278 0.462, 5.5118 0.0387 0.462, 5.5118 0.0421 0.4649, 5.5118 0.0421 0.4622, 5.5118 0.0387 0.4622, 5.5118 0.0292 0.4862, 5.5118 0.0278 0.4864, 5.5118 0.0211 0.4864, 5.5118 0.022 0.4864, 5.5118 0.0243 0.4857, 5.5118 0.0243 0.4824, 5.5118 0.0243 0.4662, 5.5118 0.0243 0.4632, 5.5118 0.0241 0.4631, 5.5118 0.0215 0.4622, 5.5118 0.0197 0.462, 5.5118 0.0192 0.4646, 5.5118 0.0219 0.4651, 5.5118 0.0096 0.4737, 5.5118 0.0096 0.4739, 5.5118 0.0118 0.4808, 5.5118 0.0107 0.4791, 5.5118 0.0099 0.4769, 5.5118 0.0215 0.4835, 5.5118 0.0187 0.4838, 5.5118 0.0176 0.4838, 5.5118 0.0156 0.4834, 5.5118 0.01 0.4708, 5.5118 0.0108 0.4688, 5.5118 0.012 0.4671, 5.5118 0.0142 0.4654, 5.5118 0.0159 0.4648, 5.5118 0.0181 0.4646, 5.5118 0.024 0.4826, 5.5118 0.0137 0.4825, 5.5118 0.0121 0.4812, 5.5118 0.0126 0.4665, 5.5118 0.0168 0.4864, 5.5118 0.0187 0.4866, 5.5118 0.0074 0.7874, 5.5118 0.0278 0.7874, 5.5118 0.0189 0.4866, 5.5118 0.0074 0.4864, 5.5118 0.0154 0.4863, 5.5118 0.0129 0.4854, 5.5118 0.0082 0.4809, 5.5118 0.0098 0.4831, 5.5118 0.0105 0.4838, 5.5118 0.0074 0.4683, 5.5118 0.0067 0.4702, 5.5118 0.006 0.462, 5.5118 0.0064 0.4738, 5.5118 0.0064 0.4752, 5.5118 0.006 0.4864, 5.5118 0.007 0.4783, 5.5118 0.0074 0.4793, 5.5118 0.0113 0.4635, 5.5118 0.0094 0.4651, 5.5118 0.0074 0.462, 5.5118 0.009 0.4655, 5.5118 0.0077 0.4676, 5.5118 0.0177 0.4618, 5.5118 0.0161 0.4619, 5.5118 0.0156 0.462, 5.5118 0.0135 0.4625, 5.5118 0.0202 0.4405, 5.5118 0.0155 0.4239, 5.5118 0.014 0.4237, 5.5118 0.0529 0.4413, 5.5118 0.056 0.4413, 5.5118 0.0576 0.455, 5.5118 0.0668 0.4481, 5.5118 0.0668 0.455, 5.5118 0.0492 0.4239, 5.5118 0.0474 0.4284, 5.5118 0.0477 0.427, 5.5118 0.0478 0.427, 5.5118 0.0443 0.455, 5.5118 0.0443 0.4371, 5.5118 0.0482 0.4283, 5.5118 0.048 0.4275, 5.5118 0.0443 0.429, 5.5118 0.0395 0.4413, 5.5118 0.0429 0.4413, 5.5118 0.0462 0.4239, 5.5118 0.0463 0.4241, 5.5118 0.0443 0.4199, 5.5118 0.0443 0.4199, 5.5118 0.0443 0.4239, 5.5118 0.0449 0.421, 5.5118 0.0401 0.4189, 5.5118 0.0401 0.4163, 5.5118 0.0408 0.4187, 5.5118 0.0419 0.4186, 5.5118 0.0426 0.4187, 5.5118 0.0443 0.4166, 5.5118 0.0433 0.4162, 5.5118 0.0443 0.4144, 5.5118 0.0421 0.416, 5.5118 0.0414 0.416, 5.5118 0.0432 0.4189, 5.5118 0.0438 0.4193, 5.5118 0.0482 0.4215, 5.5118 0.0468 0.4189, 5.5118 0.0576 0.4144, 5.5118 0.0457 0.4175, 5.5118 0.0455 0.4173, 5.5118 0.0445 0.4166, 5.5118 -0.1969 0.1969, 5.5118 -0.1969 0.4144, 5.5118 -0.1969 0.4239, 5.5118 -0.1969 0.455, 5.5118 -0.1969 0.462, 5.5118 -0.1969 0.4864, 5.5118 -0.1969 0.7874, 5.5118 0.0054 0.4649, 5.5118 0.0054 0.4622, 5.5118 -0.0073 0.4622, 5.5118 -0.0042 0.4862, 5.5118 -0.0042 0.4649, 5.5118 -0.0073 0.4862, 5.5118 0.006 0.4239, 5.5118 0.0056 0.4241, 5.5118 -0.0073 0.4241, 5.5118 0.0056 0.4268, 5.5118 0.0051 0.4454, 5.5118 -0.0042 0.4349, 5.5118 -0.0042 0.4268, 5.5118 0.0044 0.4349, 5.5118 0.0044 0.4377, 5.5118 -0.0042 0.4377, 5.5118 -0.0042 0.4454, 5.5118 -0.0073 0.4481, 5.5118 0.0051 0.4481, 5.5118 0.006 0.7874, 5.5118 0.0387 0.7874, 5.5118 0.0443 0.7874, 5.5118 0.0576 0.7874, 5.5118 0.0668 0.7874, 5.5118 0.0744 0.7874, 5.5118 0.1969 0.7874, 5.5118 0.1158 0.4241, 5.5118 0.1192 0.4241, 5.5118 0.1969 0.4239, 5.5118 0.11 0.4481, 5.5118 0.1969 0.455, 5.5118 0.1133 0.4307, 5.5118 0.1033 0.4307, 5.5118 0.101 0.4241, 5.5118 0.0976 0.4241, 5.5118 0.1067 0.4481, 5.5118 0.0926 0.4449, 5.5118 0.0936 0.4439, 5.5118 0.0951 0.4418, 5.5118 0.0959 0.4395, 5.5118 0.0767 0.4481, 5.5118 0.0767 0.4241, 5.5118 0.0833 0.4241, 5.5118 0.087 0.4245, 5.5118 0.0898 0.4255, 5.5118 0.0835 0.4481, 5.5118 0.0874 0.4477, 5.5118 0.0902 0.4466, 5.5118 0.0943 0.4295, 5.5118 0.0926 0.4275, 5.5118 0.0922 0.4271, 5.5118 0.0963 0.4364, 5.5118 0.0962 0.4347, 5.5118 0.0955 0.4319, 5.5118 0.0668 0.4144, 5.5118 0.0744 0.4144, 5.5118 0.1969 0.4144, 5.5118 0.006 0.1969, 5.5118 0.0074 0.1969, 5.5118 0.0278 0.1969, 5.5118 0.0387 0.1969, 5.5118 0.0443 0.1969, 5.5118 0.0576 0.1969, 5.5118 0.0668 0.1969, 5.5118 0.0744 0.1969, 5.5118 0.1969 0.1969
            ]
        }
        coordIndex [
            0,1,2,-1,3,4,5,-1,6,7,8,-1,9,10,11,-1,12,13,14,-1,15,16,17,-1,18,19,20,-1,21,22,23,-1,23,22,3,-1,24,25,23,-1,23,25,26,-1,26,27,23,-1,23,27,28,-1,23,28,21,-1,29,30,31,-1,32,33,34,-1,31,30,34,-1,34,30,35,-1,34,35,32,-1,29,31,36,-1,36,31,37,-1,36,37,38,-1,37,39,38,-1,38,39,40,-1,38,40,41,-1,41,40,42,-1,41,42,43,-1,44,45,37,-1,37,45,46,-1,37,46,39,-1,20,19,47,-1,19,48,47,-1,47,48,49,-1,47,49,37,-1,37,49,50,-1,37,50,44,-1,51,52,53,-1,53,52,54,-1,53,54,55,-1,55,56,53,-1,53,56,57,-1,53,57,20,-1,20,57,58,-1,20,58,18,-1,59,60,61,-1,61,60,62,-1,61,62,53,-1,53,62,63,-1,53,63,51,-1,64,65,61,-1,61,65,66,-1,61,66,59,-1,67,68,69,-1,69,68,70,-1,69,70,64,-1,64,70,71,-1,64,71,65,-1,0,72,1,-1,1,72,73,-1,1,73,74,-1,74,75,1,-1,1,75,76,-1,1,76,67,-1,77,78,79,-1,80,81,79,-1,79,81,82,-1,79,82,83,-1,84,85,86,-1,86,85,87,-1,88,0,89,-1,89,0,4,-1,89,4,90,-1,88,91,0,-1,0,91,92,-1,0,92,93,-1,94,95,86,-1,86,95,96,-1,86,96,84,-1,97,98,72,-1,72,98,99,-1,94,86,100,-1,100,86,101,-1,100,101,102,-1,99,103,72,-1,72,103,104,-1,72,104,105,-1,102,101,106,-1,106,101,107,-1,106,107,105,-1,105,107,108,-1,105,108,72,-1,109,110,83,-1,83,110,111,-1,83,111,79,-1,79,111,112,-1,79,112,77,-1,87,113,86,-1,86,113,114,-1,86,114,115,-1,93,116,0,-1,0,116,117,-1,0,117,72,-1,72,117,118,-1,72,118,97,-1,119,120,121,-1,121,122,119,-1,119,122,123,-1,119,123,124,-1,120,119,125,-1,125,119,126,-1,125,126,83,-1,83,126,127,-1,83,127,109,-1,128,129,86,-1,86,129,130,-1,86,130,79,-1,79,130,131,-1,79,131,80,-1,115,132,86,-1,86,132,133,-1,86,133,128,-1,134,135,136,-1,136,135,137,-1,136,137,138,-1,138,83,136,-1,136,83,82,-1,136,82,139,-1,139,82,140,-1,140,141,139,-1,139,141,142,-1,139,142,143,-1,144,145,134,-1,146,135,147,-1,147,135,134,-1,147,134,148,-1,148,134,149,-1,145,150,134,-1,134,150,151,-1,134,151,149,-1,146,152,135,-1,135,152,153,-1,135,153,154,-1,155,156,157,-1,157,156,158,-1,157,158,134,-1,134,158,159,-1,134,159,144,-1,160,161,154,-1,154,161,162,-1,154,162,135,-1,22,163,3,-1,3,163,164,-1,3,164,4,-1,4,164,165,-1,4,165,90,-1,166,167,168,-1,168,167,169,-1,168,169,170,-1,170,169,171,-1,170,171,172,-1,173,174,175,-1,175,174,176,-1,176,174,177,-1,177,174,169,-1,177,169,178,-1,178,169,167,-1,178,167,17,-1,17,167,179,-1,17,179,15,-1,171,180,172,-1,172,180,181,-1,172,181,182,-1,182,181,183,-1,184,185,186,-1,186,185,187,-1,188,189,190,-1,190,189,191,-1,190,191,13,-1,192,193,194,-1,194,193,195,-1,194,195,191,-1,196,197,198,-1,199,200,196,-1,196,200,201,-1,196,201,202,-1,203,204,205,-1,205,204,206,-1,184,207,185,-1,185,207,208,-1,185,208,209,-1,209,208,210,-1,211,212,210,-1,210,212,213,-1,210,213,209,-1,202,214,196,-1,196,214,215,-1,196,215,197,-1,216,217,194,-1,194,217,218,-1,194,218,192,-1,219,220,221,-1,222,223,224,-1,203,225,204,-1,204,225,226,-1,204,226,227,-1,198,228,196,-1,196,228,229,-1,196,229,204,-1,204,229,187,-1,204,187,206,-1,206,187,185,-1,230,189,231,-1,232,233,210,-1,210,233,234,-1,210,234,235,-1,219,221,188,-1,224,236,222,-1,222,236,230,-1,222,230,237,-1,237,230,231,-1,221,238,188,-1,188,238,239,-1,188,239,189,-1,189,239,240,-1,189,240,231,-1,235,241,210,-1,210,241,242,-1,210,242,211,-1,12,14,243,-1,243,14,244,-1,243,244,245,-1,245,244,10,-1,10,244,246,-1,10,246,11,-1,247,248,11,-1,249,250,11,-1,11,250,251,-1,252,253,254,-1,254,253,255,-1,254,255,256,-1,256,257,254,-1,254,257,258,-1,254,258,259,-1,259,258,260,-1,259,260,247,-1,261,262,248,-1,248,262,263,-1,248,263,11,-1,11,263,264,-1,11,264,249,-1,251,265,11,-1,11,265,266,-1,11,266,9,-1,267,268,269,-1,269,268,270,-1,269,270,271,-1,269,272,267,-1,267,272,273,-1,267,273,274,-1,274,275,267,-1,267,275,276,-1,267,276,277,-1,277,276,278,-1,277,278,279,-1,279,278,280,-1,279,280,248,-1,248,280,281,-1,248,281,261,-1,282,283,271,-1,271,283,284,-1,271,284,269,-1,285,286,220,-1,220,286,287,-1,220,287,221,-1,285,288,286,-1,286,288,289,-1,286,289,290,-1,290,289,291,-1,290,292,293,-1,291,294,290,-1,290,294,295,-1,290,295,296,-1,296,297,290,-1,290,297,298,-1,290,298,292,-1,293,299,290,-1,290,299,300,-1,290,300,301,-1,302,303,304,-1,304,303,305,-1,304,305,306,-1,307,308,309,-1,309,308,310,-1,303,311,305,-1,305,311,312,-1,305,312,313,-1,313,312,314,-1,313,314,315,-1,315,314,316,-1,315,316,310,-1,310,316,317,-1,310,317,309,-1,318,319,320,-1,318,320,321,-1,322,323,324,-1,324,323,325,-1,324,325,326,-1,327,328,315,-1,329,330,313,-1,327,315,331,-1,325,332,326,-1,326,332,333,-1,326,333,315,-1,315,333,334,-1,315,334,331,-1,313,335,318,-1,318,335,336,-1,318,336,319,-1,330,337,313,-1,313,337,338,-1,313,338,335,-1,328,339,315,-1,315,339,340,-1,315,340,313,-1,313,340,341,-1,313,341,329,-1,324,342,343,-1,343,342,344,-1,320,322,321,-1,321,322,324,-1,321,324,345,-1,345,324,343,-1,346,347,348,-1,348,347,349,-1,350,321,351,-1,351,321,345,-1,351,345,8,-1,8,345,352,-1,8,352,6,-1,353,354,355,-1,349,347,350,-1,350,347,356,-1,350,356,321,-1,321,356,357,-1,321,357,355,-1,355,357,358,-1,355,358,353,-1,344,342,359,-1,359,342,360,-1,359,360,353,-1,361,362,360,-1,360,362,363,-1,360,363,364,-1,365,366,354,-1,366,367,354,-1,354,367,368,-1,354,368,369,-1,370,371,372,-1,372,371,365,-1,372,365,373,-1,374,375,365,-1,365,375,376,-1,365,376,373,-1,377,378,365,-1,365,378,379,-1,365,379,380,-1,381,382,383,-1,384,385,372,-1,372,385,386,-1,372,386,370,-1,353,360,354,-1,354,360,364,-1,354,364,365,-1,365,364,387,-1,365,387,377,-1,380,388,365,-1,365,388,389,-1,365,389,374,-1,381,383,372,-1,372,383,390,-1,372,390,384,-1,391,392,393,-1,393,392,394,-1,394,392,395,-1,394,395,361,-1,391,396,397,-1,397,396,398,-1,399,400,396,-1,396,400,401,-1,396,401,398,-1,402,403,404,-1,405,406,407,-1,407,406,408,-1,407,408,396,-1,396,408,409,-1,396,409,399,-1,410,411,412,-1,412,411,413,-1,412,413,414,-1,415,416,204,-1,204,416,417,-1,204,417,412,-1,412,417,418,-1,412,418,410,-1,369,415,254,-1,254,415,204,-1,254,204,252,-1,252,204,227,-1,252,227,223,-1,223,227,419,-1,223,419,224,-1,13,191,14,-1,14,191,195,-1,14,195,244,-1,244,195,420,-1,244,420,199,-1,199,420,421,-1,199,421,200,-1,422,423,424,-1,166,168,425,-1,425,168,426,-1,425,426,183,-1,183,426,424,-1,183,424,182,-1,182,424,423,-1,182,423,427,-1,428,429,430,-1,424,431,422,-1,422,431,432,-1,422,432,433,-1,433,432,428,-1,433,428,434,-1,434,428,430,-1,435,436,11,-1,247,11,259,-1,259,11,436,-1,259,436,431,-1,431,436,437,-1,431,437,432,-1,438,439,435,-1,440,441,442,-1,442,441,443,-1,442,443,438,-1,438,435,442,-1,442,435,11,-1,442,11,444,-1,444,11,246,-1,444,246,445,-1,444,446,442,-1,442,446,447,-1,442,447,448,-1,449,450,451,-1,451,450,452,-1,451,452,246,-1,246,452,453,-1,246,453,445,-1,448,454,442,-1,442,454,455,-1,442,455,440,-1,456,457,458,-1,456,458,427,-1,457,459,458,-1,458,459,460,-1,458,460,451,-1,451,460,461,-1,451,461,449,-1,462,64,463,-1,463,64,61,-1,463,61,464,-1,464,61,53,-1,464,53,465,-1,465,53,20,-1,465,20,466,-1,466,20,47,-1,466,47,467,-1,467,47,37,-1,467,37,468,-1,468,37,31,-1,469,470,404,-1,404,470,471,-1,472,407,23,-1,403,405,404,-1,404,405,407,-1,404,407,469,-1,469,407,472,-1,469,472,473,-1,5,404,3,-1,3,404,471,-1,3,471,23,-1,23,471,474,-1,23,474,472,-1,475,476,477,-1,476,475,478,-1,478,475,5,-1,478,5,479,-1,480,481,482,-1,482,481,478,-1,482,478,483,-1,483,478,479,-1,483,479,484,-1,484,479,485,-1,2,475,0,-1,0,475,477,-1,0,477,4,-1,4,477,486,-1,4,486,5,-1,5,486,487,-1,5,487,479,-1,391,393,396,-1,396,393,488,-1,396,488,407,-1,407,488,34,-1,407,34,23,-1,23,34,33,-1,23,33,24,-1,2,199,475,-1,475,199,196,-1,475,196,5,-1,5,196,204,-1,5,204,404,-1,404,204,412,-1,404,412,402,-1,402,412,414,-1,369,254,354,-1,354,254,259,-1,354,259,355,-1,355,259,431,-1,355,431,321,-1,321,431,424,-1,321,424,318,-1,318,424,426,-1,318,426,313,-1,313,426,168,-1,313,168,305,-1,361,360,394,-1,394,360,342,-1,394,342,489,-1,489,342,324,-1,489,324,490,-1,490,324,326,-1,490,326,491,-1,491,326,315,-1,491,315,492,-1,492,315,310,-1,492,310,493,-1,493,310,308,-1,493,308,494,-1,495,170,496,-1,496,170,497,-1,496,497,498,-1,498,497,499,-1,500,501,495,-1,495,501,502,-1,495,502,170,-1,170,502,503,-1,309,306,307,-1,307,306,305,-1,307,305,499,-1,499,305,168,-1,499,168,498,-1,498,168,504,-1,505,506,504,-1,504,506,507,-1,504,507,508,-1,509,168,510,-1,510,168,170,-1,510,170,511,-1,511,170,503,-1,511,503,512,-1,512,503,513,-1,509,514,168,-1,168,514,515,-1,168,515,504,-1,504,515,516,-1,504,516,505,-1,517,518,503,-1,503,518,519,-1,503,519,513,-1,508,520,504,-1,504,520,521,-1,504,521,503,-1,503,521,522,-1,503,522,517,-1,427,458,182,-1,182,458,523,-1,182,523,172,-1,172,523,524,-1,172,524,170,-1,170,524,525,-1,170,525,497,-1,67,69,1,-1,1,69,526,-1,1,526,2,-1,2,526,527,-1,2,527,199,-1,199,527,528,-1,199,528,244,-1,244,528,529,-1,244,529,246,-1,246,529,530,-1,246,530,451,-1,451,530,531,-1,451,531,458,-1,458,531,532,-1,458,532,523,-1,523,532,533,-1,523,533,524,-1,524,533,534,-1,524,534,525,-1,
        ]
    }
}
Shape{
    appearance Appearance {
        material  Material {
            diffuseColor 0.9686274509803922 0.8784313725490196 0.6
            specularColor 0.6784313725490196 0.615686274509804 0.4196078431372549
            ambientIntensity 0.8737
            transparency 0.0
            shininess 0.5
        }
    }
    geometry IndexedFaceSet {
        ccw TRUE
        solid FALSE
        coord DEF co Coordinate {
            point [
                5.2067 0.0958 -0.9359, 5.2107 0.0927 -0.9476, 5.1693 0.0512 -1.1024, 5.1994 0.0983 -0.9267, 5.2007 0.098 -0.9275, 5.1981 0.0984 -0.9262, 5.0254 0.0927 -0.9476, 5.0295 0.0958 -0.9359, 5.0669 0.0512 -1.1024, 5.0318 0.0969 -0.9316, 5.2019 0.0978 -0.9285, 5.2044 0.0969 -0.9316, 5.0343 0.0978 -0.9285, 5.0355 0.098 -0.9275, 5.0368 0.0983 -0.9267, 5.0381 0.0984 -0.9262, 5.0393 0.0984 -0.926, 5.1968 0.0984 -0.926, 5.0223 0.0886 -0.9359, 5.0254 -0.0927 -0.9476, 5.0223 -0.0886 -0.9359, 5.0669 -0.0512 -1.1024, 5.0212 -0.0863 -0.9316, 5.0198 0.0813 -0.9267, 5.02 0.0826 -0.9275, 5.0203 -0.0838 -0.9285, 5.02 -0.0826 -0.9275, 5.0198 -0.0813 -0.9267, 5.0197 0.08 -0.9262, 5.0197 -0.08 -0.9262, 5.0197 -0.0787 -0.926, 5.0197 0.0787 -0.926, 5.0203 0.0838 -0.9285, 5.0212 0.0863 -0.9316, 5.0295 -0.0958 -0.9359, 5.2107 -0.0927 -0.9476, 5.2067 -0.0958 -0.9359, 5.1693 -0.0512 -1.1024, 5.2044 -0.0969 -0.9316, 5.0368 -0.0983 -0.9267, 5.0355 -0.098 -0.9275, 5.2019 -0.0978 -0.9285, 5.2007 -0.098 -0.9275, 5.1994 -0.0983 -0.9267, 5.0381 -0.0984 -0.9262, 5.1981 -0.0984 -0.9262, 5.1968 -0.0984 -0.926, 5.0393 -0.0984 -0.926, 5.0343 -0.0978 -0.9285, 5.0318 -0.0969 -0.9316, 5.2139 -0.0886 -0.9359, 5.2139 0.0886 -0.9359, 5.215 0.0863 -0.9316, 5.2163 -0.0813 -0.9267, 5.2161 -0.0826 -0.9275, 5.2158 0.0838 -0.9285, 5.2161 0.0826 -0.9275, 5.2163 0.0813 -0.9267, 5.2165 -0.08 -0.9262, 5.2165 0.08 -0.9262, 5.2165 0.0787 -0.926, 5.2165 -0.0787 -0.926, 5.2158 -0.0838 -0.9285, 5.215 -0.0863 -0.9316, 5.1968 -0.0984 0.1969, 5.2019 -0.0978 0.1969, 5.2067 -0.0958 0.1969, 5.2165 -0.0787 0.1969, 5.2158 -0.0838 0.1969, 5.2107 -0.0927 0.1969, 5.2139 -0.0886 0.1969, 5.2165 0.0787 0.1969, 5.2158 0.0838 0.1969, 5.2139 0.0886 0.1969, 5.1968 0.0984 0.1969, 5.2019 0.0978 0.1969, 5.2107 0.0927 0.1969, 5.2067 0.0958 0.1969, 5.0393 0.0984 0.1969, 5.0343 0.0978 0.1969, 5.0295 0.0958 0.1969, 5.0197 0.0787 0.1969, 5.0203 0.0838 0.1969, 5.0254 0.0927 0.1969, 5.0223 0.0886 0.1969, 5.0197 -0.0787 0.1969, 5.0203 -0.0838 0.1969, 5.0223 -0.0886 0.1969, 5.0393 -0.0984 0.1969, 5.0343 -0.0978 0.1969, 5.0254 -0.0927 0.1969, 5.0295 -0.0958 0.1969, 4.4193 0.0958 -0.9359, 4.4233 0.0927 -0.9476, 4.3819 0.0512 -1.1024, 4.412 0.0983 -0.9267, 4.4133 0.098 -0.9275, 4.4107 0.0984 -0.9262, 4.238 0.0927 -0.9476, 4.2421 0.0958 -0.9359, 4.2795 0.0512 -1.1024, 4.2444 0.0969 -0.9316, 4.4145 0.0978 -0.9285, 4.417 0.0969 -0.9316, 4.2469 0.0978 -0.9285, 4.2481 0.098 -0.9275, 4.2494 0.0983 -0.9267, 4.2507 0.0984 -0.9262, 4.2519 0.0984 -0.926, 4.4094 0.0984 -0.926, 4.2349 0.0886 -0.9359, 4.238 -0.0927 -0.9476, 4.2349 -0.0886 -0.9359, 4.2795 -0.0512 -1.1024, 4.2338 -0.0863 -0.9316, 4.2324 0.0813 -0.9267, 4.2326 0.0826 -0.9275, 4.2329 -0.0838 -0.9285, 4.2326 -0.0826 -0.9275, 4.2324 -0.0813 -0.9267, 4.2323 0.08 -0.9262, 4.2323 -0.08 -0.9262, 4.2323 -0.0787 -0.926, 4.2323 0.0787 -0.926, 4.2329 0.0838 -0.9285, 4.2338 0.0863 -0.9316, 4.2421 -0.0958 -0.9359, 4.4233 -0.0927 -0.9476, 4.4193 -0.0958 -0.9359, 4.3819 -0.0512 -1.1024, 4.417 -0.0969 -0.9316, 4.2494 -0.0983 -0.9267, 4.2481 -0.098 -0.9275, 4.4145 -0.0978 -0.9285, 4.4133 -0.098 -0.9275, 4.412 -0.0983 -0.9267, 4.2507 -0.0984 -0.9262, 4.4107 -0.0984 -0.9262, 4.4094 -0.0984 -0.926, 4.2519 -0.0984 -0.926, 4.2469 -0.0978 -0.9285, 4.2444 -0.0969 -0.9316, 4.4265 -0.0886 -0.9359, 4.4265 0.0886 -0.9359, 4.4276 0.0863 -0.9316, 4.4289 -0.0813 -0.9267, 4.4287 -0.0826 -0.9275, 4.4284 0.0838 -0.9285, 4.4287 0.0826 -0.9275, 4.4289 0.0813 -0.9267, 4.4291 -0.08 -0.9262, 4.4291 0.08 -0.9262, 4.4291 0.0787 -0.926, 4.4291 -0.0787 -0.926, 4.4284 -0.0838 -0.9285, 4.4276 -0.0863 -0.9316, 4.4094 -0.0984 0.1969, 4.4145 -0.0978 0.1969, 4.4193 -0.0958 0.1969, 4.4291 -0.0787 0.1969, 4.4284 -0.0838 0.1969, 4.4233 -0.0927 0.1969, 4.4265 -0.0886 0.1969, 4.4291 0.0787 0.1969, 4.4284 0.0838 0.1969, 4.4265 0.0886 0.1969, 4.4094 0.0984 0.1969, 4.4145 0.0978 0.1969, 4.4233 0.0927 0.1969, 4.4193 0.0958 0.1969, 4.2519 0.0984 0.1969, 4.2469 0.0978 0.1969, 4.2421 0.0958 0.1969, 4.2323 0.0787 0.1969, 4.2329 0.0838 0.1969, 4.238 0.0927 0.1969, 4.2349 0.0886 0.1969, 4.2323 -0.0787 0.1969, 4.2329 -0.0838 0.1969, 4.2349 -0.0886 0.1969, 4.2519 -0.0984 0.1969, 4.2469 -0.0978 0.1969, 4.238 -0.0927 0.1969, 4.2421 -0.0958 0.1969, 3.6319 0.0958 -0.9359, 3.6359 0.0927 -0.9476, 3.5945 0.0512 -1.1024, 3.6246 0.0983 -0.9267, 3.6259 0.098 -0.9275, 3.6233 0.0984 -0.9262, 3.4506 0.0927 -0.9476, 3.4547 0.0958 -0.9359, 3.4921 0.0512 -1.1024, 3.457 0.0969 -0.9316, 3.6271 0.0978 -0.9285, 3.6296 0.0969 -0.9316, 3.4595 0.0978 -0.9285, 3.4607 0.098 -0.9275, 3.462 0.0983 -0.9267, 3.4633 0.0984 -0.9262, 3.4645 0.0984 -0.926, 3.622 0.0984 -0.926, 3.4475 0.0886 -0.9359, 3.4506 -0.0927 -0.9476, 3.4475 -0.0886 -0.9359, 3.4921 -0.0512 -1.1024, 3.4464 -0.0863 -0.9316, 3.445 0.0813 -0.9267, 3.4452 0.0826 -0.9275, 3.4455 -0.0838 -0.9285, 3.4452 -0.0826 -0.9275, 3.445 -0.0813 -0.9267, 3.4449 0.08 -0.9262, 3.4449 -0.08 -0.9262, 3.4449 -0.0787 -0.926, 3.4449 0.0787 -0.926, 3.4455 0.0838 -0.9285, 3.4464 0.0863 -0.9316, 3.4547 -0.0958 -0.9359, 3.6359 -0.0927 -0.9476, 3.6319 -0.0958 -0.9359, 3.5945 -0.0512 -1.1024, 3.6296 -0.0969 -0.9316, 3.462 -0.0983 -0.9267, 3.4607 -0.098 -0.9275, 3.6271 -0.0978 -0.9285, 3.6259 -0.098 -0.9275, 3.6246 -0.0983 -0.9267, 3.4633 -0.0984 -0.9262, 3.6233 -0.0984 -0.9262, 3.622 -0.0984 -0.926, 3.4645 -0.0984 -0.926, 3.4595 -0.0978 -0.9285, 3.457 -0.0969 -0.9316, 3.6391 -0.0886 -0.9359, 3.6391 0.0886 -0.9359, 3.6402 0.0863 -0.9316, 3.6415 -0.0813 -0.9267, 3.6413 -0.0826 -0.9275, 3.641 0.0838 -0.9285, 3.6413 0.0826 -0.9275, 3.6415 0.0813 -0.9267, 3.6417 -0.08 -0.9262, 3.6417 0.08 -0.9262, 3.6417 0.0787 -0.926, 3.6417 -0.0787 -0.926, 3.641 -0.0838 -0.9285, 3.6402 -0.0863 -0.9316, 3.622 -0.0984 0.1969, 3.6271 -0.0978 0.1969, 3.6319 -0.0958 0.1969, 3.6417 -0.0787 0.1969, 3.641 -0.0838 0.1969, 3.6359 -0.0927 0.1969, 3.6391 -0.0886 0.1969, 3.6417 0.0787 0.1969, 3.641 0.0838 0.1969, 3.6391 0.0886 0.1969, 3.622 0.0984 0.1969, 3.6271 0.0978 0.1969, 3.6359 0.0927 0.1969, 3.6319 0.0958 0.1969, 3.4645 0.0984 0.1969, 3.4595 0.0978 0.1969, 3.4547 0.0958 0.1969, 3.4449 0.0787 0.1969, 3.4455 0.0838 0.1969, 3.4506 0.0927 0.1969, 3.4475 0.0886 0.1969, 3.4449 -0.0787 0.1969, 3.4455 -0.0838 0.1969, 3.4475 -0.0886 0.1969, 3.4645 -0.0984 0.1969, 3.4595 -0.0978 0.1969, 3.4506 -0.0927 0.1969, 3.4547 -0.0958 0.1969, 2.8445 0.0958 -0.9359, 2.8485 0.0927 -0.9476, 2.8071 0.0512 -1.1024, 2.8372 0.0983 -0.9267, 2.8385 0.098 -0.9275, 2.8359 0.0984 -0.9262, 2.6632 0.0927 -0.9476, 2.6673 0.0958 -0.9359, 2.7047 0.0512 -1.1024, 2.6696 0.0969 -0.9316, 2.8397 0.0978 -0.9285, 2.8422 0.0969 -0.9316, 2.6721 0.0978 -0.9285, 2.6733 0.098 -0.9275, 2.6746 0.0983 -0.9267, 2.6759 0.0984 -0.9262, 2.6771 0.0984 -0.926, 2.8346 0.0984 -0.926, 2.6601 0.0886 -0.9359, 2.6632 -0.0927 -0.9476, 2.6601 -0.0886 -0.9359, 2.7047 -0.0512 -1.1024, 2.659 -0.0863 -0.9316, 2.6576 0.0813 -0.9267, 2.6578 0.0826 -0.9275, 2.6581 -0.0838 -0.9285, 2.6578 -0.0826 -0.9275, 2.6576 -0.0813 -0.9267, 2.6575 0.08 -0.9262, 2.6575 -0.08 -0.9262, 2.6575 -0.0787 -0.926, 2.6575 0.0787 -0.926, 2.6581 0.0838 -0.9285, 2.659 0.0863 -0.9316, 2.6673 -0.0958 -0.9359, 2.8485 -0.0927 -0.9476, 2.8445 -0.0958 -0.9359, 2.8071 -0.0512 -1.1024, 2.8422 -0.0969 -0.9316, 2.6746 -0.0983 -0.9267, 2.6733 -0.098 -0.9275, 2.8397 -0.0978 -0.9285, 2.8385 -0.098 -0.9275, 2.8372 -0.0983 -0.9267, 2.6759 -0.0984 -0.9262, 2.8359 -0.0984 -0.9262, 2.8346 -0.0984 -0.926, 2.6771 -0.0984 -0.926, 2.6721 -0.0978 -0.9285, 2.6696 -0.0969 -0.9316, 2.8517 -0.0886 -0.9359, 2.8517 0.0886 -0.9359, 2.8528 0.0863 -0.9316, 2.8541 -0.0813 -0.9267, 2.8539 -0.0826 -0.9275, 2.8536 0.0838 -0.9285, 2.8539 0.0826 -0.9275, 2.8541 0.0813 -0.9267, 2.8543 -0.08 -0.9262, 2.8543 0.08 -0.9262, 2.8543 0.0787 -0.926, 2.8543 -0.0787 -0.926, 2.8536 -0.0838 -0.9285, 2.8528 -0.0863 -0.9316, 2.8346 -0.0984 0.1969, 2.8397 -0.0978 0.1969, 2.8445 -0.0958 0.1969, 2.8543 -0.0787 0.1969, 2.8536 -0.0838 0.1969, 2.8485 -0.0927 0.1969, 2.8517 -0.0886 0.1969, 2.8543 0.0787 0.1969, 2.8536 0.0838 0.1969, 2.8517 0.0886 0.1969, 2.8346 0.0984 0.1969, 2.8397 0.0978 0.1969, 2.8485 0.0927 0.1969, 2.8445 0.0958 0.1969, 2.6771 0.0984 0.1969, 2.6721 0.0978 0.1969, 2.6673 0.0958 0.1969, 2.6575 0.0787 0.1969, 2.6581 0.0838 0.1969, 2.6632 0.0927 0.1969, 2.6601 0.0886 0.1969, 2.6575 -0.0787 0.1969, 2.6581 -0.0838 0.1969, 2.6601 -0.0886 0.1969, 2.6771 -0.0984 0.1969, 2.6721 -0.0978 0.1969, 2.6632 -0.0927 0.1969, 2.6673 -0.0958 0.1969, 2.0571 0.0958 -0.9359, 2.0611 0.0927 -0.9476, 2.0197 0.0512 -1.1024, 2.0498 0.0983 -0.9267, 2.0511 0.098 -0.9275, 2.0485 0.0984 -0.9262, 1.8758 0.0927 -0.9476, 1.8799 0.0958 -0.9359, 1.9173 0.0512 -1.1024, 1.8822 0.0969 -0.9316, 2.0523 0.0978 -0.9285, 2.0548 0.0969 -0.9316, 1.8846 0.0978 -0.9285, 1.8859 0.098 -0.9275, 1.8872 0.0983 -0.9267, 1.8885 0.0984 -0.9262, 1.8897 0.0984 -0.926, 2.0472 0.0984 -0.926, 1.8727 0.0886 -0.9359, 1.8758 -0.0927 -0.9476, 1.8727 -0.0886 -0.9359, 1.9173 -0.0512 -1.1024, 1.8716 -0.0863 -0.9316, 1.8702 0.0813 -0.9267, 1.8704 0.0826 -0.9275, 1.8707 -0.0838 -0.9285, 1.8704 -0.0826 -0.9275, 1.8702 -0.0813 -0.9267, 1.8701 0.08 -0.9262, 1.8701 -0.08 -0.9262, 1.8701 -0.0787 -0.926, 1.8701 0.0787 -0.926, 1.8707 0.0838 -0.9285, 1.8716 0.0863 -0.9316, 1.8799 -0.0958 -0.9359, 2.0611 -0.0927 -0.9476, 2.0571 -0.0958 -0.9359, 2.0197 -0.0512 -1.1024, 2.0548 -0.0969 -0.9316, 1.8872 -0.0983 -0.9267, 1.8859 -0.098 -0.9275, 2.0523 -0.0978 -0.9285, 2.0511 -0.098 -0.9275, 2.0498 -0.0983 -0.9267, 1.8885 -0.0984 -0.9262, 2.0485 -0.0984 -0.9262, 2.0472 -0.0984 -0.926, 1.8897 -0.0984 -0.926, 1.8846 -0.0978 -0.9285, 1.8822 -0.0969 -0.9316, 2.0643 -0.0886 -0.9359, 2.0643 0.0886 -0.9359, 2.0654 0.0863 -0.9316, 2.0667 -0.0813 -0.9267, 2.0665 -0.0826 -0.9275, 2.0662 0.0838 -0.9285, 2.0665 0.0826 -0.9275, 2.0667 0.0813 -0.9267, 2.0669 -0.08 -0.9262, 2.0669 0.08 -0.9262, 2.0669 0.0787 -0.926, 2.0669 -0.0787 -0.926, 2.0662 -0.0838 -0.9285, 2.0654 -0.0863 -0.9316, 2.0472 -0.0984 0.1969, 2.0523 -0.0978 0.1969, 2.0571 -0.0958 0.1969, 2.0669 -0.0787 0.1969, 2.0662 -0.0838 0.1969, 2.0611 -0.0927 0.1969, 2.0643 -0.0886 0.1969, 2.0669 0.0787 0.1969, 2.0662 0.0838 0.1969, 2.0643 0.0886 0.1969, 2.0472 0.0984 0.1969, 2.0523 0.0978 0.1969, 2.0611 0.0927 0.1969, 2.0571 0.0958 0.1969, 1.8897 0.0984 0.1969, 1.8846 0.0978 0.1969, 1.8799 0.0958 0.1969, 1.8701 0.0787 0.1969, 1.8707 0.0838 0.1969, 1.8758 0.0927 0.1969, 1.8727 0.0886 0.1969, 1.8701 -0.0787 0.1969, 1.8707 -0.0838 0.1969, 1.8727 -0.0886 0.1969, 1.8897 -0.0984 0.1969, 1.8846 -0.0978 0.1969, 1.8758 -0.0927 0.1969, 1.8799 -0.0958 0.1969, 1.2697 0.0958 -0.9359, 1.2737 0.0927 -0.9476, 1.2323 0.0512 -1.1024, 1.2624 0.0983 -0.9267, 1.2637 0.098 -0.9275, 1.2611 0.0984 -0.9262, 1.0884 0.0927 -0.9476, 1.0925 0.0958 -0.9359, 1.1299 0.0512 -1.1024, 1.0948 0.0969 -0.9316, 1.2649 0.0978 -0.9285, 1.2674 0.0969 -0.9316, 1.0972 0.0978 -0.9285, 1.0985 0.098 -0.9275, 1.0998 0.0983 -0.9267, 1.1011 0.0984 -0.9262, 1.1023 0.0984 -0.926, 1.2598 0.0984 -0.926, 1.0853 0.0886 -0.9359, 1.0884 -0.0927 -0.9476, 1.0853 -0.0886 -0.9359, 1.1299 -0.0512 -1.1024, 1.0842 -0.0863 -0.9316, 1.0828 0.0813 -0.9267, 1.083 0.0826 -0.9275, 1.0833 -0.0838 -0.9285, 1.083 -0.0826 -0.9275, 1.0828 -0.0813 -0.9267, 1.0827 0.08 -0.9262, 1.0827 -0.08 -0.9262, 1.0827 -0.0787 -0.926, 1.0827 0.0787 -0.926, 1.0833 0.0838 -0.9285, 1.0842 0.0863 -0.9316, 1.0925 -0.0958 -0.9359, 1.2737 -0.0927 -0.9476, 1.2697 -0.0958 -0.9359, 1.2323 -0.0512 -1.1024, 1.2674 -0.0969 -0.9316, 1.0998 -0.0983 -0.9267, 1.0985 -0.098 -0.9275, 1.2649 -0.0978 -0.9285, 1.2637 -0.098 -0.9275, 1.2624 -0.0983 -0.9267, 1.1011 -0.0984 -0.9262, 1.2611 -0.0984 -0.9262, 1.2598 -0.0984 -0.926, 1.1023 -0.0984 -0.926, 1.0972 -0.0978 -0.9285, 1.0948 -0.0969 -0.9316, 1.2769 -0.0886 -0.9359, 1.2769 0.0886 -0.9359, 1.278 0.0863 -0.9316, 1.2793 -0.0813 -0.9267, 1.2791 -0.0826 -0.9275, 1.2788 0.0838 -0.9285, 1.2791 0.0826 -0.9275, 1.2793 0.0813 -0.9267, 1.2795 -0.08 -0.9262, 1.2795 0.08 -0.9262, 1.2795 0.0787 -0.926, 1.2795 -0.0787 -0.926, 1.2788 -0.0838 -0.9285, 1.278 -0.0863 -0.9316, 1.2598 -0.0984 0.1969, 1.2649 -0.0978 0.1969, 1.2697 -0.0958 0.1969, 1.2795 -0.0787 0.1969, 1.2788 -0.0838 0.1969, 1.2737 -0.0927 0.1969, 1.2769 -0.0886 0.1969, 1.2795 0.0787 0.1969, 1.2788 0.0838 0.1969, 1.2769 0.0886 0.1969, 1.2598 0.0984 0.1969, 1.2649 0.0978 0.1969, 1.2737 0.0927 0.1969, 1.2697 0.0958 0.1969, 1.1023 0.0984 0.1969, 1.0972 0.0978 0.1969, 1.0925 0.0958 0.1969, 1.0827 0.0787 0.1969, 1.0833 0.0838 0.1969, 1.0884 0.0927 0.1969, 1.0853 0.0886 0.1969, 1.0827 -0.0787 0.1969, 1.0833 -0.0838 0.1969, 1.0853 -0.0886 0.1969, 1.1023 -0.0984 0.1969, 1.0972 -0.0978 0.1969, 1.0884 -0.0927 0.1969, 1.0925 -0.0958 0.1969, 0.4823 0.0958 -0.9359, 0.4863 0.0927 -0.9476, 0.4449 0.0512 -1.1024, 0.301 0.0927 -0.9476, 0.3051 0.0958 -0.9359, 0.3425 0.0512 -1.1024, 0.3074 0.0969 -0.9316, 0.475 0.0983 -0.9267, 0.4763 0.098 -0.9275, 0.3098 0.0978 -0.9285, 0.3111 0.098 -0.9275, 0.3124 0.0983 -0.9267, 0.4737 0.0984 -0.9262, 0.3137 0.0984 -0.9262, 0.3149 0.0984 -0.926, 0.4724 0.0984 -0.926, 0.4775 0.0978 -0.9285, 0.48 0.0969 -0.9316, 0.2979 0.0886 -0.9359, 0.301 -0.0927 -0.9476, 0.2979 -0.0886 -0.9359, 0.3425 -0.0512 -1.1024, 0.2968 -0.0863 -0.9316, 0.2954 0.0813 -0.9267, 0.2956 0.0826 -0.9275, 0.2959 -0.0838 -0.9285, 0.2956 -0.0826 -0.9275, 0.2954 -0.0813 -0.9267, 0.2953 0.08 -0.9262, 0.2953 -0.08 -0.9262, 0.2953 -0.0787 -0.926, 0.2953 0.0787 -0.926, 0.2959 0.0838 -0.9285, 0.2968 0.0863 -0.9316, 0.3051 -0.0958 -0.9359, 0.3124 -0.0983 -0.9267, 0.3111 -0.098 -0.9275, 0.3137 -0.0984 -0.9262, 0.4863 -0.0927 -0.9476, 0.4823 -0.0958 -0.9359, 0.4449 -0.0512 -1.1024, 0.48 -0.0969 -0.9316, 0.3098 -0.0978 -0.9285, 0.3074 -0.0969 -0.9316, 0.4775 -0.0978 -0.9285, 0.4763 -0.098 -0.9275, 0.475 -0.0983 -0.9267, 0.4737 -0.0984 -0.9262, 0.4724 -0.0984 -0.926, 0.3149 -0.0984 -0.926, 0.4895 -0.0886 -0.9359, 0.4895 0.0886 -0.9359, 0.4906 0.0863 -0.9316, 0.4919 -0.0813 -0.9267, 0.4917 -0.0826 -0.9275, 0.4914 0.0838 -0.9285, 0.4917 0.0826 -0.9275, 0.4919 0.0813 -0.9267, 0.4921 -0.08 -0.9262, 0.4921 0.08 -0.9262, 0.4921 0.0787 -0.926, 0.4921 -0.0787 -0.926, 0.4914 -0.0838 -0.9285, 0.4906 -0.0863 -0.9316, 0.4724 -0.0984 0.1969, 0.4775 -0.0978 0.1969, 0.4823 -0.0958 0.1969, 0.4921 -0.0787 0.1969, 0.4914 -0.0838 0.1969, 0.4863 -0.0927 0.1969, 0.4895 -0.0886 0.1969, 0.4921 0.0787 0.1969, 0.4914 0.0838 0.1969, 0.4895 0.0886 0.1969, 0.4724 0.0984 0.1969, 0.4775 0.0978 0.1969, 0.4863 0.0927 0.1969, 0.4823 0.0958 0.1969, 0.3149 0.0984 0.1969, 0.3098 0.0978 0.1969, 0.3051 0.0958 0.1969, 0.2953 0.0787 0.1969, 0.2959 0.0838 0.1969, 0.301 0.0927 0.1969, 0.2979 0.0886 0.1969, 0.2953 -0.0787 0.1969, 0.2959 -0.0838 0.1969, 0.2979 -0.0886 0.1969, 0.3149 -0.0984 0.1969, 0.3098 -0.0978 0.1969, 0.301 -0.0927 0.1969, 0.3051 -0.0958 0.1969, -0.3051 0.0958 -0.9359, -0.3011 0.0927 -0.9476, -0.3425 0.0512 -1.1024, -0.4864 0.0927 -0.9476, -0.4823 0.0958 -0.9359, -0.4449 0.0512 -1.1024, -0.48 0.0969 -0.9316, -0.3124 0.0983 -0.9267, -0.3111 0.098 -0.9275, -0.4776 0.0978 -0.9285, -0.4763 0.098 -0.9275, -0.475 0.0983 -0.9267, -0.3137 0.0984 -0.9262, -0.4737 0.0984 -0.9262, -0.4725 0.0984 -0.926, -0.315 0.0984 -0.926, -0.3099 0.0978 -0.9285, -0.3074 0.0969 -0.9316, -0.4895 0.0886 -0.9359, -0.4864 -0.0927 -0.9476, -0.4895 -0.0886 -0.9359, -0.4449 -0.0512 -1.1024, -0.4906 -0.0863 -0.9316, -0.492 0.0813 -0.9267, -0.4918 0.0826 -0.9275, -0.4915 -0.0838 -0.9285, -0.4918 -0.0826 -0.9275, -0.492 -0.0813 -0.9267, -0.4921 0.08 -0.9262, -0.4921 -0.08 -0.9262, -0.4921 -0.0787 -0.926, -0.4921 0.0787 -0.926, -0.4915 0.0838 -0.9285, -0.4906 0.0863 -0.9316, -0.4823 -0.0958 -0.9359, -0.3011 -0.0927 -0.9476, -0.3051 -0.0958 -0.9359, -0.3425 -0.0512 -1.1024, -0.3074 -0.0969 -0.9316, -0.475 -0.0983 -0.9267, -0.4763 -0.098 -0.9275, -0.3099 -0.0978 -0.9285, -0.3111 -0.098 -0.9275, -0.3124 -0.0983 -0.9267, -0.4737 -0.0984 -0.9262, -0.3137 -0.0984 -0.9262, -0.315 -0.0984 -0.926, -0.4725 -0.0984 -0.926, -0.4776 -0.0978 -0.9285, -0.48 -0.0969 -0.9316, -0.2979 -0.0886 -0.9359, -0.2979 0.0886 -0.9359, -0.2968 0.0863 -0.9316, -0.2955 -0.0813 -0.9267, -0.2957 -0.0826 -0.9275, -0.296 0.0838 -0.9285, -0.2957 0.0826 -0.9275, -0.2955 0.0813 -0.9267, -0.2953 -0.08 -0.9262, -0.2953 0.08 -0.9262, -0.2953 0.0787 -0.926, -0.2953 -0.0787 -0.926, -0.296 -0.0838 -0.9285, -0.2968 -0.0863 -0.9316, -0.315 -0.0984 0.1969, -0.3099 -0.0978 0.1969, -0.3051 -0.0958 0.1969, -0.2953 -0.0787 0.1969, -0.296 -0.0838 0.1969, -0.3011 -0.0927 0.1969, -0.2979 -0.0886 0.1969, -0.2953 0.0787 0.1969, -0.296 0.0838 0.1969, -0.2979 0.0886 0.1969, -0.315 0.0984 0.1969, -0.3099 0.0978 0.1969, -0.3011 0.0927 0.1969, -0.3051 0.0958 0.1969, -0.4725 0.0984 0.1969, -0.4776 0.0978 0.1969, -0.4823 0.0958 0.1969, -0.4921 0.0787 0.1969, -0.4915 0.0838 0.1969, -0.4864 0.0927 0.1969, -0.4895 0.0886 0.1969, -0.4921 -0.0787 0.1969, -0.4915 -0.0838 0.1969, -0.4895 -0.0886 0.1969, -0.4725 -0.0984 0.1969, -0.4776 -0.0978 0.1969, -0.4864 -0.0927 0.1969, -0.4823 -0.0958 0.1969, -1.0925 0.0958 -0.9359, -1.0885 0.0927 -0.9476, -1.1299 0.0512 -1.1024, -1.0998 0.0983 -0.9267, -1.0985 0.098 -0.9275, -1.1011 0.0984 -0.9262, -1.2738 0.0927 -0.9476, -1.2697 0.0958 -0.9359, -1.2323 0.0512 -1.1024, -1.2674 0.0969 -0.9316, -1.0973 0.0978 -0.9285, -1.0948 0.0969 -0.9316, -1.265 0.0978 -0.9285, -1.2637 0.098 -0.9275, -1.2624 0.0983 -0.9267, -1.2611 0.0984 -0.9262, -1.2599 0.0984 -0.926, -1.1024 0.0984 -0.926, -1.2769 0.0886 -0.9359, -1.2738 -0.0927 -0.9476, -1.2769 -0.0886 -0.9359, -1.2323 -0.0512 -1.1024, -1.278 -0.0863 -0.9316, -1.2794 0.0813 -0.9267, -1.2792 0.0826 -0.9275, -1.2789 -0.0838 -0.9285, -1.2792 -0.0826 -0.9275, -1.2794 -0.0813 -0.9267, -1.2795 0.08 -0.9262, -1.2795 -0.08 -0.9262, -1.2795 -0.0787 -0.926, -1.2795 0.0787 -0.926, -1.2789 0.0838 -0.9285, -1.278 0.0863 -0.9316, -1.2697 -0.0958 -0.9359, -1.0885 -0.0927 -0.9476, -1.0925 -0.0958 -0.9359, -1.1299 -0.0512 -1.1024, -1.0948 -0.0969 -0.9316, -1.2624 -0.0983 -0.9267, -1.2637 -0.098 -0.9275, -1.0973 -0.0978 -0.9285, -1.0985 -0.098 -0.9275, -1.0998 -0.0983 -0.9267, -1.2611 -0.0984 -0.9262, -1.1011 -0.0984 -0.9262, -1.1024 -0.0984 -0.926, -1.2599 -0.0984 -0.926, -1.265 -0.0978 -0.9285, -1.2674 -0.0969 -0.9316, -1.0853 -0.0886 -0.9359, -1.0853 0.0886 -0.9359, -1.0842 0.0863 -0.9316, -1.0829 -0.0813 -0.9267, -1.0831 -0.0826 -0.9275, -1.0834 0.0838 -0.9285, -1.0831 0.0826 -0.9275, -1.0829 0.0813 -0.9267, -1.0827 -0.08 -0.9262, -1.0827 0.08 -0.9262, -1.0827 0.0787 -0.926, -1.0827 -0.0787 -0.926, -1.0834 -0.0838 -0.9285, -1.0842 -0.0863 -0.9316, -1.1024 -0.0984 0.1969, -1.0973 -0.0978 0.1969, -1.0925 -0.0958 0.1969, -1.0827 -0.0787 0.1969, -1.0834 -0.0838 0.1969, -1.0885 -0.0927 0.1969, -1.0853 -0.0886 0.1969, -1.0827 0.0787 0.1969, -1.0834 0.0838 0.1969, -1.0853 0.0886 0.1969, -1.1024 0.0984 0.1969, -1.0973 0.0978 0.1969, -1.0885 0.0927 0.1969, -1.0925 0.0958 0.1969, -1.2599 0.0984 0.1969, -1.265 0.0978 0.1969, -1.2697 0.0958 0.1969, -1.2795 0.0787 0.1969, -1.2789 0.0838 0.1969, -1.2738 0.0927 0.1969, -1.2769 0.0886 0.1969, -1.2795 -0.0787 0.1969, -1.2789 -0.0838 0.1969, -1.2769 -0.0886 0.1969, -1.2599 -0.0984 0.1969, -1.265 -0.0978 0.1969, -1.2738 -0.0927 0.1969, -1.2697 -0.0958 0.1969, -1.8799 0.0958 -0.9359, -1.8759 0.0927 -0.9476, -1.9173 0.0512 -1.1024, -1.8872 0.0983 -0.9267, -1.8859 0.098 -0.9275, -1.8885 0.0984 -0.9262, -2.0612 0.0927 -0.9476, -2.0571 0.0958 -0.9359, -2.0197 0.0512 -1.1024, -2.0548 0.0969 -0.9316, -1.8847 0.0978 -0.9285, -1.8823 0.0969 -0.9316, -2.0524 0.0978 -0.9285, -2.0511 0.098 -0.9275, -2.0498 0.0983 -0.9267, -2.0486 0.0984 -0.9262, -2.0473 0.0984 -0.926, -1.8898 0.0984 -0.926, -2.0643 0.0886 -0.9359, -2.0612 -0.0927 -0.9476, -2.0643 -0.0886 -0.9359, -2.0197 -0.0512 -1.1024, -2.0655 -0.0863 -0.9316, -2.0668 0.0813 -0.9267, -2.0666 0.0826 -0.9275, -2.0663 -0.0838 -0.9285, -2.0666 -0.0826 -0.9275, -2.0668 -0.0813 -0.9267, -2.0669 0.08 -0.9262, -2.0669 -0.08 -0.9262, -2.0669 -0.0787 -0.926, -2.0669 0.0787 -0.926, -2.0663 0.0838 -0.9285, -2.0655 0.0863 -0.9316, -2.0571 -0.0958 -0.9359, -1.8759 -0.0927 -0.9476, -1.8799 -0.0958 -0.9359, -1.9173 -0.0512 -1.1024, -1.8823 -0.0969 -0.9316, -2.0498 -0.0983 -0.9267, -2.0511 -0.098 -0.9275, -1.8847 -0.0978 -0.9285, -1.8859 -0.098 -0.9275, -1.8872 -0.0983 -0.9267, -2.0486 -0.0984 -0.9262, -1.8885 -0.0984 -0.9262, -1.8898 -0.0984 -0.926, -2.0473 -0.0984 -0.926, -2.0524 -0.0978 -0.9285, -2.0548 -0.0969 -0.9316, -1.8727 -0.0886 -0.9359, -1.8727 0.0886 -0.9359, -1.8716 0.0863 -0.9316, -1.8703 -0.0813 -0.9267, -1.8705 -0.0826 -0.9275, -1.8708 0.0838 -0.9285, -1.8705 0.0826 -0.9275, -1.8703 0.0813 -0.9267, -1.8701 -0.08 -0.9262, -1.8701 0.08 -0.9262, -1.8701 0.0787 -0.926, -1.8701 -0.0787 -0.926, -1.8708 -0.0838 -0.9285, -1.8716 -0.0863 -0.9316, -1.8898 -0.0984 0.1969, -1.8847 -0.0978 0.1969, -1.8799 -0.0958 0.1969, -1.8701 -0.0787 0.1969, -1.8708 -0.0838 0.1969, -1.8759 -0.0927 0.1969, -1.8727 -0.0886 0.1969, -1.8701 0.0787 0.1969, -1.8708 0.0838 0.1969, -1.8727 0.0886 0.1969, -1.8898 0.0984 0.1969, -1.8847 0.0978 0.1969, -1.8759 0.0927 0.1969, -1.8799 0.0958 0.1969, -2.0473 0.0984 0.1969, -2.0524 0.0978 0.1969, -2.0571 0.0958 0.1969, -2.0669 0.0787 0.1969, -2.0663 0.0838 0.1969, -2.0612 0.0927 0.1969, -2.0643 0.0886 0.1969, -2.0669 -0.0787 0.1969, -2.0663 -0.0838 0.1969, -2.0643 -0.0886 0.1969, -2.0473 -0.0984 0.1969, -2.0524 -0.0978 0.1969, -2.0612 -0.0927 0.1969, -2.0571 -0.0958 0.1969, -2.6673 0.0958 -0.9359, -2.6633 0.0927 -0.9476, -2.7047 0.0512 -1.1024, -2.6746 0.0983 -0.9267, -2.6733 0.098 -0.9275, -2.6759 0.0984 -0.9262, -2.8486 0.0927 -0.9476, -2.8445 0.0958 -0.9359, -2.8071 0.0512 -1.1024, -2.8422 0.0969 -0.9316, -2.6721 0.0978 -0.9285, -2.6697 0.0969 -0.9316, -2.8398 0.0978 -0.9285, -2.8385 0.098 -0.9275, -2.8372 0.0983 -0.9267, -2.836 0.0984 -0.9262, -2.8347 0.0984 -0.926, -2.6772 0.0984 -0.926, -2.8517 0.0886 -0.9359, -2.8486 -0.0927 -0.9476, -2.8517 -0.0886 -0.9359, -2.8071 -0.0512 -1.1024, -2.8529 -0.0863 -0.9316, -2.8542 0.0813 -0.9267, -2.854 0.0826 -0.9275, -2.8537 -0.0838 -0.9285, -2.854 -0.0826 -0.9275, -2.8542 -0.0813 -0.9267, -2.8543 0.08 -0.9262, -2.8543 -0.08 -0.9262, -2.8544 -0.0787 -0.926, -2.8544 0.0787 -0.926, -2.8537 0.0838 -0.9285, -2.8529 0.0863 -0.9316, -2.8445 -0.0958 -0.9359, -2.6633 -0.0927 -0.9476, -2.6673 -0.0958 -0.9359, -2.7047 -0.0512 -1.1024, -2.6697 -0.0969 -0.9316, -2.8372 -0.0983 -0.9267, -2.8385 -0.098 -0.9275, -2.6721 -0.0978 -0.9285, -2.6733 -0.098 -0.9275, -2.6746 -0.0983 -0.9267, -2.836 -0.0984 -0.9262, -2.6759 -0.0984 -0.9262, -2.6772 -0.0984 -0.926, -2.8347 -0.0984 -0.926, -2.8398 -0.0978 -0.9285, -2.8422 -0.0969 -0.9316, -2.6601 -0.0886 -0.9359, -2.6601 0.0886 -0.9359, -2.659 0.0863 -0.9316, -2.6577 -0.0813 -0.9267, -2.6579 -0.0826 -0.9275, -2.6582 0.0838 -0.9285, -2.6579 0.0826 -0.9275, -2.6577 0.0813 -0.9267, -2.6575 -0.08 -0.9262, -2.6575 0.08 -0.9262, -2.6575 0.0787 -0.926, -2.6575 -0.0787 -0.926, -2.6582 -0.0838 -0.9285, -2.659 -0.0863 -0.9316, -2.6772 -0.0984 0.1969, -2.6721 -0.0978 0.1969, -2.6673 -0.0958 0.1969, -2.6575 -0.0787 0.1969, -2.6582 -0.0838 0.1969, -2.6633 -0.0927 0.1969, -2.6601 -0.0886 0.1969, -2.6575 0.0787 0.1969, -2.6582 0.0838 0.1969, -2.6601 0.0886 0.1969, -2.6772 0.0984 0.1969, -2.6721 0.0978 0.1969, -2.6633 0.0927 0.1969, -2.6673 0.0958 0.1969, -2.8347 0.0984 0.1969, -2.8398 0.0978 0.1969, -2.8445 0.0958 0.1969, -2.8544 0.0787 0.1969, -2.8537 0.0838 0.1969, -2.8486 0.0927 0.1969, -2.8517 0.0886 0.1969, -2.8544 -0.0787 0.1969, -2.8537 -0.0838 0.1969, -2.8517 -0.0886 0.1969, -2.8347 -0.0984 0.1969, -2.8398 -0.0978 0.1969, -2.8486 -0.0927 0.1969, -2.8445 -0.0958 0.1969, -3.4547 0.0958 -0.9359, -3.4507 0.0927 -0.9476, -3.4921 0.0512 -1.1024, -3.462 0.0983 -0.9267, -3.4607 0.098 -0.9275, -3.4633 0.0984 -0.9262, -3.636 0.0927 -0.9476, -3.6319 0.0958 -0.9359, -3.5945 0.0512 -1.1024, -3.6296 0.0969 -0.9316, -3.4595 0.0978 -0.9285, -3.4571 0.0969 -0.9316, -3.6272 0.0978 -0.9285, -3.6259 0.098 -0.9275, -3.6246 0.0983 -0.9267, -3.6234 0.0984 -0.9262, -3.6221 0.0984 -0.926, -3.4646 0.0984 -0.926, -3.6391 0.0886 -0.9359, -3.636 -0.0927 -0.9476, -3.6391 -0.0886 -0.9359, -3.5945 -0.0512 -1.1024, -3.6403 -0.0863 -0.9316, -3.6416 0.0813 -0.9267, -3.6414 0.0826 -0.9275, -3.6411 -0.0838 -0.9285, -3.6414 -0.0826 -0.9275, -3.6416 -0.0813 -0.9267, -3.6417 0.08 -0.9262, -3.6417 -0.08 -0.9262, -3.6418 -0.0787 -0.926, -3.6418 0.0787 -0.926, -3.6411 0.0838 -0.9285, -3.6403 0.0863 -0.9316, -3.6319 -0.0958 -0.9359, -3.4507 -0.0927 -0.9476, -3.4547 -0.0958 -0.9359, -3.4921 -0.0512 -1.1024, -3.4571 -0.0969 -0.9316, -3.6246 -0.0983 -0.9267, -3.6259 -0.098 -0.9275, -3.4595 -0.0978 -0.9285, -3.4607 -0.098 -0.9275, -3.462 -0.0983 -0.9267, -3.6234 -0.0984 -0.9262, -3.4633 -0.0984 -0.9262, -3.4646 -0.0984 -0.926, -3.6221 -0.0984 -0.926, -3.6272 -0.0978 -0.9285, -3.6296 -0.0969 -0.9316, -3.4475 -0.0886 -0.9359, -3.4475 0.0886 -0.9359, -3.4464 0.0863 -0.9316, -3.4451 -0.0813 -0.9267, -3.4453 -0.0826 -0.9275, -3.4456 0.0838 -0.9285, -3.4453 0.0826 -0.9275, -3.4451 0.0813 -0.9267, -3.4449 -0.08 -0.9262, -3.4449 0.08 -0.9262, -3.4449 0.0787 -0.926, -3.4449 -0.0787 -0.926, -3.4456 -0.0838 -0.9285, -3.4464 -0.0863 -0.9316, -3.4646 -0.0984 0.1969, -3.4595 -0.0978 0.1969, -3.4547 -0.0958 0.1969, -3.4449 -0.0787 0.1969, -3.4456 -0.0838 0.1969, -3.4507 -0.0927 0.1969, -3.4475 -0.0886 0.1969, -3.4449 0.0787 0.1969, -3.4456 0.0838 0.1969, -3.4475 0.0886 0.1969, -3.4646 0.0984 0.1969, -3.4595 0.0978 0.1969, -3.4507 0.0927 0.1969, -3.4547 0.0958 0.1969, -3.6221 0.0984 0.1969, -3.6272 0.0978 0.1969, -3.6319 0.0958 0.1969, -3.6418 0.0787 0.1969, -3.6411 0.0838 0.1969, -3.636 0.0927 0.1969, -3.6391 0.0886 0.1969, -3.6418 -0.0787 0.1969, -3.6411 -0.0838 0.1969, -3.6391 -0.0886 0.1969, -3.6221 -0.0984 0.1969, -3.6272 -0.0978 0.1969, -3.636 -0.0927 0.1969, -3.6319 -0.0958 0.1969, 5.2067 -0.0958 2.1564, 5.2107 -0.0927 2.168, 5.1693 -0.0512 2.3228, 5.1994 -0.0983 2.1471, 5.2007 -0.098 2.1479, 5.1981 -0.0984 2.1467, 5.0254 -0.0927 2.168, 5.0295 -0.0958 2.1564, 5.0669 -0.0512 2.3228, 5.0318 -0.0969 2.1521, 5.2019 -0.0978 2.149, 5.2044 -0.0969 2.1521, 5.0343 -0.0978 2.149, 5.0355 -0.098 2.1479, 5.0368 -0.0983 2.1471, 5.0381 -0.0984 2.1467, 5.0393 -0.0984 2.1465, 5.1968 -0.0984 2.1465, 5.2139 0.0886 2.1564, 5.2107 0.0927 2.168, 5.1693 0.0512 2.3228, 5.2139 -0.0886 2.1564, 5.215 -0.0863 2.1521, 5.2163 0.0813 2.1471, 5.2161 0.0826 2.1479, 5.2158 -0.0838 2.149, 5.2161 -0.0826 2.1479, 5.2163 -0.0813 2.1471, 5.2165 0.08 2.1467, 5.2165 -0.08 2.1467, 5.2165 -0.0787 2.1465, 5.2165 0.0787 2.1465, 5.2158 0.0838 2.149, 5.215 0.0863 2.1521, 5.0295 0.0958 2.1564, 5.0254 0.0927 2.168, 5.0669 0.0512 2.3228, 5.0368 0.0983 2.1471, 5.0355 0.098 2.1479, 5.0381 0.0984 2.1467, 5.2067 0.0958 2.1564, 5.2044 0.0969 2.1521, 5.0343 0.0978 2.149, 5.0318 0.0969 2.1521, 5.2019 0.0978 2.149, 5.2007 0.098 2.1479, 5.1994 0.0983 2.1471, 5.1981 0.0984 2.1467, 5.1968 0.0984 2.1465, 5.0393 0.0984 2.1465, 5.0223 -0.0886 2.1564, 5.0223 0.0886 2.1564, 5.0212 0.0863 2.1521, 5.0198 -0.0813 2.1471, 5.02 -0.0826 2.1479, 5.0203 0.0838 2.149, 5.02 0.0826 2.1479, 5.0198 0.0813 2.1471, 5.0197 -0.08 2.1467, 5.0197 0.08 2.1467, 5.0197 0.0787 2.1465, 5.0197 -0.0787 2.1465, 5.0203 -0.0838 2.149, 5.0212 -0.0863 2.1521, 5.0197 -0.0787 0.7874, 5.0203 -0.0838 0.7874, 5.0223 -0.0886 0.7874, 5.0254 -0.0927 0.7874, 5.0295 -0.0958 0.7874, 5.0393 -0.0984 0.7874, 5.0343 -0.0978 0.7874, 5.0197 0.0787 0.7874, 5.0393 0.0984 0.7874, 5.0343 0.0978 0.7874, 5.0295 0.0958 0.7874, 5.0254 0.0927 0.7874, 5.0223 0.0886 0.7874, 5.0203 0.0838 0.7874, 5.1968 0.0984 0.7874, 5.2165 0.0787 0.7874, 5.2158 0.0838 0.7874, 5.2139 0.0886 0.7874, 5.2107 0.0927 0.7874, 5.2067 0.0958 0.7874, 5.2019 0.0978 0.7874, 5.2165 -0.0787 0.7874, 5.1968 -0.0984 0.7874, 5.2019 -0.0978 0.7874, 5.2067 -0.0958 0.7874, 5.2107 -0.0927 0.7874, 5.2139 -0.0886 0.7874, 5.2158 -0.0838 0.7874, 4.4193 -0.0958 2.1564, 4.4233 -0.0927 2.168, 4.3819 -0.0512 2.3228, 4.412 -0.0983 2.1471, 4.4133 -0.098 2.1479, 4.4107 -0.0984 2.1467, 4.238 -0.0927 2.168, 4.2421 -0.0958 2.1564, 4.2795 -0.0512 2.3228, 4.2444 -0.0969 2.1521, 4.4145 -0.0978 2.149, 4.417 -0.0969 2.1521, 4.2469 -0.0978 2.149, 4.2481 -0.098 2.1479, 4.2494 -0.0983 2.1471, 4.2507 -0.0984 2.1467, 4.2519 -0.0984 2.1465, 4.4094 -0.0984 2.1465, 4.4265 0.0886 2.1564, 4.4233 0.0927 2.168, 4.3819 0.0512 2.3228, 4.4289 0.0813 2.1471, 4.4287 0.0826 2.1479, 4.4291 0.08 2.1467, 4.4265 -0.0886 2.1564, 4.4276 -0.0863 2.1521, 4.4284 0.0838 2.149, 4.4276 0.0863 2.1521, 4.4284 -0.0838 2.149, 4.4287 -0.0826 2.1479, 4.4289 -0.0813 2.1471, 4.4291 -0.08 2.1467, 4.4291 -0.0787 2.1465, 4.4291 0.0787 2.1465, 4.2421 0.0958 2.1564, 4.238 0.0927 2.168, 4.2795 0.0512 2.3228, 4.2494 0.0983 2.1471, 4.2481 0.098 2.1479, 4.2507 0.0984 2.1467, 4.4193 0.0958 2.1564, 4.417 0.0969 2.1521, 4.2469 0.0978 2.149, 4.2444 0.0969 2.1521, 4.4145 0.0978 2.149, 4.4133 0.098 2.1479, 4.412 0.0983 2.1471, 4.4107 0.0984 2.1467, 4.4094 0.0984 2.1465, 4.2519 0.0984 2.1465, 4.2349 -0.0886 2.1564, 4.2349 0.0886 2.1564, 4.2338 0.0863 2.1521, 4.2324 -0.0813 2.1471, 4.2326 -0.0826 2.1479, 4.2329 0.0838 2.149, 4.2326 0.0826 2.1479, 4.2324 0.0813 2.1471, 4.2323 -0.08 2.1467, 4.2323 0.08 2.1467, 4.2323 0.0787 2.1465, 4.2323 -0.0787 2.1465, 4.2329 -0.0838 2.149, 4.2338 -0.0863 2.1521, 4.2323 -0.0787 0.7874, 4.2329 -0.0838 0.7874, 4.2349 -0.0886 0.7874, 4.238 -0.0927 0.7874, 4.2421 -0.0958 0.7874, 4.2519 -0.0984 0.7874, 4.2469 -0.0978 0.7874, 4.2323 0.0787 0.7874, 4.2519 0.0984 0.7874, 4.2469 0.0978 0.7874, 4.2421 0.0958 0.7874, 4.238 0.0927 0.7874, 4.2349 0.0886 0.7874, 4.2329 0.0838 0.7874, 4.4094 0.0984 0.7874, 4.4291 0.0787 0.7874, 4.4284 0.0838 0.7874, 4.4265 0.0886 0.7874, 4.4233 0.0927 0.7874, 4.4193 0.0958 0.7874, 4.4145 0.0978 0.7874, 4.4291 -0.0787 0.7874, 4.4094 -0.0984 0.7874, 4.4145 -0.0978 0.7874, 4.4193 -0.0958 0.7874, 4.4233 -0.0927 0.7874, 4.4265 -0.0886 0.7874, 4.4284 -0.0838 0.7874, 3.6319 -0.0958 2.1564, 3.6359 -0.0927 2.168, 3.5945 -0.0512 2.3228, 3.6246 -0.0983 2.1471, 3.6259 -0.098 2.1479, 3.6233 -0.0984 2.1467, 3.4506 -0.0927 2.168, 3.4547 -0.0958 2.1564, 3.4921 -0.0512 2.3228, 3.457 -0.0969 2.1521, 3.6271 -0.0978 2.149, 3.6296 -0.0969 2.1521, 3.4595 -0.0978 2.149, 3.4607 -0.098 2.1479, 3.462 -0.0983 2.1471, 3.4633 -0.0984 2.1467, 3.4645 -0.0984 2.1465, 3.622 -0.0984 2.1465, 3.6391 0.0886 2.1564, 3.6359 0.0927 2.168, 3.5945 0.0512 2.3228, 3.6415 0.0813 2.1471, 3.6413 0.0826 2.1479, 3.6417 0.08 2.1467, 3.6391 -0.0886 2.1564, 3.6402 -0.0863 2.1521, 3.641 0.0838 2.149, 3.6402 0.0863 2.1521, 3.641 -0.0838 2.149, 3.6413 -0.0826 2.1479, 3.6415 -0.0813 2.1471, 3.6417 -0.08 2.1467, 3.6417 -0.0787 2.1465, 3.6417 0.0787 2.1465, 3.4547 0.0958 2.1564, 3.4506 0.0927 2.168, 3.4921 0.0512 2.3228, 3.462 0.0983 2.1471, 3.4607 0.098 2.1479, 3.4633 0.0984 2.1467, 3.6319 0.0958 2.1564, 3.6296 0.0969 2.1521, 3.4595 0.0978 2.149, 3.457 0.0969 2.1521, 3.6271 0.0978 2.149, 3.6259 0.098 2.1479, 3.6246 0.0983 2.1471, 3.6233 0.0984 2.1467, 3.622 0.0984 2.1465, 3.4645 0.0984 2.1465, 3.4475 -0.0886 2.1564, 3.4475 0.0886 2.1564, 3.4464 0.0863 2.1521, 3.445 -0.0813 2.1471, 3.4452 -0.0826 2.1479, 3.4455 0.0838 2.149, 3.4452 0.0826 2.1479, 3.445 0.0813 2.1471, 3.4449 -0.08 2.1467, 3.4449 0.08 2.1467, 3.4449 0.0787 2.1465, 3.4449 -0.0787 2.1465, 3.4455 -0.0838 2.149, 3.4464 -0.0863 2.1521, 3.4449 -0.0787 0.7874, 3.4455 -0.0838 0.7874, 3.4475 -0.0886 0.7874, 3.4506 -0.0927 0.7874, 3.4547 -0.0958 0.7874, 3.4645 -0.0984 0.7874, 3.4595 -0.0978 0.7874, 3.4449 0.0787 0.7874, 3.4645 0.0984 0.7874, 3.4595 0.0978 0.7874, 3.4547 0.0958 0.7874, 3.4506 0.0927 0.7874, 3.4475 0.0886 0.7874, 3.4455 0.0838 0.7874, 3.622 0.0984 0.7874, 3.6417 0.0787 0.7874, 3.641 0.0838 0.7874, 3.6391 0.0886 0.7874, 3.6359 0.0927 0.7874, 3.6319 0.0958 0.7874, 3.6271 0.0978 0.7874, 3.6417 -0.0787 0.7874, 3.622 -0.0984 0.7874, 3.6271 -0.0978 0.7874, 3.6319 -0.0958 0.7874, 3.6359 -0.0927 0.7874, 3.6391 -0.0886 0.7874, 3.641 -0.0838 0.7874, 2.8445 -0.0958 2.1564, 2.8485 -0.0927 2.168, 2.8071 -0.0512 2.3228, 2.8372 -0.0983 2.1471, 2.8385 -0.098 2.1479, 2.8359 -0.0984 2.1467, 2.6632 -0.0927 2.168, 2.6673 -0.0958 2.1564, 2.7047 -0.0512 2.3228, 2.6696 -0.0969 2.1521, 2.8397 -0.0978 2.149, 2.8422 -0.0969 2.1521, 2.6721 -0.0978 2.149, 2.6733 -0.098 2.1479, 2.6746 -0.0983 2.1471, 2.6759 -0.0984 2.1467, 2.6771 -0.0984 2.1465, 2.8346 -0.0984 2.1465, 2.8517 0.0886 2.1564, 2.8485 0.0927 2.168, 2.8071 0.0512 2.3228, 2.8541 0.0813 2.1471, 2.8539 0.0826 2.1479, 2.8543 0.08 2.1467, 2.8517 -0.0886 2.1564, 2.8528 -0.0863 2.1521, 2.8536 0.0838 2.149, 2.8528 0.0863 2.1521, 2.8536 -0.0838 2.149, 2.8539 -0.0826 2.1479, 2.8541 -0.0813 2.1471, 2.8543 -0.08 2.1467, 2.8543 -0.0787 2.1465, 2.8543 0.0787 2.1465, 2.6673 0.0958 2.1564, 2.6632 0.0927 2.168, 2.7047 0.0512 2.3228, 2.6746 0.0983 2.1471, 2.6733 0.098 2.1479, 2.6759 0.0984 2.1467, 2.8445 0.0958 2.1564, 2.8422 0.0969 2.1521, 2.6721 0.0978 2.149, 2.6696 0.0969 2.1521, 2.8397 0.0978 2.149, 2.8385 0.098 2.1479, 2.8372 0.0983 2.1471, 2.8359 0.0984 2.1467, 2.8346 0.0984 2.1465, 2.6771 0.0984 2.1465, 2.6601 -0.0886 2.1564, 2.6601 0.0886 2.1564, 2.659 0.0863 2.1521, 2.6576 -0.0813 2.1471, 2.6578 -0.0826 2.1479, 2.6581 0.0838 2.149, 2.6578 0.0826 2.1479, 2.6576 0.0813 2.1471, 2.6575 -0.08 2.1467, 2.6575 0.08 2.1467, 2.6575 0.0787 2.1465, 2.6575 -0.0787 2.1465, 2.6581 -0.0838 2.149, 2.659 -0.0863 2.1521, 2.6575 -0.0787 0.7874, 2.6581 -0.0838 0.7874, 2.6601 -0.0886 0.7874, 2.6632 -0.0927 0.7874, 2.6673 -0.0958 0.7874, 2.6771 -0.0984 0.7874, 2.6721 -0.0978 0.7874, 2.6575 0.0787 0.7874, 2.6771 0.0984 0.7874, 2.6721 0.0978 0.7874, 2.6673 0.0958 0.7874, 2.6632 0.0927 0.7874, 2.6601 0.0886 0.7874, 2.6581 0.0838 0.7874, 2.8346 0.0984 0.7874, 2.8543 0.0787 0.7874, 2.8536 0.0838 0.7874, 2.8517 0.0886 0.7874, 2.8485 0.0927 0.7874, 2.8445 0.0958 0.7874, 2.8397 0.0978 0.7874, 2.8543 -0.0787 0.7874, 2.8346 -0.0984 0.7874, 2.8397 -0.0978 0.7874, 2.8445 -0.0958 0.7874, 2.8485 -0.0927 0.7874, 2.8517 -0.0886 0.7874, 2.8536 -0.0838 0.7874, 2.0571 -0.0958 2.1564, 2.0611 -0.0927 2.168, 2.0197 -0.0512 2.3228, 2.0498 -0.0983 2.1471, 2.0511 -0.098 2.1479, 2.0485 -0.0984 2.1467, 1.8758 -0.0927 2.168, 1.8799 -0.0958 2.1564, 1.9173 -0.0512 2.3228, 1.8822 -0.0969 2.1521, 2.0523 -0.0978 2.149, 2.0548 -0.0969 2.1521, 1.8846 -0.0978 2.149, 1.8859 -0.098 2.1479, 1.8872 -0.0983 2.1471, 1.8885 -0.0984 2.1467, 1.8897 -0.0984 2.1465, 2.0472 -0.0984 2.1465, 2.0643 0.0886 2.1564, 2.0611 0.0927 2.168, 2.0197 0.0512 2.3228, 2.0667 0.0813 2.1471, 2.0665 0.0826 2.1479, 2.0669 0.08 2.1467, 2.0643 -0.0886 2.1564, 2.0654 -0.0863 2.1521, 2.0662 0.0838 2.149, 2.0654 0.0863 2.1521, 2.0662 -0.0838 2.149, 2.0665 -0.0826 2.1479, 2.0667 -0.0813 2.1471, 2.0669 -0.08 2.1467, 2.0669 -0.0787 2.1465, 2.0669 0.0787 2.1465, 1.8799 0.0958 2.1564, 1.8758 0.0927 2.168, 1.9173 0.0512 2.3228, 1.8872 0.0983 2.1471, 1.8859 0.098 2.1479, 1.8885 0.0984 2.1467, 2.0571 0.0958 2.1564, 2.0548 0.0969 2.1521, 1.8846 0.0978 2.149, 1.8822 0.0969 2.1521, 2.0523 0.0978 2.149, 2.0511 0.098 2.1479, 2.0498 0.0983 2.1471, 2.0485 0.0984 2.1467, 2.0472 0.0984 2.1465, 1.8897 0.0984 2.1465, 1.8727 -0.0886 2.1564, 1.8727 0.0886 2.1564, 1.8716 0.0863 2.1521, 1.8702 -0.0813 2.1471, 1.8704 -0.0826 2.1479, 1.8707 0.0838 2.149, 1.8704 0.0826 2.1479, 1.8702 0.0813 2.1471, 1.8701 -0.08 2.1467, 1.8701 0.08 2.1467, 1.8701 0.0787 2.1465, 1.8701 -0.0787 2.1465, 1.8707 -0.0838 2.149, 1.8716 -0.0863 2.1521, 1.8701 -0.0787 0.7874, 1.8707 -0.0838 0.7874, 1.8727 -0.0886 0.7874, 1.8758 -0.0927 0.7874, 1.8799 -0.0958 0.7874, 1.8897 -0.0984 0.7874, 1.8846 -0.0978 0.7874, 1.8701 0.0787 0.7874, 1.8897 0.0984 0.7874, 1.8846 0.0978 0.7874, 1.8799 0.0958 0.7874, 1.8758 0.0927 0.7874, 1.8727 0.0886 0.7874, 1.8707 0.0838 0.7874, 2.0472 0.0984 0.7874, 2.0669 0.0787 0.7874, 2.0662 0.0838 0.7874, 2.0643 0.0886 0.7874, 2.0611 0.0927 0.7874, 2.0571 0.0958 0.7874, 2.0523 0.0978 0.7874, 2.0669 -0.0787 0.7874, 2.0472 -0.0984 0.7874, 2.0523 -0.0978 0.7874, 2.0571 -0.0958 0.7874, 2.0611 -0.0927 0.7874, 2.0643 -0.0886 0.7874, 2.0662 -0.0838 0.7874, 1.2697 -0.0958 2.1564, 1.2737 -0.0927 2.168, 1.2323 -0.0512 2.3228, 1.2624 -0.0983 2.1471, 1.2637 -0.098 2.1479, 1.2611 -0.0984 2.1467, 1.0884 -0.0927 2.168, 1.0925 -0.0958 2.1564, 1.1299 -0.0512 2.3228, 1.0948 -0.0969 2.1521, 1.2649 -0.0978 2.149, 1.2674 -0.0969 2.1521, 1.0972 -0.0978 2.149, 1.0985 -0.098 2.1479, 1.0998 -0.0983 2.1471, 1.1011 -0.0984 2.1467, 1.1023 -0.0984 2.1465, 1.2598 -0.0984 2.1465, 1.2769 0.0886 2.1564, 1.2737 0.0927 2.168, 1.2323 0.0512 2.3228, 1.2769 -0.0886 2.1564, 1.278 -0.0863 2.1521, 1.2793 0.0813 2.1471, 1.2791 0.0826 2.1479, 1.2788 -0.0838 2.149, 1.2791 -0.0826 2.1479, 1.2793 -0.0813 2.1471, 1.2795 0.08 2.1467, 1.2795 -0.08 2.1467, 1.2795 -0.0787 2.1465, 1.2795 0.0787 2.1465, 1.2788 0.0838 2.149, 1.278 0.0863 2.1521, 1.0925 0.0958 2.1564, 1.0884 0.0927 2.168, 1.1299 0.0512 2.3228, 1.0998 0.0983 2.1471, 1.0985 0.098 2.1479, 1.1011 0.0984 2.1467, 1.2697 0.0958 2.1564, 1.2674 0.0969 2.1521, 1.0972 0.0978 2.149, 1.0948 0.0969 2.1521, 1.2649 0.0978 2.149, 1.2637 0.098 2.1479, 1.2624 0.0983 2.1471, 1.2611 0.0984 2.1467, 1.2598 0.0984 2.1465, 1.1023 0.0984 2.1465, 1.0853 -0.0886 2.1564, 1.0853 0.0886 2.1564, 1.0842 0.0863 2.1521, 1.0828 -0.0813 2.1471, 1.083 -0.0826 2.1479, 1.0833 0.0838 2.149, 1.083 0.0826 2.1479, 1.0828 0.0813 2.1471, 1.0827 -0.08 2.1467, 1.0827 0.08 2.1467, 1.0827 0.0787 2.1465, 1.0827 -0.0787 2.1465, 1.0833 -0.0838 2.149, 1.0842 -0.0863 2.1521, 1.0827 -0.0787 0.7874, 1.0833 -0.0838 0.7874, 1.0853 -0.0886 0.7874, 1.0884 -0.0927 0.7874, 1.0925 -0.0958 0.7874, 1.1023 -0.0984 0.7874, 1.0972 -0.0978 0.7874, 1.0827 0.0787 0.7874, 1.1023 0.0984 0.7874, 1.0972 0.0978 0.7874, 1.0925 0.0958 0.7874, 1.0884 0.0927 0.7874, 1.0853 0.0886 0.7874, 1.0833 0.0838 0.7874, 1.2598 0.0984 0.7874, 1.2795 0.0787 0.7874, 1.2788 0.0838 0.7874, 1.2769 0.0886 0.7874, 1.2737 0.0927 0.7874, 1.2697 0.0958 0.7874, 1.2649 0.0978 0.7874, 1.2795 -0.0787 0.7874, 1.2598 -0.0984 0.7874, 1.2649 -0.0978 0.7874, 1.2697 -0.0958 0.7874, 1.2737 -0.0927 0.7874, 1.2769 -0.0886 0.7874, 1.2788 -0.0838 0.7874, 0.4823 -0.0958 2.1564, 0.4863 -0.0927 2.168, 0.4449 -0.0512 2.3228, 0.475 -0.0983 2.1471, 0.4763 -0.098 2.1479, 0.4737 -0.0984 2.1467, 0.301 -0.0927 2.168, 0.3051 -0.0958 2.1564, 0.3425 -0.0512 2.3228, 0.3074 -0.0969 2.1521, 0.4775 -0.0978 2.149, 0.48 -0.0969 2.1521, 0.3098 -0.0978 2.149, 0.3111 -0.098 2.1479, 0.3124 -0.0983 2.1471, 0.3137 -0.0984 2.1467, 0.3149 -0.0984 2.1465, 0.4724 -0.0984 2.1465, 0.4895 0.0886 2.1564, 0.4863 0.0927 2.168, 0.4449 0.0512 2.3228, 0.4895 -0.0886 2.1564, 0.4906 -0.0863 2.1521, 0.4919 0.0813 2.1471, 0.4917 0.0826 2.1479, 0.4914 -0.0838 2.149, 0.4917 -0.0826 2.1479, 0.4919 -0.0813 2.1471, 0.4921 0.08 2.1467, 0.4921 -0.08 2.1467, 0.4921 -0.0787 2.1465, 0.4921 0.0787 2.1465, 0.4914 0.0838 2.149, 0.4906 0.0863 2.1521, 0.3051 0.0958 2.1564, 0.301 0.0927 2.168, 0.3425 0.0512 2.3228, 0.3124 0.0983 2.1471, 0.3111 0.098 2.1479, 0.3137 0.0984 2.1467, 0.4823 0.0958 2.1564, 0.48 0.0969 2.1521, 0.3098 0.0978 2.149, 0.3074 0.0969 2.1521, 0.4775 0.0978 2.149, 0.4763 0.098 2.1479, 0.475 0.0983 2.1471, 0.4737 0.0984 2.1467, 0.4724 0.0984 2.1465, 0.3149 0.0984 2.1465, 0.2979 -0.0886 2.1564, 0.2979 0.0886 2.1564, 0.2968 0.0863 2.1521, 0.2954 -0.0813 2.1471, 0.2956 -0.0826 2.1479, 0.2959 0.0838 2.149, 0.2956 0.0826 2.1479, 0.2954 0.0813 2.1471, 0.2953 -0.08 2.1467, 0.2953 0.08 2.1467, 0.2953 0.0787 2.1465, 0.2953 -0.0787 2.1465, 0.2959 -0.0838 2.149, 0.2968 -0.0863 2.1521, 0.2953 -0.0787 0.7874, 0.2959 -0.0838 0.7874, 0.2979 -0.0886 0.7874, 0.301 -0.0927 0.7874, 0.3051 -0.0958 0.7874, 0.3149 -0.0984 0.7874, 0.3098 -0.0978 0.7874, 0.2953 0.0787 0.7874, 0.3149 0.0984 0.7874, 0.3098 0.0978 0.7874, 0.3051 0.0958 0.7874, 0.301 0.0927 0.7874, 0.2979 0.0886 0.7874, 0.2959 0.0838 0.7874, 0.4724 0.0984 0.7874, 0.4921 0.0787 0.7874, 0.4914 0.0838 0.7874, 0.4895 0.0886 0.7874, 0.4863 0.0927 0.7874, 0.4823 0.0958 0.7874, 0.4775 0.0978 0.7874, 0.4921 -0.0787 0.7874, 0.4724 -0.0984 0.7874, 0.4775 -0.0978 0.7874, 0.4823 -0.0958 0.7874, 0.4863 -0.0927 0.7874, 0.4895 -0.0886 0.7874, 0.4914 -0.0838 0.7874, -0.3051 -0.0958 2.1564, -0.3011 -0.0927 2.168, -0.3425 -0.0512 2.3228, -0.3124 -0.0983 2.1471, -0.3111 -0.098 2.1479, -0.3137 -0.0984 2.1467, -0.4864 -0.0927 2.168, -0.4823 -0.0958 2.1564, -0.4449 -0.0512 2.3228, -0.48 -0.0969 2.1521, -0.3099 -0.0978 2.149, -0.3074 -0.0969 2.1521, -0.4776 -0.0978 2.149, -0.4763 -0.098 2.1479, -0.475 -0.0983 2.1471, -0.4737 -0.0984 2.1467, -0.4725 -0.0984 2.1465, -0.315 -0.0984 2.1465, -0.2979 0.0886 2.1564, -0.3011 0.0927 2.168, -0.3425 0.0512 2.3228, -0.2979 -0.0886 2.1564, -0.2968 -0.0863 2.1521, -0.2955 0.0813 2.1471, -0.2957 0.0826 2.1479, -0.296 -0.0838 2.149, -0.2957 -0.0826 2.1479, -0.2955 -0.0813 2.1471, -0.2953 0.08 2.1467, -0.2953 -0.08 2.1467, -0.2953 -0.0787 2.1465, -0.2953 0.0787 2.1465, -0.296 0.0838 2.149, -0.2968 0.0863 2.1521, -0.4823 0.0958 2.1564, -0.4864 0.0927 2.168, -0.4449 0.0512 2.3228, -0.475 0.0983 2.1471, -0.4763 0.098 2.1479, -0.4737 0.0984 2.1467, -0.3051 0.0958 2.1564, -0.3074 0.0969 2.1521, -0.4776 0.0978 2.149, -0.48 0.0969 2.1521, -0.3099 0.0978 2.149, -0.3111 0.098 2.1479, -0.3124 0.0983 2.1471, -0.3137 0.0984 2.1467, -0.315 0.0984 2.1465, -0.4725 0.0984 2.1465, -0.4895 -0.0886 2.1564, -0.4895 0.0886 2.1564, -0.4906 0.0863 2.1521, -0.492 -0.0813 2.1471, -0.4918 -0.0826 2.1479, -0.4915 0.0838 2.149, -0.4918 0.0826 2.1479, -0.492 0.0813 2.1471, -0.4921 -0.08 2.1467, -0.4921 0.08 2.1467, -0.4921 0.0787 2.1465, -0.4921 -0.0787 2.1465, -0.4915 -0.0838 2.149, -0.4906 -0.0863 2.1521, -0.4921 -0.0787 0.7874, -0.4915 -0.0838 0.7874, -0.4895 -0.0886 0.7874, -0.4864 -0.0927 0.7874, -0.4823 -0.0958 0.7874, -0.4725 -0.0984 0.7874, -0.4776 -0.0978 0.7874, -0.4921 0.0787 0.7874, -0.4725 0.0984 0.7874, -0.4776 0.0978 0.7874, -0.4823 0.0958 0.7874, -0.4864 0.0927 0.7874, -0.4895 0.0886 0.7874, -0.4915 0.0838 0.7874, -0.315 0.0984 0.7874, -0.2953 0.0787 0.7874, -0.296 0.0838 0.7874, -0.2979 0.0886 0.7874, -0.3011 0.0927 0.7874, -0.3051 0.0958 0.7874, -0.3099 0.0978 0.7874, -0.2953 -0.0787 0.7874, -0.315 -0.0984 0.7874, -0.3099 -0.0978 0.7874, -0.3051 -0.0958 0.7874, -0.3011 -0.0927 0.7874, -0.2979 -0.0886 0.7874, -0.296 -0.0838 0.7874, -1.0925 -0.0958 2.1564, -1.0885 -0.0927 2.168, -1.1299 -0.0512 2.3228, -1.0998 -0.0983 2.1471, -1.0985 -0.098 2.1479, -1.1011 -0.0984 2.1467, -1.2738 -0.0927 2.168, -1.2697 -0.0958 2.1564, -1.2323 -0.0512 2.3228, -1.2674 -0.0969 2.1521, -1.0973 -0.0978 2.149, -1.0948 -0.0969 2.1521, -1.265 -0.0978 2.149, -1.2637 -0.098 2.1479, -1.2624 -0.0983 2.1471, -1.2611 -0.0984 2.1467, -1.2599 -0.0984 2.1465, -1.1024 -0.0984 2.1465, -1.0853 0.0886 2.1564, -1.0885 0.0927 2.168, -1.1299 0.0512 2.3228, -1.0829 0.0813 2.1471, -1.0831 0.0826 2.1479, -1.0827 0.08 2.1467, -1.0853 -0.0886 2.1564, -1.0842 -0.0863 2.1521, -1.0834 0.0838 2.149, -1.0842 0.0863 2.1521, -1.0834 -0.0838 2.149, -1.0831 -0.0826 2.1479, -1.0829 -0.0813 2.1471, -1.0827 -0.08 2.1467, -1.0827 -0.0787 2.1465, -1.0827 0.0787 2.1465, -1.2697 0.0958 2.1564, -1.2738 0.0927 2.168, -1.2323 0.0512 2.3228, -1.2624 0.0983 2.1471, -1.2637 0.098 2.1479, -1.2611 0.0984 2.1467, -1.0925 0.0958 2.1564, -1.0948 0.0969 2.1521, -1.265 0.0978 2.149, -1.2674 0.0969 2.1521, -1.0973 0.0978 2.149, -1.0985 0.098 2.1479, -1.0998 0.0983 2.1471, -1.1011 0.0984 2.1467, -1.1024 0.0984 2.1465, -1.2599 0.0984 2.1465, -1.2769 -0.0886 2.1564, -1.2769 0.0886 2.1564, -1.278 0.0863 2.1521, -1.2794 -0.0813 2.1471, -1.2792 -0.0826 2.1479, -1.2789 0.0838 2.149, -1.2792 0.0826 2.1479, -1.2794 0.0813 2.1471, -1.2795 -0.08 2.1467, -1.2795 0.08 2.1467, -1.2795 0.0787 2.1465, -1.2795 -0.0787 2.1465, -1.2789 -0.0838 2.149, -1.278 -0.0863 2.1521, -1.2795 -0.0787 0.7874, -1.2789 -0.0838 0.7874, -1.2769 -0.0886 0.7874, -1.2738 -0.0927 0.7874, -1.2697 -0.0958 0.7874, -1.2599 -0.0984 0.7874, -1.265 -0.0978 0.7874, -1.2795 0.0787 0.7874, -1.2599 0.0984 0.7874, -1.265 0.0978 0.7874, -1.2697 0.0958 0.7874, -1.2738 0.0927 0.7874, -1.2769 0.0886 0.7874, -1.2789 0.0838 0.7874, -1.1024 0.0984 0.7874, -1.0827 0.0787 0.7874, -1.0834 0.0838 0.7874, -1.0853 0.0886 0.7874, -1.0885 0.0927 0.7874, -1.0925 0.0958 0.7874, -1.0973 0.0978 0.7874, -1.0827 -0.0787 0.7874, -1.1024 -0.0984 0.7874, -1.0973 -0.0978 0.7874, -1.0925 -0.0958 0.7874, -1.0885 -0.0927 0.7874, -1.0853 -0.0886 0.7874, -1.0834 -0.0838 0.7874, -1.8799 -0.0958 2.1564, -1.8759 -0.0927 2.168, -1.9173 -0.0512 2.3228, -1.8872 -0.0983 2.1471, -1.8859 -0.098 2.1479, -1.8885 -0.0984 2.1467, -2.0612 -0.0927 2.168, -2.0571 -0.0958 2.1564, -2.0197 -0.0512 2.3228, -2.0548 -0.0969 2.1521, -1.8847 -0.0978 2.149, -1.8823 -0.0969 2.1521, -2.0524 -0.0978 2.149, -2.0511 -0.098 2.1479, -2.0498 -0.0983 2.1471, -2.0486 -0.0984 2.1467, -2.0473 -0.0984 2.1465, -1.8898 -0.0984 2.1465, -1.8727 0.0886 2.1564, -1.8759 0.0927 2.168, -1.9173 0.0512 2.3228, -1.8703 0.0813 2.1471, -1.8705 0.0826 2.1479, -1.8701 0.08 2.1467, -1.8727 -0.0886 2.1564, -1.8716 -0.0863 2.1521, -1.8708 0.0838 2.149, -1.8716 0.0863 2.1521, -1.8708 -0.0838 2.149, -1.8705 -0.0826 2.1479, -1.8703 -0.0813 2.1471, -1.8701 -0.08 2.1467, -1.8701 -0.0787 2.1465, -1.8701 0.0787 2.1465, -2.0571 0.0958 2.1564, -2.0612 0.0927 2.168, -2.0197 0.0512 2.3228, -2.0498 0.0983 2.1471, -2.0511 0.098 2.1479, -2.0486 0.0984 2.1467, -1.8799 0.0958 2.1564, -1.8823 0.0969 2.1521, -2.0524 0.0978 2.149, -2.0548 0.0969 2.1521, -1.8847 0.0978 2.149, -1.8859 0.098 2.1479, -1.8872 0.0983 2.1471, -1.8885 0.0984 2.1467, -1.8898 0.0984 2.1465, -2.0473 0.0984 2.1465, -2.0643 -0.0886 2.1564, -2.0643 0.0886 2.1564, -2.0655 0.0863 2.1521, -2.0668 -0.0813 2.1471, -2.0666 -0.0826 2.1479, -2.0663 0.0838 2.149, -2.0666 0.0826 2.1479, -2.0668 0.0813 2.1471, -2.0669 -0.08 2.1467, -2.0669 0.08 2.1467, -2.0669 0.0787 2.1465, -2.0669 -0.0787 2.1465, -2.0663 -0.0838 2.149, -2.0655 -0.0863 2.1521, -2.0669 -0.0787 0.7874, -2.0663 -0.0838 0.7874, -2.0643 -0.0886 0.7874, -2.0612 -0.0927 0.7874, -2.0571 -0.0958 0.7874, -2.0473 -0.0984 0.7874, -2.0524 -0.0978 0.7874, -2.0669 0.0787 0.7874, -2.0473 0.0984 0.7874, -2.0524 0.0978 0.7874, -2.0571 0.0958 0.7874, -2.0612 0.0927 0.7874, -2.0643 0.0886 0.7874, -2.0663 0.0838 0.7874, -1.8898 0.0984 0.7874, -1.8701 0.0787 0.7874, -1.8708 0.0838 0.7874, -1.8727 0.0886 0.7874, -1.8759 0.0927 0.7874, -1.8799 0.0958 0.7874, -1.8847 0.0978 0.7874, -1.8701 -0.0787 0.7874, -1.8898 -0.0984 0.7874, -1.8847 -0.0978 0.7874, -1.8799 -0.0958 0.7874, -1.8759 -0.0927 0.7874, -1.8727 -0.0886 0.7874, -1.8708 -0.0838 0.7874, -2.6673 -0.0958 2.1564, -2.6633 -0.0927 2.168, -2.7047 -0.0512 2.3228, -2.6746 -0.0983 2.1471, -2.6733 -0.098 2.1479, -2.6759 -0.0984 2.1467, -2.8486 -0.0927 2.168, -2.8445 -0.0958 2.1564, -2.8071 -0.0512 2.3228, -2.8422 -0.0969 2.1521, -2.6721 -0.0978 2.149, -2.6697 -0.0969 2.1521, -2.8398 -0.0978 2.149, -2.8385 -0.098 2.1479, -2.8372 -0.0983 2.1471, -2.836 -0.0984 2.1467, -2.8347 -0.0984 2.1465, -2.6772 -0.0984 2.1465, -2.6601 0.0886 2.1564, -2.6633 0.0927 2.168, -2.7047 0.0512 2.3228, -2.6577 0.0813 2.1471, -2.6579 0.0826 2.1479, -2.6575 0.08 2.1467, -2.6601 -0.0886 2.1564, -2.659 -0.0863 2.1521, -2.6582 0.0838 2.149, -2.659 0.0863 2.1521, -2.6582 -0.0838 2.149, -2.6579 -0.0826 2.1479, -2.6577 -0.0813 2.1471, -2.6575 -0.08 2.1467, -2.6575 -0.0787 2.1465, -2.6575 0.0787 2.1465, -2.8445 0.0958 2.1564, -2.8486 0.0927 2.168, -2.8071 0.0512 2.3228, -2.8372 0.0983 2.1471, -2.8385 0.098 2.1479, -2.836 0.0984 2.1467, -2.6673 0.0958 2.1564, -2.6697 0.0969 2.1521, -2.8398 0.0978 2.149, -2.8422 0.0969 2.1521, -2.6721 0.0978 2.149, -2.6733 0.098 2.1479, -2.6746 0.0983 2.1471, -2.6759 0.0984 2.1467, -2.6772 0.0984 2.1465, -2.8347 0.0984 2.1465, -2.8517 -0.0886 2.1564, -2.8517 0.0886 2.1564, -2.8529 0.0863 2.1521, -2.8542 -0.0813 2.1471, -2.854 -0.0826 2.1479, -2.8537 0.0838 2.149, -2.854 0.0826 2.1479, -2.8542 0.0813 2.1471, -2.8543 -0.08 2.1467, -2.8543 0.08 2.1467, -2.8544 0.0787 2.1465, -2.8544 -0.0787 2.1465, -2.8537 -0.0838 2.149, -2.8529 -0.0863 2.1521, -2.8544 -0.0787 0.7874, -2.8537 -0.0838 0.7874, -2.8517 -0.0886 0.7874, -2.8486 -0.0927 0.7874, -2.8445 -0.0958 0.7874, -2.8347 -0.0984 0.7874, -2.8398 -0.0978 0.7874, -2.8544 0.0787 0.7874, -2.8347 0.0984 0.7874, -2.8398 0.0978 0.7874, -2.8445 0.0958 0.7874, -2.8486 0.0927 0.7874, -2.8517 0.0886 0.7874, -2.8537 0.0838 0.7874, -2.6772 0.0984 0.7874, -2.6575 0.0787 0.7874, -2.6582 0.0838 0.7874, -2.6601 0.0886 0.7874, -2.6633 0.0927 0.7874, -2.6673 0.0958 0.7874, -2.6721 0.0978 0.7874, -2.6575 -0.0787 0.7874, -2.6772 -0.0984 0.7874, -2.6721 -0.0978 0.7874, -2.6673 -0.0958 0.7874, -2.6633 -0.0927 0.7874, -2.6601 -0.0886 0.7874, -2.6582 -0.0838 0.7874, -3.4547 -0.0958 2.1564, -3.4507 -0.0927 2.168, -3.4921 -0.0512 2.3228, -3.462 -0.0983 2.1471, -3.4607 -0.098 2.1479, -3.4633 -0.0984 2.1467, -3.636 -0.0927 2.168, -3.6319 -0.0958 2.1564, -3.5945 -0.0512 2.3228, -3.6296 -0.0969 2.1521, -3.4595 -0.0978 2.149, -3.4571 -0.0969 2.1521, -3.6272 -0.0978 2.149, -3.6259 -0.098 2.1479, -3.6246 -0.0983 2.1471, -3.6234 -0.0984 2.1467, -3.6221 -0.0984 2.1465, -3.4646 -0.0984 2.1465, -3.4475 0.0886 2.1564, -3.4507 0.0927 2.168, -3.4921 0.0512 2.3228, -3.4475 -0.0886 2.1564, -3.4464 -0.0863 2.1521, -3.4451 0.0813 2.1471, -3.4453 0.0826 2.1479, -3.4456 -0.0838 2.149, -3.4453 -0.0826 2.1479, -3.4451 -0.0813 2.1471, -3.4449 0.08 2.1467, -3.4449 -0.08 2.1467, -3.4449 -0.0787 2.1465, -3.4449 0.0787 2.1465, -3.4456 0.0838 2.149, -3.4464 0.0863 2.1521, -3.6319 0.0958 2.1564, -3.636 0.0927 2.168, -3.5945 0.0512 2.3228, -3.6246 0.0983 2.1471, -3.6259 0.098 2.1479, -3.6234 0.0984 2.1467, -3.4547 0.0958 2.1564, -3.4571 0.0969 2.1521, -3.6272 0.0978 2.149, -3.6296 0.0969 2.1521, -3.4595 0.0978 2.149, -3.4607 0.098 2.1479, -3.462 0.0983 2.1471, -3.4633 0.0984 2.1467, -3.4646 0.0984 2.1465, -3.6221 0.0984 2.1465, -3.6391 -0.0886 2.1564, -3.6391 0.0886 2.1564, -3.6403 0.0863 2.1521, -3.6416 -0.0813 2.1471, -3.6414 -0.0826 2.1479, -3.6411 0.0838 2.149, -3.6414 0.0826 2.1479, -3.6416 0.0813 2.1471, -3.6417 -0.08 2.1467, -3.6417 0.08 2.1467, -3.6418 0.0787 2.1465, -3.6418 -0.0787 2.1465, -3.6411 -0.0838 2.149, -3.6403 -0.0863 2.1521, -3.6418 -0.0787 0.7874, -3.6411 -0.0838 0.7874, -3.6391 -0.0886 0.7874, -3.636 -0.0927 0.7874, -3.6319 -0.0958 0.7874, -3.6221 -0.0984 0.7874, -3.6272 -0.0978 0.7874, -3.6418 0.0787 0.7874, -3.6221 0.0984 0.7874, -3.6272 0.0978 0.7874, -3.6319 0.0958 0.7874, -3.636 0.0927 0.7874, -3.6391 0.0886 0.7874, -3.6411 0.0838 0.7874, -3.4646 0.0984 0.7874, -3.4449 0.0787 0.7874, -3.4456 0.0838 0.7874, -3.4475 0.0886 0.7874, -3.4507 0.0927 0.7874, -3.4547 0.0958 0.7874, -3.4595 0.0978 0.7874, -3.4449 -0.0787 0.7874, -3.4646 -0.0984 0.7874, -3.4595 -0.0978 0.7874, -3.4547 -0.0958 0.7874, -3.4507 -0.0927 0.7874, -3.4475 -0.0886 0.7874, -3.4456 -0.0838 0.7874
            ]
        }
        coordIndex [
            0,1,2,-1,3,4,2,-1,3,2,5,-1,6,7,8,-1,8,7,9,-1,4,10,2,-1,2,10,11,-1,2,11,0,-1,9,12,8,-1,8,12,13,-1,8,13,14,-1,14,15,8,-1,8,15,16,-1,8,16,2,-1,2,16,17,-1,2,17,5,-1,18,6,8,-1,19,20,21,-1,21,20,22,-1,23,24,8,-1,22,25,21,-1,21,25,26,-1,21,26,27,-1,23,8,28,-1,27,29,21,-1,21,29,30,-1,21,30,8,-1,8,30,31,-1,8,31,28,-1,24,32,8,-1,8,32,33,-1,8,33,18,-1,34,19,21,-1,35,36,37,-1,37,36,38,-1,39,40,21,-1,38,41,37,-1,37,41,42,-1,37,42,43,-1,39,21,44,-1,43,45,37,-1,37,45,46,-1,37,46,21,-1,21,46,47,-1,21,47,44,-1,40,48,21,-1,21,48,49,-1,21,49,34,-1,50,35,37,-1,1,51,2,-1,2,51,52,-1,53,54,37,-1,52,55,2,-1,2,55,56,-1,2,56,57,-1,53,37,58,-1,57,59,2,-1,2,59,60,-1,2,60,37,-1,37,60,61,-1,37,61,58,-1,54,62,37,-1,37,62,63,-1,37,63,50,-1,64,46,65,-1,65,46,45,-1,65,45,43,-1,38,66,41,-1,41,66,65,-1,41,65,42,-1,42,65,43,-1,58,61,67,-1,58,67,53,-1,50,63,68,-1,68,63,62,-1,68,62,67,-1,67,62,54,-1,67,54,53,-1,38,36,66,-1,66,36,35,-1,66,35,69,-1,69,35,50,-1,69,50,70,-1,70,50,68,-1,71,67,60,-1,60,67,61,-1,71,60,72,-1,72,60,59,-1,72,59,57,-1,52,73,55,-1,55,73,72,-1,55,72,56,-1,56,72,57,-1,5,17,74,-1,5,74,3,-1,0,11,75,-1,75,11,10,-1,75,10,74,-1,74,10,4,-1,74,4,3,-1,52,51,73,-1,73,51,1,-1,73,1,76,-1,76,1,0,-1,76,0,77,-1,77,0,75,-1,17,16,74,-1,74,16,78,-1,78,16,79,-1,79,16,15,-1,79,15,14,-1,9,80,12,-1,12,80,79,-1,12,79,13,-1,13,79,14,-1,28,31,81,-1,28,81,23,-1,18,33,82,-1,82,33,32,-1,82,32,81,-1,81,32,24,-1,81,24,23,-1,9,7,80,-1,80,7,6,-1,80,6,83,-1,83,6,18,-1,83,18,84,-1,84,18,82,-1,31,30,81,-1,81,30,85,-1,85,30,86,-1,86,30,29,-1,86,29,27,-1,22,87,25,-1,25,87,86,-1,25,86,26,-1,26,86,27,-1,44,47,88,-1,44,88,39,-1,34,49,89,-1,89,49,48,-1,89,48,88,-1,88,48,40,-1,88,40,39,-1,22,20,87,-1,87,20,19,-1,87,19,90,-1,90,19,34,-1,90,34,91,-1,91,34,89,-1,64,88,46,-1,46,88,47,-1,2,37,8,-1,8,37,21,-1,92,93,94,-1,95,96,94,-1,95,94,97,-1,98,99,100,-1,100,99,101,-1,96,102,94,-1,94,102,103,-1,94,103,92,-1,101,104,100,-1,100,104,105,-1,100,105,106,-1,106,107,100,-1,100,107,108,-1,100,108,94,-1,94,108,109,-1,94,109,97,-1,110,98,100,-1,111,112,113,-1,113,112,114,-1,115,116,100,-1,114,117,113,-1,113,117,118,-1,113,118,119,-1,115,100,120,-1,119,121,113,-1,113,121,122,-1,113,122,100,-1,100,122,123,-1,100,123,120,-1,116,124,100,-1,100,124,125,-1,100,125,110,-1,126,111,113,-1,127,128,129,-1,129,128,130,-1,131,132,113,-1,130,133,129,-1,129,133,134,-1,129,134,135,-1,131,113,136,-1,135,137,129,-1,129,137,138,-1,129,138,113,-1,113,138,139,-1,113,139,136,-1,132,140,113,-1,113,140,141,-1,113,141,126,-1,142,127,129,-1,93,143,94,-1,94,143,144,-1,145,146,129,-1,144,147,94,-1,94,147,148,-1,94,148,149,-1,145,129,150,-1,149,151,94,-1,94,151,152,-1,94,152,129,-1,129,152,153,-1,129,153,150,-1,146,154,129,-1,129,154,155,-1,129,155,142,-1,156,138,157,-1,157,138,137,-1,157,137,135,-1,130,158,133,-1,133,158,157,-1,133,157,134,-1,134,157,135,-1,150,153,159,-1,150,159,145,-1,142,155,160,-1,160,155,154,-1,160,154,159,-1,159,154,146,-1,159,146,145,-1,130,128,158,-1,158,128,127,-1,158,127,161,-1,161,127,142,-1,161,142,162,-1,162,142,160,-1,163,159,152,-1,152,159,153,-1,163,152,164,-1,164,152,151,-1,164,151,149,-1,144,165,147,-1,147,165,164,-1,147,164,148,-1,148,164,149,-1,97,109,166,-1,97,166,95,-1,92,103,167,-1,167,103,102,-1,167,102,166,-1,166,102,96,-1,166,96,95,-1,144,143,165,-1,165,143,93,-1,165,93,168,-1,168,93,92,-1,168,92,169,-1,169,92,167,-1,109,108,166,-1,166,108,170,-1,170,108,171,-1,171,108,107,-1,171,107,106,-1,101,172,104,-1,104,172,171,-1,104,171,105,-1,105,171,106,-1,120,123,173,-1,120,173,115,-1,110,125,174,-1,174,125,124,-1,174,124,173,-1,173,124,116,-1,173,116,115,-1,101,99,172,-1,172,99,98,-1,172,98,175,-1,175,98,110,-1,175,110,176,-1,176,110,174,-1,123,122,173,-1,173,122,177,-1,177,122,178,-1,178,122,121,-1,178,121,119,-1,114,179,117,-1,117,179,178,-1,117,178,118,-1,118,178,119,-1,136,139,180,-1,136,180,131,-1,126,141,181,-1,181,141,140,-1,181,140,180,-1,180,140,132,-1,180,132,131,-1,114,112,179,-1,179,112,111,-1,179,111,182,-1,182,111,126,-1,182,126,183,-1,183,126,181,-1,156,180,138,-1,138,180,139,-1,94,129,100,-1,100,129,113,-1,184,185,186,-1,187,188,186,-1,187,186,189,-1,190,191,192,-1,192,191,193,-1,188,194,186,-1,186,194,195,-1,186,195,184,-1,193,196,192,-1,192,196,197,-1,192,197,198,-1,198,199,192,-1,192,199,200,-1,192,200,186,-1,186,200,201,-1,186,201,189,-1,202,190,192,-1,203,204,205,-1,205,204,206,-1,207,208,192,-1,206,209,205,-1,205,209,210,-1,205,210,211,-1,207,192,212,-1,211,213,205,-1,205,213,214,-1,205,214,192,-1,192,214,215,-1,192,215,212,-1,208,216,192,-1,192,216,217,-1,192,217,202,-1,218,203,205,-1,219,220,221,-1,221,220,222,-1,223,224,205,-1,222,225,221,-1,221,225,226,-1,221,226,227,-1,223,205,228,-1,227,229,221,-1,221,229,230,-1,221,230,205,-1,205,230,231,-1,205,231,228,-1,224,232,205,-1,205,232,233,-1,205,233,218,-1,234,219,221,-1,185,235,186,-1,186,235,236,-1,237,238,221,-1,236,239,186,-1,186,239,240,-1,186,240,241,-1,237,221,242,-1,241,243,186,-1,186,243,244,-1,186,244,221,-1,221,244,245,-1,221,245,242,-1,238,246,221,-1,221,246,247,-1,221,247,234,-1,248,230,249,-1,249,230,229,-1,249,229,227,-1,222,250,225,-1,225,250,249,-1,225,249,226,-1,226,249,227,-1,242,245,251,-1,242,251,237,-1,234,247,252,-1,252,247,246,-1,252,246,251,-1,251,246,238,-1,251,238,237,-1,222,220,250,-1,250,220,219,-1,250,219,253,-1,253,219,234,-1,253,234,254,-1,254,234,252,-1,255,251,244,-1,244,251,245,-1,255,244,256,-1,256,244,243,-1,256,243,241,-1,236,257,239,-1,239,257,256,-1,239,256,240,-1,240,256,241,-1,189,201,258,-1,189,258,187,-1,184,195,259,-1,259,195,194,-1,259,194,258,-1,258,194,188,-1,258,188,187,-1,236,235,257,-1,257,235,185,-1,257,185,260,-1,260,185,184,-1,260,184,261,-1,261,184,259,-1,201,200,258,-1,258,200,262,-1,262,200,263,-1,263,200,199,-1,263,199,198,-1,193,264,196,-1,196,264,263,-1,196,263,197,-1,197,263,198,-1,212,215,265,-1,212,265,207,-1,202,217,266,-1,266,217,216,-1,266,216,265,-1,265,216,208,-1,265,208,207,-1,193,191,264,-1,264,191,190,-1,264,190,267,-1,267,190,202,-1,267,202,268,-1,268,202,266,-1,215,214,265,-1,265,214,269,-1,269,214,270,-1,270,214,213,-1,270,213,211,-1,206,271,209,-1,209,271,270,-1,209,270,210,-1,210,270,211,-1,228,231,272,-1,228,272,223,-1,218,233,273,-1,273,233,232,-1,273,232,272,-1,272,232,224,-1,272,224,223,-1,206,204,271,-1,271,204,203,-1,271,203,274,-1,274,203,218,-1,274,218,275,-1,275,218,273,-1,248,272,230,-1,230,272,231,-1,186,221,192,-1,192,221,205,-1,276,277,278,-1,279,280,278,-1,279,278,281,-1,282,283,284,-1,284,283,285,-1,280,286,278,-1,278,286,287,-1,278,287,276,-1,285,288,284,-1,284,288,289,-1,284,289,290,-1,290,291,284,-1,284,291,292,-1,284,292,278,-1,278,292,293,-1,278,293,281,-1,294,282,284,-1,295,296,297,-1,297,296,298,-1,299,300,284,-1,298,301,297,-1,297,301,302,-1,297,302,303,-1,299,284,304,-1,303,305,297,-1,297,305,306,-1,297,306,284,-1,284,306,307,-1,284,307,304,-1,300,308,284,-1,284,308,309,-1,284,309,294,-1,310,295,297,-1,311,312,313,-1,313,312,314,-1,315,316,297,-1,314,317,313,-1,313,317,318,-1,313,318,319,-1,315,297,320,-1,319,321,313,-1,313,321,322,-1,313,322,297,-1,297,322,323,-1,297,323,320,-1,316,324,297,-1,297,324,325,-1,297,325,310,-1,326,311,313,-1,277,327,278,-1,278,327,328,-1,329,330,313,-1,328,331,278,-1,278,331,332,-1,278,332,333,-1,329,313,334,-1,333,335,278,-1,278,335,336,-1,278,336,313,-1,313,336,337,-1,313,337,334,-1,330,338,313,-1,313,338,339,-1,313,339,326,-1,340,322,341,-1,341,322,321,-1,341,321,319,-1,314,342,317,-1,317,342,341,-1,317,341,318,-1,318,341,319,-1,334,337,343,-1,334,343,329,-1,326,339,344,-1,344,339,338,-1,344,338,343,-1,343,338,330,-1,343,330,329,-1,314,312,342,-1,342,312,311,-1,342,311,345,-1,345,311,326,-1,345,326,346,-1,346,326,344,-1,347,343,336,-1,336,343,337,-1,347,336,348,-1,348,336,335,-1,348,335,333,-1,328,349,331,-1,331,349,348,-1,331,348,332,-1,332,348,333,-1,281,293,350,-1,281,350,279,-1,276,287,351,-1,351,287,286,-1,351,286,350,-1,350,286,280,-1,350,280,279,-1,328,327,349,-1,349,327,277,-1,349,277,352,-1,352,277,276,-1,352,276,353,-1,353,276,351,-1,293,292,350,-1,350,292,354,-1,354,292,355,-1,355,292,291,-1,355,291,290,-1,285,356,288,-1,288,356,355,-1,288,355,289,-1,289,355,290,-1,304,307,357,-1,304,357,299,-1,294,309,358,-1,358,309,308,-1,358,308,357,-1,357,308,300,-1,357,300,299,-1,285,283,356,-1,356,283,282,-1,356,282,359,-1,359,282,294,-1,359,294,360,-1,360,294,358,-1,307,306,357,-1,357,306,361,-1,361,306,362,-1,362,306,305,-1,362,305,303,-1,298,363,301,-1,301,363,362,-1,301,362,302,-1,302,362,303,-1,320,323,364,-1,320,364,315,-1,310,325,365,-1,365,325,324,-1,365,324,364,-1,364,324,316,-1,364,316,315,-1,298,296,363,-1,363,296,295,-1,363,295,366,-1,366,295,310,-1,366,310,367,-1,367,310,365,-1,340,364,322,-1,322,364,323,-1,278,313,284,-1,284,313,297,-1,368,369,370,-1,371,372,370,-1,371,370,373,-1,374,375,376,-1,376,375,377,-1,372,378,370,-1,370,378,379,-1,370,379,368,-1,377,380,376,-1,376,380,381,-1,376,381,382,-1,382,383,376,-1,376,383,384,-1,376,384,370,-1,370,384,385,-1,370,385,373,-1,386,374,376,-1,387,388,389,-1,389,388,390,-1,391,392,376,-1,390,393,389,-1,389,393,394,-1,389,394,395,-1,391,376,396,-1,395,397,389,-1,389,397,398,-1,389,398,376,-1,376,398,399,-1,376,399,396,-1,392,400,376,-1,376,400,401,-1,376,401,386,-1,402,387,389,-1,403,404,405,-1,405,404,406,-1,407,408,389,-1,406,409,405,-1,405,409,410,-1,405,410,411,-1,407,389,412,-1,411,413,405,-1,405,413,414,-1,405,414,389,-1,389,414,415,-1,389,415,412,-1,408,416,389,-1,389,416,417,-1,389,417,402,-1,418,403,405,-1,369,419,370,-1,370,419,420,-1,421,422,405,-1,420,423,370,-1,370,423,424,-1,370,424,425,-1,421,405,426,-1,425,427,370,-1,370,427,428,-1,370,428,405,-1,405,428,429,-1,405,429,426,-1,422,430,405,-1,405,430,431,-1,405,431,418,-1,432,414,433,-1,433,414,413,-1,433,413,411,-1,406,434,409,-1,409,434,433,-1,409,433,410,-1,410,433,411,-1,426,429,435,-1,426,435,421,-1,418,431,436,-1,436,431,430,-1,436,430,435,-1,435,430,422,-1,435,422,421,-1,406,404,434,-1,434,404,403,-1,434,403,437,-1,437,403,418,-1,437,418,438,-1,438,418,436,-1,439,435,428,-1,428,435,429,-1,439,428,440,-1,440,428,427,-1,440,427,425,-1,420,441,423,-1,423,441,440,-1,423,440,424,-1,424,440,425,-1,373,385,442,-1,373,442,371,-1,368,379,443,-1,443,379,378,-1,443,378,442,-1,442,378,372,-1,442,372,371,-1,420,419,441,-1,441,419,369,-1,441,369,444,-1,444,369,368,-1,444,368,445,-1,445,368,443,-1,385,384,442,-1,442,384,446,-1,446,384,447,-1,447,384,383,-1,447,383,382,-1,377,448,380,-1,380,448,447,-1,380,447,381,-1,381,447,382,-1,396,399,449,-1,396,449,391,-1,386,401,450,-1,450,401,400,-1,450,400,449,-1,449,400,392,-1,449,392,391,-1,377,375,448,-1,448,375,374,-1,448,374,451,-1,451,374,386,-1,451,386,452,-1,452,386,450,-1,399,398,449,-1,449,398,453,-1,453,398,454,-1,454,398,397,-1,454,397,395,-1,390,455,393,-1,393,455,454,-1,393,454,394,-1,394,454,395,-1,412,415,456,-1,412,456,407,-1,402,417,457,-1,457,417,416,-1,457,416,456,-1,456,416,408,-1,456,408,407,-1,390,388,455,-1,455,388,387,-1,455,387,458,-1,458,387,402,-1,458,402,459,-1,459,402,457,-1,432,456,414,-1,414,456,415,-1,370,405,376,-1,376,405,389,-1,460,461,462,-1,463,464,462,-1,463,462,465,-1,466,467,468,-1,468,467,469,-1,464,470,462,-1,462,470,471,-1,462,471,460,-1,469,472,468,-1,468,472,473,-1,468,473,474,-1,474,475,468,-1,468,475,476,-1,468,476,462,-1,462,476,477,-1,462,477,465,-1,478,466,468,-1,479,480,481,-1,481,480,482,-1,483,484,468,-1,482,485,481,-1,481,485,486,-1,481,486,487,-1,483,468,488,-1,487,489,481,-1,481,489,490,-1,481,490,468,-1,468,490,491,-1,468,491,488,-1,484,492,468,-1,468,492,493,-1,468,493,478,-1,494,479,481,-1,495,496,497,-1,497,496,498,-1,499,500,481,-1,498,501,497,-1,497,501,502,-1,497,502,503,-1,499,481,504,-1,503,505,497,-1,497,505,506,-1,497,506,481,-1,481,506,507,-1,481,507,504,-1,500,508,481,-1,481,508,509,-1,481,509,494,-1,510,495,497,-1,461,511,462,-1,462,511,512,-1,513,514,497,-1,512,515,462,-1,462,515,516,-1,462,516,517,-1,513,497,518,-1,517,519,462,-1,462,519,520,-1,462,520,497,-1,497,520,521,-1,497,521,518,-1,514,522,497,-1,497,522,523,-1,497,523,510,-1,524,506,525,-1,525,506,505,-1,525,505,503,-1,498,526,501,-1,501,526,525,-1,501,525,502,-1,502,525,503,-1,518,521,527,-1,518,527,513,-1,510,523,528,-1,528,523,522,-1,528,522,527,-1,527,522,514,-1,527,514,513,-1,498,496,526,-1,526,496,495,-1,526,495,529,-1,529,495,510,-1,529,510,530,-1,530,510,528,-1,531,527,520,-1,520,527,521,-1,531,520,532,-1,532,520,519,-1,532,519,517,-1,512,533,515,-1,515,533,532,-1,515,532,516,-1,516,532,517,-1,465,477,534,-1,465,534,463,-1,460,471,535,-1,535,471,470,-1,535,470,534,-1,534,470,464,-1,534,464,463,-1,512,511,533,-1,533,511,461,-1,533,461,536,-1,536,461,460,-1,536,460,537,-1,537,460,535,-1,477,476,534,-1,534,476,538,-1,538,476,539,-1,539,476,475,-1,539,475,474,-1,469,540,472,-1,472,540,539,-1,472,539,473,-1,473,539,474,-1,488,491,541,-1,488,541,483,-1,478,493,542,-1,542,493,492,-1,542,492,541,-1,541,492,484,-1,541,484,483,-1,469,467,540,-1,540,467,466,-1,540,466,543,-1,543,466,478,-1,543,478,544,-1,544,478,542,-1,491,490,541,-1,541,490,545,-1,545,490,546,-1,546,490,489,-1,546,489,487,-1,482,547,485,-1,485,547,546,-1,485,546,486,-1,486,546,487,-1,504,507,548,-1,504,548,499,-1,494,509,549,-1,549,509,508,-1,549,508,548,-1,548,508,500,-1,548,500,499,-1,482,480,547,-1,547,480,479,-1,547,479,550,-1,550,479,494,-1,550,494,551,-1,551,494,549,-1,524,548,506,-1,506,548,507,-1,462,497,468,-1,468,497,481,-1,552,553,554,-1,555,556,557,-1,557,556,558,-1,559,560,554,-1,558,561,557,-1,557,561,562,-1,557,562,563,-1,559,554,564,-1,563,565,557,-1,557,565,566,-1,557,566,554,-1,554,566,567,-1,554,567,564,-1,560,568,554,-1,554,568,569,-1,554,569,552,-1,570,555,557,-1,571,572,573,-1,573,572,574,-1,575,576,557,-1,574,577,573,-1,573,577,578,-1,573,578,579,-1,575,557,580,-1,579,581,573,-1,573,581,582,-1,573,582,557,-1,557,582,583,-1,557,583,580,-1,576,584,557,-1,557,584,585,-1,557,585,570,-1,586,571,573,-1,587,588,573,-1,587,573,589,-1,590,591,592,-1,592,591,593,-1,588,594,573,-1,573,594,595,-1,573,595,586,-1,593,596,592,-1,592,596,597,-1,592,597,598,-1,598,599,592,-1,592,599,600,-1,592,600,573,-1,573,600,601,-1,573,601,589,-1,602,590,592,-1,553,603,554,-1,554,603,604,-1,605,606,592,-1,604,607,554,-1,554,607,608,-1,554,608,609,-1,605,592,610,-1,609,611,554,-1,554,611,612,-1,554,612,592,-1,592,612,613,-1,592,613,610,-1,606,614,592,-1,592,614,615,-1,592,615,602,-1,616,600,617,-1,617,600,599,-1,617,599,598,-1,593,618,596,-1,596,618,617,-1,596,617,597,-1,597,617,598,-1,610,613,619,-1,610,619,605,-1,602,615,620,-1,620,615,614,-1,620,614,619,-1,619,614,606,-1,619,606,605,-1,593,591,618,-1,618,591,590,-1,618,590,621,-1,621,590,602,-1,621,602,622,-1,622,602,620,-1,623,619,612,-1,612,619,613,-1,623,612,624,-1,624,612,611,-1,624,611,609,-1,604,625,607,-1,607,625,624,-1,607,624,608,-1,608,624,609,-1,564,567,626,-1,564,626,559,-1,552,569,627,-1,627,569,568,-1,627,568,626,-1,626,568,560,-1,626,560,559,-1,604,603,625,-1,625,603,553,-1,625,553,628,-1,628,553,552,-1,628,552,629,-1,629,552,627,-1,567,566,626,-1,626,566,630,-1,630,566,631,-1,631,566,565,-1,631,565,563,-1,558,632,561,-1,561,632,631,-1,561,631,562,-1,562,631,563,-1,580,583,633,-1,580,633,575,-1,570,585,634,-1,634,585,584,-1,634,584,633,-1,633,584,576,-1,633,576,575,-1,558,556,632,-1,632,556,555,-1,632,555,635,-1,635,555,570,-1,635,570,636,-1,636,570,634,-1,583,582,633,-1,633,582,637,-1,637,582,638,-1,638,582,581,-1,638,581,579,-1,574,639,577,-1,577,639,638,-1,577,638,578,-1,578,638,579,-1,589,601,640,-1,589,640,587,-1,586,595,641,-1,641,595,594,-1,641,594,640,-1,640,594,588,-1,640,588,587,-1,574,572,639,-1,639,572,571,-1,639,571,642,-1,642,571,586,-1,642,586,643,-1,643,586,641,-1,616,640,600,-1,600,640,601,-1,554,592,557,-1,557,592,573,-1,644,645,646,-1,647,648,649,-1,649,648,650,-1,651,652,646,-1,650,653,649,-1,649,653,654,-1,649,654,655,-1,651,646,656,-1,655,657,649,-1,649,657,658,-1,649,658,646,-1,646,658,659,-1,646,659,656,-1,652,660,646,-1,646,660,661,-1,646,661,644,-1,662,647,649,-1,663,664,665,-1,665,664,666,-1,667,668,649,-1,666,669,665,-1,665,669,670,-1,665,670,671,-1,667,649,672,-1,671,673,665,-1,665,673,674,-1,665,674,649,-1,649,674,675,-1,649,675,672,-1,668,676,649,-1,649,676,677,-1,649,677,662,-1,678,663,665,-1,679,680,681,-1,681,680,682,-1,683,684,665,-1,682,685,681,-1,681,685,686,-1,681,686,687,-1,683,665,688,-1,687,689,681,-1,681,689,690,-1,681,690,665,-1,665,690,691,-1,665,691,688,-1,684,692,665,-1,665,692,693,-1,665,693,678,-1,694,679,681,-1,645,695,646,-1,646,695,696,-1,697,698,681,-1,696,699,646,-1,646,699,700,-1,646,700,701,-1,697,681,702,-1,701,703,646,-1,646,703,704,-1,646,704,681,-1,681,704,705,-1,681,705,702,-1,698,706,681,-1,681,706,707,-1,681,707,694,-1,708,690,709,-1,709,690,689,-1,709,689,687,-1,682,710,685,-1,685,710,709,-1,685,709,686,-1,686,709,687,-1,702,705,711,-1,702,711,697,-1,694,707,712,-1,712,707,706,-1,712,706,711,-1,711,706,698,-1,711,698,697,-1,682,680,710,-1,710,680,679,-1,710,679,713,-1,713,679,694,-1,713,694,714,-1,714,694,712,-1,715,711,704,-1,704,711,705,-1,715,704,716,-1,716,704,703,-1,716,703,701,-1,696,717,699,-1,699,717,716,-1,699,716,700,-1,700,716,701,-1,656,659,718,-1,656,718,651,-1,644,661,719,-1,719,661,660,-1,719,660,718,-1,718,660,652,-1,718,652,651,-1,696,695,717,-1,717,695,645,-1,717,645,720,-1,720,645,644,-1,720,644,721,-1,721,644,719,-1,659,658,718,-1,718,658,722,-1,722,658,723,-1,723,658,657,-1,723,657,655,-1,650,724,653,-1,653,724,723,-1,653,723,654,-1,654,723,655,-1,672,675,725,-1,672,725,667,-1,662,677,726,-1,726,677,676,-1,726,676,725,-1,725,676,668,-1,725,668,667,-1,650,648,724,-1,724,648,647,-1,724,647,727,-1,727,647,662,-1,727,662,728,-1,728,662,726,-1,675,674,725,-1,725,674,729,-1,729,674,730,-1,730,674,673,-1,730,673,671,-1,666,731,669,-1,669,731,730,-1,669,730,670,-1,670,730,671,-1,688,691,732,-1,688,732,683,-1,678,693,733,-1,733,693,692,-1,733,692,732,-1,732,692,684,-1,732,684,683,-1,666,664,731,-1,731,664,663,-1,731,663,734,-1,734,663,678,-1,734,678,735,-1,735,678,733,-1,708,732,690,-1,690,732,691,-1,646,681,649,-1,649,681,665,-1,736,737,738,-1,739,740,738,-1,739,738,741,-1,742,743,744,-1,744,743,745,-1,740,746,738,-1,738,746,747,-1,738,747,736,-1,745,748,744,-1,744,748,749,-1,744,749,750,-1,750,751,744,-1,744,751,752,-1,744,752,738,-1,738,752,753,-1,738,753,741,-1,754,742,744,-1,755,756,757,-1,757,756,758,-1,759,760,744,-1,758,761,757,-1,757,761,762,-1,757,762,763,-1,759,744,764,-1,763,765,757,-1,757,765,766,-1,757,766,744,-1,744,766,767,-1,744,767,764,-1,760,768,744,-1,744,768,769,-1,744,769,754,-1,770,755,757,-1,771,772,773,-1,773,772,774,-1,775,776,757,-1,774,777,773,-1,773,777,778,-1,773,778,779,-1,775,757,780,-1,779,781,773,-1,773,781,782,-1,773,782,757,-1,757,782,783,-1,757,783,780,-1,776,784,757,-1,757,784,785,-1,757,785,770,-1,786,771,773,-1,737,787,738,-1,738,787,788,-1,789,790,773,-1,788,791,738,-1,738,791,792,-1,738,792,793,-1,789,773,794,-1,793,795,738,-1,738,795,796,-1,738,796,773,-1,773,796,797,-1,773,797,794,-1,790,798,773,-1,773,798,799,-1,773,799,786,-1,800,782,801,-1,801,782,781,-1,801,781,779,-1,774,802,777,-1,777,802,801,-1,777,801,778,-1,778,801,779,-1,794,797,803,-1,794,803,789,-1,786,799,804,-1,804,799,798,-1,804,798,803,-1,803,798,790,-1,803,790,789,-1,774,772,802,-1,802,772,771,-1,802,771,805,-1,805,771,786,-1,805,786,806,-1,806,786,804,-1,807,803,796,-1,796,803,797,-1,807,796,808,-1,808,796,795,-1,808,795,793,-1,788,809,791,-1,791,809,808,-1,791,808,792,-1,792,808,793,-1,741,753,810,-1,741,810,739,-1,736,747,811,-1,811,747,746,-1,811,746,810,-1,810,746,740,-1,810,740,739,-1,788,787,809,-1,809,787,737,-1,809,737,812,-1,812,737,736,-1,812,736,813,-1,813,736,811,-1,753,752,810,-1,810,752,814,-1,814,752,815,-1,815,752,751,-1,815,751,750,-1,745,816,748,-1,748,816,815,-1,748,815,749,-1,749,815,750,-1,764,767,817,-1,764,817,759,-1,754,769,818,-1,818,769,768,-1,818,768,817,-1,817,768,760,-1,817,760,759,-1,745,743,816,-1,816,743,742,-1,816,742,819,-1,819,742,754,-1,819,754,820,-1,820,754,818,-1,767,766,817,-1,817,766,821,-1,821,766,822,-1,822,766,765,-1,822,765,763,-1,758,823,761,-1,761,823,822,-1,761,822,762,-1,762,822,763,-1,780,783,824,-1,780,824,775,-1,770,785,825,-1,825,785,784,-1,825,784,824,-1,824,784,776,-1,824,776,775,-1,758,756,823,-1,823,756,755,-1,823,755,826,-1,826,755,770,-1,826,770,827,-1,827,770,825,-1,800,824,782,-1,782,824,783,-1,738,773,744,-1,744,773,757,-1,828,829,830,-1,831,832,830,-1,831,830,833,-1,834,835,836,-1,836,835,837,-1,832,838,830,-1,830,838,839,-1,830,839,828,-1,837,840,836,-1,836,840,841,-1,836,841,842,-1,842,843,836,-1,836,843,844,-1,836,844,830,-1,830,844,845,-1,830,845,833,-1,846,834,836,-1,847,848,849,-1,849,848,850,-1,851,852,836,-1,850,853,849,-1,849,853,854,-1,849,854,855,-1,851,836,856,-1,855,857,849,-1,849,857,858,-1,849,858,836,-1,836,858,859,-1,836,859,856,-1,852,860,836,-1,836,860,861,-1,836,861,846,-1,862,847,849,-1,863,864,865,-1,865,864,866,-1,867,868,849,-1,866,869,865,-1,865,869,870,-1,865,870,871,-1,867,849,872,-1,871,873,865,-1,865,873,874,-1,865,874,849,-1,849,874,875,-1,849,875,872,-1,868,876,849,-1,849,876,877,-1,849,877,862,-1,878,863,865,-1,829,879,830,-1,830,879,880,-1,881,882,865,-1,880,883,830,-1,830,883,884,-1,830,884,885,-1,881,865,886,-1,885,887,830,-1,830,887,888,-1,830,888,865,-1,865,888,889,-1,865,889,886,-1,882,890,865,-1,865,890,891,-1,865,891,878,-1,892,874,893,-1,893,874,873,-1,893,873,871,-1,866,894,869,-1,869,894,893,-1,869,893,870,-1,870,893,871,-1,886,889,895,-1,886,895,881,-1,878,891,896,-1,896,891,890,-1,896,890,895,-1,895,890,882,-1,895,882,881,-1,866,864,894,-1,894,864,863,-1,894,863,897,-1,897,863,878,-1,897,878,898,-1,898,878,896,-1,899,895,888,-1,888,895,889,-1,899,888,900,-1,900,888,887,-1,900,887,885,-1,880,901,883,-1,883,901,900,-1,883,900,884,-1,884,900,885,-1,833,845,902,-1,833,902,831,-1,828,839,903,-1,903,839,838,-1,903,838,902,-1,902,838,832,-1,902,832,831,-1,880,879,901,-1,901,879,829,-1,901,829,904,-1,904,829,828,-1,904,828,905,-1,905,828,903,-1,845,844,902,-1,902,844,906,-1,906,844,907,-1,907,844,843,-1,907,843,842,-1,837,908,840,-1,840,908,907,-1,840,907,841,-1,841,907,842,-1,856,859,909,-1,856,909,851,-1,846,861,910,-1,910,861,860,-1,910,860,909,-1,909,860,852,-1,909,852,851,-1,837,835,908,-1,908,835,834,-1,908,834,911,-1,911,834,846,-1,911,846,912,-1,912,846,910,-1,859,858,909,-1,909,858,913,-1,913,858,914,-1,914,858,857,-1,914,857,855,-1,850,915,853,-1,853,915,914,-1,853,914,854,-1,854,914,855,-1,872,875,916,-1,872,916,867,-1,862,877,917,-1,917,877,876,-1,917,876,916,-1,916,876,868,-1,916,868,867,-1,850,848,915,-1,915,848,847,-1,915,847,918,-1,918,847,862,-1,918,862,919,-1,919,862,917,-1,892,916,874,-1,874,916,875,-1,830,865,836,-1,836,865,849,-1,920,921,922,-1,923,924,922,-1,923,922,925,-1,926,927,928,-1,928,927,929,-1,924,930,922,-1,922,930,931,-1,922,931,920,-1,929,932,928,-1,928,932,933,-1,928,933,934,-1,934,935,928,-1,928,935,936,-1,928,936,922,-1,922,936,937,-1,922,937,925,-1,938,926,928,-1,939,940,941,-1,941,940,942,-1,943,944,928,-1,942,945,941,-1,941,945,946,-1,941,946,947,-1,943,928,948,-1,947,949,941,-1,941,949,950,-1,941,950,928,-1,928,950,951,-1,928,951,948,-1,944,952,928,-1,928,952,953,-1,928,953,938,-1,954,939,941,-1,955,956,957,-1,957,956,958,-1,959,960,941,-1,958,961,957,-1,957,961,962,-1,957,962,963,-1,959,941,964,-1,963,965,957,-1,957,965,966,-1,957,966,941,-1,941,966,967,-1,941,967,964,-1,960,968,941,-1,941,968,969,-1,941,969,954,-1,970,955,957,-1,921,971,922,-1,922,971,972,-1,973,974,957,-1,972,975,922,-1,922,975,976,-1,922,976,977,-1,973,957,978,-1,977,979,922,-1,922,979,980,-1,922,980,957,-1,957,980,981,-1,957,981,978,-1,974,982,957,-1,957,982,983,-1,957,983,970,-1,984,966,985,-1,985,966,965,-1,985,965,963,-1,958,986,961,-1,961,986,985,-1,961,985,962,-1,962,985,963,-1,978,981,987,-1,978,987,973,-1,970,983,988,-1,988,983,982,-1,988,982,987,-1,987,982,974,-1,987,974,973,-1,958,956,986,-1,986,956,955,-1,986,955,989,-1,989,955,970,-1,989,970,990,-1,990,970,988,-1,991,987,980,-1,980,987,981,-1,991,980,992,-1,992,980,979,-1,992,979,977,-1,972,993,975,-1,975,993,992,-1,975,992,976,-1,976,992,977,-1,925,937,994,-1,925,994,923,-1,920,931,995,-1,995,931,930,-1,995,930,994,-1,994,930,924,-1,994,924,923,-1,972,971,993,-1,993,971,921,-1,993,921,996,-1,996,921,920,-1,996,920,997,-1,997,920,995,-1,937,936,994,-1,994,936,998,-1,998,936,999,-1,999,936,935,-1,999,935,934,-1,929,1000,932,-1,932,1000,999,-1,932,999,933,-1,933,999,934,-1,948,951,1001,-1,948,1001,943,-1,938,953,1002,-1,1002,953,952,-1,1002,952,1001,-1,1001,952,944,-1,1001,944,943,-1,929,927,1000,-1,1000,927,926,-1,1000,926,1003,-1,1003,926,938,-1,1003,938,1004,-1,1004,938,1002,-1,951,950,1001,-1,1001,950,1005,-1,1005,950,1006,-1,1006,950,949,-1,1006,949,947,-1,942,1007,945,-1,945,1007,1006,-1,945,1006,946,-1,946,1006,947,-1,964,967,1008,-1,964,1008,959,-1,954,969,1009,-1,1009,969,968,-1,1009,968,1008,-1,1008,968,960,-1,1008,960,959,-1,942,940,1007,-1,1007,940,939,-1,1007,939,1010,-1,1010,939,954,-1,1010,954,1011,-1,1011,954,1009,-1,984,1008,966,-1,966,1008,967,-1,922,957,928,-1,928,957,941,-1,1012,1013,1014,-1,1015,1016,1014,-1,1015,1014,1017,-1,1018,1019,1020,-1,1020,1019,1021,-1,1016,1022,1014,-1,1014,1022,1023,-1,1014,1023,1012,-1,1021,1024,1020,-1,1020,1024,1025,-1,1020,1025,1026,-1,1026,1027,1020,-1,1020,1027,1028,-1,1020,1028,1014,-1,1014,1028,1029,-1,1014,1029,1017,-1,1030,1018,1020,-1,1031,1032,1033,-1,1033,1032,1034,-1,1035,1036,1020,-1,1034,1037,1033,-1,1033,1037,1038,-1,1033,1038,1039,-1,1035,1020,1040,-1,1039,1041,1033,-1,1033,1041,1042,-1,1033,1042,1020,-1,1020,1042,1043,-1,1020,1043,1040,-1,1036,1044,1020,-1,1020,1044,1045,-1,1020,1045,1030,-1,1046,1031,1033,-1,1047,1048,1049,-1,1049,1048,1050,-1,1051,1052,1033,-1,1050,1053,1049,-1,1049,1053,1054,-1,1049,1054,1055,-1,1051,1033,1056,-1,1055,1057,1049,-1,1049,1057,1058,-1,1049,1058,1033,-1,1033,1058,1059,-1,1033,1059,1056,-1,1052,1060,1033,-1,1033,1060,1061,-1,1033,1061,1046,-1,1062,1047,1049,-1,1013,1063,1014,-1,1014,1063,1064,-1,1065,1066,1049,-1,1064,1067,1014,-1,1014,1067,1068,-1,1014,1068,1069,-1,1065,1049,1070,-1,1069,1071,1014,-1,1014,1071,1072,-1,1014,1072,1049,-1,1049,1072,1073,-1,1049,1073,1070,-1,1066,1074,1049,-1,1049,1074,1075,-1,1049,1075,1062,-1,1076,1058,1077,-1,1077,1058,1057,-1,1077,1057,1055,-1,1050,1078,1053,-1,1053,1078,1077,-1,1053,1077,1054,-1,1054,1077,1055,-1,1070,1073,1079,-1,1070,1079,1065,-1,1062,1075,1080,-1,1080,1075,1074,-1,1080,1074,1079,-1,1079,1074,1066,-1,1079,1066,1065,-1,1050,1048,1078,-1,1078,1048,1047,-1,1078,1047,1081,-1,1081,1047,1062,-1,1081,1062,1082,-1,1082,1062,1080,-1,1083,1079,1072,-1,1072,1079,1073,-1,1083,1072,1084,-1,1084,1072,1071,-1,1084,1071,1069,-1,1064,1085,1067,-1,1067,1085,1084,-1,1067,1084,1068,-1,1068,1084,1069,-1,1017,1029,1086,-1,1017,1086,1015,-1,1012,1023,1087,-1,1087,1023,1022,-1,1087,1022,1086,-1,1086,1022,1016,-1,1086,1016,1015,-1,1064,1063,1085,-1,1085,1063,1013,-1,1085,1013,1088,-1,1088,1013,1012,-1,1088,1012,1089,-1,1089,1012,1087,-1,1029,1028,1086,-1,1086,1028,1090,-1,1090,1028,1091,-1,1091,1028,1027,-1,1091,1027,1026,-1,1021,1092,1024,-1,1024,1092,1091,-1,1024,1091,1025,-1,1025,1091,1026,-1,1040,1043,1093,-1,1040,1093,1035,-1,1030,1045,1094,-1,1094,1045,1044,-1,1094,1044,1093,-1,1093,1044,1036,-1,1093,1036,1035,-1,1021,1019,1092,-1,1092,1019,1018,-1,1092,1018,1095,-1,1095,1018,1030,-1,1095,1030,1096,-1,1096,1030,1094,-1,1043,1042,1093,-1,1093,1042,1097,-1,1097,1042,1098,-1,1098,1042,1041,-1,1098,1041,1039,-1,1034,1099,1037,-1,1037,1099,1098,-1,1037,1098,1038,-1,1038,1098,1039,-1,1056,1059,1100,-1,1056,1100,1051,-1,1046,1061,1101,-1,1101,1061,1060,-1,1101,1060,1100,-1,1100,1060,1052,-1,1100,1052,1051,-1,1034,1032,1099,-1,1099,1032,1031,-1,1099,1031,1102,-1,1102,1031,1046,-1,1102,1046,1103,-1,1103,1046,1101,-1,1076,1100,1058,-1,1058,1100,1059,-1,1014,1049,1020,-1,1020,1049,1033,-1,1104,1105,1106,-1,1107,1108,1106,-1,1107,1106,1109,-1,1110,1111,1112,-1,1112,1111,1113,-1,1108,1114,1106,-1,1106,1114,1115,-1,1106,1115,1104,-1,1113,1116,1112,-1,1112,1116,1117,-1,1112,1117,1118,-1,1118,1119,1112,-1,1112,1119,1120,-1,1112,1120,1106,-1,1106,1120,1121,-1,1106,1121,1109,-1,1122,1123,1124,-1,1105,1125,1106,-1,1106,1125,1126,-1,1127,1128,1124,-1,1126,1129,1106,-1,1106,1129,1130,-1,1106,1130,1131,-1,1127,1124,1132,-1,1131,1133,1106,-1,1106,1133,1134,-1,1106,1134,1124,-1,1124,1134,1135,-1,1124,1135,1132,-1,1128,1136,1124,-1,1124,1136,1137,-1,1124,1137,1122,-1,1138,1139,1140,-1,1141,1142,1140,-1,1141,1140,1143,-1,1123,1144,1124,-1,1124,1144,1145,-1,1142,1146,1140,-1,1140,1146,1147,-1,1140,1147,1138,-1,1145,1148,1124,-1,1124,1148,1149,-1,1124,1149,1150,-1,1150,1151,1124,-1,1124,1151,1152,-1,1124,1152,1140,-1,1140,1152,1153,-1,1140,1153,1143,-1,1154,1110,1112,-1,1139,1155,1140,-1,1140,1155,1156,-1,1157,1158,1112,-1,1156,1159,1140,-1,1140,1159,1160,-1,1140,1160,1161,-1,1157,1112,1162,-1,1161,1163,1140,-1,1140,1163,1164,-1,1140,1164,1112,-1,1112,1164,1165,-1,1112,1165,1162,-1,1158,1166,1112,-1,1112,1166,1167,-1,1112,1167,1154,-1,1162,1165,1168,-1,1162,1168,1157,-1,1154,1167,1169,-1,1169,1167,1166,-1,1169,1166,1168,-1,1168,1166,1158,-1,1168,1158,1157,-1,1169,1170,1154,-1,1154,1170,1171,-1,1154,1171,1110,-1,1110,1171,1172,-1,1110,1172,1111,-1,1173,1120,1174,-1,1174,1120,1119,-1,1174,1119,1118,-1,1118,1117,1174,-1,1174,1117,1116,-1,1174,1116,1172,-1,1172,1116,1113,-1,1172,1113,1111,-1,1175,1168,1164,-1,1164,1168,1165,-1,1143,1153,1176,-1,1143,1176,1141,-1,1138,1147,1177,-1,1177,1147,1146,-1,1177,1146,1176,-1,1176,1146,1142,-1,1176,1142,1141,-1,1177,1178,1138,-1,1138,1178,1179,-1,1138,1179,1139,-1,1139,1179,1180,-1,1139,1180,1155,-1,1175,1164,1181,-1,1181,1164,1163,-1,1181,1163,1161,-1,1161,1160,1181,-1,1181,1160,1159,-1,1181,1159,1180,-1,1180,1159,1156,-1,1180,1156,1155,-1,1182,1176,1152,-1,1152,1176,1153,-1,1132,1135,1183,-1,1132,1183,1127,-1,1122,1137,1184,-1,1184,1137,1136,-1,1184,1136,1183,-1,1183,1136,1128,-1,1183,1128,1127,-1,1184,1185,1122,-1,1122,1185,1186,-1,1122,1186,1123,-1,1123,1186,1187,-1,1123,1187,1144,-1,1182,1152,1188,-1,1188,1152,1151,-1,1188,1151,1150,-1,1150,1149,1188,-1,1188,1149,1148,-1,1188,1148,1187,-1,1187,1148,1145,-1,1187,1145,1144,-1,1135,1134,1183,-1,1183,1134,1189,-1,1109,1121,1190,-1,1109,1190,1107,-1,1104,1115,1191,-1,1191,1115,1114,-1,1191,1114,1190,-1,1190,1114,1108,-1,1190,1108,1107,-1,1191,1192,1104,-1,1104,1192,1193,-1,1104,1193,1105,-1,1105,1193,1194,-1,1105,1194,1125,-1,1189,1134,1195,-1,1195,1134,1133,-1,1195,1133,1131,-1,1131,1130,1195,-1,1195,1130,1129,-1,1195,1129,1194,-1,1194,1129,1126,-1,1194,1126,1125,-1,1173,1190,1120,-1,1120,1190,1121,-1,1106,1124,1112,-1,1112,1124,1140,-1,1196,1197,1198,-1,1199,1200,1198,-1,1199,1198,1201,-1,1202,1203,1204,-1,1204,1203,1205,-1,1200,1206,1198,-1,1198,1206,1207,-1,1198,1207,1196,-1,1205,1208,1204,-1,1204,1208,1209,-1,1204,1209,1210,-1,1210,1211,1204,-1,1204,1211,1212,-1,1204,1212,1198,-1,1198,1212,1213,-1,1198,1213,1201,-1,1214,1215,1216,-1,1217,1218,1216,-1,1217,1216,1219,-1,1197,1220,1198,-1,1198,1220,1221,-1,1218,1222,1216,-1,1216,1222,1223,-1,1216,1223,1214,-1,1221,1224,1198,-1,1198,1224,1225,-1,1198,1225,1226,-1,1226,1227,1198,-1,1198,1227,1228,-1,1198,1228,1216,-1,1216,1228,1229,-1,1216,1229,1219,-1,1230,1231,1232,-1,1233,1234,1232,-1,1233,1232,1235,-1,1215,1236,1216,-1,1216,1236,1237,-1,1234,1238,1232,-1,1232,1238,1239,-1,1232,1239,1230,-1,1237,1240,1216,-1,1216,1240,1241,-1,1216,1241,1242,-1,1242,1243,1216,-1,1216,1243,1244,-1,1216,1244,1232,-1,1232,1244,1245,-1,1232,1245,1235,-1,1246,1202,1204,-1,1231,1247,1232,-1,1232,1247,1248,-1,1249,1250,1204,-1,1248,1251,1232,-1,1232,1251,1252,-1,1232,1252,1253,-1,1249,1204,1254,-1,1253,1255,1232,-1,1232,1255,1256,-1,1232,1256,1204,-1,1204,1256,1257,-1,1204,1257,1254,-1,1250,1258,1204,-1,1204,1258,1259,-1,1204,1259,1246,-1,1254,1257,1260,-1,1254,1260,1249,-1,1246,1259,1261,-1,1261,1259,1258,-1,1261,1258,1260,-1,1260,1258,1250,-1,1260,1250,1249,-1,1261,1262,1246,-1,1246,1262,1263,-1,1246,1263,1202,-1,1202,1263,1264,-1,1202,1264,1203,-1,1265,1212,1266,-1,1266,1212,1211,-1,1266,1211,1210,-1,1210,1209,1266,-1,1266,1209,1208,-1,1266,1208,1264,-1,1264,1208,1205,-1,1264,1205,1203,-1,1267,1260,1256,-1,1256,1260,1257,-1,1235,1245,1268,-1,1235,1268,1233,-1,1230,1239,1269,-1,1269,1239,1238,-1,1269,1238,1268,-1,1268,1238,1234,-1,1268,1234,1233,-1,1269,1270,1230,-1,1230,1270,1271,-1,1230,1271,1231,-1,1231,1271,1272,-1,1231,1272,1247,-1,1267,1256,1273,-1,1273,1256,1255,-1,1273,1255,1253,-1,1253,1252,1273,-1,1273,1252,1251,-1,1273,1251,1272,-1,1272,1251,1248,-1,1272,1248,1247,-1,1274,1268,1244,-1,1244,1268,1245,-1,1219,1229,1275,-1,1219,1275,1217,-1,1214,1223,1276,-1,1276,1223,1222,-1,1276,1222,1275,-1,1275,1222,1218,-1,1275,1218,1217,-1,1276,1277,1214,-1,1214,1277,1278,-1,1214,1278,1215,-1,1215,1278,1279,-1,1215,1279,1236,-1,1274,1244,1280,-1,1280,1244,1243,-1,1280,1243,1242,-1,1242,1241,1280,-1,1280,1241,1240,-1,1280,1240,1279,-1,1279,1240,1237,-1,1279,1237,1236,-1,1229,1228,1275,-1,1275,1228,1281,-1,1201,1213,1282,-1,1201,1282,1199,-1,1196,1207,1283,-1,1283,1207,1206,-1,1283,1206,1282,-1,1282,1206,1200,-1,1282,1200,1199,-1,1283,1284,1196,-1,1196,1284,1285,-1,1196,1285,1197,-1,1197,1285,1286,-1,1197,1286,1220,-1,1281,1228,1287,-1,1287,1228,1227,-1,1287,1227,1226,-1,1226,1225,1287,-1,1287,1225,1224,-1,1287,1224,1286,-1,1286,1224,1221,-1,1286,1221,1220,-1,1265,1282,1212,-1,1212,1282,1213,-1,1198,1216,1204,-1,1204,1216,1232,-1,1288,1289,1290,-1,1291,1292,1290,-1,1291,1290,1293,-1,1294,1295,1296,-1,1296,1295,1297,-1,1292,1298,1290,-1,1290,1298,1299,-1,1290,1299,1288,-1,1297,1300,1296,-1,1296,1300,1301,-1,1296,1301,1302,-1,1302,1303,1296,-1,1296,1303,1304,-1,1296,1304,1290,-1,1290,1304,1305,-1,1290,1305,1293,-1,1306,1307,1308,-1,1309,1310,1308,-1,1309,1308,1311,-1,1289,1312,1290,-1,1290,1312,1313,-1,1310,1314,1308,-1,1308,1314,1315,-1,1308,1315,1306,-1,1313,1316,1290,-1,1290,1316,1317,-1,1290,1317,1318,-1,1318,1319,1290,-1,1290,1319,1320,-1,1290,1320,1308,-1,1308,1320,1321,-1,1308,1321,1311,-1,1322,1323,1324,-1,1325,1326,1324,-1,1325,1324,1327,-1,1307,1328,1308,-1,1308,1328,1329,-1,1326,1330,1324,-1,1324,1330,1331,-1,1324,1331,1322,-1,1329,1332,1308,-1,1308,1332,1333,-1,1308,1333,1334,-1,1334,1335,1308,-1,1308,1335,1336,-1,1308,1336,1324,-1,1324,1336,1337,-1,1324,1337,1327,-1,1338,1294,1296,-1,1323,1339,1324,-1,1324,1339,1340,-1,1341,1342,1296,-1,1340,1343,1324,-1,1324,1343,1344,-1,1324,1344,1345,-1,1341,1296,1346,-1,1345,1347,1324,-1,1324,1347,1348,-1,1324,1348,1296,-1,1296,1348,1349,-1,1296,1349,1346,-1,1342,1350,1296,-1,1296,1350,1351,-1,1296,1351,1338,-1,1346,1349,1352,-1,1346,1352,1341,-1,1338,1351,1353,-1,1353,1351,1350,-1,1353,1350,1352,-1,1352,1350,1342,-1,1352,1342,1341,-1,1353,1354,1338,-1,1338,1354,1355,-1,1338,1355,1294,-1,1294,1355,1356,-1,1294,1356,1295,-1,1357,1304,1358,-1,1358,1304,1303,-1,1358,1303,1302,-1,1302,1301,1358,-1,1358,1301,1300,-1,1358,1300,1356,-1,1356,1300,1297,-1,1356,1297,1295,-1,1359,1352,1348,-1,1348,1352,1349,-1,1327,1337,1360,-1,1327,1360,1325,-1,1322,1331,1361,-1,1361,1331,1330,-1,1361,1330,1360,-1,1360,1330,1326,-1,1360,1326,1325,-1,1361,1362,1322,-1,1322,1362,1363,-1,1322,1363,1323,-1,1323,1363,1364,-1,1323,1364,1339,-1,1359,1348,1365,-1,1365,1348,1347,-1,1365,1347,1345,-1,1345,1344,1365,-1,1365,1344,1343,-1,1365,1343,1364,-1,1364,1343,1340,-1,1364,1340,1339,-1,1366,1360,1336,-1,1336,1360,1337,-1,1311,1321,1367,-1,1311,1367,1309,-1,1306,1315,1368,-1,1368,1315,1314,-1,1368,1314,1367,-1,1367,1314,1310,-1,1367,1310,1309,-1,1368,1369,1306,-1,1306,1369,1370,-1,1306,1370,1307,-1,1307,1370,1371,-1,1307,1371,1328,-1,1366,1336,1372,-1,1372,1336,1335,-1,1372,1335,1334,-1,1334,1333,1372,-1,1372,1333,1332,-1,1372,1332,1371,-1,1371,1332,1329,-1,1371,1329,1328,-1,1321,1320,1367,-1,1367,1320,1373,-1,1293,1305,1374,-1,1293,1374,1291,-1,1288,1299,1375,-1,1375,1299,1298,-1,1375,1298,1374,-1,1374,1298,1292,-1,1374,1292,1291,-1,1375,1376,1288,-1,1288,1376,1377,-1,1288,1377,1289,-1,1289,1377,1378,-1,1289,1378,1312,-1,1373,1320,1379,-1,1379,1320,1319,-1,1379,1319,1318,-1,1318,1317,1379,-1,1379,1317,1316,-1,1379,1316,1378,-1,1378,1316,1313,-1,1378,1313,1312,-1,1357,1374,1304,-1,1304,1374,1305,-1,1290,1308,1296,-1,1296,1308,1324,-1,1380,1381,1382,-1,1383,1384,1382,-1,1383,1382,1385,-1,1386,1387,1388,-1,1388,1387,1389,-1,1384,1390,1382,-1,1382,1390,1391,-1,1382,1391,1380,-1,1389,1392,1388,-1,1388,1392,1393,-1,1388,1393,1394,-1,1394,1395,1388,-1,1388,1395,1396,-1,1388,1396,1382,-1,1382,1396,1397,-1,1382,1397,1385,-1,1398,1399,1400,-1,1401,1402,1400,-1,1401,1400,1403,-1,1381,1404,1382,-1,1382,1404,1405,-1,1402,1406,1400,-1,1400,1406,1407,-1,1400,1407,1398,-1,1405,1408,1382,-1,1382,1408,1409,-1,1382,1409,1410,-1,1410,1411,1382,-1,1382,1411,1412,-1,1382,1412,1400,-1,1400,1412,1413,-1,1400,1413,1403,-1,1414,1415,1416,-1,1417,1418,1416,-1,1417,1416,1419,-1,1399,1420,1400,-1,1400,1420,1421,-1,1418,1422,1416,-1,1416,1422,1423,-1,1416,1423,1414,-1,1421,1424,1400,-1,1400,1424,1425,-1,1400,1425,1426,-1,1426,1427,1400,-1,1400,1427,1428,-1,1400,1428,1416,-1,1416,1428,1429,-1,1416,1429,1419,-1,1430,1386,1388,-1,1415,1431,1416,-1,1416,1431,1432,-1,1433,1434,1388,-1,1432,1435,1416,-1,1416,1435,1436,-1,1416,1436,1437,-1,1433,1388,1438,-1,1437,1439,1416,-1,1416,1439,1440,-1,1416,1440,1388,-1,1388,1440,1441,-1,1388,1441,1438,-1,1434,1442,1388,-1,1388,1442,1443,-1,1388,1443,1430,-1,1438,1441,1444,-1,1438,1444,1433,-1,1430,1443,1445,-1,1445,1443,1442,-1,1445,1442,1444,-1,1444,1442,1434,-1,1444,1434,1433,-1,1445,1446,1430,-1,1430,1446,1447,-1,1430,1447,1386,-1,1386,1447,1448,-1,1386,1448,1387,-1,1449,1396,1450,-1,1450,1396,1395,-1,1450,1395,1394,-1,1394,1393,1450,-1,1450,1393,1392,-1,1450,1392,1448,-1,1448,1392,1389,-1,1448,1389,1387,-1,1451,1444,1440,-1,1440,1444,1441,-1,1419,1429,1452,-1,1419,1452,1417,-1,1414,1423,1453,-1,1453,1423,1422,-1,1453,1422,1452,-1,1452,1422,1418,-1,1452,1418,1417,-1,1453,1454,1414,-1,1414,1454,1455,-1,1414,1455,1415,-1,1415,1455,1456,-1,1415,1456,1431,-1,1451,1440,1457,-1,1457,1440,1439,-1,1457,1439,1437,-1,1437,1436,1457,-1,1457,1436,1435,-1,1457,1435,1456,-1,1456,1435,1432,-1,1456,1432,1431,-1,1458,1452,1428,-1,1428,1452,1429,-1,1403,1413,1459,-1,1403,1459,1401,-1,1398,1407,1460,-1,1460,1407,1406,-1,1460,1406,1459,-1,1459,1406,1402,-1,1459,1402,1401,-1,1460,1461,1398,-1,1398,1461,1462,-1,1398,1462,1399,-1,1399,1462,1463,-1,1399,1463,1420,-1,1458,1428,1464,-1,1464,1428,1427,-1,1464,1427,1426,-1,1426,1425,1464,-1,1464,1425,1424,-1,1464,1424,1463,-1,1463,1424,1421,-1,1463,1421,1420,-1,1413,1412,1459,-1,1459,1412,1465,-1,1385,1397,1466,-1,1385,1466,1383,-1,1380,1391,1467,-1,1467,1391,1390,-1,1467,1390,1466,-1,1466,1390,1384,-1,1466,1384,1383,-1,1467,1468,1380,-1,1380,1468,1469,-1,1380,1469,1381,-1,1381,1469,1470,-1,1381,1470,1404,-1,1465,1412,1471,-1,1471,1412,1411,-1,1471,1411,1410,-1,1410,1409,1471,-1,1471,1409,1408,-1,1471,1408,1470,-1,1470,1408,1405,-1,1470,1405,1404,-1,1449,1466,1396,-1,1396,1466,1397,-1,1382,1400,1388,-1,1388,1400,1416,-1,1472,1473,1474,-1,1475,1476,1474,-1,1475,1474,1477,-1,1478,1479,1480,-1,1480,1479,1481,-1,1476,1482,1474,-1,1474,1482,1483,-1,1474,1483,1472,-1,1481,1484,1480,-1,1480,1484,1485,-1,1480,1485,1486,-1,1486,1487,1480,-1,1480,1487,1488,-1,1480,1488,1474,-1,1474,1488,1489,-1,1474,1489,1477,-1,1490,1491,1492,-1,1493,1494,1492,-1,1493,1492,1495,-1,1473,1496,1474,-1,1474,1496,1497,-1,1494,1498,1492,-1,1492,1498,1499,-1,1492,1499,1490,-1,1497,1500,1474,-1,1474,1500,1501,-1,1474,1501,1502,-1,1502,1503,1474,-1,1474,1503,1504,-1,1474,1504,1492,-1,1492,1504,1505,-1,1492,1505,1495,-1,1506,1507,1508,-1,1509,1510,1508,-1,1509,1508,1511,-1,1491,1512,1492,-1,1492,1512,1513,-1,1510,1514,1508,-1,1508,1514,1515,-1,1508,1515,1506,-1,1513,1516,1492,-1,1492,1516,1517,-1,1492,1517,1518,-1,1518,1519,1492,-1,1492,1519,1520,-1,1492,1520,1508,-1,1508,1520,1521,-1,1508,1521,1511,-1,1522,1478,1480,-1,1507,1523,1508,-1,1508,1523,1524,-1,1525,1526,1480,-1,1524,1527,1508,-1,1508,1527,1528,-1,1508,1528,1529,-1,1525,1480,1530,-1,1529,1531,1508,-1,1508,1531,1532,-1,1508,1532,1480,-1,1480,1532,1533,-1,1480,1533,1530,-1,1526,1534,1480,-1,1480,1534,1535,-1,1480,1535,1522,-1,1530,1533,1536,-1,1530,1536,1525,-1,1522,1535,1537,-1,1537,1535,1534,-1,1537,1534,1536,-1,1536,1534,1526,-1,1536,1526,1525,-1,1537,1538,1522,-1,1522,1538,1539,-1,1522,1539,1478,-1,1478,1539,1540,-1,1478,1540,1479,-1,1541,1488,1542,-1,1542,1488,1487,-1,1542,1487,1486,-1,1486,1485,1542,-1,1542,1485,1484,-1,1542,1484,1540,-1,1540,1484,1481,-1,1540,1481,1479,-1,1543,1536,1532,-1,1532,1536,1533,-1,1511,1521,1544,-1,1511,1544,1509,-1,1506,1515,1545,-1,1545,1515,1514,-1,1545,1514,1544,-1,1544,1514,1510,-1,1544,1510,1509,-1,1545,1546,1506,-1,1506,1546,1547,-1,1506,1547,1507,-1,1507,1547,1548,-1,1507,1548,1523,-1,1543,1532,1549,-1,1549,1532,1531,-1,1549,1531,1529,-1,1529,1528,1549,-1,1549,1528,1527,-1,1549,1527,1548,-1,1548,1527,1524,-1,1548,1524,1523,-1,1550,1544,1520,-1,1520,1544,1521,-1,1495,1505,1551,-1,1495,1551,1493,-1,1490,1499,1552,-1,1552,1499,1498,-1,1552,1498,1551,-1,1551,1498,1494,-1,1551,1494,1493,-1,1552,1553,1490,-1,1490,1553,1554,-1,1490,1554,1491,-1,1491,1554,1555,-1,1491,1555,1512,-1,1550,1520,1556,-1,1556,1520,1519,-1,1556,1519,1518,-1,1518,1517,1556,-1,1556,1517,1516,-1,1556,1516,1555,-1,1555,1516,1513,-1,1555,1513,1512,-1,1505,1504,1551,-1,1551,1504,1557,-1,1477,1489,1558,-1,1477,1558,1475,-1,1472,1483,1559,-1,1559,1483,1482,-1,1559,1482,1558,-1,1558,1482,1476,-1,1558,1476,1475,-1,1559,1560,1472,-1,1472,1560,1561,-1,1472,1561,1473,-1,1473,1561,1562,-1,1473,1562,1496,-1,1557,1504,1563,-1,1563,1504,1503,-1,1563,1503,1502,-1,1502,1501,1563,-1,1563,1501,1500,-1,1563,1500,1562,-1,1562,1500,1497,-1,1562,1497,1496,-1,1541,1558,1488,-1,1488,1558,1489,-1,1474,1492,1480,-1,1480,1492,1508,-1,1564,1565,1566,-1,1567,1568,1566,-1,1567,1566,1569,-1,1570,1571,1572,-1,1572,1571,1573,-1,1568,1574,1566,-1,1566,1574,1575,-1,1566,1575,1564,-1,1573,1576,1572,-1,1572,1576,1577,-1,1572,1577,1578,-1,1578,1579,1572,-1,1572,1579,1580,-1,1572,1580,1566,-1,1566,1580,1581,-1,1566,1581,1569,-1,1582,1583,1584,-1,1565,1585,1566,-1,1566,1585,1586,-1,1587,1588,1584,-1,1586,1589,1566,-1,1566,1589,1590,-1,1566,1590,1591,-1,1587,1584,1592,-1,1591,1593,1566,-1,1566,1593,1594,-1,1566,1594,1584,-1,1584,1594,1595,-1,1584,1595,1592,-1,1588,1596,1584,-1,1584,1596,1597,-1,1584,1597,1582,-1,1598,1599,1600,-1,1601,1602,1600,-1,1601,1600,1603,-1,1583,1604,1584,-1,1584,1604,1605,-1,1602,1606,1600,-1,1600,1606,1607,-1,1600,1607,1598,-1,1605,1608,1584,-1,1584,1608,1609,-1,1584,1609,1610,-1,1610,1611,1584,-1,1584,1611,1612,-1,1584,1612,1600,-1,1600,1612,1613,-1,1600,1613,1603,-1,1614,1570,1572,-1,1599,1615,1600,-1,1600,1615,1616,-1,1617,1618,1572,-1,1616,1619,1600,-1,1600,1619,1620,-1,1600,1620,1621,-1,1617,1572,1622,-1,1621,1623,1600,-1,1600,1623,1624,-1,1600,1624,1572,-1,1572,1624,1625,-1,1572,1625,1622,-1,1618,1626,1572,-1,1572,1626,1627,-1,1572,1627,1614,-1,1622,1625,1628,-1,1622,1628,1617,-1,1614,1627,1629,-1,1629,1627,1626,-1,1629,1626,1628,-1,1628,1626,1618,-1,1628,1618,1617,-1,1629,1630,1614,-1,1614,1630,1631,-1,1614,1631,1570,-1,1570,1631,1632,-1,1570,1632,1571,-1,1633,1580,1634,-1,1634,1580,1579,-1,1634,1579,1578,-1,1578,1577,1634,-1,1634,1577,1576,-1,1634,1576,1632,-1,1632,1576,1573,-1,1632,1573,1571,-1,1635,1628,1624,-1,1624,1628,1625,-1,1603,1613,1636,-1,1603,1636,1601,-1,1598,1607,1637,-1,1637,1607,1606,-1,1637,1606,1636,-1,1636,1606,1602,-1,1636,1602,1601,-1,1637,1638,1598,-1,1598,1638,1639,-1,1598,1639,1599,-1,1599,1639,1640,-1,1599,1640,1615,-1,1635,1624,1641,-1,1641,1624,1623,-1,1641,1623,1621,-1,1621,1620,1641,-1,1641,1620,1619,-1,1641,1619,1640,-1,1640,1619,1616,-1,1640,1616,1615,-1,1642,1636,1612,-1,1612,1636,1613,-1,1592,1595,1643,-1,1592,1643,1587,-1,1582,1597,1644,-1,1644,1597,1596,-1,1644,1596,1643,-1,1643,1596,1588,-1,1643,1588,1587,-1,1644,1645,1582,-1,1582,1645,1646,-1,1582,1646,1583,-1,1583,1646,1647,-1,1583,1647,1604,-1,1642,1612,1648,-1,1648,1612,1611,-1,1648,1611,1610,-1,1610,1609,1648,-1,1648,1609,1608,-1,1648,1608,1647,-1,1647,1608,1605,-1,1647,1605,1604,-1,1595,1594,1643,-1,1643,1594,1649,-1,1569,1581,1650,-1,1569,1650,1567,-1,1564,1575,1651,-1,1651,1575,1574,-1,1651,1574,1650,-1,1650,1574,1568,-1,1650,1568,1567,-1,1651,1652,1564,-1,1564,1652,1653,-1,1564,1653,1565,-1,1565,1653,1654,-1,1565,1654,1585,-1,1649,1594,1655,-1,1655,1594,1593,-1,1655,1593,1591,-1,1591,1590,1655,-1,1655,1590,1589,-1,1655,1589,1654,-1,1654,1589,1586,-1,1654,1586,1585,-1,1633,1650,1580,-1,1580,1650,1581,-1,1566,1584,1572,-1,1572,1584,1600,-1,1656,1657,1658,-1,1659,1660,1658,-1,1659,1658,1661,-1,1662,1663,1664,-1,1664,1663,1665,-1,1660,1666,1658,-1,1658,1666,1667,-1,1658,1667,1656,-1,1665,1668,1664,-1,1664,1668,1669,-1,1664,1669,1670,-1,1670,1671,1664,-1,1664,1671,1672,-1,1664,1672,1658,-1,1658,1672,1673,-1,1658,1673,1661,-1,1674,1675,1676,-1,1657,1677,1658,-1,1658,1677,1678,-1,1679,1680,1676,-1,1678,1681,1658,-1,1658,1681,1682,-1,1658,1682,1683,-1,1679,1676,1684,-1,1683,1685,1658,-1,1658,1685,1686,-1,1658,1686,1676,-1,1676,1686,1687,-1,1676,1687,1684,-1,1680,1688,1676,-1,1676,1688,1689,-1,1676,1689,1674,-1,1690,1691,1692,-1,1693,1694,1692,-1,1693,1692,1695,-1,1675,1696,1676,-1,1676,1696,1697,-1,1694,1698,1692,-1,1692,1698,1699,-1,1692,1699,1690,-1,1697,1700,1676,-1,1676,1700,1701,-1,1676,1701,1702,-1,1702,1703,1676,-1,1676,1703,1704,-1,1676,1704,1692,-1,1692,1704,1705,-1,1692,1705,1695,-1,1706,1662,1664,-1,1691,1707,1692,-1,1692,1707,1708,-1,1709,1710,1664,-1,1708,1711,1692,-1,1692,1711,1712,-1,1692,1712,1713,-1,1709,1664,1714,-1,1713,1715,1692,-1,1692,1715,1716,-1,1692,1716,1664,-1,1664,1716,1717,-1,1664,1717,1714,-1,1710,1718,1664,-1,1664,1718,1719,-1,1664,1719,1706,-1,1714,1717,1720,-1,1714,1720,1709,-1,1706,1719,1721,-1,1721,1719,1718,-1,1721,1718,1720,-1,1720,1718,1710,-1,1720,1710,1709,-1,1721,1722,1706,-1,1706,1722,1723,-1,1706,1723,1662,-1,1662,1723,1724,-1,1662,1724,1663,-1,1725,1672,1726,-1,1726,1672,1671,-1,1726,1671,1670,-1,1670,1669,1726,-1,1726,1669,1668,-1,1726,1668,1724,-1,1724,1668,1665,-1,1724,1665,1663,-1,1727,1720,1716,-1,1716,1720,1717,-1,1695,1705,1728,-1,1695,1728,1693,-1,1690,1699,1729,-1,1729,1699,1698,-1,1729,1698,1728,-1,1728,1698,1694,-1,1728,1694,1693,-1,1729,1730,1690,-1,1690,1730,1731,-1,1690,1731,1691,-1,1691,1731,1732,-1,1691,1732,1707,-1,1727,1716,1733,-1,1733,1716,1715,-1,1733,1715,1713,-1,1713,1712,1733,-1,1733,1712,1711,-1,1733,1711,1732,-1,1732,1711,1708,-1,1732,1708,1707,-1,1734,1728,1704,-1,1704,1728,1705,-1,1684,1687,1735,-1,1684,1735,1679,-1,1674,1689,1736,-1,1736,1689,1688,-1,1736,1688,1735,-1,1735,1688,1680,-1,1735,1680,1679,-1,1736,1737,1674,-1,1674,1737,1738,-1,1674,1738,1675,-1,1675,1738,1739,-1,1675,1739,1696,-1,1734,1704,1740,-1,1740,1704,1703,-1,1740,1703,1702,-1,1702,1701,1740,-1,1740,1701,1700,-1,1740,1700,1739,-1,1739,1700,1697,-1,1739,1697,1696,-1,1687,1686,1735,-1,1735,1686,1741,-1,1661,1673,1742,-1,1661,1742,1659,-1,1656,1667,1743,-1,1743,1667,1666,-1,1743,1666,1742,-1,1742,1666,1660,-1,1742,1660,1659,-1,1743,1744,1656,-1,1656,1744,1745,-1,1656,1745,1657,-1,1657,1745,1746,-1,1657,1746,1677,-1,1741,1686,1747,-1,1747,1686,1685,-1,1747,1685,1683,-1,1683,1682,1747,-1,1747,1682,1681,-1,1747,1681,1746,-1,1746,1681,1678,-1,1746,1678,1677,-1,1725,1742,1672,-1,1672,1742,1673,-1,1658,1676,1664,-1,1664,1676,1692,-1,1748,1749,1750,-1,1751,1752,1750,-1,1751,1750,1753,-1,1754,1755,1756,-1,1756,1755,1757,-1,1752,1758,1750,-1,1750,1758,1759,-1,1750,1759,1748,-1,1757,1760,1756,-1,1756,1760,1761,-1,1756,1761,1762,-1,1762,1763,1756,-1,1756,1763,1764,-1,1756,1764,1750,-1,1750,1764,1765,-1,1750,1765,1753,-1,1766,1767,1768,-1,1749,1769,1750,-1,1750,1769,1770,-1,1771,1772,1768,-1,1770,1773,1750,-1,1750,1773,1774,-1,1750,1774,1775,-1,1771,1768,1776,-1,1775,1777,1750,-1,1750,1777,1778,-1,1750,1778,1768,-1,1768,1778,1779,-1,1768,1779,1776,-1,1772,1780,1768,-1,1768,1780,1781,-1,1768,1781,1766,-1,1782,1783,1784,-1,1785,1786,1784,-1,1785,1784,1787,-1,1767,1788,1768,-1,1768,1788,1789,-1,1786,1790,1784,-1,1784,1790,1791,-1,1784,1791,1782,-1,1789,1792,1768,-1,1768,1792,1793,-1,1768,1793,1794,-1,1794,1795,1768,-1,1768,1795,1796,-1,1768,1796,1784,-1,1784,1796,1797,-1,1784,1797,1787,-1,1798,1754,1756,-1,1783,1799,1784,-1,1784,1799,1800,-1,1801,1802,1756,-1,1800,1803,1784,-1,1784,1803,1804,-1,1784,1804,1805,-1,1801,1756,1806,-1,1805,1807,1784,-1,1784,1807,1808,-1,1784,1808,1756,-1,1756,1808,1809,-1,1756,1809,1806,-1,1802,1810,1756,-1,1756,1810,1811,-1,1756,1811,1798,-1,1806,1809,1812,-1,1806,1812,1801,-1,1798,1811,1813,-1,1813,1811,1810,-1,1813,1810,1812,-1,1812,1810,1802,-1,1812,1802,1801,-1,1813,1814,1798,-1,1798,1814,1815,-1,1798,1815,1754,-1,1754,1815,1816,-1,1754,1816,1755,-1,1817,1764,1818,-1,1818,1764,1763,-1,1818,1763,1762,-1,1762,1761,1818,-1,1818,1761,1760,-1,1818,1760,1816,-1,1816,1760,1757,-1,1816,1757,1755,-1,1819,1812,1808,-1,1808,1812,1809,-1,1787,1797,1820,-1,1787,1820,1785,-1,1782,1791,1821,-1,1821,1791,1790,-1,1821,1790,1820,-1,1820,1790,1786,-1,1820,1786,1785,-1,1821,1822,1782,-1,1782,1822,1823,-1,1782,1823,1783,-1,1783,1823,1824,-1,1783,1824,1799,-1,1819,1808,1825,-1,1825,1808,1807,-1,1825,1807,1805,-1,1805,1804,1825,-1,1825,1804,1803,-1,1825,1803,1824,-1,1824,1803,1800,-1,1824,1800,1799,-1,1826,1820,1796,-1,1796,1820,1797,-1,1776,1779,1827,-1,1776,1827,1771,-1,1766,1781,1828,-1,1828,1781,1780,-1,1828,1780,1827,-1,1827,1780,1772,-1,1827,1772,1771,-1,1828,1829,1766,-1,1766,1829,1830,-1,1766,1830,1767,-1,1767,1830,1831,-1,1767,1831,1788,-1,1826,1796,1832,-1,1832,1796,1795,-1,1832,1795,1794,-1,1794,1793,1832,-1,1832,1793,1792,-1,1832,1792,1831,-1,1831,1792,1789,-1,1831,1789,1788,-1,1779,1778,1827,-1,1827,1778,1833,-1,1753,1765,1834,-1,1753,1834,1751,-1,1748,1759,1835,-1,1835,1759,1758,-1,1835,1758,1834,-1,1834,1758,1752,-1,1834,1752,1751,-1,1835,1836,1748,-1,1748,1836,1837,-1,1748,1837,1749,-1,1749,1837,1838,-1,1749,1838,1769,-1,1833,1778,1839,-1,1839,1778,1777,-1,1839,1777,1775,-1,1775,1774,1839,-1,1839,1774,1773,-1,1839,1773,1838,-1,1838,1773,1770,-1,1838,1770,1769,-1,1817,1834,1764,-1,1764,1834,1765,-1,1750,1768,1756,-1,1756,1768,1784,-1,1840,1841,1842,-1,1843,1844,1842,-1,1843,1842,1845,-1,1846,1847,1848,-1,1848,1847,1849,-1,1844,1850,1842,-1,1842,1850,1851,-1,1842,1851,1840,-1,1849,1852,1848,-1,1848,1852,1853,-1,1848,1853,1854,-1,1854,1855,1848,-1,1848,1855,1856,-1,1848,1856,1842,-1,1842,1856,1857,-1,1842,1857,1845,-1,1858,1859,1860,-1,1861,1862,1860,-1,1861,1860,1863,-1,1841,1864,1842,-1,1842,1864,1865,-1,1862,1866,1860,-1,1860,1866,1867,-1,1860,1867,1858,-1,1865,1868,1842,-1,1842,1868,1869,-1,1842,1869,1870,-1,1870,1871,1842,-1,1842,1871,1872,-1,1842,1872,1860,-1,1860,1872,1873,-1,1860,1873,1863,-1,1874,1875,1876,-1,1877,1878,1876,-1,1877,1876,1879,-1,1859,1880,1860,-1,1860,1880,1881,-1,1878,1882,1876,-1,1876,1882,1883,-1,1876,1883,1874,-1,1881,1884,1860,-1,1860,1884,1885,-1,1860,1885,1886,-1,1886,1887,1860,-1,1860,1887,1888,-1,1860,1888,1876,-1,1876,1888,1889,-1,1876,1889,1879,-1,1890,1846,1848,-1,1875,1891,1876,-1,1876,1891,1892,-1,1893,1894,1848,-1,1892,1895,1876,-1,1876,1895,1896,-1,1876,1896,1897,-1,1893,1848,1898,-1,1897,1899,1876,-1,1876,1899,1900,-1,1876,1900,1848,-1,1848,1900,1901,-1,1848,1901,1898,-1,1894,1902,1848,-1,1848,1902,1903,-1,1848,1903,1890,-1,1898,1901,1904,-1,1898,1904,1893,-1,1890,1903,1905,-1,1905,1903,1902,-1,1905,1902,1904,-1,1904,1902,1894,-1,1904,1894,1893,-1,1905,1906,1890,-1,1890,1906,1907,-1,1890,1907,1846,-1,1846,1907,1908,-1,1846,1908,1847,-1,1909,1856,1910,-1,1910,1856,1855,-1,1910,1855,1854,-1,1854,1853,1910,-1,1910,1853,1852,-1,1910,1852,1908,-1,1908,1852,1849,-1,1908,1849,1847,-1,1911,1904,1900,-1,1900,1904,1901,-1,1879,1889,1912,-1,1879,1912,1877,-1,1874,1883,1913,-1,1913,1883,1882,-1,1913,1882,1912,-1,1912,1882,1878,-1,1912,1878,1877,-1,1913,1914,1874,-1,1874,1914,1915,-1,1874,1915,1875,-1,1875,1915,1916,-1,1875,1916,1891,-1,1911,1900,1917,-1,1917,1900,1899,-1,1917,1899,1897,-1,1897,1896,1917,-1,1917,1896,1895,-1,1917,1895,1916,-1,1916,1895,1892,-1,1916,1892,1891,-1,1918,1912,1888,-1,1888,1912,1889,-1,1863,1873,1919,-1,1863,1919,1861,-1,1858,1867,1920,-1,1920,1867,1866,-1,1920,1866,1919,-1,1919,1866,1862,-1,1919,1862,1861,-1,1920,1921,1858,-1,1858,1921,1922,-1,1858,1922,1859,-1,1859,1922,1923,-1,1859,1923,1880,-1,1918,1888,1924,-1,1924,1888,1887,-1,1924,1887,1886,-1,1886,1885,1924,-1,1924,1885,1884,-1,1924,1884,1923,-1,1923,1884,1881,-1,1923,1881,1880,-1,1873,1872,1919,-1,1919,1872,1925,-1,1845,1857,1926,-1,1845,1926,1843,-1,1840,1851,1927,-1,1927,1851,1850,-1,1927,1850,1926,-1,1926,1850,1844,-1,1926,1844,1843,-1,1927,1928,1840,-1,1840,1928,1929,-1,1840,1929,1841,-1,1841,1929,1930,-1,1841,1930,1864,-1,1925,1872,1931,-1,1931,1872,1871,-1,1931,1871,1870,-1,1870,1869,1931,-1,1931,1869,1868,-1,1931,1868,1930,-1,1930,1868,1865,-1,1930,1865,1864,-1,1909,1926,1856,-1,1856,1926,1857,-1,1842,1860,1848,-1,1848,1860,1876,-1,1932,1933,1934,-1,1935,1936,1934,-1,1935,1934,1937,-1,1938,1939,1940,-1,1940,1939,1941,-1,1936,1942,1934,-1,1934,1942,1943,-1,1934,1943,1932,-1,1941,1944,1940,-1,1940,1944,1945,-1,1940,1945,1946,-1,1946,1947,1940,-1,1940,1947,1948,-1,1940,1948,1934,-1,1934,1948,1949,-1,1934,1949,1937,-1,1950,1951,1952,-1,1953,1954,1952,-1,1953,1952,1955,-1,1933,1956,1934,-1,1934,1956,1957,-1,1954,1958,1952,-1,1952,1958,1959,-1,1952,1959,1950,-1,1957,1960,1934,-1,1934,1960,1961,-1,1934,1961,1962,-1,1962,1963,1934,-1,1934,1963,1964,-1,1934,1964,1952,-1,1952,1964,1965,-1,1952,1965,1955,-1,1966,1967,1968,-1,1969,1970,1968,-1,1969,1968,1971,-1,1951,1972,1952,-1,1952,1972,1973,-1,1970,1974,1968,-1,1968,1974,1975,-1,1968,1975,1966,-1,1973,1976,1952,-1,1952,1976,1977,-1,1952,1977,1978,-1,1978,1979,1952,-1,1952,1979,1980,-1,1952,1980,1968,-1,1968,1980,1981,-1,1968,1981,1971,-1,1982,1938,1940,-1,1967,1983,1968,-1,1968,1983,1984,-1,1985,1986,1940,-1,1984,1987,1968,-1,1968,1987,1988,-1,1968,1988,1989,-1,1985,1940,1990,-1,1989,1991,1968,-1,1968,1991,1992,-1,1968,1992,1940,-1,1940,1992,1993,-1,1940,1993,1990,-1,1986,1994,1940,-1,1940,1994,1995,-1,1940,1995,1982,-1,1990,1993,1996,-1,1990,1996,1985,-1,1982,1995,1997,-1,1997,1995,1994,-1,1997,1994,1996,-1,1996,1994,1986,-1,1996,1986,1985,-1,1997,1998,1982,-1,1982,1998,1999,-1,1982,1999,1938,-1,1938,1999,2000,-1,1938,2000,1939,-1,2001,1948,2002,-1,2002,1948,1947,-1,2002,1947,1946,-1,1946,1945,2002,-1,2002,1945,1944,-1,2002,1944,2000,-1,2000,1944,1941,-1,2000,1941,1939,-1,2003,1996,1992,-1,1992,1996,1993,-1,1971,1981,2004,-1,1971,2004,1969,-1,1966,1975,2005,-1,2005,1975,1974,-1,2005,1974,2004,-1,2004,1974,1970,-1,2004,1970,1969,-1,2005,2006,1966,-1,1966,2006,2007,-1,1966,2007,1967,-1,1967,2007,2008,-1,1967,2008,1983,-1,2003,1992,2009,-1,2009,1992,1991,-1,2009,1991,1989,-1,1989,1988,2009,-1,2009,1988,1987,-1,2009,1987,2008,-1,2008,1987,1984,-1,2008,1984,1983,-1,2010,2004,1980,-1,1980,2004,1981,-1,1955,1965,2011,-1,1955,2011,1953,-1,1950,1959,2012,-1,2012,1959,1958,-1,2012,1958,2011,-1,2011,1958,1954,-1,2011,1954,1953,-1,2012,2013,1950,-1,1950,2013,2014,-1,1950,2014,1951,-1,1951,2014,2015,-1,1951,2015,1972,-1,2010,1980,2016,-1,2016,1980,1979,-1,2016,1979,1978,-1,1978,1977,2016,-1,2016,1977,1976,-1,2016,1976,2015,-1,2015,1976,1973,-1,2015,1973,1972,-1,1965,1964,2011,-1,2011,1964,2017,-1,1937,1949,2018,-1,1937,2018,1935,-1,1932,1943,2019,-1,2019,1943,1942,-1,2019,1942,2018,-1,2018,1942,1936,-1,2018,1936,1935,-1,2019,2020,1932,-1,1932,2020,2021,-1,1932,2021,1933,-1,1933,2021,2022,-1,1933,2022,1956,-1,2017,1964,2023,-1,2023,1964,1963,-1,2023,1963,1962,-1,1962,1961,2023,-1,2023,1961,1960,-1,2023,1960,2022,-1,2022,1960,1957,-1,2022,1957,1956,-1,2001,2018,1948,-1,1948,2018,1949,-1,1934,1952,1940,-1,1940,1952,1968,-1,2024,2025,2026,-1,2027,2028,2026,-1,2027,2026,2029,-1,2030,2031,2032,-1,2032,2031,2033,-1,2028,2034,2026,-1,2026,2034,2035,-1,2026,2035,2024,-1,2033,2036,2032,-1,2032,2036,2037,-1,2032,2037,2038,-1,2038,2039,2032,-1,2032,2039,2040,-1,2032,2040,2026,-1,2026,2040,2041,-1,2026,2041,2029,-1,2042,2043,2044,-1,2045,2046,2044,-1,2045,2044,2047,-1,2025,2048,2026,-1,2026,2048,2049,-1,2046,2050,2044,-1,2044,2050,2051,-1,2044,2051,2042,-1,2049,2052,2026,-1,2026,2052,2053,-1,2026,2053,2054,-1,2054,2055,2026,-1,2026,2055,2056,-1,2026,2056,2044,-1,2044,2056,2057,-1,2044,2057,2047,-1,2058,2059,2060,-1,2061,2062,2060,-1,2061,2060,2063,-1,2043,2064,2044,-1,2044,2064,2065,-1,2062,2066,2060,-1,2060,2066,2067,-1,2060,2067,2058,-1,2065,2068,2044,-1,2044,2068,2069,-1,2044,2069,2070,-1,2070,2071,2044,-1,2044,2071,2072,-1,2044,2072,2060,-1,2060,2072,2073,-1,2060,2073,2063,-1,2074,2030,2032,-1,2059,2075,2060,-1,2060,2075,2076,-1,2077,2078,2032,-1,2076,2079,2060,-1,2060,2079,2080,-1,2060,2080,2081,-1,2077,2032,2082,-1,2081,2083,2060,-1,2060,2083,2084,-1,2060,2084,2032,-1,2032,2084,2085,-1,2032,2085,2082,-1,2078,2086,2032,-1,2032,2086,2087,-1,2032,2087,2074,-1,2082,2085,2088,-1,2082,2088,2077,-1,2074,2087,2089,-1,2089,2087,2086,-1,2089,2086,2088,-1,2088,2086,2078,-1,2088,2078,2077,-1,2089,2090,2074,-1,2074,2090,2091,-1,2074,2091,2030,-1,2030,2091,2092,-1,2030,2092,2031,-1,2093,2040,2094,-1,2094,2040,2039,-1,2094,2039,2038,-1,2038,2037,2094,-1,2094,2037,2036,-1,2094,2036,2092,-1,2092,2036,2033,-1,2092,2033,2031,-1,2095,2088,2084,-1,2084,2088,2085,-1,2063,2073,2096,-1,2063,2096,2061,-1,2058,2067,2097,-1,2097,2067,2066,-1,2097,2066,2096,-1,2096,2066,2062,-1,2096,2062,2061,-1,2097,2098,2058,-1,2058,2098,2099,-1,2058,2099,2059,-1,2059,2099,2100,-1,2059,2100,2075,-1,2095,2084,2101,-1,2101,2084,2083,-1,2101,2083,2081,-1,2081,2080,2101,-1,2101,2080,2079,-1,2101,2079,2100,-1,2100,2079,2076,-1,2100,2076,2075,-1,2102,2096,2072,-1,2072,2096,2073,-1,2047,2057,2103,-1,2047,2103,2045,-1,2042,2051,2104,-1,2104,2051,2050,-1,2104,2050,2103,-1,2103,2050,2046,-1,2103,2046,2045,-1,2104,2105,2042,-1,2042,2105,2106,-1,2042,2106,2043,-1,2043,2106,2107,-1,2043,2107,2064,-1,2102,2072,2108,-1,2108,2072,2071,-1,2108,2071,2070,-1,2070,2069,2108,-1,2108,2069,2068,-1,2108,2068,2107,-1,2107,2068,2065,-1,2107,2065,2064,-1,2057,2056,2103,-1,2103,2056,2109,-1,2029,2041,2110,-1,2029,2110,2027,-1,2024,2035,2111,-1,2111,2035,2034,-1,2111,2034,2110,-1,2110,2034,2028,-1,2110,2028,2027,-1,2111,2112,2024,-1,2024,2112,2113,-1,2024,2113,2025,-1,2025,2113,2114,-1,2025,2114,2048,-1,2109,2056,2115,-1,2115,2056,2055,-1,2115,2055,2054,-1,2054,2053,2115,-1,2115,2053,2052,-1,2115,2052,2114,-1,2114,2052,2049,-1,2114,2049,2048,-1,2093,2110,2040,-1,2040,2110,2041,-1,2026,2044,2032,-1,2032,2044,2060,-1,2116,2117,2118,-1,2119,2120,2118,-1,2119,2118,2121,-1,2122,2123,2124,-1,2124,2123,2125,-1,2120,2126,2118,-1,2118,2126,2127,-1,2118,2127,2116,-1,2125,2128,2124,-1,2124,2128,2129,-1,2124,2129,2130,-1,2130,2131,2124,-1,2124,2131,2132,-1,2124,2132,2118,-1,2118,2132,2133,-1,2118,2133,2121,-1,2134,2135,2136,-1,2117,2137,2118,-1,2118,2137,2138,-1,2139,2140,2136,-1,2138,2141,2118,-1,2118,2141,2142,-1,2118,2142,2143,-1,2139,2136,2144,-1,2143,2145,2118,-1,2118,2145,2146,-1,2118,2146,2136,-1,2136,2146,2147,-1,2136,2147,2144,-1,2140,2148,2136,-1,2136,2148,2149,-1,2136,2149,2134,-1,2150,2151,2152,-1,2153,2154,2152,-1,2153,2152,2155,-1,2135,2156,2136,-1,2136,2156,2157,-1,2154,2158,2152,-1,2152,2158,2159,-1,2152,2159,2150,-1,2157,2160,2136,-1,2136,2160,2161,-1,2136,2161,2162,-1,2162,2163,2136,-1,2136,2163,2164,-1,2136,2164,2152,-1,2152,2164,2165,-1,2152,2165,2155,-1,2166,2122,2124,-1,2151,2167,2152,-1,2152,2167,2168,-1,2169,2170,2124,-1,2168,2171,2152,-1,2152,2171,2172,-1,2152,2172,2173,-1,2169,2124,2174,-1,2173,2175,2152,-1,2152,2175,2176,-1,2152,2176,2124,-1,2124,2176,2177,-1,2124,2177,2174,-1,2170,2178,2124,-1,2124,2178,2179,-1,2124,2179,2166,-1,2174,2177,2180,-1,2174,2180,2169,-1,2166,2179,2181,-1,2181,2179,2178,-1,2181,2178,2180,-1,2180,2178,2170,-1,2180,2170,2169,-1,2181,2182,2166,-1,2166,2182,2183,-1,2166,2183,2122,-1,2122,2183,2184,-1,2122,2184,2123,-1,2185,2132,2186,-1,2186,2132,2131,-1,2186,2131,2130,-1,2130,2129,2186,-1,2186,2129,2128,-1,2186,2128,2184,-1,2184,2128,2125,-1,2184,2125,2123,-1,2187,2180,2176,-1,2176,2180,2177,-1,2155,2165,2188,-1,2155,2188,2153,-1,2150,2159,2189,-1,2189,2159,2158,-1,2189,2158,2188,-1,2188,2158,2154,-1,2188,2154,2153,-1,2189,2190,2150,-1,2150,2190,2191,-1,2150,2191,2151,-1,2151,2191,2192,-1,2151,2192,2167,-1,2187,2176,2193,-1,2193,2176,2175,-1,2193,2175,2173,-1,2173,2172,2193,-1,2193,2172,2171,-1,2193,2171,2192,-1,2192,2171,2168,-1,2192,2168,2167,-1,2194,2188,2164,-1,2164,2188,2165,-1,2144,2147,2195,-1,2144,2195,2139,-1,2134,2149,2196,-1,2196,2149,2148,-1,2196,2148,2195,-1,2195,2148,2140,-1,2195,2140,2139,-1,2196,2197,2134,-1,2134,2197,2198,-1,2134,2198,2135,-1,2135,2198,2199,-1,2135,2199,2156,-1,2194,2164,2200,-1,2200,2164,2163,-1,2200,2163,2162,-1,2162,2161,2200,-1,2200,2161,2160,-1,2200,2160,2199,-1,2199,2160,2157,-1,2199,2157,2156,-1,2147,2146,2195,-1,2195,2146,2201,-1,2121,2133,2202,-1,2121,2202,2119,-1,2116,2127,2203,-1,2203,2127,2126,-1,2203,2126,2202,-1,2202,2126,2120,-1,2202,2120,2119,-1,2203,2204,2116,-1,2116,2204,2205,-1,2116,2205,2117,-1,2117,2205,2206,-1,2117,2206,2137,-1,2201,2146,2207,-1,2207,2146,2145,-1,2207,2145,2143,-1,2143,2142,2207,-1,2207,2142,2141,-1,2207,2141,2206,-1,2206,2141,2138,-1,2206,2138,2137,-1,2185,2202,2132,-1,2132,2202,2133,-1,2118,2136,2124,-1,2124,2136,2152,-1,
        ]
    }
}
Shape{
    appearance Appearance {
        material  Material {
            diffuseColor 0.2235294117647059 0.2235294117647059 0.2235294117647059
            specularColor 0.11372549019607843 0.11372549019607843 0.11372549019607843
            ambientIntensity 0.2235
            transparency 0.0
            shininess 0.5
        }
    }
    geometry IndexedFaceSet {
        ccw TRUE
        solid FALSE
        coord DEF co Coordinate {
            point [
                0.1378 0.3937 0.7874, 0.6495 0.3937 0.7874, 0.1378 0.3937 -0.0, 0.6495 0.3937 -0.0, -0.1379 0.3937 -0.0, -0.6496 0.3937 -0.0, -0.1379 0.3937 0.7874, -0.6496 0.3937 0.7874, 1.7126 0.3937 0.7874, 2.2243 0.3937 0.7874, 1.7126 0.3937 -0.0, 2.2243 0.3937 -0.0, 1.4369 0.3937 -0.0, 0.9252 0.3937 -0.0, 1.4369 0.3937 0.7874, 0.9252 0.3937 0.7874, -3.0118 0.3937 0.7874, -2.5001 0.3937 0.7874, -3.0118 0.3937 -0.0, -2.5001 0.3937 -0.0, -3.2875 0.3937 -0.0, -3.7992 0.3937 -0.0, -3.2875 0.3937 0.7874, -3.7992 0.3937 0.7874, -0.9253 0.3937 -0.0, -1.437 0.3937 -0.0, -0.9253 0.3937 0.7874, -1.437 0.3937 0.7874, -1.7127 0.3937 -0.0, -2.2244 0.3937 -0.0, -1.7127 0.3937 0.7874, -2.2244 0.3937 0.7874, 3.2874 0.3937 0.7874, 3.7992 0.3937 0.7874, 3.2874 0.3937 -0.0, 3.7992 0.3937 -0.0, 3.0118 0.3937 -0.0, 2.5 0.3937 -0.0, 3.0118 0.3937 0.7874, 2.5 0.3937 0.7874, 5.374 0.3937 -0.0, 4.8622 0.3937 -0.0, 5.374 0.3937 0.7874, 4.8622 0.3937 0.7874, 4.5866 0.3937 -0.0, 4.0748 0.3937 -0.0, 4.5866 0.3937 0.7874, 4.0748 0.3937 0.7874, 0.0275 0.2362 -0.0, 0.7598 0.2362 -0.0, -0.0276 0.2362 -0.0, -0.7599 0.2362 -0.0, 1.6024 0.2362 -0.0, 2.3346 0.2362 -0.0, 1.5472 0.2362 -0.0, 0.8149 0.2362 -0.0, -3.1221 0.2362 -0.0, -2.3898 0.2362 -0.0, -3.1772 0.2362 -0.0, -3.9095 0.2362 -0.0, -0.815 0.2362 -0.0, -1.5473 0.2362 -0.0, -1.6024 0.2362 -0.0, -2.3347 0.2362 -0.0, 3.1772 0.2362 -0.0, 3.9094 0.2362 -0.0, 3.122 0.2362 -0.0, 2.3898 0.2362 -0.0, 5.4842 0.2362 -0.0, 4.752 0.2362 -0.0, 4.6968 0.2362 -0.0, 3.9646 0.2362 -0.0, 0.0275 0.2362 0.1969, 0.7598 0.2362 0.1969, -0.0276 0.2362 0.1969, -0.7599 0.2362 0.1969, 1.6024 0.2362 0.1969, 2.3346 0.2362 0.1969, 1.5472 0.2362 0.1969, 0.8149 0.2362 0.1969, -3.1221 0.2362 0.1969, -2.3898 0.2362 0.1969, -3.1772 0.2362 0.1969, -3.9095 0.2362 0.1969, -0.815 0.2362 0.1969, -1.5473 0.2362 0.1969, -1.6024 0.2362 0.1969, -2.3347 0.2362 0.1969, 3.1772 0.2362 0.1969, 3.9094 0.2362 0.1969, 3.122 0.2362 0.1969, 2.3898 0.2362 0.1969, 5.4842 0.2362 0.1969, 4.752 0.2362 0.1969, 4.6968 0.2362 0.1969, 3.9646 0.2362 0.1969, -0.1379 -0.3937 -0.0, -0.6496 -0.3937 -0.0, -0.0276 -0.2362 -0.0, -0.7599 -0.2362 -0.0, -0.9253 -0.3937 -0.0, -1.437 -0.3937 -0.0, -0.815 -0.2362 -0.0, -1.5473 -0.2362 -0.0, 1.4369 -0.3937 -0.0, 0.9252 -0.3937 -0.0, 1.5472 -0.2362 -0.0, 0.8149 -0.2362 -0.0, 0.0275 -0.2362 -0.0, 0.7598 -0.2362 -0.0, 0.1378 -0.3937 -0.0, 0.6495 -0.3937 -0.0, -3.2875 -0.3937 -0.0, -3.7992 -0.3937 -0.0, -3.1772 -0.2362 -0.0, -3.9095 -0.2362 -0.0, -4.0749 -0.3937 -0.0, -4.5866 -0.3937 -0.0, -3.9646 -0.2362 -0.0, -4.6969 -0.2362 -0.0, -1.7127 -0.3937 -0.0, -2.2244 -0.3937 -0.0, -1.6024 -0.2362 -0.0, -2.3347 -0.2362 -0.0, -3.1221 -0.2362 -0.0, -2.3898 -0.2362 -0.0, -3.0118 -0.3937 -0.0, -2.5001 -0.3937 -0.0, 3.0118 -0.3937 -0.0, 2.5 -0.3937 -0.0, 3.122 -0.2362 -0.0, 2.3898 -0.2362 -0.0, 1.6024 -0.2362 -0.0, 2.3346 -0.2362 -0.0, 1.7126 -0.3937 -0.0, 2.2243 -0.3937 -0.0, 4.5866 -0.3937 -0.0, 4.0748 -0.3937 -0.0, 4.6968 -0.2362 -0.0, 3.9646 -0.2362 -0.0, 3.1772 -0.2362 -0.0, 3.9094 -0.2362 -0.0, 3.2874 -0.3937 -0.0, 3.7992 -0.3937 -0.0, -0.1379 -0.3937 0.7874, -0.6496 -0.3937 0.7874, -0.9253 -0.3937 0.7874, -1.437 -0.3937 0.7874, 1.4369 -0.3937 0.7874, 0.9252 -0.3937 0.7874, 0.1378 -0.3937 0.7874, 0.6495 -0.3937 0.7874, -3.2875 -0.3937 0.7874, -3.7992 -0.3937 0.7874, -4.0749 -0.3937 0.7874, -4.5866 -0.3937 0.7874, -1.7127 -0.3937 0.7874, -2.2244 -0.3937 0.7874, -3.0118 -0.3937 0.7874, -2.5001 -0.3937 0.7874, 3.0118 -0.3937 0.7874, 2.5 -0.3937 0.7874, 1.7126 -0.3937 0.7874, 2.2243 -0.3937 0.7874, 4.5866 -0.3937 0.7874, 4.0748 -0.3937 0.7874, 3.2874 -0.3937 0.7874, 3.7992 -0.3937 0.7874, -0.0276 -0.2362 0.1969, -0.7599 -0.2362 0.1969, -0.815 -0.2362 0.1969, -1.5473 -0.2362 0.1969, 1.5472 -0.2362 0.1969, 0.8149 -0.2362 0.1969, 0.0275 -0.2362 0.1969, 0.7598 -0.2362 0.1969, -3.1772 -0.2362 0.1969, -3.9095 -0.2362 0.1969, -3.9646 -0.2362 0.1969, -4.6969 -0.2362 0.1969, -1.6024 -0.2362 0.1969, -2.3347 -0.2362 0.1969, -3.1221 -0.2362 0.1969, -2.3898 -0.2362 0.1969, 3.122 -0.2362 0.1969, 2.3898 -0.2362 0.1969, 1.6024 -0.2362 0.1969, 2.3346 -0.2362 0.1969, 4.6968 -0.2362 0.1969, 3.9646 -0.2362 0.1969, 3.1772 -0.2362 0.1969, 3.9094 -0.2362 0.1969, -5.4843 -0.2362 -0.0, -4.752 -0.2362 -0.0, -5.374 -0.3937 -0.0, -4.8623 -0.3937 -0.0, -4.0749 0.3937 -0.0, -4.5866 0.3937 -0.0, -4.0749 0.3937 0.7874, -4.5866 0.3937 0.7874, -5.374 -0.3937 0.7874, -4.8623 -0.3937 0.7874, -3.9646 0.2362 -0.0, -4.6969 0.2362 -0.0, -5.4843 -0.2362 0.1969, -4.752 -0.2362 0.1969, -3.9646 0.2362 0.1969, -4.6969 0.2362 0.1969, 5.374 -0.3937 -0.0, 4.8622 -0.3937 -0.0, 5.4842 -0.2362 -0.0, 4.752 -0.2362 -0.0, -4.8623 0.3937 -0.0, -5.374 0.3937 -0.0, -4.8623 0.3937 0.7874, -5.374 0.3937 0.7874, -5.5118 -0.1969 0.7874, -5.5118 0.1969 0.7874, -5.5118 -0.1969 0.1969, -5.5118 0.1969 0.1969, 5.374 -0.3937 0.7874, 4.8622 -0.3937 0.7874, 5.2158 0.0838 0.7874, 5.2165 0.0787 0.7874, 5.5118 0.1969 0.7874, 4.4284 0.0838 0.7874, 4.4291 0.0787 0.7874, 4.7244 0.1969 0.7874, 3.641 0.0838 0.7874, 3.6417 0.0787 0.7874, 3.937 0.1969 0.7874, 2.8536 0.0838 0.7874, 2.8543 0.0787 0.7874, 3.1496 0.1969 0.7874, 2.0662 0.0838 0.7874, 2.0669 0.0787 0.7874, 2.3622 0.1969 0.7874, 1.2788 0.0838 0.7874, 1.2795 0.0787 0.7874, 1.5748 0.1969 0.7874, 0.4914 0.0838 0.7874, 0.4921 0.0787 0.7874, 0.7874 0.1969 0.7874, 0.7874 -0.1969 0.7874, 0.2953 -0.0787 0.7874, 0.2953 0.0787 0.7874, -0.0 0.1969 0.7874, 0.4921 -0.0787 0.7874, 0.4914 -0.0838 0.7874, 0.7529 -0.2461 0.7874, 0.4895 -0.0886 0.7874, 0.4863 -0.0927 0.7874, 0.2959 -0.0838 0.7874, -0.0 -0.1969 0.7874, 0.2979 -0.0886 0.7874, 0.0344 -0.2461 0.7874, 0.301 -0.0927 0.7874, 0.3051 -0.0958 0.7874, 0.4775 0.0978 0.7874, 0.4823 0.0958 0.7874, 0.4863 0.0927 0.7874, 0.4895 0.0886 0.7874, 0.4724 -0.0984 0.7874, 0.3149 -0.0984 0.7874, 0.3098 -0.0978 0.7874, 0.2959 0.0838 0.7874, 0.2979 0.0886 0.7874, 0.301 0.0927 0.7874, 0.3051 0.0958 0.7874, 0.4823 -0.0958 0.7874, 0.4775 -0.0978 0.7874, 0.3098 0.0978 0.7874, 0.3149 0.0984 0.7874, 0.4724 0.0984 0.7874, 1.5748 -0.1969 0.7874, 1.2795 -0.0787 0.7874, 1.2788 -0.0838 0.7874, 1.5403 -0.2461 0.7874, 1.2769 -0.0886 0.7874, 1.2737 -0.0927 0.7874, 1.2697 -0.0958 0.7874, 1.2649 -0.0978 0.7874, 1.2598 -0.0984 0.7874, 1.1023 -0.0984 0.7874, 0.8218 -0.2461 0.7874, 1.0972 -0.0978 0.7874, 1.0925 -0.0958 0.7874, 1.0884 -0.0927 0.7874, 1.0853 -0.0886 0.7874, 1.0827 0.0787 0.7874, 1.0827 -0.0787 0.7874, 1.0833 -0.0838 0.7874, 1.0833 0.0838 0.7874, 1.0853 0.0886 0.7874, 1.0884 0.0927 0.7874, 1.0925 0.0958 0.7874, 1.2649 0.0978 0.7874, 1.2697 0.0958 0.7874, 1.2737 0.0927 0.7874, 1.2769 0.0886 0.7874, 1.0972 0.0978 0.7874, 1.1023 0.0984 0.7874, 1.2598 0.0984 0.7874, 1.8799 -0.0958 0.7874, 1.8758 -0.0927 0.7874, 1.6092 -0.2461 0.7874, 1.8727 -0.0886 0.7874, 1.8707 0.0838 0.7874, 1.8727 0.0886 0.7874, 2.3622 -0.1969 0.7874, 1.8758 0.0927 0.7874, 1.8799 0.0958 0.7874, 2.0669 -0.0787 0.7874, 2.0662 -0.0838 0.7874, 2.3277 -0.2461 0.7874, 2.0643 -0.0886 0.7874, 2.0611 -0.0927 0.7874, 1.8707 -0.0838 0.7874, 1.8701 -0.0787 0.7874, 1.8701 0.0787 0.7874, 2.0523 0.0978 0.7874, 2.0571 0.0958 0.7874, 2.0611 0.0927 0.7874, 2.0643 0.0886 0.7874, 2.0472 -0.0984 0.7874, 1.8897 -0.0984 0.7874, 1.8846 -0.0978 0.7874, 2.0571 -0.0958 0.7874, 2.0523 -0.0978 0.7874, 1.8846 0.0978 0.7874, 1.8897 0.0984 0.7874, 2.0472 0.0984 0.7874, 2.6673 -0.0958 0.7874, 2.6632 -0.0927 0.7874, 2.3966 -0.2461 0.7874, 2.6601 -0.0886 0.7874, 2.6581 0.0838 0.7874, 2.6601 0.0886 0.7874, 3.1496 -0.1969 0.7874, 2.6632 0.0927 0.7874, 2.6673 0.0958 0.7874, 2.8543 -0.0787 0.7874, 2.8536 -0.0838 0.7874, 3.1151 -0.2461 0.7874, 2.8517 -0.0886 0.7874, 2.8485 -0.0927 0.7874, 2.8445 -0.0958 0.7874, 2.8397 -0.0978 0.7874, 2.8346 -0.0984 0.7874, 2.6581 -0.0838 0.7874, 2.6575 -0.0787 0.7874, 2.6575 0.0787 0.7874, 2.8397 0.0978 0.7874, 2.8445 0.0958 0.7874, 2.8485 0.0927 0.7874, 2.8517 0.0886 0.7874, 2.6771 -0.0984 0.7874, 2.6721 -0.0978 0.7874, 2.6721 0.0978 0.7874, 2.6771 0.0984 0.7874, 2.8346 0.0984 0.7874, 3.4455 0.0838 0.7874, 3.4475 0.0886 0.7874, 3.937 -0.1969 0.7874, 3.6271 0.0978 0.7874, 3.6319 0.0958 0.7874, 3.6359 0.0927 0.7874, 3.6391 0.0886 0.7874, 3.4506 0.0927 0.7874, 3.4547 0.0958 0.7874, 3.6417 -0.0787 0.7874, 3.641 -0.0838 0.7874, 3.9025 -0.2461 0.7874, 3.6391 -0.0886 0.7874, 3.6359 -0.0927 0.7874, 3.4547 -0.0958 0.7874, 3.4506 -0.0927 0.7874, 3.184 -0.2461 0.7874, 3.4475 -0.0886 0.7874, 3.4455 -0.0838 0.7874, 3.4449 -0.0787 0.7874, 3.4449 0.0787 0.7874, 3.4595 0.0978 0.7874, 3.4645 0.0984 0.7874, 3.622 0.0984 0.7874, 3.6319 -0.0958 0.7874, 3.6271 -0.0978 0.7874, 3.622 -0.0984 0.7874, 3.4645 -0.0984 0.7874, 3.4595 -0.0978 0.7874, 4.2329 0.0838 0.7874, 4.2349 0.0886 0.7874, 4.7244 -0.1969 0.7874, 4.4145 0.0978 0.7874, 4.4193 0.0958 0.7874, 4.4233 0.0927 0.7874, 4.4265 0.0886 0.7874, 4.238 0.0927 0.7874, 4.2421 0.0958 0.7874, 4.4291 -0.0787 0.7874, 4.4284 -0.0838 0.7874, 4.6899 -0.2461 0.7874, 4.4265 -0.0886 0.7874, 4.4233 -0.0927 0.7874, 4.2421 -0.0958 0.7874, 4.238 -0.0927 0.7874, 3.9714 -0.2461 0.7874, 4.2349 -0.0886 0.7874, 4.2329 -0.0838 0.7874, 4.2323 -0.0787 0.7874, 4.2323 0.0787 0.7874, 4.2469 0.0978 0.7874, 4.2519 0.0984 0.7874, 4.4094 0.0984 0.7874, 4.4193 -0.0958 0.7874, 4.4145 -0.0978 0.7874, 4.4094 -0.0984 0.7874, 4.2519 -0.0984 0.7874, 4.2469 -0.0978 0.7874, 5.0203 0.0838 0.7874, 5.0223 0.0886 0.7874, 5.5118 -0.1969 0.7874, 5.2165 -0.0787 0.7874, 5.2158 -0.0838 0.7874, 5.4773 -0.2461 0.7874, 5.2139 -0.0886 0.7874, 5.2107 -0.0927 0.7874, 5.0295 -0.0958 0.7874, 5.0254 -0.0927 0.7874, 4.7588 -0.2461 0.7874, 5.0223 -0.0886 0.7874, 5.0254 0.0927 0.7874, 5.0295 0.0958 0.7874, 5.0203 -0.0838 0.7874, 5.0197 -0.0787 0.7874, 5.0197 0.0787 0.7874, 5.2019 0.0978 0.7874, 5.2067 0.0958 0.7874, 5.2107 0.0927 0.7874, 5.2139 0.0886 0.7874, 5.2067 -0.0958 0.7874, 5.2019 -0.0978 0.7874, 5.1968 -0.0984 0.7874, 5.0343 0.0978 0.7874, 5.0393 0.0984 0.7874, 5.1968 0.0984 0.7874, 5.0393 -0.0984 0.7874, 5.0343 -0.0978 0.7874, -0.4776 0.0978 0.7874, -0.4725 0.0984 0.7874, -1.0827 0.0787 0.7874, -1.0834 0.0838 0.7874, -0.7874 0.1969 0.7874, -1.0853 0.0886 0.7874, -0.4921 0.0787 0.7874, -0.4915 0.0838 0.7874, -0.7874 -0.1969 0.7874, -0.315 0.0984 0.7874, -0.3099 0.0978 0.7874, -0.3051 0.0958 0.7874, -0.3011 0.0927 0.7874, -0.2979 0.0886 0.7874, -0.296 0.0838 0.7874, -1.265 0.0978 0.7874, -1.2599 0.0984 0.7874, -1.1024 0.0984 0.7874, -1.0973 0.0978 0.7874, -1.0925 0.0958 0.7874, -1.0885 0.0927 0.7874, -1.2795 -0.0787 0.7874, -1.2795 0.0787 0.7874, -1.5748 0.1969 0.7874, -1.2789 0.0838 0.7874, -1.2769 0.0886 0.7874, -1.2738 0.0927 0.7874, -0.4921 -0.0787 0.7874, -1.0827 -0.0787 0.7874, -1.0834 -0.0838 0.7874, -0.8219 -0.2461 0.7874, -1.0853 -0.0886 0.7874, -1.0885 -0.0927 0.7874, -1.2789 -0.0838 0.7874, -1.5748 -0.1969 0.7874, -1.2769 -0.0886 0.7874, -1.5404 -0.2461 0.7874, -1.2738 -0.0927 0.7874, -1.2697 -0.0958 0.7874, -0.4895 0.0886 0.7874, -0.4864 0.0927 0.7874, -0.4823 0.0958 0.7874, -1.0925 -0.0958 0.7874, -1.0973 -0.0978 0.7874, -1.1024 -0.0984 0.7874, -1.2697 0.0958 0.7874, -0.2953 0.0787 0.7874, -0.2953 -0.0787 0.7874, -0.296 -0.0838 0.7874, -0.0345 -0.2461 0.7874, -0.2979 -0.0886 0.7874, -0.3011 -0.0927 0.7874, -0.4823 -0.0958 0.7874, -0.4864 -0.0927 0.7874, -0.753 -0.2461 0.7874, -0.4895 -0.0886 0.7874, -0.4915 -0.0838 0.7874, -1.2599 -0.0984 0.7874, -1.265 -0.0978 0.7874, -0.3051 -0.0958 0.7874, -0.3099 -0.0978 0.7874, -0.315 -0.0984 0.7874, -0.4725 -0.0984 0.7874, -0.4776 -0.0978 0.7874, -2.0663 -0.0838 0.7874, -2.3622 -0.1969 0.7874, -2.0643 -0.0886 0.7874, -2.3278 -0.2461 0.7874, -2.0612 -0.0927 0.7874, -2.0571 -0.0958 0.7874, -2.0669 -0.0787 0.7874, -2.0669 0.0787 0.7874, -2.3622 0.1969 0.7874, -1.8708 0.0838 0.7874, -1.8701 0.0787 0.7874, -2.0663 0.0838 0.7874, -2.0643 0.0886 0.7874, -2.0612 0.0927 0.7874, -2.0571 0.0958 0.7874, -1.8701 -0.0787 0.7874, -1.8708 -0.0838 0.7874, -1.6093 -0.2461 0.7874, -1.8727 -0.0886 0.7874, -1.8759 -0.0927 0.7874, -1.8799 -0.0958 0.7874, -1.8847 -0.0978 0.7874, -1.8898 -0.0984 0.7874, -1.8847 0.0978 0.7874, -1.8799 0.0958 0.7874, -1.8759 0.0927 0.7874, -1.8727 0.0886 0.7874, -2.0473 -0.0984 0.7874, -2.0524 -0.0978 0.7874, -2.0524 0.0978 0.7874, -2.0473 0.0984 0.7874, -1.8898 0.0984 0.7874, -2.8537 -0.0838 0.7874, -3.1496 -0.1969 0.7874, -2.8517 -0.0886 0.7874, -3.1152 -0.2461 0.7874, -2.8486 -0.0927 0.7874, -2.8445 -0.0958 0.7874, -2.8544 -0.0787 0.7874, -2.8544 0.0787 0.7874, -3.1496 0.1969 0.7874, -2.6582 0.0838 0.7874, -2.6575 0.0787 0.7874, -2.8537 0.0838 0.7874, -2.8517 0.0886 0.7874, -2.8486 0.0927 0.7874, -2.8445 0.0958 0.7874, -2.6575 -0.0787 0.7874, -2.6582 -0.0838 0.7874, -2.3967 -0.2461 0.7874, -2.6601 -0.0886 0.7874, -2.6633 -0.0927 0.7874, -2.6673 -0.0958 0.7874, -2.6721 -0.0978 0.7874, -2.6772 -0.0984 0.7874, -2.6721 0.0978 0.7874, -2.6673 0.0958 0.7874, -2.6633 0.0927 0.7874, -2.6601 0.0886 0.7874, -2.8347 -0.0984 0.7874, -2.8398 -0.0978 0.7874, -2.8398 0.0978 0.7874, -2.8347 0.0984 0.7874, -2.6772 0.0984 0.7874, -3.4456 0.0838 0.7874, -3.4449 0.0787 0.7874, -3.6418 -0.0787 0.7874, -3.6418 0.0787 0.7874, -3.937 0.1969 0.7874, -3.4449 -0.0787 0.7874, -3.4456 -0.0838 0.7874, -3.1841 -0.2461 0.7874, -3.4475 -0.0886 0.7874, -3.4507 -0.0927 0.7874, -3.6411 -0.0838 0.7874, -3.937 -0.1969 0.7874, -3.6391 -0.0886 0.7874, -3.9026 -0.2461 0.7874, -3.636 -0.0927 0.7874, -3.6319 -0.0958 0.7874, -3.6411 0.0838 0.7874, -3.6391 0.0886 0.7874, -3.636 0.0927 0.7874, -3.6319 0.0958 0.7874, -3.4595 0.0978 0.7874, -3.4547 0.0958 0.7874, -3.4507 0.0927 0.7874, -3.4475 0.0886 0.7874, -3.4547 -0.0958 0.7874, -3.4595 -0.0978 0.7874, -3.4646 -0.0984 0.7874, -3.6272 0.0978 0.7874, -3.6221 0.0984 0.7874, -3.4646 0.0984 0.7874, -3.6221 -0.0984 0.7874, -3.6272 -0.0978 0.7874, -4.233 0.0838 0.7874, -4.2323 0.0787 0.7874, -4.4292 -0.0787 0.7874, -4.4292 0.0787 0.7874, -4.7244 0.1969 0.7874, -4.2323 -0.0787 0.7874, -4.233 -0.0838 0.7874, -3.9715 -0.2461 0.7874, -4.2349 -0.0886 0.7874, -4.2381 -0.0927 0.7874, -4.4285 -0.0838 0.7874, -4.7244 -0.1969 0.7874, -4.4265 -0.0886 0.7874, -4.69 -0.2461 0.7874, -4.4234 -0.0927 0.7874, -4.4193 -0.0958 0.7874, -4.4285 0.0838 0.7874, -4.4265 0.0886 0.7874, -4.4234 0.0927 0.7874, -4.4193 0.0958 0.7874, -4.2469 0.0978 0.7874, -4.2421 0.0958 0.7874, -4.2381 0.0927 0.7874, -4.2349 0.0886 0.7874, -4.2421 -0.0958 0.7874, -4.2469 -0.0978 0.7874, -4.252 -0.0984 0.7874, -4.4146 0.0978 0.7874, -4.4095 0.0984 0.7874, -4.252 0.0984 0.7874, -4.4095 -0.0984 0.7874, -4.4146 -0.0978 0.7874, -5.0204 0.0838 0.7874, -5.0197 0.0787 0.7874, -5.0255 -0.0927 0.7874, -5.0295 -0.0958 0.7874, -4.7589 -0.2461 0.7874, -5.2159 0.0838 0.7874, -5.2139 0.0886 0.7874, -5.3642 0.3937 0.7874, -5.2108 0.0927 0.7874, -5.2067 0.0958 0.7874, -5.0197 -0.0787 0.7874, -5.0204 -0.0838 0.7874, -5.0223 -0.0886 0.7874, -5.2139 -0.0886 0.7874, -5.2159 -0.0838 0.7874, -5.3642 -0.2461 0.7874, -5.2166 -0.0787 0.7874, -5.2166 0.0787 0.7874, -5.0343 0.0978 0.7874, -5.0295 0.0958 0.7874, -5.0255 0.0927 0.7874, -5.0223 0.0886 0.7874, -5.202 -0.0978 0.7874, -5.2067 -0.0958 0.7874, -5.2108 -0.0927 0.7874, -5.202 0.0978 0.7874, -5.1969 0.0984 0.7874, -5.0394 0.0984 0.7874, -5.0343 -0.0978 0.7874, -5.0394 -0.0984 0.7874, -5.1969 -0.0984 0.7874, -5.3642 -0.3937 0.7874, -5.4774 -0.2461 0.7874, -4.752 0.2362 -0.0, -5.4843 0.2362 -0.0, 5.4842 -0.2362 0.1969, 4.752 -0.2362 0.1969, -4.752 0.2362 0.1969, -5.4843 0.2362 0.1969, -2.3622 -0.1969 0.1969, -2.3622 -0.1673 0.1969, -1.5748 -0.1673 0.1969, -5.3642 0.2362 0.1969, -1.2599 0.0984 0.1969, -1.265 0.0978 0.1969, -1.2697 0.0958 0.1969, -0.4776 0.0978 0.1969, -0.4823 0.0958 0.1969, -0.7874 0.1969 0.1969, -0.4864 0.0927 0.1969, -1.0925 -0.0958 0.1969, -1.0885 -0.0927 0.1969, -0.0 -0.1673 0.1969, -1.2738 0.0927 0.1969, -1.2769 0.0886 0.1969, -1.5748 0.1969 0.1969, -1.2789 0.0838 0.1969, -1.2795 0.0787 0.1969, -1.2795 -0.0787 0.1969, -1.2789 -0.0838 0.1969, -1.2769 -0.0886 0.1969, -1.1024 0.0984 0.1969, -0.3099 0.0978 0.1969, -0.315 0.0984 0.1969, -0.4725 0.0984 0.1969, -1.2738 -0.0927 0.1969, -1.2697 -0.0958 0.1969, -1.265 -0.0978 0.1969, -0.4895 0.0886 0.1969, -0.4915 0.0838 0.1969, -0.4921 0.0787 0.1969, -1.0973 0.0978 0.1969, -1.0925 0.0958 0.1969, -0.3011 -0.0927 0.1969, -0.2979 -0.0886 0.1969, -0.296 -0.0838 0.1969, -0.2953 -0.0787 0.1969, -0.3051 0.0958 0.1969, -0.3011 0.0927 0.1969, -0.2953 0.0787 0.1969, -0.0 0.1969 0.1969, -0.296 0.0838 0.1969, -0.2979 0.0886 0.1969, -1.2599 -0.0984 0.1969, -1.1024 -0.0984 0.1969, -1.0973 -0.0978 0.1969, -1.0834 0.0838 0.1969, -1.0853 0.0886 0.1969, -1.0885 0.0927 0.1969, -0.315 -0.0984 0.1969, -0.3099 -0.0978 0.1969, -0.3051 -0.0958 0.1969, -0.4921 -0.0787 0.1969, -0.4915 -0.0838 0.1969, -1.0827 -0.0787 0.1969, -0.4864 -0.0927 0.1969, -0.4823 -0.0958 0.1969, -0.4776 -0.0978 0.1969, -0.4725 -0.0984 0.1969, -0.4895 -0.0886 0.1969, -1.0853 -0.0886 0.1969, -1.0834 -0.0838 0.1969, -1.0827 0.0787 0.1969, -1.8759 0.0927 0.1969, -1.8799 0.0958 0.1969, -2.0524 0.0978 0.1969, -2.0571 0.0958 0.1969, -1.8799 -0.0958 0.1969, -1.8759 -0.0927 0.1969, -1.8701 -0.0787 0.1969, -2.0663 -0.0838 0.1969, -2.0643 -0.0886 0.1969, -1.8727 -0.0886 0.1969, -1.8708 -0.0838 0.1969, -1.8701 0.0787 0.1969, -1.8708 0.0838 0.1969, -1.8727 0.0886 0.1969, -2.0612 0.0927 0.1969, -2.0643 0.0886 0.1969, -2.3622 0.1969 0.1969, -2.0612 -0.0927 0.1969, -2.0571 -0.0958 0.1969, -2.0524 -0.0978 0.1969, -2.0663 0.0838 0.1969, -2.0669 0.0787 0.1969, -2.0669 -0.0787 0.1969, -1.8847 0.0978 0.1969, -1.8898 0.0984 0.1969, -2.0473 0.0984 0.1969, -2.0473 -0.0984 0.1969, -1.8898 -0.0984 0.1969, -1.8847 -0.0978 0.1969, -2.8537 -0.0838 0.1969, -2.8517 -0.0886 0.1969, -3.1496 -0.1673 0.1969, -2.8486 -0.0927 0.1969, -2.6772 -0.0984 0.1969, -2.6721 -0.0978 0.1969, -2.8445 -0.0958 0.1969, -2.8398 -0.0978 0.1969, -2.8347 -0.0984 0.1969, -3.1496 0.1969 0.1969, -2.8517 0.0886 0.1969, -2.6673 -0.0958 0.1969, -2.6633 -0.0927 0.1969, -2.6601 -0.0886 0.1969, -2.6633 0.0927 0.1969, -2.6673 0.0958 0.1969, -2.8537 0.0838 0.1969, -2.8544 0.0787 0.1969, -2.8544 -0.0787 0.1969, -2.8398 0.0978 0.1969, -2.8445 0.0958 0.1969, -2.8486 0.0927 0.1969, -2.6582 0.0838 0.1969, -2.6601 0.0886 0.1969, -2.6721 0.0978 0.1969, -2.6772 0.0984 0.1969, -2.8347 0.0984 0.1969, -2.6582 -0.0838 0.1969, -2.6575 -0.0787 0.1969, -2.6575 0.0787 0.1969, -3.6272 0.0978 0.1969, -3.6319 0.0958 0.1969, -3.6411 -0.0838 0.1969, -3.6391 -0.0886 0.1969, -3.937 -0.1673 0.1969, -3.4456 0.0838 0.1969, -3.636 -0.0927 0.1969, -3.6319 -0.0958 0.1969, -3.6272 -0.0978 0.1969, -3.4475 -0.0886 0.1969, -3.4507 -0.0927 0.1969, -3.4547 -0.0958 0.1969, -3.4475 0.0886 0.1969, -3.4507 0.0927 0.1969, -3.4547 0.0958 0.1969, -3.636 0.0927 0.1969, -3.6391 0.0886 0.1969, -3.937 0.1969 0.1969, -3.6411 0.0838 0.1969, -3.6418 0.0787 0.1969, -3.6418 -0.0787 0.1969, -3.6221 -0.0984 0.1969, -3.4646 -0.0984 0.1969, -3.4595 -0.0978 0.1969, -3.4456 -0.0838 0.1969, -3.4449 -0.0787 0.1969, -3.4449 0.0787 0.1969, -3.4595 0.0978 0.1969, -3.4646 0.0984 0.1969, -3.6221 0.0984 0.1969, -4.4292 0.0787 0.1969, -4.4292 -0.0787 0.1969, -4.7244 -0.1673 0.1969, -4.4285 -0.0838 0.1969, -4.4265 -0.0886 0.1969, -4.4234 -0.0927 0.1969, -4.4193 -0.0958 0.1969, -4.4146 -0.0978 0.1969, -4.2349 -0.0886 0.1969, -4.2381 -0.0927 0.1969, -4.2421 -0.0958 0.1969, -4.233 0.0838 0.1969, -4.4095 -0.0984 0.1969, -4.252 -0.0984 0.1969, -4.2469 -0.0978 0.1969, -4.2349 0.0886 0.1969, -4.2381 0.0927 0.1969, -4.2421 0.0958 0.1969, -4.4146 0.0978 0.1969, -4.4193 0.0958 0.1969, -4.233 -0.0838 0.1969, -4.2323 -0.0787 0.1969, -4.2323 0.0787 0.1969, -4.4285 0.0838 0.1969, -4.7244 0.1969 0.1969, -4.4265 0.0886 0.1969, -4.4234 0.0927 0.1969, -4.2469 0.0978 0.1969, -4.252 0.0984 0.1969, -4.4095 0.0984 0.1969, -5.0343 -0.0978 0.1969, -5.0295 -0.0958 0.1969, -5.0255 0.0927 0.1969, -5.0295 0.0958 0.1969, -5.2139 -0.0886 0.1969, -5.2108 -0.0927 0.1969, -5.3642 -0.1673 0.1969, -5.2067 -0.0958 0.1969, -5.0255 -0.0927 0.1969, -5.0223 -0.0886 0.1969, -5.0204 -0.0838 0.1969, -5.0197 -0.0787 0.1969, -5.202 0.0978 0.1969, -5.2067 0.0958 0.1969, -5.2166 0.0787 0.1969, -5.2166 -0.0787 0.1969, -5.2159 -0.0838 0.1969, -5.0197 0.0787 0.1969, -5.0204 0.0838 0.1969, -5.0223 0.0886 0.1969, -5.2108 0.0927 0.1969, -5.2139 0.0886 0.1969, -5.2159 0.0838 0.1969, -5.202 -0.0978 0.1969, -5.1969 -0.0984 0.1969, -5.0394 -0.0984 0.1969, -5.0343 0.0978 0.1969, -5.0394 0.0984 0.1969, -5.1969 0.0984 0.1969, -5.5118 -0.1673 0.1969, -5.3642 -0.2362 0.1969, -4.7244 -0.1969 0.1969, -3.937 -0.1969 0.1969, -3.1496 -0.1969 0.1969, -1.5748 -0.1969 0.1969, -0.7874 -0.1969 0.1969, -0.0 -0.1969 0.1969, 0.7874 -0.1969 0.1969, 3.937 -0.1969 0.1969, 3.1496 -0.1969 0.1969, 4.7244 -0.1673 0.1969, 5.5118 -0.1673 0.1969, 5.5118 -0.1969 0.1969, 5.0203 -0.0838 0.1969, 5.0223 -0.0886 0.1969, 5.5118 0.1969 0.1969, 5.2158 0.0838 0.1969, 5.2139 0.0886 0.1969, 5.2107 0.0927 0.1969, 5.2067 0.0958 0.1969, 5.0343 0.0978 0.1969, 5.0295 0.0958 0.1969, 5.2139 -0.0886 0.1969, 5.2107 -0.0927 0.1969, 5.2067 -0.0958 0.1969, 5.0254 0.0927 0.1969, 5.0223 0.0886 0.1969, 4.7244 0.1969 0.1969, 5.0203 0.0838 0.1969, 5.0197 0.0787 0.1969, 5.0197 -0.0787 0.1969, 5.2158 -0.0838 0.1969, 5.2165 -0.0787 0.1969, 5.2165 0.0787 0.1969, 5.0254 -0.0927 0.1969, 5.0295 -0.0958 0.1969, 5.0343 -0.0978 0.1969, 5.2019 0.0978 0.1969, 5.1968 0.0984 0.1969, 5.0393 0.0984 0.1969, 5.0393 -0.0984 0.1969, 5.1968 -0.0984 0.1969, 5.2019 -0.0978 0.1969, 4.2329 -0.0838 0.1969, 4.2349 -0.0886 0.1969, 3.937 -0.1673 0.1969, 4.238 -0.0927 0.1969, 4.4284 0.0838 0.1969, 4.4265 0.0886 0.1969, 4.4233 0.0927 0.1969, 4.4193 0.0958 0.1969, 4.2469 0.0978 0.1969, 4.2421 0.0958 0.1969, 4.238 0.0927 0.1969, 4.2349 0.0886 0.1969, 3.937 0.1969 0.1969, 4.2329 0.0838 0.1969, 4.2323 0.0787 0.1969, 4.2323 -0.0787 0.1969, 4.4094 -0.0984 0.1969, 4.4145 -0.0978 0.1969, 4.4193 -0.0958 0.1969, 4.4233 -0.0927 0.1969, 4.4265 -0.0886 0.1969, 4.4284 -0.0838 0.1969, 4.4291 -0.0787 0.1969, 4.4291 0.0787 0.1969, 4.2421 -0.0958 0.1969, 4.2469 -0.0978 0.1969, 4.2519 -0.0984 0.1969, 4.4145 0.0978 0.1969, 4.4094 0.0984 0.1969, 4.2519 0.0984 0.1969, 4.7244 -0.1969 0.1969, 3.4455 -0.0838 0.1969, 3.4475 -0.0886 0.1969, 3.1496 -0.1673 0.1969, 3.641 0.0838 0.1969, 3.6391 0.0886 0.1969, 3.6359 0.0927 0.1969, 3.6319 0.0958 0.1969, 3.4595 0.0978 0.1969, 3.4547 0.0958 0.1969, 3.6391 -0.0886 0.1969, 3.6359 -0.0927 0.1969, 3.6319 -0.0958 0.1969, 3.4506 0.0927 0.1969, 3.4475 0.0886 0.1969, 3.1496 0.1969 0.1969, 3.4455 0.0838 0.1969, 3.4449 0.0787 0.1969, 3.4449 -0.0787 0.1969, 3.641 -0.0838 0.1969, 3.6417 -0.0787 0.1969, 3.6417 0.0787 0.1969, 3.4506 -0.0927 0.1969, 3.4547 -0.0958 0.1969, 3.4595 -0.0978 0.1969, 3.6271 0.0978 0.1969, 3.622 0.0984 0.1969, 3.4645 0.0984 0.1969, 3.4645 -0.0984 0.1969, 3.622 -0.0984 0.1969, 3.6271 -0.0978 0.1969, 2.3622 -0.1673 0.1969, 2.3622 0.1969 0.1969, 2.6575 0.0787 0.1969, 2.6575 -0.0787 0.1969, 2.6581 -0.0838 0.1969, 2.6601 -0.0886 0.1969, 2.8485 0.0927 0.1969, 2.8445 0.0958 0.1969, 2.6721 0.0978 0.1969, 2.6673 0.0958 0.1969, 2.6632 0.0927 0.1969, 2.6601 0.0886 0.1969, 2.6581 0.0838 0.1969, 2.8536 0.0838 0.1969, 2.8517 0.0886 0.1969, 2.8397 0.0978 0.1969, 2.8346 0.0984 0.1969, 2.6771 0.0984 0.1969, 2.6632 -0.0927 0.1969, 2.6673 -0.0958 0.1969, 2.6721 -0.0978 0.1969, 2.8445 -0.0958 0.1969, 2.8485 -0.0927 0.1969, 2.8517 -0.0886 0.1969, 2.6771 -0.0984 0.1969, 2.8346 -0.0984 0.1969, 2.8397 -0.0978 0.1969, 2.8536 -0.0838 0.1969, 2.8543 -0.0787 0.1969, 2.8543 0.0787 0.1969, 1.8758 -0.0927 0.1969, 1.5748 -0.1673 0.1969, 1.8727 -0.0886 0.1969, 1.8707 -0.0838 0.1969, 1.5748 0.1969 0.1969, 1.8727 0.0886 0.1969, 2.0472 -0.0984 0.1969, 2.0523 -0.0978 0.1969, 2.0611 0.0927 0.1969, 2.0571 0.0958 0.1969, 1.8707 0.0838 0.1969, 1.8701 0.0787 0.1969, 1.8701 -0.0787 0.1969, 2.0571 -0.0958 0.1969, 2.0611 -0.0927 0.1969, 2.0643 -0.0886 0.1969, 1.8846 0.0978 0.1969, 1.8799 0.0958 0.1969, 1.8758 0.0927 0.1969, 1.8799 -0.0958 0.1969, 1.8846 -0.0978 0.1969, 1.8897 -0.0984 0.1969, 2.0662 0.0838 0.1969, 2.0643 0.0886 0.1969, 2.0523 0.0978 0.1969, 2.0472 0.0984 0.1969, 1.8897 0.0984 0.1969, 2.3622 -0.1969 0.1969, 2.0662 -0.0838 0.1969, 2.0669 -0.0787 0.1969, 2.0669 0.0787 0.1969, 1.2737 0.0927 0.1969, 1.2697 0.0958 0.1969, 1.0972 0.0978 0.1969, 1.0925 0.0958 0.1969, 1.0833 -0.0838 0.1969, 1.0853 -0.0886 0.1969, 0.7874 -0.1673 0.1969, 1.2788 0.0838 0.1969, 1.2769 0.0886 0.1969, 1.0884 0.0927 0.1969, 1.0853 0.0886 0.1969, 0.7874 0.1969 0.1969, 1.2769 -0.0886 0.1969, 1.2737 -0.0927 0.1969, 1.2697 -0.0958 0.1969, 1.0884 -0.0927 0.1969, 1.0925 -0.0958 0.1969, 1.0972 -0.0978 0.1969, 1.0833 0.0838 0.1969, 1.0827 0.0787 0.1969, 1.0827 -0.0787 0.1969, 1.2788 -0.0838 0.1969, 1.2795 -0.0787 0.1969, 1.2795 0.0787 0.1969, 1.1023 -0.0984 0.1969, 1.2598 -0.0984 0.1969, 1.2649 -0.0978 0.1969, 1.2649 0.0978 0.1969, 1.2598 0.0984 0.1969, 1.1023 0.0984 0.1969, 1.5748 -0.1969 0.1969, 0.2953 -0.0787 0.1969, 0.2959 -0.0838 0.1969, 0.2979 -0.0886 0.1969, 0.301 -0.0927 0.1969, 0.3098 0.0978 0.1969, 0.3051 0.0958 0.1969, 0.2953 0.0787 0.1969, 0.301 0.0927 0.1969, 0.2979 0.0886 0.1969, 0.2959 0.0838 0.1969, 0.4724 -0.0984 0.1969, 0.4775 -0.0978 0.1969, 0.4823 -0.0958 0.1969, 0.4863 -0.0927 0.1969, 0.4895 -0.0886 0.1969, 0.4914 0.0838 0.1969, 0.3051 -0.0958 0.1969, 0.3098 -0.0978 0.1969, 0.3149 -0.0984 0.1969, 0.4895 0.0886 0.1969, 0.4863 0.0927 0.1969, 0.4823 0.0958 0.1969, 0.4914 -0.0838 0.1969, 0.4921 -0.0787 0.1969, 0.4921 0.0787 0.1969, 0.4775 0.0978 0.1969, 0.4724 0.0984 0.1969, 0.3149 0.0984 0.1969
            ]
        }
        coordIndex [
            0,1,2,-1,2,1,3,-1,4,5,6,-1,6,5,7,-1,8,9,10,-1,10,9,11,-1,12,13,14,-1,14,13,15,-1,16,17,18,-1,18,17,19,-1,20,21,22,-1,22,21,23,-1,24,25,26,-1,26,25,27,-1,28,29,30,-1,30,29,31,-1,32,33,34,-1,34,33,35,-1,36,37,38,-1,38,37,39,-1,40,41,42,-1,42,41,43,-1,44,45,46,-1,46,45,47,-1,2,3,48,-1,48,3,49,-1,50,51,4,-1,4,51,5,-1,10,11,52,-1,52,11,53,-1,54,55,12,-1,12,55,13,-1,18,19,56,-1,56,19,57,-1,58,59,20,-1,20,59,21,-1,60,61,24,-1,24,61,25,-1,62,63,28,-1,28,63,29,-1,34,35,64,-1,64,35,65,-1,66,67,36,-1,36,67,37,-1,68,69,40,-1,40,69,41,-1,70,71,44,-1,44,71,45,-1,48,49,72,-1,72,49,73,-1,74,75,50,-1,50,75,51,-1,52,53,76,-1,76,53,77,-1,78,79,54,-1,54,79,55,-1,56,57,80,-1,80,57,81,-1,82,83,58,-1,58,83,59,-1,84,85,60,-1,60,85,61,-1,86,87,62,-1,62,87,63,-1,64,65,88,-1,88,65,89,-1,90,91,66,-1,66,91,67,-1,92,93,68,-1,68,93,69,-1,94,95,70,-1,70,95,71,-1,96,97,98,-1,98,97,99,-1,100,101,102,-1,102,101,103,-1,104,105,106,-1,106,105,107,-1,108,109,110,-1,110,109,111,-1,112,113,114,-1,114,113,115,-1,116,117,118,-1,118,117,119,-1,120,121,122,-1,122,121,123,-1,124,125,126,-1,126,125,127,-1,128,129,130,-1,130,129,131,-1,132,133,134,-1,134,133,135,-1,136,137,138,-1,138,137,139,-1,140,141,142,-1,142,141,143,-1,144,145,96,-1,96,145,97,-1,146,147,100,-1,100,147,101,-1,148,149,104,-1,104,149,105,-1,110,111,150,-1,150,111,151,-1,152,153,112,-1,112,153,113,-1,154,155,116,-1,116,155,117,-1,156,157,120,-1,120,157,121,-1,126,127,158,-1,158,127,159,-1,160,161,128,-1,128,161,129,-1,134,135,162,-1,162,135,163,-1,164,165,136,-1,136,165,137,-1,142,143,166,-1,166,143,167,-1,98,99,168,-1,168,99,169,-1,102,103,170,-1,170,103,171,-1,106,107,172,-1,172,107,173,-1,174,175,108,-1,108,175,109,-1,114,115,176,-1,176,115,177,-1,118,119,178,-1,178,119,179,-1,122,123,180,-1,180,123,181,-1,182,183,124,-1,124,183,125,-1,130,131,184,-1,184,131,185,-1,186,187,132,-1,132,187,133,-1,138,139,188,-1,188,139,189,-1,190,191,140,-1,140,191,141,-1,192,193,194,-1,194,193,195,-1,196,197,198,-1,198,197,199,-1,194,195,200,-1,200,195,201,-1,202,203,196,-1,196,203,197,-1,204,205,192,-1,192,205,193,-1,206,207,202,-1,202,207,203,-1,208,209,210,-1,210,209,211,-1,212,213,214,-1,214,213,215,-1,216,217,218,-1,218,217,219,-1,220,221,208,-1,208,221,209,-1,222,223,224,-1,225,226,227,-1,228,229,230,-1,231,232,233,-1,234,235,236,-1,237,238,239,-1,240,241,242,-1,242,241,243,-1,244,245,246,-1,241,247,243,-1,243,247,248,-1,243,248,249,-1,249,248,250,-1,249,250,251,-1,252,253,254,-1,254,253,255,-1,254,255,256,-1,256,255,257,-1,258,259,1,-1,1,259,260,-1,1,260,242,-1,242,260,261,-1,242,261,240,-1,262,263,255,-1,255,263,264,-1,255,264,257,-1,245,265,246,-1,246,265,266,-1,246,266,0,-1,0,266,267,-1,0,267,268,-1,251,269,249,-1,249,269,270,-1,249,270,262,-1,268,271,0,-1,0,271,272,-1,0,272,1,-1,1,272,273,-1,1,273,258,-1,239,238,274,-1,238,275,274,-1,274,275,276,-1,274,276,277,-1,277,276,278,-1,277,278,279,-1,279,280,277,-1,277,280,281,-1,277,281,282,-1,282,283,284,-1,284,283,285,-1,284,285,286,-1,286,287,284,-1,284,287,288,-1,284,288,243,-1,289,242,290,-1,290,242,243,-1,290,243,291,-1,291,243,288,-1,289,292,242,-1,242,292,293,-1,242,293,15,-1,15,293,294,-1,15,294,295,-1,296,297,14,-1,14,297,298,-1,14,298,239,-1,239,298,299,-1,239,299,237,-1,295,300,15,-1,15,300,301,-1,15,301,14,-1,14,301,302,-1,14,302,296,-1,303,304,305,-1,305,304,306,-1,305,306,274,-1,239,307,308,-1,236,235,309,-1,239,308,8,-1,8,308,310,-1,8,310,311,-1,235,312,309,-1,309,312,313,-1,309,313,314,-1,314,313,315,-1,314,315,316,-1,306,317,274,-1,274,317,318,-1,274,318,239,-1,239,318,319,-1,239,319,307,-1,320,321,9,-1,9,321,322,-1,9,322,236,-1,236,322,323,-1,236,323,234,-1,324,325,305,-1,305,325,326,-1,305,326,303,-1,316,327,314,-1,314,327,328,-1,314,328,324,-1,311,329,8,-1,8,329,330,-1,8,330,9,-1,9,330,331,-1,9,331,320,-1,332,333,334,-1,334,333,335,-1,334,335,309,-1,236,336,337,-1,233,232,338,-1,236,337,39,-1,39,337,339,-1,39,339,340,-1,232,341,338,-1,338,341,342,-1,338,342,343,-1,343,342,344,-1,343,344,345,-1,345,346,343,-1,343,346,347,-1,343,347,348,-1,335,349,309,-1,309,349,350,-1,309,350,236,-1,236,350,351,-1,236,351,336,-1,352,353,38,-1,38,353,354,-1,38,354,233,-1,233,354,355,-1,233,355,231,-1,348,356,334,-1,334,356,357,-1,334,357,332,-1,340,358,39,-1,39,358,359,-1,39,359,38,-1,38,359,360,-1,38,360,352,-1,361,362,233,-1,230,229,363,-1,364,365,33,-1,33,365,366,-1,33,366,230,-1,230,366,367,-1,230,367,228,-1,233,362,32,-1,32,362,368,-1,32,368,369,-1,229,370,363,-1,363,370,371,-1,363,371,372,-1,372,371,373,-1,372,373,374,-1,375,376,377,-1,377,376,378,-1,377,378,338,-1,378,379,338,-1,338,379,380,-1,338,380,233,-1,233,380,381,-1,233,381,361,-1,369,382,32,-1,32,382,383,-1,32,383,33,-1,33,383,384,-1,33,384,364,-1,374,385,372,-1,372,385,386,-1,372,386,387,-1,387,388,377,-1,377,388,389,-1,377,389,375,-1,390,391,230,-1,227,226,392,-1,393,394,46,-1,46,394,395,-1,46,395,227,-1,227,395,396,-1,227,396,225,-1,230,391,47,-1,47,391,397,-1,47,397,398,-1,226,399,392,-1,392,399,400,-1,392,400,401,-1,401,400,402,-1,401,402,403,-1,404,405,406,-1,406,405,407,-1,406,407,363,-1,407,408,363,-1,363,408,409,-1,363,409,230,-1,230,409,410,-1,230,410,390,-1,398,411,47,-1,47,411,412,-1,47,412,46,-1,46,412,413,-1,46,413,393,-1,403,414,401,-1,401,414,415,-1,401,415,416,-1,416,417,406,-1,406,417,418,-1,406,418,404,-1,419,420,227,-1,224,223,421,-1,223,422,421,-1,421,422,423,-1,421,423,424,-1,424,423,425,-1,424,425,426,-1,427,428,429,-1,429,428,430,-1,429,430,392,-1,227,420,43,-1,43,420,431,-1,43,431,432,-1,430,433,392,-1,392,433,434,-1,392,434,227,-1,227,434,435,-1,227,435,419,-1,436,437,42,-1,42,437,438,-1,42,438,224,-1,224,438,439,-1,224,439,222,-1,426,440,424,-1,424,440,441,-1,424,441,442,-1,432,443,43,-1,43,443,444,-1,43,444,42,-1,42,444,445,-1,42,445,436,-1,442,446,429,-1,429,446,447,-1,429,447,427,-1,442,429,424,-1,424,429,221,-1,424,221,220,-1,416,406,401,-1,401,406,165,-1,401,165,164,-1,387,377,372,-1,372,377,166,-1,372,166,167,-1,348,334,343,-1,343,334,161,-1,343,161,160,-1,324,305,314,-1,314,305,162,-1,314,162,163,-1,282,284,277,-1,277,284,149,-1,277,149,148,-1,262,255,249,-1,249,255,150,-1,249,150,151,-1,448,449,450,-1,450,449,451,-1,451,449,452,-1,451,452,453,-1,454,455,456,-1,457,458,6,-1,458,459,6,-1,6,459,460,-1,6,460,246,-1,246,460,461,-1,246,461,462,-1,463,464,452,-1,452,464,465,-1,452,465,466,-1,466,467,452,-1,452,467,468,-1,452,468,453,-1,469,470,471,-1,470,472,471,-1,471,472,473,-1,471,473,27,-1,27,473,474,-1,454,456,475,-1,450,476,456,-1,456,476,477,-1,456,477,478,-1,478,477,479,-1,478,479,480,-1,481,482,483,-1,483,482,484,-1,483,484,485,-1,485,484,486,-1,455,487,456,-1,456,487,488,-1,456,488,450,-1,450,488,489,-1,450,489,448,-1,480,490,478,-1,478,490,491,-1,478,491,492,-1,452,26,463,-1,463,26,27,-1,463,27,493,-1,493,27,474,-1,462,494,246,-1,246,494,253,-1,246,253,244,-1,244,253,252,-1,457,6,449,-1,449,6,7,-1,449,7,452,-1,494,495,253,-1,253,495,496,-1,253,496,497,-1,497,496,498,-1,497,498,499,-1,500,501,502,-1,502,501,503,-1,502,503,456,-1,456,503,504,-1,456,504,475,-1,492,505,484,-1,484,505,506,-1,484,506,486,-1,499,507,497,-1,497,507,508,-1,497,508,509,-1,509,510,502,-1,502,510,511,-1,502,511,500,-1,509,502,497,-1,497,502,145,-1,497,145,144,-1,492,484,478,-1,478,484,147,-1,478,147,146,-1,512,513,514,-1,514,513,515,-1,514,515,516,-1,516,515,517,-1,518,519,520,-1,521,522,471,-1,471,522,482,-1,471,482,469,-1,469,482,481,-1,519,523,520,-1,520,523,524,-1,520,524,31,-1,31,524,525,-1,31,525,526,-1,522,527,482,-1,482,527,528,-1,482,528,529,-1,529,528,530,-1,529,530,531,-1,531,532,529,-1,529,532,533,-1,529,533,534,-1,535,536,30,-1,30,536,537,-1,30,537,471,-1,471,537,538,-1,471,538,521,-1,534,539,515,-1,515,539,540,-1,515,540,517,-1,526,541,31,-1,31,541,542,-1,31,542,30,-1,30,542,543,-1,30,543,535,-1,534,515,529,-1,529,515,157,-1,529,157,156,-1,544,545,546,-1,546,545,547,-1,546,547,548,-1,548,547,549,-1,550,551,552,-1,553,554,520,-1,520,554,513,-1,520,513,518,-1,518,513,512,-1,551,555,552,-1,552,555,556,-1,552,556,16,-1,16,556,557,-1,16,557,558,-1,554,559,513,-1,513,559,560,-1,513,560,561,-1,561,560,562,-1,561,562,563,-1,563,564,561,-1,561,564,565,-1,561,565,566,-1,567,568,17,-1,17,568,569,-1,17,569,520,-1,520,569,570,-1,520,570,553,-1,566,571,547,-1,547,571,572,-1,547,572,549,-1,558,573,16,-1,16,573,574,-1,16,574,17,-1,17,574,575,-1,17,575,567,-1,566,547,561,-1,561,547,158,-1,561,158,159,-1,576,577,552,-1,552,577,545,-1,552,545,550,-1,550,545,544,-1,578,579,580,-1,577,581,545,-1,545,581,582,-1,545,582,583,-1,583,582,584,-1,583,584,585,-1,586,587,588,-1,588,587,589,-1,588,589,590,-1,590,589,591,-1,579,592,580,-1,580,592,593,-1,580,593,23,-1,23,593,594,-1,23,594,595,-1,596,597,22,-1,22,597,598,-1,22,598,552,-1,552,598,599,-1,552,599,576,-1,585,600,583,-1,583,600,601,-1,583,601,602,-1,595,603,23,-1,23,603,604,-1,23,604,22,-1,22,604,605,-1,22,605,596,-1,602,606,589,-1,589,606,607,-1,589,607,591,-1,602,589,583,-1,583,589,153,-1,583,153,152,-1,608,609,580,-1,580,609,587,-1,580,587,578,-1,578,587,586,-1,610,611,612,-1,609,613,587,-1,587,613,614,-1,587,614,615,-1,615,614,616,-1,615,616,617,-1,618,619,620,-1,620,619,621,-1,620,621,622,-1,622,621,623,-1,611,624,612,-1,612,624,625,-1,612,625,199,-1,199,625,626,-1,199,626,627,-1,628,629,198,-1,198,629,630,-1,198,630,580,-1,580,630,631,-1,580,631,608,-1,617,632,615,-1,615,632,633,-1,615,633,634,-1,627,635,199,-1,199,635,636,-1,199,636,198,-1,198,636,637,-1,198,637,628,-1,634,638,621,-1,621,638,639,-1,621,639,623,-1,634,621,615,-1,615,621,155,-1,615,155,154,-1,640,641,612,-1,612,641,619,-1,612,619,610,-1,610,619,618,-1,642,643,644,-1,645,646,647,-1,647,646,648,-1,647,648,649,-1,641,650,619,-1,619,650,651,-1,619,651,644,-1,644,651,652,-1,644,652,642,-1,653,654,655,-1,655,654,656,-1,655,656,647,-1,647,656,657,-1,647,657,645,-1,658,659,214,-1,214,659,660,-1,214,660,612,-1,612,660,661,-1,612,661,640,-1,662,663,655,-1,655,663,664,-1,655,664,653,-1,649,665,647,-1,647,665,666,-1,647,666,214,-1,214,666,667,-1,214,667,658,-1,643,668,644,-1,644,668,669,-1,644,669,655,-1,655,669,670,-1,655,670,662,-1,201,644,671,-1,671,644,655,-1,671,655,200,-1,200,655,672,-1,216,672,217,-1,217,672,655,-1,217,655,215,-1,215,655,647,-1,673,674,212,-1,212,674,213,-1,210,211,675,-1,675,211,676,-1,677,678,673,-1,673,678,674,-1,679,680,681,-1,219,678,682,-1,683,684,85,-1,85,684,685,-1,686,687,688,-1,688,687,689,-1,690,691,692,-1,685,693,85,-1,85,693,694,-1,85,694,695,-1,695,694,696,-1,695,696,697,-1,698,699,681,-1,681,699,700,-1,84,688,85,-1,85,688,701,-1,85,701,683,-1,702,703,688,-1,688,703,704,-1,688,704,686,-1,700,705,681,-1,681,705,706,-1,681,706,707,-1,689,708,688,-1,688,708,709,-1,688,709,701,-1,701,709,710,-1,701,710,711,-1,711,710,712,-1,713,714,692,-1,692,714,715,-1,692,715,716,-1,688,75,702,-1,702,75,74,-1,702,74,717,-1,717,74,718,-1,716,719,720,-1,720,719,721,-1,720,721,74,-1,74,721,722,-1,74,722,718,-1,707,723,681,-1,681,723,724,-1,681,724,692,-1,692,724,725,-1,692,725,690,-1,726,727,710,-1,710,727,728,-1,710,728,712,-1,729,730,692,-1,692,730,731,-1,692,731,713,-1,732,733,734,-1,735,736,691,-1,691,736,737,-1,691,737,692,-1,692,737,738,-1,692,738,729,-1,735,691,739,-1,739,691,740,-1,739,740,733,-1,733,740,741,-1,733,741,734,-1,732,734,710,-1,710,734,742,-1,710,742,726,-1,743,744,86,-1,745,746,87,-1,681,747,748,-1,749,695,681,-1,681,695,697,-1,681,697,698,-1,750,751,680,-1,748,752,681,-1,681,752,753,-1,681,753,749,-1,749,754,695,-1,695,754,755,-1,695,755,86,-1,86,755,756,-1,86,756,743,-1,746,757,87,-1,87,757,758,-1,87,758,759,-1,751,760,680,-1,680,760,761,-1,680,761,762,-1,758,763,759,-1,759,763,764,-1,759,764,680,-1,680,764,765,-1,680,765,750,-1,744,766,86,-1,86,766,767,-1,86,767,87,-1,87,767,768,-1,87,768,745,-1,762,769,680,-1,680,769,770,-1,680,770,681,-1,681,770,771,-1,681,771,747,-1,772,773,774,-1,774,773,775,-1,776,777,680,-1,775,778,774,-1,774,778,779,-1,774,779,780,-1,781,80,782,-1,777,783,680,-1,680,783,784,-1,680,784,785,-1,81,786,787,-1,782,788,781,-1,781,788,789,-1,781,789,774,-1,774,789,790,-1,774,790,772,-1,791,792,80,-1,80,792,793,-1,80,793,782,-1,759,794,81,-1,81,794,795,-1,81,795,786,-1,787,796,81,-1,81,796,797,-1,81,797,80,-1,80,797,798,-1,80,798,791,-1,785,799,680,-1,680,799,800,-1,680,800,759,-1,759,800,801,-1,759,801,794,-1,802,803,83,-1,804,805,806,-1,82,781,807,-1,805,808,806,-1,806,808,809,-1,806,809,810,-1,811,774,812,-1,812,774,813,-1,807,814,82,-1,82,814,815,-1,82,815,816,-1,803,817,83,-1,83,817,818,-1,83,818,819,-1,818,820,819,-1,819,820,821,-1,819,821,806,-1,806,821,822,-1,806,822,804,-1,823,824,774,-1,774,824,825,-1,774,825,813,-1,811,826,774,-1,774,826,827,-1,774,827,781,-1,781,827,828,-1,781,828,807,-1,816,829,82,-1,82,829,830,-1,82,830,83,-1,83,830,831,-1,83,831,802,-1,832,833,834,-1,834,833,835,-1,834,835,836,-1,836,837,834,-1,834,837,838,-1,834,838,839,-1,840,806,841,-1,841,806,842,-1,206,819,843,-1,844,845,806,-1,806,845,846,-1,806,846,842,-1,843,847,206,-1,206,847,848,-1,206,848,849,-1,207,850,851,-1,840,852,806,-1,806,852,853,-1,806,853,819,-1,819,853,854,-1,819,854,843,-1,855,856,857,-1,857,856,207,-1,857,207,858,-1,858,207,851,-1,849,859,206,-1,206,859,860,-1,206,860,207,-1,207,860,861,-1,207,861,850,-1,862,863,834,-1,864,865,677,-1,866,867,868,-1,868,867,869,-1,863,870,834,-1,834,870,871,-1,834,871,872,-1,872,873,834,-1,834,873,856,-1,834,856,832,-1,832,856,855,-1,682,874,875,-1,876,877,868,-1,868,877,878,-1,868,878,866,-1,873,879,856,-1,856,879,880,-1,856,880,677,-1,677,880,881,-1,677,881,864,-1,875,882,682,-1,682,882,883,-1,682,883,884,-1,869,885,868,-1,868,885,886,-1,868,886,887,-1,865,888,677,-1,677,888,889,-1,677,889,682,-1,682,889,890,-1,682,890,874,-1,891,219,868,-1,868,219,682,-1,868,682,876,-1,876,682,884,-1,892,204,868,-1,868,204,218,-1,868,218,891,-1,205,892,893,-1,893,892,868,-1,893,868,834,-1,834,868,887,-1,834,887,862,-1,178,179,894,-1,894,179,893,-1,894,893,806,-1,806,893,834,-1,806,834,844,-1,844,834,839,-1,176,177,895,-1,895,177,894,-1,895,894,774,-1,774,894,806,-1,774,806,823,-1,823,806,810,-1,183,182,679,-1,679,182,895,-1,679,895,680,-1,680,895,774,-1,680,774,776,-1,776,774,780,-1,896,180,181,-1,170,171,897,-1,897,171,896,-1,168,169,898,-1,898,169,897,-1,175,174,899,-1,899,174,898,-1,899,898,692,-1,692,898,897,-1,692,897,681,-1,681,897,896,-1,681,896,679,-1,679,896,181,-1,191,190,900,-1,900,190,901,-1,902,903,904,-1,905,906,902,-1,92,907,908,-1,908,909,92,-1,92,909,910,-1,92,910,911,-1,912,913,93,-1,914,903,915,-1,915,903,916,-1,913,917,93,-1,93,917,918,-1,93,918,919,-1,918,920,919,-1,919,920,921,-1,919,921,902,-1,902,921,922,-1,902,922,905,-1,914,923,903,-1,903,923,924,-1,903,924,907,-1,907,924,925,-1,907,925,908,-1,906,926,902,-1,902,926,927,-1,902,927,928,-1,911,929,92,-1,92,929,930,-1,92,930,93,-1,93,930,931,-1,93,931,912,-1,928,932,902,-1,902,932,933,-1,902,933,903,-1,903,933,934,-1,903,934,916,-1,935,936,937,-1,937,936,938,-1,94,919,939,-1,939,940,94,-1,94,940,941,-1,94,941,942,-1,943,944,95,-1,944,945,95,-1,95,945,946,-1,95,946,947,-1,946,948,947,-1,947,948,949,-1,947,949,937,-1,937,949,950,-1,937,950,935,-1,951,952,902,-1,952,953,902,-1,902,953,954,-1,902,954,955,-1,955,956,902,-1,902,956,957,-1,902,957,919,-1,919,957,958,-1,919,958,939,-1,938,959,937,-1,937,959,960,-1,937,960,961,-1,942,962,94,-1,94,962,963,-1,94,963,95,-1,95,963,964,-1,95,964,943,-1,675,676,904,-1,904,676,965,-1,904,965,902,-1,902,965,937,-1,902,937,951,-1,951,937,961,-1,966,967,968,-1,89,947,969,-1,969,970,89,-1,89,970,971,-1,89,971,972,-1,973,974,88,-1,975,937,976,-1,976,937,977,-1,974,978,88,-1,88,978,979,-1,88,979,980,-1,979,981,980,-1,980,981,982,-1,980,982,968,-1,968,982,983,-1,968,983,966,-1,975,984,937,-1,937,984,985,-1,937,985,947,-1,947,985,986,-1,947,986,969,-1,967,987,968,-1,968,987,988,-1,968,988,989,-1,972,990,89,-1,89,990,991,-1,89,991,88,-1,88,991,992,-1,88,992,973,-1,989,993,968,-1,968,993,994,-1,968,994,937,-1,937,994,995,-1,937,995,977,-1,996,997,998,-1,998,999,996,-1,996,999,1000,-1,996,1000,1001,-1,90,1002,1003,-1,91,1004,1005,-1,1005,1006,91,-1,91,1006,1007,-1,91,1007,997,-1,997,1007,1008,-1,997,1008,998,-1,980,1009,90,-1,90,1009,1010,-1,90,1010,1002,-1,1003,1011,90,-1,90,1011,1012,-1,90,1012,91,-1,91,1012,1013,-1,91,1013,1004,-1,1001,1014,996,-1,996,1014,1015,-1,996,1015,1016,-1,1017,1018,968,-1,968,1018,1019,-1,1020,1021,968,-1,968,1021,1022,-1,968,1022,1017,-1,1016,1020,996,-1,996,1020,968,-1,996,968,901,-1,901,968,937,-1,901,937,900,-1,900,937,965,-1,900,965,189,-1,189,965,188,-1,1019,1023,968,-1,968,1023,1024,-1,968,1024,980,-1,980,1024,1025,-1,980,1025,1009,-1,1026,1027,1028,-1,1028,1027,1029,-1,1030,76,1031,-1,1032,1033,996,-1,77,1034,1035,-1,1031,1036,1030,-1,1030,1036,1037,-1,1030,1037,1027,-1,1027,1037,1038,-1,1027,1038,1029,-1,1033,1039,996,-1,996,1039,1040,-1,996,1040,1041,-1,1042,1043,76,-1,76,1043,1044,-1,76,1044,1031,-1,1026,1045,1027,-1,1027,1045,1046,-1,1027,1046,1047,-1,997,1048,77,-1,77,1048,1049,-1,77,1049,1034,-1,1035,1050,77,-1,77,1050,1051,-1,77,1051,76,-1,76,1051,1052,-1,76,1052,1042,-1,184,185,901,-1,901,185,1053,-1,901,1053,996,-1,996,1053,1027,-1,996,1027,1032,-1,1032,1027,1047,-1,1041,1054,996,-1,996,1054,1055,-1,996,1055,997,-1,997,1055,1056,-1,997,1056,1048,-1,1057,1058,78,-1,1059,1060,79,-1,1061,1062,1063,-1,1030,1064,78,-1,78,1064,1065,-1,78,1065,1057,-1,1060,1066,79,-1,79,1066,1067,-1,79,1067,1068,-1,1069,1027,1070,-1,1070,1027,1071,-1,1062,1072,1063,-1,1063,1072,1073,-1,1063,1073,1074,-1,1067,1075,1068,-1,1068,1075,1076,-1,1068,1076,1063,-1,1063,1076,1077,-1,1063,1077,1061,-1,1069,1078,1027,-1,1027,1078,1079,-1,1027,1079,1030,-1,1030,1079,1080,-1,1030,1080,1064,-1,1081,1082,1027,-1,1027,1082,1083,-1,1027,1083,1071,-1,1058,1084,78,-1,78,1084,1085,-1,78,1085,79,-1,79,1085,1086,-1,79,1086,1059,-1,1074,1081,1063,-1,1063,1081,1027,-1,1063,1027,1087,-1,1087,1027,1053,-1,1087,1053,186,-1,186,1053,187,-1,1088,1089,692,-1,692,1089,1090,-1,692,1090,1091,-1,1092,1093,72,-1,716,720,692,-1,692,720,1094,-1,692,1094,1088,-1,1093,1095,72,-1,72,1095,1096,-1,72,1096,720,-1,720,1096,1097,-1,720,1097,1094,-1,1098,1099,1063,-1,1099,1100,1063,-1,1063,1100,1101,-1,1063,1101,1102,-1,73,1068,1103,-1,1091,1104,692,-1,692,1104,1105,-1,692,1105,1106,-1,1103,1107,73,-1,73,1107,1108,-1,73,1108,1109,-1,172,173,1087,-1,1087,173,899,-1,1087,899,1063,-1,1063,899,692,-1,1063,692,1098,-1,1098,692,1106,-1,1102,1110,1063,-1,1063,1110,1111,-1,1063,1111,1068,-1,1068,1111,1112,-1,1068,1112,1103,-1,1109,1113,73,-1,73,1113,1114,-1,73,1114,72,-1,72,1114,1115,-1,72,1115,1092,-1,219,217,678,-1,678,217,215,-1,678,215,674,-1,674,215,213,-1,856,612,207,-1,207,612,199,-1,207,199,203,-1,203,199,197,-1,673,212,677,-1,677,212,214,-1,677,214,856,-1,856,214,612,-1,893,619,205,-1,205,619,201,-1,205,201,193,-1,193,201,195,-1,119,117,179,-1,179,117,155,-1,179,155,893,-1,893,155,619,-1,192,194,204,-1,204,194,200,-1,204,200,218,-1,218,200,216,-1,
        ]
    }
}
Shape{
    appearance Appearance {
        material  Material {
            diffuseColor 0.9686274509803922 0.8784313725490196 0.6
            specularColor 0.6784313725490196 0.615686274509804 0.4196078431372549
            ambientIntensity 0.8737
            transparency 0.0
            shininess 0.5
        }
    }
    geometry IndexedFaceSet {
        ccw TRUE
        solid FALSE
        coord DEF co Coordinate {
            point [
                -5.0669 0.0512 -1.1024, -5.0669 -0.0512 -1.1024, -5.1693 0.0512 -1.1024, -5.1693 -0.0512 -1.1024, -5.0394 0.0984 -0.926, -5.1969 0.0984 -0.926, -5.0394 0.0984 0.1969, -5.1969 0.0984 0.1969, -5.2166 0.0787 -0.926, -5.2166 -0.0787 -0.926, -5.2166 0.0787 0.1969, -5.2166 -0.0787 0.1969, -5.0394 -0.0984 0.1969, -5.1969 -0.0984 0.1969, -5.0394 -0.0984 -0.926, -5.1969 -0.0984 -0.926, -5.0197 0.0787 0.1969, -5.0197 -0.0787 0.1969, -5.0197 0.0787 -0.926, -5.0197 -0.0787 -0.926, -5.0197 0.0787 2.1465, -5.0197 -0.0787 2.1465, -5.0197 0.0787 0.7874, -5.0197 -0.0787 0.7874, -5.1969 -0.0984 0.7874, -5.0394 -0.0984 0.7874, -5.1969 -0.0984 2.1465, -5.0394 -0.0984 2.1465, -5.2166 0.0787 0.7874, -5.2166 -0.0787 0.7874, -5.2166 0.0787 2.1465, -5.2166 -0.0787 2.1465, -5.0394 0.0984 0.7874, -5.1969 0.0984 0.7874, -5.0394 0.0984 2.1465, -5.1969 0.0984 2.1465, -5.0669 -0.0512 2.3228, -5.0669 0.0512 2.3228, -5.1693 -0.0512 2.3228, -5.1693 0.0512 2.3228, -5.2067 -0.0958 -0.9359, -5.2108 -0.0927 -0.9476, -5.0255 -0.0927 -0.9476, -5.0295 -0.0958 -0.9359, -5.0319 -0.0969 -0.9316, -5.1994 -0.0983 -0.9267, -5.2007 -0.098 -0.9275, -5.0343 -0.0978 -0.9285, -5.0355 -0.098 -0.9275, -5.0368 -0.0983 -0.9267, -5.1982 -0.0984 -0.9262, -5.0381 -0.0984 -0.9262, -5.202 -0.0978 -0.9285, -5.2044 -0.0969 -0.9316, -5.0223 -0.0886 -0.9359, -5.0255 0.0927 -0.9476, -5.0223 0.0886 -0.9359, -5.0212 0.0863 -0.9316, -5.0199 -0.0813 -0.9267, -5.0201 -0.0826 -0.9275, -5.0204 0.0838 -0.9285, -5.0201 0.0826 -0.9275, -5.0199 0.0813 -0.9267, -5.0197 -0.08 -0.9262, -5.0197 0.08 -0.9262, -5.0204 -0.0838 -0.9285, -5.0212 -0.0863 -0.9316, -5.2139 0.0886 -0.9359, -5.2108 0.0927 -0.9476, -5.2139 -0.0886 -0.9359, -5.2151 -0.0863 -0.9316, -5.2164 0.0813 -0.9267, -5.2162 0.0826 -0.9275, -5.2159 -0.0838 -0.9285, -5.2162 -0.0826 -0.9275, -5.2164 -0.0813 -0.9267, -5.2165 0.08 -0.9262, -5.2165 -0.08 -0.9262, -5.2159 0.0838 -0.9285, -5.2151 0.0863 -0.9316, -5.0295 0.0958 -0.9359, -5.0368 0.0983 -0.9267, -5.0355 0.098 -0.9275, -5.0381 0.0984 -0.9262, -5.2067 0.0958 -0.9359, -5.2044 0.0969 -0.9316, -5.0343 0.0978 -0.9285, -5.0319 0.0969 -0.9316, -5.202 0.0978 -0.9285, -5.2007 0.098 -0.9275, -5.1994 0.0983 -0.9267, -5.1982 0.0984 -0.9262, -5.2067 0.0958 2.1564, -5.2108 0.0927 2.168, -5.1994 0.0983 2.1471, -5.2007 0.098 2.1479, -5.1982 0.0984 2.1467, -5.0255 0.0927 2.168, -5.0295 0.0958 2.1564, -5.0319 0.0969 2.1521, -5.202 0.0978 2.149, -5.2044 0.0969 2.1521, -5.0343 0.0978 2.149, -5.0355 0.098 2.1479, -5.0368 0.0983 2.1471, -5.0381 0.0984 2.1467, -5.2139 -0.0886 2.1564, -5.2108 -0.0927 2.168, -5.2139 0.0886 2.1564, -5.2151 0.0863 2.1521, -5.2164 -0.0813 2.1471, -5.2162 -0.0826 2.1479, -5.2159 0.0838 2.149, -5.2162 0.0826 2.1479, -5.2164 0.0813 2.1471, -5.2165 -0.08 2.1467, -5.2165 0.08 2.1467, -5.2159 -0.0838 2.149, -5.2151 -0.0863 2.1521, -5.0223 0.0886 2.1564, -5.0255 -0.0927 2.168, -5.0223 -0.0886 2.1564, -5.0212 -0.0863 2.1521, -5.0199 0.0813 2.1471, -5.0201 0.0826 2.1479, -5.0204 -0.0838 2.149, -5.0201 -0.0826 2.1479, -5.0199 -0.0813 2.1471, -5.0197 0.08 2.1467, -5.0197 -0.08 2.1467, -5.0204 0.0838 2.149, -5.0212 0.0863 2.1521, -5.0295 -0.0958 2.1564, -5.0368 -0.0983 2.1471, -5.0355 -0.098 2.1479, -5.0381 -0.0984 2.1467, -5.2067 -0.0958 2.1564, -5.2044 -0.0969 2.1521, -5.0343 -0.0978 2.149, -5.0319 -0.0969 2.1521, -5.202 -0.0978 2.149, -5.2007 -0.098 2.1479, -5.1994 -0.0983 2.1471, -5.1982 -0.0984 2.1467, -5.0204 0.0838 0.7874, -5.0223 0.0886 0.7874, -5.0255 0.0927 0.7874, -5.0295 0.0958 0.7874, -5.0343 0.0978 0.7874, -5.0204 0.0838 0.1969, -5.0223 0.0886 0.1969, -5.0343 0.0978 0.1969, -5.0255 0.0927 0.1969, -5.0295 0.0958 0.1969, -5.202 0.0978 0.7874, -5.2067 0.0958 0.7874, -5.2108 0.0927 0.7874, -5.2139 0.0886 0.7874, -5.2159 0.0838 0.7874, -5.202 0.0978 0.1969, -5.2067 0.0958 0.1969, -5.2159 0.0838 0.1969, -5.2108 0.0927 0.1969, -5.2139 0.0886 0.1969, -5.2159 -0.0838 0.7874, -5.2139 -0.0886 0.7874, -5.2108 -0.0927 0.7874, -5.2067 -0.0958 0.7874, -5.202 -0.0978 0.7874, -5.0343 -0.0978 0.7874, -5.0295 -0.0958 0.7874, -5.0255 -0.0927 0.7874, -5.0223 -0.0886 0.7874, -5.0204 -0.0838 0.7874, -5.0343 -0.0978 0.1969, -5.0295 -0.0958 0.1969, -5.0204 -0.0838 0.1969, -5.0255 -0.0927 0.1969, -5.0223 -0.0886 0.1969, -5.2159 -0.0838 0.1969, -5.2139 -0.0886 0.1969, -5.202 -0.0978 0.1969, -5.2108 -0.0927 0.1969, -5.2067 -0.0958 0.1969
            ]
        }
        coordIndex [
            0,1,2,-1,2,1,3,-1,4,5,6,-1,6,5,7,-1,8,9,10,-1,10,9,11,-1,12,13,14,-1,14,13,15,-1,16,17,18,-1,18,17,19,-1,20,21,22,-1,22,21,23,-1,24,25,26,-1,26,25,27,-1,28,29,30,-1,30,29,31,-1,32,33,34,-1,34,33,35,-1,36,37,38,-1,38,37,39,-1,40,41,3,-1,42,43,1,-1,1,43,44,-1,45,46,3,-1,44,47,1,-1,1,47,48,-1,1,48,49,-1,45,3,50,-1,49,51,1,-1,1,51,14,-1,1,14,3,-1,3,14,15,-1,3,15,50,-1,46,52,3,-1,3,52,53,-1,3,53,40,-1,54,42,1,-1,55,56,0,-1,0,56,57,-1,58,59,1,-1,57,60,0,-1,0,60,61,-1,0,61,62,-1,58,1,63,-1,62,64,0,-1,0,64,18,-1,0,18,1,-1,1,18,19,-1,1,19,63,-1,59,65,1,-1,1,65,66,-1,1,66,54,-1,67,68,2,-1,41,69,3,-1,3,69,70,-1,71,72,2,-1,70,73,3,-1,3,73,74,-1,3,74,75,-1,71,2,76,-1,75,77,3,-1,3,77,9,-1,3,9,2,-1,2,9,8,-1,2,8,76,-1,72,78,2,-1,2,78,79,-1,2,79,67,-1,80,55,0,-1,81,82,0,-1,81,0,83,-1,68,84,2,-1,2,84,85,-1,82,86,0,-1,0,86,87,-1,0,87,80,-1,85,88,2,-1,2,88,89,-1,2,89,90,-1,90,91,2,-1,2,91,5,-1,2,5,0,-1,0,5,4,-1,0,4,83,-1,92,93,39,-1,94,95,39,-1,94,39,96,-1,97,98,37,-1,37,98,99,-1,95,100,39,-1,39,100,101,-1,39,101,92,-1,99,102,37,-1,37,102,103,-1,37,103,104,-1,104,105,37,-1,37,105,34,-1,37,34,39,-1,39,34,35,-1,39,35,96,-1,106,107,38,-1,93,108,39,-1,39,108,109,-1,110,111,38,-1,109,112,39,-1,39,112,113,-1,39,113,114,-1,110,38,115,-1,114,116,39,-1,39,116,30,-1,39,30,38,-1,38,30,31,-1,38,31,115,-1,111,117,38,-1,38,117,118,-1,38,118,106,-1,119,97,37,-1,120,121,36,-1,36,121,122,-1,123,124,37,-1,122,125,36,-1,36,125,126,-1,36,126,127,-1,123,37,128,-1,127,129,36,-1,36,129,21,-1,36,21,37,-1,37,21,20,-1,37,20,128,-1,124,130,37,-1,37,130,131,-1,37,131,119,-1,132,120,36,-1,133,134,36,-1,133,36,135,-1,107,136,38,-1,38,136,137,-1,134,138,36,-1,36,138,139,-1,36,139,132,-1,137,140,38,-1,38,140,141,-1,38,141,142,-1,142,143,38,-1,38,143,26,-1,38,26,36,-1,36,26,27,-1,36,27,135,-1,128,20,22,-1,128,22,123,-1,119,131,144,-1,144,131,130,-1,144,130,22,-1,22,130,124,-1,22,124,123,-1,144,145,119,-1,119,145,146,-1,119,146,97,-1,97,146,147,-1,97,147,98,-1,32,34,148,-1,148,34,105,-1,148,105,104,-1,104,103,148,-1,148,103,102,-1,148,102,147,-1,147,102,99,-1,147,99,98,-1,16,18,149,-1,149,18,64,-1,149,64,62,-1,57,150,60,-1,60,150,149,-1,60,149,61,-1,61,149,62,-1,83,4,6,-1,83,6,81,-1,80,87,151,-1,151,87,86,-1,151,86,6,-1,6,86,82,-1,6,82,81,-1,57,56,150,-1,150,56,55,-1,150,55,152,-1,152,55,80,-1,152,80,153,-1,153,80,151,-1,96,35,33,-1,96,33,94,-1,92,101,154,-1,154,101,100,-1,154,100,33,-1,33,100,95,-1,33,95,94,-1,154,155,92,-1,92,155,156,-1,92,156,93,-1,93,156,157,-1,93,157,108,-1,28,30,158,-1,158,30,116,-1,158,116,114,-1,114,113,158,-1,158,113,112,-1,158,112,157,-1,157,112,109,-1,157,109,108,-1,7,5,159,-1,159,5,91,-1,159,91,90,-1,85,160,88,-1,88,160,159,-1,88,159,89,-1,89,159,90,-1,76,8,10,-1,76,10,71,-1,67,79,161,-1,161,79,78,-1,161,78,10,-1,10,78,72,-1,10,72,71,-1,85,84,160,-1,160,84,68,-1,160,68,162,-1,162,68,67,-1,162,67,163,-1,163,67,161,-1,115,31,29,-1,115,29,110,-1,106,118,164,-1,164,118,117,-1,164,117,29,-1,29,117,111,-1,29,111,110,-1,164,165,106,-1,106,165,166,-1,106,166,107,-1,107,166,167,-1,107,167,136,-1,24,26,168,-1,168,26,143,-1,168,143,142,-1,142,141,168,-1,168,141,140,-1,168,140,167,-1,167,140,137,-1,167,137,136,-1,135,27,25,-1,135,25,133,-1,132,139,169,-1,169,139,138,-1,169,138,25,-1,25,138,134,-1,25,134,133,-1,169,170,132,-1,132,170,171,-1,132,171,120,-1,120,171,172,-1,120,172,121,-1,23,21,173,-1,173,21,129,-1,173,129,127,-1,127,126,173,-1,173,126,125,-1,173,125,172,-1,172,125,122,-1,172,122,121,-1,12,14,174,-1,174,14,51,-1,174,51,49,-1,44,175,47,-1,47,175,174,-1,47,174,48,-1,48,174,49,-1,63,19,17,-1,63,17,58,-1,54,66,176,-1,176,66,65,-1,176,65,17,-1,17,65,59,-1,17,59,58,-1,44,43,175,-1,175,43,42,-1,175,42,177,-1,177,42,54,-1,177,54,178,-1,178,54,176,-1,11,9,179,-1,179,9,77,-1,179,77,75,-1,70,180,73,-1,73,180,179,-1,73,179,74,-1,74,179,75,-1,50,15,13,-1,50,13,45,-1,40,53,181,-1,181,53,52,-1,181,52,13,-1,13,52,46,-1,13,46,45,-1,70,69,180,-1,180,69,41,-1,180,41,182,-1,182,41,40,-1,182,40,183,-1,183,40,181,-1,
        ]
    }
}
Shape{
    appearance Appearance {
        material  Material {
            diffuseColor 0.2235294117647059 0.2235294117647059 0.2235294117647059
            specularColor 0.11372549019607843 0.11372549019607843 0.11372549019607843
            ambientIntensity 0.2235
            transparency 0.0
            shininess 0.5
        }
    }
    geometry IndexedFaceSet {
        ccw TRUE
        solid FALSE
        coord DEF co Coordinate {
            point [
                3.7992 -0.3937 -0.0, 3.9094 -0.2362 -0.0, 3.7992 -0.3937 0.7874, 3.9094 -0.2362 0.1969, 3.9025 -0.2461 0.7874, 3.937 -0.1969 0.1969, 3.937 -0.1969 0.7874, 3.9646 -0.2362 0.1969, 3.9646 -0.2362 -0.0, 4.0748 -0.3937 -0.0, 3.9714 -0.2461 0.7874, 4.0748 -0.3937 0.7874, 3.937 0.1969 0.1969, 3.937 0.1969 0.7874, 3.9646 0.2362 0.1969, 4.0748 0.3937 0.7874, 3.9646 0.2362 -0.0, 4.0748 0.3937 -0.0, 3.9094 0.2362 -0.0, 3.7992 0.3937 -0.0, 3.9094 0.2362 0.1969, 3.7992 0.3937 0.7874, 4.5866 -0.3937 -0.0, 4.6968 -0.2362 -0.0, 4.5866 -0.3937 0.7874, 4.6968 -0.2362 0.1969, 4.6899 -0.2461 0.7874, 4.7244 -0.1969 0.1969, 4.7244 -0.1969 0.7874, 4.752 -0.2362 0.1969, 4.752 -0.2362 -0.0, 4.8622 -0.3937 -0.0, 4.7588 -0.2461 0.7874, 4.8622 -0.3937 0.7874, 4.7244 0.1969 0.1969, 4.7244 0.1969 0.7874, 4.752 0.2362 0.1969, 4.8622 0.3937 0.7874, 4.752 0.2362 -0.0, 4.8622 0.3937 -0.0, 4.6968 0.2362 -0.0, 4.5866 0.3937 -0.0, 4.6968 0.2362 0.1969, 4.5866 0.3937 0.7874, 2.2243 -0.3937 -0.0, 2.3346 -0.2362 -0.0, 2.2243 -0.3937 0.7874, 2.3346 -0.2362 0.1969, 2.3277 -0.2461 0.7874, 2.3622 -0.1969 0.1969, 2.3622 -0.1969 0.7874, 2.3898 -0.2362 0.1969, 2.3898 -0.2362 -0.0, 2.5 -0.3937 -0.0, 2.3966 -0.2461 0.7874, 2.5 -0.3937 0.7874, 2.3622 0.1969 0.1969, 2.3622 0.1969 0.7874, 2.3898 0.2362 0.1969, 2.5 0.3937 0.7874, 2.3898 0.2362 -0.0, 2.5 0.3937 -0.0, 2.3346 0.2362 -0.0, 2.2243 0.3937 -0.0, 2.3346 0.2362 0.1969, 2.2243 0.3937 0.7874, 3.0118 -0.3937 -0.0, 3.122 -0.2362 -0.0, 3.0118 -0.3937 0.7874, 3.122 -0.2362 0.1969, 3.1151 -0.2461 0.7874, 3.1496 -0.1969 0.1969, 3.1496 -0.1969 0.7874, 3.1772 -0.2362 0.1969, 3.1772 -0.2362 -0.0, 3.2874 -0.3937 -0.0, 3.184 -0.2461 0.7874, 3.2874 -0.3937 0.7874, 3.1496 0.1969 0.1969, 3.1496 0.1969 0.7874, 3.1772 0.2362 0.1969, 3.2874 0.3937 0.7874, 3.1772 0.2362 -0.0, 3.2874 0.3937 -0.0, 3.122 0.2362 -0.0, 3.0118 0.3937 -0.0, 3.122 0.2362 0.1969, 3.0118 0.3937 0.7874, 5.4842 0.2362 -0.0, 5.374 0.3937 -0.0, 5.4842 0.2362 0.1969, 5.374 0.3937 0.7874, 5.5118 0.1969 0.1969, 5.5118 0.1969 0.7874, 5.374 -0.3937 -0.0, 5.4842 -0.2362 -0.0, 5.374 -0.3937 0.7874, 5.4842 -0.2362 0.1969, 5.4773 -0.2461 0.7874, 5.5118 -0.1969 0.1969, 5.5118 -0.1969 0.7874, -2.5001 -0.3937 -0.0, -2.3898 -0.2362 -0.0, -2.5001 -0.3937 0.7874, -2.3898 -0.2362 0.1969, -2.3967 -0.2461 0.7874, -2.3622 -0.1969 0.1969, -2.3622 -0.1969 0.7874, -2.3347 -0.2362 0.1969, -2.3347 -0.2362 -0.0, -2.2244 -0.3937 -0.0, -2.3278 -0.2461 0.7874, -2.2244 -0.3937 0.7874, -2.3622 0.1969 0.1969, -2.3622 0.1969 0.7874, -2.3347 0.2362 0.1969, -2.2244 0.3937 0.7874, -2.3347 0.2362 -0.0, -2.2244 0.3937 -0.0, -2.3898 0.2362 -0.0, -2.5001 0.3937 -0.0, -2.3898 0.2362 0.1969, -2.5001 0.3937 0.7874, -1.7127 -0.3937 -0.0, -1.6024 -0.2362 -0.0, -1.7127 -0.3937 0.7874, -1.6024 -0.2362 0.1969, -1.6093 -0.2461 0.7874, -1.5748 -0.1969 0.1969, -1.5748 -0.1969 0.7874, -1.5473 -0.2362 0.1969, -1.5473 -0.2362 -0.0, -1.437 -0.3937 -0.0, -1.5404 -0.2461 0.7874, -1.437 -0.3937 0.7874, -1.5748 0.1969 0.1969, -1.5748 0.1969 0.7874, -1.5473 0.2362 0.1969, -1.437 0.3937 0.7874, -1.5473 0.2362 -0.0, -1.437 0.3937 -0.0, -1.6024 0.2362 -0.0, -1.7127 0.3937 -0.0, -1.6024 0.2362 0.1969, -1.7127 0.3937 0.7874, -4.0749 -0.3937 -0.0, -3.9646 -0.2362 -0.0, -4.0749 -0.3937 0.7874, -3.9646 -0.2362 0.1969, -3.9715 -0.2461 0.7874, -3.937 -0.1969 0.1969, -3.937 -0.1969 0.7874, -3.9095 -0.2362 0.1969, -3.9095 -0.2362 -0.0, -3.7992 -0.3937 -0.0, -3.9026 -0.2461 0.7874, -3.7992 -0.3937 0.7874, -3.937 0.1969 0.1969, -3.937 0.1969 0.7874, -3.9095 0.2362 0.1969, -3.7992 0.3937 0.7874, -3.9095 0.2362 -0.0, -3.7992 0.3937 -0.0, -3.9646 0.2362 -0.0, -4.0749 0.3937 -0.0, -3.9646 0.2362 0.1969, -4.0749 0.3937 0.7874, -3.2875 -0.3937 -0.0, -3.1772 -0.2362 -0.0, -3.2875 -0.3937 0.7874, -3.1772 -0.2362 0.1969, -3.1841 -0.2461 0.7874, -3.1496 -0.1969 0.1969, -3.1496 -0.1969 0.7874, -3.1221 -0.2362 0.1969, -3.1221 -0.2362 -0.0, -3.0118 -0.3937 -0.0, -3.1152 -0.2461 0.7874, -3.0118 -0.3937 0.7874, -3.1496 0.1969 0.1969, -3.1496 0.1969 0.7874, -3.1221 0.2362 0.1969, -3.0118 0.3937 0.7874, -3.1221 0.2362 -0.0, -3.0118 0.3937 -0.0, -3.1772 0.2362 -0.0, -3.2875 0.3937 -0.0, -3.1772 0.2362 0.1969, -3.2875 0.3937 0.7874, 0.6495 -0.3937 -0.0, 0.7598 -0.2362 -0.0, 0.6495 -0.3937 0.7874, 0.7598 -0.2362 0.1969, 0.7529 -0.2461 0.7874, 0.7874 -0.1969 0.1969, 0.7874 -0.1969 0.7874, 0.8149 -0.2362 0.1969, 0.8149 -0.2362 -0.0, 0.9252 -0.3937 -0.0, 0.8218 -0.2461 0.7874, 0.9252 -0.3937 0.7874, 0.7874 0.1969 0.1969, 0.7874 0.1969 0.7874, 0.8149 0.2362 0.1969, 0.9252 0.3937 0.7874, 0.8149 0.2362 -0.0, 0.9252 0.3937 -0.0, 0.7598 0.2362 -0.0, 0.6495 0.3937 -0.0, 0.7598 0.2362 0.1969, 0.6495 0.3937 0.7874, 1.4369 -0.3937 -0.0, 1.5472 -0.2362 -0.0, 1.4369 -0.3937 0.7874, 1.5472 -0.2362 0.1969, 1.5403 -0.2461 0.7874, 1.5748 -0.1969 0.1969, 1.5748 -0.1969 0.7874, 1.6024 -0.2362 0.1969, 1.6024 -0.2362 -0.0, 1.7126 -0.3937 -0.0, 1.6092 -0.2461 0.7874, 1.7126 -0.3937 0.7874, 1.5748 0.1969 0.1969, 1.5748 0.1969 0.7874, 1.6024 0.2362 0.1969, 1.7126 0.3937 0.7874, 1.6024 0.2362 -0.0, 1.7126 0.3937 -0.0, 1.5472 0.2362 -0.0, 1.4369 0.3937 -0.0, 1.5472 0.2362 0.1969, 1.4369 0.3937 0.7874, -0.9253 -0.3937 -0.0, -0.815 -0.2362 -0.0, -0.9253 -0.3937 0.7874, -0.815 -0.2362 0.1969, -0.8219 -0.2461 0.7874, -0.7874 -0.1969 0.1969, -0.7874 -0.1969 0.7874, -0.7599 -0.2362 0.1969, -0.7599 -0.2362 -0.0, -0.6496 -0.3937 -0.0, -0.753 -0.2461 0.7874, -0.6496 -0.3937 0.7874, -0.7874 0.1969 0.1969, -0.7874 0.1969 0.7874, -0.7599 0.2362 0.1969, -0.6496 0.3937 0.7874, -0.7599 0.2362 -0.0, -0.6496 0.3937 -0.0, -0.815 0.2362 -0.0, -0.9253 0.3937 -0.0, -0.815 0.2362 0.1969, -0.9253 0.3937 0.7874, -0.1379 -0.3937 -0.0, -0.0276 -0.2362 -0.0, -0.1379 -0.3937 0.7874, -0.0276 -0.2362 0.1969, -0.0345 -0.2461 0.7874, -0.0 -0.1969 0.1969, -0.0 -0.1969 0.7874, 0.0275 -0.2362 0.1969, 0.0275 -0.2362 -0.0, 0.1378 -0.3937 -0.0, 0.0344 -0.2461 0.7874, 0.1378 -0.3937 0.7874, -0.0 0.1969 0.1969, -0.0 0.1969 0.7874, 0.0275 0.2362 0.1969, 0.1378 0.3937 0.7874, 0.0275 0.2362 -0.0, 0.1378 0.3937 -0.0, -0.0276 0.2362 -0.0, -0.1379 0.3937 -0.0, -0.0276 0.2362 0.1969, -0.1379 0.3937 0.7874
            ]
        }
        coordIndex [
            0,1,2,-1,2,1,3,-1,2,3,4,-1,4,3,5,-1,4,5,6,-1,7,8,9,-1,6,5,10,-1,10,5,7,-1,10,7,11,-1,11,7,9,-1,12,13,14,-1,14,13,15,-1,14,15,16,-1,16,15,17,-1,18,19,20,-1,20,19,21,-1,20,21,12,-1,12,21,13,-1,22,23,24,-1,24,23,25,-1,24,25,26,-1,26,25,27,-1,26,27,28,-1,29,30,31,-1,28,27,32,-1,32,27,29,-1,32,29,33,-1,33,29,31,-1,34,35,36,-1,36,35,37,-1,36,37,38,-1,38,37,39,-1,40,41,42,-1,42,41,43,-1,42,43,34,-1,34,43,35,-1,44,45,46,-1,46,45,47,-1,46,47,48,-1,48,47,49,-1,48,49,50,-1,51,52,53,-1,50,49,54,-1,54,49,51,-1,54,51,55,-1,55,51,53,-1,56,57,58,-1,58,57,59,-1,58,59,60,-1,60,59,61,-1,62,63,64,-1,64,63,65,-1,64,65,56,-1,56,65,57,-1,66,67,68,-1,68,67,69,-1,68,69,70,-1,70,69,71,-1,70,71,72,-1,73,74,75,-1,72,71,76,-1,76,71,73,-1,76,73,77,-1,77,73,75,-1,78,79,80,-1,80,79,81,-1,80,81,82,-1,82,81,83,-1,84,85,86,-1,86,85,87,-1,86,87,78,-1,78,87,79,-1,88,89,90,-1,90,89,91,-1,90,91,92,-1,92,91,93,-1,94,95,96,-1,96,95,97,-1,96,97,98,-1,98,97,99,-1,98,99,100,-1,101,102,103,-1,103,102,104,-1,103,104,105,-1,105,104,106,-1,105,106,107,-1,108,109,110,-1,107,106,111,-1,111,106,108,-1,111,108,112,-1,112,108,110,-1,113,114,115,-1,115,114,116,-1,115,116,117,-1,117,116,118,-1,119,120,121,-1,121,120,122,-1,121,122,113,-1,113,122,114,-1,123,124,125,-1,125,124,126,-1,125,126,127,-1,127,126,128,-1,127,128,129,-1,130,131,132,-1,129,128,133,-1,133,128,130,-1,133,130,134,-1,134,130,132,-1,135,136,137,-1,137,136,138,-1,137,138,139,-1,139,138,140,-1,141,142,143,-1,143,142,144,-1,143,144,135,-1,135,144,136,-1,145,146,147,-1,147,146,148,-1,147,148,149,-1,149,148,150,-1,149,150,151,-1,152,153,154,-1,151,150,155,-1,155,150,152,-1,155,152,156,-1,156,152,154,-1,157,158,159,-1,159,158,160,-1,159,160,161,-1,161,160,162,-1,163,164,165,-1,165,164,166,-1,165,166,157,-1,157,166,158,-1,167,168,169,-1,169,168,170,-1,169,170,171,-1,171,170,172,-1,171,172,173,-1,174,175,176,-1,173,172,177,-1,177,172,174,-1,177,174,178,-1,178,174,176,-1,179,180,181,-1,181,180,182,-1,181,182,183,-1,183,182,184,-1,185,186,187,-1,187,186,188,-1,187,188,179,-1,179,188,180,-1,189,190,191,-1,191,190,192,-1,191,192,193,-1,193,192,194,-1,193,194,195,-1,196,197,198,-1,195,194,199,-1,199,194,196,-1,199,196,200,-1,200,196,198,-1,201,202,203,-1,203,202,204,-1,203,204,205,-1,205,204,206,-1,207,208,209,-1,209,208,210,-1,209,210,201,-1,201,210,202,-1,211,212,213,-1,213,212,214,-1,213,214,215,-1,215,214,216,-1,215,216,217,-1,218,219,220,-1,217,216,221,-1,221,216,218,-1,221,218,222,-1,222,218,220,-1,223,224,225,-1,225,224,226,-1,225,226,227,-1,227,226,228,-1,229,230,231,-1,231,230,232,-1,231,232,223,-1,223,232,224,-1,233,234,235,-1,235,234,236,-1,235,236,237,-1,237,236,238,-1,237,238,239,-1,240,241,242,-1,239,238,243,-1,243,238,240,-1,243,240,244,-1,244,240,242,-1,245,246,247,-1,247,246,248,-1,247,248,249,-1,249,248,250,-1,251,252,253,-1,253,252,254,-1,253,254,245,-1,245,254,246,-1,255,256,257,-1,257,256,258,-1,257,258,259,-1,259,258,260,-1,259,260,261,-1,262,263,264,-1,261,260,265,-1,265,260,262,-1,265,262,266,-1,266,262,264,-1,267,268,269,-1,269,268,270,-1,269,270,271,-1,271,270,272,-1,273,274,275,-1,275,274,276,-1,275,276,267,-1,267,276,268,-1,
        ]
    }
}
Shape{
    appearance Appearance {
        material  Material {
            diffuseColor 0.9686274509803922 0.8784313725490196 0.6
            specularColor 0.6784313725490196 0.615686274509804 0.4196078431372549
            ambientIntensity 0.8737
            transparency 0.0
            shininess 0.5
        }
    }
    geometry IndexedFaceSet {
        ccw TRUE
        solid FALSE
        coord DEF co Coordinate {
            point [
                -4.2795 -0.0512 2.3228, -4.2795 0.0512 2.3228, -4.3819 -0.0512 2.3228, -4.3819 0.0512 2.3228, -4.4095 -0.0984 0.7874, -4.252 -0.0984 0.7874, -4.4095 -0.0984 2.1465, -4.252 -0.0984 2.1465, -4.2507 -0.0984 2.1467, -4.2494 -0.0983 2.1471, -4.2421 -0.0958 2.1564, -4.2445 -0.0969 2.1521, -4.2469 -0.0978 0.7874, -4.2469 -0.0978 2.149, -4.2481 -0.098 2.1479, -4.2421 -0.0958 0.7874, -4.2381 -0.0927 0.7874, -4.2381 -0.0927 2.168, -4.2349 -0.0886 0.7874, -4.2349 -0.0886 2.1564, -4.2323 -0.0787 0.7874, -4.2323 -0.0787 2.1465, -4.233 -0.0838 0.7874, -4.2323 -0.08 2.1467, -4.2325 -0.0813 2.1471, -4.2327 -0.0826 2.1479, -4.233 -0.0838 2.149, -4.2338 -0.0863 2.1521, -4.2323 0.0787 2.1465, -4.2323 0.0787 0.7874, -4.2323 0.08 2.1467, -4.2325 0.0813 2.1471, -4.2349 0.0886 2.1564, -4.2338 0.0863 2.1521, -4.233 0.0838 0.7874, -4.233 0.0838 2.149, -4.2327 0.0826 2.1479, -4.2349 0.0886 0.7874, -4.2381 0.0927 0.7874, -4.2381 0.0927 2.168, -4.2421 0.0958 0.7874, -4.2421 0.0958 2.1564, -4.252 0.0984 0.7874, -4.252 0.0984 2.1465, -4.2469 0.0978 0.7874, -4.2507 0.0984 2.1467, -4.2494 0.0983 2.1471, -4.2481 0.098 2.1479, -4.2469 0.0978 2.149, -4.2445 0.0969 2.1521, -4.4095 0.0984 0.7874, -4.4095 0.0984 2.1465, -4.4108 0.0984 2.1467, -4.412 0.0983 2.1471, -4.4193 0.0958 2.1564, -4.417 0.0969 2.1521, -4.4146 0.0978 0.7874, -4.4146 0.0978 2.149, -4.4133 0.098 2.1479, -4.4193 0.0958 0.7874, -4.4234 0.0927 0.7874, -4.4234 0.0927 2.168, -4.4265 0.0886 0.7874, -4.4265 0.0886 2.1564, -4.4292 0.0787 0.7874, -4.4292 0.0787 2.1465, -4.4285 0.0838 0.7874, -4.4291 0.08 2.1467, -4.429 0.0813 2.1471, -4.4288 0.0826 2.1479, -4.4285 0.0838 2.149, -4.4277 0.0863 2.1521, -4.4292 -0.0787 0.7874, -4.4292 -0.0787 2.1465, -4.4291 -0.08 2.1467, -4.429 -0.0813 2.1471, -4.4265 -0.0886 2.1564, -4.4277 -0.0863 2.1521, -4.4285 -0.0838 0.7874, -4.4285 -0.0838 2.149, -4.4288 -0.0826 2.1479, -4.4265 -0.0886 0.7874, -4.4234 -0.0927 0.7874, -4.4234 -0.0927 2.168, -4.4193 -0.0958 0.7874, -4.4193 -0.0958 2.1564, -4.4146 -0.0978 0.7874, -4.4108 -0.0984 2.1467, -4.412 -0.0983 2.1471, -4.4133 -0.098 2.1479, -4.4146 -0.0978 2.149, -4.417 -0.0969 2.1521, -4.2795 0.0512 -1.1024, -4.2795 -0.0512 -1.1024, -4.3819 0.0512 -1.1024, -4.3819 -0.0512 -1.1024, -4.252 -0.0984 0.1969, -4.4095 -0.0984 0.1969, -4.252 -0.0984 -0.926, -4.4095 -0.0984 -0.926, -4.4292 -0.0787 0.1969, -4.4292 -0.0787 -0.926, -4.4285 -0.0838 0.1969, -4.4291 -0.08 -0.9262, -4.429 -0.0813 -0.9267, -4.4277 -0.0863 -0.9316, -4.4265 -0.0886 0.1969, -4.4285 -0.0838 -0.9285, -4.4288 -0.0826 -0.9275, -4.4108 -0.0984 -0.9262, -4.412 -0.0983 -0.9267, -4.4193 -0.0958 -0.9359, -4.417 -0.0969 -0.9316, -4.4146 -0.0978 0.1969, -4.4146 -0.0978 -0.9285, -4.4133 -0.098 -0.9275, -4.4265 -0.0886 -0.9359, -4.4234 -0.0927 -0.9476, -4.4234 -0.0927 0.1969, -4.4193 -0.0958 0.1969, -4.4292 0.0787 -0.926, -4.4292 0.0787 0.1969, -4.4095 0.0984 0.1969, -4.4095 0.0984 -0.926, -4.4146 0.0978 0.1969, -4.4108 0.0984 -0.9262, -4.412 0.0983 -0.9267, -4.417 0.0969 -0.9316, -4.4193 0.0958 0.1969, -4.4146 0.0978 -0.9285, -4.4133 0.098 -0.9275, -4.4291 0.08 -0.9262, -4.429 0.0813 -0.9267, -4.4265 0.0886 -0.9359, -4.4277 0.0863 -0.9316, -4.4285 0.0838 0.1969, -4.4285 0.0838 -0.9285, -4.4288 0.0826 -0.9275, -4.4193 0.0958 -0.9359, -4.4234 0.0927 -0.9476, -4.4234 0.0927 0.1969, -4.4265 0.0886 0.1969, -4.252 0.0984 -0.926, -4.252 0.0984 0.1969, -4.2323 0.0787 0.1969, -4.2323 0.0787 -0.926, -4.233 0.0838 0.1969, -4.2323 0.08 -0.9262, -4.2325 0.0813 -0.9267, -4.2338 0.0863 -0.9316, -4.2349 0.0886 0.1969, -4.233 0.0838 -0.9285, -4.2327 0.0826 -0.9275, -4.2507 0.0984 -0.9262, -4.2494 0.0983 -0.9267, -4.2421 0.0958 -0.9359, -4.2445 0.0969 -0.9316, -4.2469 0.0978 0.1969, -4.2469 0.0978 -0.9285, -4.2481 0.098 -0.9275, -4.2349 0.0886 -0.9359, -4.2381 0.0927 -0.9476, -4.2381 0.0927 0.1969, -4.2421 0.0958 0.1969, -4.2323 -0.0787 0.1969, -4.2323 -0.0787 -0.926, -4.2469 -0.0978 0.1969, -4.2507 -0.0984 -0.9262, -4.2494 -0.0983 -0.9267, -4.2445 -0.0969 -0.9316, -4.2421 -0.0958 0.1969, -4.2469 -0.0978 -0.9285, -4.2481 -0.098 -0.9275, -4.2323 -0.08 -0.9262, -4.2325 -0.0813 -0.9267, -4.2349 -0.0886 -0.9359, -4.2338 -0.0863 -0.9316, -4.233 -0.0838 0.1969, -4.233 -0.0838 -0.9285, -4.2327 -0.0826 -0.9275, -4.2421 -0.0958 -0.9359, -4.2381 -0.0927 -0.9476, -4.2381 -0.0927 0.1969, -4.2349 -0.0886 0.1969
            ]
        }
        coordIndex [
            0,1,2,-1,2,1,3,-1,4,5,6,-1,6,5,7,-1,8,7,5,-1,8,5,9,-1,10,11,12,-1,12,11,13,-1,12,13,5,-1,5,13,14,-1,5,14,9,-1,12,15,10,-1,10,15,16,-1,10,16,17,-1,17,16,18,-1,17,18,19,-1,20,21,22,-1,22,21,23,-1,22,23,24,-1,24,25,22,-1,22,25,26,-1,22,26,18,-1,18,26,27,-1,18,27,19,-1,28,21,29,-1,29,21,20,-1,30,28,29,-1,30,29,31,-1,32,33,34,-1,34,33,35,-1,34,35,29,-1,29,35,36,-1,29,36,31,-1,34,37,32,-1,32,37,38,-1,32,38,39,-1,39,38,40,-1,39,40,41,-1,42,43,44,-1,44,43,45,-1,44,45,46,-1,46,47,44,-1,44,47,48,-1,44,48,40,-1,40,48,49,-1,40,49,41,-1,42,50,43,-1,43,50,51,-1,52,51,50,-1,52,50,53,-1,54,55,56,-1,56,55,57,-1,56,57,50,-1,50,57,58,-1,50,58,53,-1,56,59,54,-1,54,59,60,-1,54,60,61,-1,61,60,62,-1,61,62,63,-1,64,65,66,-1,66,65,67,-1,66,67,68,-1,68,69,66,-1,66,69,70,-1,66,70,62,-1,62,70,71,-1,62,71,63,-1,64,72,65,-1,65,72,73,-1,74,73,72,-1,74,72,75,-1,76,77,78,-1,78,77,79,-1,78,79,72,-1,72,79,80,-1,72,80,75,-1,78,81,76,-1,76,81,82,-1,76,82,83,-1,83,82,84,-1,83,84,85,-1,4,6,86,-1,86,6,87,-1,86,87,88,-1,88,89,86,-1,86,89,90,-1,86,90,84,-1,84,90,91,-1,84,91,85,-1,76,83,2,-1,61,63,3,-1,3,63,71,-1,75,80,2,-1,71,70,3,-1,3,70,69,-1,3,69,68,-1,75,2,74,-1,68,67,3,-1,3,67,65,-1,3,65,2,-1,2,65,73,-1,2,73,74,-1,80,79,2,-1,2,79,77,-1,2,77,76,-1,54,61,3,-1,53,58,3,-1,53,3,52,-1,39,41,1,-1,1,41,49,-1,58,57,3,-1,3,57,55,-1,3,55,54,-1,49,48,1,-1,1,48,47,-1,1,47,46,-1,46,45,1,-1,1,45,43,-1,1,43,3,-1,3,43,51,-1,3,51,52,-1,32,39,1,-1,17,19,0,-1,0,19,27,-1,31,36,1,-1,27,26,0,-1,0,26,25,-1,0,25,24,-1,31,1,30,-1,24,23,0,-1,0,23,21,-1,0,21,1,-1,1,21,28,-1,1,28,30,-1,36,35,1,-1,1,35,33,-1,1,33,32,-1,10,17,0,-1,9,14,0,-1,9,0,8,-1,83,85,2,-1,2,85,91,-1,14,13,0,-1,0,13,11,-1,0,11,10,-1,91,90,2,-1,2,90,89,-1,2,89,88,-1,88,87,2,-1,2,87,6,-1,2,6,0,-1,0,6,7,-1,0,7,8,-1,92,93,94,-1,94,93,95,-1,96,97,98,-1,98,97,99,-1,100,101,102,-1,102,101,103,-1,102,103,104,-1,105,106,107,-1,107,106,102,-1,107,102,108,-1,108,102,104,-1,109,99,97,-1,109,97,110,-1,111,112,113,-1,113,112,114,-1,113,114,97,-1,97,114,115,-1,97,115,110,-1,105,116,106,-1,106,116,117,-1,106,117,118,-1,118,117,111,-1,118,111,119,-1,119,111,113,-1,120,101,121,-1,121,101,100,-1,122,123,124,-1,124,123,125,-1,124,125,126,-1,127,128,129,-1,129,128,124,-1,129,124,130,-1,130,124,126,-1,131,120,121,-1,131,121,132,-1,133,134,135,-1,135,134,136,-1,135,136,121,-1,121,136,137,-1,121,137,132,-1,127,138,128,-1,128,138,139,-1,128,139,140,-1,140,139,133,-1,140,133,141,-1,141,133,135,-1,142,123,143,-1,143,123,122,-1,144,145,146,-1,146,145,147,-1,146,147,148,-1,149,150,151,-1,151,150,146,-1,151,146,152,-1,152,146,148,-1,153,142,143,-1,153,143,154,-1,155,156,157,-1,157,156,158,-1,157,158,143,-1,143,158,159,-1,143,159,154,-1,149,160,150,-1,150,160,161,-1,150,161,162,-1,162,161,155,-1,162,155,163,-1,163,155,157,-1,144,164,145,-1,145,164,165,-1,96,98,166,-1,166,98,167,-1,166,167,168,-1,169,170,171,-1,171,170,166,-1,171,166,172,-1,172,166,168,-1,173,165,164,-1,173,164,174,-1,175,176,177,-1,177,176,178,-1,177,178,164,-1,164,178,179,-1,164,179,174,-1,169,180,170,-1,170,180,181,-1,170,181,182,-1,182,181,175,-1,182,175,183,-1,183,175,177,-1,175,181,93,-1,161,160,92,-1,92,160,149,-1,174,179,93,-1,149,151,92,-1,92,151,152,-1,92,152,148,-1,174,93,173,-1,148,147,92,-1,92,147,145,-1,92,145,93,-1,93,145,165,-1,93,165,173,-1,179,178,93,-1,93,178,176,-1,93,176,175,-1,111,117,95,-1,181,180,93,-1,93,180,169,-1,110,115,95,-1,169,171,93,-1,93,171,172,-1,93,172,168,-1,110,95,109,-1,168,167,93,-1,93,167,98,-1,93,98,95,-1,95,98,99,-1,95,99,109,-1,115,114,95,-1,95,114,112,-1,95,112,111,-1,133,139,94,-1,117,116,95,-1,95,116,105,-1,132,137,94,-1,105,107,95,-1,95,107,108,-1,95,108,104,-1,132,94,131,-1,104,103,95,-1,95,103,101,-1,95,101,94,-1,94,101,120,-1,94,120,131,-1,137,136,94,-1,94,136,134,-1,94,134,133,-1,155,161,92,-1,154,159,92,-1,154,92,153,-1,139,138,94,-1,94,138,127,-1,159,158,92,-1,92,158,156,-1,92,156,155,-1,127,129,94,-1,94,129,130,-1,94,130,126,-1,126,125,94,-1,94,125,123,-1,94,123,92,-1,92,123,142,-1,92,142,153,-1,
        ]
    }
}
Shape{
    appearance Appearance {
        material  Material {
            diffuseColor 1.0 1.0 1.0
            specularColor 0.5019607843137255 0.5019607843137255 0.5019607843137255
            ambientIntensity 1.0
            transparency 0.0
            shininess 0.5
        }
    }
    geometry IndexedFaceSet {
        ccw TRUE
        solid FALSE
        coord DEF co Coordinate {
            point [
                5.5118 0.0054 0.4649, 5.5118 0.0054 0.4622, 5.5118 0.0054 0.4649, 5.5118 0.0054 0.4622, 5.5118 -0.0042 0.4649, 5.5118 -0.0042 0.4649, 5.5118 -0.0042 0.4862, 5.5118 -0.0042 0.4862, 5.5118 -0.0073 0.4862, 5.5118 -0.0073 0.4862, 5.5118 -0.0073 0.4622, 5.5118 -0.0073 0.4622, 5.5118 0.0215 0.4622, 5.5118 0.0177 0.4618, 5.5118 0.0197 0.462, 5.5118 0.0177 0.4618, 5.5118 0.0215 0.4622, 5.5118 0.0241 0.4631, 5.5118 0.0241 0.4631, 5.5118 0.0243 0.4632, 5.5118 0.0243 0.4632, 5.5118 0.0243 0.4662, 5.5118 0.0243 0.4662, 5.5118 0.0219 0.4651, 5.5118 0.0219 0.4651, 5.5118 0.0192 0.4646, 5.5118 0.0192 0.4646, 5.5118 0.0181 0.4646, 5.5118 0.0181 0.4646, 5.5118 0.0159 0.4648, 5.5118 0.0159 0.4648, 5.5118 0.0142 0.4654, 5.5118 0.0142 0.4654, 5.5118 0.0126 0.4665, 5.5118 0.0126 0.4665, 5.5118 0.012 0.4671, 5.5118 0.012 0.4671, 5.5118 0.0108 0.4688, 5.5118 0.0108 0.4688, 5.5118 0.01 0.4708, 5.5118 0.01 0.4708, 5.5118 0.0096 0.4737, 5.5118 0.0096 0.4737, 5.5118 0.0096 0.4739, 5.5118 0.0096 0.4739, 5.5118 0.0099 0.4769, 5.5118 0.0099 0.4769, 5.5118 0.0107 0.4791, 5.5118 0.0107 0.4791, 5.5118 0.0118 0.4808, 5.5118 0.0118 0.4808, 5.5118 0.0121 0.4812, 5.5118 0.0121 0.4812, 5.5118 0.0137 0.4825, 5.5118 0.0137 0.4825, 5.5118 0.0156 0.4834, 5.5118 0.0156 0.4834, 5.5118 0.0176 0.4838, 5.5118 0.0176 0.4838, 5.5118 0.0187 0.4838, 5.5118 0.0187 0.4838, 5.5118 0.0215 0.4835, 5.5118 0.0215 0.4835, 5.5118 0.024 0.4826, 5.5118 0.024 0.4826, 5.5118 0.0243 0.4824, 5.5118 0.0243 0.4824, 5.5118 0.0243 0.4857, 5.5118 0.0243 0.4857, 5.5118 0.0187 0.4866, 5.5118 0.0187 0.4866, 5.5118 0.0189 0.4866, 5.5118 0.022 0.4864, 5.5118 0.022 0.4864, 5.5118 0.0211 0.4864, 5.5118 0.0189 0.4866, 5.5118 0.0154 0.4863, 5.5118 0.0168 0.4864, 5.5118 0.0154 0.4863, 5.5118 0.0129 0.4854, 5.5118 0.0129 0.4854, 5.5118 0.0105 0.4838, 5.5118 0.0105 0.4838, 5.5118 0.0098 0.4831, 5.5118 0.0098 0.4831, 5.5118 0.0082 0.4809, 5.5118 0.0082 0.4809, 5.5118 0.0074 0.4793, 5.5118 0.007 0.4783, 5.5118 0.007 0.4783, 5.5118 0.0064 0.4752, 5.5118 0.0064 0.4752, 5.5118 0.0064 0.4738, 5.5118 0.0064 0.4738, 5.5118 0.0067 0.4702, 5.5118 0.0067 0.4702, 5.5118 0.0074 0.4683, 5.5118 0.0077 0.4676, 5.5118 0.0077 0.4676, 5.5118 0.009 0.4655, 5.5118 0.009 0.4655, 5.5118 0.0094 0.4651, 5.5118 0.0094 0.4651, 5.5118 0.0161 0.4619, 5.5118 0.0113 0.4635, 5.5118 0.0113 0.4635, 5.5118 0.0135 0.4625, 5.5118 0.0135 0.4625, 5.5118 0.0156 0.462, 5.5118 0.0161 0.4619, 5.5118 0.0421 0.4649, 5.5118 0.0421 0.4622, 5.5118 0.0421 0.4649, 5.5118 0.0421 0.4622, 5.5118 0.0323 0.4649, 5.5118 0.0323 0.4649, 5.5118 0.0387 0.4649, 5.5118 0.0323 0.473, 5.5118 0.0323 0.473, 5.5118 0.0408 0.473, 5.5118 0.0408 0.473, 5.5118 0.0387 0.473, 5.5118 0.0408 0.4758, 5.5118 0.0408 0.4758, 5.5118 0.0323 0.4758, 5.5118 0.0323 0.4758, 5.5118 0.0387 0.4758, 5.5118 0.0323 0.4835, 5.5118 0.0323 0.4835, 5.5118 0.0415 0.4835, 5.5118 0.0415 0.4835, 5.5118 0.0387 0.4835, 5.5118 0.0415 0.4862, 5.5118 0.0415 0.4862, 5.5118 0.0292 0.4862, 5.5118 0.0292 0.4862, 5.5118 0.0387 0.4862, 5.5118 0.0292 0.4622, 5.5118 0.0292 0.4622, 5.5118 0.0387 0.4622, 5.5118 0.0628 0.4731, 5.5118 0.0661 0.4728, 5.5118 0.0629 0.4744, 5.5118 0.0662 0.4745, 5.5118 0.0626 0.4771, 5.5118 0.0658 0.4776, 5.5118 0.062 0.479, 5.5118 0.065 0.4799, 5.5118 0.0611 0.4804, 5.5118 0.0635 0.4821, 5.5118 0.0603 0.4812, 5.5118 0.0625 0.483, 5.5118 0.0584 0.4824, 5.5118 0.0602 0.4847, 5.5118 0.0563 0.4832, 5.5118 0.0573 0.4858, 5.5118 0.0533 0.4835, 5.5118 0.0535 0.4862, 5.5118 0.0497 0.4835, 5.5118 0.0466 0.4862, 5.5118 0.0497 0.4649, 5.5118 0.0466 0.4622, 5.5118 0.0532 0.4649, 5.5118 0.0532 0.4622, 5.5118 0.0562 0.4653, 5.5118 0.0569 0.4626, 5.5118 0.0583 0.466, 5.5118 0.0597 0.4636, 5.5118 0.0599 0.467, 5.5118 0.0621 0.4652, 5.5118 0.0603 0.4675, 5.5118 0.0625 0.4656, 5.5118 0.0616 0.469, 5.5118 0.0642 0.4676, 5.5118 0.0624 0.4708, 5.5118 0.0655 0.47, 5.5118 0.0532 0.4622, 5.5118 0.0466 0.4622, 5.5118 0.0569 0.4626, 5.5118 0.0576 0.4629, 5.5118 0.0597 0.4636, 5.5118 0.0621 0.4652, 5.5118 0.0625 0.4656, 5.5118 0.0642 0.4676, 5.5118 0.0655 0.47, 5.5118 0.0661 0.4728, 5.5118 0.0662 0.4745, 5.5118 0.0658 0.4776, 5.5118 0.065 0.4799, 5.5118 0.0635 0.4821, 5.5118 0.0625 0.483, 5.5118 0.0535 0.4862, 5.5118 0.0602 0.4847, 5.5118 0.0576 0.4857, 5.5118 0.0573 0.4858, 5.5118 0.0466 0.4862, 5.5118 0.0533 0.4835, 5.5118 0.0497 0.4835, 5.5118 0.0497 0.4649, 5.5118 0.0532 0.4649, 5.5118 0.0603 0.4675, 5.5118 0.0599 0.467, 5.5118 0.0583 0.466, 5.5118 0.0562 0.4653, 5.5118 0.0629 0.4744, 5.5118 0.0628 0.4731, 5.5118 0.0624 0.4708, 5.5118 0.0616 0.469, 5.5118 0.0603 0.4812, 5.5118 0.0611 0.4804, 5.5118 0.062 0.479, 5.5118 0.0626 0.4771, 5.5118 0.0563 0.4832, 5.5118 0.0584 0.4824
            ]
        }
        coordIndex [
            0,1,2,-1,2,1,3,-1,4,0,5,-1,5,0,2,-1,6,4,7,-1,7,4,5,-1,8,6,9,-1,9,6,7,-1,10,8,11,-1,11,8,9,-1,1,10,3,-1,3,10,11,-1,6,8,4,-1,4,8,10,-1,4,10,0,-1,0,10,1,-1,12,13,14,-1,14,13,15,-1,14,16,12,-1,12,16,17,-1,12,17,18,-1,18,17,19,-1,18,19,20,-1,21,20,22,-1,22,20,19,-1,21,22,23,-1,21,23,24,-1,24,23,25,-1,24,25,26,-1,26,25,27,-1,26,27,28,-1,28,27,29,-1,28,29,30,-1,30,29,31,-1,30,31,32,-1,32,31,33,-1,32,33,34,-1,34,33,35,-1,34,35,36,-1,36,35,37,-1,36,37,38,-1,38,37,39,-1,38,39,40,-1,40,39,41,-1,40,41,42,-1,42,41,43,-1,42,43,44,-1,44,43,45,-1,44,45,46,-1,46,45,47,-1,46,47,48,-1,48,47,49,-1,48,49,50,-1,50,49,51,-1,50,51,52,-1,52,51,53,-1,52,53,54,-1,54,53,55,-1,54,55,56,-1,56,55,57,-1,56,57,58,-1,58,57,59,-1,58,59,60,-1,60,59,61,-1,60,61,62,-1,62,61,63,-1,62,63,64,-1,64,63,65,-1,64,65,66,-1,67,66,68,-1,68,66,65,-1,69,70,71,-1,67,68,72,-1,67,72,73,-1,73,72,74,-1,73,74,71,-1,71,74,75,-1,71,75,69,-1,76,70,77,-1,77,70,69,-1,77,78,76,-1,76,78,79,-1,76,79,80,-1,80,79,81,-1,80,81,82,-1,82,81,83,-1,82,83,84,-1,84,83,85,-1,84,85,86,-1,86,85,87,-1,86,87,88,-1,87,89,88,-1,88,89,90,-1,88,90,91,-1,91,90,92,-1,91,92,93,-1,93,92,94,-1,93,94,95,-1,95,94,96,-1,95,96,97,-1,96,98,97,-1,97,98,99,-1,97,99,100,-1,100,99,101,-1,100,101,102,-1,15,13,103,-1,102,101,104,-1,102,104,105,-1,105,104,106,-1,105,106,107,-1,107,106,108,-1,107,108,103,-1,103,108,109,-1,103,109,15,-1,64,66,67,-1,38,40,95,-1,46,48,86,-1,95,40,93,-1,86,48,84,-1,64,67,62,-1,62,67,73,-1,62,73,60,-1,60,73,71,-1,60,71,58,-1,58,71,70,-1,58,70,56,-1,56,70,76,-1,56,76,54,-1,20,21,18,-1,18,21,24,-1,18,24,12,-1,12,24,13,-1,76,80,54,-1,54,80,82,-1,54,82,52,-1,52,82,84,-1,52,84,50,-1,50,84,48,-1,95,97,38,-1,38,97,100,-1,38,100,36,-1,36,100,102,-1,36,102,34,-1,34,102,105,-1,34,105,32,-1,32,105,107,-1,32,107,30,-1,30,107,103,-1,30,103,28,-1,28,103,13,-1,28,13,26,-1,26,13,24,-1,40,42,93,-1,93,42,44,-1,93,44,91,-1,91,44,46,-1,91,46,88,-1,88,46,86,-1,110,111,112,-1,112,111,113,-1,114,115,116,-1,116,115,110,-1,116,110,112,-1,117,115,118,-1,118,115,114,-1,119,120,121,-1,121,120,117,-1,121,117,118,-1,122,120,123,-1,123,120,119,-1,124,125,126,-1,126,125,122,-1,126,122,123,-1,127,125,128,-1,128,125,124,-1,129,130,131,-1,131,130,127,-1,131,127,128,-1,132,130,133,-1,133,130,129,-1,134,135,136,-1,136,135,132,-1,136,132,133,-1,137,135,138,-1,138,135,134,-1,113,111,139,-1,139,111,137,-1,139,137,138,-1,120,122,117,-1,117,122,125,-1,111,110,137,-1,137,110,115,-1,130,132,127,-1,127,132,135,-1,127,135,125,-1,125,135,137,-1,125,137,117,-1,117,137,115,-1,140,141,142,-1,142,141,143,-1,142,143,144,-1,144,143,145,-1,144,145,146,-1,146,145,147,-1,146,147,148,-1,148,147,149,-1,148,149,150,-1,150,149,151,-1,150,151,152,-1,152,151,153,-1,152,153,154,-1,154,153,155,-1,154,155,156,-1,156,155,157,-1,156,157,158,-1,158,157,159,-1,158,159,160,-1,160,159,161,-1,160,161,162,-1,162,161,163,-1,162,163,164,-1,164,163,165,-1,164,165,166,-1,166,165,167,-1,166,167,168,-1,168,167,169,-1,168,169,170,-1,170,169,171,-1,170,171,172,-1,172,171,173,-1,172,173,174,-1,174,173,175,-1,174,175,140,-1,140,175,141,-1,163,161,176,-1,176,161,177,-1,163,176,178,-1,163,178,165,-1,165,178,179,-1,165,179,167,-1,179,180,167,-1,167,180,181,-1,167,181,169,-1,169,181,182,-1,169,182,171,-1,171,182,183,-1,171,183,173,-1,173,183,184,-1,173,184,175,-1,175,184,185,-1,175,185,141,-1,141,185,186,-1,141,186,143,-1,143,186,187,-1,143,187,145,-1,145,187,188,-1,145,188,147,-1,147,188,189,-1,147,189,149,-1,149,189,190,-1,149,190,151,-1,191,157,155,-1,151,190,192,-1,151,192,153,-1,153,192,193,-1,153,193,155,-1,155,193,194,-1,155,194,191,-1,159,157,195,-1,195,157,191,-1,161,159,177,-1,177,159,195,-1,156,158,196,-1,196,158,197,-1,158,160,197,-1,197,160,198,-1,160,162,198,-1,198,162,199,-1,170,200,201,-1,170,201,168,-1,168,201,202,-1,168,202,166,-1,166,202,203,-1,166,203,164,-1,164,203,199,-1,164,199,162,-1,142,204,205,-1,142,205,140,-1,140,205,206,-1,140,206,174,-1,174,206,207,-1,174,207,172,-1,172,207,200,-1,172,200,170,-1,150,208,209,-1,150,209,148,-1,148,209,210,-1,148,210,146,-1,146,210,211,-1,146,211,144,-1,144,211,204,-1,144,204,142,-1,156,196,212,-1,156,212,154,-1,154,212,213,-1,154,213,152,-1,152,213,208,-1,152,208,150,-1,
        ]
    }
}
Shape{
    appearance Appearance {
        material  Material {
            diffuseColor 0.2235294117647059 0.2235294117647059 0.2235294117647059
            specularColor 0.11372549019607843 0.11372549019607843 0.11372549019607843
            ambientIntensity 0.2235
            transparency 0.0
            shininess 0.5
        }
    }
    geometry IndexedFaceSet {
        ccw TRUE
        solid FALSE
        coord DEF co Coordinate {
            point [
                5.5118 0.0497 0.4835, 5.5118 0.0497 0.4649, 5.5118 0.0533 0.4835, 5.5118 0.0532 0.4649, 5.5118 0.0562 0.4653, 5.5118 0.0583 0.466, 5.5118 0.0599 0.467, 5.5118 0.0603 0.4675, 5.5118 0.0616 0.469, 5.5118 0.0624 0.4708, 5.5118 0.0628 0.4731, 5.5118 0.0629 0.4744, 5.5118 0.0626 0.4771, 5.5118 0.062 0.479, 5.5118 0.0611 0.4804, 5.5118 0.0603 0.4812, 5.5118 0.0563 0.4832, 5.5118 0.0584 0.4824
            ]
        }
        coordIndex [
            0,1,2,-1,2,1,3,-1,2,3,4,-1,4,5,2,-1,2,5,6,-1,2,6,7,-1,7,8,2,-1,2,8,9,-1,2,9,10,-1,10,11,2,-1,2,11,12,-1,2,12,13,-1,13,14,2,-1,2,14,15,-1,2,15,16,-1,16,15,17,-1,
        ]
    }
}
Shape{
    appearance Appearance {
        material  Material {
            diffuseColor 1.0 1.0 1.0
            specularColor 0.5019607843137255 0.5019607843137255 0.5019607843137255
            ambientIntensity 1.0
            transparency 0.0
            shininess 0.5
        }
    }
    geometry IndexedFaceSet {
        ccw TRUE
        solid FALSE
        coord DEF co Coordinate {
            point [
                5.5118 0.0742 0.4715, 5.5118 0.0732 0.4688, 5.5118 0.0823 0.4715, 5.5118 0.0832 0.4688, 5.5118 0.0778 0.4815, 5.5118 0.0767 0.4862, 5.5118 0.0675 0.4622, 5.5118 0.0709 0.4622, 5.5118 0.078 0.4822, 5.5118 0.0782 0.4832, 5.5118 0.08 0.4862, 5.5118 0.0783 0.4832, 5.5118 0.0785 0.4821, 5.5118 0.0787 0.4815, 5.5118 0.0891 0.4622, 5.5118 0.0857 0.4622, 5.5118 0.08 0.4862, 5.5118 0.0891 0.4622, 5.5118 0.0767 0.4862, 5.5118 0.0675 0.4622, 5.5118 0.0744 0.4804, 5.5118 0.0709 0.4622, 5.5118 0.0732 0.4688, 5.5118 0.0832 0.4688, 5.5118 0.0744 0.4688, 5.5118 0.0857 0.4622, 5.5118 0.0742 0.4715, 5.5118 0.0823 0.4715, 5.5118 0.0787 0.4815, 5.5118 0.0783 0.4832, 5.5118 0.0785 0.4821, 5.5118 0.0782 0.4832, 5.5118 0.0778 0.4815, 5.5118 0.078 0.4822
            ]
        }
        coordIndex [
            0,1,2,-1,2,1,3,-1,4,5,0,-1,0,5,6,-1,0,6,1,-1,1,6,7,-1,4,8,5,-1,5,8,9,-1,5,9,10,-1,10,9,11,-1,10,11,12,-1,12,13,10,-1,10,13,2,-1,10,2,14,-1,14,2,3,-1,14,3,15,-1,10,14,16,-1,16,14,17,-1,5,10,18,-1,18,10,16,-1,19,6,20,-1,20,6,5,-1,20,5,18,-1,7,6,21,-1,21,6,19,-1,1,7,22,-1,22,7,21,-1,23,3,24,-1,24,3,1,-1,24,1,22,-1,15,3,25,-1,25,3,23,-1,14,15,17,-1,17,15,25,-1,0,2,26,-1,26,2,27,-1,2,13,27,-1,27,13,28,-1,11,29,30,-1,11,30,12,-1,12,30,28,-1,12,28,13,-1,11,9,29,-1,29,9,31,-1,4,32,33,-1,4,33,8,-1,8,33,31,-1,8,31,9,-1,4,0,32,-1,32,0,26,-1,
        ]
    }
}
Shape{
    appearance Appearance {
        material  Material {
            diffuseColor 0.2235294117647059 0.2235294117647059 0.2235294117647059
            specularColor 0.11372549019607843 0.11372549019607843 0.11372549019607843
            ambientIntensity 0.2235
            transparency 0.0
            shininess 0.5
        }
    }
    geometry IndexedFaceSet {
        ccw TRUE
        solid FALSE
        coord DEF co Coordinate {
            point [
                5.5118 0.0783 0.4832, 5.5118 0.0782 0.4832, 5.5118 0.0785 0.4821, 5.5118 0.078 0.4822, 5.5118 0.0787 0.4815, 5.5118 0.0778 0.4815, 5.5118 0.0823 0.4715, 5.5118 0.0742 0.4715
            ]
        }
        coordIndex [
            0,1,2,-1,2,1,3,-1,2,3,4,-1,4,3,5,-1,4,5,6,-1,6,5,7,-1,
        ]
    }
}
Shape{
    appearance Appearance {
        material  Material {
            diffuseColor 1.0 1.0 1.0
            specularColor 0.5019607843137255 0.5019607843137255 0.5019607843137255
            ambientIntensity 1.0
            transparency 0.0
            shininess 0.5
        }
    }
    geometry IndexedFaceSet {
        ccw TRUE
        solid FALSE
        coord DEF co Coordinate {
            point [
                5.5118 0.0056 0.4268, 5.5118 0.0056 0.4241, 5.5118 0.0056 0.4268, 5.5118 0.0056 0.4241, 5.5118 -0.0042 0.4268, 5.5118 -0.0042 0.4268, 5.5118 -0.0042 0.4349, 5.5118 -0.0042 0.4349, 5.5118 0.0044 0.4349, 5.5118 0.0044 0.4349, 5.5118 0.0044 0.4377, 5.5118 0.0044 0.4377, 5.5118 -0.0042 0.4377, 5.5118 -0.0042 0.4377, 5.5118 -0.0042 0.4454, 5.5118 -0.0042 0.4454, 5.5118 0.0051 0.4454, 5.5118 0.0051 0.4454, 5.5118 0.0051 0.4481, 5.5118 0.0051 0.4481, 5.5118 -0.0073 0.4481, 5.5118 -0.0073 0.4481, 5.5118 -0.0073 0.4241, 5.5118 -0.0073 0.4241, 5.5118 0.0192 0.4268, 5.5118 0.0193 0.4268, 5.5118 0.0191 0.4295, 5.5118 0.012 0.4338, 5.5118 0.0107 0.4331, 5.5118 0.0124 0.4311, 5.5118 0.0193 0.4309, 5.5118 0.0223 0.4351, 5.5118 0.0193 0.4311, 5.5118 0.0193 0.4327, 5.5118 0.0193 0.4241, 5.5118 0.0223 0.4241, 5.5118 0.0187 0.4284, 5.5118 0.018 0.4276, 5.5118 0.0187 0.426, 5.5118 0.0176 0.4272, 5.5118 0.0178 0.425, 5.5118 0.0168 0.4266, 5.5118 0.0167 0.4243, 5.5118 0.0159 0.4263, 5.5118 0.0155 0.4239, 5.5118 0.0147 0.4262, 5.5118 0.014 0.4237, 5.5118 0.0137 0.4263, 5.5118 0.0122 0.4239, 5.5118 0.013 0.4265, 5.5118 0.011 0.4243, 5.5118 0.0124 0.4269, 5.5118 0.01 0.425, 5.5118 0.0122 0.4272, 5.5118 0.012 0.4307, 5.5118 0.0098 0.4323, 5.5118 0.0117 0.4301, 5.5118 0.0092 0.4315, 5.5118 0.0116 0.4294, 5.5118 0.0128 0.4314, 5.5118 0.0135 0.4318, 5.5118 0.0142 0.4343, 5.5118 0.0153 0.4322, 5.5118 0.0193 0.435, 5.5118 0.0102 0.4401, 5.5118 0.0102 0.4371, 5.5118 0.011 0.4405, 5.5118 0.0121 0.4384, 5.5118 0.0133 0.4413, 5.5118 0.014 0.439, 5.5118 0.0161 0.4417, 5.5118 0.0158 0.4392, 5.5118 0.0179 0.4415, 5.5118 0.0168 0.4391, 5.5118 0.0192 0.4411, 5.5118 0.0175 0.4389, 5.5118 0.0202 0.4405, 5.5118 0.0181 0.4385, 5.5118 0.021 0.4397, 5.5118 0.0185 0.438, 5.5118 0.0216 0.4388, 5.5118 0.0189 0.4374, 5.5118 0.0221 0.4374, 5.5118 0.0192 0.4363, 5.5118 0.0087 0.4304, 5.5118 0.0085 0.4291, 5.5118 0.0116 0.4289, 5.5118 0.0085 0.4287, 5.5118 0.0116 0.4282, 5.5118 0.0087 0.4273, 5.5118 0.0118 0.4277, 5.5118 0.009 0.4263, 5.5118 0.0096 0.4254, 5.5118 0.0161 0.4417, 5.5118 0.0133 0.4413, 5.5118 0.011 0.4405, 5.5118 0.0102 0.4401, 5.5118 0.0102 0.4371, 5.5118 0.0121 0.4384, 5.5118 0.014 0.439, 5.5118 0.0158 0.4392, 5.5118 0.0168 0.4391, 5.5118 0.0175 0.4389, 5.5118 0.0181 0.4385, 5.5118 0.0185 0.438, 5.5118 0.0189 0.4374, 5.5118 0.0192 0.4363, 5.5118 0.0193 0.435, 5.5118 0.0142 0.4343, 5.5118 0.012 0.4338, 5.5118 0.0107 0.4331, 5.5118 0.0098 0.4323, 5.5118 0.0092 0.4315, 5.5118 0.0087 0.4304, 5.5118 0.0085 0.4291, 5.5118 0.0085 0.4287, 5.5118 0.0087 0.4273, 5.5118 0.009 0.4263, 5.5118 0.0096 0.4254, 5.5118 0.01 0.425, 5.5118 0.014 0.4237, 5.5118 0.0122 0.4239, 5.5118 0.0122 0.4239, 5.5118 0.011 0.4243, 5.5118 0.0155 0.4239, 5.5118 0.0156 0.4239, 5.5118 0.0167 0.4243, 5.5118 0.0178 0.425, 5.5118 0.0187 0.426, 5.5118 0.0192 0.4268, 5.5118 0.0193 0.4268, 5.5118 0.0193 0.4241, 5.5118 0.0223 0.4241, 5.5118 0.0223 0.4351, 5.5118 0.0221 0.4374, 5.5118 0.0216 0.4388, 5.5118 0.021 0.4397, 5.5118 0.0202 0.4405, 5.5118 0.0192 0.4411, 5.5118 0.0179 0.4415, 5.5118 0.0124 0.4311, 5.5118 0.0128 0.4314, 5.5118 0.0135 0.4318, 5.5118 0.0153 0.4322, 5.5118 0.0116 0.4289, 5.5118 0.0116 0.4294, 5.5118 0.0117 0.4301, 5.5118 0.012 0.4307, 5.5118 0.0124 0.4269, 5.5118 0.0122 0.4272, 5.5118 0.0118 0.4277, 5.5118 0.0116 0.4282, 5.5118 0.0147 0.4262, 5.5118 0.0137 0.4263, 5.5118 0.013 0.4265, 5.5118 0.018 0.4276, 5.5118 0.0176 0.4272, 5.5118 0.0168 0.4266, 5.5118 0.0159 0.4263, 5.5118 0.0193 0.4311, 5.5118 0.0193 0.4309, 5.5118 0.0191 0.4295, 5.5118 0.0187 0.4284, 5.5118 0.0193 0.4327
            ]
        }
        coordIndex [
            0,1,2,-1,2,1,3,-1,4,0,5,-1,5,0,2,-1,6,4,7,-1,7,4,5,-1,8,6,9,-1,9,6,7,-1,10,8,11,-1,11,8,9,-1,12,10,13,-1,13,10,11,-1,14,12,15,-1,15,12,13,-1,16,14,17,-1,17,14,15,-1,18,16,19,-1,19,16,17,-1,20,18,21,-1,21,18,19,-1,22,20,23,-1,23,20,21,-1,1,22,3,-1,3,22,23,-1,22,1,0,-1,0,4,22,-1,22,4,6,-1,22,6,20,-1,16,18,14,-1,14,18,20,-1,14,20,12,-1,12,20,6,-1,12,6,10,-1,10,6,8,-1,24,25,26,-1,27,28,29,-1,30,31,32,-1,32,31,33,-1,34,35,25,-1,25,35,31,-1,25,31,26,-1,26,31,30,-1,26,36,24,-1,24,36,37,-1,24,37,38,-1,38,37,39,-1,38,39,40,-1,40,39,41,-1,40,41,42,-1,42,41,43,-1,42,43,44,-1,44,43,45,-1,44,45,46,-1,46,45,47,-1,46,47,48,-1,48,47,49,-1,48,49,50,-1,50,49,51,-1,50,51,52,-1,52,51,53,-1,29,28,54,-1,54,28,55,-1,54,55,56,-1,56,55,57,-1,56,57,58,-1,29,59,27,-1,27,59,60,-1,27,60,61,-1,61,60,62,-1,61,62,63,-1,64,65,66,-1,66,65,67,-1,66,67,68,-1,68,67,69,-1,68,69,70,-1,70,69,71,-1,70,71,72,-1,72,71,73,-1,72,73,74,-1,74,73,75,-1,74,75,76,-1,76,75,77,-1,76,77,78,-1,78,77,79,-1,78,79,80,-1,80,79,81,-1,80,81,82,-1,82,81,83,-1,82,83,31,-1,31,83,63,-1,31,63,33,-1,33,63,62,-1,57,84,58,-1,58,84,85,-1,58,85,86,-1,86,85,87,-1,86,87,88,-1,88,87,89,-1,88,89,90,-1,90,89,91,-1,90,91,53,-1,53,91,92,-1,53,92,52,-1,70,93,94,-1,70,94,68,-1,68,94,95,-1,68,95,66,-1,66,95,96,-1,66,96,64,-1,65,64,97,-1,97,64,96,-1,65,97,98,-1,65,98,67,-1,67,98,99,-1,67,99,69,-1,69,99,100,-1,69,100,71,-1,71,100,101,-1,71,101,73,-1,73,101,102,-1,73,102,75,-1,75,102,103,-1,75,103,77,-1,77,103,104,-1,77,104,79,-1,79,104,105,-1,79,105,81,-1,81,105,106,-1,81,106,83,-1,83,106,107,-1,83,107,63,-1,61,63,108,-1,108,63,107,-1,61,108,109,-1,61,109,27,-1,27,109,110,-1,27,110,28,-1,28,110,111,-1,28,111,55,-1,55,111,112,-1,55,112,57,-1,57,112,113,-1,57,113,84,-1,84,113,114,-1,84,114,85,-1,85,114,115,-1,85,115,87,-1,87,115,116,-1,87,116,89,-1,89,116,117,-1,89,117,91,-1,91,117,118,-1,91,118,92,-1,92,118,119,-1,92,119,52,-1,120,46,121,-1,121,46,48,-1,121,48,122,-1,122,48,50,-1,122,50,123,-1,123,50,52,-1,123,52,119,-1,46,120,124,-1,46,124,44,-1,44,124,125,-1,44,125,42,-1,125,126,42,-1,42,126,127,-1,42,127,40,-1,40,127,128,-1,40,128,38,-1,38,128,129,-1,38,129,24,-1,25,24,130,-1,130,24,129,-1,34,25,131,-1,131,25,130,-1,35,34,132,-1,132,34,131,-1,31,35,133,-1,133,35,132,-1,31,133,134,-1,31,134,82,-1,82,134,135,-1,82,135,80,-1,80,135,136,-1,80,136,78,-1,78,136,137,-1,78,137,76,-1,76,137,138,-1,76,138,74,-1,74,138,139,-1,74,139,72,-1,72,139,93,-1,72,93,70,-1,29,140,141,-1,29,141,59,-1,59,141,142,-1,59,142,60,-1,60,142,143,-1,60,143,62,-1,86,144,145,-1,86,145,58,-1,58,145,146,-1,58,146,56,-1,56,146,147,-1,56,147,54,-1,54,147,140,-1,54,140,29,-1,51,148,149,-1,51,149,53,-1,53,149,150,-1,53,150,90,-1,90,150,151,-1,90,151,88,-1,88,151,144,-1,88,144,86,-1,45,152,153,-1,45,153,47,-1,47,153,154,-1,47,154,49,-1,49,154,148,-1,49,148,51,-1,37,155,156,-1,37,156,39,-1,39,156,157,-1,39,157,41,-1,41,157,158,-1,41,158,43,-1,43,158,152,-1,43,152,45,-1,32,159,160,-1,32,160,30,-1,30,160,161,-1,30,161,26,-1,26,161,162,-1,26,162,36,-1,36,162,155,-1,36,155,37,-1,32,33,159,-1,159,33,163,-1,33,62,163,-1,163,62,143,-1,
        ]
    }
}
Shape{
    appearance Appearance {
        material  Material {
            diffuseColor 0.2235294117647059 0.2235294117647059 0.2235294117647059
            specularColor 0.11372549019607843 0.11372549019607843 0.11372549019607843
            ambientIntensity 0.2235
            transparency 0.0
            shininess 0.5
        }
    }
    geometry IndexedFaceSet {
        ccw TRUE
        solid FALSE
        coord DEF co Coordinate {
            point [
                5.5118 0.0193 0.4327, 5.5118 0.0153 0.4322, 5.5118 0.0193 0.4311, 5.5118 0.0135 0.4318, 5.5118 0.0128 0.4314, 5.5118 0.0124 0.4311, 5.5118 0.0193 0.4309, 5.5118 0.0191 0.4295, 5.5118 0.012 0.4307, 5.5118 0.0187 0.4284, 5.5118 0.0122 0.4272, 5.5118 0.0124 0.4269, 5.5118 0.0176 0.4272, 5.5118 0.0118 0.4277, 5.5118 0.0168 0.4266, 5.5118 0.0159 0.4263, 5.5118 0.0147 0.4262, 5.5118 0.0117 0.4301, 5.5118 0.0116 0.4294, 5.5118 0.018 0.4276, 5.5118 0.0116 0.4289, 5.5118 0.0116 0.4282, 5.5118 0.013 0.4265, 5.5118 0.0137 0.4263
            ]
        }
        coordIndex [
            0,1,2,-1,2,1,3,-1,3,4,2,-1,2,4,5,-1,2,5,6,-1,6,5,7,-1,7,5,8,-1,7,8,9,-1,10,11,12,-1,10,12,13,-1,14,12,15,-1,15,12,16,-1,8,17,9,-1,9,17,18,-1,9,18,19,-1,19,18,20,-1,19,20,12,-1,12,20,21,-1,12,21,13,-1,11,22,12,-1,12,22,23,-1,12,23,16,-1,
        ]
    }
}
Shape{
    appearance Appearance {
        material  Material {
            diffuseColor 1.0 1.0 1.0
            specularColor 0.5019607843137255 0.5019607843137255 0.5019607843137255
            ambientIntensity 1.0
            transparency 0.0
            shininess 0.5
        }
    }
    geometry IndexedFaceSet {
        ccw TRUE
        solid FALSE
        coord DEF co Coordinate {
            point [
                5.5118 0.0264 0.4278, 5.5118 0.0264 0.4278, 5.5118 0.0276 0.4271, 5.5118 0.0313 0.4262, 5.5118 0.0313 0.4262, 5.5118 0.0294 0.4264, 5.5118 0.0294 0.4264, 5.5118 0.0278 0.427, 5.5118 0.0276 0.4271, 5.5118 0.0264 0.4247, 5.5118 0.0264 0.4247, 5.5118 0.0285 0.424, 5.5118 0.0278 0.4242, 5.5118 0.031 0.4237, 5.5118 0.031 0.4237, 5.5118 0.029 0.4239, 5.5118 0.0285 0.424, 5.5118 0.0335 0.424, 5.5118 0.033 0.4239, 5.5118 0.0335 0.424, 5.5118 0.0351 0.4245, 5.5118 0.0351 0.4245, 5.5118 0.036 0.4251, 5.5118 0.036 0.4251, 5.5118 0.0369 0.4258, 5.5118 0.0369 0.4258, 5.5118 0.0374 0.4266, 5.5118 0.0374 0.4266, 5.5118 0.0378 0.4276, 5.5118 0.0378 0.4276, 5.5118 0.038 0.4288, 5.5118 0.038 0.4288, 5.5118 0.0378 0.4299, 5.5118 0.0378 0.4299, 5.5118 0.0375 0.4308, 5.5118 0.0375 0.4308, 5.5118 0.037 0.4316, 5.5118 0.037 0.4316, 5.5118 0.0362 0.4322, 5.5118 0.0362 0.4322, 5.5118 0.0342 0.4334, 5.5118 0.0342 0.4334, 5.5118 0.0331 0.4338, 5.5118 0.0331 0.4338, 5.5118 0.0312 0.4346, 5.5118 0.0312 0.4346, 5.5118 0.0302 0.4353, 5.5118 0.0302 0.4353, 5.5118 0.0299 0.4356, 5.5118 0.0299 0.4356, 5.5118 0.0296 0.436, 5.5118 0.0296 0.436, 5.5118 0.0295 0.4365, 5.5118 0.0295 0.4365, 5.5118 0.0295 0.4369, 5.5118 0.0295 0.4369, 5.5118 0.0295 0.4374, 5.5118 0.0295 0.4374, 5.5118 0.0297 0.4378, 5.5118 0.0297 0.4378, 5.5118 0.03 0.4382, 5.5118 0.03 0.4382, 5.5118 0.0304 0.4386, 5.5118 0.0304 0.4386, 5.5118 0.0311 0.4389, 5.5118 0.0311 0.4389, 5.5118 0.0319 0.4391, 5.5118 0.0319 0.4391, 5.5118 0.0328 0.4392, 5.5118 0.0328 0.4392, 5.5118 0.0348 0.439, 5.5118 0.0348 0.439, 5.5118 0.0365 0.4384, 5.5118 0.0365 0.4384, 5.5118 0.0371 0.438, 5.5118 0.0371 0.438, 5.5118 0.0371 0.4409, 5.5118 0.0371 0.4409, 5.5118 0.0347 0.4415, 5.5118 0.0347 0.4415, 5.5118 0.0331 0.4417, 5.5118 0.0331 0.4417, 5.5118 0.0309 0.4414, 5.5118 0.0309 0.4414, 5.5118 0.0292 0.4408, 5.5118 0.0292 0.4408, 5.5118 0.0283 0.4403, 5.5118 0.0283 0.4403, 5.5118 0.0274 0.4395, 5.5118 0.0278 0.4398, 5.5118 0.0274 0.4395, 5.5118 0.0269 0.4387, 5.5118 0.0269 0.4387, 5.5118 0.0265 0.4377, 5.5118 0.0265 0.4377, 5.5118 0.0264 0.4366, 5.5118 0.0264 0.4366, 5.5118 0.0265 0.4355, 5.5118 0.0265 0.4355, 5.5118 0.0269 0.4345, 5.5118 0.0269 0.4345, 5.5118 0.0272 0.4339, 5.5118 0.0272 0.4339, 5.5118 0.0309 0.4316, 5.5118 0.0309 0.4316, 5.5118 0.0292 0.4325, 5.5118 0.0277 0.4334, 5.5118 0.0277 0.4334, 5.5118 0.0278 0.4334, 5.5118 0.0292 0.4325, 5.5118 0.0329 0.4308, 5.5118 0.0329 0.4308, 5.5118 0.0341 0.4301, 5.5118 0.0341 0.4301, 5.5118 0.0345 0.4297, 5.5118 0.0345 0.4297, 5.5118 0.0347 0.4293, 5.5118 0.0347 0.4293, 5.5118 0.0348 0.4288, 5.5118 0.0348 0.4288, 5.5118 0.0349 0.4285, 5.5118 0.0349 0.4285, 5.5118 0.0348 0.4279, 5.5118 0.0348 0.4279, 5.5118 0.0347 0.4275, 5.5118 0.0347 0.4275, 5.5118 0.0344 0.4271, 5.5118 0.0344 0.4271, 5.5118 0.034 0.4268, 5.5118 0.034 0.4268, 5.5118 0.0338 0.4266, 5.5118 0.0338 0.4266, 5.5118 0.033 0.4263, 5.5118 0.033 0.4263, 5.5118 0.0315 0.4262, 5.5118 0.0315 0.4262, 5.5118 0.0529 0.4413, 5.5118 0.056 0.4413, 5.5118 0.0529 0.4413, 5.5118 0.056 0.4413, 5.5118 0.0482 0.4283, 5.5118 0.0482 0.4283, 5.5118 0.048 0.4275, 5.5118 0.048 0.4275, 5.5118 0.0478 0.427, 5.5118 0.0478 0.427, 5.5118 0.0477 0.427, 5.5118 0.0477 0.427, 5.5118 0.0474 0.4284, 5.5118 0.0474 0.4284, 5.5118 0.0429 0.4413, 5.5118 0.0429 0.4413, 5.5118 0.0443 0.4371, 5.5118 0.0395 0.4413, 5.5118 0.0395 0.4413, 5.5118 0.0463 0.4241, 5.5118 0.0463 0.4241, 5.5118 0.0443 0.429, 5.5118 0.0449 0.421, 5.5118 0.0449 0.421, 5.5118 0.0462 0.4239, 5.5118 0.0443 0.4199, 5.5118 0.0443 0.4199, 5.5118 0.0443 0.4199, 5.5118 0.0438 0.4193, 5.5118 0.0438 0.4193, 5.5118 0.0432 0.4189, 5.5118 0.0432 0.4189, 5.5118 0.0426 0.4187, 5.5118 0.0426 0.4187, 5.5118 0.0419 0.4186, 5.5118 0.0419 0.4186, 5.5118 0.0408 0.4187, 5.5118 0.0408 0.4187, 5.5118 0.0401 0.4189, 5.5118 0.0401 0.4189, 5.5118 0.0401 0.4163, 5.5118 0.0401 0.4163, 5.5118 0.0414 0.416, 5.5118 0.0414 0.416, 5.5118 0.0421 0.416, 5.5118 0.0421 0.416, 5.5118 0.0433 0.4162, 5.5118 0.0433 0.4162, 5.5118 0.0443 0.4166, 5.5118 0.0445 0.4166, 5.5118 0.0445 0.4166, 5.5118 0.0455 0.4173, 5.5118 0.0455 0.4173, 5.5118 0.0457 0.4175, 5.5118 0.0457 0.4175, 5.5118 0.0468 0.4189, 5.5118 0.0468 0.4189, 5.5118 0.0482 0.4215, 5.5118 0.0482 0.4215, 5.5118 0.0492 0.4239, 5.5118 0.0722 0.4268, 5.5118 0.0722 0.4241, 5.5118 0.0722 0.4268, 5.5118 0.0722 0.4241, 5.5118 0.0623 0.4268, 5.5118 0.0623 0.4268, 5.5118 0.0668 0.4268, 5.5118 0.0623 0.4349, 5.5118 0.0623 0.4349, 5.5118 0.0709 0.4349, 5.5118 0.0709 0.4349, 5.5118 0.0668 0.4349, 5.5118 0.0709 0.4377, 5.5118 0.0709 0.4377, 5.5118 0.0623 0.4377, 5.5118 0.0623 0.4377, 5.5118 0.0668 0.4377, 5.5118 0.0623 0.4454, 5.5118 0.0623 0.4454, 5.5118 0.0716 0.4454, 5.5118 0.0716 0.4454, 5.5118 0.0668 0.4454, 5.5118 0.0716 0.4481, 5.5118 0.0716 0.4481, 5.5118 0.0592 0.4481, 5.5118 0.0592 0.4481, 5.5118 0.0668 0.4481, 5.5118 0.0592 0.4241, 5.5118 0.0592 0.4241, 5.5118 0.0668 0.4241, 5.5118 0.0929 0.435, 5.5118 0.0962 0.4347, 5.5118 0.093 0.4363, 5.5118 0.0963 0.4364, 5.5118 0.0927 0.439, 5.5118 0.0959 0.4395, 5.5118 0.0921 0.4409, 5.5118 0.0951 0.4418, 5.5118 0.0912 0.4423, 5.5118 0.0936 0.4439, 5.5118 0.0904 0.4431, 5.5118 0.0926 0.4449, 5.5118 0.0885 0.4443, 5.5118 0.0902 0.4466, 5.5118 0.0864 0.445, 5.5118 0.0874 0.4477, 5.5118 0.0834 0.4454, 5.5118 0.0835 0.4481, 5.5118 0.0798 0.4454, 5.5118 0.0767 0.4481, 5.5118 0.0798 0.4268, 5.5118 0.0767 0.4241, 5.5118 0.0833 0.4268, 5.5118 0.0833 0.4241, 5.5118 0.0863 0.4272, 5.5118 0.087 0.4245, 5.5118 0.0883 0.4279, 5.5118 0.0898 0.4255, 5.5118 0.0899 0.4289, 5.5118 0.0922 0.4271, 5.5118 0.0904 0.4293, 5.5118 0.0926 0.4275, 5.5118 0.0917 0.4309, 5.5118 0.0943 0.4295, 5.5118 0.0925 0.4327, 5.5118 0.0955 0.4319, 5.5118 0.0833 0.4241, 5.5118 0.0767 0.4241, 5.5118 0.087 0.4245, 5.5118 0.0898 0.4255, 5.5118 0.0922 0.4271, 5.5118 0.0926 0.4275, 5.5118 0.0943 0.4295, 5.5118 0.0955 0.4319, 5.5118 0.0962 0.4347, 5.5118 0.0963 0.4364, 5.5118 0.0959 0.4395, 5.5118 0.0951 0.4418, 5.5118 0.0936 0.4439, 5.5118 0.0926 0.4449, 5.5118 0.0902 0.4466, 5.5118 0.0874 0.4477, 5.5118 0.0835 0.4481, 5.5118 0.0767 0.4481, 5.5118 0.0834 0.4454, 5.5118 0.0798 0.4454, 5.5118 0.0798 0.4268, 5.5118 0.0833 0.4268, 5.5118 0.0904 0.4293, 5.5118 0.0899 0.4289, 5.5118 0.0883 0.4279, 5.5118 0.0863 0.4272, 5.5118 0.093 0.4363, 5.5118 0.0929 0.435, 5.5118 0.0925 0.4327, 5.5118 0.0917 0.4309, 5.5118 0.0904 0.4431, 5.5118 0.0912 0.4423, 5.5118 0.0921 0.4409, 5.5118 0.0927 0.439, 5.5118 0.0864 0.445, 5.5118 0.0885 0.4443
            ]
        }
        coordIndex [
            0,1,2,-1,3,4,5,-1,3,5,6,-1,6,5,7,-1,6,7,2,-1,2,7,8,-1,2,8,0,-1,9,1,10,-1,10,1,0,-1,11,9,12,-1,12,9,10,-1,13,14,15,-1,15,14,11,-1,15,11,16,-1,16,11,12,-1,17,14,18,-1,18,14,13,-1,18,19,17,-1,17,19,20,-1,17,20,21,-1,21,20,22,-1,21,22,23,-1,23,22,24,-1,23,24,25,-1,25,24,26,-1,25,26,27,-1,27,26,28,-1,27,28,29,-1,29,28,30,-1,29,30,31,-1,31,30,32,-1,31,32,33,-1,33,32,34,-1,33,34,35,-1,35,34,36,-1,35,36,37,-1,37,36,38,-1,37,38,39,-1,39,38,40,-1,39,40,41,-1,41,40,42,-1,41,42,43,-1,43,42,44,-1,43,44,45,-1,45,44,46,-1,45,46,47,-1,47,46,48,-1,47,48,49,-1,49,48,50,-1,49,50,51,-1,51,50,52,-1,51,52,53,-1,53,52,54,-1,53,54,55,-1,55,54,56,-1,55,56,57,-1,57,56,58,-1,57,58,59,-1,59,58,60,-1,59,60,61,-1,61,60,62,-1,61,62,63,-1,63,62,64,-1,63,64,65,-1,65,64,66,-1,65,66,67,-1,67,66,68,-1,67,68,69,-1,69,68,70,-1,69,70,71,-1,71,70,72,-1,71,72,73,-1,73,72,74,-1,73,74,75,-1,76,75,77,-1,77,75,74,-1,76,77,78,-1,76,78,79,-1,79,78,80,-1,79,80,81,-1,81,80,82,-1,81,82,83,-1,83,82,84,-1,83,84,85,-1,85,84,86,-1,85,86,87,-1,88,87,89,-1,89,87,86,-1,89,90,88,-1,88,90,91,-1,88,91,92,-1,92,91,93,-1,92,93,94,-1,94,93,95,-1,94,95,96,-1,96,95,97,-1,96,97,98,-1,98,97,99,-1,98,99,100,-1,100,99,101,-1,100,101,102,-1,103,104,105,-1,102,101,106,-1,102,106,107,-1,107,106,108,-1,107,108,105,-1,105,108,109,-1,105,109,103,-1,104,103,110,-1,104,110,111,-1,111,110,112,-1,111,112,113,-1,113,112,114,-1,113,114,115,-1,115,114,116,-1,115,116,117,-1,117,116,118,-1,117,118,119,-1,119,118,120,-1,119,120,121,-1,121,120,122,-1,121,122,123,-1,123,122,124,-1,123,124,125,-1,125,124,126,-1,125,126,127,-1,127,126,128,-1,127,128,129,-1,129,128,130,-1,129,130,131,-1,131,130,132,-1,131,132,133,-1,133,132,134,-1,133,134,135,-1,135,134,4,-1,135,4,3,-1,61,63,85,-1,85,63,83,-1,111,43,104,-1,104,43,45,-1,21,23,127,-1,127,23,25,-1,127,25,125,-1,125,25,27,-1,125,27,123,-1,123,27,29,-1,123,29,121,-1,121,29,31,-1,121,31,119,-1,119,31,33,-1,119,33,117,-1,117,33,35,-1,117,35,115,-1,115,35,37,-1,115,37,113,-1,113,37,39,-1,113,39,111,-1,111,39,41,-1,111,41,43,-1,14,3,11,-1,11,3,6,-1,11,6,9,-1,9,6,2,-1,9,2,1,-1,63,65,83,-1,83,65,67,-1,83,67,81,-1,81,67,69,-1,81,69,79,-1,79,69,71,-1,79,71,76,-1,76,71,73,-1,76,73,75,-1,127,129,21,-1,21,129,131,-1,21,131,17,-1,17,131,133,-1,17,133,14,-1,14,133,135,-1,14,135,3,-1,85,87,61,-1,61,87,88,-1,61,88,59,-1,59,88,92,-1,59,92,57,-1,57,92,94,-1,57,94,55,-1,55,94,96,-1,55,96,53,-1,53,96,98,-1,53,98,51,-1,51,98,100,-1,51,100,49,-1,49,100,102,-1,49,102,47,-1,47,102,107,-1,47,107,45,-1,45,107,105,-1,45,105,104,-1,136,137,138,-1,138,137,139,-1,140,136,141,-1,141,136,138,-1,140,141,142,-1,140,142,143,-1,143,142,144,-1,143,144,145,-1,146,145,147,-1,147,145,144,-1,148,146,149,-1,149,146,147,-1,150,151,152,-1,152,151,148,-1,152,148,149,-1,153,151,154,-1,154,151,150,-1,155,156,157,-1,157,156,153,-1,157,153,154,-1,158,159,160,-1,160,159,156,-1,160,156,155,-1,159,158,161,-1,159,161,162,-1,162,161,163,-1,162,163,164,-1,163,165,164,-1,164,165,166,-1,164,166,167,-1,167,166,168,-1,167,168,169,-1,169,168,170,-1,169,170,171,-1,171,170,172,-1,171,172,173,-1,173,172,174,-1,173,174,175,-1,176,175,177,-1,177,175,174,-1,176,177,178,-1,176,178,179,-1,179,178,180,-1,179,180,181,-1,181,180,182,-1,181,182,183,-1,183,182,184,-1,183,184,185,-1,184,186,185,-1,185,186,187,-1,185,187,188,-1,188,187,189,-1,188,189,190,-1,190,189,191,-1,190,191,192,-1,192,191,193,-1,192,193,194,-1,139,137,195,-1,195,137,194,-1,195,194,193,-1,143,145,194,-1,137,136,194,-1,194,136,140,-1,194,140,143,-1,151,153,148,-1,148,153,156,-1,148,156,146,-1,192,162,190,-1,190,162,164,-1,175,176,173,-1,173,176,179,-1,173,179,171,-1,171,179,181,-1,171,181,169,-1,169,181,183,-1,169,183,167,-1,167,183,185,-1,167,185,164,-1,164,185,188,-1,164,188,190,-1,145,146,194,-1,194,146,156,-1,194,156,192,-1,192,156,159,-1,192,159,162,-1,196,197,198,-1,198,197,199,-1,200,201,202,-1,202,201,196,-1,202,196,198,-1,203,201,204,-1,204,201,200,-1,205,206,207,-1,207,206,203,-1,207,203,204,-1,208,206,209,-1,209,206,205,-1,210,211,212,-1,212,211,208,-1,212,208,209,-1,213,211,214,-1,214,211,210,-1,215,216,217,-1,217,216,213,-1,217,213,214,-1,218,216,219,-1,219,216,215,-1,220,221,222,-1,222,221,218,-1,222,218,219,-1,223,221,224,-1,224,221,220,-1,199,197,225,-1,225,197,223,-1,225,223,224,-1,216,218,213,-1,213,218,221,-1,213,221,211,-1,197,196,223,-1,223,196,201,-1,223,201,203,-1,206,208,203,-1,203,208,211,-1,203,211,223,-1,223,211,221,-1,226,227,228,-1,228,227,229,-1,228,229,230,-1,230,229,231,-1,230,231,232,-1,232,231,233,-1,232,233,234,-1,234,233,235,-1,234,235,236,-1,236,235,237,-1,236,237,238,-1,238,237,239,-1,238,239,240,-1,240,239,241,-1,240,241,242,-1,242,241,243,-1,242,243,244,-1,244,243,245,-1,244,245,246,-1,246,245,247,-1,246,247,248,-1,248,247,249,-1,248,249,250,-1,250,249,251,-1,250,251,252,-1,252,251,253,-1,252,253,254,-1,254,253,255,-1,254,255,256,-1,256,255,257,-1,256,257,258,-1,258,257,259,-1,258,259,260,-1,260,259,261,-1,260,261,226,-1,226,261,227,-1,249,247,262,-1,262,247,263,-1,249,262,264,-1,249,264,251,-1,251,264,265,-1,251,265,253,-1,253,265,266,-1,253,266,255,-1,255,266,267,-1,255,267,257,-1,257,267,268,-1,257,268,259,-1,259,268,269,-1,259,269,261,-1,261,269,270,-1,261,270,227,-1,227,270,271,-1,227,271,229,-1,229,271,272,-1,229,272,231,-1,231,272,273,-1,231,273,233,-1,233,273,274,-1,233,274,235,-1,235,274,275,-1,235,275,237,-1,237,275,276,-1,237,276,239,-1,239,276,277,-1,239,277,241,-1,241,277,278,-1,241,278,243,-1,245,243,279,-1,279,243,278,-1,247,245,263,-1,263,245,279,-1,242,244,280,-1,280,244,281,-1,244,246,281,-1,281,246,282,-1,246,248,282,-1,282,248,283,-1,256,284,285,-1,256,285,254,-1,254,285,286,-1,254,286,252,-1,252,286,287,-1,252,287,250,-1,250,287,283,-1,250,283,248,-1,228,288,289,-1,228,289,226,-1,226,289,290,-1,226,290,260,-1,260,290,291,-1,260,291,258,-1,258,291,284,-1,258,284,256,-1,236,292,293,-1,236,293,234,-1,234,293,294,-1,234,294,232,-1,232,294,295,-1,232,295,230,-1,230,295,288,-1,230,288,228,-1,242,280,296,-1,242,296,240,-1,240,296,297,-1,240,297,238,-1,238,297,292,-1,238,292,236,-1,
        ]
    }
}
Shape{
    appearance Appearance {
        material  Material {
            diffuseColor 0.2235294117647059 0.2235294117647059 0.2235294117647059
            specularColor 0.11372549019607843 0.11372549019607843 0.11372549019607843
            ambientIntensity 0.2235
            transparency 0.0
            shininess 0.5
        }
    }
    geometry IndexedFaceSet {
        ccw TRUE
        solid FALSE
        coord DEF co Coordinate {
            point [
                5.5118 0.0798 0.4454, 5.5118 0.0798 0.4268, 5.5118 0.0834 0.4454, 5.5118 0.0833 0.4268, 5.5118 0.0863 0.4272, 5.5118 0.0883 0.4279, 5.5118 0.0899 0.4289, 5.5118 0.0904 0.4293, 5.5118 0.0917 0.4309, 5.5118 0.0925 0.4327, 5.5118 0.0929 0.435, 5.5118 0.093 0.4363, 5.5118 0.0927 0.439, 5.5118 0.0921 0.4409, 5.5118 0.0912 0.4423, 5.5118 0.0904 0.4431, 5.5118 0.0864 0.445, 5.5118 0.0885 0.4443
            ]
        }
        coordIndex [
            0,1,2,-1,2,1,3,-1,2,3,4,-1,4,5,2,-1,2,5,6,-1,2,6,7,-1,7,8,2,-1,2,8,9,-1,2,9,10,-1,10,11,2,-1,2,11,12,-1,2,12,13,-1,13,14,2,-1,2,14,15,-1,2,15,16,-1,16,15,17,-1,
        ]
    }
}
Shape{
    appearance Appearance {
        material  Material {
            diffuseColor 1.0 1.0 1.0
            specularColor 0.5019607843137255 0.5019607843137255 0.5019607843137255
            ambientIntensity 1.0
            transparency 0.0
            shininess 0.5
        }
    }
    geometry IndexedFaceSet {
        ccw TRUE
        solid FALSE
        coord DEF co Coordinate {
            point [
                5.5118 0.1043 0.4334, 5.5118 0.1033 0.4307, 5.5118 0.1124 0.4334, 5.5118 0.1133 0.4307, 5.5118 0.1079 0.4434, 5.5118 0.1067 0.4481, 5.5118 0.0976 0.4241, 5.5118 0.101 0.4241, 5.5118 0.1081 0.4441, 5.5118 0.1083 0.4451, 5.5118 0.11 0.4481, 5.5118 0.1084 0.4451, 5.5118 0.1086 0.444, 5.5118 0.1087 0.4434, 5.5118 0.1192 0.4241, 5.5118 0.1158 0.4241, 5.5118 0.11 0.4481, 5.5118 0.1192 0.4241, 5.5118 0.1067 0.4481, 5.5118 0.0976 0.4241, 5.5118 0.101 0.4241, 5.5118 0.1033 0.4307, 5.5118 0.1133 0.4307, 5.5118 0.1158 0.4241, 5.5118 0.1043 0.4334, 5.5118 0.1124 0.4334, 5.5118 0.1087 0.4434, 5.5118 0.1084 0.4451, 5.5118 0.1086 0.444, 5.5118 0.1083 0.4451, 5.5118 0.1079 0.4434, 5.5118 0.1081 0.4441
            ]
        }
        coordIndex [
            0,1,2,-1,2,1,3,-1,4,5,0,-1,0,5,6,-1,0,6,1,-1,1,6,7,-1,4,8,5,-1,5,8,9,-1,5,9,10,-1,10,9,11,-1,10,11,12,-1,12,13,10,-1,10,13,2,-1,10,2,14,-1,14,2,3,-1,14,3,15,-1,10,14,16,-1,16,14,17,-1,5,10,18,-1,18,10,16,-1,6,5,19,-1,19,5,18,-1,7,6,20,-1,20,6,19,-1,1,7,21,-1,21,7,20,-1,3,1,22,-1,22,1,21,-1,15,3,23,-1,23,3,22,-1,14,15,17,-1,17,15,23,-1,0,2,24,-1,24,2,25,-1,2,13,25,-1,25,13,26,-1,11,27,28,-1,11,28,12,-1,12,28,26,-1,12,26,13,-1,11,9,27,-1,27,9,29,-1,4,30,31,-1,4,31,8,-1,8,31,29,-1,8,29,9,-1,4,0,30,-1,30,0,24,-1,
        ]
    }
}
Shape{
    appearance Appearance {
        material  Material {
            diffuseColor 0.2235294117647059 0.2235294117647059 0.2235294117647059
            specularColor 0.11372549019607843 0.11372549019607843 0.11372549019607843
            ambientIntensity 0.2235
            transparency 0.0
            shininess 0.5
        }
    }
    geometry IndexedFaceSet {
        ccw TRUE
        solid FALSE
        coord DEF co Coordinate {
            point [
                5.5118 0.1084 0.4451, 5.5118 0.1083 0.4451, 5.5118 0.1086 0.444, 5.5118 0.1081 0.4441, 5.5118 0.1087 0.4434, 5.5118 0.1079 0.4434, 5.5118 0.1124 0.4334, 5.5118 0.1043 0.4334
            ]
        }
        coordIndex [
            0,1,2,-1,2,1,3,-1,2,3,4,-1,4,3,5,-1,4,5,6,-1,6,5,7,-1,
        ]
    }
}
Shape{
    appearance Appearance {
        material  Material {
            diffuseColor 1.0 1.0 1.0
            specularColor 0.5019607843137255 0.5019607843137255 0.5019607843137255
            ambientIntensity 1.0
            transparency 0.0
            shininess 0.5
        }
    }
    geometry IndexedFaceSet {
        ccw TRUE
        solid FALSE
        coord DEF co Coordinate {
            point [
                5.5118 -0.0852 0.4196, 5.5118 -0.0831 0.4233, 5.5118 -0.0819 0.4275, 5.5118 -0.1054 0.4276, 5.5118 -0.1057 0.4292, 5.5118 -0.1149 0.4358, 5.5118 -0.1151 0.4244, 5.5118 -0.1176 0.4251, 5.5118 -0.1188 0.4382, 5.5118 -0.0579 0.4442, 5.5118 -0.0632 0.4532, 5.5118 -0.0818 0.4315, 5.5118 -0.0861 0.4413, 5.5118 -0.0818 0.4298, 5.5118 -0.0908 0.4148, 5.5118 -0.0874 0.4172, 5.5118 -0.0883 0.4792, 5.5118 -0.0827 0.4815, 5.5118 -0.0852 0.4915, 5.5118 -0.1047 0.4261, 5.5118 -0.1107 0.4174, 5.5118 -0.1133 0.4206, 5.5118 -0.0522 0.4611, 5.5118 -0.0509 0.4611, 5.5118 -0.0439 0.4703, 5.5118 -0.0475 0.4606, 5.5118 -0.0432 0.4701, 5.5118 -0.0445 0.4595, 5.5118 -0.0381 0.4676, 5.5118 -0.0335 0.4637, 5.5118 -0.0936 0.4258, 5.5118 -0.0945 0.4247, 5.5118 -0.0958 0.4238, 5.5118 -0.0946 0.4133, 5.5118 -0.0973 0.4232, 5.5118 -0.0989 0.4127, 5.5118 -0.099 0.423, 5.5118 -0.0994 0.4128, 5.5118 -0.0993 0.423, 5.5118 -0.1034 0.4133, 5.5118 -0.1009 0.4232, 5.5118 -0.1074 0.415, 5.5118 -0.1024 0.4239, 5.5118 -0.1037 0.4249, 5.5118 -0.0928 0.432, 5.5118 -0.0924 0.4305, 5.5118 -0.0924 0.4289, 5.5118 -0.0928 0.4272, 5.5118 -0.0763 0.4927, 5.5118 -0.1056 0.4308, 5.5118 -0.1051 0.4324, 5.5118 -0.1131 0.4393, 5.5118 -0.1042 0.4338, 5.5118 -0.1103 0.4426, 5.5118 -0.1035 0.4346, 5.5118 -0.1069 0.4451, 5.5118 -0.1022 0.4355, 5.5118 -0.1031 0.4465, 5.5118 -0.1007 0.4361, 5.5118 -0.0989 0.4471, 5.5118 -0.099 0.4363, 5.5118 -0.097 0.447, 5.5118 -0.0976 0.4362, 5.5118 -0.0928 0.446, 5.5118 -0.096 0.4356, 5.5118 -0.0892 0.4441, 5.5118 -0.0946 0.4347, 5.5118 -0.0935 0.4334, 5.5118 -0.0419 0.4576, 5.5118 -0.0403 0.4558, 5.5118 -0.0299 0.4589, 5.5118 -0.0386 0.4529, 5.5118 -0.0278 0.4537, 5.5118 -0.0377 0.4497, 5.5118 -0.027 0.4479, 5.5118 -0.0375 0.4478, 5.5118 -0.0277 0.4421, 5.5118 -0.038 0.4443, 5.5118 -0.0298 0.4366, 5.5118 -0.0392 0.4413, 5.5118 -0.0333 0.4317, 5.5118 -0.0411 0.4387, 5.5118 -0.0377 0.4279, 5.5118 -0.0436 0.4365, 5.5118 -0.0429 0.4253, 5.5118 -0.0466 0.4351, 5.5118 -0.0488 0.424, 5.5118 -0.0498 0.4344, 5.5118 -0.0589 0.424, 5.5118 -0.0575 0.4344, 5.5118 -0.0599 0.4242, 5.5118 -0.1003 0.4667, 5.5118 -0.099 0.466, 5.5118 -0.1043 0.4785, 5.5118 -0.0963 0.4717, 5.5118 -0.1019 0.4815, 5.5118 -0.0924 0.4762, 5.5118 -0.0968 0.486, 5.5118 -0.093 0.4884, 5.5118 -0.077 0.4824, 5.5118 -0.0761 0.4824, 5.5118 -0.0688 0.4918, 5.5118 -0.0701 0.4817, 5.5118 -0.0603 0.4887, 5.5118 -0.0648 0.4795, 5.5118 -0.0531 0.4838, 5.5118 -0.0601 0.4762, 5.5118 -0.0475 0.4773, 5.5118 -0.0562 0.4717, 5.5118 -0.0534 0.4662, 5.5118 -0.1246 0.4558, 5.5118 -0.1359 0.4525, 5.5118 -0.1252 0.4515, 5.5118 -0.1359 0.4512, 5.5118 -0.1249 0.4483, 5.5118 -0.135 0.4442, 5.5118 -0.1235 0.4442, 5.5118 -0.1325 0.4379, 5.5118 -0.1218 0.4414, 5.5118 -0.1287 0.4326, 5.5118 -0.1237 0.4282, 5.5118 -0.1041 0.4681, 5.5118 -0.1063 0.4787, 5.5118 -0.1081 0.4686, 5.5118 -0.1083 0.4788, 5.5118 -0.1104 0.4684, 5.5118 -0.1153 0.4779, 5.5118 -0.1146 0.4673, 5.5118 -0.1216 0.4754, 5.5118 -0.1183 0.4652, 5.5118 -0.127 0.4715, 5.5118 -0.1207 0.463, 5.5118 -0.1279 0.4706, 5.5118 -0.1231 0.4596, 5.5118 -0.1321 0.4651, 5.5118 -0.1348 0.4589, 5.5118 -0.0584 0.4346, 5.5118 -0.0625 0.4258, 5.5118 -0.0621 0.4254, 5.5118 -0.0579 0.4345, 5.5118 -0.061 0.4246, 5.5118 -0.0638 0.4293, 5.5118 -0.0637 0.428, 5.5118 -0.0632 0.4269, 5.5118 -0.0599 0.4344, 5.5118 -0.0611 0.434, 5.5118 -0.0638 0.43, 5.5118 -0.0621 0.4332, 5.5118 -0.0628 0.4325, 5.5118 -0.0635 0.4313, 5.5118 -0.0586 0.4346, 5.5118 -0.027 0.4479, 5.5118 -0.0278 0.4537, 5.5118 -0.0322 0.462, 5.5118 -0.0283 0.455, 5.5118 -0.0299 0.4589, 5.5118 -0.0335 0.4637, 5.5118 -0.0381 0.4676, 5.5118 -0.0432 0.4701, 5.5118 -0.0439 0.4703, 5.5118 -0.0475 0.4773, 5.5118 -0.0531 0.4838, 5.5118 -0.057 0.4864, 5.5118 -0.0603 0.4887, 5.5118 -0.0688 0.4918, 5.5118 -0.0763 0.4927, 5.5118 -0.0968 0.486, 5.5118 -0.0961 0.4864, 5.5118 -0.093 0.4884, 5.5118 -0.0852 0.4915, 5.5118 -0.1019 0.4815, 5.5118 -0.1043 0.4785, 5.5118 -0.1063 0.4787, 5.5118 -0.1083 0.4788, 5.5118 -0.1153 0.4779, 5.5118 -0.1216 0.4754, 5.5118 -0.127 0.4715, 5.5118 -0.1279 0.4706, 5.5118 -0.1359 0.4512, 5.5118 -0.1321 0.4651, 5.5118 -0.1335 0.462, 5.5118 -0.1348 0.4589, 5.5118 -0.1355 0.455, 5.5118 -0.1359 0.4525, 5.5118 -0.135 0.4442, 5.5118 -0.1325 0.4379, 5.5118 -0.1287 0.4326, 5.5118 -0.1237 0.4282, 5.5118 -0.1176 0.4251, 5.5118 -0.1151 0.4244, 5.5118 -0.1149 0.4239, 5.5118 -0.1133 0.4206, 5.5118 -0.1107 0.4174, 5.5118 -0.1074 0.415, 5.5118 -0.1059 0.4144, 5.5118 -0.1034 0.4133, 5.5118 -0.0994 0.4128, 5.5118 -0.0989 0.4127, 5.5118 -0.0818 0.4298, 5.5118 -0.0946 0.4133, 5.5118 -0.0918 0.4144, 5.5118 -0.0908 0.4148, 5.5118 -0.0874 0.4172, 5.5118 -0.0852 0.4196, 5.5118 -0.0831 0.4233, 5.5118 -0.0829 0.4239, 5.5118 -0.0819 0.4275, 5.5118 -0.0818 0.4315, 5.5118 -0.0579 0.4442, 5.5118 -0.0632 0.4532, 5.5118 -0.0861 0.4413, 5.5118 -0.0892 0.4441, 5.5118 -0.0928 0.446, 5.5118 -0.097 0.447, 5.5118 -0.0989 0.4471, 5.5118 -0.1031 0.4465, 5.5118 -0.1069 0.4451, 5.5118 -0.1103 0.4426, 5.5118 -0.1131 0.4393, 5.5118 -0.1149 0.4358, 5.5118 -0.1188 0.4382, 5.5118 -0.1218 0.4414, 5.5118 -0.1235 0.4442, 5.5118 -0.1249 0.4483, 5.5118 -0.1252 0.4515, 5.5118 -0.1247 0.455, 5.5118 -0.1246 0.4558, 5.5118 -0.1231 0.4596, 5.5118 -0.1214 0.462, 5.5118 -0.1207 0.463, 5.5118 -0.1183 0.4652, 5.5118 -0.1146 0.4673, 5.5118 -0.1104 0.4684, 5.5118 -0.1081 0.4686, 5.5118 -0.1041 0.4681, 5.5118 -0.1003 0.4667, 5.5118 -0.099 0.466, 5.5118 -0.0963 0.4717, 5.5118 -0.0924 0.4762, 5.5118 -0.0883 0.4792, 5.5118 -0.0827 0.4815, 5.5118 -0.077 0.4824, 5.5118 -0.0761 0.4824, 5.5118 -0.0522 0.4611, 5.5118 -0.0524 0.462, 5.5118 -0.0534 0.4662, 5.5118 -0.0562 0.4717, 5.5118 -0.0601 0.4762, 5.5118 -0.0648 0.4795, 5.5118 -0.0701 0.4817, 5.5118 -0.0509 0.4611, 5.5118 -0.0475 0.4606, 5.5118 -0.0445 0.4595, 5.5118 -0.0419 0.4576, 5.5118 -0.0403 0.4558, 5.5118 -0.0398 0.455, 5.5118 -0.0386 0.4529, 5.5118 -0.0377 0.4497, 5.5118 -0.0375 0.4478, 5.5118 -0.038 0.4443, 5.5118 -0.0392 0.4413, 5.5118 -0.0411 0.4387, 5.5118 -0.0436 0.4365, 5.5118 -0.0466 0.4351, 5.5118 -0.0498 0.4344, 5.5118 -0.0575 0.4344, 5.5118 -0.0579 0.4345, 5.5118 -0.0584 0.4346, 5.5118 -0.0586 0.4346, 5.5118 -0.0599 0.4344, 5.5118 -0.0611 0.434, 5.5118 -0.0621 0.4332, 5.5118 -0.0628 0.4325, 5.5118 -0.0635 0.4313, 5.5118 -0.0638 0.43, 5.5118 -0.0638 0.4293, 5.5118 -0.0637 0.428, 5.5118 -0.0632 0.4269, 5.5118 -0.0625 0.4258, 5.5118 -0.0621 0.4254, 5.5118 -0.061 0.4246, 5.5118 -0.0599 0.4242, 5.5118 -0.0589 0.424, 5.5118 -0.0488 0.424, 5.5118 -0.0429 0.4253, 5.5118 -0.0377 0.4279, 5.5118 -0.0333 0.4317, 5.5118 -0.0298 0.4366, 5.5118 -0.0277 0.4421, 5.5118 -0.099 0.4363, 5.5118 -0.0976 0.4362, 5.5118 -0.096 0.4356, 5.5118 -0.0946 0.4347, 5.5118 -0.0935 0.4334, 5.5118 -0.0928 0.432, 5.5118 -0.0924 0.4305, 5.5118 -0.0924 0.4289, 5.5118 -0.0928 0.4272, 5.5118 -0.0936 0.4258, 5.5118 -0.0945 0.4247, 5.5118 -0.0958 0.4238, 5.5118 -0.0973 0.4232, 5.5118 -0.099 0.423, 5.5118 -0.0993 0.423, 5.5118 -0.1009 0.4232, 5.5118 -0.1024 0.4239, 5.5118 -0.1037 0.4249, 5.5118 -0.1047 0.4261, 5.5118 -0.1054 0.4276, 5.5118 -0.1057 0.4292, 5.5118 -0.1056 0.4308, 5.5118 -0.1051 0.4324, 5.5118 -0.1042 0.4338, 5.5118 -0.1035 0.4346, 5.5118 -0.1022 0.4355, 5.5118 -0.1007 0.4361
            ]
        }
        coordIndex [
            0,1,2,-1,3,4,5,-1,6,5,7,-1,7,5,8,-1,9,10,11,-1,11,10,12,-1,11,12,13,-1,13,12,14,-1,13,14,2,-1,2,14,15,-1,2,15,0,-1,16,17,18,-1,19,3,20,-1,20,3,5,-1,20,5,21,-1,21,5,6,-1,22,23,24,-1,24,23,25,-1,24,25,26,-1,26,25,27,-1,26,27,28,-1,28,27,29,-1,30,31,14,-1,14,31,32,-1,14,32,33,-1,33,32,34,-1,33,34,35,-1,35,34,36,-1,35,36,37,-1,37,36,38,-1,37,38,39,-1,39,38,40,-1,39,40,41,-1,41,40,42,-1,41,42,20,-1,20,42,43,-1,20,43,19,-1,44,45,12,-1,12,45,46,-1,12,46,14,-1,14,46,47,-1,14,47,30,-1,18,17,48,-1,4,49,5,-1,5,49,50,-1,5,50,51,-1,51,50,52,-1,51,52,53,-1,53,52,54,-1,53,54,55,-1,55,54,56,-1,55,56,57,-1,57,56,58,-1,57,58,59,-1,59,58,60,-1,59,60,61,-1,61,60,62,-1,61,62,63,-1,63,62,64,-1,63,64,65,-1,65,64,66,-1,65,66,12,-1,12,66,67,-1,12,67,44,-1,27,68,29,-1,29,68,69,-1,29,69,70,-1,70,69,71,-1,70,71,72,-1,72,71,73,-1,72,73,74,-1,74,73,75,-1,74,75,76,-1,76,75,77,-1,76,77,78,-1,78,77,79,-1,78,79,80,-1,80,79,81,-1,80,81,82,-1,82,81,83,-1,82,83,84,-1,84,83,85,-1,84,85,86,-1,86,85,87,-1,86,87,88,-1,88,87,89,-1,88,89,90,-1,91,92,93,-1,93,92,94,-1,93,94,95,-1,95,94,96,-1,95,96,97,-1,97,96,16,-1,97,16,98,-1,98,16,18,-1,17,99,48,-1,48,99,100,-1,48,100,101,-1,101,100,102,-1,101,102,103,-1,103,102,104,-1,103,104,105,-1,105,104,106,-1,105,106,107,-1,107,106,108,-1,107,108,24,-1,24,108,109,-1,24,109,22,-1,110,111,112,-1,112,111,113,-1,112,113,114,-1,114,113,115,-1,114,115,116,-1,116,115,117,-1,116,117,118,-1,118,117,119,-1,118,119,8,-1,8,119,120,-1,8,120,7,-1,91,93,121,-1,121,93,122,-1,121,122,123,-1,123,122,124,-1,123,124,125,-1,125,124,126,-1,125,126,127,-1,127,126,128,-1,127,128,129,-1,129,128,130,-1,129,130,131,-1,131,130,132,-1,131,132,133,-1,133,132,134,-1,133,134,110,-1,110,134,135,-1,110,135,111,-1,136,137,138,-1,89,139,90,-1,90,139,136,-1,90,136,140,-1,140,136,138,-1,141,142,136,-1,136,142,143,-1,136,143,137,-1,144,145,146,-1,145,147,146,-1,146,147,148,-1,146,148,149,-1,141,136,146,-1,146,136,150,-1,146,150,144,-1,74,151,152,-1,153,29,70,-1,74,152,72,-1,72,152,154,-1,72,154,70,-1,70,154,155,-1,70,155,153,-1,153,156,29,-1,29,156,157,-1,29,157,28,-1,28,157,158,-1,28,158,26,-1,26,158,159,-1,26,159,24,-1,24,159,160,-1,24,160,107,-1,107,160,161,-1,107,161,105,-1,103,105,162,-1,162,105,161,-1,162,163,103,-1,103,163,164,-1,103,164,101,-1,101,164,165,-1,101,165,48,-1,166,97,167,-1,167,97,98,-1,167,98,168,-1,168,98,18,-1,168,18,169,-1,169,18,48,-1,169,48,165,-1,97,166,170,-1,97,170,95,-1,95,170,171,-1,95,171,93,-1,93,171,172,-1,93,172,122,-1,122,172,173,-1,122,173,124,-1,124,173,174,-1,124,174,126,-1,126,174,175,-1,126,175,128,-1,128,175,176,-1,128,176,130,-1,130,176,177,-1,130,177,132,-1,178,113,111,-1,132,177,179,-1,132,179,134,-1,134,179,180,-1,134,180,135,-1,180,181,135,-1,135,181,182,-1,135,182,111,-1,111,182,183,-1,111,183,178,-1,113,178,184,-1,113,184,115,-1,115,184,185,-1,115,185,117,-1,117,185,186,-1,117,186,119,-1,119,186,187,-1,119,187,120,-1,120,187,188,-1,120,188,7,-1,7,188,189,-1,7,189,6,-1,6,189,190,-1,6,190,21,-1,190,191,21,-1,21,191,192,-1,21,192,20,-1,20,192,193,-1,20,193,41,-1,41,193,194,-1,41,194,39,-1,194,195,39,-1,39,195,196,-1,39,196,37,-1,37,196,197,-1,37,197,35,-1,198,13,2,-1,35,197,199,-1,35,199,33,-1,33,199,200,-1,33,200,14,-1,200,201,14,-1,14,201,202,-1,14,202,15,-1,15,202,203,-1,15,203,0,-1,0,203,204,-1,0,204,1,-1,1,204,205,-1,1,205,2,-1,2,205,206,-1,2,206,198,-1,11,13,207,-1,207,13,198,-1,9,11,208,-1,208,11,207,-1,10,9,209,-1,209,9,208,-1,12,10,210,-1,210,10,209,-1,12,210,211,-1,12,211,65,-1,65,211,212,-1,65,212,63,-1,63,212,213,-1,63,213,61,-1,61,213,214,-1,61,214,59,-1,59,214,215,-1,59,215,57,-1,57,215,216,-1,57,216,55,-1,55,216,217,-1,55,217,53,-1,53,217,218,-1,53,218,51,-1,51,218,219,-1,51,219,5,-1,5,219,220,-1,5,220,8,-1,8,220,221,-1,8,221,118,-1,118,221,222,-1,118,222,116,-1,116,222,223,-1,116,223,114,-1,114,223,224,-1,114,224,112,-1,110,112,225,-1,225,112,224,-1,225,226,110,-1,110,226,227,-1,110,227,133,-1,133,227,228,-1,133,228,131,-1,228,229,131,-1,131,229,230,-1,131,230,129,-1,129,230,231,-1,129,231,127,-1,127,231,232,-1,127,232,125,-1,125,232,233,-1,125,233,123,-1,123,233,234,-1,123,234,121,-1,121,234,235,-1,121,235,91,-1,91,235,236,-1,91,236,92,-1,92,236,237,-1,92,237,94,-1,94,237,238,-1,94,238,96,-1,96,238,239,-1,96,239,16,-1,16,239,240,-1,16,240,17,-1,17,240,241,-1,17,241,99,-1,99,241,242,-1,99,242,100,-1,243,22,244,-1,244,22,109,-1,244,109,245,-1,245,109,108,-1,245,108,246,-1,246,108,106,-1,246,106,247,-1,247,106,104,-1,247,104,248,-1,248,104,102,-1,248,102,249,-1,249,102,100,-1,249,100,242,-1,23,22,250,-1,250,22,243,-1,23,250,251,-1,23,251,25,-1,25,251,252,-1,25,252,27,-1,27,252,253,-1,27,253,68,-1,68,253,254,-1,68,254,69,-1,69,254,255,-1,69,255,71,-1,255,256,71,-1,71,256,257,-1,71,257,73,-1,73,257,258,-1,73,258,75,-1,75,258,259,-1,75,259,77,-1,77,259,260,-1,77,260,79,-1,79,260,261,-1,79,261,81,-1,81,261,262,-1,81,262,83,-1,83,262,263,-1,83,263,85,-1,85,263,264,-1,85,264,87,-1,89,87,265,-1,265,87,264,-1,89,265,266,-1,89,266,139,-1,139,266,267,-1,139,267,136,-1,136,267,268,-1,136,268,150,-1,150,268,269,-1,150,269,144,-1,144,269,270,-1,144,270,145,-1,145,270,271,-1,145,271,147,-1,147,271,272,-1,147,272,148,-1,148,272,273,-1,148,273,149,-1,149,273,274,-1,149,274,146,-1,146,274,275,-1,146,275,141,-1,141,275,276,-1,141,276,142,-1,142,276,277,-1,142,277,143,-1,143,277,278,-1,143,278,137,-1,137,278,279,-1,137,279,138,-1,138,279,280,-1,138,280,140,-1,140,280,281,-1,140,281,90,-1,90,281,282,-1,90,282,88,-1,86,88,283,-1,283,88,282,-1,86,283,284,-1,86,284,84,-1,84,284,285,-1,84,285,82,-1,82,285,286,-1,82,286,80,-1,80,286,287,-1,80,287,78,-1,78,287,288,-1,78,288,76,-1,76,288,151,-1,76,151,74,-1,60,289,290,-1,60,290,62,-1,62,290,291,-1,62,291,64,-1,64,291,292,-1,64,292,66,-1,66,292,293,-1,66,293,67,-1,67,293,294,-1,67,294,44,-1,44,294,295,-1,44,295,45,-1,45,295,296,-1,45,296,46,-1,46,296,297,-1,46,297,47,-1,47,297,298,-1,47,298,30,-1,30,298,299,-1,30,299,31,-1,31,299,300,-1,31,300,32,-1,32,300,301,-1,32,301,34,-1,34,301,302,-1,34,302,36,-1,36,302,303,-1,36,303,38,-1,38,303,304,-1,38,304,40,-1,40,304,305,-1,40,305,42,-1,42,305,306,-1,42,306,43,-1,43,306,307,-1,43,307,19,-1,19,307,308,-1,19,308,3,-1,3,308,309,-1,3,309,4,-1,4,309,310,-1,4,310,49,-1,49,310,311,-1,49,311,50,-1,50,311,312,-1,50,312,52,-1,52,312,313,-1,52,313,54,-1,54,313,314,-1,54,314,56,-1,56,314,315,-1,56,315,58,-1,58,315,289,-1,58,289,60,-1,
        ]
    }
}
Shape{
    appearance Appearance {
        material  Material {
            diffuseColor 0.2235294117647059 0.2235294117647059 0.2235294117647059
            specularColor 0.11372549019607843 0.11372549019607843 0.11372549019607843
            ambientIntensity 0.2235
            transparency 0.0
            shininess 0.5
        }
    }
    geometry IndexedFaceSet {
        ccw TRUE
        solid FALSE
        coord DEF co Coordinate {
            point [
                5.5118 -0.0993 0.423, 5.5118 -0.1035 0.4346, 5.5118 -0.1042 0.4338, 5.5118 -0.0973 0.4232, 5.5118 -0.0958 0.4238, 5.5118 -0.0976 0.4362, 5.5118 -0.099 0.4363, 5.5118 -0.1007 0.4361, 5.5118 -0.1022 0.4355, 5.5118 -0.1054 0.4276, 5.5118 -0.1047 0.4261, 5.5118 -0.1037 0.4249, 5.5118 -0.099 0.423, 5.5118 -0.1051 0.4324, 5.5118 -0.1056 0.4308, 5.5118 -0.1057 0.4292, 5.5118 -0.1024 0.4239, 5.5118 -0.1009 0.4232, 5.5118 -0.0945 0.4247, 5.5118 -0.0936 0.4258, 5.5118 -0.0928 0.4272, 5.5118 -0.0924 0.4289, 5.5118 -0.0924 0.4305, 5.5118 -0.0928 0.432, 5.5118 -0.0935 0.4334, 5.5118 -0.0946 0.4347, 5.5118 -0.096 0.4356
            ]
        }
        coordIndex [
            0,1,2,-1,3,4,5,-1,6,7,0,-1,0,7,8,-1,0,8,1,-1,9,10,2,-1,2,10,11,-1,6,0,5,-1,5,0,12,-1,5,12,3,-1,13,14,2,-1,2,14,15,-1,2,15,9,-1,11,16,2,-1,2,16,17,-1,2,17,0,-1,4,18,5,-1,5,18,19,-1,5,19,20,-1,20,21,5,-1,5,21,22,-1,5,22,23,-1,23,24,5,-1,5,24,25,-1,5,25,26,-1,
        ]
    }
}